artifact_key,feature_set,category,model,balance_method,feature,tp_n,fp_n,tn_n,fn_n,tp_mean,fp_mean,tn_mean,fn_mean,tp_median,fp_median,tn_median,fn_median,tp_vs_tn_smd,tp_vs_fp_smd,fp_vs_tn_smd,monitor_direction,suggested_threshold,tp_trigger_rate,fp_trigger_rate,tn_trigger_rate,group_source,threshold
RFERF_RF_ROSE,RFERF,supervised,RF,ROSE,0,58,263,907,25,-0.20968966338681153,-0.09850450601398057,0.038273176446524566,0.0911709882693368,-0.32063908067177155,-0.0735882750784055,-0.0179317726837895,-0.4965509995113439,-0.2521830919944336,-0.11101413364594226,-0.13914791413569502,low,-2.025014693474767,0.017241379310344827,0.030418250950570342,0.011025358324145534,train_oof,0.20232788980713348
RFERF_RF_ROSE,RFERF,supervised,RF,ROSE,2,58,263,907,25,0.02415213021501333,0.055073116574367066,-0.013731836203188444,-0.11554642467584944,-0.13603606623267728,-0.0945529583060222,0.0668723496040478,-0.1482363840957742,0.03705874794573656,-0.03206554799817232,0.06908620456864233,low,-2.5553411916221265,0.0,0.0,0.015435501653803748,train_oof,0.20232788980713348
RFERF_RF_ROSE,RFERF,supervised,RF,ROSE,8,58,263,907,25,0.06921173077610554,0.2226598793560035,-0.06893901320757645,-0.05007037423067622,0.10882140499224374,0.1623271618490666,-0.1221338239720181,-0.0923331492669525,0.1340671609830342,-0.1806702412208266,0.28939669668800616,high,2.0989646448414585,0.0,0.0076045627376425855,0.011025358324145534,train_oof,0.20232788980713348
RFERF_RF_ROSE,RFERF,supervised,RF,ROSE,9,58,263,907,25,-0.09960071664616474,-0.08395710641372281,0.029894841338070792,0.01974227781291773,-0.11168273587433425,-0.0984609035114316,-0.0059080769711131,-0.0059080769711131,-0.12786119175459346,-0.016651410778122506,-0.11274444157141181,low,-2.2842942297464965,0.0,0.015209125475285171,0.011025358324145534,train_oof,0.20232788980713348
RFERF_RF_ROSE,RFERF,supervised,RF,ROSE,14,58,263,907,25,-0.30319326459273827,-0.07815217094083506,0.051148592477840205,-0.2937227585517982,-0.4004223417923736,-0.2409819431874653,0.0317555225141032,-0.1624731871495302,-0.37802394252476906,-0.19143995473902178,-0.1299531687908315,low,-2.1048275460089148,0.017241379310344827,0.019011406844106463,0.011025358324145534,train_oof,0.20232788980713348
RFERF_RF_ROSE,RFERF,supervised,RF,ROSE,15,58,263,907,25,0.004123003859892438,0.058371419444260074,-0.015169848162346957,-0.07227313998444793,-0.014882073456303699,-0.0323971090864969,-0.0704568369128045,-0.1343990964911632,0.02252954464730497,-0.04132452436056797,0.07149646521716138,high,1.0548377990636557,0.0,0.0076045627376425855,0.011025358324145534,train_oof,0.20232788980713348
RFERF_RF_ROSE,RFERF,supervised,RF,ROSE,16,58,263,907,25,0.1866155348886138,0.1141691761127243,-0.052545088550176186,0.2633666450078352,0.18078674732578093,0.1688267351095921,-0.0574168293133384,0.1576640570411457,0.24746551926855012,0.06609515562459692,0.16771633587036303,high,1.8598847557226261,0.05172413793103448,0.022813688212927757,0.011025358324145534,train_oof,0.20232788980713348
RFERF_RF_ROSE,RFERF,supervised,RF,ROSE,19,58,263,907,25,0.09966997642881271,0.03946041262987239,-0.022323968737550305,0.16719545062043725,0.0274810776995651,-0.000629937536488,0.0834403884031107,0.1186448373903197,0.10883347697198852,0.17574773170636515,0.060034899853552,low,-1.913093238382708,0.0,0.0,0.011025358324145534,train_oof,0.20232788980713348
RFERF_RF_ROSE,RFERF,supervised,RF,ROSE,21,58,263,907,25,0.5741415432784427,0.15704539286440847,-0.08328476306932238,0.041805951040909124,0.32320885567810176,0.1449260107352739,0.1488703214640976,0.2297286914049819,0.7812310909933905,0.27778657328911777,0.2567282884864008,high,1.2540582990590123,0.10344827586206896,0.07224334600760456,0.011025358324145534,train_oof,0.20232788980713348
RFERF_RF_ROSE,RFERF,supervised,RF,ROSE,24,58,263,907,25,-0.0811492743339208,-0.031314840723817544,0.01575174092110554,-0.04227981648902033,0.1260232305935013,0.1616604742103954,0.0571583790491117,0.1302929359378741,-0.09450468205055743,-0.05632020032366778,-0.04630011555655427,high,3.266640929810731,0.0,0.0,0.011025358324145534,train_oof,0.20232788980713348
RFERF_RF_ROSE,RFERF,supervised,RF,ROSE,25,58,263,907,25,-0.34484092834275043,-0.31471325255690474,0.10695207348402187,0.2044048412774463,0.41012689414885717,0.4090027299255162,0.449472641965793,0.4876942255593879,-0.5325012065146019,-0.02108499218105974,-0.44903356106518455,low,-1.3620168291681922,0.15517241379310345,0.11026615969581749,0.011025358324145534,train_oof,0.20232788980713348
RFERF_RF_ROSE,RFERF,supervised,RF,ROSE,28,58,263,907,25,-0.667981956330433,-0.6773423597667378,0.23444803600826578,0.14967735074403657,-0.5500855920466661,-0.6115635651551136,0.132842785371457,0.1814017909017926,-0.9971364518224015,0.009962669709588465,-0.9885659685055678,low,-1.8926829619183871,0.10344827586206896,0.09885931558935361,0.011025358324145534,train_oof,0.20232788980713348
RFERF_RF_ROSE,RFERF,supervised,RF,ROSE,31,58,263,907,25,-0.13728207275255702,0.0623021103879076,-0.0009398468814468514,-0.2850473723064753,-0.42210975833819825,-0.4062925773716831,-0.4678865409001133,-0.4838898063485874,-0.13667303802031838,-0.20437263903073158,0.06260034738953256,high,1.952588749733421,0.0,0.0,0.011025358324145534,train_oof,0.20232788980713348
RFERF_RF_ROSE,RFERF,supervised,RF,ROSE,33,58,263,907,25,0.5090547417317071,0.05990379251794944,-0.046904435744359846,-0.1101184827798606,-0.0618285981470981,-0.1104600893522285,-0.1539064807982051,-0.1572276558073355,0.5416823319578017,0.3627902492615909,0.1176798795696684,high,3.088305898013492,0.05172413793103448,0.0076045627376425855,0.013230429988974642,train_oof,0.20232788980713348
RFERF_RF_ROSE,RFERF,supervised,RF,ROSE,35,58,263,907,25,0.018732894001194638,-0.03610771413597484,0.013176428615375255,-0.14809950215157747,-0.1750404154125366,-0.1597856582794808,-0.1479288802234516,-0.1479288802234516,0.00524035926564768,0.06748093547597309,-0.04845555806029731,low,-0.3208643260162251,0.017241379310344827,0.0038022813688212928,0.013230429988974642,train_oof,0.20232788980713348
RFERF_RF_ROSE,RFERF,supervised,RF,ROSE,37,58,263,907,25,0.32757984214785846,-0.100960964614681,0.018557641630563275,-0.3483535655595667,0.321312045453504,0.0345756136845639,0.0155779163523252,-0.2977230921947715,0.3352854020807292,0.35604663986523827,-0.11885787471535218,high,3.1134905609889807,0.017241379310344827,0.0038022813688212928,0.012127894156560088,train_oof,0.20232788980713348
RFERF_RF_ROSE,RFERF,supervised,RF,ROSE,39,58,263,907,25,0.07991021565007744,-0.07885822016197297,0.02346161767581785,-0.21072750810725988,-0.22036085555578344,-0.2548270228649291,-0.117713952292411,-0.2323864341807839,0.06118864193078932,0.12847166568219254,-0.10171334824764114,low,-1.4917952196302549,0.0,0.015209125475285171,0.011025358324145534,train_oof,0.20232788980713348
RFERF_RF_ROSE,RFERF,supervised,RF,ROSE,41,58,263,907,25,0.08996744879905869,0.13311881465841066,-0.0425160635530636,-0.06858725811628251,0.07739846787931459,-0.0915496493245068,-0.1242932951890429,-0.1615846696458756,0.15810510011884524,-0.03259906848579318,0.1728218241228393,high,1.3050305149982466,0.0,0.015209125475285171,0.011025358324145534,train_oof,0.20232788980713348
RFERF_RF_ROSE,RFERF,supervised,RF,ROSE,43,58,263,907,25,-0.01515093221318214,0.10897928255170734,-0.028212263819604462,-0.08868345055642698,-0.16415878434149273,0.0555763750529936,-0.3857909147868377,-0.5165854611403949,0.012910015884110863,-0.1329922560788712,0.1368824615392191,high,2.3767490568562235,0.0,0.0076045627376425855,0.011025358324145534,train_oof,0.20232788980713348
RFERF_RF_ROSE,RFERF,supervised,RF,ROSE,47,58,263,907,25,-0.048261255061812884,0.10422136813988984,-0.037353911679913594,0.3881335054398095,0.16030215003160195,0.4721371886247744,0.337104998366231,0.8215395486322884,-0.010771315299214993,-0.1621825533426633,0.1413580002821291,low,-1.8667254300697347,0.0,0.0076045627376425855,0.011025358324145534,train_oof,0.20232788980713348
RFERF_RF_ROSE,RFERF,supervised,RF,ROSE,48,58,263,907,25,-0.22366474723170643,0.037147854108028615,-0.006430162430420836,0.3677784609786752,-0.450972370595158,0.093883726338901,-0.0161785995563887,0.233912750255946,-0.22927039630251853,-0.23161561798312771,0.043694965787803644,low,-2.240415373422968,0.0,0.030418250950570342,0.011025358324145534,train_oof,0.20232788980713348
RFERF_RF_ROSE,RFERF,supervised,RF,ROSE,55,58,263,907,25,0.037681481657775066,0.15120944653069876,-0.04387570180961189,-0.04460815986290074,-0.4082087093254787,0.1175925249213401,-0.077148672947852,0.0786442853475016,0.08831290172455113,-0.09110081735923584,0.19911509768892882,low,-2.063508891213612,0.0,0.019011406844106463,0.012127894156560088,train_oof,0.20232788980713348
RFERF_RF_ROSE,RFERF,supervised,RF,ROSE,56,58,263,907,25,0.260609952074816,0.18937189821331118,-0.07484594188117545,0.15275357898739672,0.506794437311762,0.463569310741405,0.2330353023661358,0.3483023065537704,0.31890395649306263,0.09192114811148556,0.2617756955650282,high,1.265251324866367,0.017241379310344827,0.0,0.011025358324145534,train_oof,0.20232788980713348
RFERF_RF_ROSE,RFERF,supervised,RF,ROSE,57,58,263,907,25,-0.2738864383011125,0.048060426111975627,0.003428254534626548,0.014990505551728883,-0.17763363800520426,0.1563718057566331,0.0132266155729998,-0.0583459795188432,-0.27740914019959756,-0.315155851843529,0.044940516011426984,low,-2.3963840858517584,0.034482758620689655,0.019011406844106463,0.012127894156560088,train_oof,0.20232788980713348
RFERF_RF_ROSE,RFERF,supervised,RF,ROSE,58,58,263,907,25,0.16636591003523046,0.3795847939577176,-0.12381725673078542,0.16508491972271602,0.1758648278646339,0.415941331377423,-0.432289656463813,-0.0158424538101859,0.2887163923178493,-0.2442548905986916,0.5109335046844817,high,2.2085282874344343,0.0,0.011406844106463879,0.011025358324145534,train_oof,0.20232788980713348
RFERF_RF_ROSE,RFERF,supervised,RF,ROSE,59,58,263,907,25,0.8395000050617736,0.7344932398307016,-0.2678936497103383,0.012265436331917012,0.606820674964561,0.5849944366768446,-0.2969780256584837,-0.1997474513837377,2.075314366454294,0.06747902099038922,1.1360045321279613,high,2.0997266636054173,0.15517241379310345,0.1520912547528517,0.011025358324145534,train_oof,0.20232788980713348
RFERF_RF_ROSE,RFERF,supervised,RF,ROSE,63,58,263,907,25,0.41408692938646696,0.3577210349792944,-0.12881160833124286,-0.06995899183437918,-0.08807908276093575,0.1300518737373428,-0.1553136451044119,-0.0255875114398073,0.8852150034996107,0.033535487931342575,0.5019985603053911,high,1.2781282898991777,0.1896551724137931,0.11406844106463879,0.011025358324145534,train_oof,0.20232788980713348
RFERF_RF_ROSE,RFERF,supervised,RF,ROSE,64,58,263,907,25,0.6928736747192853,0.2534614346248644,-0.11274641815461119,-0.2768926677931774,0.40767606214465957,-0.0621122452059986,-0.136437749680838,-0.3391086326524878,1.0263478024926684,0.2919663362672603,0.3921960001518537,high,1.7383930783862291,0.27586206896551724,0.17490494296577946,0.011025358324145534,train_oof,0.20232788980713348
RFERF_RF_ROSE,RFERF,supervised,RF,ROSE,65,58,263,907,25,0.5036140226837765,0.3209056822917749,-0.120709918673411,-0.24360818885386182,0.3870849489833478,-0.0498383185005478,-0.1715211135253209,-0.3827022879020223,0.7981905140213539,0.12464513349885753,0.4599440200829192,high,1.4837570182005013,0.25862068965517243,0.16730038022813687,0.011025358324145534,train_oof,0.20232788980713348
RFERF_RF_ROSE,RFERF,supervised,RF,ROSE,67,58,263,907,25,0.26192102663745165,0.13383396190274052,-0.05436306000148299,-0.05702508731583198,-0.0571758336554063,-0.0571721980597191,-0.0573516510628395,-0.0572943540748092,0.5295374136196235,0.06526760595835618,0.21451320128011894,high,-0.0556946803385326,0.06896551724137931,0.026615969581749048,0.011025358324145534,train_oof,0.20232788980713348
RFERF_RF_ROSE,RFERF,supervised,RF,ROSE,75,58,263,907,25,0.0946430209665881,-0.36999495299588203,0.09556535331490149,0.1913404789679848,-0.0537694090751435,-0.2828440707976934,0.1048207413481602,0.3118689932896956,-0.0010366869464628165,0.3420442266976292,-0.5034362099243274,low,-1.718173037767717,0.06896551724137931,0.11787072243346007,0.011025358324145534,train_oof,0.20232788980713348
RFERF_RF_ROSE,RFERF,supervised,RF,ROSE,76,58,263,907,25,-0.3142856497162916,-0.16395190832681064,0.07429200862428152,0.09662552458484296,-0.1868193852615291,-0.2002939478466619,0.1410616376433699,-0.0954917944067399,-0.40304106527258987,-0.13744020782223687,-0.24200583931537703,low,-2.367842028763542,0.05172413793103448,0.022813688212927757,0.011025358324145534,train_oof,0.20232788980713348
RFERF_RF_ROSE,RFERF,supervised,RF,ROSE,79,58,263,907,25,0.5965866960372787,0.5805051385991039,-0.202970593247375,-0.30321735021421653,0.5098975017836549,0.388949691244235,-0.2460263140877193,-0.5699936637468797,0.9916909373676663,0.012761369792200158,0.8441233649305299,high,2.079886473878565,0.15517241379310345,0.16730038022813687,0.011025358324145534,train_oof,0.20232788980713348
RFERF_RF_ROSE,RFERF,supervised,RF,ROSE,81,58,263,907,25,-0.037591024206000745,-0.05116582603745171,0.014068745382850807,0.06813708972368891,-0.04218807638853555,0.0911264369049686,0.0914984089930013,0.5532834163224506,-0.052231191117217954,0.013792708944862706,-0.06632558636894839,low,-2.85814610251613,0.017241379310344827,0.019011406844106463,0.011025358324145534,train_oof,0.20232788980713348
RFERF_RF_ROSE,RFERF,supervised,RF,ROSE,88,58,263,907,25,0.12929510549675763,0.059833285784839714,-0.02634797174799631,0.02649360380808978,0.15991162702370285,0.0676693308915071,0.0264349178448105,-0.071294139662139,0.15732717966858678,0.06911557529665677,0.0861727514522874,high,2.2262140730841558,0.0,0.0038022813688212928,0.011025358324145534,train_oof,0.20232788980713348
RFERF_RF_ROSE,RFERF,supervised,RF,ROSE,90,58,263,907,25,-0.18993492682310606,-0.08937875325273607,0.04047637870304432,-0.07361923491435957,-0.13349934120387447,-0.0497827970348269,0.0370371863285813,-0.1152094003781243,-0.23403260589769667,-0.10321387588755328,-0.13052528134193078,low,-2.189751168597134,0.017241379310344827,0.022813688212927757,0.011025358324145534,train_oof,0.20232788980713348
RFERF_RF_ROSE,RFERF,supervised,RF,ROSE,91,58,263,907,25,0.05568815460292002,0.058241763403521454,-0.023701710933711106,0.12538493704372083,0.1077689672262906,0.0976059077162347,-0.0209631199010839,0.0874428482061788,0.07895802202128527,-0.0026731950563167873,0.08101170921242656,high,2.572604497911797,0.0,0.0038022813688212928,0.011025358324145534,train_oof,0.20232788980713348
RFERF_RF_ROSE,RFERF,supervised,RF,ROSE,92,58,263,907,25,-0.10690521870188982,-0.009972608924976612,0.009160936799180718,0.012748724463219762,-0.14530979947507394,-0.0080002709572512,-0.0568519053429489,-0.2826193279928967,-0.11151862174168398,-0.11413000430158962,-0.018940044631814614,low,-2.204952727242416,0.017241379310344827,0.015209125475285171,0.012127894156560088,train_oof,0.20232788980713348
RFERF_RF_ROSE,RFERF,supervised,RF,ROSE,102,58,263,907,25,-0.20532535618430012,-0.053324315502285315,0.03288064979803501,-0.1763819606910986,-0.4465940926555398,-0.048656986199593,-0.0310065500261438,-0.2187430075073767,-0.23749474953965385,-0.14040168180480808,-0.0881149209222216,low,-2.0617373693346805,0.05172413793103448,0.015209125475285171,0.011025358324145534,train_oof,0.20232788980713348
RFERF_RF_ROSE,RFERF,supervised,RF,ROSE,103,58,263,907,25,1.110840025258156,0.8329212371426694,-0.3075727032149857,-0.24222013500634154,1.1536762212841918,0.8758045812731956,-0.3337543223040816,-0.268372759948553,1.7904949526405374,0.26452372218440784,1.350795602685537,high,1.691112663846634,0.1896551724137931,0.1482889733840304,0.011025358324145534,train_oof,0.20232788980713348
RFERF_RF_ROSE,RFERF,supervised,RF,ROSE,107,58,263,907,25,-0.317889121181236,0.007208320127705739,0.015962262321129517,0.08597572035015771,-0.1126144222013354,0.1502321082150352,0.0069638276876572,0.2111493298565975,-0.33882220469306257,-0.29954590928099417,-0.008824914888722741,low,-2.497275468195145,0.034482758620689655,0.045627376425855515,0.011025358324145534,train_oof,0.20232788980713348
RFERF_RF_ROSE,RFERF,supervised,RF,ROSE,115,58,263,907,25,-0.17872258839277338,-0.05976523311729968,0.03246890219222435,-0.13460511406874245,-0.012297853451642249,0.0571040356434971,0.1009736080484518,0.0558224987071523,-0.21362441061842963,-0.11363797276035871,-0.09229070707402684,low,-2.8073665738282974,0.0,0.011406844106463879,0.011025358324145534,train_oof,0.20232788980713348
RFERF_RF_ROSE,RFERF,supervised,RF,ROSE,122,58,263,907,25,-0.4448792061393387,-0.3232844250770246,0.12836882826173127,-0.2177807292777009,-0.7065574066679046,-0.3143839166494729,0.1365048133999667,-0.0396409066930573,-0.5535733551354193,-0.16578235457858545,-0.45537883928609835,low,-1.6648344373626591,0.017241379310344827,0.026615969581749048,0.014332965821389196,train_oof,0.20232788980713348
RFERF_RF_ROSE,RFERF,supervised,RF,ROSE,124,58,263,907,25,0.36219289351607203,0.20753335597504502,-0.09163571400103027,0.2468247644929023,0.2991009479565267,0.2119739755171568,-0.2236608866797079,0.0377200306384171,0.45669581804003584,0.1628822749581121,0.30318108297043195,high,1.9545134243045847,0.08620689655172414,0.049429657794676805,0.015435501653803748,train_oof,0.20232788980713348
RFERF_RF_ROSE,RFERF,supervised,RF,ROSE,125,58,263,907,25,-0.3994217025019245,-0.41098299775387676,0.15464044856899548,-0.3279242275670404,-0.5811495141803635,-0.540050795708347,-0.0147019595877856,-0.2505728656010983,-0.5460057041262752,0.014748620509882421,-0.5770415419358381,low,-1.348087338884258,0.05172413793103448,0.08745247148288973,0.012127894156560088,train_oof,0.20232788980713348
RFERF_RF_ROSE,RFERF,supervised,RF,ROSE,126,58,263,907,25,0.1868548216304731,-0.015163300590386968,-0.00890824426308734,-0.022799036418992728,0.07307544787422429,-0.0639999994404245,-0.0953315302551998,0.0417439170594482,0.18457018928371768,0.2558380415672096,-0.006211448000833227,high,4.717974891164911,0.0,0.0,0.013230429988974642,train_oof,0.20232788980713348
RFERF_RF_ROSE,RFERF,supervised,RF,ROSE,129,58,263,907,25,0.48776817150876245,0.4950437329060537,-0.1829517738690044,0.2804228297653815,0.460546058970014,0.460546058970014,0.1129306607787282,0.460546058970014,0.6479889806135923,-0.012394429919213638,0.699773766952224,high,1.811658045833748,0.017241379310344827,0.0076045627376425855,0.014332965821389196,train_oof,0.20232788980713348
RFERF_RF_ROSE,RFERF,supervised,RF,ROSE,130,58,263,907,25,0.3421473489159203,0.1861669394861658,-0.08647467316228909,0.3213436186511342,0.3915348680087602,0.1915459018056567,0.0927708636199773,0.2439820331881775,0.40940388737684424,0.20713852773758962,0.27177147513442945,high,1.5731769914892948,0.05172413793103448,0.026615969581749048,0.014332965821389196,train_oof,0.20232788980713348
RFERF_RF_ROSE,RFERF,supervised,RF,ROSE,131,58,263,907,25,0.16420345823913263,-0.09241475625634447,0.018319341996010857,-0.05634101138470132,0.061292721391503505,-0.2218995982549173,-0.0476274015494089,-0.2654676474312823,0.14257029477062735,0.2771656850941569,-0.11065748718436477,high,2.235338375292285,0.034482758620689655,0.011406844106463879,0.011025358324145534,train_oof,0.20232788980713348
RFERF_RF_ROSE,RFERF,supervised,RF,ROSE,132,58,263,907,25,0.25319050113668345,0.23362506013566536,-0.07197601520752639,-0.4498692136092053,0.2915072948730967,0.2438849940864094,-0.2715563791341964,-0.5965085492080532,0.32243420226961444,0.02084151890182054,0.3117715899682325,high,2.176790143663675,0.0,0.0,0.012127894156560088,train_oof,0.20232788980713348
RFERF_RF_ROSE,RFERF,supervised,RF,ROSE,133,58,263,907,25,0.2618127485451229,0.16922988266440744,-0.07165906138938212,0.19733896426840722,0.1222732321194762,0.1355651377430604,-0.0702155112457948,0.4810784689008631,0.3309732997028227,0.10065156104897212,0.24142100981766035,high,2.1469719020373548,0.0,0.0076045627376425855,0.014332965821389196,train_oof,0.20232788980713348
RFERF_RF_ROSE,RFERF,supervised,RF,ROSE,137,58,263,907,25,0.21325221105026967,0.10978882783011505,-0.04783263595808264,0.10205614072474731,0.3615915043656278,0.0698597742040226,-0.1708429734540673,-0.0418271258598693,0.2552773815918609,0.11598116278291347,0.15740100135604687,high,2.4372964628501053,0.017241379310344827,0.0,0.011025358324145534,train_oof,0.20232788980713348
RFERF_RF_ROSE,RFERF,supervised,RF,ROSE,139,58,263,907,25,-0.2323137082790676,-0.11895208881258705,0.042056519753056305,0.3042558673717442,-0.41271972981373684,-0.3850101437666456,-0.267461606788287,-0.0030020069607602,-0.26720161035019274,-0.13331643559669565,-0.16165706358887594,low,-1.1078861938099596,0.017241379310344827,0.0038022813688212928,0.011025358324145534,train_oof,0.20232788980713348
RFERF_RF_ROSE,RFERF,supervised,RF,ROSE,144,58,263,907,25,-0.13457227447324277,-0.21901873789758325,0.08265230835804942,-0.3543675868655884,-0.25627802578517545,-0.3539119618307093,-0.1374900702631093,-0.477581614155052,-0.20703321156413704,0.10222483568952975,-0.30224108858556586,low,-1.1136341628463562,0.0,0.045627376425855515,0.011025358324145534,train_oof,0.20232788980713348
RFERF_RF_ROSE,RFERF,supervised,RF,ROSE,156,58,263,907,25,0.005905134476886388,-0.03600016122528049,0.00833462302594729,0.06264166072221139,-0.12472621185540535,-0.1195642464666502,-0.1207113498863735,-0.0989163849116293,-0.0022044445788520425,0.08053139425689967,-0.04308262731627604,low,-0.4889315476175785,0.017241379310344827,0.0,0.012127894156560088,train_oof,0.20232788980713348
RFERF_RF_ROSE,RFERF,supervised,RF,ROSE,173,58,263,907,25,-0.13268198492575328,-0.11501998922331778,0.03513293933177814,0.2372558935993899,-0.1584708144802052,-0.0493185128534361,0.0739348038160258,0.3152188389909888,-0.16659269978392208,-0.01946626019071311,-0.14915068126207356,low,-2.733733969128998,0.0,0.0,0.014332965821389196,train_oof,0.20232788980713348
RFERF_RF_ROSE,RFERF,supervised,RF,ROSE,182,58,263,907,25,-0.18130579585323373,-0.17001579168257705,0.058822656070837365,0.10277760393782401,-0.3539758087734123,-0.2947863244390721,-0.0012064821407448,0.4202226463197571,-0.2311878064013045,-0.013974002970439856,-0.22612529388329397,low,-1.4922132683165075,0.0,0.015209125475285171,0.011025358324145534,train_oof,0.20232788980713348
RFERF_RF_ROSE,RFERF,supervised,RF,ROSE,183,58,263,907,25,0.11664887277541582,0.0381728835091742,-0.024117300791687522,0.197031367613937,0.34759919540879536,0.3398467134072339,-0.0052118722849156,0.6225928965962652,0.1463959585092001,0.0708650060927599,0.06206125912756456,high,1.9420331531480846,0.017241379310344827,0.0076045627376425855,0.011025358324145534,train_oof,0.20232788980713348
RFERF_RF_ROSE,RFERF,supervised,RF,ROSE,200,58,263,907,25,0.331048060421203,0.004978947462844555,-0.02316779956860682,0.024506436204926096,0.02134483288275095,-0.0417811394895362,-0.0629999537323218,0.0133877775417064,0.389022712897178,0.22701753327845287,0.03019624609299853,high,1.1367754599975073,0.017241379310344827,0.015209125475285171,0.011025358324145534,train_oof,0.20232788980713348
RFERF_RF_ROSE,RFERF,supervised,RF,ROSE,217,58,263,907,25,-0.04322794390691927,0.06524376426499327,-0.026009444775439573,0.3252782769257439,-0.2912052691851356,-0.1349841920173455,-0.2183818552019433,0.067792835299786,-0.018408162968466497,-0.09569427684781048,0.09064865220372922,low,-1.1915766535399994,0.0,0.011406844106463879,0.011025358324145534,train_oof,0.20232788980713348
RFERF_RF_ROSE,RFERF,supervised,RF,ROSE,227,58,263,907,25,0.1432472143162026,0.15295946411488276,-0.0576610518915206,0.1397867700177418,-0.1481667666320204,-0.1391906588810927,-0.2828083828959368,-0.1661189821338761,0.2069680042122993,-0.009606468599357558,0.21348340150783232,high,4.1910632423214516,0.017241379310344827,0.011406844106463879,0.011025358324145534,train_oof,0.20232788980713348
RFERF_RF_ROSE,RFERF,supervised,RF,ROSE,252,58,263,907,25,-0.02625635208616964,-0.02569307584472169,0.009975868048480802,-0.030718598072496123,-0.0287011281440431,-0.0303727381412627,-0.0306549309308141,-0.0300349408611593,-0.031769026151187804,-0.03328679762459505,-0.034442547303522905,high,0.005405192841555104,0.017241379310344827,0.0076045627376425855,0.011025358324145534,train_oof,0.20232788980713348
RFERF_RF_ROSE,RFERF,supervised,RF,ROSE,271,58,263,907,25,0.23296552143623786,0.09200723294877353,-0.03962457145954424,-0.07050784589330668,0.0632088479013114,0.1449223298060221,-0.0811605892464109,-0.0856759809128795,0.2733002191985669,0.14031532106604408,0.13234202090741584,high,2.14180567131077,0.0,0.019011406844106463,0.011025358324145534,train_oof,0.20232788980713348
RFERF_RF_ROSE,RFERF,supervised,RF,ROSE,273,58,263,907,25,0.08182968269607319,0.23741339289076213,-0.07220065340767193,0.10788801026826064,-0.18892444022391258,-0.1090203173426395,-0.1682038627598553,-0.122327110209465,0.16798732164106064,-0.12849059074800687,0.3117739782715172,low,-2.796662974903808,0.0,0.0,0.013230429988974642,train_oof,0.20232788980713348
RFERF_RF_ROSE,RFERF,supervised,RF,ROSE,280,58,263,907,25,-0.18845524440730377,0.015100530055633306,0.012730155771533221,-0.19774722521166452,-0.3087966721704196,-0.2617418217641674,-0.1519471708162455,-0.2146869713579154,-0.2074853175414676,-0.1924076459583057,0.002328017013973101,low,-1.3901171345060976,0.0,0.011406844106463879,0.011025358324145534,train_oof,0.20232788980713348
RFERF_RF_ROSE,RFERF,supervised,RF,ROSE,281,58,263,907,25,-0.1355345548022142,0.06866163701754009,-0.0015538021720786612,-0.3527467286506604,-0.2995154980071485,-0.1971477467696444,-0.1824571169556725,-0.3460462940242044,-0.14000550224425742,-0.18105493389907298,0.06949813529646852,low,-1.2755454752609117,0.05172413793103448,0.015209125475285171,0.011025358324145534,train_oof,0.20232788980713348
RFERF_RF_ROSE,RFERF,supervised,RF,ROSE,282,58,263,907,25,0.17620845983761216,0.41477764167849934,-0.1379447329863918,0.21266617988778902,0.3458754884479731,0.4358817780156345,-0.2241643454807379,0.1958650058351544,0.3968507714309735,-0.17510262975729032,0.5650040739397377,high,1.6005631650215832,0.034482758620689655,0.030418250950570342,0.011025358324145534,train_oof,0.20232788980713348
RFERF_RF_ROSE,RFERF,supervised,RF,ROSE,288,58,263,907,25,0.1554174528200557,0.4429519151833734,-0.14297505631940705,0.1350376054744515,0.2879289776332567,0.3290288088587416,-0.2052689970725611,0.0413299902803478,0.44796731398669043,-0.18874055170153,0.6046030799411789,high,1.600657586975239,0.034482758620689655,0.03802281368821293,0.011025358324145534,train_oof,0.20232788980713348
RFERF_RF_ROSE,RFERF,supervised,RF,ROSE,295,58,263,907,25,0.4752689699880388,0.3567103779172531,-0.1340316145008329,0.02216316364620522,-0.034183389266977754,-0.0676882825396223,-0.2228083970858065,-0.1897737524568924,0.8143584610973704,0.07707072105150051,0.5259461851381864,high,2.5634118749675947,0.1206896551724138,0.08745247148288973,0.011025358324145534,train_oof,0.20232788980713348
RFERF_RF_ROSE,RFERF,supervised,RF,ROSE,310,58,263,907,25,0.15828681587589136,0.028331437068823538,-0.022500748095504414,0.14472109451409673,0.0648005498315571,-0.0445548134740834,-0.0627807073583575,0.0853046804513651,0.17706230673668527,0.13952820919596695,0.050414800032861376,high,2.520739750737417,0.0,0.0038022813688212928,0.016538037486218304,train_oof,0.20232788980713348
RFERF_RF_ROSE,RFERF,supervised,RF,ROSE,316,58,263,907,25,-0.34362593278041276,-0.39068389668140574,0.14005507292964373,-0.16608676439373501,-0.4997403001646723,-0.5164111396707294,-0.0083944328293374,-0.1286414941185905,-0.5039312891615975,0.046385338479509416,-0.5412239466297002,low,-1.6811523875083747,0.05172413793103448,0.06844106463878327,0.011025358324145534,train_oof,0.20232788980713348
RFERF_RF_ROSE,RFERF,supervised,RF,ROSE,333,58,263,907,25,0.3044057606927245,0.12057637889664347,-0.05424115512968418,-0.023199966206596957,-0.03676770116004295,-0.0941504873313159,-0.0785090718353348,0.0205090415163418,0.7273858862070421,0.09660011957479687,0.1818578655389314,high,0.7101088283381014,0.06896551724137931,0.026615969581749048,0.011025358324145534,train_oof,0.20232788980713348
RFERF_RF_ROSE,RFERF,supervised,RF,ROSE,338,58,263,907,25,0.048399424961692854,0.03572333973733539,-0.01360485894166358,-0.01316178382896263,-0.07290364143730704,-0.1129282479554869,-0.0834230310629599,-0.0372236542350171,0.06020723172128156,0.014025214322635853,0.04852469608558568,high,0.5447780481631703,0.017241379310344827,0.019011406844106463,0.011025358324145534,train_oof,0.20232788980713348
RFERF_RF_ROSE,RFERF,supervised,RF,ROSE,344,58,263,907,25,-0.19930064474893064,0.09443627263635604,-0.015293491731928684,0.018372859920063555,-0.15307055614252735,0.0862521622357961,-0.0207885983640466,0.1067406481938169,-0.18540664237976417,-0.27877174598853904,0.10978696131048518,low,-2.072742004772337,0.05172413793103448,0.019011406844106463,0.011025358324145534,train_oof,0.20232788980713348
RFERF_RF_ROSE,RFERF,supervised,RF,ROSE,348,58,263,907,25,0.8052733068255563,0.3137579355237604,-0.14310658181367444,-0.12960666382288596,0.3596818570356326,0.0755893183818809,-0.2247370796235137,-0.249087868650978,1.0509587585200133,0.3327050652833462,0.5499269231647562,high,2.985508607163868,0.05172413793103448,0.022813688212927757,0.011025358324145534,train_oof,0.20232788980713348
RFERF_RF_ROSE,RFERF,supervised,RF,ROSE,377,58,263,907,25,-0.3788572808958958,-0.27246818602233125,0.1048021414589474,-0.0982442174913669,-0.3714959728317686,-0.3714959728317686,0.0554598948876092,-0.1580180389720797,-0.4691857260347248,-0.12978854846473842,-0.37741015762879904,low,-1.6523635759899018,0.05172413793103448,0.049429657794676805,0.019845644983461964,train_oof,0.20232788980713348
RFERF_RF_ROSE,RFERF,supervised,RF,ROSE,405,58,263,907,25,0.04132381133626175,-0.022403364391017,0.006346882356353792,-0.12061027549154721,-0.007339654851612799,-0.0537620403597826,-0.1001844258679525,-0.1837447197826582,0.03495777931631851,0.06374067043826459,-0.029059027530471508,high,2.0445297846094923,0.0,0.0038022813688212928,0.017640573318632856,train_oof,0.20232788980713348
RFERF_RF_ROSE,RFERF,supervised,RF,ROSE,416,58,263,907,25,-0.24637229056228885,0.03635322315037592,0.005925193339579933,-0.12233924305774518,-0.482210068810073,-0.1480384983613979,-0.1530919453867149,-0.1573526948394335,-0.2453212180822523,-0.3180291174998709,0.030004577031990474,low,-2.1572295833095927,0.0,0.0038022813688212928,0.012127894156560088,train_oof,0.20232788980713348
RFERF_RF_ROSE,RFERF,supervised,RF,ROSE,423,58,263,907,25,0.057766311215253247,0.18091444865576636,-0.07153466804786734,0.5413427624082309,-0.27021081631157406,0.0197377703041906,-0.3001033665586309,0.0198201273303816,0.13780889699156537,-0.1119735065684522,0.255038444591389,high,3.514493328181322,0.0,0.011406844106463879,0.011025358324145534,train_oof,0.20232788980713348
RFERF_RF_ROSE,RFERF,supervised,RF,ROSE,425,58,263,907,25,0.15801480502592416,0.24109484778240373,-0.08178545011423163,0.03484614488302611,-0.1522742986350143,-0.1654059942400548,-0.2694681476071089,-0.1856848652842148,0.3252111894457092,-0.054004122388071125,0.3239207301150922,high,1.7077610751441552,0.017241379310344827,0.04182509505703422,0.011025358324145534,train_oof,0.20232788980713348
RFERF_RF_ROSE,RFERF,supervised,RF,ROSE,428,58,263,907,25,-0.05992123054631155,0.01658979832518533,0.0030038690057966936,-0.12828807640799333,-0.06599969927333416,-0.0342633984170032,-0.1739380872951161,-0.1652186629248795,-0.05662390484318375,-0.17979135546739447,0.013156714987238156,high,6.441373360475646,0.0,0.0,0.012127894156560088,train_oof,0.20232788980713348
RFERF_RF_ROSE,RFERF,supervised,RF,ROSE,452,58,263,907,25,-0.3500651234027284,-0.4236363336959947,0.14796779687365297,-0.09600171665316207,-0.45939893499736606,-0.4368475536367138,0.0865847507778358,-0.1256057285623409,-0.5334910545948335,0.06829845980815002,-0.584473839825806,low,-2.016400907965735,0.034482758620689655,0.034220532319391636,0.011025358324145534,train_oof,0.20232788980713348
RFERF_RF_ROSE,RFERF,supervised,RF,ROSE,460,58,263,907,25,0.29748649793667603,0.14995584681322047,-0.06027601847898327,-0.09200068865073796,0.0850630133819664,-0.0656623179701904,-0.2748456545815676,-0.2756105881446369,0.37054918711451834,0.13467593996295615,0.2113424694352361,high,2.9030963804853718,0.034482758620689655,0.015209125475285171,0.011025358324145534,train_oof,0.20232788980713348
RFERF_RF_ROSE,RFERF,supervised,RF,ROSE,468,58,263,907,25,-0.25623677377138737,-0.460769913801807,0.1463369195088472,0.14233192540767092,-0.5659280297636253,-0.7450965108472175,-0.1048129105025098,-0.2529996158133769,-0.40121789827964405,0.2510231812029674,-0.6298429013182955,low,-0.9802319324172032,0.017241379310344827,0.07984790874524715,0.18081587651598677,train_oof,0.20232788980713348
RFERF_RF_ROSE,RFERF,supervised,RF,ROSE,477,58,263,907,25,0.34754027387074904,0.18803159796509025,-0.07459026212262383,-0.08889011126278841,0.052211176740999496,-0.0614956673154551,-0.1152107822120572,-0.1131200477350504,0.7486416512906192,0.08461616168541207,0.2823692777052844,high,0.679287550279064,0.034482758620689655,0.03802281368821293,0.011025358324145534,train_oof,0.20232788980713348
RFERF_RF_ROSE,RFERF,supervised,RF,ROSE,480,58,263,907,25,-0.0447730927868728,0.21659335563401252,-0.05671955711651565,-0.112280970740693,-0.2834989313215655,-0.0275688820768546,-0.1610624345547347,-0.2801899865522186,0.012281593331667328,-0.2485007223986037,0.2742519235987012,low,-1.717148879887279,0.0,0.0038022813688212928,0.011025358324145534,train_oof,0.20232788980713348
RFERF_RF_ROSE,RFERF,supervised,RF,ROSE,484,58,263,907,25,-0.24934672236534589,0.10637063271243523,-0.015504624164299229,-0.01915339360768417,-0.44432653545030276,-0.3409457547230964,-0.3403987614537753,-0.2629980298767161,-0.2517978411922997,-0.31076897871694775,0.12170438623701313,low,-1.0153846670981137,0.27586206896551724,0.20912547528517111,0.11466372657111357,train_oof,0.20232788980713348
RFERF_RF_ROSE,RFERF,supervised,RF,ROSE,486,58,263,907,25,0.043748658855285054,-0.035478766191656255,-0.00711353870792446,0.44749050189875633,-0.1650542093836208,-0.2550711922323425,-0.1366130622708667,0.4596704295268876,0.049914389669065015,0.08866173166326967,-0.02839679657263377,low,-1.0674901188596386,0.1724137931034483,0.20532319391634982,0.35832414553472985,train_oof,0.20232788980713348
RFERF_RF_ROSE,RFERF,supervised,RF,ROSE,488,58,263,907,25,-0.1871698651691818,0.023696756039328814,0.006528987203510715,-0.197292667056509,-0.1549038784922443,-0.0033102708857174,-0.0005018833715307,-0.7841681749115248,-0.19606979647382794,-0.21401904415326897,0.0173397539404855,low,-1.395282106447686,0.1896551724137931,0.13688212927756654,0.14112458654906285,train_oof,0.20232788980713348
RFERF_RF_ROSE,RFERF,supervised,RF,ROSE,489,58,263,907,25,0.015289244530288647,-0.010656650198867012,-0.0045556203742522046,0.24493422639598234,-0.2427003590600163,-0.2375474993957608,-0.2148774009271079,-0.176616314512064,0.01981055782496711,0.02734854095883424,-0.006169248255377538,low,-1.2020520219895654,0.05172413793103448,0.09125475285171103,0.14002205071664828,train_oof,0.20232788980713348
RFERF_RF_ROSE,RFERF,supervised,RF,ROSE,490,58,263,907,25,0.01932406421524017,0.1271400347405989,-0.027964870374277785,-0.3677794972716644,0.0416660914737097,-0.0480450522407358,-0.1856269509856878,-0.7220861025253149,0.0477065537009079,-0.10833896410476998,0.15479241814429368,high,2.90334507213939,0.017241379310344827,0.0038022813688212928,0.011025358324145534,train_oof,0.20232788980713348
RFERF_RF_ROSE,RFERF,supervised,RF,ROSE,510,58,263,907,25,0.9061877223165584,0.6540716913385093,-0.24347000593061668,-0.18702840107210383,0.3464179522601025,0.2459370924286385,-0.3346831632516883,-0.3842925959965427,1.714786009837823,0.1636748982036368,1.0430875169887466,high,1.7122178561814627,0.1896551724137931,0.12167300380228137,0.011025358324145534,train_oof,0.20232788980713348
RFERF_RF_ROSE,RFERF,supervised,RF,ROSE,525,58,263,907,25,-0.05748826204333752,0.1633579362517494,-0.04233177548323718,-0.05212579717670275,-0.15382559360170575,-0.0843085587213253,-0.1051163786855209,-0.1782590185596625,-0.02354854337250194,-0.13557102562297027,0.2033739317756109,low,-1.1737191376467537,0.0,0.0038022813688212928,0.011025358324145534,train_oof,0.20232788980713348
RFERF_RF_ROSE,RFERF,supervised,RF,ROSE,551,58,263,907,25,0.35982637688152586,0.06550513125956436,-0.046387784028358615,-0.1177916508032307,0.00972901337675525,-0.0476735569507304,-0.0542745109900623,-0.1664907296587043,0.6560050820750655,0.17007250444928418,0.14186344194118733,high,0.6520275712184497,0.08620689655172414,0.04182509505703422,0.013230429988974642,train_oof,0.20232788980713348
RFERF_RF_ROSE,RFERF,supervised,RF,ROSE,552,58,263,907,25,0.16359525363570143,0.014322196364857983,0.04409487038101781,-0.25727570466425065,-0.0512340543018348,-0.1837175032328533,-0.1608997289840205,-0.4451749057589693,0.1223437440855353,0.17308377393353075,-0.0321974408697548,high,3.8998821367101386,0.017241379310344827,0.0038022813688212928,0.011025358324145534,train_oof,0.20232788980713348
RFERF_RF_ROSE,RFERF,supervised,RF,ROSE,563,58,263,907,25,-0.03844942751307467,0.13466745910564745,0.019668842665179705,0.02439080808279136,-0.0501623673492243,0.0618585838818987,-0.0624455620686335,-0.1452448943649783,-0.060964271866452216,-0.22158083693158281,0.12266457307446689,high,2.437564357554304,0.0,0.019011406844106463,0.011025358324145534,train_oof,0.20232788980713348
RFERF_RF_ROSE,RFERF,supervised,RF,ROSE,571,58,263,907,25,-0.05760135737944432,0.18682324820986476,-0.04792118677202927,-0.09316476595825954,0.37750370330049066,0.4171345032488919,-0.045709609909955,0.3615059491928787,-0.00998230712804629,-0.2186888136220149,0.24172741259658848,high,2.0630488911976457,0.0,0.0,0.011025358324145534,train_oof,0.20232788980713348
RFERF_RF_ROSE,RFERF,supervised,RF,ROSE,582,58,263,907,25,0.3338649141434167,0.15142629048724537,-0.06668946520055852,0.07332871811491921,0.34835985431348837,0.1381832218473487,-0.0419681774093758,0.0180822890095212,0.4119818330164329,0.16903692625099934,0.2212490243277336,high,2.089823380461703,0.06896551724137931,0.03802281368821293,0.013230429988974642,train_oof,0.20232788980713348
RFERF_RF_ROSE,RFERF,supervised,RF,ROSE,586,58,263,907,25,0.006554025719303033,-0.12270033480774512,0.02631693806045523,0.3068356261898808,-0.1276828954719891,-0.1977133739347477,-0.0411746573709341,0.2389472564801009,-0.01977464632797342,0.12841796832841218,-0.14846233646692703,low,-1.9021728309201047,0.017241379310344827,0.015209125475285171,0.011025358324145534,train_oof,0.20232788980713348
RFERF_RF_NoResample,RFERF,supervised,RF,NoResample,0,51,218,952,32,-0.16830665525277433,-0.127031136483516,0.03834020347555398,-0.04059644849406753,-0.3167684845819726,-0.1457949124776554,-0.0070540629831626,-0.4593131957509185,-0.20921163582919078,-0.040141220505124225,-0.16831440127825545,low,-2.0168464010369953,0.0196078431372549,0.03669724770642202,0.01050420168067227,train_oof,0.10516617787900674
RFERF_RF_NoResample,RFERF,supervised,RF,NoResample,2,51,218,952,32,-0.05853684301632958,0.04379160671913239,-0.007896130296222955,0.04679818529397963,-0.1441076694935351,-0.10900683806740186,0.06856167636438375,-0.13866465867175135,-0.05036531127124024,-0.10675683069839242,0.051888018097330936,low,-2.5553411916221265,0.0,0.0,0.014705882352941176,train_oof,0.10516617787900674
RFERF_RF_NoResample,RFERF,supervised,RF,NoResample,8,51,218,952,32,0.02944590021854519,0.23075811066618224,-0.05700987902717507,0.039399378690669146,0.0810525944716143,0.175872923078642,-0.0882694208980773,-0.0008992609673167501,0.08425080387435815,-0.22967993005418513,0.2852765117461421,high,2.1159645751845764,0.0,0.0045871559633027525,0.01050420168067227,train_oof,0.10516617787900674
RFERF_RF_NoResample,RFERF,supervised,RF,NoResample,9,51,218,952,32,-0.13838565221509866,-0.13970331638654074,0.0372785977721502,0.055449488837981925,-0.0587954064227237,-0.1844028138702988,0.0271465039361434,-0.029046283606192748,-0.17621185538119472,0.0013332053954187221,-0.17547503830036332,low,-2.2664447560565777,0.0,0.01834862385321101,0.01050420168067227,train_oof,0.10516617787900674
RFERF_RF_NoResample,RFERF,supervised,RF,NoResample,14,51,218,952,32,-0.2992134718122014,-0.12487133518850334,0.05573498265867142,-0.30213722649223435,-0.4807030596202024,-0.2926942974639498,0.013873173430381849,-0.21008109932085306,-0.3765291767800356,-0.14631913989177003,-0.18170447713159638,low,-2.1004500771381673,0.0196078431372549,0.022935779816513763,0.01050420168067227,train_oof,0.10516617787900674
RFERF_RF_NoResample,RFERF,supervised,RF,NoResample,15,51,218,952,32,0.035987686285405496,0.10095494341024346,-0.021444901925253532,-0.1063458211341599,-0.0058543358332612,-0.0071215735532749996,-0.07048878408221615,-0.1419625888494819,0.06935054374518457,-0.044634744968070815,0.11907146909549712,high,0.9808155153471064,0.0,0.01834862385321101,0.01050420168067227,train_oof,0.10516617787900674
RFERF_RF_NoResample,RFERF,supervised,RF,NoResample,16,51,218,952,32,0.1820921865676788,0.10503726016784201,-0.04257355537179923,0.2537864260557457,0.1449067106772109,0.13962437194839175,-0.0432641481908479,0.252546820622921,0.2312583246311119,0.07065447087716041,0.14838228618117189,high,1.8872472703378986,0.0392156862745098,0.013761467889908258,0.01050420168067227,train_oof,0.10516617787900674
RFERF_RF_NoResample,RFERF,supervised,RF,NoResample,19,51,218,952,32,0.15485363009527353,0.018610039148602375,-0.014628928211866605,0.06447530511009744,0.1091869257221089,-0.0156436570122619,0.08238950932886821,-0.025062876012683,0.1538461597737718,0.38524013773536486,0.032290176669973074,high,0.8605654638072767,0.0196078431372549,0.0,0.011554621848739496,train_oof,0.10516617787900674
RFERF_RF_NoResample,RFERF,supervised,RF,NoResample,21,51,218,952,32,0.6137804941447043,0.22508960300649394,-0.08750617146633577,0.09507978389976542,0.2735105404949241,0.16622528867092154,0.1435455019801857,0.23446186427957025,0.838438428354621,0.2426461112049127,0.3348348951663233,high,1.3060127599790854,0.11764705882352941,0.08256880733944955,0.01050420168067227,train_oof,0.10516617787900674
RFERF_RF_NoResample,RFERF,supervised,RF,NoResample,24,51,218,952,32,-0.07515325791598057,-0.08820177236476627,0.026553584328358994,-0.0603386615586845,0.127418282834732,0.11909024369768795,0.07093980422005765,0.11270682283629885,-0.09929845167559184,0.014624552254907339,-0.11297481537522455,high,3.263597179466228,0.0,0.0,0.01050420168067227,train_oof,0.10516617787900674
RFERF_RF_NoResample,RFERF,supervised,RF,NoResample,25,51,218,952,32,-0.4180013165934158,-0.36172013622380483,0.09778459550875145,0.20085669794752617,0.4101268941488571,0.3887677739053772,0.449472641965793,0.46211948947837955,-0.6062496743224728,-0.03724349811313164,-0.4896148786658151,low,-1.3758609115786375,0.1568627450980392,0.11926605504587157,0.01050420168067227,train_oof,0.10516617787900674
RFERF_RF_NoResample,RFERF,supervised,RF,NoResample,28,51,218,952,32,-0.6365046801958667,-0.6846821449838124,0.1930294492093657,-0.07935253151796867,-0.4976916577216879,-0.6261429186451757,0.09886313333117945,-0.12284208028093951,-0.8930233374101985,0.05018513413162751,-0.9362672735593186,low,-2.019802398633449,0.058823529411764705,0.0779816513761468,0.01050420168067227,train_oof,0.10516617787900674
RFERF_RF_NoResample,RFERF,supervised,RF,NoResample,31,51,218,952,32,-0.1243530143413515,0.03375027454159844,0.008587661828234193,-0.2733293998719145,-0.4137359566500432,-0.41466637905983855,-0.46500223142974884,-0.48193591928801793,-0.13266535633907714,-0.16388447638074374,0.024899987599376495,high,1.9517513695646063,0.0,0.0,0.01050420168067227,train_oof,0.10516617787900674
RFERF_RF_NoResample,RFERF,supervised,RF,NoResample,33,51,218,952,32,0.5822926288988791,0.06398709976246238,-0.04279077052114545,-0.09139722259063558,-0.0596935570697993,-0.1130356944613504,-0.1528220154891013,-0.17966253188942394,0.6197061144783352,0.38682648671010406,0.11762788331661496,high,3.088305898013492,0.058823529411764705,0.009174311926605505,0.012605042016806723,train_oof,0.10516617787900674
RFERF_RF_NoResample,RFERF,supervised,RF,NoResample,35,51,218,952,32,0.05238673531622222,-0.053975554678500966,0.014938406361656716,-0.16524072508898374,-0.1750404154125366,-0.1572733226852912,-0.1505315876016079,-0.15351385647240595,0.03514720736124722,0.13931846097389045,-0.06776508866657015,low,-0.3208643260162251,0.0,0.0,0.01365546218487395,train_oof,0.10516617787900674
RFERF_RF_NoResample,RFERF,supervised,RF,NoResample,37,51,218,952,32,0.3553582677413472,-0.15978226231927575,0.026377710557628054,-0.24476499841319013,0.3739582067047443,0.0291017008939173,0.0268477368036215,-0.10790711630731761,0.35122779784246194,0.4270502226318695,-0.18538489150181464,high,3.1134905609889807,0.0196078431372549,0.0,0.012605042016806723,train_oof,0.10516617787900674
RFERF_RF_NoResample,RFERF,supervised,RF,NoResample,39,51,218,952,32,0.11298052057022896,-0.12106068422052611,0.028289080346053135,-0.19985630450183384,-0.2314200930412735,-0.2548270228649291,-0.1191097783828132,-0.13312172490569,0.08746080255527526,0.19988401133236416,-0.14857907420493568,low,-1.462323962299989,0.0,0.022935779816513763,0.011554621848739496,train_oof,0.10516617787900674
RFERF_RF_NoResample,RFERF,supervised,RF,NoResample,41,51,218,952,32,0.17072945084259522,0.133024233930137,-0.0341923365380636,-0.16261785673543805,0.1126433644696137,-0.09427828647988484,-0.12270159018173905,-0.1847780854665885,0.248360274080724,0.02622943317163126,0.16444775924804686,high,1.3064221199474908,0.0,0.013761467889908258,0.011554621848739496,train_oof,0.10516617787900674
RFERF_RF_NoResample,RFERF,supervised,RF,NoResample,43,51,218,952,32,-0.052595105112533784,0.07880284022404599,-0.01481721758626496,-0.012921561610500454,-0.2340814587963567,0.0521441435330252,-0.376651694088461,-0.27960876401677204,-0.03727888003656659,-0.14297483052767807,0.0933184040992416,high,2.3972292707540337,0.0,0.0045871559633027525,0.01050420168067227,train_oof,0.10516617787900674
RFERF_RF_NoResample,RFERF,supervised,RF,NoResample,47,51,218,952,32,0.06298151332775426,-0.028768464133463272,-0.0002082488359197639,0.11537898945920697,0.4195954803529677,0.2638093153270607,0.3870196212244471,0.5774833137097467,0.06283102696611961,0.0950923978133465,-0.028468532264855125,high,1.380825016502361,0.0196078431372549,0.01834862385321101,0.01050420168067227,train_oof,0.10516617787900674
RFERF_RF_NoResample,RFERF,supervised,RF,NoResample,48,51,218,952,32,-0.17165183837620943,-0.08303077675185605,0.023149619367567674,0.15550468569420586,-0.4051038464813475,-0.058328951389802694,0.01974160050957715,0.0972035230178227,-0.20293450134257116,-0.07883658526357311,-0.10653932058420479,low,-2.228095607947477,0.0,0.03669724770642202,0.01050420168067227,train_oof,0.10516617787900674
RFERF_RF_NoResample,RFERF,supervised,RF,NoResample,55,51,218,952,32,-0.07867605489192414,0.26159381435488954,-0.059931332597804754,0.1588375230958302,-0.7392687457031054,0.3123337227905322,-0.077148672947852,0.1175925249213401,-0.020407177934242852,-0.27113092744011685,0.32972611417929226,low,-2.063508891213612,0.0,0.022935779816513763,0.011554621848739496,train_oof,0.10516617787900674
RFERF_RF_NoResample,RFERF,supervised,RF,NoResample,56,51,218,952,32,0.269762534092588,0.1796978755430742,-0.06014138332407087,0.1617602330094456,0.5932446904524759,0.463569310741405,0.2618520534130405,0.25464786565131436,0.3138113798942907,0.11868858619698777,0.23722109750630654,high,1.2263487109530518,0.0196078431372549,0.0,0.01050420168067227,train_oof,0.10516617787900674
RFERF_RF_NoResample,RFERF,supervised,RF,NoResample,57,51,218,952,32,-0.3015992438832071,-0.008770466404774017,0.01855176534306367,-0.004034042019616935,-0.2253487013997487,0.0728704448161804,0.037084147270272,-0.0243685889359746,-0.3275114535951984,-0.26843200106200366,-0.02750772154502223,low,-2.3963840858517584,0.0392156862745098,0.022935779816513763,0.011554621848739496,train_oof,0.10516617787900674
RFERF_RF_NoResample,RFERF,supervised,RF,NoResample,58,51,218,952,32,0.13759276783072888,0.3233373792526584,-0.08714180642964513,0.211222331742003,0.0867946754557125,0.3215623619375083,-0.39630767436484565,0.23190234096958884,0.222875392018476,-0.2057230474099824,0.41267586081082597,high,2.186231255904258,0.0,0.013761467889908258,0.01050420168067227,train_oof,0.10516617787900674
RFERF_RF_NoResample,RFERF,supervised,RF,NoResample,59,51,218,952,32,0.8263055893270912,0.7366666556909939,-0.2210096104542426,0.21425159831872292,0.5913549367439842,0.652215199329083,-0.2892502206406054,-0.0319436852812387,1.7539132185862578,0.054273946282261905,1.0610115788933288,high,2.3147089325466843,0.0784313725490196,0.10550458715596331,0.01050420168067227,train_oof,0.10516617787900674
RFERF_RF_NoResample,RFERF,supervised,RF,NoResample,63,51,218,952,32,0.48420643653077383,0.39270838201178365,-0.11382555024732322,-0.07582691107855807,-0.039989683617217,0.11790795149894409,-0.14289660119197364,-0.08295638599663045,0.9914903441367318,0.04999551420173605,0.5219819607526642,high,1.2740986127513718,0.21568627450980393,0.13761467889908258,0.01050420168067227,train_oof,0.10516617787900674
RFERF_RF_NoResample,RFERF,supervised,RF,NoResample,64,51,218,952,32,0.7731949113783679,0.4035699484176158,-0.12980976125518195,-0.1927682512939891,0.4129299665275699,0.03378672379094575,-0.1436289045215398,-0.4413569146681613,1.1761793627604333,0.23170425398820169,0.577828876135406,high,1.486657219788636,0.3333333333333333,0.26605504587155965,0.01050420168067227,train_oof,0.10516617787900674
RFERF_RF_NoResample,RFERF,supervised,RF,NoResample,65,51,218,952,32,0.5886129969373748,0.5015165404506287,-0.14119360043307144,-0.2156204452966758,0.3924581330782618,0.0712292264370213,-0.16989411885027045,-0.5190553794505683,1.1148227280371605,0.05048329351229878,0.6800502023258759,high,1.2969819944497316,0.35294117647058826,0.24770642201834864,0.01050420168067227,train_oof,0.10516617787900674
RFERF_RF_NoResample,RFERF,supervised,RF,NoResample,67,51,218,952,32,0.30565171999216423,0.1368583612085337,-0.04615975439536204,-0.0569514174226243,-0.0571945933291523,-0.05720317333497405,-0.05732911036957885,-0.057044225091529455,0.526185023823502,0.08225589244205726,0.20846180797254535,high,-0.05571316952395945,0.058823529411764705,0.03669724770642202,0.01050420168067227,train_oof,0.10516617787900674
RFERF_RF_NoResample,RFERF,supervised,RF,NoResample,75,51,218,952,32,0.04720656360723239,-0.41859950282416575,0.08468885969996516,0.24578976394665242,-0.1286592023305925,-0.34231537720643235,0.08940225450145005,0.39556935045755043,-0.04231097414423339,0.3233851150515729,-0.544435358630662,low,-1.883503269584011,0.058823529411764705,0.10550458715596331,0.01050420168067227,train_oof,0.10516617787900674
RFERF_RF_NoResample,RFERF,supervised,RF,NoResample,76,51,218,952,32,-0.3734963863047966,-0.21040330366996238,0.07366745812218903,0.10110581664439969,-0.1733448226763963,-0.28263849697802934,0.13806729040222931,-0.1239380931975759,-0.4635138524887904,-0.14749497204896073,-0.28890638105900296,low,-2.301127972230929,0.058823529411764705,0.03211009174311927,0.01050420168067227,train_oof,0.10516617787900674
RFERF_RF_NoResample,RFERF,supervised,RF,NoResample,79,51,218,952,32,0.5731664194817969,0.6474895064340042,-0.18127540864119504,-0.06905914933640298,0.5055779371215329,0.42566599087227325,-0.237387184763475,-0.26330457273620783,0.9162901898991487,-0.05694821921188092,0.8914511466379377,high,2.2753899704862164,0.13725490196078433,0.14678899082568808,0.01050420168067227,train_oof,0.10516617787900674
RFERF_RF_NoResample,RFERF,supervised,RF,NoResample,81,51,218,952,32,0.028738730030361734,-0.05697362077827382,0.0123151146471214,-0.06070398101263343,0.1266769737832367,0.1266769737832367,0.08119384045593026,-0.009600084250123448,0.0168046032951345,0.08127510839555509,-0.07044705441629089,high,2.3658867899557334,0.0,0.0045871559633027525,0.01050420168067227,train_oof,0.10516617787900674
RFERF_RF_NoResample,RFERF,supervised,RF,NoResample,88,51,218,952,32,0.13599422022358837,0.035612701542310866,-0.01672796759479368,0.038304718206599364,0.4179605790297466,0.0580350519194613,0.0271186469362466,-0.07280172939194846,0.15228206140086617,0.10301374306061063,0.05231248438793579,high,2.2228689731771114,0.0,0.0045871559633027525,0.01050420168067227,train_oof,0.10516617787900674
RFERF_RF_NoResample,RFERF,supervised,RF,NoResample,90,51,218,952,32,-0.25851028619823657,-0.10320800217330565,0.037505050264676716,0.010228686484716462,-0.1830780542350153,-0.071812000519382,0.037910504719571955,-0.01911674771040295,-0.3008964772997335,-0.15905835209961489,-0.14144377977610598,low,-2.1029020459747345,0.0196078431372549,0.027522935779816515,0.01050420168067227,train_oof,0.10516617787900674
RFERF_RF_NoResample,RFERF,supervised,RF,NoResample,91,51,218,952,32,0.09231403141361312,0.10686765613824287,-0.030963253235175184,0.051766274717753524,0.161971951279922,0.17100578195552718,-0.0209631199010839,0.03323986415254745,0.12351653864164112,-0.01502327611106136,0.13637787103759497,high,2.54516423723465,0.0,0.0045871559633027525,0.01050420168067227,train_oof,0.10516617787900674
RFERF_RF_NoResample,RFERF,supervised,RF,NoResample,92,51,218,952,32,-0.08877058185008813,0.038609385512101455,-0.002868353479044174,-0.042327653086706926,-0.160566413754832,-0.0080002709572512,-0.0690267280762835,-0.16056641375483205,-0.08355321698148306,-0.1411813273091203,0.041062237797079224,low,-2.204952727242416,0.0196078431372549,0.01834862385321101,0.011554621848739496,train_oof,0.10516617787900674
RFERF_RF_NoResample,RFERF,supervised,RF,NoResample,102,51,218,952,32,-0.20971328347568355,-0.11698434191190728,0.04338344635137868,-0.17572006933459422,-0.448198677762217,-0.0887716138665231,-0.0310065500261438,-0.19306964580054145,-0.2565441869511481,-0.08256268870983943,-0.16414472621164647,low,-2.039722461671069,0.058823529411764705,0.022935779816513763,0.01050420168067227,train_oof,0.10516617787900674
RFERF_RF_NoResample,RFERF,supervised,RF,NoResample,103,51,218,952,32,1.1001530795519698,0.8960488723695184,-0.2681184985546481,0.07079409477075112,1.170021611873074,0.9738769248064886,-0.301063541126317,-0.023191901115321198,1.7227932156234498,0.19157768456170726,1.3587541805961816,high,1.79049263862704,0.19607843137254902,0.13761467889908258,0.01050420168067227,train_oof,0.10516617787900674
RFERF_RF_NoResample,RFERF,supervised,RF,NoResample,107,51,218,952,32,-0.2187439898978554,-0.012001651187327966,0.01994739503958885,-0.16038226671772254,-0.0460567170744432,0.07408558116308231,0.0069638276876572,0.0069638276876572,-0.24593916100996857,-0.18108329444294693,-0.03221039189459775,low,-2.506943256889,0.0196078431372549,0.05045871559633028,0.01050420168067227,train_oof,0.10516617787900674
RFERF_RF_NoResample,RFERF,supervised,RF,NoResample,115,51,218,952,32,-0.29119148994262345,-0.09935065881021117,0.037173825209163555,0.034991500267949255,-0.121814924343019,0.02005326496944625,0.0984279630780968,0.1276213744880319,-0.32980923736874457,-0.18580347276261508,-0.13670034245207982,low,-2.881650154935135,0.0,0.0045871559633027525,0.01050420168067227,train_oof,0.10516617787900674
RFERF_RF_NoResample,RFERF,supervised,RF,NoResample,122,51,218,952,32,-0.5154233345136904,-0.2808337063414763,0.0972988145174103,-0.15502881649456102,-0.7763509938745743,-0.3021977347562447,0.050093705429804,-0.028008642158612353,-0.5945916882210721,-0.31451148775336196,-0.37858757949303734,low,-1.6648344373626591,0.0196078431372549,0.027522935779816515,0.014705882352941176,train_oof,0.10516617787900674
RFERF_RF_NoResample,RFERF,supervised,RF,NoResample,124,51,218,952,32,0.4357707086457371,0.2545765156692181,-0.08826680713591087,0.154796899853817,0.2991009479565267,0.2119739755171568,-0.2236608866797079,-0.049406941800960495,0.5319177014859281,0.179553204276391,0.34783914532944293,high,1.9545134243045847,0.13725490196078433,0.06880733944954129,0.012605042016806723,train_oof,0.10516617787900674
RFERF_RF_NoResample,RFERF,supervised,RF,NoResample,125,51,218,952,32,-0.43432933525015144,-0.38080610539487997,0.12099379140640032,-0.28793026051655957,-0.6579862487150034,-0.49537827563006775,-0.0826041901067694,-0.23449075837291805,-0.5454833664262256,-0.0656999242843039,-0.5073030763912437,low,-1.5678761376693908,0.0784313725490196,0.05045871559633028,0.011554621848739496,train_oof,0.10516617787900674
RFERF_RF_NoResample,RFERF,supervised,RF,NoResample,126,51,218,952,32,0.1391941930495263,-0.040977054593776256,-0.0032927811979503894,0.09902187183021191,0.0299945930039064,-0.0639999994404245,-0.0639999994404245,0.055451461790912454,0.13623695617589157,0.2339406778408517,-0.03742540406925142,high,4.717974891164911,0.0,0.0,0.012605042016806723,train_oof,0.10516617787900674
RFERF_RF_NoResample,RFERF,supervised,RF,NoResample,129,51,218,952,32,0.5272940805661801,0.46607886151208183,-0.14427095478416885,0.26278520571148667,0.460546058970014,0.460546058970014,0.1516271611879976,0.460546058970014,0.6512731486609269,0.1029801888711048,0.6221618244260344,high,1.811658045833748,0.0196078431372549,0.009174311926605505,0.01365546218487395,train_oof,0.10516617787900674
RFERF_RF_NoResample,RFERF,supervised,RF,NoResample,130,51,218,952,32,0.4440905528144059,0.16154033521687486,-0.0679479165447619,0.16342245343334472,0.4012904273357412,0.18118062002073948,0.1049653127787032,0.08667363904061445,0.4930727868689504,0.37674887363038145,0.2281922675894903,high,1.5731769914892948,0.058823529411764705,0.03211009174311927,0.01365546218487395,train_oof,0.10516617787900674
RFERF_RF_NoResample,RFERF,supervised,RF,NoResample,131,51,218,952,32,0.15483588579959082,-0.1989884760302127,0.037489548392384026,0.006832659921032158,0.083076745979686,-0.3090356966076473,-0.0040593523730439,-0.004059352373043949,0.11324418866828366,0.41479522591555607,-0.23706753455733418,high,2.2614792047981296,0.0392156862745098,0.0045871559633027525,0.012605042016806723,train_oof,0.10516617787900674
RFERF_RF_NoResample,RFERF,supervised,RF,NoResample,132,51,218,952,32,0.10268423143092331,0.15529779587827336,-0.039594300923329884,-0.05620553366498682,0.2401499116717677,0.2420174528790927,-0.2454108022316965,-0.2454108022316965,0.14096144924625123,-0.052787838921838456,0.1977462087028928,high,2.176790143663675,0.0,0.0,0.011554621848739496,train_oof,0.10516617787900674
RFERF_RF_NoResample,RFERF,supervised,RF,NoResample,133,51,218,952,32,0.2989666294604072,0.1531323637142718,-0.05658630759363621,0.15222860687020429,0.1222732321194762,0.207161560580143,-0.048614907786318245,0.1355651377430604,0.3528294092533529,0.154463670390587,0.20981870672899136,high,2.1469719020373548,0.0,0.0,0.015756302521008403,train_oof,0.10516617787900674
RFERF_RF_NoResample,RFERF,supervised,RF,NoResample,137,51,218,952,32,0.312563658430878,0.16035058161641522,-0.051960258284705046,-0.031897338154389145,0.3779592912063781,0.11992594571690521,-0.17758265038849386,-0.11788836896928735,0.3602819624368812,0.16672037684216084,0.21227959033413973,high,2.3281136965124123,0.0196078431372549,0.009174311926605505,0.01050420168067227,train_oof,0.10516617787900674
RFERF_RF_NoResample,RFERF,supervised,RF,NoResample,139,51,218,952,32,-0.23208082133776267,-0.115469958685272,0.033648440180358175,0.18651010913542437,-0.387469123908896,-0.40668557083928686,-0.269003112466586,-0.17886217500123275,-0.2605714593997899,-0.14151361256331502,-0.14963239620439056,low,-1.1058202047538876,0.0196078431372549,0.0045871559633027525,0.01050420168067227,train_oof,0.10516617787900674
RFERF_RF_NoResample,RFERF,supervised,RF,NoResample,144,51,218,952,32,-0.20800346851821702,-0.17681236193649405,0.058727742138489615,-0.18925639677058498,-0.231869541773792,-0.35065749729585804,-0.1565365711373263,-0.440155272004264,-0.26133018284124904,-0.037970650070775096,-0.2351065555358199,low,-1.13399083851185,0.0,0.03669724770642202,0.01050420168067227,train_oof,0.10516617787900674
RFERF_RF_NoResample,RFERF,supervised,RF,NoResample,156,51,218,952,32,0.02643277897304504,-0.018366572300961958,0.002201022525099935,0.01751461219029367,-0.1379179011822242,-0.12128490159623526,-0.1207113498863735,-0.1012105917510761,0.022378216640894996,0.07851874114102941,-0.01998406876105771,low,-0.4889315476175785,0.0196078431372549,0.0,0.011554621848739496,train_oof,0.10516617787900674
RFERF_RF_NoResample,RFERF,supervised,RF,NoResample,173,51,218,952,32,-0.10285526422830713,-0.11074872483521075,0.027057290779691316,0.10879564656046004,-0.1516814368670571,-0.0702089055092771,0.0781128823471935,0.2436692441447333,-0.12931263384107086,0.008224883719221103,-0.13681522824591458,low,-2.733733969128998,0.0,0.0,0.01365546218487395,train_oof,0.10516617787900674
RFERF_RF_NoResample,RFERF,supervised,RF,NoResample,182,51,218,952,32,-0.16396595827893828,-0.036079405846720265,0.017335405796551188,0.012998994099496806,-0.3681812850136541,-0.2083696773109354,-0.0674987045952056,0.24502177269011033,-0.1856593084506702,-0.11989920964056308,-0.052558550689669276,low,-1.5210030334967306,0.0,0.0045871559633027525,0.01050420168067227,train_oof,0.10516617787900674
RFERF_RF_NoResample,RFERF,supervised,RF,NoResample,183,51,218,952,32,0.16769457608583735,0.003187365593511658,-0.01316152222114843,0.09809360721702612,0.4657879776212821,0.0352326800439862,0.01972771604086285,0.44026329631425387,0.19193464976203295,0.13952531289449868,0.016283658330328264,high,1.8876721642601564,0.0,0.013761467889908258,0.01050420168067227,train_oof,0.10516617787900674
RFERF_RF_NoResample,RFERF,supervised,RF,NoResample,200,51,218,952,32,0.3815134018949763,0.07008169947478336,-0.036745316713761605,0.011133278528410444,0.0802270424064812,-0.055042898391277253,-0.0587561908837647,0.0049002518445922,0.5935734089005209,0.16482877952212394,0.11471092753608363,high,1.1277044169087176,0.0196078431372549,0.01834862385321101,0.01050420168067227,train_oof,0.10516617787900674
RFERF_RF_NoResample,RFERF,supervised,RF,NoResample,217,51,218,952,32,-0.02077504197778453,-0.001666174525469905,-0.00637419155785506,0.20888322866904036,-0.2487876257157356,-0.13394961534736016,-0.2198194789561454,0.00985654178060565,-0.013868778181022641,-0.02454965659880815,0.00467348343375164,low,-1.1859899395220783,0.0,0.013761467889908258,0.01050420168067227,train_oof,0.10516617787900674
RFERF_RF_NoResample,RFERF,supervised,RF,NoResample,227,51,218,952,32,0.12146847012133831,0.20004856937530063,-0.05848825958740604,0.17525361576859505,-0.1481667666320204,-0.1032862278773819,-0.2828083828959368,-0.1885592515111955,0.18390088617736391,-0.07982539642859816,0.26237570920836906,high,4.655935862742024,0.0,0.0045871559633027525,0.01050420168067227,train_oof,0.10516617787900674
RFERF_RF_NoResample,RFERF,supervised,RF,NoResample,252,51,218,952,32,-0.026595394263969743,-0.026345920876107227,0.00843933206281687,-0.029202133292118296,-0.0287935706095858,-0.030514529592170297,-0.0304408536421889,-0.0292377114778699,-0.03131860383877926,-0.014249431561963594,-0.03358864000438758,high,0.005109182336101708,0.0196078431372549,0.013761467889908258,0.01050420168067227,train_oof,0.10516617787900674
RFERF_RF_NoResample,RFERF,supervised,RF,NoResample,271,51,218,952,32,0.3035648896213962,0.1574153418890691,-0.04838038716396665,-0.11664078983506508,0.163196517145161,0.2747943942055182,-0.11008259609148455,-0.3806731768674886,0.3531555043401301,0.14744373498885346,0.2072633339053227,high,2.180248775951899,0.0,0.013761467889908258,0.01050420168067227,train_oof,0.10516617787900674
RFERF_RF_NoResample,RFERF,supervised,RF,NoResample,273,51,218,952,32,-0.03146370654750777,0.22911324820602202,-0.05566487228928656,0.2827490902188017,-0.2662939358924575,-0.1118337535487681,-0.1580146613646852,0.047074699553260005,0.026171466670257743,-0.21416076659941924,0.286124777639859,low,-2.796662974903808,0.0,0.0,0.012605042016806723,train_oof,0.10516617787900674
RFERF_RF_NoResample,RFERF,supervised,RF,NoResample,280,51,218,952,32,-0.1685547650772762,0.017709308171434356,0.012244812508444843,-0.22743099334294203,-0.2617418217641674,-0.3166391472381287,-0.1362622206808282,-0.3636939976443809,-0.19563195872076514,-0.15151065905096267,0.005366857364052776,low,-1.3830589069451598,0.0,0.013761467889908258,0.01050420168067227,train_oof,0.10516617787900674
RFERF_RF_NoResample,RFERF,supervised,RF,NoResample,281,51,218,952,32,-0.1482447925242494,0.05685063515833933,0.0044698251061131575,-0.2849746242518192,-0.3088216572105596,-0.2715970203969152,-0.1785354283628034,-0.3460462940242044,-0.15988157625677055,-0.17582532039919574,0.05183443057395589,low,-1.2671699319778416,0.0392156862745098,0.01834862385321101,0.01050420168067227,train_oof,0.10516617787900674
RFERF_RF_NoResample,RFERF,supervised,RF,NoResample,282,51,218,952,32,0.32646236716866656,0.47359083511283123,-0.125285877218287,-0.03477611118205518,0.4358817780156345,0.48088492279951,-0.2241643454807379,-0.0291507180840735,0.5613868382462309,-0.1009616005533075,0.6125491255006198,high,1.60596354239565,0.058823529411764705,0.027522935779816515,0.012605042016806723,train_oof,0.10516617787900674
RFERF_RF_NoResample,RFERF,supervised,RF,NoResample,288,51,218,952,32,0.3386993573823851,0.47268968681204077,-0.12208862827048304,-0.15260983831490993,0.3701286400842262,0.3290288088587416,-0.2052689970725611,-0.0203197565578794,0.6552613172106497,-0.08087595285456925,0.6117200768787106,high,1.6031235768487706,0.058823529411764705,0.04128440366972477,0.011554621848739496,train_oof,0.10516617787900674
RFERF_RF_NoResample,RFERF,supervised,RF,NoResample,295,51,218,952,32,0.45679165983454895,0.40635989629365593,-0.12220409910928035,0.15072827184060578,-0.033766967594619,-0.0640284171642305,-0.21657534440432566,-0.16017758213276234,0.7746808689863591,0.031298098384180864,0.5666086091984744,high,3.0566260098669957,0.11764705882352941,0.0963302752293578,0.01050420168067227,train_oof,0.10516617787900674
RFERF_RF_NoResample,RFERF,supervised,RF,NoResample,310,51,218,952,32,0.11273286389485503,-0.056667090430433255,-0.0006340177097557451,0.220290207031766,-0.0445548134740834,-0.20744874006477865,-0.0377201032674816,0.16846032129836286,0.11220343824331094,0.18093418271047484,-0.05557368758902162,low,-2.18010558226177,0.0,0.013761467889908258,0.01050420168067227,train_oof,0.10516617787900674
RFERF_RF_NoResample,RFERF,supervised,RF,NoResample,316,51,218,952,32,-0.4002723117160695,-0.36920575350083984,0.11004930733525238,-0.11464329104961779,-0.5436368893965978,-0.5493089205894874,-0.03695187683527545,-0.1154725173490127,-0.5361610818600253,-0.028782941591675163,-0.4851322130239419,low,-1.6439359713613615,0.0392156862745098,0.09174311926605505,0.01050420168067227,train_oof,0.10516617787900674
RFERF_RF_NoResample,RFERF,supervised,RF,NoResample,333,51,218,952,32,0.21596123776338003,0.15495383428523468,-0.05384986967120534,0.18942224497127244,-0.0395115765902701,-0.10779033186128585,-0.0757784518419687,-0.0028337827958807,0.6120789460953059,0.0299907386189947,0.2173641188726036,high,0.6953873401602759,0.058823529411764705,0.03211009174311927,0.01050420168067227,train_oof,0.10516617787900674
RFERF_RF_NoResample,RFERF,supervised,RF,NoResample,338,51,218,952,32,0.06546700736288377,0.20500836877559625,-0.05003801796454794,-0.026896728857904804,-0.0723784676738478,-0.0839163761134822,-0.09608290163362071,-0.0461197795008869,0.419824612558206,-0.06596052888171937,0.2520475428833541,high,0.5335504696746712,0.0196078431372549,0.027522935779816515,0.01050420168067227,train_oof,0.10516617787900674
RFERF_RF_NoResample,RFERF,supervised,RF,NoResample,344,51,218,952,32,-0.15809700069671936,0.13354451843800863,-0.01906214529094911,-0.09491152693449052,-0.0306027816270381,0.16598413086844926,-0.0213675249048411,0.0194330122559108,-0.14104663231280967,-0.274078492376736,0.15279599905503338,low,-2.0753985608283902,0.058823529411764705,0.01834862385321101,0.01050420168067227,train_oof,0.10516617787900674
RFERF_RF_NoResample,RFERF,supervised,RF,NoResample,348,51,218,952,32,0.8470159485526003,0.3588627173435771,-0.13183971117978313,0.008370994503984347,0.4733188724971331,0.1486416854642741,-0.216620149947692,-0.2287955444614243,1.0961690140312128,0.31003098941665785,0.5907148113200638,high,2.7119680770886982,0.0392156862745098,0.03211009174311927,0.01050420168067227,train_oof,0.10516617787900674
RFERF_RF_NoResample,RFERF,supervised,RF,NoResample,377,51,218,952,32,-0.3087083452259778,-0.2490889006645159,0.08161532534060573,-0.2714281913350395,-0.3714959728317686,-0.3714959728317686,0.0554598948876092,-0.3714959728317686,-0.3843521258746131,-0.06652250210141665,-0.3294718112296031,low,-1.6523635759899018,0.058823529411764705,0.06422018348623854,0.017857142857142856,train_oof,0.10516617787900674
RFERF_RF_NoResample,RFERF,supervised,RF,NoResample,405,51,218,952,32,-0.005883266286650664,-0.06767629677583724,0.015355010671752031,-0.009950914036447406,-0.1187533800712203,-0.0862577102155016,-0.0537620403597826,0.12264302457126264,-0.02113997386477487,0.06088086410715923,-0.08396179709716999,low,-1.5114249453163149,0.09803921568627451,0.05045871559633028,0.018907563025210083,train_oof,0.10516617787900674
RFERF_RF_NoResample,RFERF,supervised,RF,NoResample,416,51,218,952,32,-0.2347980819506104,0.04549317186682911,0.005270521618255368,-0.16791786717422674,-0.4534252382050796,-0.14893028313057144,-0.1530919453867149,-0.33125072482829193,-0.23474469480106352,-0.3126288990865619,0.03966451182473517,low,-2.1572295833095927,0.0,0.0,0.012605042016806723,train_oof,0.10516617787900674
RFERF_RF_NoResample,RFERF,supervised,RF,NoResample,423,51,218,952,32,0.03408398148888634,0.24685327689571246,-0.07470111164518321,0.4733041267111644,-0.2723032948288679,0.13216578696553272,-0.30081712745228517,-0.04247381220232465,0.11706516269096404,-0.19016929170500435,0.3256141292157844,high,3.3902426553842764,0.0,0.013761467889908258,0.01050420168067227,train_oof,0.10516617787900674
RFERF_RF_NoResample,RFERF,supervised,RF,NoResample,425,51,218,952,32,0.13354397399873194,0.2353538614498903,-0.06520861353247058,0.10078967623887275,-0.1807278079178646,-0.20754999468560698,-0.2565076958019968,-0.133419454979733,0.26883983980711057,-0.061543787169822776,0.30085373859658965,high,1.7685183753587808,0.0196078431372549,0.04128440366972477,0.01050420168067227,train_oof,0.10516617787900674
RFERF_RF_NoResample,RFERF,supervised,RF,NoResample,428,51,218,952,32,-0.06152131244462755,0.014274097054583289,0.00417633717424598,-0.11078269835030931,-0.0713045620950758,-0.0342633984170032,-0.16740398231591624,-0.1345859483610221,-0.06003224457387717,-0.17873495333666617,0.009778669032488209,high,6.441373360475646,0.0,0.0,0.011554621848739496,train_oof,0.10516617787900674
RFERF_RF_NoResample,RFERF,supervised,RF,NoResample,452,51,218,952,32,-0.4173165134818923,-0.4029320634690251,0.11620759016660095,-0.0443961839409623,-0.4850081307798012,-0.5213742808674386,0.05092845046668415,0.10525926028229834,-0.575959077269381,-0.012584141357143676,-0.5264150027002191,low,-2.0319990377465675,0.0196078431372549,0.03669724770642202,0.01050420168067227,train_oof,0.10516617787900674
RFERF_RF_NoResample,RFERF,supervised,RF,NoResample,460,51,218,952,32,0.3114403178071994,0.12111617112960128,-0.04373454449035077,-0.02903926700338786,-0.0537278690784206,-0.14626626386118274,-0.257708914806982,-0.2531601593955265,0.36797268858471577,0.16590737881278833,0.16542195887701128,high,2.994897839758783,0.0392156862745098,0.013761467889908258,0.01050420168067227,train_oof,0.10516617787900674
RFERF_RF_NoResample,RFERF,supervised,RF,NoResample,468,51,218,952,32,-0.3915779573051452,-0.5009903458742714,0.12684978368197508,0.2708450337191785,-0.6568802043213247,-0.7664667276755992,-0.14089570793234366,-0.39034190628782484,-0.5190879129095864,0.15364129030866075,-0.6497900607738971,low,-0.9802319324172032,0.058823529411764705,0.0871559633027523,0.17436974789915966,train_oof,0.10516617787900674
RFERF_RF_NoResample,RFERF,supervised,RF,NoResample,477,51,218,952,32,0.38495666283543056,0.2254406399472664,-0.07074276994632893,-0.05305333442728825,0.0829061582293764,-0.03297963694868445,-0.11692218511728644,-0.0707495933339369,0.7462486730925356,0.079945645732304,0.31869092770159496,high,0.6505187792255203,0.0392156862745098,0.045871559633027525,0.01050420168067227,train_oof,0.10516617787900674
RFERF_RF_NoResample,RFERF,supervised,RF,NoResample,480,51,218,952,32,-0.05647007948470428,0.2554360977154898,-0.05269501583499073,-0.07887154988862582,-0.3640092003076802,0.02258053745589685,-0.15348191771813555,-0.1740419747110972,-0.0039026513713519644,-0.2881016496100379,0.30940473665398543,low,-1.7022882967370467,0.0,0.013761467889908258,0.01050420168067227,train_oof,0.10516617787900674
RFERF_RF_NoResample,RFERF,supervised,RF,NoResample,484,51,218,952,32,-0.36490811791204103,0.15772975842867665,-0.021504522112500455,0.11466778987912275,-0.630269675150526,-0.2789958070521868,-0.3600521585823975,-0.1983176149380393,-0.3686243220185004,-0.4506257148840185,0.17918734136448225,low,-1.0153846670981137,0.29411764705882354,0.21559633027522937,0.11764705882352941,train_oof,0.10516617787900674
RFERF_RF_NoResample,RFERF,supervised,RF,NoResample,486,51,218,952,32,-0.09178612877530698,-0.1368560421856484,0.014760212268884758,0.575180541519253,-0.2544766908564613,-0.4146201953132812,-0.1096668449167862,0.5712331417494876,-0.10499367266467141,0.052416358989744685,-0.15204049169069825,low,-1.0674901188596386,0.19607843137254902,0.23853211009174313,0.3434873949579832,train_oof,0.10516617787900674
RFERF_RF_NoResample,RFERF,supervised,RF,NoResample,488,51,218,952,32,-0.1987282040171943,0.008965641437200016,0.010713790334682874,-0.17665720160463644,-0.1687238193389359,-0.059523848911455304,0.0072289194437300495,-0.1761883847959007,-0.2135185436355912,-0.19700023537907085,-0.001765615775851728,low,-1.395282106447686,0.23529411764705882,0.15137614678899083,0.13760504201680673,train_oof,0.10516617787900674
RFERF_RF_NoResample,RFERF,supervised,RF,NoResample,489,51,218,952,32,-0.03201756134577327,-0.06276372907703208,0.007088073799416186,0.27009460847783545,-0.2074758069566549,-0.2522544302414021,-0.2107631863714354,-0.17899834493405445,-0.03910930495902514,0.03339072259088947,-0.07065938652905493,high,2.9266023754861923,0.0,0.0045871559633027525,0.01050420168067227,train_oof,0.10516617787900674
RFERF_RF_NoResample,RFERF,supervised,RF,NoResample,490,51,218,952,32,-0.02573316314407501,0.16423852788802595,-0.029128474130548428,-0.21129063709249546,0.0415121842119642,-0.0396641022602384,-0.16966536878576916,-0.48723201604344535,0.0034339601005667557,-0.18801053171581053,0.19311972480920314,high,2.8614816253493296,0.0196078431372549,0.009174311926605505,0.01050420168067227,train_oof,0.10516617787900674
RFERF_RF_NoResample,RFERF,supervised,RF,NoResample,510,51,218,952,32,1.008368050885239,0.732606888282911,-0.2190280905490714,-0.11073727273716849,0.3482285251245013,0.2500857175061322,-0.310664391108818,-0.16914827534555243,1.8081964991853017,0.1678446213154597,1.1036547371636158,high,1.6952580764225187,0.21568627450980393,0.14678899082568808,0.01050420168067227,train_oof,0.10516617787900674
RFERF_RF_NoResample,RFERF,supervised,RF,NoResample,525,51,218,952,32,-0.03989532683696367,0.19236014837141252,-0.03925031037190541,-0.08133757685143742,-0.1129981286719582,-0.06700373875110194,-0.10096532369266356,-0.19712267352720364,-0.0009928913948597851,-0.13240094314506765,0.2290881393534954,low,-1.1722373686493033,0.0,0.0045871559633027525,0.01050420168067227,train_oof,0.10516617787900674
RFERF_RF_NoResample,RFERF,supervised,RF,NoResample,551,51,218,952,32,0.3651024145806364,0.12098637632999507,-0.05380346705083483,-0.021721392330147506,-0.0298516124714541,-0.03656273429812605,-0.0542745109900623,0.017550083538936702,0.7027740268874545,0.12830662191726172,0.22204575823019979,high,0.6520275712184497,0.0784313725490196,0.05504587155963303,0.011554621848739496,train_oof,0.10516617787900674
RFERF_RF_NoResample,RFERF,supervised,RF,NoResample,552,51,218,952,32,0.1670569316914631,0.060521205450158086,0.03210836375147724,-0.17072723193750625,-0.0580775702068808,-0.11405402081482105,-0.18582320043440592,-0.3091819614920298,0.13685669863377142,0.12877222193100585,0.03072628289919474,high,3.9304393126000066,0.0196078431372549,0.0,0.01050420168067227,train_oof,0.10516617787900674
RFERF_RF_NoResample,RFERF,supervised,RF,NoResample,563,51,218,952,32,0.045643622401418275,0.1681100309178384,0.017446633720603465,-0.1233787917550275,0.0344296567180911,0.0789409404963797,-0.08024741851234729,-0.2294716973868708,0.030017874062027716,-0.14954707351609164,0.16081103440822994,high,2.349623186722359,0.0,0.03211009174311927,0.01050420168067227,train_oof,0.10516617787900674
RFERF_RF_NoResample,RFERF,supervised,RF,NoResample,571,51,218,952,32,-0.22248336697427243,0.1525010957994868,-0.028965589293407812,0.17739543246011366,0.3073317364193771,0.4058633583094381,-0.0275303438785781,0.4820344829809049,-0.19757896692722984,-0.324109668737028,0.18640896512783625,high,1.9836963949706992,0.0,0.0,0.01050420168067227,train_oof,0.10516617787900674
RFERF_RF_NoResample,RFERF,supervised,RF,NoResample,582,51,218,952,32,0.2712362160696114,0.14713569963914377,-0.055396862458082334,0.23013549855128018,0.3183346211040398,0.1682084550567972,-0.0719934106188243,0.19823368826622906,0.3435421916484057,0.10546322658352143,0.20522302451594415,high,2.119248109006963,0.058823529411764705,0.03669724770642202,0.01050420168067227,train_oof,0.10516617787900674
RFERF_RF_NoResample,RFERF,supervised,RF,NoResample,586,51,218,952,32,0.062053660363097785,-0.09589896002289032,0.013135764759859267,0.15269648337339403,-0.0823690564666746,-0.17299673447730365,-0.0494135371900822,0.16067789819819395,0.04840202108758045,0.16086045093365114,-0.10851722016723446,low,-1.9031614964984025,0.0196078431372549,0.013761467889908258,0.011554621848739496,train_oof,0.10516617787900674
RFERF_LR_class_weight,RFERF,supervised,LR,class_weight,0,48,181,989,35,-0.22990530121340105,-0.061824856847232205,0.020219802876309326,0.03293510538690283,-0.3399920611207359,-0.0646458634226751,-0.0258064336940608,-0.348133659792372,-0.2543432760950856,-0.16948936692133862,-0.08336364443892601,low,-2.271777206393855,0.0,0.0055248618784530384,0.010111223458038422,train_oof,0.3472293893676648
RFERF_LR_class_weight,RFERF,supervised,LR,class_weight,2,48,181,989,35,0.019499122373047018,0.022905592080295186,-0.0021399979208966816,-0.06925128395233486,-0.04537665631282049,-0.1095710732053563,0.0634936960833912,-0.1482363840957742,0.021542962999461384,-0.003444843172199447,0.025138539150957144,low,-2.5553411916221265,0.0,0.0055248618784530384,0.01314459049544995,train_oof,0.3472293893676648
RFERF_LR_class_weight,RFERF,supervised,LR,class_weight,8,48,181,989,35,0.04106437850847126,-0.001733709794443413,-0.0036949800160249496,0.022612310309731327,0.00926005995486515,-0.0706599312996313,-0.0015765490287954,0.0810525944716143,0.04376572729117471,0.04671795858417544,0.0019323852645524284,high,2.103434746047219,0.0,0.0055248618784530384,0.010111223458038422,train_oof,0.3472293893676648
RFERF_LR_class_weight,RFERF,supervised,LR,class_weight,9,48,181,989,35,-0.05521449349110454,-0.03472582761843408,0.011445173817752972,-0.075228255216617,-0.0224353674247414,-0.0389626578783697,-0.0323517416969184,-0.1513482329630422,-0.0662016816510445,-0.021220409008576763,-0.045677468774202125,high,2.747141857632469,0.0,0.011049723756906077,0.010111223458038422,train_oof,0.3472293893676648
RFERF_LR_class_weight,RFERF,supervised,LR,class_weight,14,48,181,989,35,-0.40123524433118973,-0.13476752863920088,0.05078935804212014,-0.16197104520790473,-0.5335364509474355,-0.3052065174497282,0.0071650323686424,-0.143415557286798,-0.4725595221639372,-0.22935921436551876,-0.18664326258125083,low,-2.096850824955553,0.020833333333333332,0.03314917127071823,0.010111223458038422,train_oof,0.3472293893676648
RFERF_LR_class_weight,RFERF,supervised,LR,class_weight,15,48,181,989,35,-0.02852817375748437,0.03643127295764832,-0.005057057001762015,-0.005666912439376782,-0.06376922944920099,-0.0587801464926757,-0.068124693545721,-0.0144694225180645,-0.028498956792677194,-0.04169915172892422,0.0403210638398187,high,1.0258511738409604,0.0,0.011049723756906077,0.010111223458038422,train_oof,0.3472293893676648
RFERF_LR_class_weight,RFERF,supervised,LR,class_weight,16,48,181,989,35,0.2463051892475976,0.06645189389367726,-0.02998958017403326,0.15957765899573698,0.15128538385917828,0.1435113759186551,-0.0281147993836736,0.2348061358355729,0.301246967487811,0.14256574526950402,0.09684327311607015,high,1.8823057919572426,0.041666666666666664,0.016574585635359115,0.010111223458038422,train_oof,0.3472293893676648
RFERF_LR_class_weight,RFERF,supervised,LR,class_weight,19,48,181,989,35,0.12649359047608538,0.12296857189126618,-0.032484390935915944,0.11111578730085624,0.028531956773812303,0.0766096744205156,0.0661008836780716,0.0668802177194821,0.14689113873022222,0.00951737777455925,0.1512296993846813,low,-1.8825021485314393,0.0,0.0,0.010111223458038422,train_oof,0.3472293893676648
RFERF_LR_class_weight,RFERF,supervised,LR,class_weight,21,48,181,989,35,0.5878388972122076,0.24311101857940504,-0.07910964220769291,0.17511689199961253,0.24491428771095286,0.2060628270320401,0.1350652339132149,0.2545778489965707,0.7048809589308539,0.2549718553602611,0.34489937625660727,high,1.613582221991293,0.10416666666666667,0.055248618784530384,0.010111223458038422,train_oof,0.3472293893676648
RFERF_LR_class_weight,RFERF,supervised,LR,class_weight,24,48,181,989,35,-0.04001230209100562,-0.1337724929578969,0.030600452103597627,-0.10980179494927553,0.12953199835174825,0.0471816418087949,0.0870040421493812,0.00752833870957,-0.06995394298375157,0.09860914018952925,-0.16194338570284927,high,3.2079033120514704,0.0,0.0055248618784530384,0.010111223458038422,train_oof,0.3472293893676648
RFERF_LR_class_weight,RFERF,supervised,LR,class_weight,25,48,181,989,35,-0.28006832712000035,-0.058252092452347026,0.025055180951887468,-0.04135351743380996,0.4208064542705965,0.4595901199758624,0.4399172460673939,0.449472641965793,-0.3218541986324014,-0.1660419738752498,-0.0872366390830076,low,-3.163253922585308,0.08333333333333333,0.03867403314917127,0.010111223458038422,train_oof,0.3472293893676648
RFERF_LR_class_weight,RFERF,supervised,LR,class_weight,28,48,181,989,35,-0.5956490145889627,-0.3787363248294717,0.10420081176438765,-0.18313905709411418,-0.42708595146367173,-0.3979563740609511,-0.0160384847338562,-0.3882562247858414,-0.7191049250004059,-0.22350238971330114,-0.4915476987103443,low,-2.295272947145094,0.041666666666666664,0.022099447513812154,0.010111223458038422,train_oof,0.3472293893676648
RFERF_LR_class_weight,RFERF,supervised,LR,class_weight,31,48,181,989,35,-0.1607001681801074,-0.1570771357487326,0.0444529580192801,-0.21071247013328667,-0.43606609448512357,-0.479795947745489,-0.4528136978614336,-0.4732829908769242,-0.2007314870374868,-0.004322561967692127,-0.1999387539371373,high,1.9460906796234134,0.0,0.0055248618784530384,0.010111223458038422,train_oof,0.3472293893676648
RFERF_LR_class_weight,RFERF,supervised,LR,class_weight,33,48,181,989,35,0.4009740328340325,0.2102081052241431,-0.06555641338067096,0.21501312499739803,-0.06613256984260454,-0.0683015004608122,-0.1546520506982136,-0.130319360325194,0.5424768741808141,0.12172951214744393,0.3053142429980079,high,1.3364199702378898,0.041666666666666664,0.03867403314917127,0.011122345803842264,train_oof,0.3472293893676648
RFERF_LR_class_weight,RFERF,supervised,LR,class_weight,35,48,181,989,35,-0.012672443557912305,-0.06997419006948641,0.01528819043373206,-0.05736292602686738,-0.1750404154125366,-0.1569299099062283,-0.1505315876016079,-0.1567853150518869,-0.026267638781283513,0.0901895175648944,-0.08385032815827874,low,-0.3208643260162251,0.020833333333333332,0.0055248618784530384,0.012133468149646108,train_oof,0.3472293893676648
RFERF_LR_class_weight,RFERF,supervised,LR,class_weight,37,48,181,989,35,0.2180523155681485,0.1354299841560998,-0.03461453980484759,-0.005020555476700009,0.2173077024311958,0.1472738181978923,0.0049520856410351,0.0616231827677481,0.26046385874858174,0.07476895384542996,0.16921279522087482,high,2.895306837051162,0.0,0.011049723756906077,0.010111223458038422,train_oof,0.3472293893676648
RFERF_LR_class_weight,RFERF,supervised,LR,class_weight,39,48,181,989,35,0.05312934523069529,-0.07790220260711224,0.01480310819136019,-0.09096010760143938,-0.20795947759875466,-0.1774123604665061,-0.1439125342968708,-0.2372181398783278,0.037121657685990204,0.15679033544099538,-0.09212387611834429,low,-1.5225592266627026,0.0,0.0055248618784530384,0.011122345803842264,train_oof,0.3472293893676648
RFERF_LR_class_weight,RFERF,supervised,LR,class_weight,41,48,181,989,35,0.08207883855555324,0.07209167831180874,-0.0167850507198221,-0.01246724780652044,0.1055943851515539,-0.1133787465675309,-0.1233837494705835,-0.1615846696458756,0.10356222521694158,0.00884596664259888,0.08726965276850258,high,1.3064221199474908,0.0,0.011049723756906077,0.012133468149646108,train_oof,0.3472293893676648
RFERF_LR_class_weight,RFERF,supervised,LR,class_weight,43,48,181,989,35,0.028235074080674643,0.020820806515612262,-0.000703273966236629,-0.12717496823278918,-0.12615505922106826,-0.1173212830139266,-0.3352157374480636,-0.5765008095007336,0.028942100828554432,0.007681467700983513,0.021441200190780142,high,2.348559102479035,0.0,0.016574585635359115,0.010111223458038422,train_oof,0.3472293893676648
RFERF_LR_class_weight,RFERF,supervised,LR,class_weight,47,48,181,989,35,-0.020222402638947378,0.1480390314352344,-0.03363482584698486,0.2249960048308447,0.22860637078495005,0.493679289016215,0.3302745762908958,0.6061185447178805,0.013313901897108772,-0.17634225222179306,0.1814696554320741,low,-1.878137489106371,0.0,0.0,0.010111223458038422,train_oof,0.3472293893676648
RFERF_LR_class_weight,RFERF,supervised,LR,class_weight,48,48,181,989,35,-0.1495878566790814,0.07630897950052407,-0.009984021216961615,0.09720352301782327,-0.3800504475443973,0.150408797792055,-0.0202066195268127,0.1154181407961905,-0.1431625300990039,-0.19984813859344863,0.08655260492643867,low,-2.3406922666274537,0.0,0.022099447513812154,0.010111223458038422,train_oof,0.3472293893676648
RFERF_LR_class_weight,RFERF,supervised,LR,class_weight,55,48,181,989,35,0.025810206676120013,0.0863908965334585,-0.01583814901547037,-0.004816228025009279,-0.33031223017780187,0.0786442853475016,-0.077148672947852,0.0786442853475016,0.042788415520404674,-0.05286299776143076,0.10405535765793564,low,-2.063508891213612,0.0,0.0,0.016177957532861477,train_oof,0.3472293893676648
RFERF_LR_class_weight,RFERF,supervised,LR,class_weight,56,48,181,989,35,0.2170369109192333,0.16584928611312375,-0.04863415656481364,0.24332699916860137,0.506794437311762,0.4491609352179367,0.2618520534130405,0.4059358086475797,0.2546437143673849,0.06853685637107826,0.21186144227003656,high,1.183988086914101,0.020833333333333332,0.022099447513812154,0.012133468149646108,train_oof,0.3472293893676648
RFERF_LR_class_weight,RFERF,supervised,LR,class_weight,57,48,181,989,35,-0.29302041233216597,0.0028136597493164405,0.015409551583144181,-0.041304885449352506,-0.10786994987642734,0.037084147270272,0.037084147270272,-0.1299185746106598,-0.30837863818407696,-0.288360967041564,-0.012680809936471405,low,-2.5872443394299625,0.041666666666666664,0.0055248618784530384,0.011122345803842264,train_oof,0.3472293893676648
RFERF_LR_class_weight,RFERF,supervised,LR,class_weight,58,48,181,989,35,0.15106727527825672,0.13662390345075368,-0.03761413303187973,0.186431901764427,0.12513613179067754,-0.0158424538101859,-0.2977996250119338,0.2495983977395735,0.18624494059358238,0.015637712920797853,0.17328806109518974,high,2.2115012249717947,0.0,0.0055248618784530384,0.012133468149646108,train_oof,0.3472293893676648
RFERF_LR_class_weight,RFERF,supervised,LR,class_weight,59,48,181,989,35,0.6841548521675559,0.5661462802002082,-0.15397400902734074,0.46166295136680324,0.5406177948867613,-0.0018832327346297,-0.2662288565440953,-0.0729628338033971,1.1516755267887926,0.07477241581761068,0.765023732111199,high,2.48498357061794,0.020833333333333332,0.03867403314917127,0.010111223458038422,train_oof,0.3472293893676648
RFERF_LR_class_weight,RFERF,supervised,LR,class_weight,63,48,181,989,35,0.3685686986009859,0.27966078971230734,-0.0741861471130541,0.1307648450202366,-0.02483476146013695,-0.0169941709639245,-0.1389663136875001,-0.0912299742687594,0.6701986881030565,0.04817047354146823,0.3603466897273894,high,2.1175836094402483,0.10416666666666667,0.022099447513812154,0.010111223458038422,train_oof,0.3472293893676648
RFERF_LR_class_weight,RFERF,supervised,LR,class_weight,64,48,181,989,35,0.7384856666598335,0.14141610630981705,-0.06187761294435782,-0.06237015887951141,0.4417047285629305,-0.165567505255584,-0.1270253495508368,-0.3060840908170513,0.8653427911941658,0.4632452951135018,0.2155078442587034,high,2.99229273835993,0.08333333333333333,0.027624309392265192,0.010111223458038422,train_oof,0.3472293893676648
RFERF_LR_class_weight,RFERF,supervised,LR,class_weight,65,48,181,989,35,0.5183004174657381,0.185921018651803,-0.05939070391306704,-0.0502574698297983,0.3973459532154929,-0.1473759656586074,-0.1570695725881087,-0.141975437115373,0.6390838198278701,0.24937276265152575,0.2519433191515989,high,2.5413620741026266,0.08333333333333333,0.04419889502762431,0.010111223458038422,train_oof,0.3472293893676648
RFERF_LR_class_weight,RFERF,supervised,LR,class_weight,67,48,181,989,35,-0.05710395792867023,0.16188740650109718,-0.043893411544613646,0.4716223526472164,-0.057179469251093504,-0.0572198970751352,-0.0573109323911428,-0.0571809234893684,-0.03901661327907274,-0.1180564033787144,0.23445902868542332,high,-0.05567549602721037,0.041666666666666664,0.022099447513812154,0.010111223458038422,train_oof,0.3472293893676648
RFERF_LR_class_weight,RFERF,supervised,LR,class_weight,75,48,181,989,35,0.2520305800512734,-0.03725188650721346,-0.003931552804343458,-0.05213316149141111,0.02552566613650825,0.1224418691729717,0.0211203841803054,0.1312524330853774,0.2655080607606944,0.217206990944787,-0.03526248206210924,high,1.9737175584476712,0.041666666666666664,0.022099447513812154,0.010111223458038422,train_oof,0.3472293893676648
RFERF_LR_class_weight,RFERF,supervised,LR,class_weight,76,48,181,989,35,-0.2392204619814902,-0.026371527209691194,0.029359703091229792,-0.12372421125178017,-0.18532221164095886,-0.0475822385484897,0.0721916510971354,-0.1523843919884119,-0.27196668787997275,-0.22451620020516883,-0.05633577156585321,low,-2.417667966856122,0.020833333333333332,0.0055248618784530384,0.010111223458038422,train_oof,0.3472293893676648
RFERF_LR_class_weight,RFERF,supervised,LR,class_weight,79,48,181,989,35,0.543734091636945,0.2140935468584591,-0.07095289039958128,0.02635309189238241,0.5379746720874488,0.077941035571441,-0.1769132794937651,-0.0905219862513223,0.6505175140122744,0.2805283215192102,0.29123189342121975,high,2.9134760623748983,0.020833333333333332,0.03867403314917127,0.010111223458038422,train_oof,0.3472293893676648
RFERF_LR_class_weight,RFERF,supervised,LR,class_weight,81,48,181,989,35,0.033974011298587035,0.005970372478515507,-0.0017966608738275343,-0.06021727723394282,0.1385271527426592,0.1207518843035252,0.0852013474252574,-0.0629258895675251,0.037304663685752644,0.02442391947647748,0.00789393501742132,high,2.242644928777738,0.0,0.022099447513812154,0.010111223458038422,train_oof,0.3472293893676648
RFERF_LR_class_weight,RFERF,supervised,LR,class_weight,88,48,181,989,35,0.20047618306163154,0.09317338674676451,-0.025304185252966818,-0.041754302084117886,0.34794182956969066,0.0819966059657112,0.0229645459776822,-0.071294139662139,0.22454645391276923,0.1181470539897389,0.11849800521687462,high,2.220118557697986,0.0,0.0055248618784530384,0.010111223458038422,train_oof,0.3472293893676648
RFERF_LR_class_weight,RFERF,supervised,LR,class_weight,90,48,181,989,35,-0.30021805557250697,-0.13500669605560225,0.03806033909429285,0.04439314396803403,-0.21214099914937007,-0.197654043238012,0.0391989097936331,-0.0061560733700427,-0.3422224224846346,-0.1730772354845948,-0.17404638459209246,low,-2.2556786314131645,0.020833333333333332,0.016574585635359115,0.010111223458038422,train_oof,0.3472293893676648
RFERF_LR_class_weight,RFERF,supervised,LR,class_weight,91,48,181,989,35,0.08589015855880926,0.10266560155457441,-0.02503775725290982,0.0640516794925582,0.11115665372964256,0.0659875003516164,-0.0209631199010839,-0.0175754333977319,0.10834299162483967,-0.02049836132736264,0.1263107942082777,high,2.577076244096225,0.0,0.0,0.010111223458038422,train_oof,0.3472293893676648
RFERF_LR_class_weight,RFERF,supervised,LR,class_weight,92,48,181,989,35,-0.12306057031709346,-0.12061262829292418,0.027823113499097402,0.0007177943454676919,-0.20633625659410632,-0.0995399566357997,-0.0385134995167673,-0.0995399566357997,-0.14510546181558598,-0.0031612757345016286,-0.14713817825488845,low,-2.388032098599513,0.020833333333333332,0.0055248618784530384,0.011122345803842264,train_oof,0.3472293893676648
RFERF_LR_class_weight,RFERF,supervised,LR,class_weight,102,48,181,989,35,-0.29489394236176575,-0.11823037800734279,0.03761188352785214,-0.06181458407434621,-0.4626399437223119,-0.0935853691865547,-0.0310065500261438,-0.0342157202394982,-0.3254844780965857,-0.18919826287477198,-0.15945212826370875,low,-2.2208801202149253,0.020833333333333332,0.0055248618784530384,0.010111223458038422,train_oof,0.3472293893676648
RFERF_LR_class_weight,RFERF,supervised,LR,class_weight,103,48,181,989,35,0.9200733474514181,0.49272642172602554,-0.15075190978754358,0.40599135463275526,1.0229130965731348,0.4508244259622606,-0.2029911975930242,0.2219889577179106,1.19681630953192,0.38343634711008906,0.6837494013324183,high,2.191281615866429,0.041666666666666664,0.03314917127071823,0.010111223458038422,train_oof,0.3472293893676648
RFERF_LR_class_weight,RFERF,supervised,LR,class_weight,107,48,181,989,35,-0.3180220291254305,-0.025950419037234385,0.021304940307978273,-0.029231960621059372,-0.1752237888884967,0.047575308782032,0.0069638276876572,0.0430629219937682,-0.3383748491461321,-0.2755826743183881,-0.04764524131644859,low,-2.6300750113737505,0.041666666666666664,0.022099447513812154,0.010111223458038422,train_oof,0.3472293893676648
RFERF_LR_class_weight,RFERF,supervised,LR,class_weight,115,48,181,989,35,-0.30150925689392394,-0.1472901793620586,0.040839798223488655,0.02118303864025503,-0.14107181096331115,-0.0599464219744894,0.1159091521193901,0.1794405768165205,-0.34401042739906523,-0.1487910029575022,-0.18854303777145706,low,-2.899156851687608,0.0,0.0,0.010111223458038422,train_oof,0.3472293893676648
RFERF_LR_class_weight,RFERF,supervised,LR,class_weight,122,48,181,989,35,-0.43866912402642994,-0.32260392784113806,0.09079679916822929,-0.29118269242158656,-0.7320376051719268,-0.3753148261156136,0.050093705429804,-0.3110604124967742,-0.5205466218225552,-0.14564347254358914,-0.41403769919168637,low,-1.74902987589769,0.0,0.022099447513812154,0.011122345803842264,train_oof,0.3472293893676648
RFERF_LR_class_weight,RFERF,supervised,LR,class_weight,124,48,181,989,35,0.3444795794353664,0.2013839567676184,-0.06570557750499142,0.30407963209591843,0.2991009479565267,0.0377200306384171,-0.2236608866797079,-0.1365339142403381,0.4129905701937276,0.14392609556378833,0.2698028888921554,high,2.1287673691833247,0.10416666666666667,0.03867403314917127,0.01314459049544995,train_oof,0.3472293893676648
RFERF_LR_class_weight,RFERF,supervised,LR,class_weight,125,48,181,989,35,-0.36174787723590907,-0.3861443384680509,0.1031976579428984,-0.4000190379132568,-0.5990185222116753,-0.522181787677035,-0.0826041901067694,-0.4364105491267392,-0.4606333836597875,0.02868232953783309,-0.4929798841142347,low,-1.5678761376693908,0.0625,0.06077348066298342,0.011122345803842264,train_oof,0.3472293893676648
RFERF_LR_class_weight,RFERF,supervised,LR,class_weight,126,48,181,989,35,0.006169574780169884,0.09259274124088848,-0.029147635759851173,0.2848989758469847,-0.0639999994404245,0.0378274757075997,-0.0953315302551998,0.1396549508556259,0.03498777687422862,-0.09602677312070736,0.1210071178258088,high,4.717974891164911,0.0,0.0055248618784530384,0.011122345803842264,train_oof,0.3472293893676648
RFERF_LR_class_weight,RFERF,supervised,LR,class_weight,129,48,181,989,35,0.48481811229898225,0.4272724089281437,-0.11433474535984721,0.34371015146547457,0.460546058970014,0.460546058970014,0.1902420234107497,0.460546058970014,0.5931194042379083,0.07662571970849913,0.5469553938915074,high,1.8394803397988948,0.020833333333333332,0.0055248618784530384,0.010111223458038422,train_oof,0.3472293893676648
RFERF_LR_class_weight,RFERF,supervised,LR,class_weight,130,48,181,989,35,0.3705756585172,0.2543843699291015,-0.07635408941405658,0.2883001455593181,0.3915348680087602,0.3159292832246588,0.1037458678628307,0.1793514526469308,0.439319392374225,0.1413290877433663,0.32990484542369136,high,1.5786888825090388,0.020833333333333332,0.022099447513812154,0.010111223458038422,train_oof,0.3472293893676648
RFERF_LR_class_weight,RFERF,supervised,LR,class_weight,131,48,181,989,35,0.11938345362666192,0.05635821858423406,-0.018089257096848468,0.0681391291192111,0.061292721391503505,-0.0476274015494089,-0.0476274015494089,-0.0040593523730439,0.14364016878256056,0.052629010757767665,0.07434348514423733,high,1.8780803720461194,0.041666666666666664,0.016574585635359115,0.010111223458038422,train_oof,0.3472293893676648
RFERF_LR_class_weight,RFERF,supervised,LR,class_weight,132,48,181,989,35,0.13229940694898004,0.04026109504508168,-0.011249861658954726,-0.08320150879581521,0.20653416993998874,-0.008233068901931,-0.1949871896340301,-0.1576363654876136,0.14499614571369204,0.08875429114432547,0.052120081012442795,high,2.0044534410520938,0.0,0.011049723756906077,0.010111223458038422,train_oof,0.3472293893676648
RFERF_LR_class_weight,RFERF,supervised,LR,class_weight,133,48,181,989,35,0.18852316883561146,0.21503503896576084,-0.06006941515898195,0.31627146909194165,0.1222732321194762,0.3186794293210581,-0.0351565858625062,0.3568021999226186,0.24772035571517476,-0.02751847501187462,0.27568229986476955,high,2.1469719020373548,0.0,0.0055248618784530384,0.014155712841253791,train_oof,0.3472293893676648
RFERF_LR_class_weight,RFERF,supervised,LR,class_weight,137,48,181,989,35,0.2008421860546333,0.12465705456493978,-0.03748500098171363,0.1508459093831978,0.3144137658246421,0.1141410645760796,-0.145809887697626,0.1025953478855229,0.2390466260374555,0.07734965138003243,0.16184322852050406,high,2.1889682521462217,0.020833333333333332,0.022099447513812154,0.010111223458038422,train_oof,0.3472293893676648
RFERF_LR_class_weight,RFERF,supervised,LR,class_weight,139,48,181,989,35,-0.16083726088618375,0.018364471558836432,0.003576233272156002,0.052925432189842976,-0.3577938395366098,-0.3521812730789957,-0.3039715187462845,-0.3634064059942239,-0.1663657309714423,-0.18818021195431395,0.014814260254885844,low,-1.1114761562387847,0.0,0.0,0.010111223458038422,train_oof,0.3472293893676648
RFERF_LR_class_weight,RFERF,supervised,LR,class_weight,144,48,181,989,35,-0.3375379371397395,-0.22066771080576844,0.05794193252733114,-0.013216017382294137,-0.29777244860452734,-0.3539119618307093,-0.1667802510767694,-0.4336463429345617,-0.3834264007534043,-0.18686711423593033,-0.27833854680397496,low,-1.1560072910901178,0.0,0.011049723756906077,0.010111223458038422,train_oof,0.3472293893676648
RFERF_LR_class_weight,RFERF,supervised,LR,class_weight,156,48,181,989,35,-0.0012453083197657606,0.20445761287145614,-0.03934819741905776,0.05623754620181291,-0.132755935793469,-0.0851511438749487,-0.1264468669849904,-0.0840040404552254,0.06661578196090476,-0.10288685796065737,0.23775699033126663,low,-0.4879220966082219,0.041666666666666664,0.0055248618784530384,0.010111223458038422,train_oof,0.3472293893676648
RFERF_LR_class_weight,RFERF,supervised,LR,class_weight,173,48,181,989,35,-0.07332070358197018,-0.058847756020781294,0.012403197824015784,0.05014959960644642,-0.0540188512010004,-0.0252945612992193,0.0593115289569364,0.0237978614420072,-0.08524049760149563,-0.016028233004818416,-0.07066144465495076,low,-2.733733969128998,0.0,0.0,0.01314459049544995,train_oof,0.3472293893676648
RFERF_LR_class_weight,RFERF,supervised,LR,class_weight,182,48,181,989,35,-0.20106964090970017,0.03196579018453402,0.0028839108395662936,0.04871562007496151,-0.32201348723286866,-0.2355968401047319,-0.0982772364490627,0.2781678839173407,-0.21389020815291537,-0.20171475763682176,0.028611218454993863,low,-1.5054717128073998,0.0,0.011049723756906077,0.010111223458038422,train_oof,0.3472293893676648
RFERF_LR_class_weight,RFERF,supervised,LR,class_weight,183,48,181,989,35,0.15472268466789876,0.04298491960370475,-0.019833360873021566,0.12184942706466857,0.4412872090314412,0.1003974108306978,0.0114632776807076,0.4657879776212821,0.17929063098196799,0.10072174850780778,0.06258243318418899,high,1.8808529055636887,0.020833333333333332,0.016574585635359115,0.010111223458038422,train_oof,0.3472293893676648
RFERF_LR_class_weight,RFERF,supervised,LR,class_weight,200,48,181,989,35,0.12430028782326737,0.13491739306924247,-0.044614539101649295,0.3956295598296025,0.09348880130822221,0.0091440146931494,-0.0629999537323218,-0.0385983173531186,0.23343547237230533,-0.007266416292093931,0.1930587509988078,high,1.1202460037023785,0.0,0.022099447513812154,0.010111223458038422,train_oof,0.3472293893676648
RFERF_LR_class_weight,RFERF,supervised,LR,class_weight,217,48,181,989,35,-0.0071277585516540355,0.0388358614349901,-0.013610462415938999,0.1704819596291907,-0.1091197752677112,-0.0894628185379893,-0.2260269389760576,-0.2280960923160284,0.006269846458798747,-0.062031174610488814,0.05207078493779293,high,2.6210452906900703,0.0,0.011049723756906077,0.010111223458038422,train_oof,0.3472293893676648
RFERF_LR_class_weight,RFERF,supervised,LR,class_weight,227,48,181,989,35,0.0810979855062588,0.07970735002827244,-0.026791977106685867,0.22600869647093924,-0.15714287438294827,-0.1481667666320204,-0.2738322751450091,-0.1571428743829484,0.10871628974945664,0.0014769491104979376,0.10760160042805166,high,4.559622226574568,0.0,0.0055248618784530384,0.010111223458038422,train_oof,0.3472293893676648
RFERF_LR_class_weight,RFERF,supervised,LR,class_weight,252,48,181,989,35,-0.026304632522596138,0.16774112334090413,-0.028382517645999354,-0.029377457477875086,-0.0274861700254819,-0.0316585919852777,-0.0301350289441529,-0.0300349408611593,0.106398248690504,-0.08280264529911502,0.18980705722640676,high,0.005384063135145513,0.0,0.011049723756906077,0.010111223458038422,train_oof,0.3472293893676648
RFERF_LR_class_weight,RFERF,supervised,LR,class_weight,271,48,181,989,35,0.08046982312859227,0.06705432969233223,-0.02414400174175058,0.22533578816561994,-0.055861526768176,0.0934681268756115,-0.0658854724565001,0.2267253362047398,0.10404395093881484,0.014023655279088682,0.09160084942298881,high,2.2157973298905462,0.0,0.0,0.010111223458038422,train_oof,0.3472293893676648
RFERF_LR_class_weight,RFERF,supervised,LR,class_weight,273,48,181,989,35,0.16522159464858607,0.14229262701910336,-0.029121573105101817,-0.013923276858667824,-0.1732097515049946,-0.2335718985761292,-0.1470650718056974,-0.1876444534814844,0.20009058795186727,0.019705477529523487,0.1714934155356748,low,-2.796662974903808,0.0,0.0,0.012133468149646108,train_oof,0.3472293893676648
RFERF_LR_class_weight,RFERF,supervised,LR,class_weight,280,48,181,989,35,-0.22743099334294237,-0.24692344345943656,0.06088051967196178,-0.14163991787011423,-0.46564617352459425,-0.3244816223058373,-0.1362622206808282,-0.1676321209516629,-0.27445391180485806,0.029877733754900736,-0.3041293909294916,low,-1.3948226195467228,0.0,0.0055248618784530384,0.010111223458038422,train_oof,0.3472293893676648
RFERF_LR_class_weight,RFERF,supervised,LR,class_weight,281,48,181,989,35,-0.19016812736706776,-0.24414127998464133,0.06151494807154477,-0.21576006517644808,-0.2995154980071485,-0.3460462940242044,-0.1413107915491586,-0.3460462940242044,-0.24154606989485336,0.07604462796767386,-0.30423399497975645,low,-1.2811291707829584,0.041666666666666664,0.0055248618784530384,0.010111223458038422,train_oof,0.3472293893676648
RFERF_LR_class_weight,RFERF,supervised,LR,class_weight,282,48,181,989,35,0.2527439804925143,0.048506642251954515,-0.025084990196982584,0.0972866886895871,0.4508828262769313,0.0758566197448994,-0.1341580559130465,0.135860812790027,0.26922764701467755,0.26534499456075794,0.07324035277545247,high,1.8339794759671348,0.0,0.0,0.010111223458038422,train_oof,0.3472293893676648
RFERF_LR_class_weight,RFERF,supervised,LR,class_weight,288,48,181,989,35,0.19117312495659458,0.026343311490944078,-0.018149809674758186,0.09182406864308515,0.2879289776332567,0.0824298215058328,-0.1230693346215914,0.0413299902803478,0.20252889377179537,0.23300888483484733,0.04451890587877982,high,1.7921828004860023,0.020833333333333332,0.0,0.010111223458038422,train_oof,0.3472293893676648
RFERF_LR_class_weight,RFERF,supervised,LR,class_weight,295,48,181,989,35,0.4716684891061771,0.279240633075967,-0.07916521693303125,0.15655976781042516,-0.044438349008008304,-0.1594864954352533,-0.2016182669038766,-0.1712137703144553,0.6502084856331274,0.12672886679655482,0.37867298090825247,high,5.158350807659236,0.0,0.049723756906077346,0.010111223458038422,train_oof,0.3472293893676648
RFERF_LR_class_weight,RFERF,supervised,LR,class_weight,310,48,181,989,35,0.21554388049940307,0.13122250570888022,-0.037116566336531084,0.07007304056236494,0.14226059883972,0.09897410086457,-0.1060672053335074,-0.0650589440938914,0.25123181908459746,0.08688010698552215,0.1672252526725353,high,2.520739750737417,0.0,0.027624309392265192,0.011122345803842264,train_oof,0.3472293893676648
RFERF_LR_class_weight,RFERF,supervised,LR,class_weight,316,48,181,989,35,-0.3367947634788016,-0.24728136636265324,0.06980587829283864,-0.22618070183213818,-0.5237601192162991,-0.4418362599868283,-0.0680740653806071,-0.1902940070847789,-0.419014720837549,-0.08439103180509899,-0.31746383965809705,low,-1.838458034511449,0.020833333333333332,0.04419889502762431,0.010111223458038422,train_oof,0.3472293893676648
RFERF_LR_class_weight,RFERF,supervised,LR,class_weight,333,48,181,989,35,0.16695234640733367,0.18008971312600947,-0.05063840053449347,0.2589092096417452,-0.03143901554192065,-0.0746649951456445,-0.0809480722177591,-0.0660754720597159,0.501831032675435,-0.0063206252753254455,0.2402332190233139,high,0.7211320496317118,0.041666666666666664,0.022099447513812154,0.010111223458038422,train_oof,0.3472293893676648
RFERF_LR_class_weight,RFERF,supervised,LR,class_weight,338,48,181,989,35,-0.052784247821148156,0.08273670427226384,-0.018119021418047956,0.14319331278483516,-0.0761183414439362,-0.0863671870096252,-0.0926692721711358,-0.0509259151543622,-0.035003700143112305,-0.14702743008150163,0.09925649724560645,high,0.5432251252589779,0.0,0.027624309392265192,0.010111223458038422,train_oof,0.3472293893676648
RFERF_LR_class_weight,RFERF,supervised,LR,class_weight,344,48,181,989,35,-0.3146873190482244,0.0047206033884881525,0.010223572789874603,0.11442501191081103,-0.23895568686591015,-0.092112348189923,0.0151820373706485,0.1067406481938169,-0.3329592759045663,-0.2809860435197955,-0.005500065850528845,low,-2.066195393177311,0.0625,0.027624309392265192,0.010111223458038422,train_oof,0.3472293893676648
RFERF_LR_class_weight,RFERF,supervised,LR,class_weight,348,48,181,989,35,0.7812548920736105,0.2107866442116777,-0.08638191634435533,0.17044143945076617,0.1283493612747205,-0.1516847125411203,-0.1922693609202277,-0.216620149947692,0.9512076548616335,0.3454014192465911,0.35142652670230545,high,2.651902797487618,0.041666666666666664,0.03867403314917127,0.010111223458038422,train_oof,0.3472293893676648
RFERF_LR_class_weight,RFERF,supervised,LR,class_weight,377,48,181,989,35,-0.4648925688953825,-0.29247375422072364,0.07718317380520036,-0.060428126350507726,-0.3714959728317686,-0.3714959728317686,0.0554598948876092,-0.1580180389720797,-0.5326936613646748,-0.2089989065085144,-0.36851545905673716,low,-1.6523635759899018,0.0625,0.0718232044198895,0.01820020222446916,train_oof,0.3472293893676648
RFERF_LR_class_weight,RFERF,supervised,LR,class_weight,405,48,181,989,35,-0.0274560219051531,0.06021645753983423,-0.011157372449276629,0.019983234904624197,-0.08625771021550145,-0.0723309945630507,-0.0723309945630507,0.2062033184859683,-0.016631335112835023,-0.08025801062369932,0.07215967330498994,low,-1.5207094224179487,0.125,0.03314917127071823,0.014155712841253791,train_oof,0.3472293893676648
RFERF_LR_class_weight,RFERF,supervised,LR,class_weight,416,48,181,989,35,-0.1688530025919018,-0.20831162582751223,0.05322492651398136,-0.26408942298986,-0.4023457883707454,-0.4534252382050796,-0.1292119310121767,-0.4534252382050796,-0.21757173019611228,0.04446456389244056,-0.25900718644483517,low,-2.0942753429157297,0.0,0.016574585635359115,0.010111223458038422,train_oof,0.3472293893676648
RFERF_LR_class_weight,RFERF,supervised,LR,class_weight,423,48,181,989,35,0.15007608891978702,0.3245868444355119,-0.07689753565801491,0.2765817955011624,-0.27021081631157406,0.1638412143166103,-0.2944237820116901,0.0198201273303816,0.24547710237285011,-0.14068941713732896,0.4076860612561186,high,3.054623467935999,0.020833333333333332,0.022099447513812154,0.010111223458038422,train_oof,0.3472293893676648
RFERF_LR_class_weight,RFERF,supervised,LR,class_weight,425,48,181,989,35,0.16018404855199922,0.2236609150904036,-0.051824149563396316,0.06706222808809408,-0.1832063366010397,-0.2080186619275164,-0.2546150011712085,-0.1356997013682541,0.2804531249671269,-0.036387335428405096,0.275231585292151,high,1.8262942308883279,0.020833333333333332,0.04419889502762431,0.010111223458038422,train_oof,0.3472293893676648
RFERF_LR_class_weight,RFERF,supervised,LR,class_weight,428,48,181,989,35,-0.06206976656845311,-0.07423360779884271,0.020752183174289035,-0.10580812818857581,-0.051969948782878306,-0.123129411453512,-0.1589249430786937,-0.1241565115672992,-0.07590061219509474,0.05064098038599596,-0.09203457288730511,high,6.441373360475646,0.0,0.0,0.011122345803842264,train_oof,0.3472293893676648
RFERF_LR_class_weight,RFERF,supervised,LR,class_weight,452,48,181,989,35,-0.36725497362666354,-0.2264231008972784,0.06448232281573714,-0.14501660970307007,-0.45939893499736606,-0.2741281433346743,0.0045697996792906,-0.0230597377746795,-0.45365559280328316,-0.12530574288470187,-0.29055787428148877,low,-2.055099733626561,0.0,0.027624309392265192,0.010111223458038422,train_oof,0.3472293893676648
RFERF_LR_class_weight,RFERF,supervised,LR,class_weight,460,48,181,989,35,0.3293689305526532,0.20024751186756323,-0.05204930302991891,-0.024443114356245563,0.033344592671147706,-0.0975370252778921,-0.2431491842206006,-0.2313929722755652,0.39980162392263674,0.1072410682835886,0.2537095478076627,high,2.898218480845613,0.041666666666666664,0.022099447513812154,0.010111223458038422,train_oof,0.3472293893676648
RFERF_LR_class_weight,RFERF,supervised,LR,class_weight,468,48,181,989,35,-0.34989002838376465,-0.15213178531810667,0.03951562366756971,0.156893903396343,-0.5659280297636253,-0.6310502653094339,-0.236174027417767,-0.2529996158133769,-0.3998067205398425,-0.19213190888020906,-0.19274596875708092,low,-0.9802319324172032,0.0625,0.13259668508287292,0.16279069767441862,train_oof,0.3472293893676648
RFERF_LR_class_weight,RFERF,supervised,LR,class_weight,477,48,181,989,35,0.10402062832957742,0.20192242120481485,-0.05535795320371341,0.36977408408897194,0.04969259153768535,-0.109044438754556,-0.107615329112045,-0.0749751706102503,0.37292942101354803,-0.05114423123887771,0.27608913135679647,high,0.6873260273682584,0.020833333333333332,0.04419889502762431,0.010111223458038422,train_oof,0.3472293893676648
RFERF_LR_class_weight,RFERF,supervised,LR,class_weight,480,48,181,989,35,-0.17620880951488363,0.04001774020695354,-0.0017429694139463956,0.08726169161595626,-0.3986319263015541,-0.1602646312114345,-0.1187373051023684,0.0300253169181152,-0.18004436643727076,-0.19481940723580524,0.041636510140412857,low,-1.7049030971947128,0.0,0.0055248618784530384,0.010111223458038422,train_oof,0.3472293893676648
RFERF_LR_class_weight,RFERF,supervised,LR,class_weight,484,48,181,989,35,-0.29202014696980555,-0.00360798404252701,0.01472783356728863,-0.026399362366614224,-0.4098879812900166,-0.4899273042090868,-0.3080616882928316,-0.3686458727513167,-0.3170590922396703,-0.2694325466223841,-0.01828688636422513,low,-1.0153846670981137,0.2708333333333333,0.1878453038674033,0.1263902932254803,train_oof,0.3472293893676648
RFERF_LR_class_weight,RFERF,supervised,LR,class_weight,486,48,181,989,35,0.13165383264745348,0.20062510046374474,-0.05267546845341848,0.2115800226856478,-0.0034589832366020996,0.0360595673589673,-0.2252001001899332,0.0260366836838664,0.18552438187883258,-0.07444594916831015,0.2546392083820853,high,2.267410486827466,0.0,0.016574585635359115,0.010111223458038422,train_oof,0.3472293893676648
RFERF_LR_class_weight,RFERF,supervised,LR,class_weight,488,48,181,989,35,-0.2735007596344539,0.02209078008968757,0.008246316517385492,-0.07600378267918523,-0.1643953791874434,-0.0232578371315817,-0.0005018833715307,-0.3418304767936475,-0.2867180700810994,-0.2878573569789556,0.013982968252432818,low,-1.395282106447686,0.2708333333333333,0.143646408839779,0.13953488372093023,train_oof,0.3472293893676648
RFERF_LR_class_weight,RFERF,supervised,LR,class_weight,489,48,181,989,35,0.05340554920237248,0.08003615904309926,-0.02165944536759326,0.12704758516978343,-0.15376168631239662,-0.0849529449549328,-0.2308951138764702,-0.3120433938333624,0.07605644294737868,-0.027386767663518184,0.10290366300702408,high,2.9037017390564746,0.0,0.011049723756906077,0.010111223458038422,train_oof,0.3472293893676648
RFERF_LR_class_weight,RFERF,supervised,LR,class_weight,490,48,181,989,35,-0.11378618930603503,-0.13392010963468212,0.03267263048653692,-0.07462727487479998,-0.112649724093738,-0.3427075006368525,-0.1062164005527821,-0.2554728646795819,-0.14691381052834285,0.02015096666828292,-0.16621043841005756,low,-1.6521912270160308,0.0,0.027624309392265192,0.010111223458038422,train_oof,0.3472293893676648
RFERF_LR_class_weight,RFERF,supervised,LR,class_weight,510,48,181,989,35,0.7414961931755527,0.35301596849277345,-0.1139558451508932,0.35118173128946467,0.2665325235984723,0.1012468696845952,-0.2953754021868658,-0.1169344133165119,0.9580396222738041,0.3236108890490375,0.5057716945258306,high,3.2111945328590816,0.041666666666666664,0.03314917127071823,0.010111223458038422,train_oof,0.3472293893676648
RFERF_LR_class_weight,RFERF,supervised,LR,class_weight,525,48,181,989,35,-0.057174904601348005,-0.016915204606443374,0.0077147309450760594,-0.05408767734475547,-0.19467057353142295,-0.1115268686744902,-0.0954480987021571,-0.0686851787482087,-0.062124781406332215,-0.05584974456119795,-0.024266135214848134,low,-1.1710190252513997,0.0,0.0055248618784530384,0.010111223458038422,train_oof,0.3472293893676648
RFERF_LR_class_weight,RFERF,supervised,LR,class_weight,551,48,181,989,35,0.4236410599272035,0.0841551656331186,-0.04052371645303367,-0.06884663678451518,0.013693945664989951,-0.0872792811867216,-0.0458781562432398,-0.0298516124714541,0.7674253990418792,0.1667646327634683,0.15805518029576973,high,0.6998184784632124,0.0625,0.022099447513812154,0.010111223458038422,train_oof,0.3472293893676648
RFERF_LR_class_weight,RFERF,supervised,LR,class_weight,552,48,181,989,35,0.1027662331479438,-0.10457451950001556,0.06338601932158101,-0.0536042027667681,-0.12388060775539995,-0.2619792492238921,-0.1380435664932243,-0.0903649272973541,0.03994691662127025,0.26354227859467794,-0.1820169434263759,high,3.9100526541936413,0.020833333333333332,0.0,0.010111223458038422,train_oof,0.3472293893676648
RFERF_LR_class_weight,RFERF,supervised,LR,class_weight,563,48,181,989,35,-0.02713743290304847,0.07314487288165032,0.04046305364057085,-0.009077137552634881,-0.009580479772564099,-0.0314176516064799,-0.0251858625352775,-0.1452448943649783,-0.07262267297450518,-0.11566069526255537,0.03481750576455816,high,2.5080431492049575,0.0,0.016574585635359115,0.010111223458038422,train_oof,0.3472293893676648
RFERF_LR_class_weight,RFERF,supervised,LR,class_weight,571,48,181,989,35,-0.13312915543833595,-0.023346099553344858,0.010005704647238945,0.020577188116453326,0.37750370330049066,0.1306292705943977,0.0222808450473944,0.3615059491928787,-0.14938957373289063,-0.08936688068811185,-0.0341727188689913,high,1.8692942738352456,0.0,0.011049723756906077,0.01314459049544995,train_oof,0.3472293893676648
RFERF_LR_class_weight,RFERF,supervised,LR,class_weight,582,48,181,989,35,0.3371003918599542,0.22245293715342068,-0.06160385456373123,0.14333040468323852,0.45344817054657494,0.1682084550567972,-0.0419681774093758,0.0781327554284183,0.4022488213229893,0.11298007442604767,0.2884736821436601,high,2.30360304091301,0.041666666666666664,0.016574585635359115,0.010111223458038422,train_oof,0.3472293893676648
RFERF_LR_class_weight,RFERF,supervised,LR,class_weight,586,48,181,989,35,0.13475975543379062,0.002978455472014101,-0.009039257506611352,0.04521588244698987,0.1071251793737314,-0.1235634555624151,-0.0741301766475266,-0.1070856959241187,0.15130104731243543,0.10645348680184773,0.011950104991246354,high,2.70237232240538,0.041666666666666664,0.03314917127071823,0.01314459049544995,train_oof,0.3472293893676648
ANOVA_SVM_class_weight,ANOVA,supervised,SVM,class_weight,14,46,276,894,37,-0.2746421419265387,-0.08854776410274189,0.05623818267597116,-0.3322902643662972,-0.32788039586326373,-0.1036549044707182,0.0092082127998462,-0.1624731871495302,-0.3359027217331165,-0.17964122901871774,-0.14558022407313184,low,-2.1371846531669356,0.0,0.010869565217391304,0.010067114093959731,train_oof,0.07685139318795782
ANOVA_SVM_class_weight,ANOVA,supervised,SVM,class_weight,16,46,276,894,37,0.04127493815902668,0.08287570287308269,-0.045308272919836835,0.4191681079302771,-0.041470146358418246,0.11719934904303614,-0.05572249424937855,0.4660330386819151,0.093419429497546,-0.03464977132119693,0.12883163871428005,high,1.8571598662727031,0.021739130434782608,0.025362318840579712,0.010067114093959731,train_oof,0.07685139318795782
ANOVA_SVM_class_weight,ANOVA,supervised,SVM,class_weight,21,46,276,894,37,0.28485436727659463,0.1859925734539246,-0.09571621035102813,0.5741096592283529,0.2283481826498936,0.19068001518962796,0.123232301726744,0.2545778489965707,0.4346841589886888,0.07794323924044592,0.301662114404318,high,1.483621127787277,0.043478260869565216,0.050724637681159424,0.010067114093959731,train_oof,0.07685139318795782
ANOVA_SVM_class_weight,ANOVA,supervised,SVM,class_weight,22,46,276,894,37,-0.2575050124458215,-0.0435536927951341,0.043982255309555754,-0.4146733620168758,-0.19606649193041675,-0.11717521367768474,-0.11423777246614684,-0.1637546386034999,-0.3510756188395193,-0.15917070251928003,-0.09334589425324465,low,-1.484008572852146,0.043478260869565216,0.04710144927536232,0.010067114093959731,train_oof,0.07685139318795782
ANOVA_SVM_class_weight,ANOVA,supervised,SVM,class_weight,26,46,276,894,37,-0.29438271640249214,-0.16158379278938936,0.0828222503626914,-0.44180023458681766,0.2876294324802172,0.2666885669879484,0.241611234237948,0.2038659705111422,-0.4903645014123748,-0.0890667127256252,-0.272380507862528,high,0.505311021918369,0.021739130434782608,0.0036231884057971015,0.011185682326621925,train_oof,0.07685139318795782
ANOVA_SVM_class_weight,ANOVA,supervised,SVM,class_weight,28,46,276,894,37,-0.5718079290962189,-0.33329694449878083,0.1414913699356919,-0.23507716108481452,-0.5500855920466661,-0.36721010511237545,0.02279124194397,-0.1163607493088339,-0.7585034153700386,-0.23122579472022256,-0.48581481893986916,low,-2.2481214827948564,0.021739130434782608,0.03260869565217391,0.010067114093959731,train_oof,0.07685139318795782
ANOVA_SVM_class_weight,ANOVA,supervised,SVM,class_weight,32,46,276,894,37,0.3850600975547867,0.1324668061007063,-0.06077159070585163,-0.0028021360339448337,-0.1576908821571923,-0.0531766507289345,-0.13235699573735488,0.0405109292387702,0.49646664185162687,0.17449361473438496,0.20530469107493435,low,-0.9652443616288308,0.0,0.007246376811594203,0.011185682326621925,train_oof,0.07685139318795782
ANOVA_SVM_class_weight,ANOVA,supervised,SVM,class_weight,33,46,276,894,37,0.6067339507073803,0.1530480359895753,-0.07721351646648375,-0.030744561664783735,-0.10812171102947316,-0.1104600893522285,-0.1539064807982051,-0.0596935570697993,0.777300147776137,0.29380266228061025,0.25487474629498397,high,0.7268759095314303,0.08695652173913043,0.05434782608695652,0.010067114093959731,train_oof,0.07685139318795782
ANOVA_SVM_class_weight,ANOVA,supervised,SVM,class_weight,38,46,276,894,37,0.18323051964259593,0.2060488987590883,-0.0833289806819429,0.24829247350050507,0.2059165029382131,0.03800611229009525,-0.0588394000730359,0.0328499854744536,0.3056618862299882,-0.017476071834378624,0.30988168589926035,high,3.0908501608767174,0.06521739130434782,0.08333333333333333,0.010067114093959731,train_oof,0.07685139318795782
ANOVA_SVM_class_weight,ANOVA,supervised,SVM,class_weight,56,46,276,894,37,0.28377784225308295,0.04165448834808423,-0.033084003176953626,0.15893070138871437,0.506794437311762,0.4059358086475797,0.240239490127862,0.4059358086475797,0.32822746217210186,0.22243252597362984,0.07364478784285972,high,1.1900396046339454,0.0,0.0036231884057971015,0.010067114093959731,train_oof,0.07685139318795782
ANOVA_SVM_class_weight,ANOVA,supervised,SVM,class_weight,59,46,276,894,37,0.8378769368711241,0.3375033992559935,-0.15990912349715491,0.2825755974542995,0.606820674964561,-0.0289052298351529,-0.26558571680800713,-0.0624700343295808,1.481076944351172,0.32722278051707,0.5216278876596008,high,2.4647840200942093,0.043478260869565216,0.036231884057971016,0.010067114093959731,train_oof,0.07685139318795782
ANOVA_SVM_class_weight,ANOVA,supervised,SVM,class_weight,63,46,276,894,37,0.515522423542338,0.3434192242361661,-0.13147114367568757,-0.03908011822680928,0.04048128766081635,0.0597463579369814,-0.15290218056776883,-0.0849281912531121,1.0920115487079782,0.1018630430997852,0.48982975789495414,high,1.2156618990640944,0.2391304347826087,0.13043478260869565,0.010067114093959731,train_oof,0.07685139318795782
ANOVA_SVM_class_weight,ANOVA,supervised,SVM,class_weight,64,46,276,894,37,0.8027516795203783,0.3978018714630733,-0.16263306541801031,-0.09897894105535907,0.5949503681795183,0.13078110142370963,-0.1620581405519414,-0.3064492270289908,1.2477682229613076,0.27859785013136784,0.6120084608177211,high,1.4051267664384186,0.391304347826087,0.2318840579710145,0.010067114093959731,train_oof,0.07685139318795782
ANOVA_SVM_class_weight,ANOVA,supervised,SVM,class_weight,65,46,276,894,37,0.5643652491105854,0.4330824462181592,-0.16176337466471913,-0.07679440175066055,0.474956333660226,0.14528482860013187,-0.1972659116187642,-0.1649584459284789,1.103862536905896,0.08244471165921534,0.6298128455281555,high,1.2539509931839634,0.3695652173913043,0.21739130434782608,0.010067114093959731,train_oof,0.07685139318795782
ANOVA_SVM_class_weight,ANOVA,supervised,SVM,class_weight,70,46,276,894,37,-0.4865178851484984,-0.049454881526079686,0.03747270909319411,0.0915771411607201,-0.4392725630131794,-0.02041453839057155,0.00482946399219215,0.0226017017923182,-0.5710620985949602,-0.3611426399343305,-0.08751111227034138,low,-1.8232051386620005,0.08695652173913043,0.06521739130434782,0.010067114093959731,train_oof,0.07685139318795782
ANOVA_SVM_class_weight,ANOVA,supervised,SVM,class_weight,79,46,276,894,37,0.5762873325688801,0.2735596111417602,-0.119601710625202,0.013848035584817977,0.5098975017836549,0.0585029945918914,-0.2028306674664979,-0.142356762196788,0.7750273497197546,0.2598294299550975,0.4053626203186683,high,2.9939495520302333,0.0,0.014492753623188406,0.010067114093959731,train_oof,0.07685139318795782
ANOVA_SVM_class_weight,ANOVA,supervised,SVM,class_weight,95,46,276,894,37,0.36260260120890864,0.3728315353478942,-0.14209702561190748,0.2050217239326457,0.3830604694868797,0.3830604694868797,-0.5580014712997856,0.3830604694868797,0.5741171496082093,-0.008802406801430993,0.5326653407118122,high,2.26518435106021,0.021739130434782608,0.050724637681159424,0.017897091722595078,train_oof,0.07685139318795782
ANOVA_SVM_class_weight,ANOVA,supervised,SVM,class_weight,100,46,276,894,37,0.32106699283763485,0.040997411318586106,-0.04512727190813073,0.395012576561954,0.048074981970692,0.048074981970692,0.048074981970692,0.3271334819680114,0.39737455992968396,0.23139534539461915,0.08813297244614188,flat,,,,,train_oof,0.07685139318795782
ANOVA_SVM_class_weight,ANOVA,supervised,SVM,class_weight,103,46,276,894,37,0.8850432803016943,0.45556222033585,-0.20765696785253307,0.4773304647550423,0.8921499718620778,0.418133644784496,-0.268372759948553,0.2546797388956752,1.2664918206513924,0.37613576168028334,0.7149627540073797,high,1.9264862883265348,0.10869565217391304,0.07608695652173914,0.010067114093959731,train_oof,0.07685139318795782
ANOVA_SVM_class_weight,ANOVA,supervised,SVM,class_weight,122,46,276,894,37,-0.5366251943386208,-0.2912843833900298,0.1250572855187707,-0.1773717094175029,-0.7763509938745743,-0.3021977347562447,0.1198872926364737,-0.0396409066930573,-0.6432136165036548,-0.3085947486009929,-0.41885945349718307,low,-1.74902987589769,0.0,0.018115942028985508,0.011185682326621925,train_oof,0.07685139318795782
ANOVA_SVM_class_weight,ANOVA,supervised,SVM,class_weight,123,46,276,894,37,0.16536828639687848,0.02409923399056135,-0.028199728885552906,0.26698422185332626,0.0852875704887081,0.0392411588415114,-0.0068052528056853,-0.0068052528056853,0.19393580728952575,0.14774600284848116,0.05238677526432184,high,1.9271440363766104,0.043478260869565216,0.05434782608695652,0.021252796420581657,train_oof,0.07685139318795782
ANOVA_SVM_class_weight,ANOVA,supervised,SVM,class_weight,124,46,276,894,37,0.3331941110849761,0.03450270481608482,-0.04256718848628299,0.32029399530664415,0.2991009479565267,-0.0494069418009682,-0.2236608866797079,0.0377200306384171,0.38266193886829425,0.304047426159889,0.07752633048112587,high,2.1287673691833247,0.043478260869565216,0.036231884057971016,0.011185682326621925,train_oof,0.07685139318795782
ANOVA_SVM_class_weight,ANOVA,supervised,SVM,class_weight,125,46,276,894,37,-0.5254836695958646,-0.2653773466873857,0.11791331781714512,-0.19438690899669894,-0.6240351334555115,-0.3863773266390666,-0.0826041901067694,-0.3184750961200829,-0.6274783652786481,-0.3190642332505653,-0.3851950782526829,low,-1.5678761376693908,0.08695652173913043,0.043478260869565216,0.011185682326621925,train_oof,0.07685139318795782
ANOVA_SVM_class_weight,ANOVA,supervised,SVM,class_weight,129,46,276,894,37,0.5609237587795846,0.27577580376719585,-0.12511731430049325,0.25671977804815876,0.460546058970014,0.421931196747262,0.17093459229937363,0.460546058970014,0.6731695474156828,0.34495068587063393,0.402923773763445,high,1.8278877173134016,0.021739130434782608,0.007246376811594203,0.010067114093959731,train_oof,0.07685139318795782
ANOVA_SVM_class_weight,ANOVA,supervised,SVM,class_weight,130,46,276,894,37,0.41902539796006166,0.20871691350756877,-0.0974009973170286,0.23251265938483515,0.6963960969769061,0.2769070459167377,0.04826112419062745,0.0842347492088688,0.5005336252662297,0.25160897981897473,0.3057406713718052,high,1.5731769914892948,0.043478260869565216,0.036231884057971016,0.011185682326621925,train_oof,0.07685139318795782
ANOVA_SVM_class_weight,ANOVA,supervised,SVM,class_weight,133,46,276,894,37,0.23636219917844328,0.07386524770880935,-0.0457204898289282,0.2498906043275382,0.07158259891856035,0.1251694042163572,-0.0330225643174351,0.3539669998698845,0.28918025545191933,0.1571185850029113,0.1193981916444118,high,2.1469719020373548,0.0,0.014492753623188406,0.012304250559284116,train_oof,0.07685139318795782
ANOVA_SVM_class_weight,ANOVA,supervised,SVM,class_weight,159,46,276,894,37,0.1606992255846231,0.21174788489881394,-0.09915969639052377,0.6201341706081579,-0.20509077412218113,-0.22565448523805337,-0.27219341039502726,-0.1428584904820416,0.3550855543680054,-0.03586615133364842,0.3356581344116232,high,2.216113041678153,0.043478260869565216,0.06884057971014493,0.010067114093959731,train_oof,0.07685139318795782
ANOVA_SVM_class_weight,ANOVA,supervised,SVM,class_weight,165,46,276,894,37,0.12198377450189474,0.17437379146766024,-0.08843384993554855,0.7000531622557876,-0.22368221451908935,-0.1755090504184911,-0.1481675248478812,-0.0531231740548088,0.32586555898394964,-0.03431009187877887,0.2969266547653925,low,-0.5194133630004382,0.021739130434782608,0.021739130434782608,0.010067114093959731,train_oof,0.07685139318795782
ANOVA_SVM_class_weight,ANOVA,supervised,SVM,class_weight,200,46,276,894,37,0.3940579178429863,0.08604436096868057,-0.04860399849368467,0.04558876185879873,0.08500127561110796,-0.06459136480053079,-0.0566343094594862,-0.0078310367010791,0.6624409113234454,0.17203816277241066,0.14471408432338131,high,1.0842801135608542,0.021739130434782608,0.021739130434782608,0.010067114093959731,train_oof,0.07685139318795782
ANOVA_SVM_class_weight,ANOVA,supervised,SVM,class_weight,249,46,276,894,37,-0.0713974120796145,0.01642657850382446,-0.04750452264668832,1.114042933371519,-0.0713974120796145,-0.0713974120796145,-0.0713974120796145,-0.0713974120796145,-0.09217655647746423,-0.10330821036105792,0.12736456010770694,flat,,,,,train_oof,0.07685139318795782
ANOVA_SVM_class_weight,ANOVA,supervised,SVM,class_weight,295,46,276,894,37,0.19665129691343425,0.29737944024632534,-0.12285074996420993,0.5155059376336056,-0.055554355952043555,-0.19390829061064796,-0.19758585252457284,-0.1491413939510694,0.4978125938617328,-0.06568919150525013,0.4477728646016573,high,2.3213613675611207,0.06521739130434782,0.09057971014492754,0.010067114093959731,train_oof,0.07685139318795782
ANOVA_SVM_class_weight,ANOVA,supervised,SVM,class_weight,298,46,276,894,37,0.1851105100194459,0.2180607256395553,-0.10322126834657634,0.6554974609434459,-0.09909409231647626,-0.158447940283949,-0.1771484677257556,-0.0576277053802966,0.4469324397361075,-0.021719545636354,0.35639713898795733,high,0.8380299911129634,0.043478260869565216,0.06159420289855073,0.010067114093959731,train_oof,0.07685139318795782
ANOVA_SVM_class_weight,ANOVA,supervised,SVM,class_weight,316,46,276,894,37,-0.3495354786619345,-0.11313401072676513,0.062086211723226356,-0.21632003223400867,-0.4531803223726063,-0.29934497201937327,-0.06955372569179616,-0.2552017727355823,-0.4407498777321594,-0.20962435670845353,-0.17476155973820212,low,-1.7531783056962025,0.021739130434782608,0.04710144927536232,0.010067114093959731,train_oof,0.07685139318795782
ANOVA_SVM_class_weight,ANOVA,supervised,SVM,class_weight,337,46,276,894,37,0.3940614268887964,0.13111038155539542,-0.06211987812478939,0.01660396610941853,-0.14294476447469465,-0.15262722878915747,-0.17311041386003506,-0.0955416011548739,0.5602107733931664,0.1498572406367599,0.2292909730302404,high,1.5569206713732338,0.021739130434782608,0.03260869565217391,0.010067114093959731,train_oof,0.07685139318795782
ANOVA_SVM_class_weight,ANOVA,supervised,SVM,class_weight,348,46,276,894,37,0.5536058942905849,0.24730281613446436,-0.12923367999481647,0.48648146116062757,-0.07457388062081635,-0.03804769707961965,-0.216620149947692,0.0350046700027735,0.8026786128855187,0.20830179866367918,0.449720084166086,high,2.6428930055474313,0.021739130434782608,0.028985507246376812,0.010067114093959731,train_oof,0.07685139318795782
ANOVA_SVM_class_weight,ANOVA,supervised,SVM,class_weight,377,46,276,894,37,-0.36221432353352134,-0.12089144177909042,0.06349267036959859,-0.20994510396497706,-0.3714959728317686,-0.3714959728317686,0.0554598948876092,-0.1580180389720797,-0.4587004470982612,-0.20754192089947923,-0.1827498113360212,low,-1.66730703136008,0.043478260869565216,0.018115942028985508,0.010067114093959731,train_oof,0.07685139318795782
ANOVA_SVM_class_weight,ANOVA,supervised,SVM,class_weight,434,46,276,894,37,0.3885379862346257,0.19545854823397707,-0.10427188769389442,0.5909100831645594,-0.1188248937820901,-0.1322957425317228,-0.12761406087753896,-0.0902722161151211,0.7955197309583751,0.11432211353613973,0.3690662600760031,high,0.27113804114322354,0.08695652173913043,0.057971014492753624,0.010067114093959731,train_oof,0.07685139318795782
ANOVA_SVM_class_weight,ANOVA,supervised,SVM,class_weight,437,46,276,894,37,0.5045590942585597,0.04278125255699536,-0.03714456467584885,-0.04678903172158156,-0.07445423711375015,-0.14649912804482695,-0.14335094793691444,-0.1088723215627561,0.5647455132257142,0.3095252752162878,0.09318015430792415,high,2.14055079908092,0.06521739130434782,0.018115942028985508,0.010067114093959731,train_oof,0.07685139318795782
ANOVA_SVM_class_weight,ANOVA,supervised,SVM,class_weight,452,46,276,894,37,-0.3416232240887882,-0.16402901855407437,0.07613248895221607,-0.18889599366494714,-0.4642040719458826,-0.25856605208095507,0.007354594956272151,-0.2314279490876284,-0.45656995769482595,-0.15284785293053824,-0.23979431459852552,low,-2.040894001484219,0.0,0.028985507246376812,0.010067114093959731,train_oof,0.07685139318795782
ANOVA_SVM_class_weight,ANOVA,supervised,SVM,class_weight,471,46,276,894,37,0.4481970016456109,0.12047722404025561,-0.06057491137337363,-0.03243217699665429,-0.1704924860584693,-0.20181893097148268,-0.2267511116865369,-0.2656571211921597,0.6836656521826648,0.18785306822748019,0.20164428882160632,high,1.888807002213539,0.043478260869565216,0.021739130434782608,0.010067114093959731,train_oof,0.07685139318795782
ANOVA_SVM_class_weight,ANOVA,supervised,SVM,class_weight,477,46,276,894,37,0.3941684246068581,0.17462786123547838,-0.07427108185838154,-0.005315254837344224,0.02939394161535305,-0.10096379410924686,-0.11199087468417745,-0.0572965550325215,0.9080030446377914,0.113918366085718,0.2674825711494199,high,0.6833605127602239,0.043478260869565216,0.036231884057971016,0.010067114093959731,train_oof,0.07685139318795782
ANOVA_SVM_class_weight,ANOVA,supervised,SVM,class_weight,510,46,276,894,37,0.6104641953121528,0.41424197315511113,-0.18248011761504704,0.5351844563026692,0.25743482353183866,0.0989246418519613,-0.29953589554970517,-0.0402415534128636,1.1332146847150764,0.13765134704454612,0.6602878129942603,high,1.8772064864740865,0.15217391304347827,0.10144927536231885,0.010067114093959731,train_oof,0.07685139318795782
ANOVA_SVM_class_weight,ANOVA,supervised,SVM,class_weight,511,46,276,894,37,0.2586172114983404,0.0855525514600653,-0.049735741352603655,0.21778785773627787,0.02620807055161855,-0.8374816063277984,-0.8374816063277984,0.1304148250276995,0.31662750847466364,0.16320694924963847,0.13643028918034752,high,2.1046832949505947,0.0,0.018115942028985508,0.010067114093959731,train_oof,0.07685139318795782
ANOVA_SVM_class_weight,ANOVA,supervised,SVM,class_weight,545,46,276,894,37,-0.2611160571927196,-0.020087440147108997,0.02679370954083155,-0.16022284267216863,-0.3737353644723715,-0.3737353644723715,-0.3737353644723715,-0.3737353644723715,-0.3012661231923905,-0.2201415350281498,-0.045837225516613,flat,,,,,train_oof,0.07685139318795782
ANOVA_SVM_class_weight,ANOVA,supervised,SVM,class_weight,551,46,276,894,37,0.30943826631031685,0.07143512413620208,-0.049845598270746756,0.09975617131819366,-0.01136830973440495,-0.0417960177909775,-0.0542745109900623,0.0167641836352849,0.6205132520701039,0.1401105812695125,0.15382394057760054,high,0.6609388591715454,0.043478260869565216,0.03260869565217391,0.010067114093959731,train_oof,0.07685139318795782
ANOVA_SVM_class_weight,ANOVA,supervised,SVM,class_weight,553,46,276,894,37,0.32722759676567287,0.1504990822440967,-0.07747086766159977,0.051449895659280084,0.07105532945723475,0.010366563268692251,-0.1393666271885014,-0.1341950318332657,0.5690843269142841,0.11765190094639094,0.27045126562862765,high,1.3432436304630162,0.06521739130434782,0.03260869565217391,0.010067114093959731,train_oof,0.07685139318795782
ANOVA_SVM_class_weight,ANOVA,supervised,SVM,class_weight,562,46,276,894,37,-0.45617157684227905,-0.0031981984156049885,-0.020675578618351936,0.06062542064359209,-0.08282904813762221,0.16124115426830965,0.1887927251301679,0.1887927251301679,-0.47613385633440763,-0.47522984822344266,0.019025098334834484,low,-2.058857640961957,0.13043478260869565,0.021739130434782608,0.010067114093959731,train_oof,0.07685139318795782
ANOVA_SVM_class_weight,ANOVA,supervised,SVM,class_weight,582,46,276,894,37,0.24392426054149058,0.12371454062683805,-0.061305865494148036,0.269645053737367,0.3333472377087641,0.1381832218473487,-0.0719934106188243,0.1081579886378668,0.31199608647144333,0.10922931640293637,0.1874735636641143,high,2.302101779252536,0.08695652173913043,0.014492753623188406,0.010067114093959731,train_oof,0.07685139318795782
ANOVA_SVM_class_weight,ANOVA,supervised,SVM,class_weight,NA_72,46,276,894,37,0.34782608695652173,0.358695652173913,0.5727069351230425,0.3783783783783784,0.0,0.0,1.0,0.0,-0.45492333672942376,-0.022614900852368305,-0.4353424100280725,low,0.0,0.6521739130434783,0.6413043478260869,0.4272930648769575,train_oof,0.07685139318795782
ANOVA_SVM_class_weight,ANOVA,supervised,SVM,class_weight,NA_112,46,276,894,37,0.21739130434782608,0.4166666666666667,0.4697986577181208,0.43243243243243246,0.0,0.0,0.0,0.0,-0.5091642745956879,-0.4118702074710596,-0.1066724764870608,flat,,,,,train_oof,0.07685139318795782
RFERF_RF_SMOTE,RFERF,supervised,RF,SMOTE,0,65,319,851,18,-0.18980266600362314,-0.0779510637454038,0.0395693011634603,0.136358195585214,-0.4009873167426543,-0.0545022322908059,-0.0202007428053935,0.02290968950506389,-0.2334984671866732,-0.10967932159215912,-0.11952460080854613,low,-2.0170279186467237,0.015384615384615385,0.02821316614420063,0.010575793184488837,train_oof,0.1755144641265648
RFERF_RF_SMOTE,RFERF,supervised,RF,SMOTE,2,65,319,851,18,0.012615956156476028,0.001803091451449968,0.001708893125445445,-0.12821523414424454,-0.1290929332477285,-0.0945529583060222,0.0908979547894733,-0.16738321359735503,0.010599153580580558,0.011397497502319916,9.45440016484505e-05,low,-2.5553411916221265,0.0,0.003134796238244514,0.01527614571092832,train_oof,0.1755144641265648
RFERF_RF_SMOTE,RFERF,supervised,RF,SMOTE,8,65,319,851,18,0.04047782968087015,0.22497312279575096,-0.08899478599352233,0.007303449999480926,0.0810525944716143,0.1799366514475127,-0.1397433135704641,-0.0076721415821052,0.12609427025403383,-0.2121999317861839,0.31232667088373806,high,2.1163032192153155,0.0,0.006269592476489028,0.010575793184488837,train_oof,0.1755144641265648
RFERF_RF_SMOTE,RFERF,supervised,RF,SMOTE,9,65,319,851,18,-0.11320833191620774,-0.07483568580969334,0.03396766848426943,0.11529205302216068,-0.2174573947775554,-0.0918499873299803,-0.0059080769711131,0.2122521570167804,-0.14629964568624337,-0.04030239436171314,-0.10774966250382291,low,-2.2304813720294825,0.0,0.018808777429467086,0.010575793184488837,train_oof,0.1755144641265648
RFERF_RF_SMOTE,RFERF,supervised,RF,SMOTE,14,65,319,851,18,-0.28627350907551613,-0.05962231715970211,0.05271124746640002,-0.35113890112584567,-0.2963467085002608,-0.1622562122364825,0.0317555225141032,-0.29665408962707923,-0.35995898920350955,-0.19990811435903322,-0.1128768971455942,low,-2.115862166836835,0.015384615384615385,0.01567398119122257,0.010575793184488837,train_oof,0.1755144641265648
RFERF_RF_SMOTE,RFERF,supervised,RF,SMOTE,15,65,319,851,18,-0.028952139318224372,0.04642059715048512,-0.015529423572753292,0.01745526555261932,-0.0520925390290708,-0.0448245579878127,-0.0697220520163255,0.052728786076214194,-0.015408636739070867,-0.061994503468685444,0.060222340923412596,high,1.0392840001636738,0.0,0.009404388714733543,0.010575793184488837,train_oof,0.1755144641265648
RFERF_RF_SMOTE,RFERF,supervised,RF,SMOTE,16,65,319,851,18,0.18766835435478882,0.10692461127549137,-0.0608000622729084,0.28941245087078926,0.1449067106772109,0.1181960167277181,-0.0582141634610861,0.19792943150231915,0.2548631318684496,0.07613673956003184,0.1687957665826538,high,1.8577797935725773,0.046153846153846156,0.0219435736677116,0.010575793184488837,train_oof,0.1755144641265648
RFERF_RF_SMOTE,RFERF,supervised,RF,SMOTE,19,65,319,851,18,0.08146379160171567,0.0029510358347875146,-0.012704032379082134,0.2591999135705861,-0.0237492771698798,-0.000629937536488,0.0834403884031107,0.3054385928373644,0.08946608627283156,0.09970686141607621,0.015207347029488989,low,-1.8966785072430028,0.0,0.003134796238244514,0.010575793184488837,train_oof,0.1755144641265648
RFERF_RF_SMOTE,RFERF,supervised,RF,SMOTE,21,65,319,851,18,0.4735657302382965,0.11503085562508664,-0.0833503933313027,0.1979769900379517,0.2600998840169238,0.1579422361403919,0.1350652339132149,0.2297286914049819,0.6248932752498049,0.2656646992065378,0.2116439048067828,high,1.3627319482595681,0.09230769230769231,0.05329153605015674,0.010575793184488837,train_oof,0.1755144641265648
RFERF_RF_SMOTE,RFERF,supervised,RF,SMOTE,24,65,319,851,18,-0.06463950834982564,0.0033745011273537016,0.005845546469392344,-0.0867825156030137,0.127418282834732,0.151599188349398,0.0488726142224079,0.030652386465727856,-0.06786475474853373,-0.07912490269208272,-0.0024303518166839152,high,3.2674413177832666,0.0,0.0,0.010575793184488837,train_oof,0.1755144641265648
RFERF_RF_SMOTE,RFERF,supervised,RF,SMOTE,25,65,319,851,18,-0.32926571870223315,-0.2102003155886876,0.09552273313787689,0.36175660576121027,0.4112510583721981,0.4241789469406198,0.448348477742452,0.5711634191424609,-0.48441612801342915,-0.08999964330785101,-0.3232883816442139,low,-1.3716733998466921,0.13846153846153847,0.0877742946708464,0.010575793184488837,train_oof,0.1755144641265648
RFERF_RF_SMOTE,RFERF,supervised,RF,SMOTE,28,65,319,851,18,-0.6385540677530747,-0.5838769519596557,0.25941254490713894,0.36138859474364726,-0.508007917488434,-0.5468376441662645,0.1360761684631589,0.36589396938193425,-0.9824529783565739,-0.06021855325755156,-0.9122348257149654,low,-2.087471863418843,0.03076923076923077,0.0438871473354232,0.011750881316098707,train_oof,0.1755144641265648
RFERF_RF_SMOTE,RFERF,supervised,RF,SMOTE,31,65,319,851,18,-0.06314159191588742,0.022527736232625273,0.009808068216615687,-0.6102411695987504,-0.4187602376629362,-0.4226680117840752,-0.4678865409001133,-0.4928218614826194,-0.07234737379752748,-0.08850650044495406,0.012586516863927501,high,1.9593994417731206,0.0,0.0,0.010575793184488837,train_oof,0.1755144641265648
RFERF_RF_SMOTE,RFERF,supervised,RF,SMOTE,33,65,319,851,18,0.4455400608498392,0.11395496323519412,-0.07419419395997721,-0.12154950023872539,-0.0639636392243969,-0.0951420168611349,-0.1591932491800866,-0.14377350806626477,0.5395305748571186,0.2533619970825394,0.20793742875508542,high,3.088305898013492,0.046153846153846156,0.012539184952978056,0.011750881316098707,train_oof,0.1755144641265648
RFERF_RF_SMOTE,RFERF,supervised,RF,SMOTE,35,65,319,851,18,-0.0008570047999864391,0.047993974481821765,-0.015106211425754596,-0.14223746609561264,-0.1750404154125366,-0.167810672695449,-0.1465913778207919,-0.14603107276021948,0.014206145350294557,-0.04938281385719841,0.062050327159178596,low,-0.3208643260162251,0.015384615384615385,0.003134796238244514,0.01410105757931845,train_oof,0.1755144641265648
RFERF_RF_SMOTE,RFERF,supervised,RF,SMOTE,37,65,319,851,18,0.2908637151659694,-0.010348222321451318,-0.007543912825143632,-0.47863054334452126,0.2992553968558932,0.0831968390603314,0.0049520856410351,-0.6327587544694303,0.3307801424937998,0.2525001681041662,-0.0027853764236392083,high,3.1134905609889807,0.015384615384615385,0.006269592476489028,0.011750881316098707,train_oof,0.1755144641265648
RFERF_RF_SMOTE,RFERF,supervised,RF,SMOTE,39,65,319,851,18,0.03861526610217088,0.06569463402117366,-0.023991319533944178,-0.17463263842322835,-0.2304537519017632,-0.2418351031004259,-0.117713952292411,-0.0718664337846065,0.08615873893913596,-0.018406635125024558,0.08914423683347071,low,-1.4780001630075774,0.0,0.01567398119122257,0.010575793184488837,train_oof,0.1755144641265648
RFERF_RF_SMOTE,RFERF,supervised,RF,SMOTE,41,65,319,851,18,0.07053839421047324,0.1147699351838186,-0.04719557075335465,-0.060086947013467715,-0.0569869120230521,-0.0938235136206551,-0.1242932951890429,-0.15339875817974158,0.1389229219574639,-0.03582601959388064,0.1593580070942871,high,1.294825412037134,0.0,0.01567398119122257,0.010575793184488837,train_oof,0.1755144641265648
RFERF_RF_SMOTE,RFERF,supervised,RF,SMOTE,43,65,319,851,18,-0.028907592635813762,0.1018458484011879,-0.03456615465718114,-0.06760260060818579,-0.1276903196901872,0.0476830463583514,-0.3868037044156833,-0.6158227687412385,0.00563357035567788,-0.1356782021431112,0.13613253650603682,high,2.3976282777157465,0.0,0.006269592476489028,0.010575793184488837,train_oof,0.1755144641265648
RFERF_RF_SMOTE,RFERF,supervised,RF,SMOTE,47,65,319,851,18,-0.04670005554971532,0.0853511561205453,-0.03959670608148596,0.5522049140634215,0.1332431702716216,0.4442900832407164,0.337104998366231,0.8514883223472178,-0.006976179150768967,-0.14112123173396324,0.12473139672243375,low,-1.8664942465533385,0.0,0.009404388714733543,0.010575793184488837,train_oof,0.1755144641265648
RFERF_RF_SMOTE,RFERF,supervised,RF,SMOTE,48,65,319,851,18,-0.20686976374562513,0.05938066664834983,-0.017631850005644854,0.5371356015829747,-0.4161698354110992,0.122256921954776,-0.0202066195268127,0.28783731431061077,-0.19513621725978383,-0.24960599545842008,0.07725208060178088,low,-2.2565433883287414,0.0,0.025078369905956112,0.010575793184488837,train_oof,0.1755144641265648
RFERF_RF_SMOTE,RFERF,supervised,RF,SMOTE,55,65,319,851,18,0.051080915802939116,0.10697027776483872,-0.04013007721589631,-0.12499653264514476,-0.3887345895385595,0.1175925249213401,-0.077148672947852,0.05697006359717075,0.09990435595249883,-0.045507573030791074,0.14995603155860013,low,-2.0245606516397734,0.0,0.025078369905956112,0.011750881316098707,train_oof,0.1755144641265648
RFERF_RF_SMOTE,RFERF,supervised,RF,SMOTE,56,65,319,851,18,0.2771470981994802,0.1632066234969824,-0.08242464506658365,0.05109196178100187,0.506794437311762,0.463569310741405,0.2330353023661358,0.25464786565131436,0.3425954344912281,0.14028950876976903,0.24333699120237737,high,1.183988086914101,0.046153846153846156,0.018808777429467086,0.011750881316098707,train_oof,0.1755144641265648
RFERF_RF_SMOTE,RFERF,supervised,RF,SMOTE,57,65,319,851,18,-0.2466369604527132,0.06453152699722224,-0.005683006089022359,0.028930647041947324,-0.2253487013997487,0.1802293374539053,0.0132266155729998,-0.0243685889359746,-0.23673432210192755,-0.31872089945836085,0.07072226407809679,low,-2.4918142126408602,0.03076923076923077,0.009404388714733543,0.010575793184488837,train_oof,0.1755144641265648
RFERF_RF_SMOTE,RFERF,supervised,RF,SMOTE,58,65,319,851,18,0.2157671671557227,0.3407414111348158,-0.1423830331327249,-0.013806671667261556,0.1882520676036252,0.415941331377423,-0.432289656463813,-0.2063699983670148,0.3570157912780731,-0.13778685588966036,0.490891945131962,high,2.0646239537809294,0.0,0.01567398119122257,0.010575793184488837,train_oof,0.1755144641265648
RFERF_RF_SMOTE,RFERF,supervised,RF,SMOTE,59,65,319,851,18,0.7465746669346198,0.5890272978660538,-0.27932729286847646,0.026126825062805725,0.5458692587160796,0.2770064644767664,-0.3006646849330678,-0.20462923646711562,1.9704106258934029,0.10520938253390479,0.9683160725510384,high,1.9392745417365718,0.16923076923076924,0.1786833855799373,0.010575793184488837,train_oof,0.1755144641265648
RFERF_RF_SMOTE,RFERF,supervised,RF,SMOTE,63,65,319,851,18,0.3534108812516764,0.288228683904266,-0.13477843328124997,-0.0390911207112978,-0.0992237793626038,0.050366959960204,-0.1532485787885021,0.0159536290312039,0.8056177549472143,0.04145362042056529,0.4351183832589529,high,1.204372647820314,0.2,0.11912225705329153,0.010575793184488837,train_oof,0.1755144641265648
RFERF_RF_SMOTE,RFERF,supervised,RF,SMOTE,64,65,319,851,18,0.6061119892222735,0.1861681652603864,-0.11161961066739869,-0.3407179366977032,0.3764163453335986,-0.1316301228902988,-0.1275730538687458,-0.3293310963105463,0.9333345438239881,0.28766979185909874,0.3178661090643045,high,1.5520433783813874,0.2923076923076923,0.1724137931034483,0.010575793184488837,train_oof,0.1755144641265648
RFERF_RF_SMOTE,RFERF,supervised,RF,SMOTE,65,65,319,851,18,0.43469184385068055,0.23130094715256488,-0.11618179075877225,-0.28530895866565237,0.3201183950472423,-0.119963156217633,-0.1649174292559988,-0.1932257693794584,0.6995187252047207,0.14607089799963735,0.35994640090288404,high,1.3143146831841983,0.3076923076923077,0.16927899686520376,0.010575793184488837,train_oof,0.1755144641265648
RFERF_RF_SMOTE,RFERF,supervised,RF,SMOTE,67,65,319,851,18,0.22756941467187333,0.10031297740691344,-0.0541819074426906,-0.057012199533075916,-0.0571748156886139,-0.0571820868799883,-0.0573510693675296,-0.05730366119976845,0.4591390094283344,0.070892293611259,0.17593378830289144,high,-0.0556900384099592,0.06153846153846154,0.0219435736677116,0.010575793184488837,train_oof,0.1755144641265648
RFERF_RF_SMOTE,RFERF,supervised,RF,SMOTE,75,65,319,851,18,0.09079161265686804,-0.29686087702197533,0.09878698306546277,0.24285290930918388,0.0167151022241025,-0.2828440707976934,0.1048207413481602,0.1642920477568991,-0.008935611336185433,0.2991180720174394,-0.4261604436741659,low,-1.7299791934103403,0.07692307692307693,0.09717868338557993,0.010575793184488837,train_oof,0.1755144641265648
RFERF_RF_SMOTE,RFERF,supervised,RF,SMOTE,76,65,319,851,18,-0.24502488894123978,-0.15270353871630774,0.08575314780584527,0.006316011792041554,-0.1733448226763963,-0.1583730864706931,0.1710051100547762,-0.1239380931975759,-0.3433600658576909,-0.08592625253000036,-0.24239558467812303,low,-2.377184392155901,0.046153846153846156,0.018808777429467086,0.010575793184488837,train_oof,0.1755144641265648
RFERF_RF_SMOTE,RFERF,supervised,RF,SMOTE,79,65,319,851,18,0.534552247778229,0.46357389454503484,-0.21069512218997755,-0.4291278605987856,0.5055779371215329,0.3111975273260366,-0.237387184763475,-0.55055562276733,0.9582896157974101,0.055492270874355994,0.7194676667839514,high,2.0627809978165637,0.15384615384615385,0.14106583072100312,0.010575793184488837,train_oof,0.1755144641265648
RFERF_RF_SMOTE,RFERF,supervised,RF,SMOTE,81,65,319,851,18,-0.0260080243477853,-0.01996434735256507,0.006665530693142349,0.06742607898612357,-0.0392255316486798,0.1266769737832367,0.0674260789861236,0.5562459610623063,-0.03336201861103174,-0.006037885809266139,-0.027066829180644056,low,-2.8832684819101067,0.015384615384615385,0.01567398119122257,0.010575793184488837,train_oof,0.1755144641265648
RFERF_RF_SMOTE,RFERF,supervised,RF,SMOTE,88,65,319,851,18,0.14864667116956973,0.04460658697314916,-0.02631134836481126,-0.0833654117782137,0.041900173937771,0.0863754816874843,0.0197932468080481,-0.256622342648704,0.1759170869368782,0.10511338985415795,0.07090039661906153,high,2.2229433087306014,0.0,0.006269592476489028,0.010575793184488837,train_oof,0.1755144641265648
RFERF_RF_SMOTE,RFERF,supervised,RF,SMOTE,90,65,319,851,18,-0.18769329880669464,-0.056691062410109926,0.03676840456758717,-0.03648012256466606,-0.1791097221504262,-0.0103029803984339,0.0228936437706999,-0.07364341121444375,-0.22867718637143228,-0.1346889679393158,-0.0938844993091082,low,-2.104832026477454,0.015384615384615385,0.0219435736677116,0.010575793184488837,train_oof,0.1755144641265648
RFERF_RF_SMOTE,RFERF,supervised,RF,SMOTE,91,65,319,851,18,0.027732701990688165,0.12877120758615188,-0.055532177745866364,0.253439486870425,0.0874428482061788,0.1337412304186556,-0.0345138659144917,0.19641343073066697,0.08304070763134282,-0.10663202748124974,0.18270621793359493,high,2.5796508858387726,0.0,0.003134796238244514,0.010575793184488837,train_oof,0.1755144641265648
RFERF_RF_SMOTE,RFERF,supervised,RF,SMOTE,92,65,319,851,18,-0.0831097566422141,0.028443428356779068,-0.003980352663013479,-0.026647243965844437,-0.1300531851953159,-0.0080002709572512,-0.0690267280762835,-0.31313255655241284,-0.07829893963859155,-0.117572988415868,0.032098152720920765,low,-2.204952727242416,0.015384615384615385,0.01567398119122257,0.011750881316098707,train_oof,0.1755144641265648
RFERF_RF_SMOTE,RFERF,supervised,RF,SMOTE,102,65,319,851,18,-0.24804520014777431,-0.11455563661519827,0.061506113360710886,-0.01086009257564121,-0.448198677762217,-0.1240724862134216,-0.0149606989593717,-0.17221003941373775,-0.3115431288247938,-0.12428705187111987,-0.18042127374664882,low,-2.0399471035860044,0.046153846153846156,0.018808777429467086,0.010575793184488837,train_oof,0.1755144641265648
RFERF_RF_SMOTE,RFERF,supervised,RF,SMOTE,103,65,319,851,18,0.9809180161370838,0.6984135398352345,-0.3322022040598234,-0.29924738661644135,1.1373308306953096,0.7450414565621388,-0.3337543223040816,-0.3500997128929636,1.643757092390642,0.2658194417655421,1.2071443150029246,high,1.5296202048284806,0.26153846153846155,0.19122257053291536,0.011750881316098707,train_oof,0.1755144641265648
RFERF_RF_SMOTE,RFERF,supervised,RF,SMOTE,107,65,319,851,18,-0.3422775543901656,0.04866804194627469,0.0009970090928195935,0.3311036119779456,-0.1396887429309186,0.1299263676678478,0.0069638276876572,0.32452304791172737,-0.3542081792705866,-0.3564368271146811,0.04806822743272617,low,-2.5069996617238535,0.03076923076923077,0.03761755485893417,0.010575793184488837,train_oof,0.1755144641265648
RFERF_RF_SMOTE,RFERF,supervised,RF,SMOTE,115,65,319,851,18,-0.17091771000380185,-0.03613991692894509,0.029682340163138837,-0.1456326015695722,-0.0070384258648829,0.120420162135322,0.0820745265407882,-0.03299621281793334,-0.20281512273254995,-0.13032313200640158,-0.06584205456658998,low,-2.7290146768248182,0.0,0.01567398119122257,0.010575793184488837,train_oof,0.1755144641265648
RFERF_RF_SMOTE,RFERF,supervised,RF,SMOTE,122,65,319,851,18,-0.38502968440811686,-0.2857725685741472,0.14402840518599969,-0.3455879278609205,-0.5171176699640857,-0.27450186681709,0.1254264662243041,-0.46006418200942695,-0.5015842737315591,-0.14004680357885851,-0.4335863450571979,low,-1.6648344373626591,0.015384615384615385,0.025078369905956112,0.01410105757931845,train_oof,0.1755144641265648
RFERF_RF_SMOTE,RFERF,supervised,RF,SMOTE,124,65,319,851,18,0.39561082512013884,0.20848513783038938,-0.11167929370786346,0.08128351685809515,0.2991009479565267,0.2119739755171568,-0.2236608866797079,-0.18009740046002298,0.5099164360702249,0.19876899754962854,0.32525057477409974,high,2.0416403967439547,0.07692307692307693,0.034482758620689655,0.010575793184488837,train_oof,0.1755144641265648
RFERF_RF_SMOTE,RFERF,supervised,RF,SMOTE,125,65,319,851,18,-0.381110092887068,-0.3810525845696144,0.18064175431318014,-0.36624491092378925,-0.540050795708347,-0.4364105491267392,-0.0147019595877856,-0.47071904454685776,-0.5443923865738146,-7.750037742705581e-05,-0.5750804490231376,low,-1.4579817382768243,0.046153846153846156,0.050156739811912224,0.010575793184488837,train_oof,0.1755144641265648
RFERF_RF_SMOTE,RFERF,supervised,RF,SMOTE,126,65,319,851,18,0.1382088802026362,-0.006202999119994015,-0.011855427594140905,0.07133480727340386,0.0299945930039064,-0.0914150889033548,-0.0639999994404245,0.0789501099019952,0.14218833915055384,0.17164939575932653,0.005613020147549722,high,4.717974891164911,0.0,0.0,0.01410105757931845,train_oof,0.1755144641265648
RFERF_RF_SMOTE,RFERF,supervised,RF,SMOTE,129,65,319,851,18,0.5109796186562916,0.45644897005678836,-0.21309985733608738,0.11596941549909984,0.460546058970014,0.460546058970014,0.0743157985559761,0.22881606654024306,0.692462018949898,0.09222531168534986,0.6943234740987476,high,2.043510495543296,0.015384615384615385,0.0,0.012925969447708578,train_oof,0.1755144641265648
RFERF_RF_SMOTE,RFERF,supervised,RF,SMOTE,130,65,319,851,18,0.28906397369343606,0.16844142433033277,-0.0977713723087083,0.5049432451849104,0.3159292832246588,0.16471811365646,0.1049653127787032,0.9415045250672958,0.36455616084613335,0.16147874541471136,0.26550870323678855,high,1.5731769914892948,0.046153846153846156,0.02821316614420063,0.012925969447708578,train_oof,0.1755144641265648
RFERF_RF_SMOTE,RFERF,supervised,RF,SMOTE,131,65,319,851,18,0.15948840145824056,-0.098703543411072,0.027963563622908583,-0.1250817111963043,0.083076745979686,-0.1227730518969172,-0.0040593523730439,-0.2872516720194648,0.12987801745569705,0.26753117666185683,-0.12664568867563072,high,1.8257987130344795,0.046153846153846156,0.034482758620689655,0.025851938895417155,train_oof,0.1755144641265648
RFERF_RF_SMOTE,RFERF,supervised,RF,SMOTE,132,65,319,851,18,0.18711174138385225,0.11677428876124109,-0.048284198698451644,-0.48466358134738236,0.2756331946108676,0.1000843211226934,-0.2603511318902715,-0.7038921686290109,0.23154890511001067,0.07332352615838855,0.16744499526728637,high,2.176790143663675,0.0,0.0,0.012925969447708578,train_oof,0.1755144641265648
RFERF_RF_SMOTE,RFERF,supervised,RF,SMOTE,133,65,319,851,18,0.2972789453498061,0.11848207751558748,-0.06848776999636055,0.04419344858832852,0.1355651377430604,0.1222732321194762,-0.0702155112457948,-0.009411140222352954,0.35851269111422607,0.19840743837586766,0.1870838434995533,high,2.1469719020373548,0.0,0.003134796238244514,0.01645123384253819,train_oof,0.1755144641265648
RFERF_RF_SMOTE,RFERF,supervised,RF,SMOTE,137,65,319,851,18,0.2179549170400586,0.15719777816879932,-0.07597629886076109,0.04183123063502851,0.3741080472438483,0.0910416159979347,-0.1920248152479791,-0.07167385399420326,0.2909897569377864,0.0656404957840542,0.23360204279618793,high,2.191895197557744,0.015384615384615385,0.01567398119122257,0.010575793184488837,train_oof,0.1755144641265648
RFERF_RF_SMOTE,RFERF,supervised,RF,SMOTE,139,65,319,851,18,-0.14148076230748366,-0.04591346363529265,0.02527292474497065,0.184913953005229,-0.3634064059942239,-0.3634064059942239,-0.269003112466586,-0.08659265963479684,-0.1624988270868314,-0.10281941770293512,-0.07134667145403013,low,-1.1219720641063897,0.015384615384615385,0.003134796238244514,0.010575793184488837,train_oof,0.1755144641265648
RFERF_RF_SMOTE,RFERF,supervised,RF,SMOTE,144,65,319,851,18,-0.17922231933693106,-0.18962271531981545,0.09148456145794069,-0.2786072685659596,-0.3132311551450702,-0.3587936586329859,-0.1277266766585559,-0.440155272004264,-0.25735580796645413,0.012364720010068005,-0.2816119141387086,low,-1.117897511387011,0.0,0.03761755485893417,0.010575793184488837,train_oof,0.1755144641265648
RFERF_RF_SMOTE,RFERF,supervised,RF,SMOTE,156,65,319,851,18,0.0100407922171729,-0.040917541473640684,0.013095365936988028,0.0697715457554698,-0.1275939704047138,-0.1230055567258203,-0.1207113498863735,-0.08228338532564031,-0.002704504004920286,0.10322892516396887,-0.05249326968515695,low,-0.48950509932744024,0.015384615384615385,0.0,0.010575793184488837,train_oof,0.1755144641265648
RFERF_RF_SMOTE,RFERF,supervised,RF,SMOTE,173,65,319,851,18,-0.11645702094274658,-0.06843747879661108,0.02755214400036326,0.3225304764205326,-0.1516814368670571,-0.0252945612992193,0.0739348038160258,0.3350647120140372,-0.1448314158029954,-0.05027294944541083,-0.09525003486289509,low,-2.733733969128998,0.0,0.0,0.01527614571092832,train_oof,0.1755144641265648
RFERF_RF_SMOTE,RFERF,supervised,RF,SMOTE,182,65,319,851,18,-0.18697040220544323,-0.11824209072610033,0.05447382230946853,0.23371000457288085,-0.3681812850136541,-0.2947863244390721,0.0035286766060023,0.4486335988002404,-0.2384226985712467,-0.07456220435875663,-0.17040090224783974,low,-1.536581705773529,0.0,0.0,0.010575793184488837,train_oof,0.1755144641265648
RFERF_RF_SMOTE,RFERF,supervised,RF,SMOTE,183,65,319,851,18,0.12218987402463766,-0.003855474520154261,-0.012461841460891373,0.20828205554006074,0.3853376926994163,0.2533992254275558,-0.0052118722849156,0.6388292268259507,0.13842098182074547,0.1194643565476609,0.008571918865491747,high,1.9209873586125272,0.015384615384615385,0.009404388714733543,0.010575793184488837,train_oof,0.1755144641265648
RFERF_RF_SMOTE,RFERF,supervised,RF,SMOTE,200,65,319,851,18,0.3015555971235379,-0.00290429745224368,-0.022064935533175702,0.011796366473497487,0.0133877775417064,-0.0555733687473468,-0.0598171315959042,0.0775746906261329,0.34822587072679206,0.22986782014553003,0.020555042537821484,high,1.166099861281038,0.015384615384615385,0.012539184952978056,0.010575793184488837,train_oof,0.1755144641265648
RFERF_RF_SMOTE,RFERF,supervised,RF,SMOTE,217,65,319,851,18,0.0013570965225720825,0.07865751192815908,-0.03704254138039154,0.3075847168097275,-0.2487876257157356,-0.1039468919177846,-0.2363727056759112,0.04606672523009345,0.0403215693892821,-0.072984838559794,0.11500196839454761,low,-1.1861140887224766,0.0,0.012539184952978056,0.010575793184488837,train_oof,0.1755144641265648
RFERF_RF_SMOTE,RFERF,supervised,RF,SMOTE,227,65,319,851,18,0.24429628303162035,0.11779615017603311,-0.05833984360699128,-0.22645837312622374,-0.1481667666320204,-0.1481667666320204,-0.2917844906468645,-0.2828083828959368,0.2986043338070562,0.12465221156766301,0.1783853724534763,high,4.501457048348556,0.015384615384615385,0.009404388714733543,0.010575793184488837,train_oof,0.1755144641265648
RFERF_RF_SMOTE,RFERF,supervised,RF,SMOTE,252,65,319,851,18,-0.026436111300921075,-0.025396367195949333,0.012211838435156436,-0.031804785458354023,-0.0286086856785004,-0.0304561448770907,-0.0304561448770907,-0.0333357624315525,-0.03301685329145677,-0.04010491183323459,-0.03631612887033653,high,0.00436408216270485,0.015384615384615385,0.01567398119122257,0.010575793184488837,train_oof,0.1755144641265648
RFERF_RF_SMOTE,RFERF,supervised,RF,SMOTE,271,65,319,851,18,0.19711743400558368,0.11238424745881415,-0.05592498118406687,-0.059073839688545134,0.0711597420252907,0.142667431613226,-0.1041571936444093,-0.41122900572818616,0.2540511946842734,0.08456918929754115,0.16944038652902604,high,2.1809247418344584,0.0,0.012539184952978056,0.010575793184488837,train_oof,0.1755144641265648
RFERF_RF_SMOTE,RFERF,supervised,RF,SMOTE,273,65,319,851,18,0.08248402662905265,0.17449396896836702,-0.06898924372667108,0.11565889567724101,-0.1876444534814844,-0.1118337535487681,-0.1682038627598553,-0.19431052305096125,0.16139281783472842,-0.0819073294188576,0.24456802178271686,low,-2.796662974903808,0.0,0.003134796238244514,0.012925969447708578,train_oof,0.1755144641265648
RFERF_RF_SMOTE,RFERF,supervised,RF,SMOTE,280,65,319,851,18,-0.19152150654252986,0.03818982659334414,0.003919078738114456,-0.19028816003615492,-0.2617418217641674,-0.2303719214933327,-0.1519471708162455,-0.31663914723812864,-0.2083405380155179,-0.2079721372262207,0.03366212075383284,low,-1.3832157564465137,0.0,0.012539184952978056,0.010575793184488837,train_oof,0.1755144641265648
RFERF_RF_SMOTE,RFERF,supervised,RF,SMOTE,281,65,319,851,18,-0.1496147489922028,0.11401054183094925,-0.02317350279498838,-0.3863729839056528,-0.3274339756173822,-0.1599231099559809,-0.1971477467696444,-0.3460462940242044,-0.13544455034979105,-0.2322012776528466,0.1359744252002673,low,-1.276662214365321,0.046153846153846156,0.012539184952978056,0.011750881316098707,train_oof,0.1755144641265648
RFERF_RF_SMOTE,RFERF,supervised,RF,SMOTE,282,65,319,851,18,0.1561699242822235,0.32979285990452956,-0.1424597830396674,0.2992055605239835,0.2858712954028456,0.3458754884479732,-0.2241643454807379,0.24086815061900002,0.3774003141163236,-0.13431041246411304,0.48048636384597054,high,1.6209645906569317,0.015384615384615385,0.018808777429467086,0.010575793184488837,train_oof,0.1755144641265648
RFERF_RF_SMOTE,RFERF,supervised,RF,SMOTE,288,65,319,851,18,0.1393372801257341,0.34667983355432525,-0.14544405322244972,0.18517939956954466,0.2468291464077718,0.2468291464077718,-0.2463688282980458,0.02078007466760535,0.4291536877488677,-0.14457000038475032,0.504645384982765,high,1.6031235768487706,0.03076923076923077,0.03134796238244514,0.011750881316098707,train_oof,0.1755144641265648
RFERF_RF_SMOTE,RFERF,supervised,RF,SMOTE,295,65,319,851,18,0.4087478790663844,0.3581798372223004,-0.16687569099169414,0.08617040061924415,-0.0345998109393365,-0.0847178827768262,-0.2316537169293041,-0.2478169241341546,0.8822121628105818,0.03302851324644976,0.5668799713158559,high,1.2596675036266864,0.12307692307692308,0.09717868338557993,0.010575793184488837,train_oof,0.1755144641265648
RFERF_RF_SMOTE,RFERF,supervised,RF,SMOTE,310,65,319,851,18,0.15855875394777205,0.0616795797581138,-0.03834641188761483,0.13846353761382954,0.121756468219912,-0.0445548134740834,-0.1037889685979735,-0.0741718910360285,0.1910195830372427,0.10744283286919257,0.09927972727103308,high,2.6243995222042225,0.0,0.0,0.010575793184488837,train_oof,0.1755144641265648
RFERF_RF_SMOTE,RFERF,supervised,RF,SMOTE,316,65,319,851,18,-0.3458874974077683,-0.26740178073084275,0.1287676314607709,-0.08887699331124296,-0.4611704880530246,-0.4209237275886968,-0.0256571364598702,-0.1154725173490127,-0.4977423216983124,-0.07533013335878971,-0.4002689344231228,low,-1.5699786032473293,0.046153846153846156,0.08150470219435736,0.010575793184488837,train_oof,0.1755144641265648
RFERF_RF_SMOTE,RFERF,supervised,RF,SMOTE,333,65,319,851,18,0.2554239328649783,0.08732159880926266,-0.05327935378726334,0.026276629377195115,-0.0395115765902701,-0.0785886044565008,-0.080682963480539,0.0990740157914941,0.611919910733338,0.09641190358539292,0.14615202980261333,high,0.7155578733229236,0.06153846153846154,0.0219435736677116,0.010575793184488837,train_oof,0.1755144641265648
RFERF_RF_SMOTE,RFERF,supervised,RF,SMOTE,338,65,319,851,18,0.04190840219625241,0.026823028045767736,-0.013514588314652848,-0.013662449483460433,-0.0723784676738478,-0.1090133162642454,-0.0834230310629599,-0.05661529759183705,0.0524981560196724,0.018156676857639116,0.03967861176101679,high,0.5337357127839639,0.015384615384615385,0.0219435736677116,0.010575793184488837,train_oof,0.1755144641265648
RFERF_RF_SMOTE,RFERF,supervised,RF,SMOTE,344,65,319,851,18,-0.1418328497721934,0.0657085067809185,-0.011745559295664698,-0.10449892568021198,-0.0273056571375614,0.0941586447072175,-0.0255523367568694,-0.0578564377331998,-0.1321957320114428,-0.19629175418326048,0.07745916562390605,low,-2.0692291887945187,0.046153846153846156,0.018808777429467086,0.010575793184488837,train_oof,0.1755144641265648
RFERF_RF_SMOTE,RFERF,supervised,RF,SMOTE,348,65,319,851,18,0.7657780925090394,0.2939067372488033,-0.1657292383603079,-0.3505494895987465,0.2541617712499535,0.0755893183818809,-0.2247370796235137,-0.3059063763817283,1.0437642327623113,0.3347146997677602,0.5554943945663058,high,2.466025107911306,0.046153846153846156,0.034482758620689655,0.010575793184488837,train_oof,0.1755144641265648
RFERF_RF_SMOTE,RFERF,supervised,RF,SMOTE,377,65,319,851,18,-0.33536893787089816,-0.2577303027498028,0.12410384953769599,-0.14615815375765256,-0.3714959728317686,-0.3714959728317686,0.0554598948876092,-0.1580180389720797,-0.4428005548643738,-0.09477918450844779,-0.3827651475078384,low,-1.6523635759899018,0.046153846153846156,0.05642633228840126,0.01527614571092832,train_oof,0.1755144641265648
RFERF_RF_SMOTE,RFERF,supervised,RF,SMOTE,405,65,319,851,18,-0.0011976161536088237,-0.05894793152085275,0.021937635273240257,-0.030035043322273705,-0.0537620403597826,-0.1001844258679525,-0.0073396548516127,0.12264302457126257,-0.02310024441898433,0.05745198774146758,-0.08180257823740766,low,-1.5207094224179487,0.06153846153846154,0.025078369905956112,0.01410105757931845,train_oof,0.1755144641265648
RFERF_RF_SMOTE,RFERF,supervised,RF,SMOTE,416,65,319,851,18,-0.22800034157889135,-0.0019184378020901218,0.01826913008979391,-0.14044731813491362,-0.4415347746160978,-0.184403499504367,-0.144570446481278,-0.3812402155003027,-0.2458996110875317,-0.23315420991258926,-0.019905846301165916,low,-2.1572295833095927,0.0,0.006269592476489028,0.011750881316098707,train_oof,0.1755144641265648
RFERF_RF_SMOTE,RFERF,supervised,RF,SMOTE,423,65,319,851,18,0.08725269949013403,0.15626627073396454,-0.07890761960879412,0.6229216468795417,-0.2585954253584319,-0.0302346430322924,-0.3001033665586309,-0.1185884808339508,0.1780241756218756,-0.06382378714996047,0.23756932653368928,high,3.5543213690628574,0.0,0.009404388714733543,0.010575793184488837,train_oof,0.1755144641265648
RFERF_RF_SMOTE,RFERF,supervised,RF,SMOTE,425,65,319,851,18,0.17091544222997226,0.20711281247962554,-0.09029429549687011,-0.05963841285383017,-0.1311392085912119,-0.1736617479629217,-0.2845556276639639,-0.2708651365012621,0.36447701666570204,-0.024800428895006586,0.29827138546495524,high,1.6619816589544438,0.015384615384615385,0.03761755485893417,0.010575793184488837,train_oof,0.1755144641265648
RFERF_RF_SMOTE,RFERF,supervised,RF,SMOTE,428,65,319,851,18,-0.06266323514292926,0.04452998486996915,-0.008363618126602607,-0.14497349986641672,-0.0713045620950758,-0.0527839802560395,-0.1778279558111615,-0.1672073035707229,-0.050985286808186134,-0.144613012274058,0.051235138166971804,high,6.441373360475646,0.0,0.003134796238244514,0.011750881316098707,train_oof,0.1755144641265648
RFERF_RF_SMOTE,RFERF,supervised,RF,SMOTE,452,65,319,851,18,-0.350266042319264,-0.3371296646110712,0.15315487545627302,0.003526259836936496,-0.443400013111964,-0.3650981223827272,0.0716233016426817,-0.0743327331685102,-0.5428468897632465,-0.012216215198788917,-0.49890850120072705,low,-1.9964421164041233,0.03076923076923077,0.034482758620689655,0.010575793184488837,train_oof,0.1755144641265648
RFERF_RF_SMOTE,RFERF,supervised,RF,SMOTE,460,65,319,851,18,0.29948028935965004,0.11057430549671816,-0.05934801939132075,-0.2506677302399162,-0.0537278690784206,-0.1015027973427366,-0.2788708389619905,-0.3130811929258598,0.35608386579819973,0.190233446852086,0.17064941021554955,high,3.140203951010868,0.03076923076923077,0.009404388714733543,0.010575793184488837,train_oof,0.1755144641265648
RFERF_RF_SMOTE,RFERF,supervised,RF,SMOTE,468,65,319,851,18,-0.19954708120793455,-0.3904023267886439,0.15991003632224038,0.09261808527594712,-0.5609850280704225,-0.7201992541188972,-0.0854405634484518,-0.19416687500463814,-0.3539279810863402,0.22851948520070176,-0.5696423718505227,low,-0.9802319324172032,0.015384615384615385,0.07523510971786834,0.1891891891891892,train_oof,0.1755144641265648
RFERF_RF_SMOTE,RFERF,supervised,RF,SMOTE,477,65,319,851,18,0.2988062170429107,0.14054667612700236,-0.07407220583421249,-0.08262894471419219,0.0465785439833249,-0.0726903595151247,-0.1153431071789564,-0.1416978297530406,0.6439589517642589,0.09163722479281518,0.23037241317212595,high,0.6515727034785493,0.03076923076923077,0.034482758620689655,0.010575793184488837,train_oof,0.1755144641265648
RFERF_RF_SMOTE,RFERF,supervised,RF,SMOTE,480,65,319,851,18,-0.006373054235850806,0.1640690963596129,-0.055016013527204366,-0.2772008402680911,-0.1419511662720021,-0.0163219454896988,-0.1690931008471891,-0.39156804253275157,0.05013743424910305,-0.162506864189136,0.21945098605757532,high,3.0211354838511273,0.0,0.012539184952978056,0.010575793184488837,train_oof,0.1755144641265648
RFERF_RF_SMOTE,RFERF,supervised,RF,SMOTE,484,65,319,851,18,-0.22055286037062447,0.08747162472445434,-0.016440265570798897,-0.033611600738420844,-0.4212884102733357,-0.3021797971009728,-0.3574365362218255,-0.2756743029012051,-0.21815822331551396,-0.28123953637778776,0.10374304389082004,low,-1.0153846670981137,0.26153846153846155,0.1974921630094044,0.1128084606345476,train_oof,0.1755144641265648
RFERF_RF_SMOTE,RFERF,supervised,RF,SMOTE,486,65,319,851,18,0.07604089412098428,0.061984726122189235,-0.04178146034015446,0.4878903690673034,-0.0817780322697149,-0.0915815786012332,-0.2027665238958431,0.5159957040744688,0.11570645347565663,0.015654428632717148,0.10398586548804743,high,2.2902566020655253,0.0,0.006269592476489028,0.010575793184488837,train_oof,0.1755144641265648
RFERF_RF_SMOTE,RFERF,supervised,RF,SMOTE,488,65,319,851,18,-0.23899614301920455,0.03133652945882102,0.0025354704283945943,-0.01407886444316527,-0.1687238193389359,0.0065365436013655,-0.0006284552303926,-0.07782637776910012,-0.24916670966302246,-0.26363530095097465,0.029091267111824668,low,-1.395282106447686,0.2153846153846154,0.1536050156739812,0.13513513513513514,train_oof,0.1755144641265648
RFERF_RF_SMOTE,RFERF,supervised,RF,SMOTE,489,65,319,851,18,0.11027906005303148,-0.06947790548854922,0.017895188212806615,-0.008778170043930326,-0.1484152035049011,-0.2375474993957608,-0.2093401782534195,-0.3508092755221912,0.09097004610552753,0.19215999332400366,-0.08841833684323751,high,2.941981163113538,0.0,0.0,0.010575793184488837,train_oof,0.1755144641265648
RFERF_RF_SMOTE,RFERF,supervised,RF,SMOTE,490,65,319,851,18,-0.010280127847814208,0.10355287249051438,-0.029329817411476538,-0.41141574428887534,0.0264292725609193,-0.0665698899271771,-0.1677009524631284,-0.8896855139383124,0.019523045434797583,-0.1110200758029024,0.1325693212679337,high,2.8244660894054157,0.015384615384615385,0.012539184952978056,0.010575793184488837,train_oof,0.1755144641265648
RFERF_RF_SMOTE,RFERF,supervised,RF,SMOTE,510,65,319,851,18,0.8167474494832564,0.5099107923321669,-0.24849351740423334,-0.28918924160299275,0.3255627375110363,0.1777920353706084,-0.3475747585338173,-0.3912909282553662,1.4117500877761706,0.22329722613206884,0.8661052066183665,high,1.4074215629880644,0.23076923076923078,0.14733542319749215,0.010575793184488837,train_oof,0.1755144641265648
RFERF_RF_SMOTE,RFERF,supervised,RF,SMOTE,525,65,319,851,18,-0.07794064365535955,0.14732879834090662,-0.04985860140991214,0.02381542831484583,-0.1989267185240992,-0.051065088778528,-0.1106861486759366,-0.06003276876309705,-0.04355540006772299,-0.14964134636713405,0.19499965738780067,low,-1.1750376668444849,0.0,0.003134796238244514,0.010575793184488837,train_oof,0.1755144641265648
RFERF_RF_SMOTE,RFERF,supervised,RF,SMOTE,551,65,319,851,18,0.31134749136158385,0.03954381655129587,-0.044019210425757016,-0.1284693527475117,0.0051340753639247,-0.0476735569507304,-0.0542745109900623,-0.11698357436371515,0.5575911627249405,0.17169472113621218,0.10587747991190091,high,0.675130910356111,0.046153846153846156,0.02821316614420063,0.010575793184488837,train_oof,0.1755144641265648
RFERF_RF_SMOTE,RFERF,supervised,RF,SMOTE,552,65,319,851,18,0.11748864109490394,0.02286779693810443,0.0428507142847068,-0.25445164316135205,-0.0580775702068808,-0.1634924398612337,-0.179155159296156,-0.42324055990946285,0.07466558918448636,0.11760043195842283,-0.021609427217624374,high,3.9309903033677456,0.015384615384615385,0.003134796238244514,0.010575793184488837,train_oof,0.1755144641265648
RFERF_RF_SMOTE,RFERF,supervised,RF,SMOTE,563,65,319,851,18,-0.04767031156158037,0.15518108477466475,0.004411769681533748,0.08212631432300976,-0.0790054285279027,0.0766573161892273,-0.1232683849250544,-0.0916720225965397,-0.0540159649418912,-0.26587530480773686,0.1610221032804912,high,2.5540133384958885,0.0,0.009404388714733543,0.010575793184488837,train_oof,0.1755144641265648
RFERF_RF_SMOTE,RFERF,supervised,RF,SMOTE,571,65,319,851,18,-0.031954897549599,0.11296061968415334,-0.0356808928346428,-0.19960719645779593,0.3687776556054301,0.2742454722422714,-0.0289846851610872,0.24406789063018655,0.003952148174408587,-0.126062926427761,0.15264051724442987,high,1.985459783775741,0.0,0.003134796238244514,0.010575793184488837,train_oof,0.1755144641265648
RFERF_RF_SMOTE,RFERF,supervised,RF,SMOTE,582,65,319,851,18,0.3585222409382346,0.15983150911433786,-0.08419328078288461,-0.11703126043300546,0.3783850875229369,0.1381832218473487,-0.0719934106188243,-0.1020186438282812,0.4574976976171554,0.18603335427755185,0.2479803553935652,high,2.1949116966947892,0.07692307692307693,0.0219435736677116,0.010575793184488837,train_oof,0.1755144641265648
RFERF_RF_SMOTE,RFERF,supervised,RF,SMOTE,586,65,319,851,18,-0.00923315407208327,-0.11376067670718519,0.032771951393640426,0.4806210645084448,-0.1318023353815631,-0.1482800950198592,-0.0411746573709341,0.5108302905119877,-0.04203162349153872,0.10565969594092131,-0.14601514991902523,low,-1.8866837368601064,0.03076923076923077,0.025078369905956112,0.0199764982373678,train_oof,0.1755144641265648
ANOVA_SVM_NoResample,ANOVA,supervised,SVM,NoResample,14,52,284,886,31,-0.33316220504467725,-0.08624254036590591,0.05680658451905048,-0.24528527896292124,-0.41358548651729715,-0.08371129371303905,0.005971670346877249,-0.143415557286798,-0.3978392641324046,-0.23652179855300007,-0.14383262430684604,low,-2.1279404369965174,0.019230769230769232,0.014084507042253521,0.010158013544018058,train_oof,0.07569208662861764
ANOVA_SVM_NoResample,ANOVA,supervised,SVM,NoResample,16,52,284,886,31,0.05935045662171441,0.10483365096646159,-0.0535041296521878,0.46198849691633326,0.00876190494958015,0.1307540295547186,-0.06598817140160934,0.4660330386819151,0.12302099665537163,-0.03783018855882761,0.15927054350202105,high,1.8496270519118727,0.019230769230769232,0.028169014084507043,0.010158013544018058,train_oof,0.07569208662861764
ANOVA_SVM_NoResample,ANOVA,supervised,SVM,NoResample,21,52,284,886,31,0.5068086218636991,0.22223172333660518,-0.10987601716493435,0.25778419191161445,0.26680521225592396,0.19225773948115743,0.11928799099792034,0.2297286914049819,0.7330147751370608,0.1996149246812533,0.35685633151056895,high,1.2751682500796817,0.07692307692307693,0.06690140845070422,0.010158013544018058,train_oof,0.07569208662861764
ANOVA_SVM_NoResample,ANOVA,supervised,SVM,NoResample,22,52,284,886,31,-0.4602977409294219,-0.06747217168889619,0.052439518955905595,-0.10492459480007281,-0.19606649193041675,-0.1104610623370267,-0.1175948481364759,-0.1637546386034999,-0.6278191212133359,-0.26067155087515886,-0.1279624822428808,low,-1.4714615025342914,0.07692307692307693,0.05985915492957746,0.010158013544018058,train_oof,0.07569208662861764
ANOVA_SVM_NoResample,ANOVA,supervised,SVM,NoResample,26,52,284,886,31,-0.49672427635427824,-0.24815777697233835,0.11277965426017916,-0.13092100850982022,0.2700494466348554,0.2566059280472264,0.24548917229207146,0.2038659705111422,-0.8845315680001323,-0.14597808316214347,-0.40558897267516597,high,0.505311021918369,0.019230769230769232,0.0035211267605633804,0.011286681715575621,train_oof,0.07569208662861764
ANOVA_SVM_NoResample,ANOVA,supervised,SVM,NoResample,28,52,284,886,31,-0.6116256611882952,-0.35385429644216265,0.15236788739324963,-0.10311242957331797,-0.5193393230980925,-0.3914896078775453,0.0325059560077775,0.1716725120492833,-0.8196054077161721,-0.24716778156719418,-0.5197456268116547,low,-2.250451848987074,0.038461538461538464,0.03169014084507042,0.010158013544018058,train_oof,0.07569208662861764
ANOVA_SVM_NoResample,ANOVA,supervised,SVM,NoResample,32,52,284,886,31,0.31735625728070427,0.15601608181364338,-0.07006493323059948,0.03569548631185832,-0.1865380528258199,-0.048611771194795,-0.1327154941300868,0.0405109292387702,0.4525700960313866,0.10802780161357131,0.24056074317491583,low,-0.9652443616288308,0.0,0.0035211267605633804,0.012415349887133182,train_oof,0.07569208662861764
ANOVA_SVM_NoResample,ANOVA,supervised,SVM,NoResample,33,52,284,886,31,0.5290459751610527,0.17924584440631147,-0.08769011918657577,-0.02381218572362084,-0.11571296819320054,-0.11174789190678944,-0.1539064807982051,-0.0531867652151763,0.7493263893310269,0.21847516254788038,0.29611346895019736,high,0.6809962490481933,0.07692307692307693,0.056338028169014086,0.011286681715575621,train_oof,0.07569208662861764
ANOVA_SVM_NoResample,ANOVA,supervised,SVM,NoResample,38,52,284,886,31,0.17101349064779023,0.22134699390451762,-0.09084555185218011,0.28137819062558095,0.16791809010128594,0.0350917797421294,-0.06186582233438875,0.0328499854744536,0.29552625106178887,-0.03744060366650782,0.3348559252571074,high,3.0926077275825676,0.09615384615384616,0.08098591549295775,0.010158013544018058,train_oof,0.07569208662861764
ANOVA_SVM_NoResample,ANOVA,supervised,SVM,NoResample,56,52,284,886,31,0.29454798248549774,0.03466647033548441,-0.03151889123183167,0.11670069696059242,0.506794437311762,0.4059358086475797,0.2330353023661358,0.3915274331241274,0.34095108871425084,0.23669120140108615,0.06521042784894222,high,1.183988086914101,0.057692307692307696,0.014084507042253521,0.013544018058690745,train_oof,0.07569208662861764
ANOVA_SVM_NoResample,ANOVA,supervised,SVM,NoResample,59,52,284,886,31,0.7730163969540546,0.3516345345641547,-0.1689300519503637,0.2838962438796759,0.5950821087578495,-0.0091552694355951,-0.270325707303901,-0.0729628338033971,1.4140699702383832,0.2779669831078614,0.5474817101553433,high,2.480909103146587,0.057692307692307696,0.03169014084507042,0.010158013544018058,train_oof,0.07569208662861764
ANOVA_SVM_NoResample,ANOVA,supervised,SVM,NoResample,63,52,284,886,31,0.4737721697641616,0.3364964848132521,-0.13354006573797572,-0.07638986190905805,-0.0237689207809578,0.10198029484945931,-0.1562129481774694,-0.0809845807401488,1.0193661101418858,0.08232662451424484,0.4848131436451601,high,1.2176390335239728,0.23076923076923078,0.1267605633802817,0.010158013544018058,train_oof,0.07569208662861764
ANOVA_SVM_NoResample,ANOVA,supervised,SVM,NoResample,64,52,284,886,31,0.7951725759349861,0.3612865444357233,-0.15598873880320363,-0.2607941132171021,0.5880330654977715,0.11021176148443905,-0.15450184949930004,-0.3391086326524878,1.2201570324595312,0.299339581772276,0.562386775517409,high,1.409183835459973,0.36538461538461536,0.22535211267605634,0.010158013544018058,train_oof,0.07569208662861764
ANOVA_SVM_NoResample,ANOVA,supervised,SVM,NoResample,65,52,284,886,31,0.5696020424810396,0.4054569268364345,-0.15827931040134804,-0.2096741166032766,0.41339714437943487,0.05480204910867685,-0.19013584671927897,-0.3827022879020223,1.1000096337819645,0.10434219187407595,0.5950850507579989,high,1.2564579322059584,0.34615384615384615,0.2112676056338028,0.010158013544018058,train_oof,0.07569208662861764
ANOVA_SVM_NoResample,ANOVA,supervised,SVM,NoResample,70,52,284,886,31,-0.45653802235746416,-0.08427274731396857,0.04941818833553567,0.15317769899044692,-0.35399823930555746,-0.0945152015571855,0.01780701451289965,0.0888698223803593,-0.5497492226666535,-0.3094462589583248,-0.1347199567873481,low,-1.8094258244036385,0.09615384615384616,0.06690140845070422,0.010158013544018058,train_oof,0.07569208662861764
ANOVA_SVM_NoResample,ANOVA,supervised,SVM,NoResample,79,52,284,886,31,0.5169583286352007,0.3100128868397617,-0.13483649716286353,0.0045084363153647085,0.4623822905003115,0.0822606002335632,-0.20499044979755893,-0.1855524088180093,0.7343543710359398,0.1778330775364747,0.46074787521618155,high,2.9942951172032033,0.0,0.014084507042253521,0.010158013544018058,train_oof,0.07569208662861764
ANOVA_SVM_NoResample,ANOVA,supervised,SVM,NoResample,95,52,284,886,31,0.45544984954739226,0.3101613050597436,-0.12665806746951883,0.018778427892041497,0.3830604694868797,0.3830604694868797,-0.5580014712997856,0.3830604694868797,0.7098650763552827,0.11170692928703528,0.4488163924920762,high,2.26518435106021,0.038461538461538464,0.0528169014084507,0.016930022573363433,train_oof,0.07569208662861764
ANOVA_SVM_NoResample,ANOVA,supervised,SVM,NoResample,100,52,284,886,31,0.4720292415820041,0.025475173872317586,-0.04092939609670125,0.15609762713094463,0.048074981970692,0.048074981970692,0.048074981970692,0.048074981970692,0.5908719205593017,0.3334920789997006,0.06793426258410121,flat,,,,,train_oof,0.07569208662861764
ANOVA_SVM_NoResample,ANOVA,supervised,SVM,NoResample,103,52,284,886,31,1.0141117324098905,0.5021627654174823,-0.2285828237314164,0.18191638724194173,1.039258487162017,0.4508244259622606,-0.268372759948553,0.0912258330068538,1.566208917029111,0.40672720496261616,0.7965551689610978,high,1.768262907426158,0.21153846153846154,0.10915492957746478,0.010158013544018058,train_oof,0.07569208662861764
ANOVA_SVM_NoResample,ANOVA,supervised,SVM,NoResample,122,52,284,886,31,-0.5062736724402167,-0.3044996365286081,0.1330526187497263,-0.15875100713331933,-0.7630569772637802,-0.3127221645731235,0.12819605301822,-0.0396409066930573,-0.624682837203896,-0.2500514447758645,-0.4410817637906633,low,-1.6648344373626591,0.038461538461538464,0.03169014084507042,0.012415349887133182,train_oof,0.07569208662861764
ANOVA_SVM_NoResample,ANOVA,supervised,SVM,NoResample,123,52,284,886,31,0.1543571879595054,0.05241303047691917,-0.03774770846245419,0.30512205190113545,0.0852875704887081,0.0852875704887081,-0.0068052528056853,-0.0068052528056853,0.1922168461347309,0.1063011961032399,0.09035759749605178,high,1.9271440363766104,0.057692307692307696,0.056338028169014086,0.020316027088036117,train_oof,0.07569208662861764
ANOVA_SVM_NoResample,ANOVA,supervised,SVM,NoResample,124,52,284,886,31,0.3208826910663698,0.07079397719081892,-0.054895947516580314,0.33844861292914535,0.2991009479565267,0.0377200306384171,-0.2236608866797079,0.0377200306384171,0.3812921659315835,0.25722072849968486,0.12655194291414415,high,1.9806515160363918,0.057692307692307696,0.03873239436619718,0.010158013544018058,train_oof,0.07569208662861764
ANOVA_SVM_NoResample,ANOVA,supervised,SVM,NoResample,125,52,284,886,31,-0.504807613714283,-0.28834481033607223,0.1287362128422729,-0.16498608132725523,-0.6240351334555115,-0.40424633467037824,-0.0826041901067694,-0.2505728656010983,-0.6303244926314305,-0.2500745728566729,-0.4203232885444765,low,-1.4191523838247841,0.07692307692307693,0.056338028169014086,0.010158013544018058,train_oof,0.07569208662861764
ANOVA_SVM_NoResample,ANOVA,supervised,SVM,NoResample,129,52,284,886,31,0.5330015194693728,0.29144868490044185,-0.1337609296350117,0.2446788928785604,0.460546058970014,0.460546058970014,0.1516271611879976,0.460546058970014,0.6503597890854232,0.3071815429394055,0.42828870708705846,high,2.043510495543296,0.019230769230769232,0.0035211267605633804,0.011286681715575621,train_oof,0.07569208662861764
ANOVA_SVM_NoResample,ANOVA,supervised,SVM,NoResample,130,52,284,886,31,0.3768546272907555,0.22573054005181342,-0.10561861946732463,0.26715148658975646,0.3964126476722507,0.2988570544024432,0.0275305606207931,0.0842347492088688,0.4677657996066953,0.18200246585442706,0.33148625033374657,high,1.5500075380877156,0.057692307692307696,0.04225352112676056,0.011286681715575621,train_oof,0.07569208662861764
ANOVA_SVM_NoResample,ANOVA,supervised,SVM,NoResample,133,52,284,886,31,0.15066685779235378,0.08782360546244196,-0.05127450732591866,0.39625602958467454,0.007203741807123001,0.1652585232415979,-0.0351565858625062,0.4812156560001893,0.20633115618472012,0.06178296246687795,0.13894788582569628,high,2.1469719020373548,0.0,0.014084507042253521,0.012415349887133182,train_oof,0.07569208662861764
ANOVA_SVM_NoResample,ANOVA,supervised,SVM,NoResample,159,52,284,886,31,0.36973211719709026,0.2361868020898627,-0.10980068186746798,0.35842124500470357,-0.18993856593153852,-0.2537943004492469,-0.2716522601025043,-0.2013027220745205,0.6645448859054164,0.08839868160283822,0.3745334700571992,high,2.1633617111630246,0.09615384615384616,0.07746478873239436,0.010158013544018058,train_oof,0.07569208662861764
ANOVA_SVM_NoResample,ANOVA,supervised,SVM,NoResample,165,52,284,886,31,0.3702368529359005,0.22017288653646144,-0.10548735346914359,0.3955130412220798,-0.1976426663566039,-0.1729050956022425,-0.1494695022560055,-0.0713508577685487,0.7532012925677144,0.0888778808871051,0.369607625613552,low,-0.5192310861633007,0.019230769230769232,0.02464788732394366,0.011286681715575621,train_oof,0.07569208662861764
ANOVA_SVM_NoResample,ANOVA,supervised,SVM,NoResample,200,52,284,886,31,0.3683744592823101,0.07254775551050203,-0.045493559357766195,0.021225049253961147,0.06908716492901865,-0.068835127649088,-0.0561038391034165,-0.0025263331403826,0.6188607662937583,0.16831509529180544,0.12681372936049629,high,1.0871658722978745,0.019230769230769232,0.02112676056338028,0.010158013544018058,train_oof,0.07569208662861764
ANOVA_SVM_NoResample,ANOVA,supervised,SVM,NoResample,249,52,284,886,31,0.7720889875683071,0.013952663276121994,-0.047288785496052414,-0.07139741207961452,-0.0713974120796145,-0.0713974120796145,-0.0713974120796145,-0.0713974120796145,0.7973285472131802,0.40737420634902416,0.12199471806080198,flat,,,,,train_oof,0.07569208662861764
ANOVA_SVM_NoResample,ANOVA,supervised,SVM,NoResample,295,52,284,886,31,0.3135004781656453,0.35387329439400866,-0.14475379296604554,0.3812146608338007,-0.062089540161189796,-0.178349346461128,-0.20184352909228842,-0.1311458576522632,0.7737231325478543,-0.025008943802074718,0.5355491161123584,high,1.3319720023316295,0.11538461538461539,0.1056338028169014,0.010158013544018058,train_oof,0.07569208662861764
ANOVA_SVM_NoResample,ANOVA,supervised,SVM,NoResample,298,52,284,886,31,0.41693951612544594,0.2577504487821965,-0.1188444481709546,0.35766563475092955,-0.0925895610323696,-0.15763487387343572,-0.1771484677257556,-0.0576277053802966,0.842128661089461,0.09602814389974593,0.4196905871562143,high,0.7960920256586961,0.07692307692307693,0.06690140845070422,0.011286681715575621,train_oof,0.07569208662861764
ANOVA_SVM_NoResample,ANOVA,supervised,SVM,NoResample,316,52,284,886,31,-0.3328763510713839,-0.14565446165434795,0.07409249822777877,-0.21848074049662422,-0.4531803223726063,-0.3183339460129593,-0.0648681347063653,-0.2552017727355823,-0.43430398929644415,-0.16959224216331303,-0.21953761531063823,low,-1.7573134630458707,0.019230769230769232,0.04225352112676056,0.010158013544018058,train_oof,0.07569208662861764
ANOVA_SVM_NoResample,ANOVA,supervised,SVM,NoResample,337,52,284,886,31,0.3532275070573205,0.1200244165787303,-0.0603111061429255,0.012043290837175978,-0.10857883479519286,-0.1603868367378754,-0.16520079512427677,-0.1035057689853617,0.5064531199449039,0.13555061068375476,0.21387636705051216,high,1.5569904942144874,0.019230769230769232,0.03169014084507042,0.010158013544018058,train_oof,0.07569208662861764
ANOVA_SVM_NoResample,ANOVA,supervised,SVM,NoResample,348,52,284,886,31,0.6080286861554781,0.2790205804772637,-0.14280042609232124,0.3821997909750083,-0.058340021269173356,-0.0055799783763338,-0.22067861478560286,0.0350046700027735,0.8719293863184466,0.2152185702567814,0.5063999865616226,high,2.2882643480108147,0.038461538461538464,0.04929577464788732,0.010158013544018058,train_oof,0.07569208662861764
ANOVA_SVM_NoResample,ANOVA,supervised,SVM,NoResample,377,52,284,886,31,-0.4084440767690225,-0.1317091386724702,0.06862506180854822,-0.10292695926635365,-0.3714959728317686,-0.3714959728317686,0.0554598948876092,-0.1580180389720797,-0.5174145826186722,-0.2386333002071263,-0.19868067112648188,low,-1.6523635759899018,0.057692307692307696,0.04225352112676056,0.02144469525959368,train_oof,0.07569208662861764
ANOVA_SVM_NoResample,ANOVA,supervised,SVM,NoResample,434,52,284,886,31,0.6543976024299456,0.22195888321728174,-0.1154727213538058,0.18412081024271978,-0.1188248937820901,-0.1215284621401054,-0.12901210383073303,-0.0902722161151211,1.1034771436589308,0.2384474833988221,0.4169910652915931,high,0.15738507205992108,0.11538461538461539,0.07394366197183098,0.010158013544018058,train_oof,0.07569208662861764
ANOVA_SVM_NoResample,ANOVA,supervised,SVM,NoResample,437,52,284,886,31,0.40497805392361713,0.03850718913372235,-0.03649622666868544,0.013537592198939897,-0.13275611103528556,-0.14649912804482695,-0.14335094793691444,0.2058246053781997,0.4601993007087914,0.24882294280698428,0.0874344683842777,high,2.1077068046858716,0.057692307692307696,0.02112676056338028,0.010158013544018058,train_oof,0.07569208662861764
ANOVA_SVM_NoResample,ANOVA,supervised,SVM,NoResample,452,52,284,886,31,-0.30941691787397657,-0.18409873446716368,0.0847341722246401,-0.21335936594324256,-0.4370113651235952,-0.2823733215076964,0.014562300379047249,-0.2314279490876284,-0.4350106354047693,-0.10742107225297348,-0.2688098122947051,low,-2.02119403207188,0.0,0.03169014084507042,0.010158013544018058,train_oof,0.07569208662861764
ANOVA_SVM_NoResample,ANOVA,supervised,SVM,NoResample,471,52,284,886,31,0.3771103575411161,0.11946692573557827,-0.0618858508370087,-0.006215066623101372,-0.1757105326234233,-0.1837851077256758,-0.22885831238813703,-0.2656571211921597,0.5892962677791096,0.1504819214789403,0.20199630255234677,high,1.8904433525514721,0.038461538461538464,0.02112676056338028,0.010158013544018058,train_oof,0.07569208662861764
ANOVA_SVM_NoResample,ANOVA,supervised,SVM,NoResample,477,52,284,886,31,0.3723390315013847,0.1751384743497652,-0.07668214920511783,-0.04601763016575056,0.051448102765214304,-0.09655737271150455,-0.11199087468417745,-0.0683765655942118,0.872232176446752,0.10444765648624388,0.27069909283226523,high,0.6522599111399782,0.038461538461538464,0.03873239436619718,0.010158013544018058,train_oof,0.07569208662861764
ANOVA_SVM_NoResample,ANOVA,supervised,SVM,NoResample,510,52,284,886,31,0.8690740095039128,0.4502446841785675,-0.1994084998462241,0.08681707655981734,0.28119644949221967,0.1017717116365477,-0.30306605109085283,-0.0726947203413821,1.5021496160829617,0.2711196950249022,0.7248366208952723,high,1.7228830930025845,0.21153846153846154,0.11267605633802817,0.010158013544018058,train_oof,0.07569208662861764
ANOVA_SVM_NoResample,ANOVA,supervised,SVM,NoResample,511,52,284,886,31,0.23908470467258922,0.027294825048154257,-0.03228327187350503,0.24264960716746134,0.02620807055161855,-0.8374816063277984,-0.8374816063277984,0.1304148250276995,0.27605650398216725,0.20549429332886185,0.06000017857853447,high,2.105276373488908,0.0,0.017605633802816902,0.010158013544018058,train_oof,0.07569208662861764
ANOVA_SVM_NoResample,ANOVA,supervised,SVM,NoResample,545,52,284,886,31,-0.2878046849128849,-0.04119682822019816,0.033983456053541305,-0.09592710304081688,-0.3737353644723715,-0.3737353644723715,-0.3737353644723715,-0.3737353644723715,-0.3368441745798624,-0.22919177519440234,-0.07352884291152495,flat,,,,,train_oof,0.07569208662861764
ANOVA_SVM_NoResample,ANOVA,supervised,SVM,NoResample,551,52,284,886,31,0.38628858009901623,0.06351511476668147,-0.04840199005213699,-0.06973766374519696,-0.01136830973440495,-0.05216019608436165,-0.05208193082989925,0.0167641836352849,0.703665235653144,0.18978218534488378,0.1419078958759147,high,0.6916332954544406,0.057692307692307696,0.028169014084507043,0.011286681715575621,train_oof,0.07569208662861764
ANOVA_SVM_NoResample,ANOVA,supervised,SVM,NoResample,553,52,284,886,31,0.3684615080568797,0.15085746021044982,-0.07964416217817974,-0.07109299446269114,0.07105532945723475,0.01707395049866445,-0.1475616669982504,-0.2507688929979358,0.6280988741285025,0.14751969923802463,0.2735315771917328,high,1.3507712577243105,0.07692307692307693,0.028169014084507043,0.010158013544018058,train_oof,0.07569208662861764
ANOVA_SVM_NoResample,ANOVA,supervised,SVM,NoResample,562,52,284,886,31,-0.3899682191836449,-0.014621285207259095,-0.01717181156732733,0.04959985247153574,-0.0499514370309301,0.14741718006009014,0.1887927251301679,0.1887927251301679,-0.4043804313335635,-0.3926518014447394,0.0027763007462026936,low,-2.05959957531171,0.1346153846153846,0.02112676056338028,0.010158013544018058,train_oof,0.07569208662861764
ANOVA_SVM_NoResample,ANOVA,supervised,SVM,NoResample,582,52,284,886,31,0.2686775046422596,0.1162986328531217,-0.06059937050682575,0.23310170102560157,0.3633724709182127,0.1381832218473487,-0.0719934106188243,0.0781327554284183,0.3362931931170517,0.137822181403777,0.17920492289780693,high,2.304503797909293,0.07692307692307693,0.014084507042253521,0.010158013544018058,train_oof,0.07569208662861764
ANOVA_SVM_NoResample,ANOVA,supervised,SVM,NoResample,NA_72,52,284,886,31,0.3269230769230769,0.3767605633802817,0.5688487584650113,0.41935483870967744,0.0,0.0,1.0,0.0,-0.4893802451434072,-0.10304417179035127,-0.38955876954989205,low,0.0,0.6730769230769231,0.6232394366197183,0.43115124153498874,train_oof,0.07569208662861764
ANOVA_SVM_NoResample,ANOVA,supervised,SVM,NoResample,NA_112,52,284,886,31,0.25,0.4084507042253521,0.4729119638826185,0.41935483870967744,0.0,0.0,0.0,0.0,-0.4490986579430704,-0.32710958063338724,-0.12948478044941006,flat,,,,,train_oof,0.07569208662861764
Base_LR_SMOTE,Base,supervised,LR,SMOTE,0,28,185,985,55,-0.2233689035679216,-0.02178289241023937,0.01303240715859409,-0.06597084490545178,-0.31703542224334047,0.0222423453516487,-0.0354161895032002,-0.4009873167426543,-0.23829741009446043,-0.19950757272321873,-0.03536186238824741,low,-2.278167694006935,0.0,0.005405405405405406,0.01015228426395939,train_oof,0.12060301142481507
Base_LR_SMOTE,Base,supervised,LR,SMOTE,1,28,185,985,55,0.13474582613943104,0.0899048836256669,-0.020472877625257187,0.012925488076807209,0.21322581210871033,0.1080875737773103,0.050223723184854,-0.1340833564800235,0.15860165944979726,0.04045504932193625,0.10980387476403347,high,2.556381470714343,0.03571428571428571,0.02702702702702703,0.01015228426395939,train_oof,0.12060301142481507
Base_LR_SMOTE,Base,supervised,LR,SMOTE,2,28,185,985,55,-0.06072744791773983,0.07159481233932934,-0.011386381786811483,0.0038642086776591532,-0.16419207534709795,-0.0138436830044993,0.0469720803673646,-0.1290929332477285,-0.04923070770075492,-0.13273343781872066,0.083324251128877,low,-2.5553411916221265,0.0,0.010810810810810811,0.012182741116751269,train_oof,0.12060301142481507
Base_LR_SMOTE,Base,supervised,LR,SMOTE,3,28,185,985,55,-0.2580893959909992,-0.21656587504092245,0.054021460720327895,-0.09683598705926809,-0.4646424718330525,-0.4444979613207083,-0.2357824497247368,-0.3113419201464962,-0.30027880218502445,-0.056679820269175646,-0.26854665786056664,low,-1.2009619320121359,0.0,0.010810810810810811,0.01015228426395939,train_oof,0.12060301142481507
Base_LR_SMOTE,Base,supervised,LR,SMOTE,6,28,185,985,55,0.12756791473907253,0.13173060473128814,-0.03403253567189414,0.057613377044426844,-0.0955974285363066,0.1207014751956478,0.0426083464600983,0.1903455542148767,0.15615390052722225,-0.005076882913777786,0.16399263500092517,low,-2.826514463517873,0.0,0.0,0.01116751269035533,train_oof,0.12060301142481507
Base_LR_SMOTE,Base,supervised,LR,SMOTE,7,28,185,985,55,0.03485405224763188,-0.027262328495038807,-0.01703262724667445,0.030600330677885753,0.0184623226317328,0.0184623226317328,0.0601867252903854,0.0323704568512843,0.04539549596821156,0.0864024577248347,-0.009258961071938689,low,-0.6769443883458228,0.03571428571428571,0.005405405405405406,0.01116751269035533,train_oof,0.12060301142481507
Base_LR_SMOTE,Base,supervised,LR,SMOTE,8,28,185,985,55,-0.10060573916072761,0.013975449269375629,-0.006653395759875553,0.10144512228631983,-0.15870737929187062,0.0092600599548636,-0.0124131580124575,0.090534627332316,-0.09127749709769827,-0.12707639258326725,0.020325584899073323,low,-2.351495207135533,0.0,0.0,0.01015228426395939,train_oof,0.12060301142481507
Base_LR_SMOTE,Base,supervised,LR,SMOTE,9,28,185,985,55,-0.13836250474947712,-0.05579369312952417,0.015589579021099581,-0.025620627039440968,-0.02574082551546705,-0.1315154844186882,-0.0191299093340158,-0.1513482329630422,-0.15475601295517916,-0.08018002619096337,-0.07063407528208429,low,-2.290905145927948,0.0,0.016216216216216217,0.01015228426395939,train_oof,0.12060301142481507
Base_LR_SMOTE,Base,supervised,LR,SMOTE,10,28,185,985,55,0.1764646279351259,-0.05578796379563324,0.0009104952528946493,0.08297683709089518,0.40417692777714304,0.0751307280054296,0.0319771280353688,0.1830147279305815,0.17620955570092436,0.22908360390030008,-0.05735438608529693,high,2.302719558459966,0.03571428571428571,0.005405405405405406,0.01015228426395939,train_oof,0.12060301142481507
Base_LR_SMOTE,Base,supervised,LR,SMOTE,11,28,185,985,55,-0.11675803165240972,-0.08987404081260475,0.02764331103964198,-0.1188394938587933,0.0674061244341239,-0.017762884686979,0.1525751335552269,-0.1416450797722096,-0.13872507883660187,-0.032279917050117735,-0.11582757298841533,low,-1.493509533639842,0.07142857142857142,0.05405405405405406,0.01015228426395939,train_oof,0.12060301142481507
Base_LR_SMOTE,Base,supervised,LR,SMOTE,14,28,185,985,55,-0.35457864230690717,-0.21930165349737518,0.06741985615936637,-0.27272866046509764,-0.4478313602934021,-0.2855341253333597,0.0317555225141032,-0.2576890114921759,-0.42998542775106824,-0.12363860722674273,-0.2893461113908324,low,-2.0959380838213306,0.03571428571428571,0.032432432432432434,0.01015228426395939,train_oof,0.12060301142481507
Base_LR_SMOTE,Base,supervised,LR,SMOTE,15,28,185,985,55,0.056728457589578715,0.06166977706087058,-0.009965764188496793,-0.057383474331738925,0.0711676273552438,-0.0613518936303505,-0.0660428030056968,-0.0985330742978244,0.07802473780960555,-0.003185773958255152,0.06963517920633891,high,1.0570456679417293,0.0,0.005405405405405406,0.01015228426395939,train_oof,0.12060301142481507
Base_LR_SMOTE,Base,supervised,LR,SMOTE,16,28,185,985,55,0.13509665303797808,0.18683571206287014,-0.05299137942029877,0.24773019752131076,0.06776463188278364,0.1995240997978128,-0.0647921701799896,0.2348061358355729,0.19020314724934062,-0.05314196257002934,0.24161342039826667,high,1.8828400058362318,0.03571428571428571,0.016216216216216217,0.01015228426395939,train_oof,0.12060301142481507
Base_LR_SMOTE,Base,supervised,LR,SMOTE,17,28,185,985,55,-0.03017789416929651,-0.029527334941895283,0.009759688880205132,-0.0419508485465312,-0.09552818760053565,0.0455195290552231,0.1065131362577163,-0.0230982790475807,-0.03700221239717163,-0.0011790368661706854,-0.03833955986713881,low,-1.179232103570807,0.03571428571428571,0.021621621621621623,0.01015228426395939,train_oof,0.12060301142481507
Base_LR_SMOTE,Base,supervised,LR,SMOTE,18,28,185,985,55,0.2389923192219067,0.05067486741297906,-0.011975939180012059,-0.07812289675891157,0.23435055269393995,-0.1098534662967586,-0.1584377345428622,-0.1832347860033508,0.24721455250204213,0.21634391462606317,0.06269258669820206,high,2.245416110986796,0.03571428571428571,0.005405405405405406,0.01015228426395939,train_oof,0.12060301142481507
Base_LR_SMOTE,Base,supervised,LR,SMOTE,19,28,185,985,55,0.13954982468869145,0.08593264249010742,-0.026159685262915296,0.11006090558361284,0.09788997567397831,0.0508631371015174,0.0692535209008085,-0.000629937536488,0.15126689708270102,0.14918221417827024,0.10897025500302501,high,0.8456429809529966,0.0,0.021621621621621623,0.01015228426395939,train_oof,0.12060301142481507
Base_LR_SMOTE,Base,supervised,LR,SMOTE,20,28,185,985,55,0.346152490957841,-0.1719833939619736,0.02736786156904544,-0.08786700926112379,0.5317821645138588,-0.1380452637380482,0.0976879942733533,-0.0862989388087218,0.349801701144709,0.38377136045427723,-0.19773194253315335,high,1.9996529150092448,0.0,0.010810810810810811,0.01015228426395939,train_oof,0.12060301142481507
Base_LR_SMOTE,Base,supervised,LR,SMOTE,21,28,185,985,55,0.763548306741075,0.26846608688173673,-0.08518027193264698,0.23574555813495102,0.316897958511984,0.2545778489965707,0.118893559925038,0.2391950371541586,0.9427658456882314,0.3590421056740785,0.37920580924728625,high,1.6893445424705356,0.10714285714285714,0.03783783783783784,0.01015228426395939,train_oof,0.12060301142481507
Base_LR_SMOTE,Base,supervised,LR,SMOTE,22,28,185,985,55,-0.6562382748208435,-0.1369252527733299,0.05343196832319987,-0.1602449685845196,-0.22879797971612476,-0.144451453499108,-0.1100414278782356,-0.1637546386034999,-0.8028735931682175,-0.35164011453801447,-0.20339080310618757,low,-1.5682543867990528,0.10714285714285714,0.043243243243243246,0.01015228426395939,train_oof,0.12060301142481507
Base_LR_SMOTE,Base,supervised,LR,SMOTE,23,28,185,985,55,0.03625691226981002,0.03874941610341174,-0.009706146766886381,0.03404727106077765,0.19182227935833684,-0.0363618493054089,0.0007232989063722,-0.0164756104092363,0.04492803894230089,-0.0026724808111067513,0.048551376728872754,high,3.400899892032124,0.0,0.0,0.01015228426395939,train_oof,0.12060301142481507
Base_LR_SMOTE,Base,supervised,LR,SMOTE,24,28,185,985,55,-0.04810809085177714,-0.14618653847113056,0.03359952844897246,-0.08030230508623916,0.1098744440434971,-0.0010110719791756,0.0919642391691288,0.1336748807651001,-0.0801187308251971,0.10696928860045966,-0.17719499996083082,high,3.2613650958802585,0.0,0.0,0.01015228426395939,train_oof,0.12060301142481507
Base_LR_SMOTE,Base,supervised,LR,SMOTE,25,28,185,985,55,-0.31235832578209693,-0.00022646846915475087,0.014495270958716276,-0.11172035800081181,0.4359826712857007,0.4562176273058397,0.4382309997323825,0.4314860143923371,-0.3519336428156458,-0.2364428434431705,-0.015408687368295317,low,-3.167076080944667,0.10714285714285714,0.03783783783783784,0.01015228426395939,train_oof,0.12060301142481507
Base_LR_SMOTE,Base,supervised,LR,SMOTE,26,28,185,985,55,-0.5804672569693929,-0.09089086052598111,0.04696525300678291,-0.24791146252879795,0.24342093866320563,0.2726347386709388,0.2457477014956797,0.2571229864544428,-0.7401840983971177,-0.31541415149706165,-0.15285372733182578,low,-5.413973623896264,0.10714285714285714,0.032432432432432434,0.01116751269035533,train_oof,0.12060301142481507
Base_LR_SMOTE,Base,supervised,LR,SMOTE,28,28,185,985,55,-0.6361758206132342,-0.2833470752415774,0.08824623041678867,-0.3125108494798844,-0.5141811932147193,-0.3979563740609511,-0.0160384847338562,-0.3299970699804001,-0.7378825813245454,-0.3581666880062509,-0.3758627544530238,low,-2.2998043442058616,0.03571428571428571,0.021621621621621623,0.01015228426395939,train_oof,0.12060301142481507
Base_LR_SMOTE,Base,supervised,LR,SMOTE,29,28,185,985,55,0.064294276043065,0.14522582296296788,-0.03257236254821936,0.06419124953698947,0.35852489082440786,0.1316095382309192,-0.0017287578933655,-0.0017287578933655,0.09540560334043487,-0.08489384072208958,0.177024947741266,high,2.1338462227350328,0.0,0.032432432432432434,0.01116751269035533,train_oof,0.12060301142481507
Base_LR_SMOTE,Base,supervised,LR,SMOTE,30,28,185,985,55,0.285412689114883,0.23265044795765538,-0.057544551054572776,0.1031509565033183,0.3845439786930389,0.2435474750372088,0.0335526823583125,0.0785515665037903,0.34181527500092074,0.05386652016642615,0.2913239396556444,high,2.144900326464127,0.03571428571428571,0.021621621621621623,0.01015228426395939,train_oof,0.12060301142481507
Base_LR_SMOTE,Base,supervised,LR,SMOTE,31,28,185,985,55,-0.1842013299717274,-0.16780167598270185,0.04728560808867742,-0.1805619506927604,-0.42210975833819825,-0.4714221460573344,-0.4513250220057618,-0.4745855822506375,-0.22548087366211989,-0.01955833301462025,-0.2134780798492023,high,1.951137290774142,0.0,0.0,0.01015228426395939,train_oof,0.12060301142481507
Base_LR_SMOTE,Base,supervised,LR,SMOTE,32,28,185,985,55,0.4883932140920381,0.04997632031581595,-0.027425972452449092,0.07152864472158485,-0.0734437598648058,-0.0413223038758783,-0.1222951408479649,-0.0860629032890252,0.5301935332403496,0.3413928693792783,0.08196101851502194,high,3.3446366997540915,0.07142857142857142,0.016216216216216217,0.01015228426395939,train_oof,0.12060301142481507
Base_LR_SMOTE,Base,supervised,LR,SMOTE,33,28,185,985,55,0.6456518785610807,0.09939127542768965,-0.04586295608328556,0.15807200638604066,-0.0955486913520491,-0.1130356944613504,-0.1528220154891013,-0.1057833327067178,0.7482786512418675,0.37359318661315827,0.16011909013113793,high,3.088305898013492,0.07142857142857142,0.016216216216216217,0.01116751269035533,train_oof,0.12060301142481507
Base_LR_SMOTE,Base,supervised,LR,SMOTE,34,28,185,985,55,0.22643665872469582,0.010994795744520749,-0.005593651389970962,-0.05540891068278756,-0.2244940672307216,-0.1779128198493064,-0.159460741221111,-0.1624950830399665,0.2358748043652891,0.17941485624130446,0.016748803909665447,low,-0.5855807436750265,0.0,0.005405405405405406,0.012182741116751269,train_oof,0.12060301142481507
Base_LR_SMOTE,Base,supervised,LR,SMOTE,35,28,185,985,55,0.1033821407245035,-0.044127165268266454,0.010779916254835807,-0.10019417530920448,-0.17386558222100915,-0.175293456407638,-0.1479288802234516,-0.1567853150518869,0.0876558974252579,0.18414722375375767,-0.0539833884001566,low,-0.31673469697622264,0.0,0.016216216216216217,0.01015228426395939,train_oof,0.12060301142481507
Base_LR_SMOTE,Base,supervised,LR,SMOTE,37,28,185,985,55,0.45727437932708864,0.033757572663377935,-0.01620924231214733,-0.0456889257376701,0.3634933734285014,0.1121763773637626,0.0049520856410351,0.0616231827677481,0.4848870170831166,0.3739932416272952,0.04963758193786515,high,2.9052242790483267,0.03571428571428571,0.010810810810810811,0.01015228426395939,train_oof,0.12060301142481507
Base_LR_SMOTE,Base,supervised,LR,SMOTE,38,28,185,985,55,0.3176619407732174,0.1755783617029302,-0.05087168486009207,0.15856165602596392,0.2059165029382131,0.003930839421569,-0.0491996847220744,0.0115529399316286,0.3946838792161052,0.10839833315089639,0.24135174310809354,high,3.279210198834487,0.03571428571428571,0.02702702702702703,0.01015228426395939,train_oof,0.12060301142481507
Base_LR_SMOTE,Base,supervised,LR,SMOTE,39,28,185,985,55,0.20344108911179118,0.03160461627642804,-0.005387694093168809,-0.11508628527467564,-0.22036085555578344,-0.1439125342968708,-0.1503548085602628,-0.2304537519017632,0.20887582945889752,0.15627826796028055,0.0367431903683577,low,-1.5225592266627026,0.0,0.005405405405405406,0.01116751269035533,train_oof,0.12060301142481507
Base_LR_SMOTE,Base,supervised,LR,SMOTE,40,28,185,985,55,-0.12837715704609245,-0.2123634773203986,0.054372737649882284,-0.19621257493888605,0.3617287118830703,0.3861164217284885,0.4478986200035466,0.4275755284656985,-0.1906767662934344,0.0769819745086344,-0.27156985259611965,low,-2.6377157220048573,0.0,0.010810810810810811,0.012182741116751269,train_oof,0.12060301142481507
Base_LR_SMOTE,Base,supervised,LR,SMOTE,41,28,185,985,55,0.14360040267289048,0.20009127878115943,-0.04118650554515856,-0.009406921770956232,0.09695370082619024,-0.0451628176830806,-0.131114888077488,-0.1242932951890429,0.22504129163824615,-0.0354718728477423,0.23768715911933075,high,1.286939650658091,0.0,0.021621621621621623,0.01015228426395939,train_oof,0.12060301142481507
Base_LR_SMOTE,Base,supervised,LR,SMOTE,43,28,185,985,55,-0.15889101515518908,-0.03792969898450789,0.010243677501372343,0.024601965310364658,-0.29971183434803345,-0.25819549757836,-0.3292354558301215,-0.1276903196901872,-0.16816819413315606,-0.1287006971025009,-0.047993804902212306,high,2.432497177794513,0.0,0.0,0.01015228426395939,train_oof,0.12060301142481507
Base_LR_SMOTE,Base,supervised,LR,SMOTE,44,28,185,985,55,-0.05257131547262535,-0.0493578423433334,0.0177970805091199,-0.1259710588122164,-0.15365581617667579,-0.0199489604911796,0.0621567419340286,-0.2178008961963714,-0.06956529122816939,-0.0032889733070554927,-0.06675322757374856,low,-2.7426424743297426,0.0,0.005405405405405406,0.01015228426395939,train_oof,0.12060301142481507
Base_LR_SMOTE,Base,supervised,LR,SMOTE,45,28,185,985,55,-0.16577115843421275,-0.00422696932817304,-0.00011505154065283466,0.10058070552985225,-0.02437093850328,-0.2630494133446102,0.003445260346577,0.0849260290450713,-0.1712810128629237,-0.14130420869309696,-0.00412924157351731,low,-1.8445060728365184,0.10714285714285714,0.021621621621621623,0.01015228426395939,train_oof,0.12060301142481507
Base_LR_SMOTE,Base,supervised,LR,SMOTE,46,28,185,985,55,-0.25425238994703914,-0.03762660749522144,0.009715336598346442,0.08230191067380761,-0.45244864232699933,-0.0826787164365494,-0.0084677590416331,0.0368542835314893,-0.2662400363035965,-0.20706410524907906,-0.04712840441625903,low,-1.8766894927581717,0.03571428571428571,0.016216216216216217,0.01015228426395939,train_oof,0.12060301142481507
Base_LR_SMOTE,Base,supervised,LR,SMOTE,47,28,185,985,55,0.1962932201977891,0.05994606718628143,-0.017827208631830124,0.025599539579490824,0.5520005851979198,0.4863234498581618,0.3402575008625391,0.3234441542155616,0.21341059703565787,0.13888110970910186,0.07754991675062771,high,1.4013057743867101,0.03571428571428571,0.0,0.01015228426395939,train_oof,0.12060301142481507
Base_LR_SMOTE,Base,supervised,LR,SMOTE,48,28,185,985,55,-0.03917688626352778,0.014771476076212315,0.0012233555654015684,-0.048748018174423875,-0.15399442568748278,0.0711541850771904,-0.0125489551874301,-0.1262409254516723,-0.04061141975969646,-0.05083491544975885,0.013582383237944121,low,-2.3506250982907964,0.0,0.016216216216216217,0.01015228426395939,train_oof,0.12060301142481507
Base_LR_SMOTE,Base,supervised,LR,SMOTE,51,28,185,985,55,0.08171685782664258,0.05610190169661292,-0.012067800787217451,-0.002749492477319211,0.6732580202384905,0.4517565393770975,0.3807848168508331,0.4582043155026735,0.09348411431284662,0.025924412932422293,0.06835872997831259,high,1.4668897940733183,0.0,0.005405405405405406,0.01015228426395939,train_oof,0.12060301142481507
Base_LR_SMOTE,Base,supervised,LR,SMOTE,53,28,185,985,55,0.009482218059120208,0.002637134452799991,-0.0011079222952206022,0.006448271595063471,-0.039332797764317605,0.0220808318641101,0.0922678371537619,0.0922678371537619,0.009851330668382745,0.011737464664271821,0.00366215544380639,low,-2.040715253598513,0.0,0.0,0.01015228426395939,train_oof,0.12060301142481507
Base_LR_SMOTE,Base,supervised,LR,SMOTE,55,28,185,985,55,-0.21918869582136427,0.07780216124860784,-0.014640179629174284,0.1310473713195752,-0.8171652248507822,0.0007478061998248,-0.077148672947852,0.1175925249213401,-0.21152692003423254,-0.2677439263955488,0.09408263214492855,low,-2.063508891213612,0.0,0.0,0.016243654822335026,train_oof,0.12060301142481507
Base_LR_SMOTE,Base,supervised,LR,SMOTE,56,28,185,985,55,0.3085264564818286,0.17213070961294,-0.050684915060425585,0.18719047115514637,0.6724907558314797,0.420344184171032,0.2618520534130405,0.3483023065537704,0.3408662779694091,0.18730979024516234,0.22015558595508633,high,1.183988086914101,0.03571428571428571,0.016216216216216217,0.013197969543147208,train_oof,0.12060301142481507
Base_LR_SMOTE,Base,supervised,LR,SMOTE,57,28,185,985,55,-0.4546806242745127,0.10207980119148836,-0.003183192172659366,-0.05053806005427181,-0.6309267402534293,0.1325142740593609,0.0132266155729998,0.0847992106648165,-0.45631464092865537,-0.5529372137245531,0.10605096570241138,low,-2.426921726424271,0.03571428571428571,0.010810810810810811,0.01015228426395939,train_oof,0.12060301142481507
Base_LR_SMOTE,Base,supervised,LR,SMOTE,58,28,185,985,55,0.13381820587005683,0.07866405477761569,-0.027435838759189375,0.1823533820136305,0.0142408426987796,-0.1043227376601092,-0.2895414651859396,0.1882520676036252,0.15929542097247074,0.05589744680359963,0.10539245713848722,high,2.2115012249717947,0.0,0.005405405405405406,0.012182741116751269,train_oof,0.12060301142481507
Base_LR_SMOTE,Base,supervised,LR,SMOTE,59,28,185,985,55,0.7726718717220634,0.42768719284042017,-0.13089334912414213,0.4975058871575094,0.43215506364631806,-0.0611837548574045,-0.2688115436732682,0.191656250996216,1.1788483009277166,0.2113180370579649,0.584787984764234,high,2.4534723568776733,0.10714285714285714,0.05405405405405406,0.01015228426395939,train_oof,0.12060301142481507
Base_LR_SMOTE,Base,supervised,LR,SMOTE,60,28,185,985,55,-0.21170916973895823,-0.14292579886795714,0.032143824205241645,0.04511296364437989,-0.373058436097205,-0.2837694945436463,-0.2073192141999656,-0.198394474951151,-0.2480674125679501,-0.0648206869082665,-0.17511586374206284,low,-1.4667252341891526,0.03571428571428571,0.03783783783783784,0.01015228426395939,train_oof,0.12060301142481507
Base_LR_SMOTE,Base,supervised,LR,SMOTE,61,28,185,985,55,0.5069113715544937,0.0039711886768355725,-0.009103914212654707,-0.09118303741010673,0.501325920926144,0.0707905330980283,0.0460010272789659,-0.0305547995151985,0.5415038025023344,0.40164653687191315,0.013437100669891101,high,1.9928813219346013,0.10714285714285714,0.04864864864864865,0.01015228426395939,train_oof,0.12060301142481507
Base_LR_SMOTE,Base,supervised,LR,SMOTE,62,28,185,985,55,-0.36599224954731885,0.0605330831409662,-0.00023491144865752623,-0.013135218829111011,-0.5978904327636032,-0.110614720123272,-0.0309146720102556,-0.0421258195855844,-0.4830222605577069,-0.23438234361473495,0.06194917272907323,low,-1.76827661432946,0.14285714285714285,0.04864864864864865,0.01015228426395939,train_oof,0.12060301142481507
Base_LR_SMOTE,Base,supervised,LR,SMOTE,63,28,185,985,55,0.6995238871185719,0.24761806154523017,-0.06960491161700552,0.04875269580428347,0.23439101472474663,-0.0550180371936445,-0.1289074422777459,-0.0849281912531121,1.1656635763775656,0.23161709146980528,0.32255151485776873,high,1.9856288029154787,0.21428571428571427,0.043243243243243246,0.01015228426395939,train_oof,0.12060301142481507
Base_LR_SMOTE,Base,supervised,LR,SMOTE,64,28,185,985,55,0.8742476933425161,0.10779374834759388,-0.05638831208548007,0.1597349277327031,0.8874244739432295,-0.2243950060680941,-0.1218525865483573,-0.2564864220285729,1.014263022608061,0.5794089033003985,0.17386867004321538,high,2.9927795866425155,0.10714285714285714,0.02702702702702703,0.01015228426395939,train_oof,0.12060301142481507
Base_LR_SMOTE,Base,supervised,LR,SMOTE,65,28,185,985,55,0.7013424861841041,0.10403569135719266,-0.0450074159341397,0.06330579965741036,0.7043557467302433,-0.237188806166218,-0.1484560713672542,-0.1254730625541483,0.8126481087547338,0.4441046476548694,0.15267653075408283,high,2.5700343688332237,0.14285714285714285,0.03783783783783784,0.01015228426395939,train_oof,0.12060301142481507
Base_LR_SMOTE,Base,supervised,LR,SMOTE,66,28,185,985,55,-0.6553132475046859,-0.06693770504363332,0.02981639477543533,0.05244157456173505,-0.5795772800615125,-0.0698511910518125,0.0090607732175596,-0.0559487143786184,-0.7139132883005143,-0.4980203195804773,-0.09725527095126416,low,-1.9783705190025902,0.14285714285714285,0.032432432432432434,0.01015228426395939,train_oof,0.12060301142481507
Base_LR_SMOTE,Base,supervised,LR,SMOTE,67,28,185,985,55,0.6035897456634115,0.15718581416678457,-0.04384602950434462,-0.05699491848180216,-0.0573264927406841,-0.0572044821494215,-0.0573202395161021,-0.0571617275441399,0.9716211630971562,0.19449579769418543,0.22902474303299383,low,-0.058703976319417955,0.0,0.016216216216216217,0.01015228426395939,train_oof,0.12060301142481507
Base_LR_SMOTE,Base,supervised,LR,SMOTE,68,28,185,985,55,-0.4802375341129001,-0.04152467087955198,0.021980364496375682,-0.019617049357978197,-0.0031877467981671495,-0.0526520307512506,0.0679699769227741,-0.1488255086548765,-0.5164255434678001,-0.29666746760801826,-0.06892753583792612,low,-2.0836423332151215,0.03571428571428571,0.016216216216216217,0.01015228426395939,train_oof,0.12060301142481507
Base_LR_SMOTE,Base,supervised,LR,SMOTE,70,28,185,985,55,-0.691861230362898,-0.052575218803644644,0.030027888433291176,0.006920835568670273,-0.5593436629961268,-0.1091606967258043,0.0173362401592626,0.0243167044396944,-0.7773706912210593,-0.4962263646558464,-0.08313845349670974,low,-2.058055405154075,0.10714285714285714,0.03783783783783784,0.01015228426395939,train_oof,0.12060301142481507
Base_LR_SMOTE,Base,supervised,LR,SMOTE,71,28,185,985,55,-0.2172178838055218,-0.07889746891878835,0.021815473402577317,-0.0026364491179840894,-0.0865210137763866,-0.1310221528667607,-0.0170729903287143,-0.1644003961226501,-0.2525679806613902,-0.12735281980133023,-0.10222219505131008,low,-1.7431351780069184,0.0,0.02702702702702703,0.01015228426395939,train_oof,0.12060301142481507
Base_LR_SMOTE,Base,supervised,LR,SMOTE,75,28,185,985,55,0.5802765296212,-0.16806040040977213,0.020771854715235048,-0.1086351934387613,0.1510762018882904,-0.0846063827685637,0.0563626398299284,-0.0449588451627378,0.5737081096539954,0.5828324273611439,-0.20035657996223452,high,1.987814460707519,0.07142857142857142,0.016216216216216217,0.01015228426395939,train_oof,0.12060301142481507
Base_LR_SMOTE,Base,supervised,LR,SMOTE,76,28,185,985,55,-0.4117162512657702,-0.15415472565524252,0.0535859128715655,-0.07790680969967764,-0.1793335171586776,-0.1864500907202956,0.1141125124731043,-0.1523843919884119,-0.46602672392060135,-0.26129384316643134,-0.21057020992926523,low,-2.4201832185386802,0.07142857142857142,0.005405405405405406,0.01015228426395939,train_oof,0.12060301142481507
Base_LR_SMOTE,Base,supervised,LR,SMOTE,77,28,185,985,55,-0.15043386159022445,-0.042322855053090004,0.010996956805134515,-0.027902088348032667,0.1409228713979443,-0.1700246974283655,-0.0871053457413496,-0.0711593165707695,-0.16383532298952713,-0.0987142993052704,-0.053898536495960485,high,2.544372172104443,0.0,0.021621621621621623,0.01015228426395939,train_oof,0.12060301142481507
Base_LR_SMOTE,Base,supervised,LR,SMOTE,78,28,185,985,55,-0.046295703129993,-0.2167043448615217,0.056531125226058895,-0.21487019913998748,-0.371904142855899,-0.3162621942951429,0.1144477038233023,-0.0565997676782811,-0.10156073491570866,0.17203785107606123,-0.2760605667578437,low,-1.854617815096373,0.03571428571428571,0.005405405405405406,0.01015228426395939,train_oof,0.12060301142481507
Base_LR_SMOTE,Base,supervised,LR,SMOTE,79,28,185,985,55,0.45189191917801474,0.20840541260741552,-0.07104210960017934,0.26124765232404235,0.38031056191999074,0.1427345055032731,-0.1812328441558872,0.2248062340835938,0.5492606871729854,0.2165953102901961,0.2854771801346785,high,2.94820536225836,0.0,0.02702702702702703,0.01015228426395939,train_oof,0.12060301142481507
Base_LR_SMOTE,Base,supervised,LR,SMOTE,80,28,185,985,55,-0.3916065190358898,-0.12408730688813567,0.04499932053398384,-0.09951167591801378,-0.7582390326888944,0.110288475382301,0.2180916555410208,0.1936833883352729,-0.46320473324812,-0.22349980917713838,-0.17307102444896433,low,-1.927801836297647,0.07142857142857142,0.021621621621621623,0.01116751269035533,train_oof,0.12060301142481507
Base_LR_SMOTE,Base,supervised,LR,SMOTE,81,28,185,985,55,-0.10651761931111547,0.07215828135103071,-0.014259433741669847,0.04555711236100749,0.055575900026701,0.1444522422223705,0.0792762579455461,0.0615009895064123,-0.09480924309062574,-0.16439112131869366,0.08787449904582804,low,-2.9136049400462287,0.0,0.016216216216216217,0.01015228426395939,train_oof,0.12060301142481507
Base_LR_SMOTE,Base,supervised,LR,SMOTE,82,28,185,985,55,-0.2725694830544412,-0.08672737826169007,0.02222699458766626,0.006869287041087785,-0.0549087841781741,-0.110112584617807,0.0554988167010917,0.0361774865472202,-0.29264122973873297,-0.20229158120671922,-0.10890714664750586,low,-2.145697522028832,0.0,0.010810810810810811,0.01015228426395939,train_oof,0.12060301142481507
Base_LR_SMOTE,Base,supervised,LR,SMOTE,83,28,185,985,55,-0.08629102306022561,0.03625347401192898,0.0027405639174206105,-0.12709453645782115,-0.1655100740095721,0.1231577713132881,0.024574063465211,-0.1196143123834511,-0.08922114073898302,-0.11941425165462712,0.03353302766790329,low,-2.3810779954382255,0.0,0.005405405405405406,0.01015228426395939,train_oof,0.12060301142481507
Base_LR_SMOTE,Base,supervised,LR,SMOTE,84,28,185,985,55,0.06224411806372514,-0.029297486734436502,0.00543138311058971,-0.04554833151107752,0.18557909444235665,0.0367265367440068,-0.0029674786422147,-0.0823555094146687,0.05683943925869675,0.0905183707029709,-0.034503298283182375,high,2.3985204522244508,0.0,0.016216216216216217,0.014213197969543147,train_oof,0.12060301142481507
Base_LR_SMOTE,Base,supervised,LR,SMOTE,86,28,185,985,55,0.005473313210643831,0.07315352744625062,-0.02019303268793892,0.11279057909384425,0.03650091884845555,0.165606497725272,0.0418803179683224,0.2140210898040738,0.02553566584983397,-0.06982133401382133,0.09269742159954915,low,-3.285278037669704,0.0,0.0,0.01116751269035533,train_oof,0.12060301142481507
Base_LR_SMOTE,Base,supervised,LR,SMOTE,87,28,185,985,55,-0.0760314587750942,-0.04820823612229409,0.01786038317140912,-0.11900132537313068,0.26913351114449285,0.4087084170136116,0.3785300589878589,0.4087084170136116,-0.12181716859959142,-0.020202021766414845,-0.07256769956109714,low,-1.9334339493653152,0.0,0.010810810810810811,0.01015228426395939,train_oof,0.12060301142481507
Base_LR_SMOTE,Base,supervised,LR,SMOTE,88,28,185,985,55,0.32352857632803717,-0.004815672790540596,-0.007381275886060698,-0.016315344057651896,0.45896645539251013,-0.0184711298277049,0.0399044749941283,-0.0909915565686715,0.3303756296624154,0.34753266288459556,0.0025636899969774976,high,2.2266600864050954,0.0,0.0,0.01116751269035533,train_oof,0.12060301142481507
Base_LR_SMOTE,Base,supervised,LR,SMOTE,89,28,185,985,55,-0.22302845252749964,-0.05934984657098047,-0.0007132639792355405,0.26683882957733934,-0.33479756605062017,-0.0204508216177593,0.0196044422157906,-0.0239338880380681,-0.2592537722792252,-0.4302746235414909,-0.0723231387056849,low,-0.7094710208832274,0.0,0.016216216216216217,0.01015228426395939,train_oof,0.12060301142481507
Base_LR_SMOTE,Base,supervised,LR,SMOTE,90,28,185,985,55,-0.34453682225377374,-0.12040158932986995,0.03602005827839345,-0.05835773828169958,-0.4248919311329148,-0.1340844158060902,0.0370371863285813,-0.0452800120201273,-0.38660567048646566,-0.22402189212556187,-0.15725426326629444,low,-2.2036794901906904,0.0,0.02702702702702703,0.01015228426395939,train_oof,0.12060301142481507
Base_LR_SMOTE,Base,supervised,LR,SMOTE,91,28,185,985,55,0.13474947044941527,0.16536574172291968,-0.03733251803095428,0.04711911309961368,0.11115665372964256,0.1427750610942609,-0.0209631199010839,0.0874428482061788,0.17227928703483109,-0.031780325435880136,0.20081650125889833,high,2.525041379404737,0.0,0.005405405405405406,0.01015228426395939,train_oof,0.12060301142481507
Base_LR_SMOTE,Base,supervised,LR,SMOTE,92,28,185,985,55,-0.12460439438111656,-0.03307059928723208,0.011983994312412182,-0.043506573281051855,-0.2978759422726548,-0.0385134995167673,-0.0385134995167673,-0.0995399566357997,-0.132627586359927,-0.09969967132956835,-0.04460346706485712,low,-2.1536905032624283,0.03571428571428571,0.02702702702702703,0.01015228426395939,train_oof,0.12060301142481507
Base_LR_SMOTE,Base,supervised,LR,SMOTE,95,28,185,985,55,0.5174978895992605,0.17958761742489798,-0.05823040240064226,0.1777378642243345,0.3830604694868797,0.3830604694868797,-0.5580014712997856,0.3830604694868797,0.579244165770422,0.35103031482490205,0.24086668406028858,high,2.26518435106021,0.07142857142857142,0.032432432432432434,0.024365482233502538,train_oof,0.12060301142481507
Base_LR_SMOTE,Base,supervised,LR,SMOTE,96,28,185,985,55,-0.0692383574077877,0.05364207996352124,-0.006651216617169235,-0.020753825971750118,0.0112248301114711,-0.0698964445189565,-0.0622562136673373,-0.0685481684863178,-0.06414371191811458,-0.11101671933749327,0.05975664993589695,high,2.791253158822948,0.0,0.016216216216216217,0.01015228426395939,train_oof,0.12060301142481507
Base_LR_SMOTE,Base,supervised,LR,SMOTE,98,28,185,985,55,-0.16986627386685096,-0.15515669131428805,0.039592841235917116,-0.10964047851845844,-0.1679941956529355,0.0065398219010423,0.0526956617591707,0.0526956617591707,-0.21338088337978778,-0.013979900263457893,-0.19270573861486556,low,-2.3396426967004387,0.0,0.02702702702702703,0.01015228426395939,train_oof,0.12060301142481507
Base_LR_SMOTE,Base,supervised,LR,SMOTE,100,28,185,985,55,0.4467299819668626,0.20495111169891486,-0.06796390987435366,0.30683831833184266,0.1876042319693517,0.048074981970692,0.048074981970692,0.048074981970692,0.5330608217612244,0.22705234083810094,0.2805439895189107,high,2.2805429819492478,0.07142857142857142,0.021621621621621623,0.012182741116751269,train_oof,0.12060301142481507
Base_LR_SMOTE,Base,supervised,LR,SMOTE,101,28,185,985,55,-0.1786948211340431,-0.16082724794939787,0.04255453229252267,-0.13462147394525142,-0.17869482113404314,0.0416719148099151,0.0416719148099151,0.0416719148099151,-0.2241910489367243,-0.017121756348367295,-0.2004528574459699,low,-2.161995444629668,0.0,0.043243243243243246,0.015228426395939087,train_oof,0.12060301142481507
Base_LR_SMOTE,Base,supervised,LR,SMOTE,102,28,185,985,55,-0.21003240264255765,-0.2876881264964421,0.07007183532137923,-0.1897729527631866,-0.45221014052891007,-0.244416369214212,-0.0310065500261438,-0.2604622202809841,-0.287110245150586,0.0673861579493896,-0.36873686412137796,low,-1.9801923542133448,0.07142857142857142,0.032432432432432434,0.01015228426395939,train_oof,0.12060301142481507
Base_LR_SMOTE,Base,supervised,LR,SMOTE,103,28,185,985,55,1.150173637586574,0.4729127916229124,-0.14964367806873985,0.47578829522528043,1.1536762212841918,0.3527520824289679,-0.2029911975930242,0.3854428636067319,1.4665129233463166,0.5820039607020285,0.6605650953733444,high,2.1232847910166783,0.07142857142857142,0.04864864864864865,0.01015228426395939,train_oof,0.12060301142481507
Base_LR_SMOTE,Base,supervised,LR,SMOTE,104,28,185,985,55,-0.35705345343867834,-0.0684380768061162,0.02628403047016153,-0.06691213267940561,0.0742376990413215,0.0167322120439882,0.0167322120439882,0.2467541600333214,-0.41314927786582406,-0.1902343871763071,-0.10425879042675094,high,2.123733255626273,0.0,0.0,0.01015228426395939,train_oof,0.12060301142481507
Base_LR_SMOTE,Base,supervised,LR,SMOTE,106,28,185,985,55,-0.03579547190996974,-0.033505629233455035,0.013292365903448872,-0.1196444011576371,-0.1753978123588522,-0.1417006956987771,-0.108003579038702,-0.1753978123588522,-0.04885058626693245,-0.002141486452468988,-0.04721101462760351,low,-2.0004336506685174,0.07142857142857142,0.021621621621621623,0.01015228426395939,train_oof,0.12060301142481507
Base_LR_SMOTE,Base,supervised,LR,SMOTE,107,28,185,985,55,-0.26527007881501236,-0.0014145769705516623,0.01688858564304888,-0.16110206932613447,-0.1504056615530453,0.0735215328145493,0.0069638276876572,0.0069638276876572,-0.29161340571442507,-0.2477289745657686,-0.018451849161825382,low,-2.5932990590494,0.0,0.032432432432432434,0.01116751269035533,train_oof,0.12060301142481507
Base_LR_SMOTE,Base,supervised,LR,SMOTE,108,28,185,985,55,-0.377845845922537,0.04608761128207309,-0.002218753817340356,0.07243632544391082,-0.44455322693482924,0.0424230921269389,0.0354579957875573,0.1132349049106525,-0.38398457673025904,-0.4039692079151411,0.048516344314512086,low,-2.247421980408178,0.0,0.005405405405405406,0.01015228426395939,train_oof,0.12060301142481507
Base_LR_SMOTE,Base,supervised,LR,SMOTE,113,28,185,985,55,0.03114150862944089,0.058533647370579714,-0.008596500064250895,-0.05878426257959701,0.3653210893595493,0.1357775771720558,0.0606542459106926,0.0856953563311439,0.03956874428461851,-0.026518331778721746,0.06698234160358064,high,2.2626025555492846,0.0,0.016216216216216217,0.01015228426395939,train_oof,0.12060301142481507
Base_LR_SMOTE,Base,supervised,LR,SMOTE,115,28,185,985,55,-0.4085495867842244,-0.0980017790621019,0.0323465655888188,-0.041666355428020684,-0.14107181096331115,0.020544349923455,0.1024622413537116,0.0627038394405493,-0.4435396734408063,-0.3089270117223724,-0.13047929663823485,low,-2.820208927233477,0.0,0.010810810810810811,0.01015228426395939,train_oof,0.12060301142481507
Base_LR_SMOTE,Base,supervised,LR,SMOTE,116,28,185,985,55,0.06400489819224954,0.012141341517450426,-0.0009086481623015427,-0.057150307095746485,0.3437632813118004,0.3643229525121969,0.3540431169120043,0.3540431169120043,0.06500622848039608,0.05105226322380672,0.012935453180909808,low,-2.8581999114365115,0.0,0.010810810810810811,0.01015228426395939,train_oof,0.12060301142481507
Base_LR_SMOTE,Base,supervised,LR,SMOTE,118,28,185,985,55,-0.1584703536061681,-0.09173400358867821,0.019565950278489546,-0.012239408013024507,-0.14713685773837226,0.0623061458984972,0.0623061458984972,0.0369191151546368,-0.1816044666345675,-0.06247542325104397,-0.11089707826817638,low,-2.3535236996875275,0.0,0.016216216216216217,0.01015228426395939,train_oof,0.12060301142481507
Base_LR_SMOTE,Base,supervised,LR,SMOTE,119,28,185,985,55,0.04667945888763614,-0.06448628371762082,0.013221007990327514,-0.043631913301093166,0.0081391137613885,0.0241657919326985,-0.1895232503514586,-0.2002077024656653,0.038330803018041704,0.07458931764332657,-0.07641831572570386,high,1.167402168152943,0.0,0.005405405405405406,0.012182741116751269,train_oof,0.12060301142481507
Base_LR_SMOTE,Base,supervised,LR,SMOTE,120,28,185,985,55,-0.19653395097985982,0.04805066207602712,-0.004207810262392509,0.013786750033210823,-0.452141233398098,-0.0187558998176148,0.0240671706551122,0.0732343997163981,-0.19462688949964999,-0.23188793266659838,0.05235570897876681,low,-2.6980843965209282,0.0,0.0,0.01015228426395939,train_oof,0.12060301142481507
Base_LR_SMOTE,Base,supervised,LR,SMOTE,122,28,185,985,55,-0.45468327052410545,-0.2603988306064159,0.08079239299524842,-0.33666146569725847,-0.7248366795077467,-0.3232465943900025,0.000241143139325,-0.398579355184503,-0.5219692282391489,-0.2405245191623109,-0.34054664464254736,low,-1.74902987589769,0.0,0.021621621621621623,0.01116751269035533,train_oof,0.12060301142481507
Base_LR_SMOTE,Base,supervised,LR,SMOTE,123,28,185,985,55,0.12146689392579242,0.18520213611628264,-0.05362595352670218,0.2560778973255872,-0.1909908993944805,0.1773803937831016,-0.0068052528056853,0.1773803937831016,0.1710074269095374,-0.07137036905474657,0.24008725005617682,low,-2.677497128343162,0.0,0.0,0.012182741116751269,train_oof,0.12060301142481507
Base_LR_SMOTE,Base,supervised,LR,SMOTE,124,28,185,985,55,0.29598927036940637,0.21539087945670896,-0.06942094688019161,0.3434564975620246,0.12484700307778696,0.0377200306384171,-0.2236608866797079,0.2991009479565267,0.363627447952333,0.08435157366210076,0.287921559300098,high,2.1287673691833247,0.10714285714285714,0.03783783783783784,0.013197969543147208,train_oof,0.12060301142481507
Base_LR_SMOTE,Base,supervised,LR,SMOTE,125,28,185,985,55,-0.41333400161201705,-0.33166053172880844,0.09495183432755214,-0.3598402252572936,-0.6240351334555115,-0.4364105491267392,-0.0826041901067694,-0.4364105491267392,-0.5009385479345418,-0.09655643891474935,-0.42824411370820703,low,-1.5678761376693908,0.07142857142857142,0.05945945945945946,0.01116751269035533,train_oof,0.12060301142481507
Base_LR_SMOTE,Base,supervised,LR,SMOTE,126,28,185,985,55,0.2079129287021044,0.004406724338277888,-0.013079156958856258,0.08083712255333994,0.184694026401868,-0.048334234033036,-0.0953315302551998,0.0299945930039064,0.21263523489232153,0.24622753931010816,0.017364265711287234,high,4.717974891164911,0.0,0.0,0.012182741116751269,train_oof,0.12060301142481507
Base_LR_SMOTE,Base,supervised,LR,SMOTE,128,28,185,985,55,0.2621272652523984,0.08006246638890357,-0.03067360384931391,0.09623452922247812,0.39821095812912854,-0.0373650767248204,0.0194491886909125,-0.0222146059472917,0.2797050232276247,0.23772261882694617,0.1089911440025639,high,2.515489249288759,0.0,0.005405405405405406,0.012182741116751269,train_oof,0.12060301142481507
Base_LR_SMOTE,Base,supervised,LR,SMOTE,129,28,185,985,55,0.604719096359824,0.28377202110641475,-0.08958231578637728,0.33398163624668525,0.47985349008139,0.421931196747262,0.2563185342876394,0.460546058970014,0.6817541133487501,0.3943858779871928,0.373284020959171,high,1.811658045833748,0.03571428571428571,0.016216216216216217,0.012182741116751269,train_oof,0.12060301142481507
Base_LR_SMOTE,Base,supervised,LR,SMOTE,130,28,185,985,55,0.39266720971635605,0.19211860029240435,-0.06600260358114661,0.3069719060244321,0.5275029761285533,0.2293486941977067,0.1049653127787032,0.2939792747389533,0.4458005187369219,0.24333217221278522,0.25677605371415757,high,1.577664548779705,0.03571428571428571,0.021621621621621623,0.01015228426395939,train_oof,0.12060301142481507
Base_LR_SMOTE,Base,supervised,LR,SMOTE,131,28,185,985,55,0.04262070031591682,-0.024462291224262866,-0.0032120952574092813,0.1258526488073907,0.10486077056786851,0.039508696803321,-0.0476274015494089,-0.0040593523730439,0.044932314341412705,0.08182967265922422,-0.021213471945921367,high,2.2614792047981296,0.0,0.010810810810810811,0.01116751269035533,train_oof,0.12060301142481507
Base_LR_SMOTE,Base,supervised,LR,SMOTE,132,28,185,985,55,0.24595262899451684,0.047046005912370605,-0.012733366569883251,-0.06269736156634476,0.2915072948730967,-0.008233068901931,-0.1949871896340301,0.0440580849030603,0.25978900870154026,0.19828089964550907,0.06049026494688737,high,2.0748223937439434,0.0,0.005405405405405406,0.01015228426395939,train_oof,0.12060301142481507
Base_LR_SMOTE,Base,supervised,LR,SMOTE,133,28,185,985,55,0.2495137223510006,0.14878711290311702,-0.048744086727418354,0.23876780539089615,0.2518007183996857,0.2163530962349759,-0.0320165255890551,0.102884122081413,0.2902551798876906,0.11261583889860806,0.19747955101139067,high,2.1469719020373548,0.0,0.005405405405405406,0.014213197969543147,train_oof,0.12060301142481507
Base_LR_SMOTE,Base,supervised,LR,SMOTE,134,28,185,985,55,-0.30887744778190784,-0.15114312040616135,0.03842653997794553,-0.02090693397252657,-0.5358306496095748,-0.3154674391049766,-0.0751682444000431,-0.2017393634336219,-0.3400723082165754,-0.1815412895902299,-0.1896950927872882,low,-1.760430328485589,0.0,0.016216216216216217,0.013197969543147208,train_oof,0.12060301142481507
Base_LR_SMOTE,Base,supervised,LR,SMOTE,137,28,185,985,55,0.1916553645190162,0.19005713398497626,-0.0504267095247526,0.17370330095457948,0.2893806800682005,0.0910416159979347,-0.1515867536414201,0.3529262054499365,0.24638304208850623,0.0015083027825833978,0.24055261705636946,high,2.1276564482627522,0.03571428571428571,0.03783783783783784,0.01015228426395939,train_oof,0.12060301142481507
Base_LR_SMOTE,Base,supervised,LR,SMOTE,139,28,185,985,55,-0.31947049605355116,0.003947801367043292,0.006223878990262611,0.05595228170194762,-0.3634064059942239,-0.3086175797159625,-0.3089518821522202,-0.2970102276819467,-0.3260476341927741,-0.3589418677590351,-0.002280050716503762,low,-1.112580988645901,0.03571428571428571,0.0,0.01015228426395939,train_oof,0.12060301142481507
Base_LR_SMOTE,Base,supervised,LR,SMOTE,144,28,185,985,55,-0.17735726081503556,-0.21997755244644407,0.058943718595206654,-0.21269778705939626,-0.34170771982501746,-0.4059833943883272,-0.1456262316002371,-0.399474465318625,-0.2290183664711538,0.05542596707301483,-0.27867849897594066,low,-1.1450072009623211,0.0,0.021621621621621623,0.01015228426395939,train_oof,0.12060301142481507
Base_LR_SMOTE,Base,supervised,LR,SMOTE,154,28,185,985,55,0.4853113208436808,0.02818380545095795,-0.011254002224440552,-0.1284319359321724,0.22227685897064514,-0.0131060476501582,-0.0617334257657927,-0.2887024349009391,0.4964276973264028,0.4232855434361046,0.04026240018335508,high,2.2643479263615984,0.07142857142857142,0.016216216216216217,0.01015228426395939,train_oof,0.12060301142481507
Base_LR_SMOTE,Base,supervised,LR,SMOTE,156,28,185,985,55,0.008255848873954976,0.25369080519328646,-0.04958511500352545,0.030497737258981004,-0.132755935793469,-0.067944592579098,-0.1287410738244372,-0.1126816259483099,0.10645690538643303,-0.11663823286354208,0.296383445030141,low,-0.48796798074501085,0.03571428571428571,0.005405405405405406,0.01015228426395939,train_oof,0.12060301142481507
Base_LR_SMOTE,Base,supervised,LR,SMOTE,159,28,185,985,55,0.4478776749487041,0.1667672309425774,-0.06198811174155577,0.32357370528783264,-0.13149433433905966,-0.1991381209044287,-0.2759814624426879,-0.2013027220745205,0.5864256946013572,0.19827454786912016,0.24547192986130534,high,4.552507783634308,0.10714285714285714,0.03783783783783784,0.01015228426395939,train_oof,0.12060301142481507
Base_LR_SMOTE,Base,supervised,LR,SMOTE,162,28,185,985,55,-0.05695357986874594,-0.023333403402692406,0.006728777613235364,-0.024093469305990843,-0.4991078139239174,-0.4470297295764804,-0.4654896845468976,-0.4629383086566773,-0.06335868010901333,-0.033045389433789055,-0.02976454766000205,low,-0.7332580850348603,0.03571428571428571,0.016216216216216217,0.01015228426395939,train_oof,0.12060301142481507
Base_LR_SMOTE,Base,supervised,LR,SMOTE,165,28,185,985,55,0.6035701239624284,0.12671861344361182,-0.055203694298857214,0.2656955847200601,-0.20675650821347386,-0.1676971859697454,-0.152073457072254,-0.1442615926235083,0.7890134840636089,0.3037100555166883,0.20449141326935683,low,-0.5196477189339005,0.0,0.02702702702702703,0.01015228426395939,train_oof,0.12060301142481507
Base_LR_SMOTE,Base,supervised,LR,SMOTE,168,28,185,985,55,0.17160802734563171,-0.03443902430431795,0.00372644738042455,-0.042261372754252916,-0.23255534285342994,-0.0757456010259819,-0.1180819815994327,-0.1392501718861602,0.16339295738121218,0.20946071620869391,-0.038469073459498106,low,-1.6421916822436604,0.0,0.0,0.01116751269035533,train_oof,0.12060301142481507
Base_LR_SMOTE,Base,supervised,LR,SMOTE,173,28,185,985,55,-0.013804845338506637,0.0040931397206868106,0.0008711552892011614,-0.025047674840559205,-0.009626766807338,-0.0440959146894753,0.0593115289569364,-0.1516814368670571,-0.014805319108812503,-0.017559737793069578,0.003194284424149455,low,-2.733733969128998,0.0,0.0,0.013197969543147208,train_oof,0.12060301142481507
Base_LR_SMOTE,Base,supervised,LR,SMOTE,181,28,185,985,55,-0.27464467108023,-0.03924347890882508,0.01730690358139212,-0.035071506543124444,-0.4266429149206659,-0.1129310755716423,-0.0822180283626469,-0.1568068572987785,-0.2844170829676996,-0.26828193052148996,-0.05605234802281526,low,-1.6441958578486946,0.03571428571428571,0.005405405405405406,0.01116751269035533,train_oof,0.12060301142481507
Base_LR_SMOTE,Base,supervised,LR,SMOTE,182,28,185,985,55,-0.27635302788923477,0.010669807905150867,0.00676556485409016,-0.003789296002606933,-0.4995819402358892,-0.2308616813579848,-0.1172178714360516,0.0603505815669689,-0.28777179106484885,-0.2598820719403586,0.0038408546692859733,low,-1.5057558223322047,0.0,0.010810810810810811,0.01015228426395939,train_oof,0.12060301142481507
Base_LR_SMOTE,Base,supervised,LR,SMOTE,183,28,185,985,55,0.32359941268414966,0.07752169846296883,-0.026575063625174623,0.04782973193029731,0.5496756838079919,0.2876271648306768,-0.0052118722849156,0.3853376926994163,0.35397739803569084,0.2421744510176217,0.1037537312607104,high,1.8724977777914384,0.0,0.021621621621621623,0.01015228426395939,train_oof,0.12060301142481507
Base_LR_SMOTE,Base,supervised,LR,SMOTE,184,28,185,985,55,-0.10154766106404818,-0.02934451596681296,0.008038054626576821,0.006076478107861311,-0.16481392686752872,-0.0776589863115098,-0.1101857105381581,-0.0801610420212521,-0.10036242191383236,-0.16507707549690834,-0.036340762073107366,low,-0.8167996037121427,0.0,0.010810810810810811,0.01015228426395939,train_oof,0.12060301142481507
Base_LR_SMOTE,Base,supervised,LR,SMOTE,185,28,185,985,55,-0.027983858218308264,-0.022936177132566515,0.006595001327841923,-0.02571775908965106,-0.14946967793152116,-0.0732485747484906,-0.0883668100905792,-0.0593901923515759,-0.031415185759799,-0.014443121542578936,-0.028630128547405542,low,-0.5649439821910226,0.0,0.0,0.01015228426395939,train_oof,0.12060301142481507
Base_LR_SMOTE,Base,supervised,LR,SMOTE,200,28,185,985,55,0.7162609993339818,0.1070430357576342,-0.0401083174021935,-0.004397446759973934,0.23989861958344344,0.0367284732087705,-0.0746703015658542,-0.0354154952167006,0.8478495983348264,0.35464752398896826,0.15811648780039522,high,1.1210523186436034,0.03571428571428571,0.021621621621621623,0.01015228426395939,train_oof,0.12060301142481507
Base_LR_SMOTE,Base,supervised,LR,SMOTE,212,28,185,985,55,0.08828643240577778,0.10826514358868126,-0.020177266203440805,-0.05634813682702683,-0.13121450382369926,-0.2358343606241309,-0.3232778230244916,-0.3732455158246977,0.12222874912328321,-0.013956643752971058,0.12782532268887883,high,3.2311740043181736,0.0,0.010810810810810811,0.01015228426395939,train_oof,0.12060301142481507
Base_LR_SMOTE,Base,supervised,LR,SMOTE,213,28,185,985,55,0.3725432351952561,0.08304492077085461,-0.032527446889775276,0.05893687048688949,-0.0731016380401791,0.0074634306841386,-0.1207476464255284,-0.0375837045165552,0.38051273412092473,0.33497629462717776,0.11751250635102779,high,1.7343626844239597,0.03571428571428571,0.016216216216216217,0.01015228426395939,train_oof,0.12060301142481507
Base_LR_SMOTE,Base,supervised,LR,SMOTE,217,28,185,985,55,-0.14599504371933256,0.03737335196031885,-0.013548757890649188,0.17659268001242895,-0.4319076963031453,-0.0894628185379893,-0.2218886322961161,-0.0398031383786918,-0.13095981203888354,-0.19906893831173653,0.050557122775850574,low,-1.200929226636667,0.0,0.005405405405405406,0.01015228426395939,train_oof,0.12060301142481507
Base_LR_SMOTE,Base,supervised,LR,SMOTE,221,28,185,985,55,-0.05090111202764188,-0.0829768748901623,0.007568620218163919,0.1694702195738641,-0.23541710935835988,-0.1391080138170574,0.0749121984969488,-0.0363783119063342,-0.0592033689620368,0.034991560038260545,-0.09277964272968774,low,-1.5173981811192565,0.0,0.010810810810810811,0.012182741116751269,train_oof,0.12060301142481507
Base_LR_SMOTE,Base,supervised,LR,SMOTE,222,28,185,985,55,-0.05407390455379424,0.11698928260072582,-0.03466920254185636,0.2549130281836456,-0.1070127956167822,-0.1186772970374406,-0.1168827583573393,-0.1258554517578457,-0.03464860442912248,-0.0996700114059526,0.16923593781715804,high,1.0387283700806822,0.0,0.010810810810810811,0.01015228426395939,train_oof,0.12060301142481507
Base_LR_SMOTE,Base,supervised,LR,SMOTE,223,28,185,985,55,-0.03251765068826615,0.02080492841143964,-0.0015676777057758357,-0.025350090848290555,-0.2563443841346015,-0.168554770432517,-0.0489278137024533,-0.0771867249711264,-0.05103003924906597,-0.026315350840231948,0.021918028262839537,low,-1.087553722322252,0.0,0.032432432432432434,0.01015228426395939,train_oof,0.12060301142481507
Base_LR_SMOTE,Base,supervised,LR,SMOTE,227,28,185,985,55,0.03904919503018654,0.12106794639445563,-0.034992695519156666,0.19472054945341946,-0.13919065888109272,-0.1661189821338761,-0.2648561673940814,-0.1661189821338761,0.0765748799522854,-0.08121927388028174,0.15781786329208747,high,4.570034511565635,0.0,0.005405405405405406,0.01015228426395939,train_oof,0.12060301142481507
Base_LR_SMOTE,Base,supervised,LR,SMOTE,248,28,185,985,55,0.2715551233794605,-0.07262496329351914,0.007341721096004624,-0.025445827725242932,0.00031695754142269973,-0.0961511199159856,-0.0786114694691841,-0.0961511199159856,0.2398281949585177,0.5826627996194058,-0.07956735799945051,high,1.255003323931621,0.03571428571428571,0.0,0.01015228426395939,train_oof,0.12060301142481507
Base_LR_SMOTE,Base,supervised,LR,SMOTE,249,28,185,985,55,0.7306593855756208,-0.07139741207961448,-0.025103336390208238,0.31776081423575486,-0.0713974120796145,-0.0713974120796145,-0.0713974120796145,-0.0713974120796145,0.8597952948669664,0.5282996584330988,-0.0921451454219689,flat,,,,,train_oof,0.12060301142481507
Base_LR_SMOTE,Base,supervised,LR,SMOTE,252,28,185,985,55,-0.024029457294076767,-0.027678925997628515,0.007524299169920358,-0.029418337610474417,-0.02701909230484505,-0.0307564091260715,-0.0304061008355939,-0.0302629192724225,-0.02834725067584027,0.18465073992061434,-0.03399194065212445,high,0.005392515017709409,0.03571428571428571,0.010810810810810811,0.01015228426395939,train_oof,0.12060301142481507
Base_LR_SMOTE,Base,supervised,LR,SMOTE,254,28,185,985,55,-0.04487690540346873,0.005056698178649488,0.0011375838539069288,-0.014535561960933295,0.21239564111323425,-0.0052367245202414,0.1144610765781752,0.1035794582965018,-0.04673191528832494,-0.045382204708511696,0.0038911538516100273,high,1.8916469743410476,0.0,0.043243243243243246,0.01015228426395939,train_oof,0.12060301142481507
Base_LR_SMOTE,Base,supervised,LR,SMOTE,269,28,185,985,55,-0.05217786083441871,-0.0811446644059592,0.011624311209215758,0.11675925997320008,-0.07282539483716954,-0.1446485445305078,-0.0406109177019877,0.0351471547018226,-0.06502089609978305,0.027707001486916297,-0.09297666012197417,low,-1.838453754025781,0.0,0.010810810810810811,0.01015228426395939,train_oof,0.12060301142481507
Base_LR_SMOTE,Base,supervised,LR,SMOTE,271,28,185,985,55,0.10940108883130462,0.07975989488189149,-0.02690067472226306,0.1579286110671381,0.0217674000974742,0.1278902948212275,-0.060458050007338,0.1485872387794257,0.13718629800609858,0.029511344128292583,0.10715444323034032,high,2.169189087820722,0.0,0.016216216216216217,0.01015228426395939,train_oof,0.12060301142481507
Base_LR_SMOTE,Base,supervised,LR,SMOTE,273,28,185,985,55,0.20108408034268524,0.22610261244929966,-0.04555863311026236,0.032963047336064956,-0.26640799411703,-0.0832178123170608,-0.1580146613646852,-0.1562150760436484,0.2533115303087366,-0.02134546053186012,0.272605494131185,low,-2.796662974903808,0.0,0.0,0.012182741116751269,train_oof,0.12060301142481507
Base_LR_SMOTE,Base,supervised,LR,SMOTE,275,28,185,985,55,-0.049294158103201736,0.0611482126521517,0.012633058874646847,-0.04916891048141183,-0.04946292423266785,-0.049283507707316,-0.0493275964097916,-0.0492283968292216,-0.06344720065564652,-0.07883049711340599,0.044677102970704693,low,-0.049690691368401235,0.0,0.0,0.01015228426395939,train_oof,0.12060301142481507
Base_LR_SMOTE,Base,supervised,LR,SMOTE,277,28,185,985,55,-0.0033852648261480526,0.07637627973865897,-0.00033382676684814294,-0.02725619596299003,-0.08614401830056914,-0.154700960993577,-0.1255821403266513,-0.1214952883032231,-0.0034170642428794943,-0.0535188274458563,0.07397942392666666,high,2.298329794768617,0.0,0.010810810810810811,0.013197969543147208,train_oof,0.12060301142481507
Base_LR_SMOTE,Base,supervised,LR,SMOTE,280,28,185,985,55,-0.15754893872175188,-0.09675310304242558,0.03392590330178775,-0.20841299130374874,-0.3244816223058373,-0.2774267718995853,-0.1519471708162455,-0.2460568716287501,-0.18435943551421338,-0.0725834087879758,-0.12848496992281652,low,-1.377882873400472,0.0,0.016216216216216217,0.01015228426395939,train_oof,0.12060301142481507
Base_LR_SMOTE,Base,supervised,LR,SMOTE,281,28,185,985,55,-0.05024337648720654,-0.0564989838899631,0.02751372993419379,-0.2776883246027846,-0.2529847019900928,-0.2529847019900926,-0.1785354283628034,-0.3460462940242044,-0.07498108540858126,0.00703830428464629,-0.08315774254866705,low,-1.3228207640142409,0.03571428571428571,0.0,0.01015228426395939,train_oof,0.12060301142481507
Base_LR_SMOTE,Base,supervised,LR,SMOTE,282,28,185,985,55,0.16479140586535626,0.18516155518386126,-0.05104999062561052,0.19859246915538648,0.0608555714836176,0.1058587162674632,-0.1341580559130465,0.2858712954028456,0.25055329928768133,-0.013731345758177116,0.23587157037527917,high,1.6551669806926506,0.03571428571428571,0.016216216216216217,0.01015228426395939,train_oof,0.12060301142481507
Base_LR_SMOTE,Base,supervised,LR,SMOTE,285,28,185,985,55,-0.0036842682811141702,0.00814171478797746,0.0015696489279278508,-0.05244122379640346,-0.24752430118008728,-0.2245701487393506,-0.2575568941232926,-0.097875833665994,-0.0053069437266511236,-0.011263299279888986,0.0065693145075826085,high,3.150566404814869,0.0,0.010810810810810811,0.01015228426395939,train_oof,0.12060301142481507
Base_LR_SMOTE,Base,supervised,LR,SMOTE,288,28,185,985,55,0.07362271481465735,0.18240238394620092,-0.047641079612712835,0.18779484337480212,0.0413299902803478,0.0413299902803478,-0.1230693346215914,0.1235296527313173,0.15920327856657193,-0.06426493434974295,0.2309640007588998,high,1.6853232392997408,0.0,0.021621621621621623,0.01116751269035533,train_oof,0.12060301142481507
Base_LR_SMOTE,Base,supervised,LR,SMOTE,295,28,185,985,55,0.3861207305746341,0.19449617710315217,-0.06470420073512796,0.31469634353402953,-0.015051956401073601,-0.1537203732965279,-0.2020687912807002,-0.1464740094450797,0.5172108235668581,0.14085853503885215,0.27266288996803073,high,5.428120129665659,0.0,0.032432432432432434,0.01015228426395939,train_oof,0.12060301142481507
Base_LR_SMOTE,Base,supervised,LR,SMOTE,296,28,185,985,55,-0.04789695647905327,-0.0871585123367738,0.025121843846941282,-0.11708661115017284,-0.25460638527795953,-0.3165049123528943,-0.3709307244487728,-0.258662660332648,-0.070008592460293,0.04738995941661251,-0.11071118663881373,high,3.5675388683542786,0.03571428571428571,0.005405405405405406,0.01015228426395939,train_oof,0.12060301142481507
Base_LR_SMOTE,Base,supervised,LR,SMOTE,298,28,185,985,55,0.733228744017528,0.12766353714533496,-0.056561226393105526,0.22251063060565854,-0.0429925099910567,-0.1763354013152423,-0.1747092684942156,-0.1405604792526559,0.9262122630015939,0.4006071296860423,0.2026083516720911,high,2.248944133276611,0.10714285714285714,0.03783783783783784,0.01015228426395939,train_oof,0.12060301142481507
Base_LR_SMOTE,Base,supervised,LR,SMOTE,302,28,185,985,55,0.4023556913045446,-0.03760664317091423,0.0009676274415661866,-0.10352136060737831,-0.0875421799601558,-0.1251895828751011,-0.1037480156520198,-0.132669199348269,0.37557368914805184,0.433564530871473,-0.039928907826907396,high,1.7925441895572967,0.03571428571428571,0.005405405405405406,0.01015228426395939,train_oof,0.12060301142481507
Base_LR_SMOTE,Base,supervised,LR,SMOTE,304,28,185,985,55,0.04256746863465213,-0.006181732792503923,0.007104142386378567,-0.13560283991030575,0.029123109538877753,0.0963137725782046,0.0994029984650703,-0.0396121664438818,0.034918344505446106,0.05088447057613504,-0.013230634973680062,low,-1.650890604515242,0.10714285714285714,0.032432432432432434,0.01015228426395939,train_oof,0.12060301142481507
Base_LR_SMOTE,Base,supervised,LR,SMOTE,309,28,185,985,55,-0.16538447933130418,0.10608369913114447,-0.02567192292724506,0.18502427894851461,-0.08887160346414724,0.2462155554617602,-0.0247838954728533,0.3048100313395111,-0.14061234726812577,-0.25843847940095066,0.13083444890514284,low,-2.4195401245966743,0.0,0.010810810810810811,0.01015228426395939,train_oof,0.12060301142481507
Base_LR_SMOTE,Base,supervised,LR,SMOTE,310,28,185,985,55,0.15633684724141325,0.07709071341027678,-0.02763329193342448,0.15311329019808265,0.0386008273729143,-0.0445548134740834,-0.1037889685979735,0.0648005498315571,0.18441777931460288,0.07743859293420384,0.103915815023949,high,2.520739750737417,0.0,0.021621621621621623,0.012182741116751269,train_oof,0.12060301142481507
Base_LR_SMOTE,Base,supervised,LR,SMOTE,316,28,185,985,55,-0.3537506724614787,-0.1543555908778941,0.053640477799378264,-0.25777189785792565,-0.4997403001646723,-0.2907136202041073,-0.08582998911487,-0.31784072590923,-0.40957307037014007,-0.20487125748055812,-0.2074748643760873,low,-1.8394839323272063,0.03571428571428571,0.043243243243243246,0.01015228426395939,train_oof,0.12060301142481507
Base_LR_SMOTE,Base,supervised,LR,SMOTE,323,28,185,985,55,0.05266419570525565,-0.022660211179191016,0.005033630083691398,-0.04354148692732276,0.0009136127883629004,-0.0386411387404369,0.0237715198930239,0.0068194835235383,0.04394453587932346,0.1477655412110922,-0.026953163559758235,low,-1.0747948070737154,0.0,0.010810810810810811,0.01015228426395939,train_oof,0.12060301142481507
Base_LR_SMOTE,Base,supervised,LR,SMOTE,324,28,185,985,55,0.10641000169136161,0.11009794218843452,-0.029855455225338706,0.11596382198049685,0.1793392170895975,-0.0438698588862854,-0.167654892149255,0.1746140249570436,0.1372249366878024,-0.0036994794602881837,0.1399848734590008,high,2.491895648688938,0.03571428571428571,0.016216216216216217,0.01015228426395939,train_oof,0.12060301142481507
Base_LR_SMOTE,Base,supervised,LR,SMOTE,332,28,185,985,55,0.2863847035144829,0.19539936623500087,-0.04949310681949364,0.07352040477138826,-0.07177547496927056,-0.0905322804337176,-0.1023745008328812,-0.0874485344505797,0.7213647405765438,0.04064650929342441,0.2530697157073981,high,0.5011699047477268,0.03571428571428571,0.021621621621621623,0.01015228426395939,train_oof,0.12060301142481507
Base_LR_SMOTE,Base,supervised,LR,SMOTE,333,28,185,985,55,0.3990710628296662,0.1631965825730004,-0.04840254601909787,0.1073008219233171,-0.045688610167496646,-0.0745589516507565,-0.0810276048389252,-0.0110388982128402,0.8991370078365959,0.10619995909626337,0.2201965127584854,high,0.7259824790878884,0.10714285714285714,0.016216216216216217,0.01015228426395939,train_oof,0.12060301142481507
Base_LR_SMOTE,Base,supervised,LR,SMOTE,334,28,185,985,55,0.41277692064726956,0.15337572963170867,-0.043876832060423754,0.03938319559224995,-0.2628247894420569,-0.2035318273950303,-0.2242710697253805,-0.0870730050784489,0.6097520643097462,0.12854247413268707,0.2134954102141272,low,-0.6674952670971807,0.03571428571428571,0.010810810810810811,0.01015228426395939,train_oof,0.12060301142481507
Base_LR_SMOTE,Base,supervised,LR,SMOTE,337,28,185,985,55,0.6740993691095959,0.08747238082198419,-0.03607217886938036,-0.0024292718570101362,-0.06864889745329565,-0.1330168292339497,-0.1787289706171601,-0.1224343048564523,0.6931939291920265,0.36872773909306344,0.14611714442063858,high,1.556999222069644,0.03571428571428571,0.043243243243243246,0.01015228426395939,train_oof,0.12060301142481507
Base_LR_SMOTE,Base,supervised,LR,SMOTE,338,28,185,985,55,0.16359904167062037,0.07714018024218693,-0.017477464014187045,-0.038230020267695494,-0.07258535430793786,-0.0783145226365839,-0.098748556342088,-0.0723784676738478,0.1775523544465012,0.08336799533664759,0.09311107841834149,high,0.5454416768279051,0.03571428571428571,0.021621621621621623,0.01015228426395939,train_oof,0.12060301142481507
Base_LR_SMOTE,Base,supervised,LR,SMOTE,339,28,185,985,55,0.3126303283701253,0.08400622759542073,-0.024204307118971546,-0.011863030208098917,0.0864297942758533,0.0158868938840242,0.0083829635764088,-0.0065355645351597,0.3470904773248728,0.18151354845501727,0.10914059422636531,high,0.41648064005592644,0.10714285714285714,0.021621621621621623,0.01015228426395939,train_oof,0.12060301142481507
Base_LR_SMOTE,Base,supervised,LR,SMOTE,344,28,185,985,55,0.01845513837782051,-0.04868609231117527,0.02027661906606067,-0.2112156322184611,0.1045848360276202,-0.0372190849504036,0.0105506250442931,-0.0390385683643287,-0.0018790682621852334,0.05913781374363538,-0.0689480305850364,high,2.4833013639054946,0.0,0.02702702702702703,0.01015228426395939,train_oof,0.12060301142481507
Base_LR_SMOTE,Base,supervised,LR,SMOTE,348,28,185,985,55,1.1676062501254343,0.09798779695824564,-0.06640312192845602,0.19586745812359915,0.4692604076592224,-0.0705154157829055,-0.2085032202718706,-0.1679185718927632,1.2411570527879732,0.7497811807536996,0.19333224000848348,high,3.0538531550342936,0.07142857142857142,0.010810810810810811,0.01015228426395939,train_oof,0.12060301142481507
Base_LR_SMOTE,Base,supervised,LR,SMOTE,349,28,185,985,55,0.1593246684479401,-0.07612934004888111,0.008231427476818813,-0.028779868155450215,0.05551660839195205,-0.1874963584276403,-0.1207869165555954,-0.2256160394973804,0.14821887210522686,0.27782626595148463,-0.08419058800359316,high,4.414311540311365,0.0,0.0,0.01015228426395939,train_oof,0.12060301142481507
Base_LR_SMOTE,Base,supervised,LR,SMOTE,352,28,185,985,55,-0.09212073539604092,-0.09854872357612612,0.02301092749237182,-0.05362356447615158,-0.0913299930579627,-0.1208510403462136,-0.1208510403462136,0.0119936724509149,-0.10870898689444582,0.009990142178359791,-0.11964701588195686,high,6.354590682331582,0.0,0.0,0.01015228426395939,train_oof,0.12060301142481507
Base_LR_SMOTE,Base,supervised,LR,SMOTE,353,28,185,985,55,0.24589615059456463,-0.06636538286979414,0.01768768943158518,-0.18475715635634274,0.34056159708147704,0.0952506564254876,0.1143657946584219,-0.0895290131595432,0.22598511160915286,0.34571617719810505,-0.0842507264345624,high,2.113299516803793,0.03571428571428571,0.0,0.01015228426395939,train_oof,0.12060301142481507
Base_LR_SMOTE,Base,supervised,LR,SMOTE,354,28,185,985,55,-0.14258608442022175,0.07952104161633879,-0.008805950111026209,-0.017377850205099427,0.21960293054374805,0.1931342329550317,0.1704467778789887,0.0343220474227313,-0.1358908712890863,-0.22015344022349645,0.08980442349366842,high,2.0659080246321144,0.0,0.016216216216216217,0.01015228426395939,train_oof,0.12060301142481507
Base_LR_SMOTE,Base,supervised,LR,SMOTE,357,28,185,985,55,0.10948750094366334,0.0982776159313009,-0.02462422830602827,0.05059855483869135,-0.0031696133441091,-0.2003195633477112,-0.2003195633477112,-0.0031696133441091,0.1383426909506994,0.009898834998893545,0.12262845510754782,high,3.9713733787285,0.0,0.032432432432432434,0.01015228426395939,train_oof,0.12060301142481507
Base_LR_SMOTE,Base,supervised,LR,SMOTE,362,28,185,985,55,-0.08678923196805657,0.09356233167441952,-0.025982311153834037,0.1743871290675274,-0.2204005691877645,-0.2422273920707973,-0.2596888503772236,-0.2946117669900761,-0.06681226553085429,-0.18648898373528042,0.12804289339318023,high,3.479333216777826,0.0,0.021621621621621623,0.01015228426395939,train_oof,0.12060301142481507
Base_LR_SMOTE,Base,supervised,LR,SMOTE,366,28,185,985,55,0.10113027072131829,0.11374531289706735,-0.029179541904324317,0.07912530713686838,-0.1297480531568414,-0.2120995572152933,-0.2532753092445194,-0.2120995572152933,0.1372312102709829,-0.010665284078642277,0.14324238356736768,high,2.6619679344246707,0.03571428571428571,0.03783783783783784,0.01015228426395939,train_oof,0.12060301142481507
Base_LR_SMOTE,Base,supervised,LR,SMOTE,367,28,185,985,55,-0.10718995839345699,0.06981434734097548,-0.014623277806981807,0.0672980479874136,-0.15133365825982253,-0.2396210579925537,-0.2043060980994612,-0.1689911382063688,-0.10019595211981241,-0.15373276367694383,0.08612186869620311,high,3.279161545755175,0.0,0.010810810810810811,0.01015228426395939,train_oof,0.12060301142481507
Base_LR_SMOTE,Base,supervised,LR,SMOTE,368,28,185,985,55,0.05302885765725,0.16369512372915232,-0.03596276556510398,0.04881704627049319,0.056291528449808,-0.080740644837631,-0.1720954270292572,-0.080740644837631,0.09149993070840771,-0.10389754951957575,0.1994290763424651,high,3.030803236609145,0.0,0.02702702702702703,0.01015228426395939,train_oof,0.12060301142481507
Base_LR_SMOTE,Base,supervised,LR,SMOTE,376,28,185,985,55,0.12911332581727114,-0.061054305478479724,0.013024818862768467,-0.09795555911442871,0.10222680553472324,0.0081239845458058,-0.1800816574320294,-0.1800816574320294,0.11191391154698241,0.23906011042357525,-0.07337348793446621,high,2.643002972235499,0.03571428571428571,0.0,0.01116751269035533,train_oof,0.12060301142481507
Base_LR_SMOTE,Base,supervised,LR,SMOTE,377,28,185,985,55,-0.4934833636087336,-0.25494856029215474,0.07163643962785869,-0.1929507917854834,-0.3714959728317686,-0.3714959728317686,0.0554598948876092,-0.3714959728317686,-0.550507757858169,-0.2845007402403066,-0.32498323548064423,low,-1.686520045407452,0.07142857142857142,0.021621621621621623,0.01015228426395939,train_oof,0.12060301142481507
Base_LR_SMOTE,Base,supervised,LR,SMOTE,393,28,185,985,55,0.10792400034790259,0.08827739071599879,-0.018236105491750067,-0.02528409786957939,-0.0838744938899459,-0.0337442986511403,-0.0157488439500304,0.0690868710694869,0.1252955292830735,0.020476225931857266,0.10550351290444294,low,-1.952368263298603,0.0,0.0,0.01015228426395939,train_oof,0.12060301142481507
Base_LR_SMOTE,Base,supervised,LR,SMOTE,405,28,185,985,55,0.19227660283351738,-0.08379726535839009,0.01560104726261683,-0.10913128562043611,0.252625703994138,-0.1280378571728545,-0.0073396548516127,-0.1187533800712203,0.1780867882000356,0.27130196887487,-0.1005261202285377,high,2.0445297846094923,0.0,0.005405405405405406,0.016243654822335026,train_oof,0.12060301142481507
Base_LR_SMOTE,Base,supervised,LR,SMOTE,406,28,185,985,55,0.008483581892579223,0.021590005448714783,-0.008569485837205543,0.06208050364912596,-0.25334923127782727,-0.2033267973189058,-0.2929956032522776,-0.26176225450848,0.017464254716064328,-0.01221553192026685,0.030389557428604757,high,2.334461660207431,0.07142857142857142,0.021621621621621623,0.01116751269035533,train_oof,0.12060301142481507
Base_LR_SMOTE,Base,supervised,LR,SMOTE,408,28,185,985,55,-0.23745169561572096,0.04765446451359516,-0.00469678612122617,0.03518795235937049,-0.28678472870299176,-0.1770412429590409,-0.1375867510254893,-0.1974709991286763,-0.24826670477269358,-0.25580153210617185,0.0528971673746783,low,-0.932334644843878,0.03571428571428571,0.021621621621621623,0.01116751269035533,train_oof,0.12060301142481507
Base_LR_SMOTE,Base,supervised,LR,SMOTE,412,28,185,985,55,-0.18722816087279642,0.15239138712915926,-0.028975920942237023,0.11904746360061774,-0.2690023746947532,-0.1455336670633917,-0.2704585443749042,-0.1105534141943515,-0.1638674244736811,-0.31430417417070733,0.18220839225012606,high,3.81116093367911,0.0,0.005405405405405406,0.01116751269035533,train_oof,0.12060301142481507
Base_LR_SMOTE,Base,supervised,LR,SMOTE,416,28,185,985,55,-0.1598617242098466,-0.045695817706008016,0.023744948551430813,-0.23403537547601233,-0.6040377769988489,-0.2328571386294678,-0.144570446481278,-0.363057714928818,-0.17721403205833525,-0.13322374562816924,-0.06849042254939379,low,-2.1572295833095927,0.0,0.005405405405405406,0.01116751269035533,train_oof,0.12060301142481507
Base_LR_SMOTE,Base,supervised,LR,SMOTE,418,28,185,985,55,-0.18685108109264878,-0.07396234178956186,0.018897509136510626,0.007654363109894953,-0.28586413057842053,-0.1178301921785401,-0.0399573315422211,-0.1081074065065047,-0.20330901818068678,-0.12091926847522491,-0.09297355198365313,low,-1.117143565828484,0.42857142857142855,0.3081081081081081,0.3269035532994924,train_oof,0.12060301142481507
Base_LR_SMOTE,Base,supervised,LR,SMOTE,419,28,185,985,55,0.25456616431075707,0.10045410882872319,-0.025848633178644564,-0.0014265755834844281,0.2200932678632196,0.1375806039880872,-0.1816861916126299,0.0651472968356543,0.27883810577540846,0.15338225248827234,0.12582518077982585,high,2.0442763230972107,0.0,0.010810810810810811,0.01015228426395939,train_oof,0.12060301142481507
Base_LR_SMOTE,Base,supervised,LR,SMOTE,423,28,185,985,55,0.3245332807103014,0.232850549062499,-0.06129826954265121,0.14176515001458218,0.1694811454805705,0.1291048508254387,-0.2989808707942517,-0.1906203761486702,0.3950835572171418,0.08603115407972645,0.2972285042002392,high,3.5385036955970235,0.0,0.010810810810810811,0.01015228426395939,train_oof,0.12060301142481507
Base_LR_SMOTE,Base,supervised,LR,SMOTE,424,28,185,985,55,-0.03325601358050399,-0.05955047410220237,0.01823839487518243,-0.11689269491923482,-0.07200357429325975,-0.1006482893888405,-0.1075583959608252,-0.115757589659037,-0.04672471364282412,0.08476148740016483,-0.07530712012968743,high,3.351608576902688,0.0,0.005405405405405406,0.01015228426395939,train_oof,0.12060301142481507
Base_LR_SMOTE,Base,supervised,LR,SMOTE,425,28,185,985,55,0.04330865296222773,0.1370958129485102,-0.03668445043889372,0.1604249096479433,-0.19230929649197376,-0.2071714557594493,-0.2546150011712085,-0.1577811387274507,0.08388143854774295,-0.08124439844145935,0.17311014610474504,high,1.8567265974718223,0.0,0.02702702702702703,0.01015228426395939,train_oof,0.12060301142481507
Base_LR_SMOTE,Base,supervised,LR,SMOTE,428,28,185,985,55,-0.07008390512093962,0.001059452190524853,0.006996576134552525,-0.08582334433635627,-0.0863887291917069,-0.1239379796281956,-0.1589249430786937,-0.1042045455271339,-0.07155418753688206,-0.12089433073076572,-0.005749480790844524,high,3.547203666823729,0.0,0.005405405405405406,0.01015228426395939,train_oof,0.12060301142481507
Base_LR_SMOTE,Base,supervised,LR,SMOTE,432,28,185,985,55,-0.05035631990098377,0.004769945142911867,-0.0021419782799277733,0.05195495493078988,-0.29412690798460955,-0.2824484730785209,-0.3517099781817987,-0.3145820283789642,-0.04888103557834286,-0.05167917347220021,0.006842910292733873,high,4.48613147031213,0.0,0.021621621621621623,0.01015228426395939,train_oof,0.12060301142481507
Base_LR_SMOTE,Base,supervised,LR,SMOTE,433,28,185,985,55,0.24473968533778542,0.012444945090596205,-0.013330306761629612,0.06643656596053946,-0.10822655773433486,-0.1486962060222151,-0.2502259896475837,-0.2258389027625041,0.25788816011903737,0.22882100027140853,0.025960741084911435,high,3.159940323247934,0.03571428571428571,0.021621621621621623,0.01015228426395939,train_oof,0.12060301142481507
Base_LR_SMOTE,Base,supervised,LR,SMOTE,434,28,185,985,55,0.9281978218134969,0.12938459040121206,-0.06417122589846515,0.24994329878370117,-0.08329374960926095,-0.1345367231478723,-0.1274613334960975,-0.1395855379305211,1.2373061673940862,0.45169019133518934,0.2363279345125545,high,1.7098343799185198,0.10714285714285714,0.03783783783783784,0.01015228426395939,train_oof,0.12060301142481507
Base_LR_SMOTE,Base,supervised,LR,SMOTE,437,28,185,985,55,0.6108947881421235,-0.01902319583220057,-0.01815261308174726,0.07951763807665035,0.021767311644629996,-0.126792731407797,-0.1459239797558814,-0.1127470047724948,0.6132455427185193,0.45874450808301587,-0.001014159517805805,high,2.3507426765012154,0.03571428571428571,0.0,0.01015228426395939,train_oof,0.12060301142481507
Base_LR_SMOTE,Base,supervised,LR,SMOTE,438,28,185,985,55,0.4792149216646894,-0.08038865171772737,0.008652280672553865,-0.13763692311198036,-0.06448839134758849,-0.2380541149500115,-0.1709325859235628,-0.2710518330302809,0.45046720830023956,0.4495847006616915,-0.09588289673347625,high,2.47721823189318,0.07142857142857142,0.0,0.01015228426395939,train_oof,0.12060301142481507
Base_LR_SMOTE,Base,supervised,LR,SMOTE,439,28,185,985,55,-0.04035480039082547,-0.12232076808394717,0.030246660836983,-0.11307598699266576,-0.16890348161537455,-0.2112889198494459,-0.117777441524584,-0.1840863909590811,-0.06643547705700965,0.11639104816183557,-0.15016328529401843,low,-1.1835461519119583,0.0,0.005405405405405406,0.01015228426395939,train_oof,0.12060301142481507
Base_LR_SMOTE,Base,supervised,LR,SMOTE,441,28,185,985,55,0.36823011488778995,0.19135940537547097,-0.05064834661258074,0.07667824164845172,0.22915111588017112,0.2318308653793545,0.0238823042427217,0.0463922000358622,0.42787492982389225,0.15996525687914548,0.24531342146628027,high,1.9404391460586967,0.17857142857142858,0.05405405405405406,0.013197969543147208,train_oof,0.12060301142481507
Base_LR_SMOTE,Base,supervised,LR,SMOTE,442,28,185,985,55,-0.3991268154074196,-0.03356395741714921,0.014461454815668753,0.0530461083165541,-0.4504173169157169,-0.2222565663744091,-0.0812929696523994,-0.1484625086368764,-0.4113452807051027,-0.3844994870397352,-0.047819093901940134,low,-1.481993539484654,0.03571428571428571,0.0,0.01116751269035533,train_oof,0.12060301142481507
Base_LR_SMOTE,Base,supervised,LR,SMOTE,447,28,185,985,55,-0.3301089373011007,-0.004750581458520459,0.010827203982407756,-0.007895988201062229,-0.38911825110189735,-0.0242878439088613,-0.0383197826470547,0.0318399110439137,-0.3449633075281349,-0.31618741070602346,-0.015578064574140836,low,-2.1898837225034216,0.0,0.021621621621621623,0.01116751269035533,train_oof,0.12060301142481507
Base_LR_SMOTE,Base,supervised,LR,SMOTE,448,28,185,985,55,0.11364014494712896,0.005473042791049888,0.0003961660521690844,-0.08455768802338187,-0.37501459218955546,-0.4053139684878124,-0.3035946337722356,-0.3732831992582265,0.11323778416631732,0.10368735220295225,0.005076948990942774,low,-1.1675597065053904,0.0,0.0,0.012182741116751269,train_oof,0.12060301142481507
Base_LR_SMOTE,Base,supervised,LR,SMOTE,452,28,185,985,55,-0.37660002892588906,-0.13019008894835868,0.04758944411959695,-0.2210730775229528,-0.4802029938312846,-0.2088219638980154,-0.0310318968029002,-0.1269162204573918,-0.42153225840026437,-0.2605982736056978,-0.17696168220836325,low,-2.1140718689038107,0.0,0.021621621621621623,0.01015228426395939,train_oof,0.12060301142481507
Base_LR_SMOTE,Base,supervised,LR,SMOTE,460,28,185,985,55,0.27606697712707107,0.04109687619596217,-0.023182622482044526,0.13135135099092307,-0.23144867132141994,-0.1647620603546197,-0.2256374042039275,-0.0537278690784206,0.2959989112378746,0.23281917312131198,0.06438641821451921,low,-1.4153800149356637,0.0,0.016216216216216217,0.01015228426395939,train_oof,0.12060301142481507
Base_LR_SMOTE,Base,supervised,LR,SMOTE,467,28,185,985,55,0.4232329745662699,0.137617033403061,-0.04220456747661217,0.10057518588766967,-0.01862234353417255,-0.0646763783710127,-0.0644589613778924,-0.0488433055778974,0.6133837630276991,0.16309750965439038,0.20137201436710186,high,2.030967650611112,0.03571428571428571,0.021621621621621623,0.01116751269035533,train_oof,0.12060301142481507
Base_LR_SMOTE,Base,supervised,LR,SMOTE,468,28,185,985,55,-0.28645143750960095,-0.11882183432985237,0.03403770356920998,-0.059687172605088594,-0.47361199497470957,-0.5346417921879876,-0.2490047339036106,-0.553504272927027,-0.3267621702857819,-0.16851917269630023,-0.153604105541433,low,-0.9802319324172032,0.0,0.12972972972972974,0.1634517766497462,train_oof,0.12060301142481507
Base_LR_SMOTE,Base,supervised,LR,SMOTE,471,28,185,985,55,0.4633194895035731,0.10639179593545527,-0.04120278089415705,0.1171659240131246,-0.15059215529465003,-0.1843936527558793,-0.2243850522780591,-0.2595353398435452,0.5607591144054794,0.23481397377947394,0.1640749958253944,high,1.8906478963437134,0.03571428571428571,0.02702702702702703,0.01015228426395939,train_oof,0.12060301142481507
Base_LR_SMOTE,Base,supervised,LR,SMOTE,472,28,185,985,55,-0.0736050604328365,-0.028505723388636394,0.008769329721903195,-0.013207780149069906,-0.17887810671963578,-0.0478415737043933,0.0208405380243309,0.0528680647551131,-0.08296108935164513,-0.042055176509683885,-0.03742454180621465,low,-1.9863700588110071,0.03571428571428571,0.032432432432432434,0.01015228426395939,train_oof,0.12060301142481507
Base_LR_SMOTE,Base,supervised,LR,SMOTE,473,28,185,985,55,-0.016440685974073187,0.12611067487675923,-0.023516682575288102,0.00975118524223694,-0.40782478942281364,-0.1646808925028174,-0.2373631123696293,-0.0890465634982188,0.007283868042553232,-0.11992634075810382,0.1502913336206397,low,-1.1585058048530723,0.03571428571428571,0.016216216216216217,0.01015228426395939,train_oof,0.12060301142481507
Base_LR_SMOTE,Base,supervised,LR,SMOTE,474,28,185,985,55,0.10002452176028184,0.14978065411718985,-0.03215436946208166,0.019487341124112392,-0.3553789728467725,-0.1641131963641942,-0.2038412818688288,-0.1347088369435452,0.1437703134061092,-0.03453592447144471,0.1844567088191234,low,-0.9983668648105265,0.0,0.016216216216216217,0.01015228426395939,train_oof,0.12060301142481507
Base_LR_SMOTE,Base,supervised,LR,SMOTE,476,28,185,985,55,0.33632907856555233,0.16339039610239367,-0.04308586237662696,0.03434453410833759,-0.2258221796555127,-0.1656299293782982,-0.2895049434937763,-0.1771014894575853,0.3909294532778884,0.13489056564389976,0.211334905842771,high,2.9231739293762313,0.03571428571428571,0.016216216216216217,0.01015228426395939,train_oof,0.12060301142481507
Base_LR_SMOTE,Base,supervised,LR,SMOTE,477,28,185,985,55,0.649691798591911,0.1964006385957104,-0.055365660528535525,-0.0046597683207232204,0.17010831141592797,-0.0895397386336187,-0.1116115431123999,-0.0579670015314773,1.1049688373128093,0.20638431579919775,0.2701379580916819,high,0.6987687847725407,0.07142857142857142,0.03783783783783784,0.01015228426395939,train_oof,0.12060301142481507
Base_LR_SMOTE,Base,supervised,LR,SMOTE,480,28,185,985,55,0.006272166806972813,0.05031458795649294,-0.003846481771457449,-0.10144516946820333,-0.26017703428252703,-0.208246407979838,-0.1221778320203499,-0.2801899865522186,0.010451583147956463,-0.038333902116520595,0.054004358367225475,low,-1.7051653750438225,0.0,0.005405405405405406,0.01015228426395939,train_oof,0.12060301142481507
Base_LR_SMOTE,Base,supervised,LR,SMOTE,482,28,185,985,55,0.0425398863539983,-0.06528310217056442,0.018371648025995894,-0.1408026610189471,-0.05364441908011615,-0.1573143712381568,-0.065027392230083,-0.302368690836501,0.02398547207657562,0.11450111003427595,-0.08430926808546887,high,2.365584517120424,0.0,0.0,0.01015228426395939,train_oof,0.12060301142481507
Base_LR_SMOTE,Base,supervised,LR,SMOTE,483,28,185,985,55,-0.14855049184291394,-0.14299471326478186,0.0398330789901586,-0.09625543433901342,-0.33835536722320947,-0.4155275345918631,-0.2631407964228853,-0.2993519644489684,-0.18315363438399165,-0.006729282673210768,-0.18171954604026025,low,-1.0627729969763844,0.03571428571428571,0.06486486486486487,0.09746192893401015,train_oof,0.12060301142481507
Base_LR_SMOTE,Base,supervised,LR,SMOTE,484,28,185,985,55,-0.38202246291607295,-0.056747619991037175,0.024782834502226347,-0.07716937774058398,-0.5837534622449041,-0.4463193905821672,-0.3080616882928316,-0.3554057941102677,-0.4102774162208295,-0.33192532467830965,-0.0813469664164247,low,-1.0153846670981137,0.21428571428571427,0.17297297297297298,0.12893401015228426,train_oof,0.12060301142481507
Base_LR_SMOTE,Base,supervised,LR,SMOTE,485,28,185,985,55,-0.31383572860617165,0.025967323830068202,-0.0021702705838591357,0.08762205120095155,-0.6185797300527927,-0.3349697506350074,-0.4018755629551198,-0.1921911442038929,-0.3126251087192735,-0.35671633991041546,0.028318800117207884,low,-0.9144555869241014,0.17857142857142858,0.11891891891891893,0.11370558375634518,train_oof,0.12060301142481507
Base_LR_SMOTE,Base,supervised,LR,SMOTE,486,28,185,985,55,-0.11788940480018144,0.23656828476707525,-0.06045485055675331,0.3095561471905549,-0.23569627786496555,0.1405203654511855,-0.2296597851939776,0.1970025078457591,-0.0574730821437761,-0.38914687335950704,0.299101010473801,low,-1.0674901188596386,0.21428571428571427,0.14054054054054055,0.3583756345177665,train_oof,0.12060301142481507
Base_LR_SMOTE,Base,supervised,LR,SMOTE,487,28,185,985,55,-0.05920751972549953,-0.03477551921603594,0.014921248745279916,-0.09257872566998444,-0.5108128586070156,-0.5265204765487769,-0.4502356547523923,-0.5211388119791742,-0.0747547961116746,-0.023803803570180863,-0.04985226714837556,low,-0.915088955541793,0.10714285714285714,0.15135135135135136,0.23045685279187816,train_oof,0.12060301142481507
Base_LR_SMOTE,Base,supervised,LR,SMOTE,488,28,185,985,55,-0.22382008753980864,0.05862572724784311,0.0013282017168291527,-0.17311284372928412,-0.3223030973770463,0.0396170313408818,-0.0033102708857174,-0.1497408179485377,-0.2278627101234945,-0.27428139114157685,0.057882933947541564,low,-1.395282106447686,0.25,0.15675675675675677,0.13705583756345177,train_oof,0.12060301142481507
Base_LR_SMOTE,Base,supervised,LR,SMOTE,489,28,185,985,55,0.22874574423452376,0.03161815468203079,-0.012978685581649205,0.01100456371072065,-0.14121366460340856,-0.1464820771400902,-0.2308951138764702,-0.3161589391322874,0.2419672553373626,0.20826099357855327,0.04510146383726913,high,2.9220481462382666,0.0,0.005405405405405406,0.01015228426395939,train_oof,0.12060301142481507
Base_LR_SMOTE,Base,supervised,LR,SMOTE,490,28,185,985,55,-0.08059064159261879,-0.1437261187225912,0.03519088697562123,-0.10576643168571553,0.033970728386441745,-0.3427075006368525,-0.113016303208077,-0.3406871180372132,-0.1152276194613896,0.06825782874550118,-0.17856269743633724,high,2.9149755360949627,0.0,0.0,0.01015228426395939,train_oof,0.12060301142481507
Base_LR_SMOTE,Base,supervised,LR,SMOTE,496,28,185,985,55,-0.015832606864882658,0.16684720089032995,-0.031085187987645868,0.016831557719658552,-0.1416103906701537,-0.2669376975842172,-0.3152304327669278,-0.3031935289893341,0.016464682506125143,-0.15120995286150987,0.20027080576950385,high,3.9960329561899615,0.0,0.021621621621621623,0.01015228426395939,train_oof,0.12060301142481507
Base_LR_SMOTE,Base,supervised,LR,SMOTE,497,28,185,985,55,0.1766672068538348,0.15183285259322793,-0.04488570461000076,0.12787442944974184,0.15303521484563165,0.0042007743184819,-0.2001819091744543,-0.1685326822867804,0.229197645193157,0.023967846124739917,0.20221735959860618,high,3.030289124631786,0.03571428571428571,0.005405405405405406,0.01015228426395939,train_oof,0.12060301142481507
Base_LR_SMOTE,Base,supervised,LR,SMOTE,499,28,185,985,55,-0.2322021444875582,-0.027297766835101517,0.013829553886963915,-0.03937612210810275,-0.8068866385758996,-0.8068866385758996,-0.8068866385758996,-0.8068866385758996,-0.2482701316813204,-0.20370307432524967,-0.04115722156950626,flat,,,,,train_oof,0.12060301142481507
Base_LR_SMOTE,Base,supervised,LR,SMOTE,500,28,185,985,55,0.09082157879390616,-0.08351388886859261,0.017344526886407422,-0.0702893890937456,-0.5538563420510734,-0.7451791565961735,-0.7451791565961735,-0.7451791565961735,0.07293424372317474,0.1788459593122783,-0.10078952057932573,high,2.278259271059122,0.0,0.0,0.01015228426395939,train_oof,0.12060301142481507
Base_LR_SMOTE,Base,supervised,LR,SMOTE,510,28,185,985,55,1.008653015323856,0.32042711303494076,-0.10973142788680754,0.35710715342708765,0.5428288438421559,-0.0268594023364474,-0.2689275876432507,-0.0726947203413821,1.3721871350554316,0.48537169646961204,0.4648400784986529,high,3.1283649782127023,0.07142857142857142,0.043243243243243246,0.01015228426395939,train_oof,0.12060301142481507
Base_LR_SMOTE,Base,supervised,LR,SMOTE,511,28,185,985,55,0.3129458003856022,0.13346226002150377,-0.04623529611190643,0.20349200098852868,0.3304886963531945,-0.2206847659643505,-0.8374816063277984,0.0057615609068684,0.36583501262938845,0.16887190596862597,0.1813067399308263,high,2.1118729445804045,0.0,0.010810810810810811,0.01015228426395939,train_oof,0.12060301142481507
Base_LR_SMOTE,Base,supervised,LR,SMOTE,521,28,185,985,55,0.18986754698073757,-0.1161003982103422,0.013311405165471387,0.055464513917516556,-0.1161003982103422,-0.1161003982103422,-0.1161003982103422,-0.1161003982103422,0.16470443887839348,0.5282996584330992,-0.13390326174637684,flat,,,,,train_oof,0.12060301142481507
Base_LR_SMOTE,Base,supervised,LR,SMOTE,522,28,185,985,55,0.17253450847325189,0.07296531386570594,-0.02426353811644294,0.10127337713253308,-0.02368987167456315,-0.0015469946957835,-0.1813998031632842,-0.0541479409174022,0.19453465844895312,0.10674201847305677,0.0972246965155056,high,2.6793316905919844,0.0,0.005405405405405406,0.01015228426395939,train_oof,0.12060301142481507
Base_LR_SMOTE,Base,supervised,LR,SMOTE,523,28,185,985,55,-0.029231216134323706,0.058854835237433796,-0.006605163639742294,-0.06479244149123563,-0.08797883154804255,-0.0878921077714993,-0.087003189061931,-0.0891496025313765,-0.024598043926524923,-0.06417273698531877,0.06326279900541315,low,-0.10071248365788826,0.0,0.005405405405405406,0.01015228426395939,train_oof,0.12060301142481507
Base_LR_SMOTE,Base,supervised,LR,SMOTE,525,28,185,985,55,-0.17571183713547422,0.1299875705014105,-0.01977612555517459,0.005135769306584241,-0.14562857361581036,-0.1183927486626758,-0.0924705487072807,-0.1913602385371192,-0.24085920077703463,-0.15851504208342637,0.1477605211161429,low,-1.169034926054814,0.0,0.010810810810810811,0.01015228426395939,train_oof,0.12060301142481507
Base_LR_SMOTE,Base,supervised,LR,SMOTE,542,28,185,985,55,-0.34494305071503384,-0.1517249804148892,0.045266111853503904,-0.10056427173082225,-0.6121175618220817,-0.6121175618220817,-0.6121175618220817,-0.6121175618220817,-0.3820747939364111,-0.22298089355653422,-0.19536015927830677,flat,,,,,train_oof,0.12060301142481507
Base_LR_SMOTE,Base,supervised,LR,SMOTE,544,28,185,985,55,-0.15245340465340582,0.12816608349302275,-0.028219239184797674,0.14971694573750782,0.3018890646394068,0.3018890646394068,0.3018890646394068,0.3018890646394068,-0.12205031639718825,-0.2968309966212236,0.1544223730082401,flat,,,,,train_oof,0.12060301142481507
Base_LR_SMOTE,Base,supervised,LR,SMOTE,545,28,185,985,55,-0.400233671328361,-0.08677382676502947,0.03498741198013378,-0.12241892750074965,-0.3737353644723715,-0.3737353644723715,-0.3737353644723715,-0.3737353644723715,-0.4336639938926412,-0.31632523474973795,-0.11913994144432495,flat,,,,,train_oof,0.12060301142481507
Base_LR_SMOTE,Base,supervised,LR,SMOTE,546,28,185,985,55,-0.025113484231938217,0.022424525882094568,0.03874608697861472,-0.0947881295202888,-0.1187580286884006,-0.1177392843580277,-0.1014710574947624,-0.2089169019264122,-0.07024221120817584,-0.0462787163338779,-0.017467510985644037,low,-1.4166179306970073,0.0,0.0,0.01015228426395939,train_oof,0.12060301142481507
Base_LR_SMOTE,Base,supervised,LR,SMOTE,547,28,185,985,55,0.30296553584921976,0.20560701144072965,-0.022602339051451977,0.1780024456460786,0.3685695259070086,0.2611470136559703,-0.0545559521449752,0.2376399667903394,0.3463402355999725,0.10972453223213566,0.24465152634923765,high,1.9943059076942968,0.0,0.010810810810810811,0.01015228426395939,train_oof,0.12060301142481507
Base_LR_SMOTE,Base,supervised,LR,SMOTE,548,28,185,985,55,0.07124850185314595,0.17146526902108938,0.007887595092443219,0.05926518440892858,-0.3798559745238552,-0.251503160320059,-0.2909593705461002,-0.3310134021392013,0.06991159272336066,-0.1001131876485117,0.17863636677272562,low,-1.2298258710883863,0.03571428571428571,0.0,0.01015228426395939,train_oof,0.12060301142481507
Base_LR_SMOTE,Base,supervised,LR,SMOTE,551,28,185,985,55,0.5900464045176694,-0.014706202813862567,-0.022462155402935294,0.02552435022823615,0.0513407536392479,-0.0083483957938572,-0.0542745109900623,-0.0306062462366187,0.6263868234583393,0.5429568771543498,0.009816221344333196,high,0.7365197829218966,0.07142857142857142,0.005405405405405406,0.01015228426395939,train_oof,0.12060301142481507
Base_LR_SMOTE,Base,supervised,LR,SMOTE,552,28,185,985,55,0.03271582501062839,0.08969260969573843,0.027581372879014406,0.03891979989030585,-0.09577884571136694,-0.196351686442169,-0.1580981872806299,-0.0731684001513413,0.005764011422275042,-0.05569034881451477,0.06718387597738819,high,3.6108471198343537,0.0,0.016216216216216217,0.01015228426395939,train_oof,0.12060301142481507
Base_LR_SMOTE,Base,supervised,LR,SMOTE,553,28,185,985,55,0.6368124712002091,-0.0066795759297724475,-0.026888819739179295,-0.015902429145300594,0.07105532945723475,-0.0362349206766773,-0.1046942720851995,-0.1168819902162101,0.6879051067894817,0.6015914600983232,0.023819293088375295,high,1.4541007943473152,0.07142857142857142,0.005405405405405406,0.01015228426395939,train_oof,0.12060301142481507
Base_LR_SMOTE,Base,supervised,LR,SMOTE,555,28,185,985,55,0.18145696921547708,0.12483187454181911,0.02420295395704102,0.13129946470101025,0.06859788516087084,-0.0022182934657631,-0.0142743004697673,0.0227669814878637,0.1711262245991133,0.059670973799935544,0.10876343791627391,high,3.5411101903700537,0.0,0.016216216216216217,0.01015228426395939,train_oof,0.12060301142481507
Base_LR_SMOTE,Base,supervised,LR,SMOTE,558,28,185,985,55,0.4875270279434173,-0.021283160627077868,-0.009223096342027982,-0.004708492694201045,-0.13272648749727825,-0.2920302968086232,-0.2490719662078104,-0.2204330791406027,0.5095345239353838,0.44948626204888614,-0.012494950186641283,high,4.1625099291033765,0.07142857142857142,0.016216216216216217,0.012182741116751269,train_oof,0.12060301142481507
Base_LR_SMOTE,Base,supervised,LR,SMOTE,560,28,185,985,55,0.40824846147849797,-0.002971396565010564,-0.008797997833129944,-0.02480886886721526,0.0890887679887066,-0.2665217178331021,-0.2825945081527318,-0.3087127924221302,0.407229185819044,0.42105172747102193,0.0058267470419130244,high,3.689393799585776,0.03571428571428571,0.016216216216216217,0.013197969543147208,train_oof,0.12060301142481507
Base_LR_SMOTE,Base,supervised,LR,SMOTE,561,28,185,985,55,0.28473451145134177,0.03856947917435656,-0.017575491298019493,0.05060455769868967,0.1816382392108958,0.0169088844342699,-0.1999196848201034,-0.3769423557503596,0.30136602046006744,0.2537272858124474,0.05638931627533729,high,2.7244401058375343,0.0,0.016216216216216217,0.01116751269035533,train_oof,0.12060301142481507
Base_LR_SMOTE,Base,supervised,LR,SMOTE,562,28,185,985,55,-0.3076893312773129,-0.1887272704969889,0.015784644664395265,-0.18409910354849393,0.0818746857997669,0.1050852931649826,0.1887927251301679,-0.0002208576750326,-0.34718045988956425,-0.1310850763493552,-0.2233545149175456,low,-2.0785374495891444,0.14285714285714285,0.016216216216216217,0.01015228426395939,train_oof,0.12060301142481507
Base_LR_SMOTE,Base,supervised,LR,SMOTE,563,28,185,985,55,-0.0828125253370866,0.07176161628173267,0.040590135055820036,0.012699165740906864,-0.0968072849716164,0.0004819304765895,-0.0293258291500953,-0.0790054285279027,-0.13040545078424287,-0.18645380332569497,0.03320827543589531,low,-1.21600585962132,0.0,0.005405405405405406,0.01015228426395939,train_oof,0.12060301142481507
Base_LR_SMOTE,Base,supervised,LR,SMOTE,566,28,185,985,55,0.008655501111717983,0.12442617633619149,-0.0325478958317705,0.08747514096452744,-0.2767599903698412,-0.1577368616874274,-0.2794289651515542,-0.0144875867979397,0.048380394017997784,-0.09699283254425883,0.1708232984840006,high,2.6230293464632877,0.0,0.02702702702702703,0.01015228426395939,train_oof,0.12060301142481507
Base_LR_SMOTE,Base,supervised,LR,SMOTE,567,28,185,985,55,0.09334313882624323,0.04850009517915084,-0.028915719932745707,0.12027472708573102,-0.10945117343066975,-0.1459402347273956,-0.2636058192434135,-0.0620820279128063,0.13462516648425737,0.04949988103433498,0.08584516826037944,high,3.0590225704688936,0.03571428571428571,0.010810810810810811,0.01015228426395939,train_oof,0.12060301142481507
Base_LR_SMOTE,Base,supervised,LR,SMOTE,570,28,185,985,55,0.17052415129650053,0.024529280951195914,-0.001821493974363991,-0.13669857540945196,0.1623336731214049,0.1053046386401117,0.1182207180160678,0.0978909743160041,0.18130970650184947,0.15057996416002828,0.02702107016034727,high,0.4870512892496974,0.0,0.005405405405405406,0.01015228426395939,train_oof,0.12060301142481507
Base_LR_SMOTE,Base,supervised,LR,SMOTE,571,28,185,985,55,-0.2256194176704695,-0.01116114314610911,0.007852598334004146,0.011769923960161596,0.37750370330049066,0.0710012780114829,0.0222808450473944,0.3615059491928787,-0.24214551225843753,-0.18306865747025752,-0.019480744930189663,high,1.8692942738352456,0.0,0.010810810810810811,0.013197969543147208,train_oof,0.12060301142481507
Base_LR_SMOTE,Base,supervised,LR,SMOTE,574,28,185,985,55,-0.07862537547095354,-0.10674788189102553,0.02812523563486621,-0.10460888067848569,-0.22658773422715878,-0.2300811981073601,-0.2248037157267605,-0.219545354659134,-0.10084131240052334,0.03841372637891971,-0.13235328751472164,low,-0.2732773149073163,0.03571428571428571,0.021621621621621623,0.01015228426395939,train_oof,0.12060301142481507
Base_LR_SMOTE,Base,supervised,LR,SMOTE,577,28,185,985,55,-0.06636872654783675,-0.0971060962433006,0.03102509390823174,-0.19521391547742503,-0.22200475747645987,-0.2195732715529488,-0.2187099752478586,-0.2326177579243586,-0.09174060491360322,0.041151297254140254,-0.12513931099536804,low,-0.7716472985833824,0.0,0.032432432432432434,0.013197969543147208,train_oof,0.12060301142481507
Base_LR_SMOTE,Base,supervised,LR,SMOTE,582,28,185,985,55,0.28509239862215346,0.11497452806921747,-0.042571084499052045,0.24026901475947005,0.3183346211040398,0.0180822890095212,-0.0119429441999272,0.3183346211040398,0.3348529814900172,0.15164783531860512,0.1593997119614083,high,2.3792666286008166,0.10714285714285714,0.005405405405405406,0.01015228426395939,train_oof,0.12060301142481507
Base_LR_SMOTE,Base,supervised,LR,SMOTE,585,28,185,985,55,0.08308558546234844,0.1538176134293131,-0.032038419912118296,0.012029941285980053,-0.01980857770343585,-0.0977422566895624,-0.0916574480523571,-0.1532618383228197,0.3335936973194557,-0.030670497731205868,0.18145054498510718,high,1.2786180803803224,0.07142857142857142,0.016216216216216217,0.01015228426395939,train_oof,0.12060301142481507
Base_LR_SMOTE,Base,supervised,LR,SMOTE,586,28,185,985,55,-0.018811983576103666,0.0026472763698318427,-0.009025859250784736,0.15595926702904536,1.974172480634362e-05,-0.0823690564666746,-0.0823690564666746,0.1071251793737314,-0.009848042930172631,-0.019989496702869147,0.011607461824066951,high,2.711599867802824,0.0,0.010810810810810811,0.01015228426395939,train_oof,0.12060301142481507
Base_LR_SMOTE,Base,supervised,LR,SMOTE,588,28,185,985,55,0.16816246710352095,-0.00259159106168931,-0.00916168128501552,0.09578808121500407,0.0430020772038354,-0.2833965866522073,-0.2490388325620975,-0.0085345539313291,0.18072651160209743,0.16217748943568866,0.00655252479850631,high,3.358525346899427,0.0,0.005405405405405406,0.01116751269035533,train_oof,0.12060301142481507
Base_LR_SMOTE,Base,supervised,LR,SMOTE,589,28,185,985,55,0.09023677473901538,-0.05601498960810044,0.015115900469445581,-0.12187236185403609,-0.1922824717672581,-0.313645975102765,-0.2802007835272708,-0.2909325706962247,0.07239959733475196,0.16992900230008637,-0.07010456176418664,high,4.075687609638256,0.0,0.010810810810810811,0.017258883248730966,train_oof,0.12060301142481507
Base_LR_SMOTE,Base,supervised,LR,SMOTE,NA_72,28,185,985,55,0.35714285714285715,0.3945945945945946,0.5461928934010152,0.36363636363636365,0.0,0.0,1.0,0.0,-0.37973612813753754,-0.07646074871741103,-0.30511332869405844,low,0.0,0.6428571428571429,0.6054054054054054,0.45380710659898477,train_oof,0.12060301142481507
Base_LR_SMOTE,Base,supervised,LR,SMOTE,NA_85,28,185,985,55,0.8571428571428571,0.8810810810810811,0.8568527918781725,0.9090909090909091,1.0,1.0,1.0,1.0,0.0008274317202962145,-0.07280280129856542,0.06993106158690052,flat,,,,,train_oof,0.12060301142481507
Base_LR_SMOTE,Base,supervised,LR,SMOTE,NA_109,28,185,985,55,0.7857142857142857,0.7135135135135136,0.6375634517766497,0.6727272727272727,1.0,1.0,1.0,1.0,0.30905247834764804,0.16081731839128693,0.15932264949752503,flat,,,,,train_oof,0.12060301142481507
Base_LR_SMOTE,Base,supervised,LR,SMOTE,NA_112,28,185,985,55,0.25,0.3567567567567568,0.4761421319796954,0.34545454545454546,0.0,0.0,0.0,0.0,-0.4539130660163063,-0.22452202730083257,-0.24036333232961501,flat,,,,,train_oof,0.12060301142481507
Base_LR_SMOTE,Base,supervised,LR,SMOTE,NA_157,28,185,985,55,0.9285714285714286,0.9135135135135135,0.9116751269035533,0.9090909090909091,1.0,1.0,1.0,1.0,0.05962958105950904,0.05389084435523359,0.00648263538091516,flat,,,,,train_oof,0.12060301142481507
Base_LR_SMOTE,Base,supervised,LR,SMOTE,NA_578,28,185,985,55,0.5,0.5945945945945946,0.6121827411167513,0.5818181818181818,0.5,1.0,1.0,1.0,-0.22983960551464291,-0.19129580475748717,-0.03602210863706144,low,0.0,0.5,0.40540540540540543,0.38781725888324875,train_oof,0.12060301142481507
RFEXGB_LR_SMOTE,RFEXGB,supervised,LR,SMOTE,0,23,73,1097,60,-0.04018624945194311,-0.32283126050722605,0.029511183201776113,-0.14930736720511598,-0.1516675410276844,-0.285002902879535,-0.0056526402609958,-0.41153135436657373,-0.07039011911972702,0.29797892554145267,-0.3591942292725399,low,-2.176048022275121,0.0,0.0410958904109589,0.010027347310847767,train_oof,0.5483517567913296
RFEXGB_LR_SMOTE,RFEXGB,supervised,LR,SMOTE,2,23,73,1097,60,0.21598834135049266,0.05682728870665942,-0.001931575070938484,-0.10759281525811319,0.1772394455099278,-0.1095710732053563,0.0469720803673646,-0.1837139353894701,0.21660987734804157,0.18002277713497608,0.05898049942660031,high,2.241971777173737,0.043478260869565216,0.0136986301369863,0.013673655423883319,train_oof,0.5483517567913296
RFEXGB_LR_SMOTE,RFEXGB,supervised,LR,SMOTE,8,23,73,1097,60,-0.06365147222867672,0.1678382455273998,-0.014786078971871576,0.07044174817511299,-0.1519344986770837,0.1189807259144242,-0.0137677341354149,0.0932437795782323,-0.048286655074559294,-0.2645626913443626,0.18010558424409495,low,-2.32700447083246,0.0,0.0,0.010027347310847767,train_oof,0.5483517567913296
RFEXGB_LR_SMOTE,RFEXGB,supervised,LR,SMOTE,9,23,73,1097,60,0.096704839410544,0.009124965304515904,0.003981567583948454,-0.12512493210995204,0.0602010848434,-0.0786281549670776,-0.0323517416969184,-0.1579591491444935,0.09205056046253327,0.09325900019746965,0.005087727387979045,high,2.740795378098272,0.0,0.0136986301369863,0.010027347310847767,train_oof,0.5483517567913296
RFEXGB_LR_SMOTE,RFEXGB,supervised,LR,SMOTE,14,23,73,1097,60,-0.5210116527058279,-0.24406318510335534,0.03979431625570318,-0.21575017163232887,-0.4915518052726117,-0.4373804019815814,0.0021746093685342,-0.1529443722181641,-0.5672569275106383,-0.26242526159477264,-0.28554994707276804,low,-2.1267470749747526,0.043478260869565216,0.0273972602739726,0.010027347310847767,train_oof,0.5483517567913296
RFEXGB_LR_SMOTE,RFEXGB,supervised,LR,SMOTE,15,23,73,1097,60,-0.01742823970832608,-0.04899278833117942,0.004712036990672574,-0.019447412707432273,-0.0220675243099133,-0.0966801384719205,-0.0542276748514472,-0.04127842218306765,-0.02118482000263398,0.06098116725704608,-0.052192458865004905,high,1.0230232104045982,0.0,0.0136986301369863,0.010027347310847767,train_oof,0.5483517567913296
RFEXGB_LR_SMOTE,RFEXGB,supervised,LR,SMOTE,18,23,73,1097,60,0.21732321150155084,-0.09778463544894982,0.004299752750102625,-0.043390137467707014,0.0958909983851701,-0.2139038390917298,-0.1375304166448147,-0.06500932647606394,0.21239874372257597,0.3444714660267446,-0.10215693013567581,high,2.2443793473872717,0.043478260869565216,0.0,0.010027347310847767,train_oof,0.5483517567913296
RFEXGB_LR_SMOTE,RFEXGB,supervised,LR,SMOTE,19,23,73,1097,60,0.07820883822915291,0.0976704427166889,-0.015496530028824049,0.13603236031852586,-0.0452922981918985,0.0125060508915716,0.0692535209008085,0.0767366216726649,0.08942820962016663,-0.052043610328559635,0.10996691448959726,low,-1.878025403675156,0.0,0.0,0.010938924339106655,train_oof,0.5483517567913296
RFEXGB_LR_SMOTE,RFEXGB,supervised,LR,SMOTE,21,23,73,1097,60,0.945980513689253,0.4142089670409066,-0.058772649384249906,0.20979677452199313,0.2971764048678659,0.2735105404949241,0.1358540960589796,0.23446186427957025,1.0759772798119278,0.30709266042927363,0.5061289786895902,high,1.7445648926740605,0.13043478260869565,0.0684931506849315,0.010027347310847767,train_oof,0.5483517567913296
RFEXGB_LR_SMOTE,RFEXGB,supervised,LR,SMOTE,24,23,73,1097,60,0.013234250580852135,-0.11370125723103179,0.013082240367314531,-0.1011340181158752,0.1316457138687645,0.0407559466370655,0.0793382892678528,0.05804613956625845,0.0001477973518159054,0.1659238118246862,-0.12475238449644879,high,3.2031415337347338,0.0,0.0,0.010027347310847767,train_oof,0.5483517567913296
RFEXGB_LR_SMOTE,RFEXGB,supervised,LR,SMOTE,25,23,73,1097,60,-0.5427109498062124,-0.26367096215491787,0.030523177269690897,-0.04013834944000802,0.4112510583721981,0.4090027299255162,0.4438518208490884,0.44385182084908775,-0.6063896816807802,-0.17170092687584265,-0.30877598081340735,low,-3.253321960159392,0.13043478260869565,0.0684931506849315,0.010027347310847767,train_oof,0.5483517567913296
RFEXGB_LR_SMOTE,RFEXGB,supervised,LR,SMOTE,28,23,73,1097,60,-0.7778843957590909,-0.6039950624893938,0.07164536700325504,-0.2851613099350852,-0.5306707287077509,-0.4853451062691171,-0.0354679128614753,-0.3251324305541454,-0.863978113615438,-0.17941978966713476,-0.6863369572112183,low,-2.265871882080979,0.08695652173913043,0.0684931506849315,0.010027347310847767,train_oof,0.5483517567913296
RFEXGB_LR_SMOTE,RFEXGB,supervised,LR,SMOTE,30,23,73,1097,60,0.31760020664988337,0.3076143794963868,-0.032905104484798726,0.10600088583253188,0.4505423421064061,0.324545466499069,0.0725517152843931,0.0935511945522829,0.3507563424727848,0.010191733905720849,0.34108288221609934,high,2.159059975341903,0.043478260869565216,0.0273972602739726,0.010027347310847767,train_oof,0.5483517567913296
RFEXGB_LR_SMOTE,RFEXGB,supervised,LR,SMOTE,31,23,73,1097,60,-0.1507912013126347,-0.15213431334808888,0.02428333526431896,-0.1936724482853265,-0.462676175405261,-0.4427651358356478,-0.4544884581990649,-0.4276922927969685,-0.17247144081605806,0.0016017491782135795,-0.17472421891976217,low,-0.8842691777315783,0.0,0.0,0.010027347310847767,train_oof,0.5483517567913296
RFEXGB_LR_SMOTE,RFEXGB,supervised,LR,SMOTE,33,23,73,1097,60,0.02709018990792298,0.2637633644523713,-0.04197114985682477,0.43581897638433775,-0.0596935570697993,-0.0393598325241007,-0.1528220154891013,-0.12655762128424,0.08207794170402039,-0.17649847689053597,0.33756927402891984,high,3.088305898013492,0.0,0.0273972602739726,0.010938924339106655,train_oof,0.5483517567913296
RFEXGB_LR_SMOTE,RFEXGB,supervised,LR,SMOTE,37,23,73,1097,60,0.2916535179675925,0.23799404251601455,-0.024698740053244544,0.05971267987219998,0.3050513045165886,0.1572556591690848,0.0088160240814834,0.07289300321909009,0.3235635281381342,0.04418141941465419,0.2614410553667483,high,2.8754719530568047,0.0,0.0136986301369863,0.010027347310847767,train_oof,0.5483517567913296
RFEXGB_LR_SMOTE,RFEXGB,supervised,LR,SMOTE,39,23,73,1097,60,-0.1522548126364934,-0.09851176468369481,0.007047706610098112,0.047807758261039085,-0.2314200930412735,-0.2581555312343518,-0.1395103135502186,-0.2056509959877056,-0.15780640887452815,-0.0752596274105385,-0.10487293741395289,low,-1.5225592266627026,0.0,0.0,0.010938924339106655,train_oof,0.5483517567913296
RFEXGB_LR_SMOTE,RFEXGB,supervised,LR,SMOTE,51,23,73,1097,60,0.10677251153595563,0.005855392023781996,-0.001764243919117488,-0.0053152972072257705,0.5966294421935097,0.4454621639114545,0.398666715284543,0.5099209562684072,0.10917780712277365,0.09829618857448943,0.007638398038676989,high,1.4655287838311246,0.0,0.0,0.010027347310847767,train_oof,0.5483517567913296
RFEXGB_LR_SMOTE,RFEXGB,supervised,LR,SMOTE,55,23,73,1097,60,-0.12814203778011185,-0.11502983746487302,0.007629900666537387,0.06695981347535016,-0.8171652248507822,-0.4276828291123979,-0.0382004333740136,0.09811840513442086,-0.13824658505476764,-0.012013864447007028,-0.12481953764016804,low,-2.063508891213612,0.0,0.0,0.014585232452142206,train_oof,0.5483517567913296
RFEXGB_LR_SMOTE,RFEXGB,supervised,LR,SMOTE,56,23,73,1097,60,0.39760590566874776,0.2683654286496727,-0.034340142522836264,0.16315468107738415,0.6364698170228489,0.463569310741405,0.2762604289364928,0.39873162088585357,0.42130308199672056,0.19140720551634766,0.29890936709349036,high,1.183988086914101,0.043478260869565216,0.0273972602739726,0.01276207839562443,train_oof,0.5483517567913296
RFEXGB_LR_SMOTE,RFEXGB,supervised,LR,SMOTE,58,23,73,1097,60,0.20282239670912172,0.1616675804925524,-0.022126877319871424,0.15185717751335784,0.0018536029597882,0.2059481243736099,-0.2977996250119338,0.1634775881256426,0.2213805663727579,0.046868497968336184,0.18261209130192946,high,2.2115012249717947,0.0,0.0136986301369863,0.010938924339106655,train_oof,0.5483517567913296
RFEXGB_LR_SMOTE,RFEXGB,supervised,LR,SMOTE,59,23,73,1097,60,0.40195788060463533,0.9093034931169114,-0.10591337576056227,0.6625434157995697,0.2705649389310645,0.2022402041334149,-0.2469853053855518,0.218637735357458,0.6597599177122014,-0.24470654013908943,1.0739663346833652,high,2.489337069581092,0.0,0.0684931506849315,0.010027347310847767,train_oof,0.5483517567913296
RFEXGB_LR_SMOTE,RFEXGB,supervised,LR,SMOTE,63,23,73,1097,60,0.6838175082622644,0.5726155697495476,-0.058844515176481156,0.10900440697539203,0.4169761845723974,-0.0195255425769753,-0.1192082920972148,-0.0952268768156816,1.1267101318992223,0.04098576082068823,0.6453944689593061,high,2.1008019479465627,0.21739130434782608,0.0410958904109589,0.010027347310847767,train_oof,0.5483517567913296
RFEXGB_LR_SMOTE,RFEXGB,supervised,LR,SMOTE,64,23,73,1097,60,1.4005572719600166,0.3674674514452376,-0.05690589600309511,0.01752565306347892,1.3379417034415142,-0.0989910026119095,-0.1316301228902988,-0.3130013934987978,1.586302548498918,0.742208511603942,0.4511750713332409,high,3.0048031163947875,0.13043478260869565,0.0410958904109589,0.010027347310847767,train_oof,0.5483517567913296
RFEXGB_LR_SMOTE,RFEXGB,supervised,LR,SMOTE,67,23,73,1097,60,-0.05702136193673825,0.4860944949474355,-0.04520862495176582,0.25128806144368976,-0.0571768516221987,-0.0571463126184262,-0.0573077330669381,-0.05718775840926035,-0.03625752952554841,-0.18998127863089048,0.6097139374971572,high,-0.05568614105138253,0.08695652173913043,0.0547945205479452,0.010027347310847767,train_oof,0.5483517567913296
RFEXGB_LR_SMOTE,RFEXGB,supervised,LR,SMOTE,68,23,73,1097,60,0.11550912034612967,-0.10674497373990027,0.019836807656541153,-0.286371640630183,0.0970026060251166,-0.0488550999914531,0.0589175383430111,-0.1430375044478684,0.11076479670088042,0.1554343203683972,-0.13742269015178185,high,1.8493694989317602,0.043478260869565216,0.0136986301369863,0.010027347310847767,train_oof,0.5483517567913296
RFEXGB_LR_SMOTE,RFEXGB,supervised,LR,SMOTE,71,23,73,1097,60,-0.3118675374848042,-0.10710445359022666,0.013410058945897318,0.015764131901779378,-0.2811398383717531,-0.0985071125808443,-0.0415548280675032,-0.1150035265346806,-0.33200159770925325,-0.17402983357837584,-0.12228892332298999,low,-1.7557422733096266,0.08695652173913043,0.0410958904109589,0.010027347310847767,train_oof,0.5483517567913296
RFEXGB_LR_SMOTE,RFEXGB,supervised,LR,SMOTE,75,23,73,1097,60,0.7841918325938831,0.1744604040530661,-0.021300370717570787,-0.12939341598995974,0.3118689932896956,0.2457897639466524,0.0167151022241025,-0.04936412711894065,0.8220821912046763,0.39310077629482626,0.20741520763703536,high,1.9830567561948196,0.08695652173913043,0.0273972602739726,0.010027347310847767,train_oof,0.5483517567913296
RFEXGB_LR_SMOTE,RFEXGB,supervised,LR,SMOTE,77,23,73,1097,60,-0.16877674731936376,-0.10108542611007726,0.009463546375817223,-0.031081629922045217,-0.0998621690778136,-0.0041859940543336,-0.1030513749119296,-0.059997096151363546,-0.18058122436079685,-0.06853589558717343,-0.1117681021286027,high,2.5797085727464477,0.0,0.0,0.010027347310847767,train_oof,0.5483517567913296
RFEXGB_LR_SMOTE,RFEXGB,supervised,LR,SMOTE,79,23,73,1097,60,0.4862337997215944,0.34859430631865557,-0.05184034729723486,0.26397028702016784,0.7388344288761282,0.388949691244235,-0.1812328441558872,0.16649211114494483,0.5467849690244722,0.13997410101607505,0.40885802076964384,high,3.006087528730789,0.0,0.0136986301369863,0.010027347310847767,train_oof,0.5483517567913296
RFEXGB_LR_SMOTE,RFEXGB,supervised,LR,SMOTE,81,23,73,1097,60,0.039603919690087835,-0.03062197706170185,0.001403048441112227,-0.023129038562130704,0.2155533159789061,-0.0155251737298347,0.0970515263846801,0.008175184189010502,0.03845308123853737,0.06997911309648498,-0.032549143847586906,high,2.3445564678287707,0.0,0.0,0.010027347310847767,train_oof,0.5483517567913296
RFEXGB_LR_SMOTE,RFEXGB,supervised,LR,SMOTE,84,23,73,1097,60,-0.07545220239097769,-0.15629123768135733,0.010336497419142375,0.016217962127792165,-0.1617435401871227,-0.0823555094146687,0.016879529050896,0.0466500405905649,-0.08529266362136156,0.08034341833153269,-0.1656653719953054,low,-2.405249289816607,0.0,0.0136986301369863,0.010027347310847767,train_oof,0.5483517567913296
RFEXGB_LR_SMOTE,RFEXGB,supervised,LR,SMOTE,88,23,73,1097,60,0.18991948726183053,0.18346583720205886,-0.019648552716289968,0.06322180011653476,0.2779230801096347,0.1880902942006315,0.0227106163288676,-0.059894579390742705,0.21084813296115268,0.007010662738500441,0.20320826290362984,high,2.216384324711335,0.0,0.0136986301369863,0.010027347310847767,train_oof,0.5483517567913296
RFEXGB_LR_SMOTE,RFEXGB,supervised,LR,SMOTE,90,23,73,1097,60,-0.2357336513731757,-0.06253215107082633,0.016199006751469396,-0.12391387745026838,-0.2448922034800321,0.0580746883623838,-0.0063089559074009,-0.09466819423515666,-0.25416271187306005,-0.1827390456770973,-0.07903451956958671,low,-2.2420642099751036,0.0,0.0273972602739726,0.010027347310847767,train_oof,0.5483517567913296
RFEXGB_LR_SMOTE,RFEXGB,supervised,LR,SMOTE,91,23,73,1097,60,0.04934364926993077,-0.04750773195474591,-0.002472017875162602,0.08716054099756623,0.0174306604702383,0.067116729186067,-0.0209631199010839,0.10889819606074125,0.05126462837540217,0.11060175350954946,-0.04450072154697881,high,2.5177239765574964,0.0,0.0,0.010027347310847767,train_oof,0.5483517567913296
RFEXGB_LR_SMOTE,RFEXGB,supervised,LR,SMOTE,92,23,73,1097,60,-0.10351994296964966,-0.034333605193545974,0.007468119151063743,-0.058347098080452894,-0.1300531851953159,0.0530261861617811,-0.0385134995167673,-0.1758230280345901,-0.10859489299736118,-0.07642955723679445,-0.04137975617599162,low,-2.2073937855271772,0.043478260869565216,0.0273972602739726,0.010027347310847767,train_oof,0.5483517567913296
RFEXGB_LR_SMOTE,RFEXGB,supervised,LR,SMOTE,98,23,73,1097,60,-0.14637849918452858,-0.15162979466241508,0.019474873048852665,-0.12366294175904803,-0.1224182030292057,-0.0526045960076145,0.0526956617591707,0.0526956617591707,-0.163535001452679,0.006370286277976419,-0.169032698394264,low,-2.4520217295047617,0.0,0.0136986301369863,0.010027347310847767,train_oof,0.5483517567913296
RFEXGB_LR_SMOTE,RFEXGB,supervised,LR,SMOTE,100,23,73,1097,60,0.5091281558793065,0.26596997511928394,-0.044160714444527654,0.29457665696832414,0.3271334819680114,0.048074981970692,0.048074981970692,0.048074981970692,0.5803448664118251,0.20812157154393301,0.31807887516460065,high,2.2805429819492478,0.043478260869565216,0.0410958904109589,0.011850501367365542,train_oof,0.5483517567913296
RFEXGB_LR_SMOTE,RFEXGB,supervised,LR,SMOTE,102,23,73,1097,60,-0.4896388322564022,-0.17412235317101066,0.025988501523427982,-0.08427877556782702,-0.5444737841628493,-0.181837550053801,-0.0310065500261438,-0.25324158730093665,-0.5192161780648069,-0.3517012548919223,-0.20465673665427164,low,-2.214718513405285,0.043478260869565216,0.0,0.010027347310847767,train_oof,0.5483517567913296
RFEXGB_LR_SMOTE,RFEXGB,supervised,LR,SMOTE,103,23,73,1097,60,0.9383434670045707,0.6241303480964359,-0.09614555319827692,0.6131886391451562,1.039258487162017,0.4508244259622606,-0.1703004164152602,0.4181336447844962,1.136501104471163,0.24414413038697494,0.7552569960925126,high,2.248817390739294,0.0,0.0410958904109589,0.010938924339106655,train_oof,0.5483517567913296
RFEXGB_LR_SMOTE,RFEXGB,supervised,LR,SMOTE,107,23,73,1097,60,-0.5050449297328491,-0.2117633045078457,0.029017576433841237,-0.07786904393170359,-0.5864150349690421,-0.0663624576216307,0.0069638276876572,0.0069638276876572,-0.5464862186597786,-0.26516582376152864,-0.24315148652074012,low,-2.5947430228216444,0.043478260869565216,0.0547945205479452,0.010027347310847767,train_oof,0.5483517567913296
RFEXGB_LR_SMOTE,RFEXGB,supervised,LR,SMOTE,116,23,73,1097,60,0.03045177019285978,-0.0796814536167191,0.00653407097072179,-0.03419200758864741,0.3437632813118004,0.3540431169120043,0.3540431169120043,0.3489031991119024,0.02427801821749935,0.09254553450335784,-0.08547617132295378,low,-2.8544991706204406,0.0,0.0136986301369863,0.010027347310847767,train_oof,0.5483517567913296
RFEXGB_LR_SMOTE,RFEXGB,supervised,LR,SMOTE,122,23,73,1097,60,-0.32449892928812063,-0.46246954917016997,0.05940474068145414,-0.3964006135732899,-0.5171176699640857,-0.5935582654761528,-0.0185920470593,-0.5525683809262038,-0.3789011953789327,0.18928149955836074,-0.5210017893282787,low,-1.7513341721102278,0.0,0.0,0.010027347310847767,train_oof,0.5483517567913296
RFEXGB_LR_SMOTE,RFEXGB,supervised,LR,SMOTE,124,23,73,1097,60,0.2991009479565267,0.2752305445484797,-0.04432465791206618,0.33830808555424363,0.2991009479565267,0.2119739755171568,-0.2236608866797079,0.1684104892974719,0.3425892129169521,0.025848086560479887,0.3222494988228503,high,2.39014828650145,0.13043478260869565,0.0273972602739726,0.010938924339106655,train_oof,0.5483517567913296
RFEXGB_LR_SMOTE,RFEXGB,supervised,LR,SMOTE,125,23,73,1097,60,-0.32762713588568504,-0.5233322580571333,0.06415096926251597,-0.3971523384819478,-0.6579862487150034,-0.5900840181960196,-0.0826041901067694,-0.46142716037057546,-0.38962707511053263,0.23596863729203,-0.5885325139049588,low,-1.5678761376693908,0.043478260869565216,0.0958904109589041,0.013673655423883319,train_oof,0.5483517567913296
RFEXGB_LR_SMOTE,RFEXGB,supervised,LR,SMOTE,126,23,73,1097,60,-0.20073488663752154,0.047538104264920465,-0.014164090440502458,0.2480751022792603,-0.3538166594771109,0.0378274757075997,-0.0953315302551998,0.10244875801307796,-0.18529695857818662,-0.29911340019521876,0.06127856068815576,low,-1.446503796642459,0.0,0.0136986301369863,0.016408386508659983,train_oof,0.5483517567913296
RFEXGB_LR_SMOTE,RFEXGB,supervised,LR,SMOTE,129,23,73,1097,60,0.6070759553097188,0.5487287203847218,-0.06909567341201418,0.3556396286586538,0.5763906456382701,0.499160921192766,0.2674717478562538,0.460546058970014,0.6689951224741227,0.08618388989395297,0.6188785876242388,high,1.8209321438221213,0.043478260869565216,0.0,0.010027347310847767,train_oof,0.5483517567913296
RFEXGB_LR_SMOTE,RFEXGB,supervised,LR,SMOTE,130,23,73,1097,60,0.29026792064716717,0.2842738295865976,-0.04578178034016063,0.3533662421419482,0.3915348680087602,0.5646960460626672,0.1118424525326764,0.3348306794206851,0.33151187364623436,0.007520337105431319,0.3279300838988583,high,1.601224224554364,0.0,0.0273972602739726,0.010938924339106655,train_oof,0.5483517567913296
RFEXGB_LR_SMOTE,RFEXGB,supervised,LR,SMOTE,131,23,73,1097,60,-0.0305790344804029,0.08188310079677259,-0.012458435791432229,0.1469765514383571,0.039508696803321,0.039508696803321,-0.0476274015494089,0.039508696803321,-0.01863116836503402,-0.09670688013021661,0.09420015503283066,high,2.2614792047981296,0.0,0.0136986301369863,0.010938924339106655,train_oof,0.5483517567913296
RFEXGB_LR_SMOTE,RFEXGB,supervised,LR,SMOTE,132,23,73,1097,60,0.17933302626814118,0.1709485559758322,-0.014875204707185218,-0.011439014641162296,0.1467728513057182,0.0702036618055519,-0.1800468599754635,0.1206272744032266,0.19509478150121043,0.00835536985252637,0.18818266385030608,high,1.9998219388579355,0.0,0.0136986301369863,0.010027347310847767,train_oof,0.5483517567913296
RFEXGB_LR_SMOTE,RFEXGB,supervised,LR,SMOTE,139,23,73,1097,60,-0.18486031975187334,-0.07454458555564795,0.011214784689037359,-0.02693351735998713,-0.387469123908896,-0.3634064059942239,-0.3039715187462845,-0.27859202067990874,-0.19498327770117746,-0.12284161396683231,-0.08592762451035368,low,-1.1037542156978155,0.0,0.0,0.010027347310847767,train_oof,0.5483517567913296
RFEXGB_LR_SMOTE,RFEXGB,supervised,LR,SMOTE,144,23,73,1097,60,-0.31882034423753186,-0.2776549537914921,0.034304947347735024,-0.1555252278937426,-0.2823137420639845,-0.4238829493300085,-0.1700347156116206,-0.41818763639401885,-0.35200913562387864,-0.05076368237387214,-0.3109642258092314,low,-1.1466344332297465,0.0,0.0273972602739726,0.010027347310847767,train_oof,0.5483517567913296
RFEXGB_LR_SMOTE,RFEXGB,supervised,LR,SMOTE,154,23,73,1097,60,0.23889843096436933,-0.1160276983066985,0.002369037186638343,0.017171609919551467,0.0470285726149779,-0.1157638458942754,-0.0417710415351166,-0.02123123296718915,0.23735558903911677,0.28800748397257947,-0.12091095246315618,high,2.3888439130405485,0.043478260869565216,0.0,0.010027347310847767,train_oof,0.5483517567913296
RFEXGB_LR_SMOTE,RFEXGB,supervised,LR,SMOTE,156,23,73,1097,60,-0.07856776772697113,0.46456281410016076,-0.03265417023429927,0.06192663292391719,-0.1780665208725426,-0.1425063148611178,-0.1207113498863735,-0.1012105917510761,-0.08046805357995594,-0.1795105504764635,0.4864334682518565,low,-0.487830328334644,0.08695652173913043,0.0,0.010027347310847767,train_oof,0.5483517567913296
RFEXGB_LR_SMOTE,RFEXGB,supervised,LR,SMOTE,162,23,73,1097,60,0.01552589594818907,-0.1717854071085614,0.013538287181826546,-0.05461561091604553,-0.487401501015848,-0.5448824990131631,-0.4590362043539875,-0.4746446215647467,0.0019557423585565654,0.19968124974439017,-0.1836592880387413,low,-0.7333961594948017,0.043478260869565216,0.0136986301369863,0.010027347310847767,train_oof,0.5483517567913296
RFEXGB_LR_SMOTE,RFEXGB,supervised,LR,SMOTE,165,23,73,1097,60,0.8179949017351035,0.4758006891689393,-0.059859749960472865,0.21165563151073205,-0.1650932311534968,-0.1130141348285256,-0.1598853215209997,-0.1559793892966269,1.0668905013110452,0.15803462353566092,0.6068873821818132,low,-0.5297510636209449,0.0,0.0,0.010027347310847767,train_oof,0.5483517567913296
RFEXGB_LR_SMOTE,RFEXGB,supervised,LR,SMOTE,173,23,73,1097,60,-0.02547621688753082,-0.010975752355725184,0.0022028703100803473,-0.019636746621595542,0.0593115289569364,0.0237978614420072,0.0582670093241444,-0.1109451711881671,-0.027547782949848294,-0.015177219834978222,-0.013065380023211573,high,2.5348230586740885,0.0,0.0136986301369863,0.01276207839562443,train_oof,0.5483517567913296
RFEXGB_LR_SMOTE,RFEXGB,supervised,LR,SMOTE,182,23,73,1097,60,-0.3113593800526873,-0.06208246137118673,0.012005483613334872,-0.013083838663835749,-0.5078684680426969,-0.2355968401047319,-0.1195854508094251,-0.1207692404961119,-0.31795114811209796,-0.2940379348944638,-0.07289634580657171,low,-1.50490349375779,0.0,0.0136986301369863,0.010027347310847767,train_oof,0.5483517567913296
RFEXGB_LR_SMOTE,RFEXGB,supervised,LR,SMOTE,183,23,73,1097,60,0.21843356009155435,0.20908464370144123,-0.024702007698589757,0.11112411548694653,0.5263451011806506,0.4198581785931621,-0.0052118722849156,0.4363139186908167,0.2413544868851507,0.010112273868657207,0.23321998418103448,high,1.8989849370526215,0.043478260869565216,0.0136986301369863,0.010027347310847767,train_oof,0.5483517567913296
RFEXGB_LR_SMOTE,RFEXGB,supervised,LR,SMOTE,200,23,73,1097,60,0.15306292868769558,0.4297852069047559,-0.04656157805838236,0.27155001749559876,0.0802270424064812,0.0430941174816065,-0.0661827758687398,0.01444871825384565,0.28211780225151534,-0.1268244193094491,0.514946058079311,high,1.118633373819926,0.0,0.0410958904109589,0.010027347310847767,train_oof,0.5483517567913296
RFEXGB_LR_SMOTE,RFEXGB,supervised,LR,SMOTE,217,23,73,1097,60,0.046561522767912596,0.15795690070316828,-0.016374029317193933,0.07589701921467153,-0.099808585237843,-0.0749787451581944,-0.2177503256161747,-0.2146465956062186,0.06518604564613358,-0.08390806809125098,0.17320395974587263,high,2.596629281278407,0.0,0.0136986301369863,0.010027347310847767,train_oof,0.5483517567913296
RFEXGB_LR_SMOTE,RFEXGB,supervised,LR,SMOTE,227,23,73,1097,60,0.05750318053054109,0.23128896650993902,-0.02639410169427581,0.17467390880968084,-0.1481667666320204,-0.1122623356283096,-0.2558800596431537,-0.1571428743829484,0.08759245458693249,-0.14258069485893726,0.26067032500422654,high,3.912624379887683,0.0,0.0273972602739726,0.010027347310847767,train_oof,0.5483517567913296
RFEXGB_LR_SMOTE,RFEXGB,supervised,LR,SMOTE,252,23,73,1097,60,-0.025210042512500204,-0.02470675480981616,0.0037323851175267726,-0.0285167065837123,-0.0266945010912477,-0.0303574469063609,-0.0304797767855753,-0.0311935994330366,-0.027340780078042318,-0.02253859929847627,-0.027459087722605784,high,0.005367159370017697,0.0,0.0136986301369863,0.010027347310847767,train_oof,0.5483517567913296
RFEXGB_LR_SMOTE,RFEXGB,supervised,LR,SMOTE,269,23,73,1097,60,0.03219925273812467,-0.26359421513099207,0.014294039499122604,0.07033660636975689,0.2868092445363978,-0.3283359255644041,-0.0406109177019877,-0.0781440266326426,0.017925854676945352,0.3185392647681361,-0.2789840401963939,high,2.890863260690657,0.0,0.0,0.01276207839562443,train_oof,0.5483517567913296
RFEXGB_LR_SMOTE,RFEXGB,supervised,LR,SMOTE,271,23,73,1097,60,0.2058936189593684,-0.044755928974180306,-0.00772506949240112,0.11689584766506085,-0.0999998999539683,0.0316346779212868,-0.0271269618324295,0.0632088479013114,0.2139775763646265,0.24461533763818114,-0.037175382516241806,low,-1.6050758455020229,0.0,0.0136986301369863,0.010027347310847767,train_oof,0.5483517567913296
RFEXGB_LR_SMOTE,RFEXGB,supervised,LR,SMOTE,275,23,73,1097,60,-0.04918260421553929,-0.04910317686146005,0.024922984724760063,-0.04922211010683159,-0.0492014537332643,-0.0492014537332643,-0.0493275964097916,-0.0493275964097916,-0.06676661751793626,-0.17779692073121353,-0.06817013599330365,high,-0.0404014711877658,0.0,0.0,0.011850501367365542,train_oof,0.5483517567913296
RFEXGB_LR_SMOTE,RFEXGB,supervised,LR,SMOTE,280,23,73,1097,60,-0.17376971013508727,-0.30020217894553397,0.03412256130577589,-0.1979563578801371,-0.3872214228475072,-0.3715364727120899,-0.1519471708162455,-0.25389934669645875,-0.20171474585890461,0.20432888569565058,-0.32939257862329063,low,-1.3910582315142226,0.0,0.0136986301369863,0.010938924339106655,train_oof,0.5483517567913296
RFEXGB_LR_SMOTE,RFEXGB,supervised,LR,SMOTE,281,23,73,1097,60,-0.29425549497913434,-0.21270050598628576,0.029330764724281286,-0.16519660017124738,-0.3832709308378492,-0.3088216572105596,-0.1785354283628034,-0.3367401348207933,-0.31554147026562995,-0.11245158286352569,-0.23986113936523323,low,-1.2781511998378667,0.08695652173913043,0.0,0.010027347310847767,train_oof,0.5483517567913296
RFEXGB_LR_SMOTE,RFEXGB,supervised,LR,SMOTE,295,23,73,1097,60,0.5746500208430881,0.4566680630965009,-0.05568697681500679,0.24837881451783914,0.0009547470411242,-0.0603685517888387,-0.2016182669038766,-0.1068182786595562,0.7030313068647567,0.07015695624916869,0.5408920641584469,high,5.47177275640294,0.0,0.0547945205479452,0.010027347310847767,train_oof,0.5483517567913296
RFEXGB_LR_SMOTE,RFEXGB,supervised,LR,SMOTE,296,23,73,1097,60,-0.06609193010627079,-0.0704411864044649,0.012545941672251565,-0.1043460667038128,-0.0200979405732926,-0.2970723352776641,-0.3650317301481925,-0.34311499280890256,-0.07765568328744253,0.004977976686550163,-0.08177657559605092,high,3.533038207065993,0.0,0.0136986301369863,0.010027347310847767,train_oof,0.5483517567913296
RFEXGB_LR_SMOTE,RFEXGB,supervised,LR,SMOTE,310,23,73,1097,60,0.01418407279425415,0.06595689941506819,-0.016200423182153045,0.20787381682310455,0.0648005498315571,0.0853046804513651,-0.1037889685979735,0.07505261514146111,0.02994866836249682,-0.06190125510466236,0.08148050165786591,high,2.520739750737417,0.0,0.0,0.014585232452142206,train_oof,0.5483517567913296
RFEXGB_LR_SMOTE,RFEXGB,supervised,LR,SMOTE,316,23,73,1097,60,-0.46878752200279494,-0.17260294517237734,0.033619053160948695,-0.2216726700840506,-0.6267937988853934,-0.3884698447632955,-0.09786455964587,-0.2872610794780005,-0.510412478179531,-0.2745421413785577,-0.2053707246776314,low,-1.9037643220060665,0.0,0.0273972602739726,0.010027347310847767,train_oof,0.5483517567913296
RFEXGB_LR_SMOTE,RFEXGB,supervised,LR,SMOTE,333,23,73,1097,60,0.2647744687574485,0.5843430301611833,-0.054824230861050774,0.18309536972652973,-0.0450258383244466,-0.0605877211992616,-0.0809480722177591,-0.027820281278867348,0.7593455391744812,-0.10038340631120735,0.6717046849433862,high,0.7191246462734818,0.043478260869565216,0.0547945205479452,0.010027347310847767,train_oof,0.5483517567913296
RFEXGB_LR_SMOTE,RFEXGB,supervised,LR,SMOTE,334,23,73,1097,60,0.036668828758823976,0.5277249699670581,-0.04864912707862037,0.21467410790407235,-0.273194410607232,-0.2529869437212498,-0.2200168661704367,-0.107812247408799,0.14437477833258383,-0.1901275590558972,0.6291199167983134,low,-0.6691969485191581,0.043478260869565216,0.0,0.010027347310847767,train_oof,0.5483517567913296
RFEXGB_LR_SMOTE,RFEXGB,supervised,LR,SMOTE,337,23,73,1097,60,0.005879396145645892,0.2819941779628269,-0.03640317294946121,0.31009910452638767,-0.0425744301726579,-0.1364534222018999,-0.1658008351662997,-0.1669190916082518,0.0533594435404023,-0.22877781894040597,0.37760393010843263,high,1.5568944878077637,0.0,0.0958904109589041,0.010027347310847767,train_oof,0.5483517567913296
RFEXGB_LR_SMOTE,RFEXGB,supervised,LR,SMOTE,338,23,73,1097,60,-0.04725731002411088,0.27461903278401184,-0.020958576210029656,0.05941733637681112,-0.0734288152007663,-0.0779484924378093,-0.0947858815814411,-0.0720601805444786,-0.027548711590494365,-0.23034710862170876,0.29142573477412637,high,0.5430736205853981,0.0,0.0547945205479452,0.010027347310847767,train_oof,0.5483517567913296
RFEXGB_LR_SMOTE,RFEXGB,supervised,LR,SMOTE,344,23,73,1097,60,-0.3718697892771342,-0.01605159708739349,0.011064092333529675,-0.042451845734371586,-0.389581345608421,-0.1069328676342609,0.0127229779687977,0.09232262053498361,-0.38885692395638854,-0.29740369977743164,-0.027101911831942264,low,-2.077733785086372,0.043478260869565216,0.0273972602739726,0.010027347310847767,train_oof,0.5483517567913296
RFEXGB_LR_SMOTE,RFEXGB,supervised,LR,SMOTE,348,23,73,1097,60,1.503110211368745,0.17221413876939942,-0.05455876462390147,0.1482358389804831,0.7574114111508847,-0.127333923513656,-0.1922693609202277,-0.11921699383783445,1.6397260377322969,0.6459957056404898,0.26658793664099867,high,3.038593327243752,0.08695652173913043,0.0273972602739726,0.010027347310847767,train_oof,0.5483517567913296
RFEXGB_LR_SMOTE,RFEXGB,supervised,LR,SMOTE,349,23,73,1097,60,0.010145901031772016,-0.038281305473144754,-0.002900124471136654,0.04408070407103004,0.0698114887931046,-0.1303168368230303,-0.1303168368230303,-0.14937667735790025,0.01297264852764287,0.05541287749433409,-0.03529442037385424,high,3.883685579820572,0.0,0.0,0.010027347310847767,train_oof,0.5483517567913296
RFEXGB_LR_SMOTE,RFEXGB,supervised,LR,SMOTE,353,23,73,1097,60,0.10273049312533158,0.003340882182201179,0.004467542260618771,-0.09398921208056109,0.2609151877775846,0.1079940819141103,0.1079940819141103,-0.0289977420885848,0.09744280501891717,0.11531562288090855,-0.0011287754324986012,high,2.0776179254356526,0.043478260869565216,0.0,0.010027347310847767,train_oof,0.5483517567913296
RFEXGB_LR_SMOTE,RFEXGB,supervised,LR,SMOTE,354,23,73,1097,60,0.06095514685982529,-0.08129073734833614,0.010913177453136191,-0.1058360083803777,0.2536341131578123,0.1401968377775984,0.1855717479296838,0.0456657749607528,0.05091739183633746,0.14390619639595525,-0.09371993810917956,high,2.0622780318199476,0.0,0.0273972602739726,0.010027347310847767,train_oof,0.5483517567913296
RFEXGB_LR_SMOTE,RFEXGB,supervised,LR,SMOTE,377,23,73,1097,60,-0.6592271010774361,-0.22235385465582164,0.03612419395557627,-0.1544600734077516,-0.7984518405511466,-0.3714959728317686,0.0554598948876092,-0.1580180389720797,-0.6877891179966972,-0.5032210904198557,-0.25590769330142127,low,-1.8658415098495904,0.08695652173913043,0.0273972602739726,0.010938924339106655,train_oof,0.5483517567913296
RFEXGB_LR_SMOTE,RFEXGB,supervised,LR,SMOTE,405,23,73,1097,60,0.1202209870664885,-0.025527055201389016,0.0015752164923216144,-0.056392642205245584,0.039082730656557,-0.1001844258679525,-0.0723309945630507,-0.12803785717285435,0.12006416864891821,0.13755343340721207,-0.027391936560548683,high,2.0445297846094923,0.0,0.0,0.015496809480401094,train_oof,0.5483517567913296
RFEXGB_LR_SMOTE,RFEXGB,supervised,LR,SMOTE,406,23,73,1097,60,0.12033378951222336,-0.044554993609833206,-0.0010886763975546138,0.014738180581883425,-0.4106377114275687,-0.2033267973189058,-0.2909975102349976,-0.18085701444037133,0.12264689924963514,0.15070836683064143,-0.04379765689350731,low,-1.4697321733763395,0.0,0.0273972602739726,0.01276207839562443,train_oof,0.5483517567913296
RFEXGB_LR_SMOTE,RFEXGB,supervised,LR,SMOTE,412,23,73,1097,60,-0.09986061180606731,0.004670571576586757,-0.0006288306602550837,0.06003360108558702,-0.4188859466898104,-0.3366056554809871,-0.2331827459327347,-0.09428078506146775,-0.09979113055997639,-0.10144664428630494,0.0053122365949572255,low,-1.2219300038915757,0.0,0.0136986301369863,0.01276207839562443,train_oof,0.5483517567913296
RFEXGB_LR_SMOTE,RFEXGB,supervised,LR,SMOTE,416,23,73,1097,60,-0.15486259050811774,-0.32777995823045786,0.03542660437408504,-0.22977057245616125,-0.4415347746160978,-0.6040377769988489,-0.1320854597128472,-0.4082910201652363,-0.18600730173178195,0.22480136422605101,-0.3594772497297709,low,-2.1572295833095927,0.0,0.0,0.010938924339106655,train_oof,0.5483517567913296
RFEXGB_LR_SMOTE,RFEXGB,supervised,LR,SMOTE,419,23,73,1097,60,-0.08160321385426826,0.13599749556492605,-0.015318788262434543,0.14877108103762876,0.0651472968356543,0.2051872629381436,-0.1513050836380405,0.13328336359031065,-0.06623240943021039,-0.2312791218120759,0.15068542588560513,high,2.043774906127401,0.0,0.0136986301369863,0.010027347310847767,train_oof,0.5483517567913296
RFEXGB_LR_SMOTE,RFEXGB,supervised,LR,SMOTE,423,23,73,1097,60,0.020642106152170745,0.24262738860426225,-0.03191726826897014,0.273487444486509,-0.3941855930708989,0.1291048508254387,-0.2603859281130261,-0.04247381220232465,0.05300281168030013,-0.22025031908861628,0.27641607756152353,low,-1.3783293621157047,0.0,0.0,0.010027347310847767,train_oof,0.5483517567913296
RFEXGB_LR_SMOTE,RFEXGB,supervised,LR,SMOTE,428,23,73,1097,60,-0.06728785004046375,-0.08474517442641386,0.012100295242397037,-0.08558354551592062,-0.0432450611141641,-0.1099191557346949,-0.1571766875658643,-0.10902863808284745,-0.07526153397773422,0.13625112335319695,-0.09380863478582302,high,3.1337508534448837,0.0,0.0,0.010027347310847767,train_oof,0.5483517567913296
RFEXGB_LR_SMOTE,RFEXGB,supervised,LR,SMOTE,433,23,73,1097,60,0.32035296944273256,0.11704154580215424,-0.017659134149500582,0.052310067001746896,0.0298745918100557,-0.1486962060222151,-0.2460597173129554,-0.2627564412174112,0.34041398350117935,0.1809625686186832,0.1357371627359866,high,3.166426783110155,0.043478260869565216,0.0273972602739726,0.010027347310847767,train_oof,0.5483517567913296
RFEXGB_LR_SMOTE,RFEXGB,supervised,LR,SMOTE,460,23,73,1097,60,0.2730853945173936,0.22079894306067954,-0.028578198625333142,0.14455392650264512,-0.0117085088857422,-0.1361476038642715,-0.2256374042039275,-0.15435376531926454,0.30853469741490536,0.04197521675467517,0.250180480015392,high,3.09408514104329,0.043478260869565216,0.0136986301369863,0.010027347310847767,train_oof,0.5483517567913296
RFEXGB_LR_SMOTE,RFEXGB,supervised,LR,SMOTE,471,23,73,1097,60,0.2857308797858027,0.30973806859278696,-0.039665575150372764,0.21408768819580726,-0.2436223414418058,-0.1981086228395703,-0.2194985265131413,-0.1702654170173486,0.39289193287146884,-0.012153710075840055,0.38944194256360204,low,-0.5981726652837404,0.0,0.0,0.010027347310847767,train_oof,0.5483517567913296
RFEXGB_LR_SMOTE,RFEXGB,supervised,LR,SMOTE,477,23,73,1097,60,0.11869603449400006,0.5767115150702263,-0.05496900463129225,0.25341790515952894,0.0512716694760154,-0.1022694004493186,-0.1079770173549027,-0.04061919837099645,0.4165482632941842,-0.15637976468319237,0.6836762389158397,high,0.7613020354633037,0.0,0.0547945205479452,0.010027347310847767,train_oof,0.5483517567913296
RFEXGB_LR_SMOTE,RFEXGB,supervised,LR,SMOTE,480,23,73,1097,60,-0.15948284656449016,0.0978828096647794,-0.0014822523960467643,-0.02892930298621121,-0.4230521880128791,-0.2843064301916071,-0.116197077096097,-0.1740419747110972,-0.16125954739447945,-0.21052332594279308,0.09908678857476454,low,-1.7037083866881209,0.0,0.0,0.010027347310847767,train_oof,0.5483517567913296
RFEXGB_LR_SMOTE,RFEXGB,supervised,LR,SMOTE,484,23,73,1097,60,-0.3724346324928902,-0.1497810820840236,0.02264977327118031,-0.10624913650076145,-0.4212884102733357,-0.5831306950161965,-0.3103288128457427,-0.3620258334307922,-0.3970511017240427,-0.235397313261931,-0.17211613783393867,low,-1.0153846670981137,0.2608695652173913,0.2465753424657534,0.12853236098450319,train_oof,0.5483517567913296
RFEXGB_LR_SMOTE,RFEXGB,supervised,LR,SMOTE,486,23,73,1097,60,0.22028682064888747,0.3837768418964593,-0.039925801800305014,0.1443014647691838,0.0318911166726226,0.2446118994080052,-0.2141751892369645,-0.13824733371221185,0.2628895680083768,-0.17508731188181606,0.4263978787373898,high,2.2896491556217398,0.0,0.0,0.010027347310847767,train_oof,0.5483517567913296
RFEXGB_LR_SMOTE,RFEXGB,supervised,LR,SMOTE,488,23,73,1097,60,-0.4363170681066887,-0.06739771157174468,0.01556433106350507,-0.09588127149619056,-0.7656196443219225,-0.0374394402019498,0.0042586469188357,-0.1592323186437368,-0.4546295607370971,-0.3952731644516407,-0.08380819218867697,low,-1.395282106447686,0.34782608695652173,0.1506849315068493,0.13947128532360983,train_oof,0.5483517567913296
RFEXGB_LR_SMOTE,RFEXGB,supervised,LR,SMOTE,489,23,73,1097,60,0.3488246115317819,0.028306230449524628,-0.008205106202884302,-0.016880570376244724,-0.1434085038078794,-0.0201816786255802,-0.2264007503316643,-0.3508092755221912,0.35918498294376994,0.3437519831316648,0.03692093868571843,high,2.9203920628753846,0.0,0.0,0.010027347310847767,train_oof,0.5483517567913296
RFEXGB_LR_SMOTE,RFEXGB,supervised,LR,SMOTE,510,23,73,1097,60,0.41124613890493616,0.4790633827846477,-0.07637016180521482,0.6404086112124043,0.1697321509225343,0.1777920353706084,-0.2649240193866484,0.18120218935992785,0.5432685549730302,-0.057031961202296366,0.597917349143045,high,3.7084716799991346,0.0,0.0410958904109589,0.010027347310847767,train_oof,0.5483517567913296
RFEXGB_LR_SMOTE,RFEXGB,supervised,LR,SMOTE,511,23,73,1097,60,0.5074721489858647,0.18487736694932383,-0.031310206338696696,0.13804471730818416,0.590562164990782,-0.1421535816034179,-0.8374816063277984,-0.0963959753434519,0.545353244196202,0.3024807357995237,0.21794974782179058,high,2.1115778329584844,0.0,0.0273972602739726,0.010938924339106655,train_oof,0.5483517567913296
RFEXGB_LR_SMOTE,RFEXGB,supervised,LR,SMOTE,545,23,73,1097,60,-0.4581670648804742,-0.0476267932707393,0.0199509560233959,-0.12336235529140722,-0.3737353644723715,-0.3737353644723715,-0.3737353644723715,-0.3737353644723715,-0.4848012518852472,-0.33973704006627575,-0.06606888363302015,flat,,,,,train_oof,0.5483517567913296
RFEXGB_LR_SMOTE,RFEXGB,supervised,LR,SMOTE,547,23,73,1097,60,0.18697741095741743,0.20488201433257017,0.0007453109430967948,0.23287815103819795,0.1645803544274894,0.2497852743375839,-0.0244636057614285,0.2662053580221496,0.19840849913776076,-0.02184817138044079,0.2182804293934716,high,1.9926134003199714,0.0,0.0136986301369863,0.010027347310847767,train_oof,0.5483517567913296
RFEXGB_LR_SMOTE,RFEXGB,supervised,LR,SMOTE,551,23,73,1097,60,0.38186952190301293,-0.09938608920108834,-0.01603526534254912,0.15236899308797397,0.0513407536392479,-0.1136830973440491,-0.0448333427332084,-0.07455388463980411,0.4796952759877334,0.6760686686536903,-0.10552563104974193,high,0.7325592104982972,0.043478260869565216,0.0,0.010027347310847767,train_oof,0.5483517567913296
RFEXGB_LR_SMOTE,RFEXGB,supervised,LR,SMOTE,553,23,73,1097,60,-0.015508857661890516,0.11318870493991537,-0.03280217361049528,0.2885469886139633,-0.4309161464865074,0.0533067333133898,-0.1056725888687013,-0.01745588314626455,0.020205330792241245,-0.19480409628656992,0.17221269275748965,low,-1.6050591725926862,0.0,0.0136986301369863,0.010027347310847767,train_oof,0.5483517567913296
RFEXGB_LR_SMOTE,RFEXGB,supervised,LR,SMOTE,561,23,73,1097,60,0.13438448988477159,0.012317218348550358,-0.01009631925317905,0.12774956211192923,0.0290074978243583,-0.0591820372399156,-0.1563982087583952,0.0203269996164496,0.14451170517836662,0.12456155604271563,0.02250664559790003,high,2.7244401058375343,0.0,0.0,0.01276207839562443,train_oof,0.5483517567913296
RFEXGB_LR_SMOTE,RFEXGB,supervised,LR,SMOTE,563,23,73,1097,60,-0.05070459389445069,0.04090107270204938,0.04582625682302067,-0.007568182235269703,-0.0483696755782545,0.0812245648035321,-0.0283196637489479,-0.10218924157087919,-0.10211120036796045,-0.13411255508898445,-0.005246621974751651,low,-1.2014331771371636,0.0,0.0136986301369863,0.010027347310847767,train_oof,0.5483517567913296
RFEXGB_LR_SMOTE,RFEXGB,supervised,LR,SMOTE,566,23,73,1097,60,-0.01635737026344427,0.05069864718764404,-0.011615165010753457,0.09049510500393888,-0.390869436560573,-0.1564768356656503,-0.2780759131191764,-0.0024419943072511007,-0.005086536567436546,-0.08178683567164466,0.06768906125790866,low,-1.6899174549478804,0.0,0.0,0.010027347310847767,train_oof,0.5483517567913296
RFEXGB_LR_SMOTE,RFEXGB,supervised,LR,SMOTE,574,23,73,1097,60,-0.21969300444974435,-0.15533142801235345,0.017588143295720407,-0.04836766413598817,-0.2129523259459791,-0.2280505146696076,-0.2258477394150964,-0.22058555408487535,-0.22903039898980376,-0.16846635273353067,-0.1696339248999704,high,4.953217243311552,0.0,0.0,0.015496809480401094,train_oof,0.5483517567913296
RFEXGB_LR_SMOTE,RFEXGB,supervised,LR,SMOTE,582,23,73,1097,60,0.764796784479374,0.07237449152524826,-0.023651384156886203,0.060117615502759174,0.8888140520836286,-0.0119429441999272,-0.0119429441999272,0.09314537203314255,0.7961845880675769,0.701010010490821,0.09701854722589842,high,2.3312262554657015,0.08695652173913043,0.0136986301369863,0.010027347310847767,train_oof,0.5483517567913296
RFEXGB_LR_SMOTE,RFEXGB,supervised,LR,SMOTE,586,23,73,1097,60,0.1064087550416316,0.025187826651792818,-0.009334035167898764,0.0933937130084845,0.1071251793737314,-0.0823690564666746,-0.0823690564666746,0.012378061453528398,0.11565260710124754,0.0732086162486408,0.03432851654646315,high,2.7046792087547393,0.0,0.0136986301369863,0.010027347310847767,train_oof,0.5483517567913296
RFEXGB_LR_SMOTE,RFEXGB,supervised,LR,SMOTE,588,23,73,1097,60,0.4127213875213209,-0.10219473288930149,-0.001862793902674387,0.008071693878890503,0.2319697246994391,-0.3864698489225366,-0.2490388325620975,-0.1803233243818781,0.4123276864427585,0.5749688834587844,-0.10009277960755862,high,3.358525346899427,0.0,0.0,0.010938924339106655,train_oof,0.5483517567913296
RFEXGB_LR_SMOTE,RFEXGB,supervised,LR,SMOTE,589,23,73,1097,60,0.10962006564278756,-0.1292218417031081,0.012725235486993803,-0.11162686198439446,-0.0866576901576375,-0.3853181276024989,-0.2909325706962247,-0.27066824583670446,0.09515463309361781,0.26514319506936984,-0.13993335861143016,high,4.075687609638256,0.0,0.0136986301369863,0.016408386508659983,train_oof,0.5483517567913296
RFEXGB_LR_NoResample,RFEXGB,supervised,LR,NoResample,0,28,118,1052,55,-0.20291480526582412,-0.13878214790967128,0.02393857358237842,-0.07638384040470132,-0.4326861640297522,-0.17041991173858256,-0.0070540629831626,-0.3239758014388348,-0.2308631409877418,-0.06239665280940973,-0.16546686680514375,low,-2.1450085110115897,0.0,0.03389830508474576,0.010456273764258554,train_oof,0.1905491962006118
RFEXGB_LR_NoResample,RFEXGB,supervised,LR,NoResample,2,28,118,1052,55,0.05827645171651149,0.058884956326226576,-0.004675827589095169,-0.0567195947725052,-0.04537665631282049,-0.1095710732053563,0.0556079187661692,-0.1474863230141916,0.06275562248127098,-0.0006472770653839457,0.0638058252450371,low,-2.5553411916221265,0.0,0.0,0.013307984790874524,train_oof,0.1905491962006118
RFEXGB_LR_NoResample,RFEXGB,supervised,LR,NoResample,8,28,118,1052,55,-0.02194356859183647,0.18223254318134013,-0.02421252547912649,0.06139892636033886,-0.1397433135704657,0.13591292745139455,-0.0327317998568184,0.1054349646848503,0.0022492426237396552,-0.2203684683859776,0.20378786989976852,low,-2.3379765374284163,0.0,0.0,0.010456273764258554,train_oof,0.1905491962006118
RFEXGB_LR_NoResample,RFEXGB,supervised,LR,NoResample,9,28,118,1052,55,0.005897130495763978,-0.008485213787611122,0.0057368415720144735,-0.09906189589156368,-0.01912990933401575,-0.1050718196928829,-0.0257408255154671,-0.1513482329630422,0.00015953798757339596,0.015003314229284399,-0.01406823661157235,high,2.776494325478116,0.0,0.00847457627118644,0.010456273764258554,train_oof,0.1905491962006118
RFEXGB_LR_NoResample,RFEXGB,supervised,LR,NoResample,14,28,118,1052,55,-0.5217177757730073,-0.36303431577971057,0.06528118030605257,-0.18763964706417396,-0.6235448773769244,-0.4561487319602494,0.0227329823798497,-0.143415557286798,-0.5986053547948003,-0.15092724624838516,-0.43349677934504716,low,-2.0731463157050394,0.03571428571428571,0.05084745762711865,0.010456273764258554,train_oof,0.1905491962006118
RFEXGB_LR_NoResample,RFEXGB,supervised,LR,NoResample,15,28,118,1052,55,0.03514015785933816,0.1329135641596402,-0.013394647851944701,-0.04639306719634374,0.02070174874056405,-0.08656087256063055,-0.053697884292029346,-0.0576886182044268,0.05918555892403617,-0.05137364849245826,0.14230743454687067,high,0.9808155153471064,0.0,0.025423728813559324,0.010456273764258554,train_oof,0.1905491962006118
RFEXGB_LR_NoResample,RFEXGB,supervised,LR,NoResample,18,28,118,1052,55,0.26883052949578573,-0.13926101844165498,0.01331877429201952,-0.09331325835288641,0.2829348209400435,-0.2136420301019529,-0.1358473588533764,-0.1959886239340052,0.2541650086381368,0.44413841031504675,-0.15280333817542072,high,2.248267210885488,0.03571428571428571,0.0,0.010456273764258554,train_oof,0.1905491962006118
RFEXGB_LR_NoResample,RFEXGB,supervised,LR,NoResample,19,28,118,1052,55,0.1004136468339338,0.11665440117765935,-0.022466701960328413,0.12998477794603489,-0.0190203213357744,0.07871143256901,0.0661008836780716,0.0865930256258477,0.11548452596620899,-0.04373405404709616,0.13525149174929105,low,-1.878025403675156,0.0,0.0,0.011406844106463879,train_oof,0.1905491962006118
RFEXGB_LR_NoResample,RFEXGB,supervised,LR,NoResample,21,28,118,1052,55,0.8778910574048655,0.36275558468887487,-0.0732333657545848,0.17753470325156676,0.327744813016249,0.21257093973459912,0.13467080284033256,0.2273621049676877,1.0693108431585523,0.3088096334680499,0.4676583173467479,high,1.6507060745709814,0.10714285714285714,0.06779661016949153,0.010456273764258554,train_oof,0.1905491962006118
RFEXGB_LR_NoResample,RFEXGB,supervised,LR,NoResample,24,28,118,1052,55,0.03127803211658549,-0.0026430512375710856,0.006048389687368925,-0.12071705859740557,0.1260232305935013,0.10205369663053696,0.07859145439165649,0.1302929359378741,0.02461414632719331,0.041091836327789545,-0.008548332398720012,high,3.2229842495222782,0.0,0.0,0.010456273764258554,train_oof,0.1905491962006118
RFEXGB_LR_NoResample,RFEXGB,supervised,LR,NoResample,25,28,118,1052,55,-0.33090703546722394,-0.22149144350612315,0.0383763646019624,-0.1022773785247472,0.4359826712857007,0.4292376859456539,0.4438518208490884,0.4314860143923371,-0.4021296532049732,-0.0703244725223609,-0.2729080170705463,low,-3.128281173597168,0.10714285714285714,0.059322033898305086,0.010456273764258554,train_oof,0.1905491962006118
RFEXGB_LR_NoResample,RFEXGB,supervised,LR,NoResample,28,28,118,1052,55,-0.7081914183471143,-0.4394319550659172,0.08208773644355825,-0.2758483633608183,-0.5141811932147193,-0.4368006655274792,-0.020888559371411097,-0.2167121434612112,-0.8039713934092746,-0.2844601859911966,-0.5292183855821735,low,-2.2588866094198057,0.07142857142857142,0.05084745762711865,0.010456273764258554,train_oof,0.1905491962006118
RFEXGB_LR_NoResample,RFEXGB,supervised,LR,NoResample,30,28,118,1052,55,0.31380484220667254,0.24924224907595863,-0.04092360770679761,0.0886967694747709,0.3680443878396973,0.3590446110106018,0.0425524591874079,0.1085508226007755,0.3540517435137992,0.06705692225234267,0.29077044082766446,high,2.2023789011459516,0.03571428571428571,0.00847457627118644,0.010456273764258554,train_oof,0.1905491962006118
RFEXGB_LR_NoResample,RFEXGB,supervised,LR,NoResample,31,28,118,1052,55,-0.18215440067017835,-0.12150131664337599,0.02839369702895986,-0.1816040237917308,-0.43606609448512357,-0.46416485126093326,-0.453371951307311,-0.4732829908769242,-0.20744068546823596,-0.07009361929064908,-0.14847198889774754,high,1.9428807223096207,0.0,0.00847457627118644,0.010456273764258554,train_oof,0.1905491962006118
RFEXGB_LR_NoResample,RFEXGB,supervised,LR,NoResample,33,28,118,1052,55,0.32635672751925576,0.32028132299230305,-0.061388613974339784,0.3206222650982424,-0.11571296819320054,-0.0393598325241007,-0.1539064807982051,-0.0639636392243969,0.48431702765486073,0.0034583185908893814,0.4234177738907028,high,1.3364199702378898,0.03571428571428571,0.03389830508474576,0.013307984790874524,train_oof,0.1905491962006118
RFEXGB_LR_NoResample,RFEXGB,supervised,LR,NoResample,37,28,118,1052,55,0.14856179767804828,0.23080238476582224,-0.03512892978812475,0.11147384310184134,0.2392033535937822,0.16353455913483056,0.0052740805110839,0.1202262491147081,0.1887604197384848,-0.07015461756759095,0.264976686513025,high,2.86555451105964,0.0,0.025423728813559324,0.014258555133079848,train_oof,0.1905491962006118
RFEXGB_LR_NoResample,RFEXGB,supervised,LR,NoResample,39,28,118,1052,55,-0.028078142228849357,-0.04698700523555896,0.005783690063843982,0.0027780506805595816,-0.23093692247151837,-0.23077586561493585,-0.1439125342968708,-0.2056509959877056,-0.03345927667949389,0.020650410300122303,-0.052417140376257804,low,-1.4936763637151655,0.0,0.01694915254237288,0.011406844106463879,train_oof,0.1905491962006118
RFEXGB_LR_NoResample,RFEXGB,supervised,LR,NoResample,51,28,118,1052,55,0.1346367865646473,-0.06773689226964359,0.0061644689413328365,-0.02969054710757618,0.597743658814852,0.3513632300634447,0.40546912734437324,0.3669226754951561,0.12905530241275784,0.20056596635875737,-0.07410167845948126,high,1.4706325722393516,0.0,0.0,0.010456273764258554,train_oof,0.1905491962006118
RFEXGB_LR_NoResample,RFEXGB,supervised,LR,NoResample,55,28,118,1052,55,0.08266016087588353,-0.030278757528487167,0.0033704527420316288,-0.022621137544478254,-0.6613722665554285,-0.077148672947852,-0.0382004333740136,0.0786442853475016,0.08062459826207982,0.09697955445005664,-0.034227908120703206,low,-2.063508891213612,0.0,0.0,0.015209125475285171,train_oof,0.1905491962006118
RFEXGB_LR_NoResample,RFEXGB,supervised,LR,NoResample,56,28,118,1052,55,0.3270515107262707,0.2031196074233704,-0.039970127121751894,0.17775953444888487,0.6292656292611227,0.463569310741405,0.2618520534130405,0.3483023065537704,0.35517211255873793,0.16285577013526847,0.24004096588664106,high,1.183988086914101,0.03571428571428571,0.025423728813559324,0.012357414448669201,train_oof,0.1905491962006118
RFEXGB_LR_NoResample,RFEXGB,supervised,LR,NoResample,58,28,118,1052,55,0.3014672770314051,0.05192244606944273,-0.017678992091384856,0.09700476396785315,0.13752337152966884,-0.0246904821951782,-0.2895414651859396,0.1634775881256426,0.31347957153841743,0.28570830836182415,0.06910119746245469,high,2.2115012249717947,0.0,0.00847457627118644,0.011406844106463879,train_oof,0.1905491962006118
RFEXGB_LR_NoResample,RFEXGB,supervised,LR,NoResample,59,28,118,1052,55,0.5960634575227578,0.6438705191899897,-0.11956705273405044,0.5874156252953376,0.5406177948867613,0.00156541419667755,-0.2529254857826496,0.1860351084209573,0.9421062870094913,-0.0264741608226166,0.8042695630510824,high,2.4867029312730318,0.0,0.05084745762711865,0.010456273764258554,train_oof,0.1905491962006118
RFEXGB_LR_NoResample,RFEXGB,supervised,LR,NoResample,63,28,118,1052,55,0.541276523029555,0.3313345311181252,-0.05879179774602817,0.1293149902496012,0.15627155444515234,-0.09075034596312881,-0.11158086973683826,-0.0912299742687594,0.9088890003234087,0.09362170538586889,0.39676291022916904,high,2.0694313256964576,0.17857142857142858,0.03389830508474576,0.010456273764258554,train_oof,0.1905491962006118
RFEXGB_LR_NoResample,RFEXGB,supervised,LR,NoResample,64,28,118,1052,55,1.0655153144571592,0.22950471877205783,-0.05958384104087054,0.062362320619793736,0.8874244739432295,-0.1549684124367786,-0.1265689292859121,-0.3060840908170513,1.2233224406215084,0.6329333083491844,0.3068330435358313,high,2.9967960849738535,0.10714285714285714,0.03389830508474576,0.010456273764258554,train_oof,0.1905491962006118
RFEXGB_LR_NoResample,RFEXGB,supervised,LR,NoResample,67,28,118,1052,55,-0.05706330677517914,0.2788590689943496,-0.044690431161841786,0.2793375445778439,-0.0571758336554063,-0.0572677415143788,-0.057300607299391154,-0.0571945933291523,-0.03729232177798005,-0.14466490941119298,0.3695920642460572,high,-0.05568156020081664,0.03571428571428571,0.03389830508474576,0.010456273764258554,train_oof,0.1905491962006118
RFEXGB_LR_NoResample,RFEXGB,supervised,LR,NoResample,68,28,118,1052,55,0.05846607401486671,-0.19721538206430766,0.03539924904924073,-0.29386615895029583,0.05902172241873735,-0.08643082330334159,0.0747998218870385,-0.0795778263222451,0.026824099014834783,0.20250043230647974,-0.2531304126621636,low,-1.9872577089180257,0.0,0.03389830508474576,0.010456273764258554,train_oof,0.1905491962006118
RFEXGB_LR_NoResample,RFEXGB,supervised,LR,NoResample,71,28,118,1052,55,-0.27088048678411386,-0.07016861095035082,0.014422153653711233,0.024682694216571918,-0.27088651600886465,-0.0772598970413454,-0.041250636614984904,-0.1142645483463642,-0.2915182279246988,-0.18254685211119762,-0.08582736223002053,low,-1.764738058652053,0.07142857142857142,0.025423728813559324,0.010456273764258554,train_oof,0.1905491962006118
RFEXGB_LR_NoResample,RFEXGB,supervised,LR,NoResample,75,28,118,1052,55,0.5228505326921269,0.09518885368120812,-0.020782492315288857,-0.07940014045668765,0.03653887102701545,0.2061422263408265,0.0167151022241025,0.034336230048914,0.5644478494997105,0.28286416951002213,0.12280502626392253,high,1.9614268217898654,0.07142857142857142,0.03389830508474576,0.010456273764258554,train_oof,0.1905491962006118
RFEXGB_LR_NoResample,RFEXGB,supervised,LR,NoResample,77,28,118,1052,55,-0.16170998221799185,-0.10999735710996188,0.015191979474535506,-0.022161517846623797,0.026111461369768302,-0.1126189924142775,-0.09826756616075555,-0.0711593165707695,-0.1788951409240029,-0.05190743263322772,-0.12661571094383148,high,2.5709382567026298,0.0,0.00847457627118644,0.010456273764258554,train_oof,0.1905491962006118
RFEXGB_LR_NoResample,RFEXGB,supervised,LR,NoResample,79,28,118,1052,55,0.5055779371215328,0.33418639688377133,-0.06735310974913479,0.23391658864370588,0.6438040063094412,0.2096877577661641,-0.1769132794937651,0.1816105874623723,0.5994064773617214,0.1451954162622365,0.41111265842323624,high,2.976023358682427,0.0,0.025423728813559324,0.010456273764258554,train_oof,0.1905491962006118
RFEXGB_LR_NoResample,RFEXGB,supervised,LR,NoResample,81,28,118,1052,55,0.022776297549727625,-0.05534378353840309,0.005545918509436728,-0.020265245313603554,0.031875542107855696,0.049650810546989554,0.0970515263846801,0.0615009895064123,0.017618752506821423,0.07252198583643514,-0.06189506277663915,low,-2.8827944747517296,0.0,0.025423728813559324,0.010456273764258554,train_oof,0.1905491962006118
RFEXGB_LR_NoResample,RFEXGB,supervised,LR,NoResample,84,28,118,1052,55,-0.020688021225353927,-0.15937967546879805,0.017810531391043993,-0.0033283333275463613,0.0863440559767919,-0.10220251710778219,0.016879529050896,-0.0823555094146687,-0.03837517238768056,0.13817330641452868,-0.17627359311962934,high,2.3985204522244508,0.0,0.00847457627118644,0.015209125475285171,train_oof,0.1905491962006118
RFEXGB_LR_NoResample,RFEXGB,supervised,LR,NoResample,88,28,118,1052,55,0.09114579869593367,0.05032120159591056,-0.013402431561157075,0.10198861546414625,0.22746443744971784,0.1185502491525989,0.0229645459776822,-0.0533215634071802,0.10482689772743037,0.043480966283067544,0.06368781805500746,high,2.217716608935447,0.0,0.00847457627118644,0.010456273764258554,train_oof,0.1905491962006118
RFEXGB_LR_NoResample,RFEXGB,supervised,LR,NoResample,90,28,118,1052,55,-0.1313898111175453,-0.08932123656349233,0.022571643814338127,-0.16686894395105228,-0.14715956126427526,-0.0573124527850644,0.01907793984321125,-0.1014474282129906,-0.15693180327650927,-0.041080192123063256,-0.11236785259407306,low,-2.2284483716389842,0.0,0.025423728813559324,0.010456273764258554,train_oof,0.1905491962006118
RFEXGB_LR_NoResample,RFEXGB,supervised,LR,NoResample,91,28,118,1052,55,-0.048951863154967974,0.02922057508077394,-0.009151992301598055,0.14063979202548157,0.0637290426827151,0.0710690301066443,-0.0209631199010839,0.1055105095573893,-0.03938382480520909,-0.08247663446656345,0.037917004163295555,high,2.54516423723465,0.0,0.0,0.010456273764258554,train_oof,0.1905491962006118
RFEXGB_LR_NoResample,RFEXGB,supervised,LR,NoResample,92,28,118,1052,55,-0.13768149233519494,0.05147466606553454,-0.0003686664126853852,-0.03684914159533924,-0.2215928708738644,0.0987960290010553,-0.0476827024298581,-0.160566413754832,-0.13443742390069277,-0.20527215170776328,0.05132356378802687,low,-2.2348556912307416,0.03571428571428571,0.01694915254237288,0.010456273764258554,train_oof,0.1905491962006118
RFEXGB_LR_NoResample,RFEXGB,supervised,LR,NoResample,98,28,118,1052,55,-0.1944600801372714,-0.14197772787496993,0.025711342788480536,-0.09711999532624435,-0.3271042767719107,-0.03057040110046785,0.0526956617591707,0.0526956617591707,-0.21680099724718563,-0.06007741267136188,-0.16572630079173098,low,-2.443746149775425,0.0,0.01694915254237288,0.010456273764258554,train_oof,0.1905491962006118
RFEXGB_LR_NoResample,RFEXGB,supervised,LR,NoResample,100,28,118,1052,55,0.5463937319659051,0.2396320879010554,-0.05447251134435708,0.256100409241421,0.3271334819680114,0.048074981970692,0.048074981970692,0.048074981970692,0.6258827737909574,0.2943696406288044,0.30199504802409205,high,2.2805429819492478,0.03571428571428571,0.025423728813559324,0.012357414448669201,train_oof,0.1905491962006118
RFEXGB_LR_NoResample,RFEXGB,supervised,LR,NoResample,102,28,118,1052,55,-0.3373676921795844,-0.20018149334962773,0.03747135989065854,-0.12494771445342749,-0.4465940926555398,-0.1850467202671554,-0.0310065500261438,-0.2749034862410789,-0.3771956164449498,-0.14753168247933066,-0.24340619677234573,low,-2.071060008804475,0.03571428571428571,0.01694915254237288,0.010456273764258554,train_oof,0.1905491962006118
RFEXGB_LR_NoResample,RFEXGB,supervised,LR,NoResample,103,28,118,1052,55,1.0310857918675758,0.5627487954183351,-0.12007083109014591,0.5364148348640433,1.0882946589286633,0.3200613012512033,-0.2029911975930242,0.3854428636067319,1.2820755491007447,0.3892733975941115,0.7207324664164318,high,2.166763529983106,0.03571428571428571,0.059322033898305086,0.010456273764258554,train_oof,0.1905491962006118
RFEXGB_LR_NoResample,RFEXGB,supervised,LR,NoResample,107,28,118,1052,55,-0.4362975959237637,-0.1725851898343424,0.03492263547462309,-0.07403351516167932,-0.3670002273897113,0.00301548924792635,0.0069638276876572,0.0069638276876572,-0.4852706799664111,-0.23549968101835422,-0.2096057903581865,low,-2.573162533006772,0.03571428571428571,0.05084745762711865,0.010456273764258554,train_oof,0.1905491962006118
RFEXGB_LR_NoResample,RFEXGB,supervised,LR,NoResample,116,28,118,1052,55,-0.012359594837760233,-0.029621255827431494,0.00460688016016941,-0.018273837916832437,0.3489031991119024,0.3540431169120043,0.3540431169120043,0.3437632813118004,-0.01709560339839301,0.015856015434620715,-0.03392911956910642,low,-2.8683769486807056,0.0,0.00847457627118644,0.010456273764258554,train_oof,0.1905491962006118
RFEXGB_LR_NoResample,RFEXGB,supervised,LR,NoResample,122,28,118,1052,55,-0.3720704530141696,-0.30452606534909565,0.06401216649175483,-0.37871890006595316,-0.604636612651815,-0.3869470906500583,-0.0185920470593,-0.398579355184503,-0.42686221564351284,-0.08861695627938093,-0.3672597463638511,low,-1.7772575045012766,0.0,0.0,0.010456273764258554,train_oof,0.1905491962006118
RFEXGB_LR_NoResample,RFEXGB,supervised,LR,NoResample,124,28,118,1052,55,0.3519994669375733,0.1949915995332094,-0.04899365848138431,0.3149422156727761,0.2991009479565267,0.0377200306384171,-0.2236608866797079,0.0377200306384171,0.40343992175093274,0.1574081874884363,0.24597030108829757,high,2.1287673691833247,0.10714285714285714,0.059322033898305086,0.012357414448669201,train_oof,0.1905491962006118
RFEXGB_LR_NoResample,RFEXGB,supervised,LR,NoResample,125,28,118,1052,55,-0.3876026300469283,-0.344248868721178,0.06919365489725122,-0.37293983259952057,-0.5990185222116753,-0.4364105491267392,-0.0826041901067694,-0.4864437716144117,-0.453535235250007,-0.048595913178558325,-0.4132080669002908,low,-1.5678761376693908,0.07142857142857142,0.06779661016949153,0.013307984790874524,train_oof,0.1905491962006118
RFEXGB_LR_NoResample,RFEXGB,supervised,LR,NoResample,126,28,118,1052,55,-0.13253772309774894,0.0780207848354556,-0.020222602863570117,0.25415745437871984,-0.3538166594771109,0.0378274757075997,-0.0953315302551998,0.1396549508556259,-0.11092972940400649,-0.2503161039580833,0.09760033642450952,low,-1.446503796642459,0.0,0.00847457627118644,0.017110266159695818,train_oof,0.1905491962006118
RFEXGB_LR_NoResample,RFEXGB,supervised,LR,NoResample,129,28,118,1052,55,0.5285069335962694,0.4095159657552656,-0.07990840409127017,0.37278055547176747,0.460546058970014,0.460546058970014,0.2674717478562538,0.460546058970014,0.6003066679136223,0.15833247210328288,0.49010971807939485,high,1.811658045833748,0.03571428571428571,0.00847457627118644,0.013307984790874524,train_oof,0.1905491962006118
RFEXGB_LR_NoResample,RFEXGB,supervised,LR,NoResample,130,28,118,1052,55,0.27812649083260965,0.23753344312458,-0.0546573857053565,0.36528354472888475,0.3537320756167095,0.23239730648738782,0.13035389114139595,0.375682084102417,0.32615498101099677,0.051894387461940215,0.29050588994447524,high,1.601224224554364,0.0,0.01694915254237288,0.011406844106463879,train_oof,0.1905491962006118
RFEXGB_LR_NoResample,RFEXGB,supervised,LR,NoResample,131,28,118,1052,55,-0.1020874630198825,0.13144466498057192,-0.02205314465089759,0.19952225923288858,0.01772467221513855,0.039508696803321,-0.0476274015494089,0.039508696803321,-0.08401309917051429,-0.1947697072667151,0.15339160367803906,high,1.8257987130344795,0.0,0.06779661016949153,0.02376425855513308,train_oof,0.1905491962006118
RFEXGB_LR_NoResample,RFEXGB,supervised,LR,NoResample,132,28,118,1052,55,0.13169912584662685,0.05295264556843708,-0.009588656991085565,-0.004531941781964416,0.2112030229582929,-0.008233068901931,-0.1800468599754635,0.0963492387080517,0.14275166180507234,0.07725725744066174,0.06328111278267134,high,2.025874138700065,0.0,0.00847457627118644,0.010456273764258554,train_oof,0.1905491962006118
RFEXGB_LR_NoResample,RFEXGB,supervised,LR,NoResample,139,28,118,1052,55,-0.2235753911700832,0.006470319679382542,0.005795975604700139,0.007132955579454871,-0.44696344270105903,-0.3090822601023607,-0.3086175797159625,-0.2601738136778708,-0.22789938043366822,-0.2540079240314024,0.0006755209813185168,low,-1.1058202047538876,0.0,0.0,0.010456273764258554,train_oof,0.1905491962006118
RFEXGB_LR_NoResample,RFEXGB,supervised,LR,NoResample,144,28,118,1052,55,-0.3514129979914485,-0.10432487023634256,0.028207272149785946,-0.12408759358776786,-0.29777244860452734,-0.3156720035462085,-0.1716619478790461,-0.417374020260306,-0.37885701316816656,-0.28074573183708185,-0.13184038281853797,low,-1.1656405061132773,0.0,0.00847457627118644,0.010456273764258554,train_oof,0.1905491962006118
RFEXGB_LR_NoResample,RFEXGB,supervised,LR,NoResample,154,28,118,1052,55,0.056218752309132966,0.04799537389635585,-0.010964488880624255,0.09001518986723381,-0.2393326540659816,0.1318068387020746,-0.0660434859974158,0.1182992336699541,0.06760242503601568,0.006956788331017032,0.06019603564511102,low,-1.9800979280360111,0.0,0.03389830508474576,0.010456273764258554,train_oof,0.1905491962006118
RFEXGB_LR_NoResample,RFEXGB,supervised,LR,NoResample,156,28,118,1052,55,-0.09744153765769929,0.31276736696858604,-0.03689647207225067,0.08430731585691409,-0.18666979652046795,-0.13677079776250084,-0.1207113498863735,-0.0840040404552254,-0.10825955734278385,-0.16485340604839532,0.34152825844352513,low,-0.4883465248735196,0.07142857142857142,0.0,0.010456273764258554,train_oof,0.1905491962006118
RFEXGB_LR_NoResample,RFEXGB,supervised,LR,NoResample,162,28,118,1052,55,-0.1055208423504387,-0.06890463016935135,0.00992577250905153,0.0006316825028708673,-0.4791470496063118,-0.5212447517949461,-0.4589611638866281,-0.4863509344728161,-0.11406352056847921,-0.03771146208895752,-0.07806692562342195,low,-0.7331575308085988,0.03571428571428571,0.025423728813559324,0.010456273764258554,train_oof,0.1905491962006118
RFEXGB_LR_NoResample,RFEXGB,supervised,LR,NoResample,165,28,118,1052,55,0.6453263994087,0.36359786619974854,-0.07018749392478754,0.2444378444928673,-0.14686554743975688,-0.13384577335851425,-0.1598853215209997,-0.1624892763372483,0.9167409482307244,0.14435128665698768,0.4915538668786947,high,0.6873634570417938,0.10714285714285714,0.06779661016949153,0.010456273764258554,train_oof,0.1905491962006118
RFEXGB_LR_NoResample,RFEXGB,supervised,LR,NoResample,173,28,118,1052,55,-0.07703558739502521,0.03529396231867733,-0.0024233543207354815,0.0071425211154866105,-0.023727781850030848,0.0593115289569364,0.0582670093241444,-0.0702089055092771,-0.0745963831088638,-0.11500431640780158,0.03739540326057801,low,-2.733733969128998,0.0,0.0,0.012357414448669201,train_oof,0.1905491962006118
RFEXGB_LR_NoResample,RFEXGB,supervised,LR,NoResample,182,28,118,1052,55,-0.25233900853073105,-0.07092968826339978,0.016167014314460933,-0.016014614948754294,-0.4960305711758288,-0.19653178044406738,-0.12787197861623276,-0.088806918955568,-0.26238785986998664,-0.21896451733001782,-0.0857111211811669,low,-1.5080997259118445,0.0,0.00847457627118644,0.010456273764258554,train_oof,0.1905491962006118
RFEXGB_LR_NoResample,RFEXGB,supervised,LR,NoResample,183,28,118,1052,55,0.10148975853051352,0.14407373415836366,-0.02741028905497593,0.16090373768123933,0.133162617780694,0.3737089696970738,-0.0038954130771032,0.4736867328681565,0.12717408715839737,-0.04722382955635544,0.17102313596911137,high,1.920509045100356,0.03571428571428571,0.00847457627118644,0.010456273764258554,train_oof,0.1905491962006118
RFEXGB_LR_NoResample,RFEXGB,supervised,LR,NoResample,200,28,118,1052,55,0.09144270136338231,0.27282374575169815,-0.049331685384694526,0.31369186857051307,0.0383198842769796,0.0446855285498153,-0.07413983120978451,0.0155096589659849,0.19639139965972924,-0.10114661513431944,0.3474755860567982,high,1.0994303469302058,0.0,0.03389830508474576,0.010456273764258554,train_oof,0.1905491962006118
RFEXGB_LR_NoResample,RFEXGB,supervised,LR,NoResample,217,28,118,1052,55,0.11996505880047673,0.25191241216158844,-0.03436988692461777,0.04119480963870784,-0.0470451750685894,-0.0573909417684431,-0.2198194789561454,-0.2487876257157356,0.17176086945929414,-0.08584807244136446,0.28523008542040895,high,2.519429170164108,0.0,0.01694915254237288,0.010456273764258554,train_oof,0.1905491962006118
RFEXGB_LR_NoResample,RFEXGB,supervised,LR,NoResample,227,28,118,1052,55,0.0903412393212023,0.139981505914711,-0.02717495503928793,0.1686082359961751,-0.1706070360093398,-0.1481667666320204,-0.26036811351861755,-0.1571428743829484,0.12148891088097011,-0.045750168553785685,0.16897732969530485,high,4.05399807696481,0.0,0.01694915254237288,0.010456273764258554,train_oof,0.1905491962006118
RFEXGB_LR_NoResample,RFEXGB,supervised,LR,NoResample,252,28,118,1052,55,-0.024289507581140513,-0.026820836378679862,0.005186019073663978,-0.029285948373423788,-0.0258298512631641,-0.030440158586057,-0.030467960831332998,-0.0321242795936507,-0.027342413071644967,0.1270306890092397,-0.030904512634464247,high,0.005462243048861626,0.0,0.00847457627118644,0.010456273764258554,train_oof,0.1905491962006118
RFEXGB_LR_NoResample,RFEXGB,supervised,LR,NoResample,269,28,118,1052,55,-0.014833158721141207,-0.01593355085819947,-0.001598533624294106,0.09774741162462243,0.02321266384368815,-0.1058182083326645,-0.0434648176898023,-0.0781440266326426,-0.01351111789858071,0.0010026813528209054,-0.014358970363813665,high,2.890863260690657,0.0,0.01694915254237288,0.011406844106463879,train_oof,0.1905491962006118
RFEXGB_LR_NoResample,RFEXGB,supervised,LR,NoResample,271,28,118,1052,55,0.3682287905554859,0.09386339155662617,-0.021689604802244376,0.026161781098463927,0.34211401605819747,0.25876950977830027,-0.06317176123191905,-0.0460446064722422,0.3898178480954503,0.27714267655810604,0.11607023468435557,high,2.198480383203575,0.0,0.0,0.010456273764258554,train_oof,0.1905491962006118
RFEXGB_LR_NoResample,RFEXGB,supervised,LR,NoResample,275,28,118,1052,55,-0.04915498126661726,0.0013805912888439401,0.022426875057121324,-0.049239764143673,-0.0492014537332643,-0.0492391128332955,-0.0493263717236117,-0.0493275964097916,-0.06414596821559083,-0.1022068198752063,-0.01937905664197202,high,-0.0404014711877658,0.0,0.00847457627118644,0.011406844106463879,train_oof,0.1905491962006118
RFEXGB_LR_NoResample,RFEXGB,supervised,LR,NoResample,280,28,118,1052,55,-0.22308962321617468,-0.21681374425763317,0.039070068927578805,-0.17504682465204255,-0.46564617352459425,-0.30879667217042,-0.1519471708162455,-0.2146869713579154,-0.2516199686728215,-0.009944823030150056,-0.252035208890861,low,-1.3910582315142226,0.0,0.00847457627118644,0.011406844106463879,train_oof,0.1905491962006118
RFEXGB_LR_NoResample,RFEXGB,supervised,LR,NoResample,281,28,118,1052,55,-0.2091128086025836,-0.22049201053411494,0.04055776540737953,-0.19680934098041075,-0.2529847019900928,-0.3460462940242044,-0.1599231099559809,-0.3460462940242044,-0.24136600354695148,0.0159876728217513,-0.2590601711122911,low,-1.276662214365321,0.07142857142857142,0.01694915254237288,0.011406844106463879,train_oof,0.1905491962006118
RFEXGB_LR_NoResample,RFEXGB,supervised,LR,NoResample,295,28,118,1052,55,0.4846968757332785,0.3595328961710776,-0.06670791512186793,0.2645121241805378,-0.040767976312862504,-0.1063613024197256,-0.2030900290252187,-0.1311458576522632,0.6385769711390021,0.07877970327351777,0.4502627105383829,high,5.413357279049176,0.0,0.0423728813559322,0.010456273764258554,train_oof,0.1905491962006118
RFEXGB_LR_NoResample,RFEXGB,supervised,LR,NoResample,296,28,118,1052,55,-0.089716661914743,-0.0499083645612714,0.013792660099965838,-0.0957965792920035,-0.11803009564026094,-0.30678862381527916,-0.36701314869216217,-0.2932505198486898,-0.10168797258304817,-0.04658445223417601,-0.06277073736640855,high,3.5406725657745715,0.0,0.00847457627118644,0.010456273764258554,train_oof,0.1905491962006118
RFEXGB_LR_NoResample,RFEXGB,supervised,LR,NoResample,310,28,118,1052,55,0.22867086359462388,0.12940308269154824,-0.02683134442122111,0.11628870005463002,0.22085976621564918,0.0853046804513651,-0.1037889685979735,0.0306269987985442,0.2535271801841157,0.10314697102495127,0.15508635942525167,high,2.520739750737417,0.0,0.01694915254237288,0.013307984790874524,train_oof,0.1905491962006118
RFEXGB_LR_NoResample,RFEXGB,supervised,LR,NoResample,316,28,118,1052,55,-0.501149500461042,-0.15193151460995372,0.04012167779843319,-0.18273249451269344,-0.5852153441409956,-0.26654583512136076,-0.096779475417665,-0.2800600659635494,-0.5516730778142789,-0.3267871181540811,-0.19134187044074455,low,-1.9106891322624286,0.0,0.01694915254237288,0.010456273764258554,train_oof,0.1905491962006118
RFEXGB_LR_NoResample,RFEXGB,supervised,LR,NoResample,333,28,118,1052,55,0.22953970627897677,0.3307381624690998,-0.053718862380380324,0.19360769434912273,-0.03940553309538225,-0.081107137460091,-0.07976833833712996,-0.0294639554496315,0.6618571525727593,-0.039026985594802596,0.40170273905474674,high,0.7200313181547743,0.07142857142857142,0.03389830508474576,0.010456273764258554,train_oof,0.1905491962006118
RFEXGB_LR_NoResample,RFEXGB,supervised,LR,NoResample,334,28,118,1052,55,0.04826384551319474,0.3210961944748911,-0.0501269206708065,0.2249534883877789,-0.2484668524441222,-0.1968846343404309,-0.22294163111446058,-0.1115346755193746,0.16553753750336853,-0.12863625947318277,0.4035278628821138,low,-0.673265030668573,0.03571428571428571,0.0,0.010456273764258554,train_oof,0.1905491962006118
RFEXGB_LR_NoResample,RFEXGB,supervised,LR,NoResample,337,28,118,1052,55,-0.06356024618782749,0.19141160026664653,-0.03986242829442669,0.3731065322944052,-0.16749185710291015,-0.14209925350638952,-0.16520079512427677,-0.1035057689853617,-0.02961504394302337,-0.2476338079967028,0.27407140094411686,low,-0.8286219758043231,0.0,0.00847457627118644,0.010456273764258554,train_oof,0.1905491962006118
RFEXGB_LR_NoResample,RFEXGB,supervised,LR,NoResample,338,28,118,1052,55,-0.05504659673994593,0.1604179525536513,-0.020792478241920646,0.07308048655950189,-0.0761183414439362,-0.06498624909424765,-0.09613860188126036,-0.0509259151543622,-0.03525956139208104,-0.18869239419890466,0.17847975845993314,high,0.5439258343742843,0.0,0.03389830508474576,0.010456273764258554,train_oof,0.1905491962006118
RFEXGB_LR_NoResample,RFEXGB,supervised,LR,NoResample,344,28,118,1052,55,-0.4297529401258743,-0.07373584606111212,0.018694270473111764,0.016963025928874473,-0.3937826982187579,-0.1049204087067373,0.02991433943734155,0.1067406481938169,-0.45307981138647474,-0.32559558543020933,-0.09241699387404885,low,-2.0753985608283902,0.03571428571428571,0.025423728813559324,0.010456273764258554,train_oof,0.1905491962006118
RFEXGB_LR_NoResample,RFEXGB,supervised,LR,NoResample,348,28,118,1052,55,1.2044223240121963,0.27321591972624615,-0.075588223564592,0.17712472959942951,0.5544881692553479,-0.0218138377279768,-0.1922693609202277,-0.1111000641620129,1.379811554312777,0.4976702451720302,0.41234113057564403,high,3.005638592759917,0.07142857142857142,0.03389830508474576,0.010456273764258554,train_oof,0.1905491962006118
RFEXGB_LR_NoResample,RFEXGB,supervised,LR,NoResample,349,28,118,1052,55,0.05279377402982745,-0.08848210208971424,0.004244216922252663,0.025454041730134356,0.02216188745592965,-0.20179123882879274,-0.1303168368230303,-0.1398467570904653,0.04778996321353693,0.17347471789809749,-0.0925315253983653,high,4.119551106439611,0.0,0.0,0.010456273764258554,train_oof,0.1905491962006118
RFEXGB_LR_NoResample,RFEXGB,supervised,LR,NoResample,353,28,118,1052,55,0.13916996212734845,-0.08029542943685462,0.013896995183220831,-0.13042382404575997,0.2258707676838717,0.050648667215307995,0.11755165103057769,-0.0767855876709204,0.12440509313723751,0.25021492809181345,-0.09440746547530791,high,2.0313592909119533,0.03571428571428571,0.00847457627118644,0.010456273764258554,train_oof,0.1905491962006118
RFEXGB_LR_NoResample,RFEXGB,supervised,LR,NoResample,354,28,118,1052,55,-0.1523092794528115,0.029964005204734648,0.0023781171345087274,-0.01242786000669012,0.007853349834015002,0.166665535366315,0.18252029308230736,0.1401968377775984,-0.15637724349776724,-0.18999843355639726,0.02803324439601827,low,-2.3892275286504203,0.0,0.01694915254237288,0.010456273764258554,train_oof,0.1905491962006118
RFEXGB_LR_NoResample,RFEXGB,supervised,LR,NoResample,377,28,118,1052,55,-0.5239802113029749,-0.2593296008037966,0.05132823410098875,-0.17742512386841514,-0.3714959728317686,-0.3714959728317686,0.0554598948876092,-0.1580180389720797,-0.5640439078329602,-0.33940784205689367,-0.30830253277310776,low,-1.8658415098495904,0.03571428571428571,0.01694915254237288,0.011406844106463879,train_oof,0.1905491962006118
RFEXGB_LR_NoResample,RFEXGB,supervised,LR,NoResample,405,28,118,1052,55,-0.040498501643162724,-0.01560126583188041,0.00162118520013052,0.009372403931328292,-0.03983532470733165,-0.0862577102155016,-0.0723309945630507,-0.0537620403597826,-0.04275551971603339,-0.023727327778483492,-0.01740637877815042,high,2.0445297846094923,0.0,0.0,0.016159695817490494,train_oof,0.1905491962006118
RFEXGB_LR_NoResample,RFEXGB,supervised,LR,NoResample,406,28,118,1052,55,0.16335456980148869,0.014304329608714157,-0.005831467143976716,-0.016762908377227975,-0.30698225437323723,-0.1583872315618369,-0.2990950450945005,-0.26176225450848,0.171334212133954,0.13828095135512308,0.020288529092078338,low,-1.4697321733763395,0.0,0.025423728813559324,0.012357414448669201,train_oof,0.1905491962006118
RFEXGB_LR_NoResample,RFEXGB,supervised,LR,NoResample,412,28,118,1052,55,-0.16390875849689865,0.10321765745831914,-0.011909276700846641,0.10717576784561521,-0.4663522511809184,-0.2072076823564143,-0.24218793522545445,-0.078008155928584,-0.1533336385090693,-0.26210181311822356,0.11547553276502086,low,-1.2219300038915757,0.0,0.0,0.014258555133079848,train_oof,0.1905491962006118
RFEXGB_LR_NoResample,RFEXGB,supervised,LR,NoResample,416,28,118,1052,55,-0.2119532789806239,-0.2227342898607407,0.03918031772919703,-0.20751603850179845,-0.4022962447724579,-0.4706168668108157,-0.1307973261573743,-0.4534252382050796,-0.24546531177300604,0.012542478230705138,-0.25903521534590357,low,-2.1350020698914114,0.0,0.00847457627118644,0.010456273764258554,train_oof,0.1905491962006118
RFEXGB_LR_NoResample,RFEXGB,supervised,LR,NoResample,419,28,118,1052,55,-0.015269750863867301,0.17521715417643086,-0.02619060621717676,0.13594443577814255,0.10989202624923436,0.18989351411927174,-0.1699964764900673,0.123432226206676,0.010979304290773276,-0.18932916075629933,0.2008014927534596,high,2.0456552197641886,0.0,0.00847457627118644,0.010456273764258554,train_oof,0.1905491962006118
RFEXGB_LR_NoResample,RFEXGB,supervised,LR,NoResample,423,28,118,1052,55,0.11051264322498401,0.36602794626216606,-0.05750260606643034,0.25072111091619836,-0.3769272206935673,0.174149568761501,-0.271394317280539,0.0198201273303816,0.18129597598760522,-0.18307944289797917,0.4290079528644825,low,-1.3557762870271646,0.0,0.03389830508474576,0.010456273764258554,train_oof,0.1905491962006118
RFEXGB_LR_NoResample,RFEXGB,supervised,LR,NoResample,428,28,118,1052,55,-0.056822756794533795,-0.053030476875486135,0.012685572641719305,-0.0925744743934356,-0.0386231106021214,-0.12145764211936891,-0.1582584206644275,-0.1212391101802652,-0.064979232607834,-0.013005224179411893,-0.06365065884776008,high,4.684198903615652,0.0,0.0,0.010456273764258554,train_oof,0.1905491962006118
RFEXGB_LR_NoResample,RFEXGB,supervised,LR,NoResample,433,28,118,1052,55,0.1914399448082804,0.05848003699790146,-0.016852359015396633,0.09357097932101473,-0.1453388747309738,-0.11948236225786465,-0.24736215758504546,-0.279185175156097,0.21002609821160823,0.12369097000371257,0.07589095393495586,high,3.162317823570567,0.03571428571428571,0.025423728813559324,0.010456273764258554,train_oof,0.1905491962006118
RFEXGB_LR_NoResample,RFEXGB,supervised,LR,NoResample,460,28,118,1052,55,0.3513028611654424,0.19235378821931437,-0.036054855568859276,0.09304944638957038,0.033344592671147706,-0.06207529941715689,-0.24974023798005657,-0.1623410084948081,0.3965110735532913,0.13682832863755054,0.22927077999450515,high,2.994897839758783,0.03571428571428571,0.01694915254237288,0.010456273764258554,train_oof,0.1905491962006118
RFEXGB_LR_NoResample,RFEXGB,supervised,LR,NoResample,471,28,118,1052,55,0.2275073171466806,0.19101651402674089,-0.04129487223178793,0.2372157572129971,-0.21002974749840764,-0.18784510218091416,-0.22294089317653132,-0.2005246374370946,0.3209357946587076,0.02243284877156458,0.25857063962752064,high,1.8835443592889103,0.03571428571428571,0.0423728813559322,0.010456273764258554,train_oof,0.1905491962006118
RFEXGB_LR_NoResample,RFEXGB,supervised,LR,NoResample,477,28,118,1052,55,0.12011215820808245,0.3294204693750368,-0.05425159017742911,0.2649444122383168,0.04969259153768535,-0.1197407069122387,-0.10725805170141725,-0.0579670015314773,0.4131966002853332,-0.08768732956590396,0.4128397746283896,high,0.7687572240984035,0.0,0.03389830508474576,0.010456273764258554,train_oof,0.1905491962006118
RFEXGB_LR_NoResample,RFEXGB,supervised,LR,NoResample,480,28,118,1052,55,-0.2365396368886044,0.037770822040281676,0.0010099403291942662,0.02216811241318145,-0.4183803291987279,-0.29186201567372827,-0.11552808575093415,-0.1419511662720021,-0.2428331102953549,-0.23800506525179183,0.03664962690389331,low,-1.7029075915822833,0.0,0.00847457627118644,0.010456273764258554,train_oof,0.1905491962006118
RFEXGB_LR_NoResample,RFEXGB,supervised,LR,NoResample,484,28,118,1052,55,-0.472835946426899,-0.07259773183610864,0.021368169812748944,-0.030937058862345254,-0.6571227823889794,-0.4947434497089669,-0.31241733260133264,-0.2629980298767161,-0.49831526983199315,-0.41353058036580087,-0.09375049268228677,low,-1.0153846670981137,0.35714285714285715,0.2033898305084746,0.12832699619771862,train_oof,0.1905491962006118
RFEXGB_LR_NoResample,RFEXGB,supervised,LR,NoResample,486,28,118,1052,55,0.14315474378555662,0.22482130406929837,-0.04022035075729114,0.17666094427417922,0.0221483045739001,0.0283565578502865,-0.21120768601123605,0.0121056388915459,0.18491540716567012,-0.08523097003820465,0.266170330424024,high,2.273810160523514,0.0,0.01694915254237288,0.010456273764258554,train_oof,0.1905491962006118
RFEXGB_LR_NoResample,RFEXGB,supervised,LR,NoResample,488,28,118,1052,55,-0.4057188412264418,-0.08105220157377548,0.02064467492170457,-0.08050984185245272,-0.4361090534584457,-0.07164280681475635,0.0044931421181695005,-0.1255957479569002,-0.4308515750221955,-0.33961568222435506,-0.10276222336741148,low,-1.395282106447686,0.2857142857142857,0.17796610169491525,0.1359315589353612,train_oof,0.1905491962006118
RFEXGB_LR_NoResample,RFEXGB,supervised,LR,NoResample,489,28,118,1052,55,0.2905243274108002,0.10889309777986812,-0.018806114277350953,-0.02044635136083831,-0.11786754856248124,0.0212133081491215,-0.2380400961897311,-0.3854596119120951,0.3120717741825994,0.18783096603737165,0.12922454643921932,high,2.910487158978719,0.0,0.00847457627118644,0.010456273764258554,train_oof,0.1905491962006118
RFEXGB_LR_NoResample,RFEXGB,supervised,LR,NoResample,510,28,118,1052,55,0.7421340899646968,0.4196931259481384,-0.09346979982787235,0.49278951542811417,0.2560857950975488,0.1192616081409337,-0.27121816671496285,-0.018100607751351,0.9372777912939203,0.2565466396434061,0.5542931105027803,high,3.2673544678957165,0.03571428571428571,0.0423728813559322,0.010456273764258554,train_oof,0.1905491962006118
RFEXGB_LR_NoResample,RFEXGB,supervised,LR,NoResample,511,28,118,1052,55,0.4901973868191594,0.2319980188153831,-0.04584316994911107,0.11325482971326319,0.8481029208883836,0.20502315539911187,-0.8374816063277984,-0.0941625543280991,0.5448432075667133,0.2430343603388963,0.28071621490663623,high,2.1115778329584844,0.0,0.01694915254237288,0.011406844106463879,train_oof,0.1905491962006118
RFEXGB_LR_NoResample,RFEXGB,supervised,LR,NoResample,545,28,118,1052,55,-0.4213041335142304,-0.13953242437962046,0.033150445746859845,-0.11169214675157976,-0.3737353644723715,-0.3737353644723715,-0.3737353644723715,-0.3737353644723715,-0.4566686557445724,-0.27143801130123785,-0.16902454395793498,flat,,,,,train_oof,0.1905491962006118
RFEXGB_LR_NoResample,RFEXGB,supervised,LR,NoResample,547,28,118,1052,55,0.18134402257875828,0.211149882614552,-0.008689822241123895,0.2399188524019499,0.1932744783203726,0.3326476145389356,-0.0430112524944079,0.2736841053176438,0.20502502934511527,-0.031007462302625154,0.23533367102373728,high,1.9457050882996123,0.0,0.025423728813559324,0.010456273764258554,train_oof,0.1905491962006118
RFEXGB_LR_NoResample,RFEXGB,supervised,LR,NoResample,551,28,118,1052,55,0.8669005586206631,0.14821618325540517,-0.04024275685987989,-0.11541958276965149,0.0513407536392479,-0.0872792811867216,-0.0468810483364034,-0.0816313502108822,1.549642765478259,0.2843257977338775,0.23913781646531526,high,0.7146706250517091,0.07142857142857142,0.01694915254237288,0.010456273764258554,train_oof,0.1905491962006118
RFEXGB_LR_NoResample,RFEXGB,supervised,LR,NoResample,553,28,118,1052,55,0.45478513524677566,0.25197500631101544,-0.05461431533726173,0.07676603279462905,-0.13788593753138,0.014588109158534802,-0.10442942652522125,-0.0394603573910036,0.7313865034836358,0.09484122712595398,0.3635049262548335,low,-1.5794334066546731,0.0,0.01694915254237288,0.010456273764258554,train_oof,0.1905491962006118
RFEXGB_LR_NoResample,RFEXGB,supervised,LR,NoResample,561,28,118,1052,55,0.0778199442223159,0.12816918445678868,-0.024049875520146678,0.1559428828334665,-0.17396742896300066,0.02210907074386765,-0.1999196848201034,0.0290074978243583,0.10327129487518652,-0.047545477402792816,0.15301157410578192,high,2.7244401058375343,0.0,0.01694915254237288,0.011406844106463879,train_oof,0.1905491962006118
RFEXGB_LR_NoResample,RFEXGB,supervised,LR,NoResample,563,28,118,1052,55,0.018883589701077418,-0.060370927184038976,0.05739634168233829,-0.03907340191488571,-0.03974086245760265,-0.0369140655755681,-0.0251858625352775,-0.1253730546138557,-0.04064481204033822,0.10389487481558685,-0.12554291977362608,low,-1.2070221320671668,0.0,0.00847457627118644,0.010456273764258554,train_oof,0.1905491962006118
RFEXGB_LR_NoResample,RFEXGB,supervised,LR,NoResample,566,28,118,1052,55,0.06537578052383046,0.1761545658348301,-0.028352731502479543,0.058599362354724745,-0.09836478350905214,-0.07782364022088505,-0.2800560008777856,-0.0455782790693798,0.10817402937090598,-0.0868189590740012,0.22261788395034285,high,2.689836412850666,0.0,0.025423728813559324,0.010456273764258554,train_oof,0.1905491962006118
RFEXGB_LR_NoResample,RFEXGB,supervised,LR,NoResample,574,28,118,1052,55,-0.22306504205426997,-0.04163171387121028,0.012231503029758853,-0.031075959508797296,-0.2235914244842604,-0.22814994549706813,-0.2258477394150964,-0.2205511357215236,-0.22982736969023307,-0.2353852959156184,-0.052801951791527364,high,4.953217243311552,0.0,0.00847457627118644,0.015209125475285171,train_oof,0.1905491962006118
RFEXGB_LR_NoResample,RFEXGB,supervised,LR,NoResample,582,28,118,1052,55,0.655046164952899,0.16922625957236073,-0.038622556243630805,0.051928915536545044,0.6636248030127313,0.18322107166152146,-0.0419681774093758,0.0781327554284183,0.7011747931623064,0.49657896780802424,0.21036110017866474,high,2.3147123772005065,0.07142857142857142,0.01694915254237288,0.010456273764258554,train_oof,0.1905491962006118
RFEXGB_LR_NoResample,RFEXGB,supervised,LR,NoResample,586,28,118,1052,55,0.28838053539498937,0.09434793355251023,-0.018568233263118124,-0.0004296517198746938,0.47375533132582137,-0.024696897732638105,-0.0823690564666746,-0.1070856959241187,0.3106923672412922,0.16788539024475752,0.11234423022677158,high,2.70237232240538,0.07142857142857142,0.025423728813559324,0.015209125475285171,train_oof,0.1905491962006118
RFEXGB_LR_NoResample,RFEXGB,supervised,LR,NoResample,588,28,118,1052,55,0.6356733352582289,0.053192936467849894,-0.01500044383589269,-0.14221745166375624,0.2319697246994391,-0.2833965866522073,-0.2490388325620975,-0.1803233243818781,0.6472749703448385,0.5677290670920878,0.06802516020371709,high,3.358525346899427,0.0,0.0,0.011406844106463879,train_oof,0.1905491962006118
RFEXGB_LR_NoResample,RFEXGB,supervised,LR,NoResample,589,28,118,1052,55,0.16151185795081272,-0.10280303853129012,0.015833790334218195,-0.15815785876186017,-0.036068941753003,-0.34240403198223024,-0.28556667711174777,-0.3030458062439108,0.14196007720475645,0.31588804929727177,-0.11695935625862845,high,4.075687609638256,0.0,0.00847457627118644,0.017110266159695818,train_oof,0.1905491962006118
RFERF_LR_SMOTE,RFERF,supervised,LR,SMOTE,0,45,188,982,38,-0.22380002907655513,-0.05285046413674946,0.01908653076683279,0.004954619440613934,-0.4009873167426543,-0.01339383244058465,-0.027541528492935098,-0.3360547306156034,-0.24629695808393048,-0.17381261465715087,-0.07308659413163597,low,-2.1872794243770555,0.0,0.02127659574468085,0.010183299389002037,train_oof,0.2526011564304778
RFERF_LR_SMOTE,RFERF,supervised,LR,SMOTE,2,45,188,982,38,0.03184945245246591,0.013592872563247014,-0.0005356474736495156,-0.07687006381016914,0.0372111503461785,-0.1095710732053563,0.06518302284371949,-0.1478613535549829,0.03209528265850631,0.018623642596186377,0.014180559472740523,low,-2.5553411916221265,0.0,0.005319148936170213,0.013238289205702648,train_oof,0.2526011564304778
RFERF_LR_SMOTE,RFERF,supervised,LR,SMOTE,8,45,188,982,38,-0.007777497502779632,-0.0008920557751742183,-0.0038700918766906107,0.08190811623348158,-0.1275521284638477,-0.0320545117953412,-0.004962989336188901,0.10882140499224374,-0.0038173540632600454,-0.007491429041348777,0.002934177532368486,low,-2.351698393553977,0.0,0.0,0.010183299389002037,train_oof,0.2526011564304778
RFERF_LR_SMOTE,RFERF,supervised,LR,SMOTE,9,45,188,982,38,-0.08817725611806321,-0.05970968206483931,0.01655735471997037,-0.03461337091688861,-0.0323517416969184,-0.06871178069490065,-0.0257408255154671,-0.10507181969288296,-0.1042785778079193,-0.029336871006437146,-0.07547051155294213,low,-2.2879302336462946,0.0,0.015957446808510637,0.010183299389002037,train_oof,0.2526011564304778
RFERF_LR_SMOTE,RFERF,supervised,LR,SMOTE,14,45,188,982,38,-0.4224179726999363,-0.09988246475910387,0.04543345803938186,-0.155775514175701,-0.5755210966222594,-0.27309423031859675,0.009642162625942498,-0.04315506621578255,-0.484454725596355,-0.2869310169301841,-0.1460442983394998,low,-2.128374386822614,0.022222222222222223,0.015957446808510637,0.010183299389002037,train_oof,0.2526011564304778
RFERF_LR_SMOTE,RFERF,supervised,LR,SMOTE,15,45,188,982,38,-0.016610592805773105,0.017488679170115002,-0.0017263143109876838,-0.021584673670464394,-0.0576886182044268,-0.1076939251267492,-0.0515600862055359,-0.0224668639275645,-0.017991529277574164,-0.02208453777005705,0.018672834949287072,low,-0.9191181641950343,0.0,0.031914893617021274,0.010183299389002037,train_oof,0.2526011564304778
RFERF_LR_SMOTE,RFERF,supervised,LR,SMOTE,16,45,188,982,38,0.2073822707872645,0.0935709029226645,-0.03586887143261123,0.2125174990344362,0.1449067106772109,0.11909301764393379,-0.0275167987728637,0.23650047089953274,0.2544506698412862,0.10173198789262,0.13004759580733777,high,1.883240666245474,0.044444444444444446,0.015957446808510637,0.010183299389002037,train_oof,0.2526011564304778
RFERF_LR_SMOTE,RFERF,supervised,LR,SMOTE,19,45,188,982,38,0.1253938163338026,0.12771261575373075,-0.034500736135441,0.11363218850949873,-0.000629937536488,0.07766055349476281,0.0650500046038197,0.0767366216726649,0.14714844983799552,-0.006173040901846937,0.15783550268199623,low,-1.8851135830309378,0.0,0.0,0.010183299389002037,train_oof,0.2526011564304778
RFERF_LR_SMOTE,RFERF,supervised,LR,SMOTE,21,45,188,982,38,0.6453710291519843,0.2403993107490228,-0.08088738513375994,0.13957005195613456,0.2735105404949241,0.22913704479565833,0.12776825906489114,0.23446186427957025,0.7633181667204593,0.30476242901376693,0.34396762533386877,high,1.634439737125309,0.1111111111111111,0.047872340425531915,0.010183299389002037,train_oof,0.2526011564304778
RFERF_LR_SMOTE,RFERF,supervised,LR,SMOTE,24,45,188,982,38,-0.0442181818558286,-0.0885308873356562,0.023110827621366674,-0.0993114510547533,0.1316457138687645,0.04878806560172725,0.07923965484696675,0.01424995405368165,-0.0666286884753642,0.04612864792234679,-0.10989265244080965,high,3.212069868078609,0.0,0.005319148936170213,0.010183299389002037,train_oof,0.2526011564304778
RFERF_LR_SMOTE,RFERF,supervised,LR,SMOTE,25,45,188,982,38,-0.32854201244901515,-0.014436447264231298,0.01726068972832728,-0.0027963750457285627,0.4174339616005731,0.4522830525241459,0.4410414102907348,0.4500347240774635,-0.36153450335666937,-0.24017948590556798,-0.033178134940116,low,-3.169942699714187,0.08888888888888889,0.03723404255319149,0.010183299389002037,train_oof,0.2526011564304778
RFERF_LR_SMOTE,RFERF,supervised,LR,SMOTE,28,45,188,982,38,-0.6415539858595996,-0.39532541542106553,0.11081925268839647,-0.1613444824969006,-0.4529821457746905,-0.41738580218856614,-0.0095717185504524,-0.3591266473831207,-0.7739447940366069,-0.25491763261195655,-0.5162553037862824,low,-2.304431577576284,0.044444444444444446,0.02127659574468085,0.010183299389002037,train_oof,0.2526011564304778
RFERF_LR_SMOTE,RFERF,supervised,LR,SMOTE,31,45,188,982,38,-0.13963801195530212,-0.18839358786413635,0.05188493730041245,-0.23170615761372612,-0.4282505462428455,-0.4865880313369933,-0.4481615858124587,-0.4710499770934164,-0.18654447455376896,0.059238981286148996,-0.23867262166482706,high,1.9511931161187297,0.0,0.0,0.010183299389002037,train_oof,0.2526011564304778
RFERF_LR_SMOTE,RFERF,supervised,LR,SMOTE,33,45,188,982,38,0.42784288465606,0.2011009929040221,-0.06577862775343161,0.1978758721426261,-0.0639636392243969,-0.0811117469246028,-0.1546520506982136,-0.1256426036796833,0.5711109684293296,0.14611587537626977,0.29541584678118704,high,1.3364199702378898,0.044444444444444446,0.03723404255319149,0.01120162932790224,train_oof,0.2526011564304778
RFERF_LR_SMOTE,RFERF,supervised,LR,SMOTE,35,45,188,982,38,0.0034032910259084183,-0.07227645893791193,0.016336727308260114,-0.07287178415489545,-0.1750404154125366,-0.15745406625321928,-0.1505315876016079,-0.1647380320406843,-0.012096011381786658,0.11994244315681911,-0.08715021462521008,low,-0.3208643260162251,0.0,0.005319148936170213,0.012219959266802444,train_oof,0.2526011564304778
RFERF_LR_SMOTE,RFERF,supervised,LR,SMOTE,37,45,188,982,38,0.2071934857912101,0.1298472760729529,-0.03475788252184864,0.025449601183741392,0.2058768845448523,0.1137863517139151,0.00398610103093445,0.0909247159412281,0.2495227888087963,0.06939834490883363,0.163789714148941,high,2.86555451105964,0.0,0.015957446808510637,0.015274949083503055,train_oof,0.2526011564304778
RFERF_LR_SMOTE,RFERF,supervised,LR,SMOTE,39,45,188,982,38,0.06770663114552884,-0.07316901679676925,0.014557790720122742,-0.09684719990857377,-0.2056509959877056,-0.20511413979909085,-0.1439125342968708,-0.24178141748156257,0.051274955061845415,0.16919170103025058,-0.08717289189039275,low,-1.5225592266627026,0.0,0.005319148936170213,0.01120162932790224,train_oof,0.2526011564304778
RFERF_LR_SMOTE,RFERF,supervised,LR,SMOTE,41,45,188,982,38,0.098889011993801,0.055240721067515514,-0.014192542717066813,-0.024909867428492206,0.1126433644696137,-0.12561698209832955,-0.1220194308928946,-0.15339875817974158,0.11815250629121835,0.03873392921452838,0.06816516716758095,high,1.3064221199474908,0.0,0.015957446808510637,0.01120162932790224,train_oof,0.2526011564304778
RFERF_LR_SMOTE,RFERF,supervised,LR,SMOTE,43,45,188,982,38,0.06061352982079153,-0.08176128484495972,0.018782229712393295,-0.1532486624792331,-0.0946701625847053,-0.327547473115385,-0.3123475906697994,-0.559548640236986,0.041441575935600376,0.15360438230461895,-0.10022127564100736,high,2.372719279455234,0.0,0.010638297872340425,0.010183299389002037,train_oof,0.2526011564304778
RFERF_LR_SMOTE,RFERF,supervised,LR,SMOTE,47,45,188,982,38,0.012432269051980442,0.1554476315598926,-0.03634820041359513,0.16696665092292032,0.4180192291048125,0.5057638819187303,0.33474062149399997,0.5617208012282047,0.04831495365537938,-0.15084050320198794,0.19164203533193988,high,1.3626088062445239,0.022222222222222223,0.03723404255319149,0.010183299389002037,train_oof,0.2526011564304778
RFERF_LR_SMOTE,RFERF,supervised,LR,SMOTE,48,45,188,982,38,-0.15158302374425695,0.0045097376409252935,0.003146535264282958,0.08008269088209141,-0.4161698354110992,0.048413577826559,-0.007624590113691749,0.08734372688141605,-0.15877688871138848,-0.1366019873174084,0.001366633231277172,low,-2.2840266571148873,0.0,0.031914893617021274,0.010183299389002037,train_oof,0.2526011564304778
RFERF_LR_SMOTE,RFERF,supervised,LR,SMOTE,55,45,188,982,38,0.0724878879931974,0.04508250443813024,-0.008658541688505812,-0.057674553160932854,0.0352958418468399,-0.0187263135870944,-0.077148672947852,-0.3108381103908826,0.08329181817801014,0.023921018788577084,0.05467340995794681,high,2.298693941056292,0.044444444444444446,0.031914893617021274,0.014256619144602852,train_oof,0.2526011564304778
RFERF_LR_SMOTE,RFERF,supervised,LR,SMOTE,56,45,188,982,38,0.19932067310678206,0.22399174751630763,-0.06129420426597874,0.2622312211899751,0.506794437311762,0.463569310741405,0.25464786565131436,0.42034418417103203,0.24871460200721998,-0.03408615662017102,0.2824840322922626,high,1.183988086914101,0.022222222222222223,0.02127659574468085,0.012219959266802444,train_oof,0.2526011564304778
RFERF_LR_SMOTE,RFERF,supervised,LR,SMOTE,57,45,188,982,38,-0.25882964164096917,0.01525704380254355,0.013117102541219637,-0.10166623444283407,0.009608801646894,0.037084147270272,0.037084147270272,-0.16570487215656815,-0.27094100548044786,-0.2723719001915356,0.0021543461536408393,low,-2.6371065806772664,0.044444444444444446,0.0,0.010183299389002037,train_oof,0.2526011564304778
RFERF_LR_SMOTE,RFERF,supervised,LR,SMOTE,58,45,188,982,38,0.11600132828606166,0.09387937336114571,-0.030672885168877822,0.22516542111153925,0.0867946754557125,-0.0583129900581533,-0.2977996250119338,0.2855803798385409,0.14356763548188725,0.024892709033687014,0.12375810235640335,high,2.2115012249717947,0.0,0.005319148936170213,0.012219959266802444,train_oof,0.2526011564304778
RFERF_LR_SMOTE,RFERF,supervised,LR,SMOTE,59,45,188,982,38,0.6970549242362272,0.5848780200602934,-0.16269336658160638,0.46395170029606786,0.5458692587160796,-0.00427854844462735,-0.26341828525646593,0.019846787797293895,1.1980097815486466,0.0711467702965983,0.797601317882639,high,2.485428096649702,0.022222222222222223,0.03723404255319149,0.010183299389002037,train_oof,0.2526011564304778
RFERF_LR_SMOTE,RFERF,supervised,LR,SMOTE,63,45,188,982,38,0.3648758197061282,0.246486743054477,-0.07035743813760136,0.153911979520522,-0.0240820114804666,-0.04672446440878085,-0.13343726516425786,-0.0952268768156816,0.6593789066645528,0.06471336242913006,0.32219028143193484,high,2.0559138012827636,0.1111111111111111,0.026595744680851064,0.010183299389002037,train_oof,0.2526011564304778
RFERF_LR_SMOTE,RFERF,supervised,LR,SMOTE,64,45,188,982,38,0.7497478366968492,0.1799520153780034,-0.07070430025555768,-0.012481479275502583,0.4704794905982912,-0.06976996298417845,-0.13365865740107497,-0.312818825392828,0.8982026402819152,0.44139359184089244,0.2661762116481709,high,2.679840204759915,0.15555555555555556,0.0425531914893617,0.010183299389002037,train_oof,0.2526011564304778
RFERF_LR_SMOTE,RFERF,supervised,LR,SMOTE,65,45,188,982,38,0.5218049693127725,0.21237526714994143,-0.06620392262549488,-0.009521448020059942,0.402233773352724,-0.12188410371212541,-0.15793092271019438,-0.15346694152192594,0.6547153796419184,0.23324039595985688,0.2865034665171335,high,2.3610023313722377,0.1111111111111111,0.047872340425531915,0.010183299389002037,train_oof,0.2526011564304778
RFERF_LR_SMOTE,RFERF,supervised,LR,SMOTE,67,45,188,982,38,-0.057144754967651736,0.15371711350545908,-0.043796110773880466,0.4299291140952823,-0.0571820868799883,-0.05724505539729065,-0.057310350695832846,-0.05717016212613425,-0.03923377621156259,-0.11464720702251713,0.2249988332227361,high,-0.05567498704381416,0.022222222222222223,0.02127659574468085,0.010183299389002037,train_oof,0.2526011564304778
RFERF_LR_SMOTE,RFERF,supervised,LR,SMOTE,75,45,188,982,38,0.2799551728958705,-0.03000900533264506,-0.005080655986521444,-0.06118883131716951,0.0167151022241025,0.0982128184138558,0.02242194494577865,0.1356577150415803,0.29673504601234857,0.23120048730401044,-0.026380444342492138,low,-3.1076430195736675,0.0,0.010638297872340425,0.010183299389002037,train_oof,0.2526011564304778
RFERF_LR_SMOTE,RFERF,supervised,LR,SMOTE,76,45,188,982,38,-0.2502662762488091,-0.1226957576400813,0.04819786391915218,-0.11976176678230087,-0.1733448226763963,-0.15687591285012284,0.1111181652319636,-0.15388156560898225,-0.30043210723739694,-0.14125867818014903,-0.1730605342503826,low,-2.422069657300599,0.022222222222222223,0.005319148936170213,0.010183299389002037,train_oof,0.2526011564304778
RFERF_LR_SMOTE,RFERF,supervised,LR,SMOTE,79,45,188,982,38,0.5602924228417465,0.20118648688858548,-0.0705137842758237,0.04759041018231974,0.5617322777291206,-0.055965468954345204,-0.1725937148316429,-0.12723828587936048,0.6735456355237035,0.3009860872016836,0.2774990303438358,high,2.8547731786166546,0.022222222222222223,0.0425531914893617,0.010183299389002037,train_oof,0.2526011564304778
RFERF_LR_SMOTE,RFERF,supervised,LR,SMOTE,81,45,188,982,38,0.10350329048481043,0.04278022806519676,-0.008899127354237387,-0.13511842717558656,0.1503773317020817,0.12371442904338095,0.0852013474252574,-0.0718135237870921,0.1173932938124588,0.054466721698408244,0.052533294374938415,high,2.2430596850413176,0.0,0.02127659574468085,0.010183299389002037,train_oof,0.2526011564304778
RFERF_LR_SMOTE,RFERF,supervised,LR,SMOTE,88,45,188,982,38,0.1956159330090991,0.07046453803990664,-0.021801211166519625,-0.016875283457770358,0.4179605790297466,0.1023476565978956,0.0228375811532749,-0.062307851534659606,0.2186987289334566,0.129123362952099,0.09224989149787256,high,2.2168284194527055,0.0,0.010638297872340425,0.010183299389002037,train_oof,0.2526011564304778
RFERF_LR_SMOTE,RFERF,supervised,LR,SMOTE,90,45,188,982,38,-0.25438311409031444,-0.1220604588935035,0.03681550880872736,-0.03709122354039444,-0.1830780542350153,-0.14656164045883985,0.03899136645209785,-0.01911674771040295,-0.2927600584401534,-0.1444173178558262,-0.15973354206118542,low,-2.2640103481289615,0.0,0.010638297872340425,0.010183299389002037,train_oof,0.2526011564304778
RFERF_LR_SMOTE,RFERF,supervised,LR,SMOTE,91,45,188,982,38,0.17459422025167054,0.0630055109391847,-0.018355299489120736,-0.03926851363849454,0.161971951279922,0.06485827151716575,-0.0209631199010839,-0.0209631199010839,0.18828574558825195,0.1393061835180117,0.08042475221190926,high,2.5775505202066937,0.0,0.0,0.010183299389002037,train_oof,0.2526011564304778
RFERF_LR_SMOTE,RFERF,supervised,LR,SMOTE,92,45,188,982,38,-0.13886811789028722,-0.06328131412779207,0.01790535701182583,0.00966528241931075,-0.2215928708738644,-0.0690267280762835,-0.0385134995167673,-0.0842833423560416,-0.15149141369364022,-0.09203573409795884,-0.08039817969720368,low,-2.2891692380666804,0.022222222222222223,0.010638297872340425,0.010183299389002037,train_oof,0.2526011564304778
RFERF_LR_SMOTE,RFERF,supervised,LR,SMOTE,102,45,188,982,38,-0.46884433946813026,-0.13261470804569342,0.04147659827118848,0.125778305265763,-0.4899178905358243,-0.1208633160000672,-0.0310065500261438,-0.032611135132821,-0.5052353424755364,-0.40066163855201026,-0.17820907687792376,low,-2.226271526173361,0.022222222222222223,0.005319148936170213,0.010183299389002037,train_oof,0.2526011564304778
RFERF_LR_SMOTE,RFERF,supervised,LR,SMOTE,103,45,188,982,38,0.86272826880209,0.503494421732891,-0.1574003133739852,0.5144854208873803,1.0065677059842526,0.49986059772890673,-0.2029911975930242,0.3200613012512036,1.1536920267698587,0.3221089302741165,0.7041537104680218,high,2.156956295629774,0.022222222222222223,0.0425531914893617,0.010183299389002037,train_oof,0.2526011564304778
RFERF_LR_SMOTE,RFERF,supervised,LR,SMOTE,107,45,188,982,38,-0.1927844941394903,-0.04767759320020277,0.025801372342657034,-0.20033878377580736,-0.0855401014717522,0.047575308782032,0.0069638276876572,0.0250133748407127,-0.22341763002661594,-0.13980002156524124,-0.0741016633203509,low,-2.5932990590494,0.022222222222222223,0.031914893617021274,0.01120162932790224,train_oof,0.2526011564304778
RFERF_LR_SMOTE,RFERF,supervised,LR,SMOTE,115,45,188,982,38,-0.29557820997314493,-0.11835561443058344,0.03664143940065921,-0.011316277097576337,-0.1323255776801448,-0.0439097813678462,0.10867615765065985,0.1276213744880319,-0.33124676594916963,-0.17603506669080296,-0.15522899529634865,low,-2.8751087803202116,0.0,0.005319148936170213,0.010183299389002037,train_oof,0.2526011564304778
RFERF_LR_SMOTE,RFERF,supervised,LR,SMOTE,122,45,188,982,38,-0.4028876013083719,-0.26362976546650696,0.08245327835624855,-0.34519921392493236,-0.7065574066679046,-0.3232465943900025,0.016858663902818,-0.3470650408176754,-0.47665767565548706,-0.1693962844659663,-0.34554247425920337,low,-1.759975282907244,0.0,0.005319148936170213,0.010183299389002037,train_oof,0.2526011564304778
RFERF_LR_SMOTE,RFERF,supervised,LR,SMOTE,124,45,188,982,38,0.3649302160218302,0.21429118223096838,-0.07008051144289168,0.2830512425071679,0.2991009479565267,0.0377200306384171,-0.2236608866797079,-0.1365339142403381,0.4386894189737801,0.15010516698977092,0.2874924992640113,high,2.1287673691833247,0.1111111111111111,0.047872340425531915,0.01120162932790224,train_oof,0.2526011564304778
RFERF_LR_SMOTE,RFERF,supervised,LR,SMOTE,125,45,188,982,38,-0.33084839145909767,-0.30922123110982486,0.09195921577541379,-0.433589126806006,-0.4864437716144117,-0.47036166438623106,-0.0826041901067694,-0.5811495141803635,-0.4205316380725563,-0.02370036590101673,-0.4022034409922392,low,-1.5678761376693908,0.06666666666666667,0.05851063829787234,0.01120162932790224,train_oof,0.2526011564304778
RFERF_LR_SMOTE,RFERF,supervised,LR,SMOTE,126,45,188,982,38,-0.01987476020961344,0.022578352997217367,-0.016611462286526338,0.29373599877697965,-0.0639999994404245,-0.018960923894181497,-0.0953315302551998,0.1455296128833968,-0.0032186916786501383,-0.04751773060294437,0.03892044669602811,high,4.717974891164911,0.0,0.005319148936170213,0.01120162932790224,train_oof,0.2526011564304778
RFERF_LR_SMOTE,RFERF,supervised,LR,SMOTE,129,45,188,982,38,0.4658398418201898,0.4017730783625472,-0.11331374325565556,0.37732452130879524,0.460546058970014,0.460546058970014,0.2260957717237532,0.47985349008139,0.5732025891696659,0.0823207268903091,0.5194895702442595,high,1.8557100112785483,0.022222222222222223,0.005319148936170213,0.010183299389002037,train_oof,0.2526011564304778
RFERF_LR_SMOTE,RFERF,supervised,LR,SMOTE,130,45,188,982,38,0.3083145271944332,0.18076548983661242,-0.06461765332242131,0.3685258678855852,0.3915348680087602,0.20861813062787235,0.1049653127787032,0.3098320586452972,0.3651693219937207,0.15508630581543653,0.24401385182198798,high,1.5804814665353697,0.0,0.02127659574468085,0.010183299389002037,train_oof,0.2526011564304778
RFERF_LR_SMOTE,RFERF,supervised,LR,SMOTE,131,45,188,982,38,0.10340850226199291,0.07751486736142718,-0.02267029813542269,0.09110243924901258,0.039508696803321,0.039508696803321,-0.0476274015494089,0.01772467221513855,0.13342163445540697,0.020889410874874656,0.10007666214373553,high,1.8257987130344795,0.044444444444444446,0.05319148936170213,0.023421588594704685,train_oof,0.2526011564304778
RFERF_LR_SMOTE,RFERF,supervised,LR,SMOTE,132,45,188,982,38,0.10722247862623041,0.00863440434291787,-0.005562243374760697,-0.03649191611796996,0.1467728513057182,-0.008233068901931,-0.19311964842670926,-0.05678914029227665,0.11441467925595822,0.09401775016130419,0.014362170116952096,high,2.0085060054719763,0.0,0.010638297872340425,0.010183299389002037,train_oof,0.2526011564304778
RFERF_LR_SMOTE,RFERF,supervised,LR,SMOTE,133,45,188,982,38,0.18483224307998264,0.18660538723965756,-0.05658770095772511,0.31055691009810754,0.1222732321194762,0.2522122796976641,-0.0351565858625062,0.3375578984894064,0.23911391220038547,-0.0018820192541712493,0.24346882957205218,high,2.1469719020373548,0.0,0.005319148936170213,0.014256619144602852,train_oof,0.2526011564304778
RFERF_LR_SMOTE,RFERF,supervised,LR,SMOTE,137,45,188,982,38,0.2589130611646346,0.16014587359061805,-0.045434993207430635,0.08602484227962552,0.3201906317684365,0.1420705985014496,-0.1583264305758465,0.030384111012826797,0.30636924911161406,0.10092786887212295,0.205433993146856,high,2.1895074263009753,0.022222222222222223,0.02127659574468085,0.010183299389002037,train_oof,0.2526011564304778
RFERF_LR_SMOTE,RFERF,supervised,LR,SMOTE,139,45,188,982,38,-0.18196002773512437,0.059699292831159614,-0.00444256924027121,0.06106323295232316,-0.3634064059942239,-0.3428690929934642,-0.3086175797159625,-0.3229056658416133,-0.18156425155832978,-0.23947877588157424,0.06427173127881332,low,-1.1134096129512383,0.0,0.0,0.010183299389002037,train_oof,0.2526011564304778
RFERF_LR_SMOTE,RFERF,supervised,LR,SMOTE,144,45,188,982,38,-0.37506598130724156,-0.2832485350686757,0.07190879858105645,0.005620725466791578,-0.3343851746216024,-0.37913406197580546,-0.1565365711373263,-0.40842424278946554,-0.4299866177377573,-0.16429897373441213,-0.3560348868104211,low,-1.1476107725902018,0.0,0.015957446808510637,0.010183299389002037,train_oof,0.2526011564304778
RFERF_LR_SMOTE,RFERF,supervised,LR,SMOTE,156,45,188,982,38,-0.022264385287002624,0.21344963886134247,-0.0428076083743859,0.07659043830604773,-0.1379179011822242,-0.1040783503003845,-0.1230055567258203,-0.0599148686410344,0.037843073804595284,-0.11682775049245765,0.2500285411479202,low,-0.4840678291179514,0.044444444444444446,0.010638297872340425,0.010183299389002037,train_oof,0.2526011564304778
RFERF_LR_SMOTE,RFERF,supervised,LR,SMOTE,173,45,188,982,38,-0.13211410241275254,-0.0766775861056587,0.016324546839158897,0.11002570586486635,-0.1516814368670571,-0.0315616790959715,0.0634896074881053,0.06140056822252085,-0.15007332717277,-0.05657278318084882,-0.092255505709444,low,-2.733733969128998,0.0,0.010638297872340425,0.01120162932790224,train_oof,0.2526011564304778
RFERF_LR_SMOTE,RFERF,supervised,LR,SMOTE,182,45,188,982,38,-0.2122893364957429,-0.038861068983229295,0.016236127100385776,0.04228221266490722,-0.3681812850136541,-0.2367806297914187,-0.09354207770231535,0.19056744710251722,-0.226925018220606,-0.18511515776131424,-0.054213357217355304,low,-1.5059689044758082,0.0,0.010638297872340425,0.010183299389002037,train_oof,0.2526011564304778
RFERF_LR_SMOTE,RFERF,supervised,LR,SMOTE,183,45,188,982,38,0.0900705197116364,0.10105813019197088,-0.03139903455319582,0.20100645853418167,0.4088876851947259,0.24359891799161937,-0.0327112424036624,0.484437816398624,0.12321824343897306,-0.010538439154278366,0.13208139588846057,high,1.9061596397351979,0.0,0.010638297872340425,0.010183299389002037,train_oof,0.2526011564304778
RFERF_LR_SMOTE,RFERF,supervised,LR,SMOTE,200,45,188,982,38,0.15739279686941188,0.16213592603249097,-0.05110517833004742,0.3350203302744576,0.1407006629984204,0.0293018882237955,-0.07891406441441125,-0.13302204073351476,0.28658809752682646,-0.0032907772041692084,0.22956284202202684,high,1.1216570548495224,0.0,0.02127659574468085,0.010183299389002037,train_oof,0.2526011564304778
RFERF_LR_SMOTE,RFERF,supervised,LR,SMOTE,217,45,188,982,38,0.0053963668033354725,0.06662618501235582,-0.019304663128262078,0.14162893869453114,-0.1080851985977258,-0.0894628185379893,-0.22395778563608687,-0.238441859015882,0.025260208779786183,-0.0588860857439548,0.08534235357787942,high,2.628908073381945,0.0,0.010638297872340425,0.010183299389002037,train_oof,0.2526011564304778
RFERF_LR_SMOTE,RFERF,supervised,LR,SMOTE,227,45,188,982,38,-0.03666356145938506,0.07354953097996147,-0.026372247278643367,0.3540228406962006,-0.1661189821338761,-0.16163092825841224,-0.2738322751450091,-0.1526548205074844,-0.010534926207902208,-0.1183542564490632,0.10094892070849514,high,4.323371070570115,0.0,0.010638297872340425,0.010183299389002037,train_oof,0.2526011564304778
RFERF_LR_SMOTE,RFERF,supervised,LR,SMOTE,252,45,188,982,38,-0.026433190877036956,0.1614523432095944,-0.0285765856930687,-0.02898262587746262,-0.0273436835184424,-0.0311651021316287,-0.030370652972867,-0.029950839069199348,0.1096172886593227,-0.08087113927801548,0.183894848939373,high,0.0053988539296323315,0.0,0.010638297872340425,0.010183299389002037,train_oof,0.2526011564304778
RFERF_LR_SMOTE,RFERF,supervised,LR,SMOTE,271,45,188,982,38,0.09311848399068491,0.06003924908069611,-0.023451082357892113,0.1989203241154817,-0.0117231535823837,0.062271638354677944,-0.0596047696738355,0.18765628749208274,0.11626750547367962,0.034032583494473835,0.08385257849268073,high,2.2164240013485936,0.0,0.0,0.010183299389002037,train_oof,0.2526011564304778
RFERF_LR_SMOTE,RFERF,supervised,LR,SMOTE,273,45,188,982,38,0.14453421376038428,0.10181360798169567,-0.022593919155852123,0.024717953522670155,-0.2662939358924575,-0.16767159104518214,-0.1502587020937358,-0.12398729103380249,0.168130052133624,0.03949501094823058,0.12435565631404522,low,-2.796662974903808,0.0,0.0,0.012219959266802444,train_oof,0.2526011564304778
RFERF_LR_SMOTE,RFERF,supervised,LR,SMOTE,280,45,188,982,38,-0.24396554494402786,-0.2278690039185324,0.05942674483309194,-0.12883250745878883,-0.4813311236600117,-0.3401665724412546,-0.1362622206808282,-0.1441046957485369,-0.2886488446496117,-0.023812350070035324,-0.28369156962046466,low,-1.3970185125656813,0.0,0.005319148936170213,0.010183299389002037,train_oof,0.2526011564304778
RFERF_LR_SMOTE,RFERF,supervised,LR,SMOTE,281,45,188,982,38,-0.1950797113910899,-0.26377588659830364,0.06745272774543666,-0.20792329953147076,-0.3088216572105596,-0.3832709308378492,-0.1413107915491586,-0.3460462940242044,-0.25177644527199616,0.09529085148072022,-0.3301101361905507,low,-1.276662214365321,0.044444444444444446,0.015957446808510637,0.01120162932790224,train_oof,0.2526011564304778
RFERF_LR_SMOTE,RFERF,supervised,LR,SMOTE,282,45,188,982,38,0.2332009481743442,0.047131208180742595,-0.025346252744594316,0.13270269736659848,0.4358817780156345,-0.0441517663453553,-0.1041559593904829,0.1658629093125907,0.24982002623342106,0.24212562010353145,0.0721315079756121,high,1.8444802097500226,0.0,0.0,0.010183299389002037,train_oof,0.2526011564304778
RFERF_LR_SMOTE,RFERF,supervised,LR,SMOTE,288,45,188,982,38,0.1801560868642077,0.02733855837379941,-0.018657506479378062,0.11271390767197827,0.3290288088587416,0.00023015905486304875,-0.1230693346215914,0.02078007466760535,0.1922040343203416,0.21186014156928185,0.046023330969735064,high,1.8065677414149088,0.022222222222222223,0.0,0.010183299389002037,train_oof,0.2526011564304778
RFERF_LR_SMOTE,RFERF,supervised,LR,SMOTE,295,45,188,982,38,0.3595295847200476,0.1869300453209181,-0.06404754936899235,0.3142328431068221,-0.0542768870766801,-0.17685859742865126,-0.1990705183719288,-0.1572932306907982,0.4860635874181834,0.12302832783296097,0.2639474362144004,high,5.2972862026459095,0.0,0.0425531914893617,0.010183299389002037,train_oof,0.2526011564304778
RFERF_LR_SMOTE,RFERF,supervised,LR,SMOTE,310,45,188,982,38,0.21977127533089424,0.11474061550984413,-0.03516114693418799,0.07655145509904941,0.14226059883972,0.09897410086457,-0.1037889685979735,-0.017215972647673602,0.25325555838856645,0.11028715903619685,0.14886026156854978,high,2.520739750737417,0.0,0.02127659574468085,0.012219959266802444,train_oof,0.2526011564304778
RFERF_LR_SMOTE,RFERF,supervised,LR,SMOTE,316,45,188,982,38,-0.3308902338092375,-0.2866393073259584,0.07960109582205434,-0.24190559709714798,-0.5038833490360002,-0.45944421768997135,-0.0673342352250128,-0.2227478899101806,-0.4219487311694238,-0.04264836389311177,-0.3675884684340111,low,-1.8616087997403052,0.0,0.03723404255319149,0.010183299389002037,train_oof,0.2526011564304778
RFERF_LR_SMOTE,RFERF,supervised,LR,SMOTE,333,45,188,982,38,0.02669726857358416,0.1607587602567313,-0.04858226780149878,0.4177409968211004,-0.0334140756342098,-0.10288582022271556,-0.07856209358277874,-0.036741190286321,0.19800327943956988,-0.06657196665192615,0.21784075837985128,high,0.7194268702339126,0.022222222222222223,0.026595744680851064,0.010183299389002037,train_oof,0.2526011564304778
RFERF_LR_SMOTE,RFERF,supervised,LR,SMOTE,338,45,188,982,38,-0.04281949562169407,0.06957755516466897,-0.016318685417645053,0.11592103565869345,-0.0723784676738478,-0.1049074122953825,-0.08860315409344399,-0.07353225851781126,-0.026625451379374575,-0.12305439597044052,0.08452048004726659,high,0.5455448018578207,0.0,0.02127659574468085,0.010183299389002037,train_oof,0.2526011564304778
RFERF_LR_SMOTE,RFERF,supervised,LR,SMOTE,344,45,188,982,38,-0.33211041960377247,0.0050271277991487074,0.010204116778271256,0.10118034170350994,-0.1899013113092602,-0.09751014898456836,0.013263309406872599,0.09232262053498361,-0.35335155914338545,-0.2969857770804686,-0.005174256532041075,low,-2.074065375708732,0.06666666666666667,0.02127659574468085,0.010183299389002037,train_oof,0.2526011564304778
RFERF_LR_SMOTE,RFERF,supervised,LR,SMOTE,348,45,188,982,38,0.8304637782332782,0.17169721975623523,-0.08101671077029118,0.16038987315296319,0.1324078261126312,-0.1760355015685849,-0.1841524312444063,-0.19226936092022762,0.9955784236524475,0.40223161748513403,0.298242722340552,high,2.663266499033758,0.044444444444444446,0.03723404255319149,0.010183299389002037,train_oof,0.2526011564304778
RFERF_LR_SMOTE,RFERF,supervised,LR,SMOTE,377,45,188,982,38,-0.49009482497604034,-0.23033668986823955,0.0679223086299605,-0.0625147527716926,-0.3714959728317686,-0.3714959728317686,0.0554598948876092,-0.1580180389720797,-0.5489700026621687,-0.311781633500902,-0.29647275053378563,low,-1.6523635759899018,0.06666666666666667,0.06382978723404255,0.019348268839103868,train_oof,0.2526011564304778
RFERF_LR_SMOTE,RFERF,supervised,LR,SMOTE,405,45,188,982,38,-0.08491661907859882,-0.031933642067643264,0.005975623392151063,0.08428347444082757,-0.1187533800712203,-0.1001844258679525,-0.0537620403597826,0.24798346544332103,-0.09264543617349477,-0.0494584185241753,-0.0383173910653918,low,-1.5207094224179487,0.13333333333333333,0.03723404255319149,0.013238289205702648,train_oof,0.2526011564304778
RFERF_LR_SMOTE,RFERF,supervised,LR,SMOTE,416,45,188,982,38,-0.21837719630332997,-0.21065916795352052,0.055538667640335763,-0.1979236867212246,-0.4928619424418692,-0.4534252382050796,-0.1280228846532786,-0.2707084477210596,-0.26598619505949356,-0.009128046634667162,-0.263702667362574,low,-2.1572295833095927,0.0,0.005319148936170213,0.01120162932790224,train_oof,0.2526011564304778
RFERF_LR_SMOTE,RFERF,supervised,LR,SMOTE,423,45,188,982,38,0.14352600670460433,0.20904358852207752,-0.05763914314164938,0.27435117918377017,-0.2723032948288679,0.031057286015091654,-0.2735447507421896,0.1079543463955311,0.21252438689974013,-0.05540663769839121,0.26920978144241176,high,3.539899372667537,0.0,0.010638297872340425,0.010183299389002037,train_oof,0.2526011564304778
RFERF_LR_SMOTE,RFERF,supervised,LR,SMOTE,425,45,188,982,38,0.20344754282176203,0.023574003535309588,-0.015482047812091776,0.023180865436841176,-0.1577811387274507,-0.21904135494396426,-0.25292058883507423,-0.20467490141312375,0.2152971051393114,0.17986773121302366,0.03883190057694572,high,2.1258329844400197,0.022222222222222223,0.015957446808510637,0.010183299389002037,train_oof,0.2526011564304778
RFERF_LR_SMOTE,RFERF,supervised,LR,SMOTE,428,45,188,982,38,-0.05860664236682408,-0.07849024615183339,0.022244187804812653,-0.10645616777312684,-0.0432450611141641,-0.12574633142427843,-0.1582584206644275,-0.12732522468430252,-0.07374783404759377,0.08336570283357052,-0.09761326630637457,high,6.441373360475646,0.0,0.0,0.01120162932790224,train_oof,0.2526011564304778
RFERF_LR_SMOTE,RFERF,supervised,LR,SMOTE,452,45,188,982,38,-0.3578443070599411,-0.2691162089062644,0.07472941270543212,-0.17370595410499864,-0.443400013111964,-0.2964065055505236,0.009156521311966051,-0.03359827676404005,-0.45138365584697937,-0.08159094418567348,-0.344275067060661,low,-2.0591207595912064,0.0,0.026595744680851064,0.010183299389002037,train_oof,0.2526011564304778
RFERF_LR_SMOTE,RFERF,supervised,LR,SMOTE,460,45,188,982,38,0.3020103018828391,0.20710669386292524,-0.05516091598247535,0.03588779156134206,0.0783976942280376,-0.09951991131031435,-0.257708914806982,-0.25017097726799853,0.37639148979501413,0.08014197121711503,0.2638635204399522,high,2.938911386827603,0.022222222222222223,0.015957446808510637,0.010183299389002037,train_oof,0.2526011564304778
RFERF_LR_SMOTE,RFERF,supervised,LR,SMOTE,468,45,188,982,38,-0.4299881789760773,-0.20310137819243684,0.050639671858276246,0.21173771869407323,-0.6468591228110918,-0.6579706921590808,-0.22664994763933105,-0.2138162394174025,-0.4924853143193471,-0.2337803360241168,-0.25569868451754496,low,-0.9802319324172032,0.06666666666666667,0.13297872340425532,0.1629327902240326,train_oof,0.2526011564304778
RFERF_LR_SMOTE,RFERF,supervised,LR,SMOTE,477,45,188,982,38,0.09137652440682721,0.19830861089835988,-0.05650007772840401,0.36376682906911867,0.0399887606317464,-0.1072315867080374,-0.1078799790458433,-0.06116485489820721,0.34603205875941573,-0.05630896923906064,0.2734525896763725,high,0.6878015150826491,0.022222222222222223,0.0425531914893617,0.010183299389002037,train_oof,0.2526011564304778
RFERF_LR_SMOTE,RFERF,supervised,LR,SMOTE,480,45,188,982,38,-0.18318824216782276,0.0817533397964714,-0.010030767469115095,0.07472650651042315,-0.4030406208184361,-0.1263275174657092,-0.12644663393710476,0.0279477040449381,-0.17945891874090233,-0.23441591827751518,0.09155253652763598,low,-1.7027879210807884,0.0,0.010638297872340425,0.010183299389002037,train_oof,0.2526011564304778
RFERF_LR_SMOTE,RFERF,supervised,LR,SMOTE,484,45,188,982,38,-0.29681813697639586,-0.04818682538863323,0.023392979082906447,-0.04168759403800924,-0.4212884102733357,-0.5316794662119069,-0.3072208965427816,-0.3307458694088068,-0.329284616526337,-0.23529563304507717,-0.07141180843538648,low,-1.0153846670981137,0.28888888888888886,0.20212765957446807,0.12321792260692464,train_oof,0.2526011564304778
RFERF_LR_SMOTE,RFERF,supervised,LR,SMOTE,486,45,188,982,38,0.08933691660650646,0.17196734573831987,-0.048994659995211014,0.25538219773112236,-0.0236321189492952,0.0102836119076722,-0.21771460679792415,0.03324444890569225,0.13936366377346446,-0.08897679641817462,0.22192700867970752,high,2.2839546827200574,0.0,0.010638297872340425,0.010183299389002037,train_oof,0.2526011564304778
RFERF_LR_SMOTE,RFERF,supervised,LR,SMOTE,488,45,188,982,38,-0.3147856988599422,-0.029436507468032447,0.01801232345816477,-0.04270558967178621,-0.1687238193389359,-0.05222077168821115,0.0072289194437300495,-0.2457856473710926,-0.339221480149048,-0.2797757197144333,-0.047930347358187506,low,-1.395282106447686,0.28888888888888886,0.16489361702127658,0.1354378818737271,train_oof,0.2526011564304778
RFERF_LR_SMOTE,RFERF,supervised,LR,SMOTE,489,45,188,982,38,0.06210693001042266,0.11241517405870363,-0.028583196949882945,0.11092947347861264,-0.1552947025392865,-0.053643661290994,-0.23965251343068739,-0.24671188459470364,0.09233597494791922,-0.05021644005617781,0.14277063478845783,high,2.863485613371059,0.0,0.015957446808510637,0.010183299389002037,train_oof,0.2526011564304778
RFERF_LR_SMOTE,RFERF,supervised,LR,SMOTE,490,45,188,982,38,-0.08316749777280576,-0.11875266798462641,0.030956408644009486,-0.11397774493503743,-0.0871542866071567,-0.3138764730411716,-0.1112953401903788,-0.31833698531793686,-0.11345476542670198,0.03688047970605858,-0.14932037251968097,high,2.9168314897727794,0.022222222222222223,0.0,0.010183299389002037,train_oof,0.2526011564304778
RFERF_LR_SMOTE,RFERF,supervised,LR,SMOTE,510,45,188,982,38,0.6787152018211978,0.3362417187169861,-0.11407320129922074,0.4563419417264181,0.2587891267596156,0.0774219462023707,-0.2929384475958905,-0.10838397307415046,0.9062499356737742,0.28641517682574813,0.48739660876787605,high,3.2503569469893354,0.022222222222222223,0.031914893617021274,0.010183299389002037,train_oof,0.2526011564304778
RFERF_LR_SMOTE,RFERF,supervised,LR,SMOTE,525,45,188,982,38,-0.05130329277811806,-0.04406188373738703,0.013087424657375491,-0.06128463033989033,-0.1913602385371192,-0.1111065086752134,-0.09556126977394819,-0.1208098186585168,-0.06084991180826081,-0.011144779430417149,-0.05631506407538244,low,-1.1712495226510031,0.0,0.005319148936170213,0.010183299389002037,train_oof,0.2526011564304778
RFERF_LR_SMOTE,RFERF,supervised,LR,SMOTE,551,45,188,982,38,0.4615787411685397,0.0820937115550092,-0.04101780892545578,-0.07489223061938291,0.0222538159660552,-0.07737785012772386,-0.0468810483364034,-0.02556067663242845,0.8295346233339564,0.1880566225788819,0.15606965765256176,high,0.6928874767219133,0.06666666666666667,0.031914893617021274,0.010183299389002037,train_oof,0.2526011564304778
RFERF_LR_SMOTE,RFERF,supervised,LR,SMOTE,552,45,188,982,38,0.12941931505443363,-0.09045011541507499,0.06187923297105387,-0.07282202850487098,-0.0917687254317226,-0.25776785482078685,-0.14160355920180107,-0.0950769466441827,0.06874689406687204,0.26768466447701383,-0.1650232844163608,high,3.9139095895678153,0.022222222222222223,0.0,0.010183299389002037,train_oof,0.2526011564304778
RFERF_LR_SMOTE,RFERF,supervised,LR,SMOTE,563,45,188,982,38,-0.006331134840516772,0.04801710700720653,0.04504069849770717,-0.035141987522770875,0.0119510897918226,-0.02374779379457975,-0.02601385585824085,-0.1452448943649783,-0.05467642773161497,-0.06521670736489968,0.0031706608153937127,high,2.5111729639657567,0.0,0.015957446808510637,0.010183299389002037,train_oof,0.2526011564304778
RFERF_LR_SMOTE,RFERF,supervised,LR,SMOTE,571,45,188,982,38,-0.193454524865399,0.03524227493487104,-0.0009730649804397667,0.07988041426259718,0.3687776556054301,0.1179037843724347,0.0222808450473944,0.41077176013790884,-0.19620088689636214,-0.20135997232512645,0.03710735018541781,high,1.8692942738352456,0.0,0.010638297872340425,0.013238289205702648,train_oof,0.2526011564304778
RFERF_LR_SMOTE,RFERF,supervised,LR,SMOTE,582,45,188,982,38,0.34368926248091786,0.14776574308439386,-0.049330132625893156,0.1508254253039433,0.4084103207323855,0.1081579886378668,-0.0419681774093758,0.0781327554284183,0.39579789913391444,0.19079178653161646,0.19961356218260337,high,2.335730040447118,0.044444444444444446,0.010638297872340425,0.010183299389002037,train_oof,0.2526011564304778
RFERF_LR_SMOTE,RFERF,supervised,LR,SMOTE,586,45,188,982,38,0.12799700824890659,0.028811997262999288,-0.01407065246338894,0.060293651980678944,0.1071251793737314,-0.10296625601454484,-0.0782496165571006,-0.12768289547198897,0.14728550786124736,0.08392279553751644,0.04264624428274082,high,2.70237232240538,0.044444444444444446,0.026595744680851064,0.014256619144602852,train_oof,0.2526011564304778
