artifact_key,feature_set,category,model,balance_method,feature,group,n,non_null_n,missing_rate,mean,median,std,p01,p05,p25,p50,p75,p95,p99,group_source,threshold
RFERF_RF_NoResample,RFERF,supervised,RF,NoResample,0,TP,51,51,0.0,-0.16830665525277433,-0.3167684845819726,1.1462951285417604,-1.9566332727628806,-1.5951996792745873,-1.043105861156305,-0.3167684845819726,0.4374638776050014,2.2757968170108303,2.5935861028659337,train_oof,0.10516617787900674
RFERF_RF_NoResample,RFERF,supervised,RF,NoResample,0,FP,218,218,0.0,-0.127031136483516,-0.1457949124776554,0.9990852508276019,-2.4047922430520674,-1.7796002157455721,-0.7550467573357318,-0.1457949124776554,0.5347292879648939,1.2969297393436199,2.5088761054083455,train_oof,0.10516617787900674
RFERF_RF_NoResample,RFERF,supervised,RF,NoResample,0,TN,952,952,0.0,0.03834020347555398,-0.0070540629831626,0.9786940594780191,-2.0168464010369953,-1.422651174968213,-0.5633521492679486,-0.0070540629831626,0.6006962575297359,1.6228939910780296,2.8477654787060502,train_oof,0.10516617787900674
RFERF_RF_NoResample,RFERF,supervised,RF,NoResample,0,FN,32,32,0.0,-0.04059644849406753,-0.4593131957509185,1.2532849009526401,-1.8630582755713605,-1.5258359279688787,-0.8429693495478481,-0.4593131957509185,0.4382980577967687,2.750078306841196,3.2739287856987556,train_oof,0.10516617787900674
RFERF_RF_NoResample,RFERF,supervised,RF,NoResample,0,pred_anomaly,269,269,0.0,-0.13485660658475085,-0.1873037188199209,1.0264654987568673,-2.3084063922863693,-1.6869328066026914,-0.854647872232571,-0.1873037188199209,0.5290234954532187,1.6679130276672427,2.5384287738980698,train_oof,0.10516617787900674
RFERF_RF_NoResample,RFERF,supervised,RF,NoResample,0,pred_normal,984,984,0.0,0.03577315788304596,-0.0190662577445915,0.9881253884079297,-2.0110378375256914,-1.4251070014527716,-0.5683238632108751,-0.0190662577445915,0.5998620773379685,1.6928650255633384,2.956754791153088,train_oof,0.10516617787900674
RFERF_RF_NoResample,RFERF,supervised,RF,NoResample,2,TP,51,51,0.0,-0.05853684301632958,-0.1441076694935351,0.9913871177626641,-1.6883398437053754,-1.2954784589568804,-0.9320840008888156,-0.1441076694935351,0.7253313769383629,1.3929921671362009,2.5952302746798326,train_oof,0.10516617787900674
RFERF_RF_NoResample,RFERF,supervised,RF,NoResample,2,FP,218,218,0.0,0.04379160671913239,-0.10900683806740186,0.9507846402150478,-1.7612452402510135,-1.2233982647471224,-0.6689240568181579,-0.10900683806740186,0.6836624430680721,1.6360677053532957,2.1864131986800213,train_oof,0.10516617787900674
RFERF_RF_NoResample,RFERF,supervised,RF,NoResample,2,TN,952,952,0.0,-0.007896130296222955,0.06856167636438375,1.0062029494082136,-2.5553411916221265,-1.5710245468342707,-0.610361855344569,0.06856167636438375,0.5856814909689401,1.480180179496255,2.241971777173737,train_oof,0.10516617787900674
RFERF_RF_NoResample,RFERF,supervised,RF,NoResample,2,FN,32,32,0.0,0.04679818529397963,-0.13866465867175135,1.1231558113954079,-1.363919066234571,-1.0274397392023855,-0.8662027912260932,-0.13866465867175135,0.46499007456732433,1.6539004075680126,3.2457494662406,train_oof,0.10516617787900674
RFERF_RF_NoResample,RFERF,supervised,RF,NoResample,2,pred_anomaly,269,269,0.0,0.02439104561687009,-0.1095710732053563,0.9575726105875098,-1.893710149216472,-1.2371385728849396,-0.6865673855030385,-0.1095710732053563,0.7253313769383629,1.6296104227446093,2.552254207335462,train_oof,0.10516617787900674
RFERF_RF_NoResample,RFERF,supervised,RF,NoResample,2,pred_normal,984,984,0.0,-0.006117453366460275,0.06518302284371949,1.0096346967812977,-2.5553411916221265,-1.5642674087256283,-0.6516557586740609,0.06518302284371949,0.5856814909689401,1.4874069504442693,2.255884768292994,train_oof,0.10516617787900674
RFERF_RF_NoResample,RFERF,supervised,RF,NoResample,8,TP,51,51,0.0,0.02944590021854519,0.0810525944716143,0.840887657792879,-1.584398748704679,-1.3947580914906235,-0.5887852983308883,0.0810525944716143,0.6641976154048335,1.2649521259365017,1.5690544655404701,train_oof,0.10516617787900674
RFERF_RF_NoResample,RFERF,supervised,RF,NoResample,8,FP,218,218,0.0,0.23075811066618224,0.175872923078642,0.884490445513369,-1.5241336569942976,-1.2765035959564315,-0.38288972764134405,0.175872923078642,0.9716863953161963,1.5612656528334634,1.9790575664372567,train_oof,0.10516617787900674
RFERF_RF_NoResample,RFERF,supervised,RF,NoResample,8,TN,952,952,0.0,-0.05700987902717507,-0.0882694208980773,1.0349956977777313,-2.353730257738414,-1.687278805243306,-0.7709757868686766,-0.0882694208980773,0.686886765464372,1.7009901799165332,2.1159645751845764,train_oof,0.10516617787900674
RFERF_RF_NoResample,RFERF,supervised,RF,NoResample,8,FN,32,32,0.0,0.039399378690669146,-0.0008992609673167501,0.6503658389935906,-0.981680102794724,-0.88096736805283,-0.35275040890553916,-0.0008992609673167502,0.4389993349631434,1.2602788383122996,1.5304219545137223,train_oof,0.10516617787900674
RFERF_RF_NoResample,RFERF,supervised,RF,NoResample,8,pred_anomaly,269,269,0.0,0.1925911116593812,0.139299367758788,0.8784182028787851,-1.545143132661371,-1.3027823727418064,-0.4147222665308442,0.139299367758788,0.9141169100904988,1.5467039595116705,1.9472792105926722,train_oof,0.10516617787900674
RFERF_RF_NoResample,RFERF,supervised,RF,NoResample,8,pred_normal,984,984,0.0,-0.05387461861358663,-0.07878738803737564,1.0246834176070079,-2.351562935941681,-1.6682470107157503,-0.7642029062538898,-0.07878738803737564,0.6723250721425778,1.697061909159957,2.1051279662009144,train_oof,0.10516617787900674
RFERF_RF_NoResample,RFERF,supervised,RF,NoResample,9,TP,51,51,0.0,-0.13838565221509866,-0.0587954064227237,0.8212992751260367,-1.84374277541458,-1.3049531066262976,-0.7496361473843867,-0.0587954064227237,0.42049601673249704,1.1278640481477882,1.2799151203211687,train_oof,0.10516617787900674
RFERF_RF_NoResample,RFERF,supervised,RF,NoResample,9,FP,218,218,0.0,-0.13970331638654074,-0.1844028138702988,1.0229729855534313,-2.3626335864966945,-1.7346626584206333,-0.7909543735184574,-0.1844028138702988,0.45520332668511637,1.6818588241534087,2.5646144618626034,train_oof,0.10516617787900674
RFERF_RF_NoResample,RFERF,supervised,RF,NoResample,9,TN,952,952,0.0,0.0372785977721502,0.0271465039361434,1.0052760500182212,-2.2664447560565777,-1.5528624634307222,-0.6223760108914488,0.0271465039361434,0.6237816893121252,1.7403654323592501,2.776494325478116,train_oof,0.10516617787900674
RFERF_RF_NoResample,RFERF,supervised,RF,NoResample,9,FN,32,32,0.0,0.055449488837981925,-0.029046283606192748,0.8530903889384289,-2.1358791614729142,-1.197856264486786,-0.35793936363339596,-0.029046283606192748,0.4518978685943908,1.4627069527382979,1.7527278456185678,train_oof,0.10516617787900674
RFERF_RF_NoResample,RFERF,supervised,RF,NoResample,9,pred_anomaly,269,269,0.0,-0.13945349901574688,-0.1844028138702988,0.9864974524645612,-2.352518884739074,-1.7088800853129733,-0.7926071025638203,-0.1844028138702988,0.4502451395490279,1.539724126252205,2.561242894610064,train_oof,0.10516617787900674
RFERF_RF_NoResample,RFERF,supervised,RF,NoResample,9,pred_normal,984,984,0.0,0.03786952105884392,0.0271465039361434,1.0003216174572913,-2.2537517969881913,-1.5528624634307222,-0.6141123656646347,0.0271465039361434,0.6221289602667623,1.7185494089604634,2.7511084073413365,train_oof,0.10516617787900674
RFERF_RF_NoResample,RFERF,supervised,RF,NoResample,14,TP,51,51,0.0,-0.2992134718122014,-0.4807030596202024,1.070907279760304,-2.0680011172669563,-1.614360817811463,-1.2121978164766514,-0.4807030596202024,0.45982894471541924,1.5347588264416379,1.8889884532355539,train_oof,0.10516617787900674
RFERF_RF_NoResample,RFERF,supervised,RF,NoResample,14,FP,218,218,0.0,-0.12487133518850334,-0.2926942974639498,1.2176181715974532,-2.1754818101945057,-1.914458820048408,-1.0746176403613477,-0.2926942974639498,0.6926068639306142,1.8240514780087824,2.9800652463659625,train_oof,0.10516617787900674
RFERF_RF_NoResample,RFERF,supervised,RF,NoResample,14,TN,952,952,0.0,0.05573498265867142,0.013873173430381849,0.9354575020726399,-2.1004500771381673,-1.5413397189493716,-0.5701419269029399,0.013873173430381849,0.6895511339051854,1.5703463284300896,2.3319619043407442,train_oof,0.10516617787900674
RFERF_RF_NoResample,RFERF,supervised,RF,NoResample,14,FN,32,32,0.0,-0.30213722649223435,-0.21008109932085306,0.9029632796770726,-1.8342421098199289,-1.6488146258792393,-1.002482522394203,-0.21008109932085306,0.3578326543400178,0.8878933262953577,1.470896961909021,train_oof,0.10516617787900674
RFERF_RF_NoResample,RFERF,supervised,RF,NoResample,14,pred_anomaly,269,269,0.0,-0.15792504882347955,-0.3135962140875918,1.1912637204679868,-2.1823346011982774,-1.8109473215302203,-1.1133295810976946,-0.3135962140875918,0.6687215422525595,1.777832205280968,2.9635219941206046,train_oof,0.10516617787900674
RFERF_RF_NoResample,RFERF,supervised,RF,NoResample,14,pred_normal,984,984,0.0,0.04409686203587772,0.00855728806070155,0.9361304561965301,-2.0973372103856365,-1.545317592355255,-0.5770308803922196,0.00855728806070155,0.6710540225678278,1.56271423586362,2.323896223573032,train_oof,0.10516617787900674
RFERF_RF_NoResample,RFERF,supervised,RF,NoResample,15,TP,51,51,0.0,0.035987686285405496,-0.0058543358332612,0.42384898887214023,-0.8930006077666715,-0.759985905655191,-0.2403492215823428,-0.0058543358332612,0.34408164658651996,0.7026832987093369,0.8909000473008447,train_oof,0.10516617787900674
RFERF_RF_NoResample,RFERF,supervised,RF,NoResample,15,FP,218,218,0.0,0.10095494341024346,-0.0071215735532749996,1.6016638245156194,-1.1443036980227068,-0.814294762523736,-0.400389897884421,-0.0071215735532749996,0.34388197677769294,0.7700641386220856,1.745339659114631,train_oof,0.10516617787900674
RFERF_RF_NoResample,RFERF,supervised,RF,NoResample,15,TN,952,952,0.0,-0.021444901925253532,-0.07048878408221615,0.8440640212627392,-0.9298417108157524,-0.7446781532049616,-0.37987981512183894,-0.07048878408221615,0.30236396786252495,0.717405086827265,0.9808155153471064,train_oof,0.10516617787900674
RFERF_RF_NoResample,RFERF,supervised,RF,NoResample,15,FN,32,32,0.0,-0.1063458211341599,-0.1419625888494819,0.3481170376168834,-0.6313678262434879,-0.6246129699882708,-0.36631158604609976,-0.1419625888494819,0.2166656859145118,0.3997863285319628,0.5592656930674694,train_oof,0.10516617787900674
RFERF_RF_NoResample,RFERF,supervised,RF,NoResample,15,pred_anomaly,269,269,0.0,0.08863773109289498,-0.0058543358332612,1.45303697104853,-1.1158587370573898,-0.8143786238434436,-0.3636147124948945,-0.0058543358332612,0.3446966295977033,0.7622993790964703,1.3226923450751302,train_oof,0.10516617787900674
RFERF_RF_NoResample,RFERF,supervised,RF,NoResample,15,pred_normal,984,984,0.0,-0.024205907427982187,-0.07354240102519055,0.8326465803671973,-0.9219409628390053,-0.7389223381825427,-0.37987981512183894,-0.07354240102519055,0.29871799715336644,0.7086720618420506,0.9729829213317709,train_oof,0.10516617787900674
RFERF_RF_NoResample,RFERF,supervised,RF,NoResample,16,TP,51,51,0.0,0.1820921865676788,0.1449067106772109,1.0316030541712673,-1.4111905454175968,-1.25760405520802,-0.42698120679361495,0.1449067106772109,0.6408485505752276,1.3882496473186439,3.5231118279085862,train_oof,0.10516617787900674
RFERF_RF_NoResample,RFERF,supervised,RF,NoResample,16,FP,218,218,0.0,0.10503726016784201,0.13962437194839175,1.103732396482177,-2.192649770281983,-1.4054298062001322,-0.4834424311308805,0.13962437194839175,0.8005645470456006,1.5773673404871509,2.173179269061089,train_oof,0.10516617787900674
RFERF_RF_NoResample,RFERF,supervised,RF,NoResample,16,TN,952,952,0.0,-0.04257355537179923,-0.0432641481908479,0.9682289217373798,-2.5276556924635765,-1.585587456883341,-0.5850527015842613,-0.0432641481908479,0.47664754952378574,1.4847470125496043,1.8872472703378986,train_oof,0.10516617787900674
RFERF_RF_NoResample,RFERF,supervised,RF,NoResample,16,FN,32,32,0.0,0.2537864260557457,0.252546820622921,1.0327631495557004,-1.9431220554095,-1.6737028468861237,-0.24075384991068777,0.252546820622921,1.018984270143775,1.7433723100478706,1.8517778607754185,train_oof,0.10516617787900674
RFERF_RF_NoResample,RFERF,supervised,RF,NoResample,16,pred_anomaly,269,269,0.0,0.11964618673435382,0.1427140417709074,1.088972047969467,-2.046055900548141,-1.3454702782896324,-0.45129989829987,0.1427140417709074,0.7237713019408141,1.5705401668470753,2.399528480258603,train_oof,0.10516617787900674
RFERF_RF_NoResample,RFERF,supervised,RF,NoResample,16,pred_normal,984,984,0.0,-0.03293583239854574,-0.0295101341422294,0.9712631273083152,-2.527591905731757,-1.5881389261561278,-0.5787736951707612,-0.0295101341422294,0.4897038961931263,1.5223911510000623,1.895075098333395,train_oof,0.10516617787900674
RFERF_RF_NoResample,RFERF,supervised,RF,NoResample,19,TP,51,51,0.0,0.15485363009527353,0.1091869257221089,0.32502258049646543,-0.4417364289508192,-0.23129789433326137,-0.11149767986933226,0.1091869257221089,0.3437956790473057,0.6837550595655593,0.8156403833833056,train_oof,0.10516617787900674
RFERF_RF_NoResample,RFERF,supervised,RF,NoResample,19,FP,218,218,0.0,0.018610039148602375,-0.0156436570122619,0.3599342804510601,-0.786162045534613,-0.5389952872721935,-0.2118566314597324,-0.0156436570122619,0.21926650874927817,0.6747437715039094,0.7386634911948625,train_oof,0.10516617787900674
RFERF_RF_NoResample,RFERF,supervised,RF,NoResample,19,TN,952,952,0.0,-0.014628928211866605,0.08238950932886821,1.127765808269366,-1.896305445171646,-0.6800232590358741,-0.13487973927128236,0.08238950932886821,0.3183118614968682,0.6397757703084064,0.8605654638072767,train_oof,0.10516617787900674
RFERF_RF_NoResample,RFERF,supervised,RF,NoResample,19,FN,32,32,0.0,0.06447530511009744,-0.025062876012683,0.28440138772293055,-0.4610410775446998,-0.23988883076521322,-0.13671877765120913,-0.025062876012683,0.2850778107738663,0.5844732590262648,0.6809439580419551,train_oof,0.10516617787900674
RFERF_RF_NoResample,RFERF,supervised,RF,NoResample,19,pred_anomaly,269,269,0.0,0.04444060843588947,-0.000629937536488,0.35703021111040084,-0.786162045534613,-0.45576566459199247,-0.1430240520966783,-0.000629937536488,0.3156846638112525,0.686329713297459,0.7386634911948625,train_oof,0.10516617787900674
RFERF_RF_NoResample,RFERF,supervised,RF,NoResample,19,pred_normal,984,984,0.0,-0.012056432819282403,0.0781859930318887,1.1104955334642517,-1.884367458888224,-0.6800232590358741,-0.13487973927128236,0.0781859930318887,0.3183118614968682,0.6388299791415882,0.8605654638072767,train_oof,0.10516617787900674
RFERF_RF_NoResample,RFERF,supervised,RF,NoResample,21,TP,51,51,0.0,0.6137804941447043,0.2735105404949241,1.916843470416111,-1.9086793702267464,-1.228285769504671,-0.0284264457965243,0.2735105404949241,0.6139045563924029,5.64211187349676,6.659546825996814,train_oof,0.10516617787900674
RFERF_RF_NoResample,RFERF,supervised,RF,NoResample,21,FP,218,218,0.0,0.22508960300649394,0.16622528867092154,1.5200898587431966,-1.4953629375747763,-1.3381151017487647,-0.6704616246807898,0.16622528867092154,0.37083640772864707,3.828123369310754,6.6819465666257996,train_oof,0.10516617787900674
RFERF_RF_NoResample,RFERF,supervised,RF,NoResample,21,TN,952,952,0.0,-0.08750617146633577,0.1435455019801857,0.7370212884730089,-1.5846226893680548,-1.3572647303372034,-0.5494698930741251,0.1435455019801857,0.40613798875161855,0.769073740464324,1.3060127599790854,train_oof,0.10516617787900674
RFERF_RF_NoResample,RFERF,supervised,RF,NoResample,21,FN,32,32,0.0,0.09507978389976542,0.23446186427957025,0.6340001711008927,-1.245100366141646,-1.1586489635872899,-0.09429643496787882,0.23446186427957025,0.4429186862978988,0.9553832577403083,1.0249332888216551,train_oof,0.10516617787900674
RFERF_RF_NoResample,RFERF,supervised,RF,NoResample,21,pred_anomaly,269,269,0.0,0.29878192809217696,0.1902855841167456,1.6061621252022869,-1.6562198177176612,-1.3322972434237499,-0.554794712558037,0.1902855841167456,0.4159001578054569,4.609885755763617,6.712455810113254,train_oof,0.10516617787900674
RFERF_RF_NoResample,RFERF,supervised,RF,NoResample,21,pred_normal,984,984,0.0,-0.08156841682028369,0.146109303953921,0.7343319779747005,-1.583612945821476,-1.3501846925789651,-0.5227471878863451,0.146109303953921,0.40771571304314796,0.7858962257227566,1.276982633014939,train_oof,0.10516617787900674
RFERF_RF_NoResample,RFERF,supervised,RF,NoResample,24,TP,51,51,0.0,-0.07515325791598057,0.127418282834732,0.7588957753095344,-2.243043206678524,-1.7544508304749757,-0.47558247985966545,0.127418282834732,0.4649363765918878,0.7590810279398701,1.0852696065258187,train_oof,0.10516617787900674
RFERF_RF_NoResample,RFERF,supervised,RF,NoResample,24,FP,218,218,0.0,-0.08820177236476627,0.11909024369768795,0.9202217545370609,-3.06047845076636,-2.077009449309794,-0.3216194416002014,0.11909024369768795,0.5602438092541508,0.6593982041573833,1.868059074852035,train_oof,0.10516617787900674
RFERF_RF_NoResample,RFERF,supervised,RF,NoResample,24,TN,952,952,0.0,0.026553584328358994,0.07093980422005765,1.0363271994515764,-2.5977971005316327,-1.79789472555879,-0.43134242254337724,0.07093980422005765,0.5864327445099822,1.642495751056628,3.263597179466228,train_oof,0.10516617787900674
RFERF_RF_NoResample,RFERF,supervised,RF,NoResample,24,FN,32,32,0.0,-0.0603386615586845,0.11270682283629885,0.705005410742803,-1.582379151728406,-1.4402357350115933,-0.4638654529952927,0.11270682283629885,0.3708126246191539,0.6358387310047202,1.365856894326133,train_oof,0.10516617787900674
RFERF_RF_NoResample,RFERF,supervised,RF,NoResample,24,pred_anomaly,269,269,0.0,-0.08572789044324929,0.1255582131797577,0.8905820037690457,-2.9053046705094427,-2.041468022953745,-0.3627100712509974,0.1255582131797577,0.5622518389953163,0.7161810578065076,1.8667367286752832,train_oof,0.10516617787900674
RFERF_RF_NoResample,RFERF,supervised,RF,NoResample,24,pred_normal,984,984,0.0,0.0237278202344714,0.0731803426680949,1.027095331420529,-2.5906454181444003,-1.7897386025141204,-0.43483004469159203,0.0731803426680949,0.58484745787222,1.633022073036445,3.2614327347768026,train_oof,0.10516617787900674
RFERF_RF_NoResample,RFERF,supervised,RF,NoResample,25,TP,51,51,0.0,-0.4180013165934158,0.4101268941488571,1.7479206104429588,-5.48667653938657,-4.885248679899114,-1.2536361563958827,0.4101268941488571,0.5408109851122531,0.7521538591003685,0.8696290204395067,train_oof,0.10516617787900674
RFERF_RF_NoResample,RFERF,supervised,RF,NoResample,25,FP,218,218,0.0,-0.36172013622380483,0.3887677739053772,1.4511516147651338,-5.499272799509107,-4.245430612184561,-1.2376168162132732,0.3887677739053772,0.5308340276301005,0.7021285511616914,0.8522944081155885,train_oof,0.10516617787900674
RFERF_RF_NoResample,RFERF,supervised,RF,NoResample,25,TN,952,952,0.0,0.09778459550875145,0.449472641965793,0.775404917414085,-1.3758609115786375,-1.295792314771172,0.21466283981543285,0.449472641965793,0.5649805159140847,0.712105508643843,0.8409234869964933,train_oof,0.10516617787900674
RFERF_RF_NoResample,RFERF,supervised,RF,NoResample,25,FN,32,32,0.0,0.20085669794752617,0.46211948947837955,0.8628563633197299,-2.568065174537394,-1.2836232370535055,0.37780717272780173,0.46211948947837955,0.6227344528882308,0.7501865717095219,0.9239373940691132,train_oof,0.10516617787900674
RFERF_RF_NoResample,RFERF,supervised,RF,NoResample,25,pred_anomaly,269,269,0.0,-0.3723905458849579,0.3949506771337523,1.5085078873859703,-5.506439346432906,-4.259763706032159,-1.2480153352791776,0.3949506771337523,0.5326607944930295,0.7317502784467284,0.8558355254191125,train_oof,0.10516617787900674
RFERF_RF_NoResample,RFERF,supervised,RF,NoResample,25,pred_normal,984,984,0.0,0.1011365337994433,0.449472641965793,0.7781348578269364,-1.3777719907583175,-1.295792314771172,0.2302606184142905,0.449472641965793,0.567509885416603,0.7146067740407778,0.8435989978480452,train_oof,0.10516617787900674
RFERF_RF_NoResample,RFERF,supervised,RF,NoResample,28,TP,51,51,0.0,-0.6365046801958667,-0.4976916577216879,0.9128040635065152,-2.521182141367974,-1.9887517256010163,-1.3187714453384045,-0.4976916577216879,-0.07591433108515461,0.5875991829940532,1.2850777843248369,train_oof,0.10516617787900674
RFERF_RF_NoResample,RFERF,supervised,RF,NoResample,28,FP,218,218,0.0,-0.6846821449838124,-0.6261429186451757,0.9705429630449425,-2.591516088598395,-2.24153091590749,-1.351141688227179,-0.6261429186451757,-0.17786056960033209,1.3443215188464925,1.6966198712789486,train_oof,0.10516617787900674
RFERF_RF_NoResample,RFERF,supervised,RF,NoResample,28,TN,952,952,0.0,0.1930294492093657,0.09886313333117945,0.929744148367953,-2.019802398633449,-1.2535590604069278,-0.4610656035039493,0.09886313333117945,0.920149721017882,1.7202576494539348,2.1589150035333717,train_oof,0.10516617787900674
RFERF_RF_NoResample,RFERF,supervised,RF,NoResample,28,FN,32,32,0.0,-0.07935253151796867,-0.12284208028093951,0.9084591344262561,-1.9514658665255322,-1.1200465553392935,-0.7426539458617125,-0.12284208028093951,0.4354772474026871,1.488996477974855,1.7769438070796353,train_oof,0.10516617787900674
RFERF_RF_NoResample,RFERF,supervised,RF,NoResample,28,pred_anomaly,269,269,0.0,-0.675548127496135,-0.598630032788302,0.9583887971906161,-2.630317850881917,-2.2318263971957726,-1.3592324283507855,-0.598630032788302,-0.132556794344747,1.1659756811983253,1.6883598883106332,train_oof,0.10516617787900674
RFERF_RF_NoResample,RFERF,supervised,RF,NoResample,28,pred_normal,984,984,0.0,0.18417149861660687,0.08268165308396815,0.9298642791475275,-2.087471863418843,-1.2477258625320327,-0.476453302766937,0.08268165308396815,0.9072161886510735,1.7178282426985474,2.156845638354682,train_oof,0.10516617787900674
RFERF_RF_NoResample,RFERF,supervised,RF,NoResample,31,TP,51,51,0.0,-0.1243530143413515,-0.4137359566500432,0.7802931411070042,-0.7573409525873426,-0.7037486217831495,-0.5168267596553311,-0.4137359566500432,-0.2492372745982849,1.7595447081491522,1.8011345898669893,train_oof,0.10516617787900674
RFERF_RF_NoResample,RFERF,supervised,RF,NoResample,31,FP,218,218,0.0,0.03375027454159844,-0.41466637905983855,1.0024210428570688,-0.8879517896295467,-0.7625513180821943,-0.5543693038905598,-0.41466637905983855,-0.13377185354272333,1.8594627707370381,1.8933636416603294,train_oof,0.10516617787900674
RFERF_RF_NoResample,RFERF,supervised,RF,NoResample,31,TN,952,952,0.0,0.008587661828234193,-0.46500223142974884,1.0123922921254151,-0.8643153387311143,-0.7491067142606563,-0.5824215395458798,-0.46500223142974884,-0.25882062541917317,1.8793924187548479,1.9517513695646063,train_oof,0.10516617787900674
RFERF_RF_NoResample,RFERF,supervised,RF,NoResample,31,FN,32,32,0.0,-0.2733293998719145,-0.48193591928801793,0.9067601635053086,-2.1294981490359164,-0.7121410319195008,-0.5497637129620749,-0.48193591928801793,-0.39898876145479223,1.809685171813005,1.8852410540228193,train_oof,0.10516617787900674
RFERF_RF_NoResample,RFERF,supervised,RF,NoResample,31,pred_anomaly,269,269,0.0,0.003775301556355164,-0.4142942100959206,0.964922096369205,-0.8658393706383585,-0.7498789648607862,-0.5525549801914599,-0.4142942100959206,-0.2092291109770988,1.855303782565255,1.8923197077165397,train_oof,0.10516617787900674
RFERF_RF_NoResample,RFERF,supervised,RF,NoResample,31,pred_normal,984,984,0.0,-0.0005803726985999148,-0.46779349865913356,1.009953203798103,-0.8687125150398054,-0.7494788832245742,-0.5817702438590234,-0.46779349865913356,-0.2694274408908368,1.8781084358293305,1.951155899222338,train_oof,0.10516617787900674
RFERF_RF_NoResample,RFERF,supervised,RF,NoResample,33,TP,51,51,0.0,0.5822926288988791,-0.0596935570697993,2.3137198572731434,-0.29915705313631447,-0.2666569834041055,-0.1644122384801498,-0.0596935570697993,0.17712655480577388,5.358803470327146,9.728758101984218,train_oof,0.10516617787900674
RFERF_RF_NoResample,RFERF,supervised,RF,NoResample,33,FP,218,218,0.0,0.06398709976246238,-0.1130356944613504,0.9876719358649347,-0.5126272713252437,-0.4177026672377387,-0.2297512733536624,-0.1130356944613504,0.1265633597688024,0.5955573274612557,1.3364199702378898,train_oof,0.10516617787900674
RFERF_RF_NoResample,RFERF,supervised,RF,NoResample,33,TN,952,952,0.0,-0.04279077052114545,-0.1528220154891013,0.8885189239854014,-0.5932809897357589,-0.4804694859562209,-0.2834323061543078,-0.1528220154891013,0.0083566410764722,0.48196636424080014,3.088305898013492,train_oof,0.10516617787900674
RFERF_RF_NoResample,RFERF,supervised,RF,NoResample,33,FN,32,32,0.0,-0.09139722259063558,-0.17966253188942394,0.23246714407592506,-0.43268048873810117,-0.30948997415962043,-0.2534908967607654,-0.17966253188942394,0.012355606903793451,0.33061228558489125,0.4756927324276356,train_oof,0.10516617787900674
RFERF_RF_NoResample,RFERF,supervised,RF,NoResample,33,pred_anomaly,269,269,0.0,0.1622532037994782,-0.1104600893522285,1.352789717853882,-0.5108989047388596,-0.3947933375829183,-0.2234478187444948,-0.1104600893522285,0.1416780950144383,0.7103581472921825,9.728758101984218,train_oof,0.10516617787900674
RFERF_RF_NoResample,RFERF,supervised,RF,NoResample,33,pred_normal,984,984,0.0,-0.04437146814942155,-0.15336424814365318,0.8749541273092705,-0.5931725432048485,-0.4801949806748535,-0.2804500265542717,-0.15336424814365318,0.0083566410764722,0.47589674746391,3.088305898013492,train_oof,0.10516617787900674
RFERF_RF_NoResample,RFERF,supervised,RF,NoResample,35,TP,51,51,0.0,0.05238673531622222,-0.1750404154125366,0.9167623243566044,-0.3003137823428992,-0.2754434673961128,-0.2107553444349582,-0.1750404154125366,-0.13354169221644702,1.8619215207705166,3.681376647309947,train_oof,0.10516617787900674
RFERF_RF_NoResample,RFERF,supervised,RF,NoResample,35,FP,218,218,0.0,-0.053975554678500966,-0.1572733226852912,0.7235305450925834,-0.2963735725620847,-0.2631348304202685,-0.21698196035005177,-0.1572733226852912,-0.1139852381667217,-4.087807404056952e-05,4.719422022168166,train_oof,0.10516617787900674
RFERF_RF_NoResample,RFERF,supervised,RF,NoResample,35,TN,952,952,0.0,0.014938406361656716,-0.1505315876016079,1.0727192313018334,-0.3208643260162251,-0.2805946590820378,-0.2005252584902792,-0.1505315876016079,-0.0859338364244147,0.0525518853214261,4.937327552122658,train_oof,0.10516617787900674
RFERF_RF_NoResample,RFERF,supervised,RF,NoResample,35,FN,32,32,0.0,-0.16524072508898374,-0.15351385647240595,0.08080522786106299,-0.31922606631653205,-0.29957273371439713,-0.2161324655807932,-0.15351385647240595,-0.1294207388677056,-0.04116726952020099,0.018942257378221784,train_oof,0.10516617787900674
RFERF_RF_NoResample,RFERF,supervised,RF,NoResample,35,pred_anomaly,269,269,0.0,-0.033810213452735605,-0.1576167354643541,0.7631654446343976,-0.2992473952921278,-0.2631348304202685,-0.2141171747984058,-0.1576167354643541,-0.1238899856891338,0.03615482883906923,4.1008564413952495,train_oof,0.10516617787900674
RFERF_RF_NoResample,RFERF,supervised,RF,NoResample,35,pred_normal,984,984,0.0,0.00907892241204239,-0.1505315876016079,1.0556963840373288,-0.3208643260162251,-0.288888981414218,-0.200724076414998,-0.1505315876016079,-0.086006133851588,0.0441292350560151,4.937327552122658,train_oof,0.10516617787900674
RFERF_RF_NoResample,RFERF,supervised,RF,NoResample,37,TP,51,51,0.0,0.3553582677413472,0.3739582067047443,0.9430377448317087,-1.584736587737116,-1.2508279075076052,0.024432775278369852,0.3739582067047443,0.8757872116591227,1.7430803941067876,2.554829461472865,train_oof,0.10516617787900674
RFERF_RF_NoResample,RFERF,supervised,RF,NoResample,37,FP,218,218,0.0,-0.15978226231927575,0.0291017008939173,1.2591532382471804,-3.737916283681955,-3.3238308808129693,-0.890837642804988,0.0291017008939173,0.6564282064456521,1.504482195408519,1.9810346030649588,train_oof,0.10516617787900674
RFERF_RF_NoResample,RFERF,supervised,RF,NoResample,37,TN,952,952,0.0,0.026377710557628054,0.0268477368036215,0.9363220652884677,-2.0953979119766415,-1.1647103795158993,-0.5250514704416753,0.0268477368036215,0.3650228490611874,2.233478581174845,3.1134905609889807,train_oof,0.10516617787900674
RFERF_RF_NoResample,RFERF,supervised,RF,NoResample,37,FN,32,32,0.0,-0.24476499841319013,-0.10790711630731761,0.7067932551879933,-1.5686980232605037,-1.2463038795835522,-0.847126839197316,-0.10790711630731761,0.22922151262261253,0.7571804012805863,1.091768490685908,train_oof,0.10516617787900674
RFERF_RF_NoResample,RFERF,supervised,RF,NoResample,37,pred_anomaly,269,269,0.0,-0.06211621386912048,0.0490653828362566,1.2209005134990196,-3.737916283681955,-2.540996952776295,-0.8296586174977291,0.0490653828362566,0.669549497399706,1.504482195408519,2.264080973623251,train_oof,0.10516617787900674
RFERF_RF_NoResample,RFERF,supervised,RF,NoResample,37,pred_normal,984,984,0.0,0.01756006148540632,0.0252377624534461,0.9307142365077529,-2.089524725547142,-1.1822430001894526,-0.5285934140121207,0.0252377624534461,0.3630103811234511,2.139101884766614,3.1134905609889807,train_oof,0.10516617787900674
RFERF_RF_NoResample,RFERF,supervised,RF,NoResample,39,TP,51,51,0.0,0.11298052057022896,-0.2314200930412735,1.115855116091364,-0.6800171242487888,-0.5303416188626519,-0.3017482537499669,-0.2314200930412735,0.04769143942017355,2.378721010390748,4.452918580727445,train_oof,0.10516617787900674
RFERF_RF_NoResample,RFERF,supervised,RF,NoResample,39,FP,218,218,0.0,-0.12106068422052611,-0.2548270228649291,1.1832020363755469,-3.372922125142606,-1.0216724026839985,-0.4746696321031768,-0.2548270228649291,0.0457050715222933,0.5268355877599298,6.891495478251037,train_oof,0.10516617787900674
RFERF_RF_NoResample,RFERF,supervised,RF,NoResample,39,TN,952,952,0.0,0.028289080346053135,-0.1191097783828132,0.9599528852716003,-1.462323962299989,-0.6332032646014739,-0.355863357562461,-0.1191097783828132,0.2127747174195856,0.932269381402718,4.675230728433325,train_oof,0.10516617787900674
RFERF_RF_NoResample,RFERF,supervised,RF,NoResample,39,FN,32,32,0.0,-0.19985630450183384,-0.13312172490569,0.3463037067765186,-1.2197422723367275,-0.6561807094742366,-0.338254474575856,-0.13312172490569,0.024284509596516124,0.22922935960066687,0.2718235296054589,train_oof,0.10516617787900674
RFERF_RF_NoResample,RFERF,supervised,RF,NoResample,39,pred_anomaly,269,269,0.0,-0.07668855989216732,-0.2418351031004259,1.172307001536622,-2.2610886636694048,-0.881338194979777,-0.4200713577209274,-0.2418351031004259,0.0457050715222933,0.5268355877599298,5.558835887002082,train_oof,0.10516617787900674
RFERF_RF_NoResample,RFERF,supervised,RF,NoResample,39,pred_normal,984,984,0.0,0.02086971823717877,-0.1191097783828132,0.9470652492193722,-1.462323962299989,-0.6363062933716735,-0.355863357562461,-0.1191097783828132,0.1887235601695924,0.9299984797248712,4.675230728433325,train_oof,0.10516617787900674
RFERF_RF_NoResample,RFERF,supervised,RF,NoResample,41,TP,51,51,0.0,0.17072945084259522,0.1126433644696137,0.505459598147407,-0.6636539062354285,-0.6350032161039595,-0.1834137668888997,0.1126433644696137,0.6449549961979397,0.9512445168891206,0.9571565640591063,train_oof,0.10516617787900674
RFERF_RF_NoResample,RFERF,supervised,RF,NoResample,41,FP,218,218,0.0,0.133024233930137,-0.09427828647988484,1.5759832009329406,-1.0710899133207394,-0.6622895876577396,-0.3221194889539483,-0.09427828647988484,0.264082726593093,0.8948526823446417,1.3156903908185908,train_oof,0.10516617787900674
RFERF_RF_NoResample,RFERF,supervised,RF,NoResample,41,TN,952,952,0.0,-0.0341923365380636,-0.12270159018173905,0.8385396789359048,-1.2725038101721071,-0.5586013757533754,-0.2834637959194266,-0.12270159018173905,0.0303294769490438,0.8948526823446417,1.3064221199474908,train_oof,0.10516617787900674
RFERF_RF_NoResample,RFERF,supervised,RF,NoResample,41,FN,32,32,0.0,-0.16261785673543805,-0.1847780854665885,0.4251296070669383,-0.9708770756066083,-0.6750459663591317,-0.39317774820858387,-0.1847780854665885,-0.00252786213029935,0.5746243735180714,0.9398888385941562,train_oof,0.10516617787900674
RFERF_RF_NoResample,RFERF,supervised,RF,NoResample,41,pred_anomaly,269,269,0.0,0.14017280665331677,-0.0879114664506695,1.4349074693578565,-0.9895186698792915,-0.6513750390362275,-0.3052928931624505,-0.0879114664506695,0.3077409210791412,0.8948526823446417,1.2957440532127777,train_oof,0.10516617787900674
RFERF_RF_NoResample,RFERF,supervised,RF,NoResample,41,pred_normal,984,984,0.0,-0.03836877621927903,-0.1238385223298133,0.828539700707294,-1.2725038101721071,-0.5667872872195093,-0.2875567516524936,-0.1238385223298133,0.0303294769490438,0.8948526823446417,1.3064221199474908,train_oof,0.10516617787900674
RFERF_RF_NoResample,RFERF,supervised,RF,NoResample,43,TP,51,51,0.0,-0.052595105112533784,-0.2340814587963567,0.882757761934634,-1.6050851337468424,-1.257328542458727,-0.6742028566324583,-0.2340814587963567,0.5867443453169869,1.5632101937422775,1.7588313143547696,train_oof,0.10516617787900674
RFERF_RF_NoResample,RFERF,supervised,RF,NoResample,43,FP,218,218,0.0,0.07880284022404599,0.0521441435330252,0.9271847151254393,-1.7268851436347186,-1.3435402501108304,-0.731128064183828,0.0521441435330252,0.8384386441105577,1.4425475626836248,1.9888868000671804,train_oof,0.10516617787900674
RFERF_RF_NoResample,RFERF,supervised,RF,NoResample,43,TN,952,952,0.0,-0.01481721758626496,-0.376651694088461,1.0197908381981529,-1.6551019907076894,-1.2892933084668514,-0.771169425581334,-0.376651694088461,0.8780740858552323,1.7536701062541356,2.3972292707540337,train_oof,0.10516617787900674
RFERF_RF_NoResample,RFERF,supervised,RF,NoResample,43,FN,32,32,0.0,-0.012921561610500454,-0.27960876401677204,1.0741072008080825,-1.619173198244321,-1.4509088115889681,-0.8672236800629555,-0.27960876401677204,0.9026744244193337,1.531130484149292,1.7267993505585781,train_oof,0.10516617787900674
RFERF_RF_NoResample,RFERF,supervised,RF,NoResample,43,pred_anomaly,269,269,0.0,0.053890962111906346,-0.0142900333113794,0.9187624961259074,-1.7178664931302503,-1.3166153182081461,-0.7035014137525827,-0.0142900333113794,0.8174353163314326,1.4457667868610238,1.9207631936657121,train_oof,0.10516617787900674
RFERF_RF_NoResample,RFERF,supervised,RF,NoResample,43,pred_normal,984,984,0.0,-0.014755570237459605,-0.376651694088461,1.0210299714920257,-1.6569931743892312,-1.300606007860781,-0.7744569728686124,-0.376651694088461,0.8783674733270794,1.7493078766384726,2.3844610479792228,train_oof,0.10516617787900674
RFERF_RF_NoResample,RFERF,supervised,RF,NoResample,47,TP,51,51,0.0,0.06298151332775426,0.4195954803529677,0.9245976863799626,-1.6211244689240019,-1.383898656076795,-0.755499825145988,0.4195954803529677,0.8346749757002399,1.1365270897217683,1.4100066812765217,train_oof,0.10516617787900674
RFERF_RF_NoResample,RFERF,supervised,RF,NoResample,47,FP,218,218,0.0,-0.028768464133463272,0.2638093153270607,0.973889915053796,-1.8668883093653772,-1.496574349465684,-0.956471859285648,0.2638093153270607,0.7893577523158066,1.2291318505508275,1.3950953444689833,train_oof,0.10516617787900674
RFERF_RF_NoResample,RFERF,supervised,RF,NoResample,47,TN,952,952,0.0,-0.0002082488359197639,0.3870196212244471,1.0097938136575193,-1.8093603929785762,-1.6045212891101108,-1.0237252458735604,0.3870196212244471,0.8672508348287598,1.2293420173839147,1.380825016502361,train_oof,0.10516617787900674
RFERF_RF_NoResample,RFERF,supervised,RF,NoResample,47,FN,32,32,0.0,0.11537898945920697,0.5774833137097467,1.0333268421016484,-1.7083069254594105,-1.3563668009423682,-0.8835702390585165,0.5774833137097467,1.0163379320500106,1.3006673863628926,1.3994510520847165,train_oof,0.10516617787900674
RFERF_RF_NoResample,RFERF,supervised,RF,NoResample,47,pred_anomaly,269,269,0.0,-0.011373486993975928,0.2698516117783178,0.9637228219726763,-1.8601892415607217,-1.4608722586949916,-0.947539768879441,0.2698516117783178,0.7894891065864864,1.2169684450859046,1.4062657116475694,train_oof,0.10516617787900674
RFERF_RF_NoResample,RFERF,supervised,RF,NoResample,47,pred_normal,984,984,0.0,0.0035506857427835417,0.3899094151793967,1.0102392257083868,-1.8307080890494112,-1.6016052243010255,-1.0237252458735604,0.3899094151793967,0.8683016689941958,1.2349377093148621,1.3954736447685405,train_oof,0.10516617787900674
RFERF_RF_NoResample,RFERF,supervised,RF,NoResample,48,TP,51,51,0.0,-0.17165183837620943,-0.4051038464813475,0.9980870800005764,-1.8057371313086186,-1.4617951293830895,-0.9423022790760176,-0.4051038464813475,0.32414482398911515,1.7218898857057268,2.0246885407904514,train_oof,0.10516617787900674
RFERF_RF_NoResample,RFERF,supervised,RF,NoResample,48,FP,218,218,0.0,-0.08303077675185605,-0.058328951389802694,1.1511946189300308,-2.441377273503669,-1.8749836636354194,-0.9674940028745895,-0.058328951389802694,0.7457756011959528,1.706384222017359,2.1180341411688968,train_oof,0.10516617787900674
RFERF_RF_NoResample,RFERF,supervised,RF,NoResample,48,TN,952,952,0.0,0.023149619367567674,0.01974160050957715,0.9578742078577323,-2.228095607947477,-1.5450755488705936,-0.631702101795822,0.01974160050957715,0.7135293094546628,1.6104775091610115,2.1253456613745607,train_oof,0.10516617787900674
RFERF_RF_NoResample,RFERF,supervised,RF,NoResample,48,FN,32,32,0.0,0.15550468569420586,0.0972035230178227,1.1040041926188278,-1.9474720880790748,-1.4079413876575713,-0.5943211911911279,0.0972035230178227,0.6695198714810505,2.0052965017899558,2.2595013010072527,train_oof,0.10516617787900674
RFERF_RF_NoResample,RFERF,supervised,RF,NoResample,48,pred_anomaly,269,269,0.0,-0.09983253936465165,-0.1087345309648068,1.12255128989577,-2.4231144080135687,-1.8461611888689935,-0.9579827853894706,-0.1087345309648068,0.6522071318004589,1.735624991165329,2.0633358431682627,train_oof,0.10516617787900674
RFERF_RF_NoResample,RFERF,supervised,RF,NoResample,48,pred_normal,984,984,0.0,0.02745384916680795,0.022751549498471302,0.9626230990036546,-2.2193348858315725,-1.5412113055363263,-0.6225394629619891,0.022751549498471302,0.7135293094546628,1.6740328033812373,2.1444024009104794,train_oof,0.10516617787900674
RFERF_RF_NoResample,RFERF,supervised,RF,NoResample,55,TP,51,51,0.0,-0.07867605489192414,-0.7392687457031054,1.242832424191466,-1.596130016327551,-1.4598111778191163,-1.0508546622938129,-0.7392687457031054,0.7991867174635126,2.0455303838263426,3.1166069721068994,train_oof,0.10516617787900674
RFERF_RF_NoResample,RFERF,supervised,RF,NoResample,55,FP,218,218,0.0,0.26159381435488954,0.3123337227905322,1.2577894182078535,-2.1347841696337366,-1.5571817767537124,-0.8950617039984591,0.3123337227905322,1.36393619128417,2.1039527431871,2.9775617568282833,train_oof,0.10516617787900674
RFERF_RF_NoResample,RFERF,supervised,RF,NoResample,55,TN,952,952,0.0,-0.059931332597804754,-0.077148672947852,0.8982515980371965,-2.063508891213612,-1.4013888184583587,-0.700320506129267,-0.077148672947852,0.5460231602335628,1.4418326704318467,2.298693941056292,train_oof,0.10516617787900674
RFERF_RF_NoResample,RFERF,supervised,RF,NoResample,55,FN,32,32,0.0,0.1588375230958302,0.1175925249213401,1.180458967591362,-1.6432573862118953,-1.3799672866927475,-0.7976911050638631,0.1175925249213401,0.7699755377831339,2.082531211421489,2.2114498844108943,train_oof,0.10516617787900674
RFERF_RF_NoResample,RFERF,supervised,RF,NoResample,55,pred_anomaly,269,269,0.0,0.19708168301069812,0.1565407644951785,1.2597655581941491,-2.1149205674510787,-1.5571817767537124,-0.972958183146136,0.1565407644951785,1.3249879517103311,2.1039527431871,3.1166069721068994,train_oof,0.10516617787900674
RFERF_RF_NoResample,RFERF,supervised,RF,NoResample,55,pred_normal,984,984,0.0,-0.052816898266304445,-0.077148672947852,0.9088687511483657,-2.063508891213612,-1.4013888184583587,-0.700320506129267,-0.077148672947852,0.5557602201270224,1.636573868301039,2.298693941056292,train_oof,0.10516617787900674
RFERF_RF_NoResample,RFERF,supervised,RF,NoResample,56,TP,51,51,0.0,0.269762534092588,0.5932446904524759,0.8131294376839145,-2.144346659003753,-1.6184409523976953,0.0385222327995135,0.5932446904524759,0.7517368212104835,1.1047420215350974,1.2416215890079103,train_oof,0.10516617787900674
RFERF_RF_NoResample,RFERF,supervised,RF,NoResample,56,FP,218,218,0.0,0.1796978755430742,0.463569310741405,0.7457604812767217,-2.107605301418947,-1.3526064239899702,-0.26405365319302915,0.463569310741405,0.6652865680697535,1.0319797251416487,1.1671302875516456,train_oof,0.10516617787900674
RFERF_RF_NoResample,RFERF,supervised,RF,NoResample,56,TN,952,952,0.0,-0.06014138332407087,0.2618520534130405,1.0623257814110236,-3.397875329544249,-1.632128909144975,-0.5918441963516055,0.2618520534130405,0.6076530659759443,1.0463881006651143,1.2263487109530518,train_oof,0.10516617787900674
RFERF_RF_NoResample,RFERF,supervised,RF,NoResample,56,FN,32,32,0.0,0.1617602330094456,0.25464786565131436,0.5277190790896998,-0.9305851049080016,-0.8749687753874756,-0.2424410899078387,0.25464786565131436,0.5752342210481645,0.7404458781014727,0.9835378823003758,train_oof,0.10516617787900674
RFERF_RF_NoResample,RFERF,supervised,RF,NoResample,56,pred_anomaly,269,269,0.0,0.19677333125320506,0.506794437311762,0.7582399891810853,-2.144346659003753,-1.4383362583545254,-0.2424410899078387,0.506794437311762,0.7085116946401104,1.0514310320983171,1.183988086914101,train_oof,0.10516617787900674
RFERF_RF_NoResample,RFERF,supervised,RF,NoResample,56,pred_normal,984,984,0.0,-0.05292507059777764,0.2618520534130405,1.0498245541313471,-3.397875329544249,-1.6256451401594216,-0.5738337269472901,0.2618520534130405,0.6076530659759443,1.0399043316795618,1.198684629948019,train_oof,0.10516617787900674
RFERF_RF_NoResample,RFERF,supervised,RF,NoResample,57,TP,51,51,0.0,-0.3015992438832071,-0.2253487013997487,1.1043127473057632,-3.088252505072732,-1.7522307300253557,-1.060362310804382,-0.2253487013997487,0.4903772495184838,1.1822456687394445,1.7190401319281352,train_oof,0.10516617787900674
RFERF_RF_NoResample,RFERF,supervised,RF,NoResample,57,FP,218,218,0.0,-0.008770466404774017,0.0728704448161804,1.0877690881705429,-3.088252505072732,-1.7796668914772187,-0.7263568670425181,0.0728704448161804,0.8005251615830623,1.8132773821323718,1.913717590577911,train_oof,0.10516617787900674
RFERF_RF_NoResample,RFERF,supervised,RF,NoResample,57,TN,952,952,0.0,0.01855176534306367,0.037084147270272,0.9704019312190769,-2.3963840858517584,-1.513655413052607,-0.5832116768588849,0.037084147270272,0.6335224397021304,1.6593963026849414,2.3035496585113706,train_oof,0.10516617787900674
RFERF_RF_NoResample,RFERF,supervised,RF,NoResample,57,FN,32,32,0.0,-0.004034042019616935,-0.0243685889359746,1.0133702079473528,-1.924482108879681,-1.2595727004766315,-0.601104825631839,-0.024368588935974596,0.4665197178211984,2.160404468327737,2.160404468327737,train_oof,0.10516617787900674
RFERF_RF_NoResample,RFERF,supervised,RF,NoResample,57,pred_anomaly,269,269,0.0,-0.06428819001592675,0.037084147270272,1.0949047935168141,-3.088252505072732,-1.766545249043719,-0.8217869938316334,0.037084147270272,0.7766676298857901,1.8025414928686008,1.9218291513549888,train_oof,0.10516617787900674
RFERF_RF_NoResample,RFERF,supervised,RF,NoResample,57,pred_normal,984,984,0.0,0.01781726754265128,0.037084147270272,0.9713012530618582,-2.3963840858517584,-1.513655413052607,-0.5832116768588849,0.037084147270272,0.6335224397021304,1.6593963026849414,2.3035496585113706,train_oof,0.10516617787900674
RFERF_RF_NoResample,RFERF,supervised,RF,NoResample,58,TP,51,51,0.0,0.13759276783072888,0.0867946754557125,0.8934818147887849,-1.3548440827389765,-0.9637612281223353,-0.7095278791935605,0.0867946754557125,0.8170519514970579,1.5278435650914137,1.956678007484022,train_oof,0.10516617787900674
RFERF_RF_NoResample,RFERF,supervised,RF,NoResample,58,FP,218,218,0.0,0.3233373792526584,0.3215623619375083,0.9050399184033064,-1.448798346816415,-1.0766620703148349,-0.405155702749838,0.3215623619375083,0.9780860681039114,1.91155306272056,2.18081626253264,train_oof,0.10516617787900674
RFERF_RF_NoResample,RFERF,supervised,RF,NoResample,58,TN,952,952,0.0,-0.08714180642964513,-0.39630767436484565,1.0140207699061716,-1.7623960675228927,-1.221887709540503,-0.7546528239570245,-0.39630767436484565,0.8170519514970579,1.5277845782355137,2.186231255904258,train_oof,0.10516617787900674
RFERF_RF_NoResample,RFERF,supervised,RF,NoResample,58,FN,32,32,0.0,0.211222331742003,0.23190234096958884,0.8881342076065902,-1.0250839635159203,-0.8240213664953584,-0.6001072614991605,0.23190234096958884,0.5551503113012974,1.8070283540658592,1.9190207986775016,train_oof,0.10516617787900674
RFERF_RF_NoResample,RFERF,supervised,RF,NoResample,58,pred_anomaly,269,269,0.0,0.28812185812805463,0.3133042021115141,0.9041478838671725,-1.4351605857323435,-1.0634490145932463,-0.4936359865997613,0.3133042021115141,0.9291269777069572,1.903589837174068,2.088761375215186,train_oof,0.10516617787900674
RFERF_RF_NoResample,RFERF,supervised,RF,NoResample,58,pred_normal,984,984,0.0,-0.0774389076273151,-0.3957178058058476,1.0111598773511832,-1.704258622347903,-1.2022450865258196,-0.7543578896775255,-0.3957178058058476,0.8170519514970579,1.528433433650412,2.17037558903835,train_oof,0.10516617787900674
RFERF_RF_NoResample,RFERF,supervised,RF,NoResample,59,TP,51,51,0.0,0.8263055893270912,0.5913549367439842,1.1561674471391057,-0.8121380183575126,-0.5726064473577479,-0.0417072554479944,0.5913549367439842,1.5507219233835283,2.480165187971537,3.844705144254214,train_oof,0.10516617787900674
RFERF_RF_NoResample,RFERF,supervised,RF,NoResample,59,FP,218,218,0.0,0.7366666556909939,0.652215199329083,1.745940848027278,-2.328210507983354,-1.5311545702545717,-0.20255802267136708,0.652215199329083,1.7062376692528156,2.499896411229176,2.69130239282763,train_oof,0.10516617787900674
RFERF_RF_NoResample,RFERF,supervised,RF,NoResample,59,TN,952,952,0.0,-0.2210096104542426,-0.2892502206406054,0.5522969188635307,-1.0875919314323232,-0.8668064151527295,-0.5252166705836295,-0.2892502206406054,-0.051860760730331176,0.45152572352435183,2.3147089325466843,train_oof,0.10516617787900674
RFERF_RF_NoResample,RFERF,supervised,RF,NoResample,59,FN,32,32,0.0,0.21425159831872292,-0.0319436852812387,0.9286944970231885,-1.3757277498480067,-0.9176802875050264,-0.23382119716538508,-0.031943685281238705,0.7184611241923688,1.9945658218982358,2.285231458318331,train_oof,0.10516617787900674
RFERF_RF_NoResample,RFERF,supervised,RF,NoResample,59,pred_anomaly,269,269,0.0,0.7536613977558302,0.6148320691574072,1.6488931237102258,-2.284774875844924,-1.4547632426568056,-0.1802297557500187,0.6148320691574072,1.6875891489524637,2.4975340121198455,3.4710397422047965,train_oof,0.10516617787900674
RFERF_RF_NoResample,RFERF,supervised,RF,NoResample,59,pred_normal,984,984,0.0,-0.20685477439658523,-0.2741946739052502,0.5729466608447327,-1.0970152958709656,-0.8673614396808812,-0.5233480204842867,-0.2741946739052502,-0.039058735117489654,0.6180280178774458,2.3390137402236184,train_oof,0.10516617787900674
RFERF_RF_NoResample,RFERF,supervised,RF,NoResample,63,TP,51,51,0.0,0.48420643653077383,-0.039989683617217,1.259210066080399,-0.8480567945369664,-0.7173514197483658,-0.4225931799213437,-0.039989683617217,1.1462976538135345,2.5355210565600164,4.112272465303841,train_oof,0.10516617787900674
RFERF_RF_NoResample,RFERF,supervised,RF,NoResample,63,FP,218,218,0.0,0.39270838201178365,0.11790795149894409,1.937976321804221,-1.2073390306302265,-0.9650827703587256,-0.4355997669594531,0.11790795149894409,0.7178030547664962,2.379215520958375,3.4579544711167167,train_oof,0.10516617787900674
RFERF_RF_NoResample,RFERF,supervised,RF,NoResample,63,TN,952,952,0.0,-0.11382555024732322,-0.14289660119197364,0.5473297925400653,-1.2057053633292147,-0.9634993307997199,-0.49660249208185314,-0.14289660119197364,0.20511370356854158,0.8322843359667145,1.2740986127513718,train_oof,0.10516617787900674
RFERF_RF_NoResample,RFERF,supervised,RF,NoResample,63,FN,32,32,0.0,-0.07582691107855807,-0.08295638599663045,0.5412470374200558,-1.0548409443947875,-0.8408423854397717,-0.49570651976091806,-0.08295638599663045,0.27036646839916884,0.7259114377333519,1.1349222027048242,train_oof,0.10516617787900674
RFERF_RF_NoResample,RFERF,supervised,RF,NoResample,63,pred_anomaly,269,269,0.0,0.41005559680906434,0.0710709151532609,1.8270610419212225,-1.1629354417851945,-0.9095451433188173,-0.4238255582066447,0.0710709151532609,0.8221155497369206,2.47642818470462,4.05988373132047,train_oof,0.10516617787900674
RFERF_RF_NoResample,RFERF,supervised,RF,NoResample,63,pred_normal,984,984,0.0,-0.11258982214427393,-0.141437731762347,0.5469020099412036,-1.1941644404550618,-0.962060445882828,-0.49660249208185314,-0.141437731762347,0.21119898769623063,0.8357216721570673,1.2711142588496696,train_oof,0.10516617787900674
RFERF_RF_NoResample,RFERF,supervised,RF,NoResample,64,TP,51,51,0.0,0.7731949113783679,0.4129299665275699,1.6561019446261758,-1.7924521828980908,-1.649531783941354,-0.5719235384542711,0.4129299665275699,2.1260273608780644,3.4367446496709935,4.082001192203793,train_oof,0.10516617787900674
RFERF_RF_NoResample,RFERF,supervised,RF,NoResample,64,FP,218,218,0.0,0.4035699484176158,0.03378672379094575,1.5808901310091161,-1.951313820307762,-1.673142911379533,-0.7987897668032037,0.03378672379094575,1.5631546761641637,3.294089988735168,4.306984737673271,train_oof,0.10516617787900674
RFERF_RF_NoResample,RFERF,supervised,RF,NoResample,64,TN,952,952,0.0,-0.12980976125518195,-0.1436289045215398,0.6900880246311053,-1.7545435385210586,-1.2455968066812784,-0.5894805046450389,-0.1436289045215398,0.3293999867100836,1.0461775847565737,1.486657219788636,train_oof,0.10516617787900674
RFERF_RF_NoResample,RFERF,supervised,RF,NoResample,64,FN,32,32,0.0,-0.1927682512939891,-0.4413569146681613,1.0080594524586648,-2.109069094995256,-1.352770370489117,-0.7651820212959192,-0.4413569146681613,0.22401254753898328,1.5627104271063033,2.2348219266134652,train_oof,0.10516617787900674
RFERF_RF_NoResample,RFERF,supervised,RF,NoResample,64,pred_anomaly,269,269,0.0,0.4736475436257882,0.180399055557295,1.5988682617525822,-1.9405027456325803,-1.6764565225028862,-0.7634374816166516,0.180399055557295,1.618244602140568,3.380314876650221,4.379924753077252,train_oof,0.10516617787900674
RFERF_RF_NoResample,RFERF,supervised,RF,NoResample,64,pred_normal,984,984,0.0,-0.13185719182554964,-0.14970436538131437,0.7020613773667395,-1.7636648439487634,-1.250480503515972,-0.596032671114846,-0.14970436538131437,0.3293999867100836,1.065062226784645,1.5790855690910905,train_oof,0.10516617787900674
RFERF_RF_NoResample,RFERF,supervised,RF,NoResample,65,TP,51,51,0.0,0.5886129969373748,0.3924581330782618,1.3433138808648308,-1.6365888017356678,-1.2926981835490832,-0.427711249837028,0.3924581330782618,1.616546034354998,2.63529763708347,3.461612684758719,train_oof,0.10516617787900674
RFERF_RF_NoResample,RFERF,supervised,RF,NoResample,65,FP,218,218,0.0,0.5015165404506287,0.0712292264370213,1.8018172942512836,-1.712068092600568,-1.418162715776536,-0.5731905510124324,0.0712292264370213,1.2861020486298593,2.990655149673118,7.795162085040018,train_oof,0.10516617787900674
RFERF_RF_NoResample,RFERF,supervised,RF,NoResample,65,TN,952,952,0.0,-0.14119360043307144,-0.16989411885027045,0.5968338767469837,-1.4224806776107746,-1.0884255840404735,-0.5502041241432862,-0.16989411885027045,0.2713529895242526,0.8514408506332491,1.2969819944497316,train_oof,0.10516617787900674
RFERF_RF_NoResample,RFERF,supervised,RF,NoResample,65,FN,32,32,0.0,-0.2156204452966758,-0.5190553794505683,0.8110962099356169,-1.6135896596980526,-1.0537104396755967,-0.7133992097741232,-0.5190553794505683,0.1525926324136984,1.130904530521465,1.8747700507327614,train_oof,0.10516617787900674
RFERF_RF_NoResample,RFERF,supervised,RF,NoResample,65,pred_anomaly,269,269,0.0,0.5180292515317589,0.1951132495515686,1.7223709398069451,-1.6868891878651104,-1.4130657106096558,-0.570791075672337,0.1951132495515686,1.405118759943415,2.8363873428076105,7.642993921638777,train_oof,0.10516617787900674
RFERF_RF_NoResample,RFERF,supervised,RF,NoResample,65,pred_normal,984,984,0.0,-0.14361398563188785,-0.1760602919464696,0.6045958580864571,-1.4409935527347404,-1.0950648160926117,-0.5585134183765793,-0.1760602919464696,0.2690628919774381,0.8546839022040222,1.3382855101928668,train_oof,0.10516617787900674
RFERF_RF_NoResample,RFERF,supervised,RF,NoResample,67,TP,51,51,0.0,0.30565171999216423,-0.0571945933291523,2.591365619905447,-0.057985408103033154,-0.057881866337861604,-0.057589855292265194,-0.0571945933291523,-0.056981838269537,-0.055704871640362946,9.196651438239739,train_oof,0.10516617787900674
RFERF_RF_NoResample,RFERF,supervised,RF,NoResample,67,FP,218,218,0.0,0.1368583612085337,-0.05720317333497405,1.90627877071968,-0.057951131706894185,-0.057748629027116895,-0.057469153515449976,-0.05720317333497405,-0.05702073914339005,-0.05596366788376104,2.137560500993253,train_oof,0.10516617787900674
RFERF_RF_NoResample,RFERF,supervised,RF,NoResample,67,TN,952,952,0.0,-0.04615975439536204,-0.05732911036957885,0.34275557845980115,-0.058715805093545806,-0.05777263850103515,-0.05754259254833157,-0.05732911036957885,-0.05704662458468297,-0.0563234318905841,-0.05571316952395945,train_oof,0.10516617787900674
RFERF_RF_NoResample,RFERF,supervised,RF,NoResample,67,FN,32,32,0.0,-0.0569514174226243,-0.057044225091529455,0.0006901901512073977,-0.057803238582815226,-0.05776475652958531,-0.057439705190383626,-0.057044225091529455,-0.056801294587710355,-0.05583681467904303,-0.05517611642056892,train_oof,0.10516617787900674
RFERF_RF_NoResample,RFERF,supervised,RF,NoResample,67,pred_anomaly,269,269,0.0,0.16886007607085768,-0.0572012828252167,2.0492921816730147,-0.057978392857595124,-0.05777396185786534,-0.0575023101481173,-0.0572012828252167,-0.0570154311736868,-0.05592155314332044,7.662212597264294,train_oof,0.10516617787900674
RFERF_RF_NoResample,RFERF,supervised,RF,NoResample,67,pred_normal,984,984,0.0,-0.04651070278649251,-0.05731791273486225,0.337135951755133,-0.058713664454805164,-0.057772754840097154,-0.057540193055178025,-0.05731791273486225,-0.057037172035896255,-0.056057088150539426,-0.055709461216358475,train_oof,0.10516617787900674
RFERF_RF_NoResample,RFERF,supervised,RF,NoResample,75,TP,51,51,0.0,0.04720656360723239,-0.1286592023305925,1.8477094528101257,-2.359934513147353,-1.9942961107825135,-0.7630198040238079,-0.1286592023305925,0.45504065686628936,1.4572423019024452,7.265606561155947,train_oof,0.10516617787900674
RFERF_RF_NoResample,RFERF,supervised,RF,NoResample,75,FP,218,218,0.0,-0.41859950282416575,-0.34231537720643235,1.3289794109183122,-3.9665408425745436,-3.0185241655996835,-1.147380654702509,-0.34231537720643235,0.3559218128517245,1.3543789682251048,2.101074259801496,train_oof,0.10516617787900674
RFERF_RF_NoResample,RFERF,supervised,RF,NoResample,75,TN,952,952,0.0,0.08468885969996516,0.08940225450145005,0.8040776550908244,-1.883503269584011,-1.2031074714484757,-0.450244785133403,0.08940225450145005,0.6334545760925061,1.3618679475506519,1.9614268217898654,train_oof,0.10516617787900674
RFERF_RF_NoResample,RFERF,supervised,RF,NoResample,75,FN,32,32,0.0,0.24578976394665242,0.39556935045755043,0.8101261319075299,-1.7618734347732492,-0.9196275775668202,-0.19033314971743287,0.39556935045755043,0.6125294868005425,1.3781674907886035,1.5821760981803594,train_oof,0.10516617787900674
RFERF_RF_NoResample,RFERF,supervised,RF,NoResample,75,pred_anomaly,269,269,0.0,-0.3302868285193282,-0.3092757625349107,1.4493072290183242,-3.876673090668005,-2.598260266977929,-1.014120875527372,-0.3092757625349107,0.4087851963261591,1.431691666556468,3.2493110016857703,train_oof,0.10516617787900674
RFERF_RF_NoResample,RFERF,supervised,RF,NoResample,75,pred_normal,984,984,0.0,0.08992791349660538,0.0960101774357544,0.8043683575379652,-1.9179525744815176,-1.1984819253944625,-0.450244785133403,0.0960101774357544,0.6334545760925061,1.3671542858980952,1.9543783706599396,train_oof,0.10516617787900674
RFERF_RF_NoResample,RFERF,supervised,RF,NoResample,76,TP,51,51,0.0,-0.3734963863047966,-0.1733448226763963,1.1351532671566005,-3.811476720662264,-2.2888511485422525,-0.7976662224542179,-0.1733448226763963,0.1844796726399091,1.4151563887487086,1.778969578547295,train_oof,0.10516617787900674
RFERF_RF_NoResample,RFERF,supervised,RF,NoResample,76,FP,218,218,0.0,-0.21040330366996238,-0.28263849697802934,1.0988678748448235,-2.847266965542569,-1.8524250381460055,-0.8904909869295775,-0.28263849697802934,0.3566546390054954,1.7648961465139343,2.4091299554453403,train_oof,0.10516617787900674
RFERF_RF_NoResample,RFERF,supervised,RF,NoResample,76,TN,952,952,0.0,0.07366745812218903,0.13806729040222931,0.9549242675141215,-2.301127972230929,-1.5534394661181135,-0.5334150784235573,0.13806729040222931,0.7406796726817814,1.5198088248265735,2.1096353443864535,train_oof,0.10516617787900674
RFERF_RF_NoResample,RFERF,supervised,RF,NoResample,76,FN,32,32,0.0,0.10110581664439969,-0.1239380931975759,0.902178041968085,-1.4239938348836036,-1.2610414580207308,-0.41738412282935783,-0.1239380931975759,0.8477275865525589,1.5674189459607097,1.7230651155552,train_oof,0.10516617787900674
RFERF_RF_NoResample,RFERF,supervised,RF,NoResample,76,pred_anomaly,269,269,0.0,-0.24132429703195696,-0.2392204619814902,1.1055454225694117,-3.04935546084715,-2.0076819425991475,-0.8859994660678666,-0.2392204619814902,0.3297055138352297,1.7250713282067636,2.386223199050615,train_oof,0.10516617787900674
RFERF_RF_NoResample,RFERF,supervised,RF,NoResample,76,pred_normal,984,984,0.0,0.07455976246437475,0.1290842486788074,0.9528311986705578,-2.262800327544329,-1.5477502063599462,-0.5326664916132722,0.1290842486788074,0.7429254331126368,1.5265461061191397,2.1029280065662985,train_oof,0.10516617787900674
RFERF_RF_NoResample,RFERF,supervised,RF,NoResample,79,TP,51,51,0.0,0.5731664194817969,0.5055779371215329,1.1129967788808928,-1.4403859431644905,-1.1228979404985135,-0.1185991565551162,0.5055779371215329,1.1038376428254488,2.3435527008545027,2.8813385012887096,train_oof,0.10516617787900674
RFERF_RF_NoResample,RFERF,supervised,RF,NoResample,79,FP,218,218,0.0,0.6474895064340042,0.42566599087227325,1.3454803295142286,-2.0751891659099604,-1.3460034552971218,-0.24062685826006663,0.42566599087227325,1.5876288849831284,2.9942951172032033,3.97358362175291,train_oof,0.10516617787900674
RFERF_RF_NoResample,RFERF,supervised,RF,NoResample,79,TN,952,952,0.0,-0.18127540864119504,-0.237387184763475,0.8052605444271386,-1.841198348162804,-1.4334746397050953,-0.6477458276650783,-0.237387184763475,0.2507236220563266,1.136234377791365,2.2753899704862164,train_oof,0.10516617787900674
RFERF_RF_NoResample,RFERF,supervised,RF,NoResample,79,FN,32,32,0.0,-0.06905914933640298,-0.26330457273620783,0.9066277154790795,-1.3966719487838148,-1.2529168368283898,-0.7136191887624409,-0.26330457273620783,0.5574127130669985,1.385905215262024,2.2515459735513015,train_oof,0.10516617787900674
RFERF_RF_NoResample,RFERF,supervised,RF,NoResample,79,pred_anomaly,269,269,0.0,0.6333985122534742,0.4364649025275786,1.3029891834857321,-1.9386045312936584,-1.3069113951049165,-0.2114697967907422,0.4364649025275786,1.5293147620444796,2.9340371901665994,3.881058546690256,train_oof,0.10516617787900674
RFERF_RF_NoResample,RFERF,supervised,RF,NoResample,79,pred_normal,984,984,0.0,-0.17762609939551077,-0.237387184763475,0.8084886653014722,-1.812170873633343,-1.4239715974484264,-0.6477458276650783,-0.237387184763475,0.2550431867184488,1.136234377791365,2.3407449838241225,train_oof,0.10516617787900674
RFERF_RF_NoResample,RFERF,supervised,RF,NoResample,81,TP,51,51,0.0,0.028738730030361734,0.1266769737832367,1.1098167749925936,-3.022508084683322,-2.195958102263595,-0.31474219245525564,0.1266769737832367,0.7014106533152332,1.5368482699545272,1.8242151097205255,train_oof,0.10516617787900674
RFERF_RF_NoResample,RFERF,supervised,RF,NoResample,81,FP,218,218,0.0,-0.05697362077827382,0.1266769737832367,1.0414565379920708,-3.63723611820337,-2.2095858080669313,-0.40509980702085296,0.1266769737832367,0.5829088637210071,1.3057697802457864,1.6945741519044408,train_oof,0.10516617787900674
RFERF_RF_NoResample,RFERF,supervised,RF,NoResample,81,TN,952,952,0.0,0.0123151146471214,0.08119384045593026,0.9698619535946701,-2.84748094145265,-2.01257658286653,-0.3295549161545339,0.08119384045593026,0.5177328794441828,1.444713128545016,2.3658867899557334,train_oof,0.10516617787900674
RFERF_RF_NoResample,RFERF,supervised,RF,NoResample,81,FN,32,32,0.0,-0.06070398101263343,-0.009600084250123448,1.1947587976365257,-3.067301761149939,-2.7126259048944212,-0.36806799777265725,-0.009600084250123445,0.6421597585181202,1.520554273885321,1.7739703509325742,train_oof,0.10516617787900674
RFERF_RF_NoResample,RFERF,supervised,RF,NoResample,81,pred_anomaly,269,269,0.0,-0.040723323784815045,0.1266769737832367,1.0531640114952197,-3.4146305064506164,-2.2113633349108444,-0.4006559899110695,0.1266769737832367,0.6066092216398523,1.3271001023727471,1.8103504003380004,train_oof,0.10516617787900674
RFERF_RF_NoResample,RFERF,supervised,RF,NoResample,81,pred_normal,984,984,0.0,0.009940509910218803,0.0792762579455461,0.9773410508162859,-2.867626245683668,-2.0519784279066045,-0.3310361885244617,0.0792762579455461,0.5192141518141106,1.4530082538166118,2.35071856088767,train_oof,0.10516617787900674
RFERF_RF_NoResample,RFERF,supervised,RF,NoResample,88,TP,51,51,0.0,0.13599422022358837,0.4179605790297466,0.9542803660900012,-2.778246267713084,-1.162033898460497,-0.3537222189146984,0.4179605790297466,0.7579385215054049,1.4100119905367494,1.6210068381373441,train_oof,0.10516617787900674
RFERF_RF_NoResample,RFERF,supervised,RF,NoResample,88,FP,218,218,0.0,0.035612701542310866,0.0580350519194613,0.9790358271522682,-2.9100622205599214,-1.8089309645767528,-0.5171701504951146,0.0580350519194613,0.6681626346473372,1.4288546990549753,1.7558550495638892,train_oof,0.10516617787900674
RFERF_RF_NoResample,RFERF,supervised,RF,NoResample,88,TN,952,952,0.0,-0.01672796759479368,0.0271186469362466,1.0053808971840859,-2.749373526162731,-1.846677606872979,-0.638059472934272,0.0271186469362466,0.6188734790922371,1.5285147504691272,2.2228689731771114,train_oof,0.10516617787900674
RFERF_RF_NoResample,RFERF,supervised,RF,NoResample,88,FN,32,32,0.0,0.038304718206599364,-0.07280172939194846,1.0876948816429441,-2.4436798858169135,-1.4035016205910442,-0.5652710093417824,-0.07280172939194846,0.7223728527484394,1.6522768636685359,2.458761303080677,train_oof,0.10516617787900674
RFERF_RF_NoResample,RFERF,supervised,RF,NoResample,88,pred_anomaly,269,269,0.0,0.05464414188708838,0.0583830295863551,0.9734266656178572,-2.9468796308183167,-1.7924642851872812,-0.4969629933305876,0.0583830295863551,0.6895693742824609,1.4249962850652544,1.7812975025124205,train_oof,0.10516617787900674
RFERF_RF_NoResample,RFERF,supervised,RF,NoResample,88,pred_normal,984,984,0.0,-0.014938286755723972,0.0229645459776822,1.0076165939265607,-2.749373526162731,-1.8156214465348972,-0.638059472934272,0.0229645459776822,0.6188734790922371,1.5424352678651367,2.2266600864050954,train_oof,0.10516617787900674
RFERF_RF_NoResample,RFERF,supervised,RF,NoResample,90,TP,51,51,0.0,-0.25851028619823657,-0.1830780542350153,0.8207488076354273,-2.1224986084715853,-1.7305240630140062,-0.7061473404378016,-0.1830780542350153,0.26062471746619004,1.1544023592373642,1.3802027442726525,train_oof,0.10516617787900674
RFERF_RF_NoResample,RFERF,supervised,RF,NoResample,90,FP,218,218,0.0,-0.10320800217330565,-0.071812000519382,1.0088487947331366,-2.4030713883438453,-1.6540066583209974,-0.6825664809511323,-0.071812000519382,0.4979805166804088,1.4209202862300296,2.127421953127313,train_oof,0.10516617787900674
RFERF_RF_NoResample,RFERF,supervised,RF,NoResample,90,TN,952,952,0.0,0.037505050264676716,0.037910504719571955,0.9916080865668467,-2.1029020459747345,-1.5044933239326153,-0.6279062678096277,0.037910504719571955,0.6417370349583271,1.6586620311775024,2.511621793240828,train_oof,0.10516617787900674
RFERF_RF_NoResample,RFERF,supervised,RF,NoResample,90,FN,32,32,0.0,0.010228686484716462,-0.01911674771040295,0.8105637238800733,-1.4887834476315127,-1.1817699890549846,-0.5088884207801105,-0.01911674771040295,0.41996889504841034,1.2231191041681932,1.9857195503760923,train_oof,0.10516617787900674
RFERF_RF_NoResample,RFERF,supervised,RF,NoResample,90,pred_anomaly,269,269,0.0,-0.13265192962784644,-0.1177277649702647,0.976468754289188,-2.377098654850231,-1.6604168119769387,-0.6887857603776092,-0.1177277649702647,0.4612666402259885,1.3982258656417683,2.0097142254974965,train_oof,0.10516617787900674
RFERF_RF_NoResample,RFERF,supervised,RF,NoResample,90,pred_normal,984,984,0.0,0.0366180140441902,0.036096233740064,0.9859109259526012,-2.0411426698876944,-1.4993687190868819,-0.6124595351703779,0.036096233740064,0.6356955673348745,1.6483903469899033,2.5115893139689978,train_oof,0.10516617787900674
RFERF_RF_NoResample,RFERF,supervised,RF,NoResample,91,TP,51,51,0.0,0.09231403141361312,0.161971951279922,0.7394023639696521,-2.5233342170437334,-0.9068431405276222,-0.12372294383609345,0.161971951279922,0.6119696418085078,0.9721936399982665,1.1935224915505946,train_oof,0.10516617787900674
RFERF_RF_NoResample,RFERF,supervised,RF,NoResample,91,FP,218,218,0.0,0.10686765613824287,0.17100578195552718,1.0142565723745847,-2.920043598874593,-1.664273381235398,-0.4034893875712431,0.17100578195552718,0.7203756099157705,1.6269769796544773,2.3993920869954137,train_oof,0.10516617787900674
RFERF_RF_NoResample,RFERF,supervised,RF,NoResample,91,TN,952,952,0.0,-0.030963253235175184,-0.0209631199010839,1.0098307784099305,-2.747983001369347,-1.734285568971339,-0.5469014495464761,-0.0209631199010839,0.5021521376581816,1.6873342608558655,2.54516423723465,train_oof,0.10516617787900674
RFERF_RF_NoResample,RFERF,supervised,RF,NoResample,91,FN,32,32,0.0,0.051766274717753524,0.03323986415254745,0.8832265289651903,-1.987752273152133,-1.4266271730252584,-0.36227253511379415,0.03323986415254745,0.42000073995189646,1.6514247839203349,1.8904938204618835,train_oof,0.10516617787900674
RFERF_RF_NoResample,RFERF,supervised,RF,NoResample,91,pred_anomaly,269,269,0.0,0.104108418736919,0.1687473242866259,0.9669462714605754,-2.937896706747258,-1.6086588611387036,-0.3224672186994086,0.1687473242866259,0.6859341304650256,1.55724709912715,2.376931725478191,train_oof,0.10516617787900674
RFERF_RF_NoResample,RFERF,supervised,RF,NoResample,91,pred_normal,984,984,0.0,-0.028272862082234413,-0.0209631199010839,1.0056729740537516,-2.7458148820072013,-1.7365440266402403,-0.5440783774603495,-0.0209631199010839,0.49763522232037893,1.6881811824817035,2.5256511629753398,train_oof,0.10516617787900674
RFERF_RF_NoResample,RFERF,supervised,RF,NoResample,92,TP,51,51,0.0,-0.08877058185008813,-0.160566413754832,0.914701369609541,-2.174439498682899,-1.075963270540317,-0.5724949993083004,-0.160566413754832,0.3734150860367009,1.2430420999829117,2.5245976994825914,train_oof,0.10516617787900674
RFERF_RF_NoResample,RFERF,supervised,RF,NoResample,92,FP,218,218,0.0,0.038609385512101455,-0.0080002709572512,0.8993488454455646,-2.5048977639824597,-1.228529413337898,-0.4046722422309614,-0.0080002709572512,0.4802113859950074,1.4261214713400088,2.7278158016889678,train_oof,0.10516617787900674
RFERF_RF_NoResample,RFERF,supervised,RF,NoResample,92,TN,952,952,0.0,-0.002868353479044174,-0.0690267280762835,1.0337325268595972,-2.204952727242416,-1.378044233279527,-0.5267251564690261,-0.0690267280762835,0.4191849288759751,1.439852424191789,3.4232122805603433,train_oof,0.10516617787900674
RFERF_RF_NoResample,RFERF,supervised,RF,NoResample,92,FN,32,32,0.0,-0.042327653086706926,-0.16056641375483205,0.7326352626121132,-0.8318574420641879,-0.8318574420641879,-0.5343534636089051,-0.16056641375483205,0.27424709321827334,0.7975489630139754,2.3885087001071508,train_oof,0.10516617787900674
RFERF_RF_NoResample,RFERF,supervised,RF,NoResample,92,pred_anomaly,269,269,0.0,0.014459280175775547,-0.0080002709572512,0.9019471082240603,-2.607727344228029,-1.204118830490285,-0.4351854707904776,-0.0080002709572512,0.4496981574354913,1.4261214713400088,2.8260683976506087,train_oof,0.10516617787900674
RFERF_RF_NoResample,RFERF,supervised,RF,NoResample,92,pred_normal,984,984,0.0,-0.004151582734577926,-0.0690267280762835,1.0250816831065535,-2.204952727242416,-1.3505823275759627,-0.5267251564690261,-0.0690267280762835,0.4191849288759751,1.4261214713400088,3.37439111486511,train_oof,0.10516617787900674
RFERF_RF_NoResample,RFERF,supervised,RF,NoResample,102,TP,51,51,0.0,-0.20971328347568355,-0.448198677762217,1.4007566250470582,-2.9345033005585455,-1.9974255982590585,-0.8252761778313601,-0.448198677762217,-0.01656528406604895,2.5291089876773363,4.17461101457481,train_oof,0.10516617787900674
RFERF_RF_NoResample,RFERF,supervised,RF,NoResample,102,FP,218,218,0.0,-0.11698434191190728,-0.0887716138665231,1.0487993895837056,-2.5333409780381784,-1.5875343327583662,-0.6916944677004829,-0.0887716138665231,0.2891081787559585,1.6624725715609776,2.936224320943476,train_oof,0.10516617787900674
RFERF_RF_NoResample,RFERF,supervised,RF,NoResample,102,TN,952,952,0.0,0.04338344635137868,-0.0310065500261438,0.959852228864784,-2.039722461671069,-1.385517067827706,-0.5324393958627702,-0.0310065500261438,0.574724327744501,1.6890284550764845,2.572978344493891,train_oof,0.10516617787900674
RFERF_RF_NoResample,RFERF,supervised,RF,NoResample,102,FN,32,32,0.0,-0.17572006933459422,-0.19306964580054145,0.9357475901157988,-1.8295859961006227,-1.378697581124328,-0.72779763260072,-0.19306964580054145,0.0688788728645121,1.562747607180989,2.3117197974247095,train_oof,0.10516617787900674
RFERF_RF_NoResample,RFERF,supervised,RF,NoResample,102,pred_anomaly,269,269,0.0,-0.1345649219109875,-0.1722100394137378,1.1216276828444671,-2.608676248796673,-1.6038208715911397,-0.7370239969641138,-0.1722100394137378,0.2177041415088229,1.7776817822204014,3.7275094204502706,train_oof,0.10516617787900674
RFERF_RF_NoResample,RFERF,supervised,RF,NoResample,102,pred_normal,984,984,0.0,0.036258128768095,-0.0310065500261438,0.9594008695507091,-2.0325339203931554,-1.3900099061264022,-0.5460783692695265,-0.0310065500261438,0.5711140112544772,1.696088629545864,2.5647628687477027,train_oof,0.10516617787900674
RFERF_RF_NoResample,RFERF,supervised,RF,NoResample,103,TP,51,51,0.0,1.1001530795519698,1.170021611873074,0.8777951302262996,-0.5789351811373133,-0.36644510348184567,0.4508244259622606,1.170021611873074,1.6113471577728915,2.4776528589836437,3.2458862166611038,train_oof,0.10516617787900674
RFERF_RF_NoResample,RFERF,supervised,RF,NoResample,103,FP,218,218,0.0,0.8960488723695184,0.9738769248064886,1.104101056431708,-1.297805459236349,-0.7914252587927811,0.19747087183458753,0.9738769248064886,1.464238642472952,2.248817390739294,2.7663124567833015,train_oof,0.10516617787900674
RFERF_RF_NoResample,RFERF,supervised,RF,NoResample,103,TN,952,952,0.0,-0.2681184985546481,-0.301063541126317,0.7895779691268727,-1.902911818836765,-1.4125501011703014,-0.7914252587927811,-0.301063541126317,0.1892981765401465,1.0539693386920086,1.79049263862704,train_oof,0.10516617787900674
RFERF_RF_NoResample,RFERF,supervised,RF,NoResample,103,FN,32,32,0.0,0.07079409477075112,-0.023191901115321198,1.2815278510858075,-1.820857958080577,-1.3291886091670027,-0.6116259623150773,-0.023191901115321198,0.5570694647899943,1.665286946716202,4.159593550579618,train_oof,0.10516617787900674
RFERF_RF_NoResample,RFERF,supervised,RF,NoResample,103,pred_anomaly,269,269,0.0,0.9347452090472324,1.0065677059842526,1.0664131033565571,-1.2477885640343696,-0.6279713529039598,0.2219889577179106,1.0065677059842526,1.4969294236507165,2.307660796859269,3.0438571889825146,train_oof,0.10516617787900674
RFERF_RF_NoResample,RFERF,supervised,RF,NoResample,103,pred_normal,984,984,0.0,-0.25709695080422856,-0.301063541126317,0.8115098407124334,-1.9140266844372051,-1.4125501011703014,-0.7669071729094576,-0.301063541126317,0.1892981765401465,1.1046400495175452,1.8293946682285775,train_oof,0.10516617787900674
RFERF_RF_NoResample,RFERF,supervised,RF,NoResample,107,TP,51,51,0.0,-0.2187439898978554,-0.0460567170744432,1.1906924814798674,-4.030494251111444,-1.6626192839699763,-0.6834313509167155,-0.0460567170744432,0.46722728009057235,1.2411016142778266,1.7775115937326946,train_oof,0.10516617787900674
RFERF_RF_NoResample,RFERF,supervised,RF,NoResample,107,FP,218,218,0.0,-0.012001651187327966,0.07408558116308231,1.1301072305568762,-3.4825776853465036,-2.437903739028563,-0.5556743999739945,0.07408558116308231,0.6872061360184363,1.6068869683014668,2.117531219195347,train_oof,0.10516617787900674
RFERF_RF_NoResample,RFERF,supervised,RF,NoResample,107,TN,952,952,0.0,0.01994739503958885,0.0069638276876572,0.9575552593480279,-2.506943256889,-1.4861849605488586,-0.5235236441076144,0.0069638276876572,0.5504244114991875,1.4656492618288068,2.867749365645129,train_oof,0.10516617787900674
RFERF_RF_NoResample,RFERF,supervised,RF,NoResample,107,FN,32,32,0.0,-0.16038226671772254,0.0069638276876572,0.8927945430764898,-2.676338256920426,-1.350531332726676,-0.6634076345437937,0.0069638276876572,0.42069329133660116,0.9666920927165299,1.1774656795963359,train_oof,0.10516617787900674
RFERF_RF_NoResample,RFERF,supervised,RF,NoResample,107,pred_anomaly,269,269,0.0,-0.05119815406553204,0.0430629219937682,1.1424539892307641,-3.6557856522140124,-2.154018205211912,-0.5864150349690421,0.0430629219937682,0.6398260747416655,1.564414127656933,2.152513497771363,train_oof,0.10516617787900674
RFERF_RF_NoResample,RFERF,supervised,RF,NoResample,107,pred_normal,984,984,0.0,0.01408301579544864,0.0069638276876572,0.9556278067867954,-2.524011359915608,-1.4782318788345434,-0.5291641275929443,0.0069638276876572,0.5445019038395913,1.447092071162071,2.8655834199867622,train_oof,0.10516617787900674
RFERF_RF_NoResample,RFERF,supervised,RF,NoResample,115,TP,51,51,0.0,-0.29119148994262345,-0.121814924343019,1.0577846668618969,-2.581184777684476,-2.039121309578907,-0.8242396723672856,-0.121814924343019,0.3066736143159295,0.8877562938297747,2.2790645579941113,train_oof,0.10516617787900674
RFERF_RF_NoResample,RFERF,supervised,RF,NoResample,115,FP,218,218,0.0,-0.09935065881021117,0.02005326496944625,1.026577410688192,-2.662495282120678,-1.9747027537529611,-0.6783546336815389,0.02005326496944625,0.5219051797011625,1.2744734948789027,1.9621677447420496,train_oof,0.10516617787900674
RFERF_RF_NoResample,RFERF,supervised,RF,NoResample,115,TN,952,952,0.0,0.037173825209163555,0.0984279630780968,0.9922459123337073,-2.881650154935135,-1.726711618494287,-0.5169414682454911,0.0984279630780968,0.6417939853257664,1.5325704203257766,2.357116882923352,train_oof,0.10516617787900674
RFERF_RF_NoResample,RFERF,supervised,RF,NoResample,115,FN,32,32,0.0,0.034991500267949255,0.1276213744880319,0.8840314216553476,-2.1100545020331367,-1.924297240449693,-0.2974541750020432,0.1276213744880319,0.5024073641368386,1.235434188971468,1.742712274623807,train_oof,0.10516617787900674
RFERF_RF_NoResample,RFERF,supervised,RF,NoResample,115,pred_anomaly,269,269,0.0,-0.1357219688018581,-0.0162675422656639,1.0333151830060878,-2.7050071635383826,-1.9866693355727287,-0.7418019895556476,-0.0162675422656639,0.4684671399146857,1.24015742150406,2.4497856594786622,train_oof,0.10516617787900674
RFERF_RF_NoResample,RFERF,supervised,RF,NoResample,115,pred_normal,984,984,0.0,0.037102855292376086,0.0984279630780968,0.9885076715351646,-2.8746726886792167,-1.754807931763755,-0.4969474415794143,0.0984279630780968,0.6371727631333068,1.525753771576924,2.288830361559233,train_oof,0.10516617787900674
RFERF_RF_NoResample,RFERF,supervised,RF,NoResample,122,TP,51,51,0.0,-0.5154233345136904,-0.7763509938745743,0.6806370743278053,-1.535217775407415,-1.3812287496657147,-0.9685603173723085,-0.7763509938745743,0.18414170625531262,0.697069180488459,0.8676757269936528,train_oof,0.10516617787900674
RFERF_RF_NoResample,RFERF,supervised,RF,NoResample,122,FP,218,218,0.0,-0.2808337063414763,-0.3021977347562447,0.7601264446235083,-1.806637281211132,-1.474397649413031,-0.8804874573257964,-0.3021977347562447,0.4023851456158518,0.8410876937720643,0.9709702360595237,train_oof,0.10516617787900674
RFERF_RF_NoResample,RFERF,supervised,RF,NoResample,122,TN,952,952,0.0,0.0972988145174103,0.050093705429804,1.0456524223707437,-1.6648344373626591,-1.198436021267293,-0.7378537374391494,0.050093705429804,0.5807465351440091,2.3264724830848116,2.734377226092684,train_oof,0.10516617787900674
RFERF_RF_NoResample,RFERF,supervised,RF,NoResample,122,FN,32,32,0.0,-0.15502881649456102,-0.028008642158612353,0.7474759310463585,-1.5844721069504077,-1.3105488946849915,-0.7597334731110814,-0.028008642158612353,0.5018133115174184,0.8099575382084543,0.8364015529167594,train_oof,0.10516617787900674
RFERF_RF_NoResample,RFERF,supervised,RF,NoResample,122,pred_anomaly,269,269,0.0,-0.325309806849963,-0.3232465943900025,0.7501710826303514,-1.806637281211132,-1.4095893184354087,-0.9048598211122524,-0.3232465943900025,0.3669344346537346,0.8410876937720643,0.9551503562926785,train_oof,0.10516617787900674
RFERF_RF_NoResample,RFERF,supervised,RF,NoResample,122,pred_normal,984,984,0.0,0.08909303789913484,0.0406771103304912,1.0379887108783155,-1.6648344373626591,-1.2135025734261933,-0.7386846134773241,0.0406771103304912,0.5807465351440091,2.324478380593193,2.734377226092684,train_oof,0.10516617787900674
RFERF_RF_NoResample,RFERF,supervised,RF,NoResample,124,TP,51,51,0.0,0.4357707086457371,0.2991009479565267,1.0429436915960408,-1.3563115283915395,-0.7464227213159271,-0.3107878591190778,0.2991009479565267,0.9961167274715012,2.4337117727211273,2.564402231380189,train_oof,0.10516617787900674
RFERF_RF_NoResample,RFERF,supervised,RF,NoResample,124,FP,218,218,0.0,0.2545765156692181,0.2119739755171568,1.0011884757058787,-1.8642617777130737,-1.182057583512792,-0.4850418039978175,0.2119739755171568,0.9089897550321312,2.39014828650145,2.564402231380189,train_oof,0.10516617787900674
RFERF_RF_NoResample,RFERF,supervised,RF,NoResample,124,TN,952,952,0.0,-0.08826680713591087,-0.2236608866797079,0.9820546207855805,-2.444527414159292,-1.6176924457096569,-0.7464227213159271,-0.2236608866797079,0.6476088377140061,1.6060055345471056,1.9545134243045847,train_oof,0.10516617787900674
RFERF_RF_NoResample,RFERF,supervised,RF,NoResample,124,FN,32,32,0.0,0.154796899853817,-0.049406941800960495,0.8941861050793785,-1.8224408309421816,-0.872756831353029,-0.4414783177781326,-0.04940694180096049,0.8436445257026038,1.6931325069864755,1.813367728952817,train_oof,0.10516617787900674
RFERF_RF_NoResample,RFERF,supervised,RF,NoResample,124,pred_anomaly,269,269,0.0,0.28892931805510086,0.2119739755171568,1.0097650630512098,-1.819827021768995,-1.1472067945370439,-0.4850418039978175,0.2119739755171568,0.9089897550321312,2.39014828650145,2.564402231380189,train_oof,0.10516617787900674
RFERF_RF_NoResample,RFERF,supervised,RF,NoResample,124,pred_normal,984,984,0.0,-0.08036229633949693,-0.2236608866797079,0.9798529253055477,-2.416646782978694,-1.6176924457096569,-0.7464227213159271,-0.2236608866797079,0.6476088377140061,1.6060055345471056,1.9545134243045847,train_oof,0.10516617787900674
RFERF_RF_NoResample,RFERF,supervised,RF,NoResample,125,TP,51,51,0.0,-0.43432933525015144,-0.6579862487150034,0.847604142844205,-1.89755933584709,-1.6439981118827782,-0.9932088393824092,-0.6579862487150034,-0.055800678059802204,1.2146857929664534,2.0402339640130496,train_oof,0.10516617787900674
RFERF_RF_NoResample,RFERF,supervised,RF,NoResample,125,FP,218,218,0.0,-0.38080610539487997,-0.49537827563006775,0.8068809865629573,-2.074998585598014,-1.5393214628353544,-0.8920702539251855,-0.49537827563006775,0.0031670484435263,0.975241085346878,2.0402339640130496,train_oof,0.10516617787900674
RFERF_RF_NoResample,RFERF,supervised,RF,NoResample,125,TN,952,952,0.0,0.12099379140640032,-0.0826041901067694,1.0262164792288586,-1.5678761376693908,-0.976411971832976,-0.7230294379489777,-0.0826041901067694,0.6786155520271047,2.1974812346885915,3.459033201699192,train_oof,0.10516617787900674
RFERF_RF_NoResample,RFERF,supervised,RF,NoResample,125,FN,32,32,0.0,-0.28793026051655957,-0.23449075837291805,0.5903318400621937,-1.42119302454196,-1.0204054696060656,-0.7651109518627164,-0.23449075837291805,0.2140213432130033,0.5733670947226797,0.8548397092319006,train_oof,0.10516617787900674
RFERF_RF_NoResample,RFERF,supervised,RF,NoResample,125,pred_anomaly,269,269,0.0,-0.39095363224476415,-0.540050795708347,0.8134122758791199,-2.074998585598014,-1.5678761376693908,-0.9256639890240512,-0.540050795708347,0.0031670484435263,0.975241085346878,2.0402339640130496,train_oof,0.10516617787900674
RFERF_RF_NoResample,RFERF,supervised,RF,NoResample,125,pred_normal,984,984,0.0,0.10769544825443415,-0.0826041901067694,1.0173957935327251,-1.5678761376693908,-0.976411971832976,-0.7230294379489777,-0.0826041901067694,0.6428775359644822,2.1974812346885915,3.459033201699192,train_oof,0.10516617787900674
RFERF_RF_NoResample,RFERF,supervised,RF,NoResample,126,TP,51,51,0.0,0.1391941930495263,0.0299945930039064,0.8313001352582877,-0.9843637171244974,-0.9001602280597849,-0.49285032746768487,0.0299945930039064,0.5508812927995735,1.4046655075022456,2.5110601893990574,train_oof,0.10516617787900674
RFERF_RF_NoResample,RFERF,supervised,RF,NoResample,126,FP,218,218,0.0,-0.040977054593776256,-0.0639999994404245,0.7553685353610777,-1.2132797141399614,-1.0352774546985095,-0.5574716097731613,-0.0639999994404245,0.2865215015498933,1.2245092053172788,2.2505776750876976,train_oof,0.10516617787900674
RFERF_RF_NoResample,RFERF,supervised,RF,NoResample,126,TN,952,952,0.0,-0.0032927811979503894,-0.0639999994404245,1.055951858052201,-1.4522609654296736,-1.313344790679656,-0.8012700839256457,-0.0639999994404245,0.48528090015613445,1.8041425253906531,4.717974891164911,train_oof,0.10516617787900674
RFERF_RF_NoResample,RFERF,supervised,RF,NoResample,126,FN,32,32,0.0,0.09902187183021191,0.055451461790912454,0.8990676045610243,-1.0732669358114275,-0.9620400014189693,-0.5907613612638613,0.055451461790912454,0.525424424012567,2.0371707858255554,2.231034632741988,train_oof,0.10516617787900674
RFERF_RF_NoResample,RFERF,supervised,RF,NoResample,126,pred_anomaly,269,269,0.0,-0.006818193516421499,-0.0639999994404245,0.7719689816799626,-1.1833189377983306,-1.0196116892911211,-0.5574716097731613,-0.0639999994404245,0.3119783703368993,1.297355014461634,2.492809572699448,train_oof,0.10516617787900674
RFERF_RF_NoResample,RFERF,supervised,RF,NoResample,126,pred_normal,984,984,0.0,3.452459158333842e-05,-0.06204177876450115,1.0509791661756231,-1.448501181731901,-1.3104074596657707,-0.7797296564904862,-0.06204177876450115,0.4882182311700195,1.8041425253906531,4.717974891164911,train_oof,0.10516617787900674
RFERF_RF_NoResample,RFERF,supervised,RF,NoResample,129,TP,51,51,0.0,0.5272940805661801,0.460546058970014,0.5884162347327144,-1.033432754299251,-0.3006892112119129,0.402623765635886,0.460546058970014,0.6922352323065263,1.618991925652575,2.120250390869695,train_oof,0.10516617787900674
RFERF_RF_NoResample,RFERF,supervised,RF,NoResample,129,FP,218,218,0.0,0.46607886151208183,0.460546058970014,0.5958154643738796,-1.2028319913229517,-0.4744969103075557,0.2247152147688789,0.460546058970014,0.7984873320589825,1.277246313071893,1.76010353104798,train_oof,0.10516617787900674
RFERF_RF_NoResample,RFERF,supervised,RF,NoResample,129,TN,952,952,0.0,-0.14427095478416885,0.1516271611879976,1.0492784043205667,-2.624561009524277,-2.3935249416799045,-0.4660473580030001,0.1516271611879976,0.499160921192766,1.078465492720564,1.811658045833748,train_oof,0.10516617787900674
RFERF_RF_NoResample,RFERF,supervised,RF,NoResample,129,FN,32,32,0.0,0.26278520571148667,0.460546058970014,0.8423293422719066,-1.804448279225968,-1.4807283782283385,-0.2056419525589761,0.460546058970014,0.885391181606804,1.165348932721756,1.3248283137017225,train_oof,0.10516617787900674
RFERF_RF_NoResample,RFERF,supervised,RF,NoResample,129,pred_anomaly,269,269,0.0,0.4776847208866507,0.460546058970014,0.593813595714552,-1.098743303513208,-0.45723043385911594,0.2288568856335018,0.460546058970014,0.7308500945292784,1.3330949964684788,1.859759265329826,train_oof,0.10516617787900674
RFERF_RF_NoResample,RFERF,supervised,RF,NoResample,129,pred_normal,984,984,0.0,-0.131033356068863,0.1902420234107497,1.0453412500660453,-2.624561009524277,-2.3935249416799045,-0.4660473580030001,0.1902420234107497,0.499160921192766,1.078465492720564,1.811658045833748,train_oof,0.10516617787900674
RFERF_RF_NoResample,RFERF,supervised,RF,NoResample,130,TP,51,51,0.0,0.4440905528144059,0.4012904273357412,0.695392983597019,-0.9516837068248925,-0.7913267003876475,-0.0712444775648862,0.4012904273357412,0.9378461903196778,1.3866019193607895,1.601224224554364,train_oof,0.10516617787900674
RFERF_RF_NoResample,RFERF,supervised,RF,NoResample,130,FP,218,218,0.0,0.16154033521687486,0.18118062002073948,0.7619909995129157,-1.4972755566354454,-1.098260985712777,-0.3815932086544587,0.18118062002073948,0.8192551722510697,1.1989903190537927,1.601224224554364,train_oof,0.10516617787900674
RFERF_RF_NoResample,RFERF,supervised,RF,NoResample,130,TN,952,952,0.0,-0.0679479165447619,0.1049653127787032,1.0534145912317285,-2.5924468411314554,-2.125399438352255,-0.7922412840745515,0.1049653127787032,0.8390711521339987,1.323190783735415,1.5731769914892948,train_oof,0.10516617787900674
RFERF_RF_NoResample,RFERF,supervised,RF,NoResample,130,FN,32,32,0.0,0.16342245343334472,0.08667363904061445,0.8021645549821633,-0.8376656071908054,-0.8282758813385868,-0.5815821748575629,0.08667363904061445,0.9570524477446711,1.2730106254472584,1.5077781606510485,train_oof,0.10516617787900674
RFERF_RF_NoResample,RFERF,supervised,RF,NoResample,130,pred_anomaly,269,269,0.0,0.2151093355792321,0.225690359450088,0.7567481858446747,-1.4493879547891286,-1.0664334734085021,-0.3279376323560655,0.225690359450088,0.8976045080958828,1.2000268472322844,1.601224224554364,train_oof,0.10516617787900674
RFERF_RF_NoResample,RFERF,supervised,RF,NoResample,130,pred_normal,984,984,0.0,-0.06042367687067713,0.1049653127787032,1.0466789503237035,-2.5924468411314554,-2.0522327433999004,-0.7913267003876469,0.1049653127787032,0.8463878216292344,1.323190783735415,1.5731769914892948,train_oof,0.10516617787900674
RFERF_RF_NoResample,RFERF,supervised,RF,NoResample,131,TP,51,51,0.0,0.15483588579959082,0.083076745979686,1.0339799982992457,-1.2457487538995915,-1.09326058178229,-0.4833078933131073,0.083076745979686,0.4751891885670194,1.6079584671526062,4.004201171852923,train_oof,0.10516617787900674
RFERF_RF_NoResample,RFERF,supervised,RF,NoResample,131,FP,218,218,0.0,-0.1989884760302127,-0.3090356966076473,0.8055690412330204,-1.5576959860024135,-1.3982369260168692,-0.7011481391949808,-0.3090356966076473,0.213780893508781,0.9544377295070828,1.8257987130344795,train_oof,0.10516617787900674
RFERF_RF_NoResample,RFERF,supervised,RF,NoResample,131,TN,952,952,0.0,0.037489548392384026,-0.0040593523730439,1.0363417653805722,-1.5725091227223775,-1.3546688768405042,-0.6140120408422507,-0.0040593523730439,0.5623252869197494,1.3901182212707328,2.2614792047981296,train_oof,0.10516617787900674
RFERF_RF_NoResample,RFERF,supervised,RF,NoResample,131,FN,32,32,0.0,0.006832659921032158,-0.004059352373043949,0.7712342656179577,-1.1969525388220628,-1.0409789227706496,-0.6575800900186157,-0.004059352373043945,0.4751891885670194,1.3901182212707328,1.3901182212707328,train_oof,0.10516617787900674
RFERF_RF_NoResample,RFERF,supervised,RF,NoResample,131,pred_anomaly,269,269,0.0,-0.1319065338245622,-0.1783315490785523,0.8626804638834477,-1.5132565758425212,-1.3546688768405042,-0.6575800900186157,-0.1783315490785523,0.3444850410379244,0.9544377295070828,2.2440519851276055,train_oof,0.10516617787900674
RFERF_RF_NoResample,RFERF,supervised,RF,NoResample,131,pred_normal,984,984,0.0,0.03649257640957583,-0.0040593523730439,1.0285081959315048,-1.5725091227223775,-1.3546688768405042,-0.6140120408422507,-0.0040593523730439,0.5623252869197494,1.3901182212707328,2.2614792047981296,train_oof,0.10516617787900674
RFERF_RF_NoResample,RFERF,supervised,RF,NoResample,132,TP,51,51,0.0,0.10268423143092331,0.2401499116717677,1.226808164767352,-2.3688051549557114,-2.219401858370029,-0.55355510143967,0.2401499116717677,0.9824975415818809,1.5875808927538904,1.980698316894968,train_oof,0.10516617787900674
RFERF_RF_NoResample,RFERF,supervised,RF,NoResample,132,FP,218,218,0.0,0.15529779587827336,0.2420174528790927,0.9356902914089971,-2.3496068313444503,-2.020695473911067,-0.2920993324147255,0.2420174528790927,0.7705316145509402,1.5250182623086366,1.980698316894968,train_oof,0.10516617787900674
RFERF_RF_NoResample,RFERF,supervised,RF,NoResample,132,TN,952,952,0.0,-0.039594300923329884,-0.2454108022316965,0.9965979470983566,-1.8066752515520808,-1.358932247096865,-0.8336862825378271,-0.2454108022316965,0.5968502822700827,1.836897643931252,2.176790143663675,train_oof,0.10516617787900674
RFERF_RF_NoResample,RFERF,supervised,RF,NoResample,132,FN,32,32,0.0,-0.05620553366498682,-0.2454108022316965,0.9899741935181173,-1.8603297104384129,-1.5468068925533602,-0.8448915297817478,-0.2454108022316965,0.6808896365995303,1.4652569436743654,1.564180601426157,train_oof,0.10516617787900674
RFERF_RF_NoResample,RFERF,supervised,RF,NoResample,132,pred_anomaly,269,269,0.0,0.1453227334737572,0.2420174528790927,0.9950518754780634,-2.3762753197849946,-2.217534317162704,-0.2939668736220463,0.2420174528790927,0.8639086749169897,1.5250182623086366,1.980698316894968,train_oof,0.10516617787900674
RFERF_RF_NoResample,RFERF,supervised,RF,NoResample,132,pred_normal,984,984,0.0,-0.04013450361411546,-0.2454108022316965,0.9958869436969617,-1.8371535240555594,-1.3640679854169997,-0.8336862825378271,-0.2454108022316965,0.5968502822700827,1.836897643931252,2.176790143663675,train_oof,0.10516617787900674
RFERF_RF_NoResample,RFERF,supervised,RF,NoResample,133,TP,51,51,0.0,0.2989666294604072,0.1222732321194762,0.9360939278358796,-1.686424349909759,-0.9348905552859214,-0.4278699006939421,0.1222732321194762,1.2904061398684932,1.5574027211787602,1.6556363058016332,train_oof,0.10516617787900674
RFERF_RF_NoResample,RFERF,supervised,RF,NoResample,133,FP,218,218,0.0,0.1531323637142718,0.207161560580143,0.9459757736018737,-2.5016093002981674,-1.7060703046837769,-0.3761274997315144,0.207161560580143,0.8879487302321617,1.4288843222291634,1.708392671858185,train_oof,0.10516617787900674
RFERF_RF_NoResample,RFERF,supervised,RF,NoResample,133,TN,952,952,0.0,-0.05658630759363621,-0.048614907786318245,1.0113445379003405,-2.640431060127601,-1.7670476838824907,-0.6418741541368314,-0.048614907786318245,0.6614032894592412,1.5581054239875376,2.1469719020373548,train_oof,0.10516617787900674
RFERF_RF_NoResample,RFERF,supervised,RF,NoResample,133,FN,32,32,0.0,0.15222860687020429,0.1355651377430604,0.8441980265945804,-2.2690111647029765,-0.9792759169717029,-0.2949432229526616,0.1355651377430604,0.7091901290577598,1.2413998593870725,1.2867083378212145,train_oof,0.10516617787900674
RFERF_RF_NoResample,RFERF,supervised,RF,NoResample,133,pred_anomaly,269,269,0.0,0.18078123937617852,0.1979700249253101,0.9441086517005227,-2.1784312483515076,-1.668079386127683,-0.3921174183085066,0.1979700249253101,0.9774823663061089,1.5446900499745626,1.727131819905658,train_oof,0.10516617787900674
RFERF_RF_NoResample,RFERF,supervised,RF,NoResample,133,pred_normal,984,984,0.0,-0.04979557866798286,-0.0351565858625062,1.0066626590983507,-2.640431060127601,-1.7444575415268244,-0.6414930788609178,-0.0351565858625062,0.6644328379026858,1.5575703943001684,2.1469719020373548,train_oof,0.10516617787900674
RFERF_RF_NoResample,RFERF,supervised,RF,NoResample,137,TP,51,51,0.0,0.312563658430878,0.3779592912063781,0.8883783882361205,-1.5784726417585775,-1.1798688916367803,-0.3768845254493922,0.3779592912063781,0.8420341886911752,1.4803778754804298,2.3055068944523622,train_oof,0.10516617787900674
RFERF_RF_NoResample,RFERF,supervised,RF,NoResample,137,FP,218,218,0.0,0.16035058161641522,0.11992594571690521,0.9185603647026281,-1.7541278788895451,-1.4663051613499076,-0.46546313658756944,0.11992594571690521,0.8150754809534695,1.6271102704528009,2.09701980254083,train_oof,0.10516617787900674
RFERF_RF_NoResample,RFERF,supervised,RF,NoResample,137,TN,952,952,0.0,-0.051960258284705046,-0.17758265038849386,1.017847812175873,-1.8353313578394783,-1.5130977754946402,-0.8587714262608885,-0.17758265038849386,0.7000195675729023,1.816687754508312,2.3281136965124123,train_oof,0.10516617787900674
RFERF_RF_NoResample,RFERF,supervised,RF,NoResample,137,FN,32,32,0.0,-0.031897338154389145,-0.11788836896928735,0.9172629385705395,-1.8456912040986826,-1.4836357591812899,-0.5314156894458861,-0.11788836896928735,0.5512652695202026,1.4583295037949489,1.822618670210609,train_oof,0.10516617787900674
RFERF_RF_NoResample,RFERF,supervised,RF,NoResample,137,pred_anomaly,269,269,0.0,0.18920882294555125,0.2406770655650387,0.9132376947937849,-1.720737593734415,-1.4479154714288296,-0.4539094046999812,0.2406770655650387,0.8227779688785283,1.6088168616307865,2.17987931639465,train_oof,0.10516617787900674
RFERF_RF_NoResample,RFERF,supervised,RF,NoResample,137,pred_normal,984,984,0.0,-0.0513078055975403,-0.17373140642596435,1.0143148600491694,-1.8474435201016337,-1.5200300146271932,-0.8534759658124103,-0.17373140642596435,0.6966497291056892,1.8010902164600626,2.250472618227807,train_oof,0.10516617787900674
RFERF_RF_NoResample,RFERF,supervised,RF,NoResample,139,TP,51,51,0.0,-0.23208082133776267,-0.387469123908896,0.789484912185008,-1.1120416102373571,-1.051426821113004,-0.7142679562611383,-0.387469123908896,-0.08063111857844485,0.8617689350203916,2.4931965826890226,train_oof,0.10516617787900674
RFERF_RF_NoResample,RFERF,supervised,RF,NoResample,139,FP,218,218,0.0,-0.115469958685272,-0.40668557083928686,0.8317811859043592,-1.095309178987221,-0.9449734105468844,-0.715615380802832,-0.40668557083928686,0.2994121556583361,1.636145612578937,1.9657986076977998,train_oof,0.10516617787900674
RFERF_RF_NoResample,RFERF,supervised,RF,NoResample,139,TN,952,952,0.0,0.033648440180358175,-0.269003112466586,1.0304796886996408,-1.1058202047538876,-0.9936324302092108,-0.6566584531769531,-0.269003112466586,0.310556684541711,2.400003129678196,4.236040810041072,train_oof,0.10516617787900674
RFERF_RF_NoResample,RFERF,supervised,RF,NoResample,139,FN,32,32,0.0,0.18651010913542437,-0.17886217500123275,1.2462646386669558,-1.0413383164810517,-1.0145428618735493,-0.4961003291236583,-0.17886217500123275,0.4419653076655227,3.3238264983478554,3.9355714889896176,train_oof,0.10516617787900674
RFERF_RF_NoResample,RFERF,supervised,RF,NoResample,139,pred_anomaly,269,269,0.0,-0.1375783378498706,-0.406245405964881,0.823760827384135,-1.1035705722261646,-0.9449734105468844,-0.7212920218940622,-0.406245405964881,0.2323539656604808,1.636145612578937,2.2062877199383433,train_oof,0.10516617787900674
RFERF_RF_NoResample,RFERF,supervised,RF,NoResample,139,pred_normal,984,984,0.0,0.0386195513658888,-0.269003112466586,1.0378041011271797,-1.1043510569806807,-0.995208294749014,-0.6510105063781685,-0.269003112466586,0.3706099384349393,2.435707521343678,4.161848966357204,train_oof,0.10516617787900674
RFERF_RF_NoResample,RFERF,supervised,RF,NoResample,144,TP,51,51,0.0,-0.20800346851821702,-0.231869541773792,0.7117566516894309,-1.0910481789744892,-0.9445972749061886,-0.7159711413328971,-0.231869541773792,0.0675411954325116,1.2082310148978317,2.2293192627073726,train_oof,0.10516617787900674
RFERF_RF_NoResample,RFERF,supervised,RF,NoResample,144,FP,218,218,0.0,-0.17681236193649405,-0.35065749729585804,0.8447118010710886,-1.2567492407664345,-1.0530523055301024,-0.6850537282518113,-0.35065749729585804,0.08177947777248545,1.5433595003741238,3.0954461816899768,train_oof,0.10516617787900674
RFERF_RF_NoResample,RFERF,supervised,RF,NoResample,144,TN,952,952,0.0,0.058727742138489615,-0.1565365711373263,1.0343592090832978,-1.13399083851185,-0.9746197102401903,-0.5658589646628889,-0.1565365711373263,0.2774541579304093,1.952933862085132,4.341336567244362,train_oof,0.10516617787900674
RFERF_RF_NoResample,RFERF,supervised,RF,NoResample,144,FN,32,32,0.0,-0.18925639677058498,-0.440155272004264,1.1452545436922366,-1.1108027787010357,-1.0825865711838762,-0.6472205780341669,-0.440155272004264,-0.15823728167278525,1.0219942818909746,4.23364633578614,train_oof,0.10516617787900674
RFERF_RF_NoResample,RFERF,supervised,RF,NoResample,144,pred_anomaly,269,269,0.0,-0.18272591745942293,-0.3457758004935815,0.8200105536406272,-1.2559193523100474,-1.0477638006609693,-0.7005124347923544,-0.3457758004935815,0.0805590535719161,1.5118725559994417,3.0796783010186233,train_oof,0.10516617787900674
RFERF_RF_NoResample,RFERF,supervised,RF,NoResample,144,pred_normal,984,984,0.0,0.05066321729591807,-0.1692210994779078,1.0384459254333065,-1.1282629809305118,-0.9799082151093234,-0.5678930049971707,-0.1692210994779078,0.2709452288607055,1.895085754978161,4.494312672705031,train_oof,0.10516617787900674
RFERF_RF_NoResample,RFERF,supervised,RF,NoResample,156,TP,51,51,0.0,0.02643277897304504,-0.1379179011822242,0.48373883430322245,-0.4642688240935259,-0.39888392916929316,-0.24574562263622196,-0.1379179011822242,0.02726499125794235,1.1623238250742265,1.5064548509912403,train_oof,0.10516617787900674
RFERF_RF_NoResample,RFERF,supervised,RF,NoResample,156,FP,218,218,0.0,-0.018366572300961958,-0.12128490159623526,0.5887481954075112,-0.45756974012234125,-0.4031282118222697,-0.24431174336156775,-0.12128490159623526,0.07515655903139346,0.46379519763367205,1.4749209779830401,train_oof,0.10516617787900674
RFERF_RF_NoResample,RFERF,supervised,RF,NoResample,156,TN,952,952,0.0,0.002201022525099935,-0.1207113498863735,1.10537760592351,-0.4889315476175785,-0.4124771046930152,-0.25979763952783336,-0.1207113498863735,0.08863502421314318,0.4991259829611544,0.9007498322747043,train_oof,0.10516617787900674
RFERF_RF_NoResample,RFERF,supervised,RF,NoResample,156,FN,32,32,0.0,0.01751461219029367,-0.1012105917510761,0.357870292515597,-0.488564474523267,-0.37794929175934144,-0.2314068298896797,-0.1012105917510761,0.1746677806923967,0.7141505189883022,0.9375030258426418,train_oof,0.10516617787900674
RFERF_RF_NoResample,RFERF,supervised,RF,NoResample,156,pred_anomaly,269,269,0.0,-0.009873014996224562,-0.1252997635652671,0.5697623759266386,-0.46052926694522756,-0.40725778413327385,-0.2445985192164986,-0.1252997635652671,0.0731491280468775,0.6255941349856572,1.561630525479934,train_oof,0.10516617787900674
RFERF_RF_NoResample,RFERF,supervised,RF,NoResample,156,pred_normal,984,984,0.0,0.002699025441041192,-0.1207113498863735,1.0890960508462122,-0.4891265551989315,-0.41385362879668325,-0.2595108636729025,-0.1207113498863735,0.09207633447231331,0.5052629862566745,0.9048449914831163,train_oof,0.10516617787900674
RFERF_RF_NoResample,RFERF,supervised,RF,NoResample,173,TP,51,51,0.0,-0.10285526422830713,-0.1516814368670571,0.8440809579530258,-1.7362177198125928,-1.4239063496077706,-0.5209191270590458,-0.1516814368670571,0.3110407604598199,1.208283125028189,2.329052691014055,train_oof,0.10516617787900674
RFERF_RF_NoResample,RFERF,supervised,RF,NoResample,173,FP,218,218,0.0,-0.11074872483521075,-0.0702089055092771,0.9844230868014259,-1.8284279129954744,-1.5692512565107837,-0.9165309379790335,-0.0702089055092771,0.5199446870182296,1.6887621561125306,2.666432532405887,train_oof,0.10516617787900674
RFERF_RF_NoResample,RFERF,supervised,RF,NoResample,173,TN,952,952,0.0,0.027057290779691316,0.0781128823471935,1.0123765163938547,-2.733733969128998,-1.792621779983363,-0.5799344863117957,0.0781128823471935,0.7048246620224224,1.6669316957871738,2.4415996814474004,train_oof,0.10516617787900674
RFERF_RF_NoResample,RFERF,supervised,RF,NoResample,173,FN,32,32,0.0,0.10879564656046004,0.2436692441447333,0.9355237627474423,-2.0071556673625217,-1.4489225948131401,-0.5261417252230056,0.2436692441447333,0.6774060216616304,1.389768411225807,1.7435681012451298,train_oof,0.10516617787900674
RFERF_RF_NoResample,RFERF,supervised,RF,NoResample,173,pred_anomaly,269,269,0.0,-0.1092521951290692,-0.0702089055092771,0.9579176751028843,-1.8312690063966688,-1.5494576094693744,-0.8692664245951934,-0.0702089055092771,0.5168111281198537,1.626926593851241,2.7707173725438428,train_oof,0.10516617787900674
RFERF_RF_NoResample,RFERF,supervised,RF,NoResample,173,pred_normal,984,984,0.0,0.029715448691261026,0.0781128823471935,1.0096301292731436,-2.733733969128998,-1.792621779983363,-0.5799344863117957,0.0781128823471935,0.7048246620224224,1.6490704100664324,2.3831065820110364,train_oof,0.10516617787900674
RFERF_RF_NoResample,RFERF,supervised,RF,NoResample,182,TP,51,51,0.0,-0.16396595827893828,-0.3681812850136541,0.7207658004065871,-1.2915372406293608,-1.1246228948065213,-0.6167771192178826,-0.3681812850136541,0.21661082020962702,0.8499383025870668,1.867997433137718,train_oof,0.10516617787900674
RFERF_RF_NoResample,RFERF,supervised,RF,NoResample,182,FP,218,218,0.0,-0.036079405846720265,-0.2083696773109354,1.131418284683977,-1.376367609577337,-1.0940811208900016,-0.6789260777689399,-0.2083696773109354,0.2704732509538767,1.6990706448475044,2.5906773610662714,train_oof,0.10516617787900674
RFERF_RF_NoResample,RFERF,supervised,RF,NoResample,182,TN,952,952,0.0,0.017335405796551188,-0.0674987045952056,0.9881441275915446,-1.5210030334967306,-1.303967032339572,-0.7499534589701481,-0.0674987045952056,0.6753293238007634,1.5803365392728246,2.541147600575302,train_oof,0.10516617787900674
RFERF_RF_NoResample,RFERF,supervised,RF,NoResample,182,FN,32,32,0.0,0.012998994099496806,0.24502177269011033,0.7660073292336742,-1.4666907626715402,-1.3967761437758175,-0.5202982597529083,0.24502177269011033,0.6220587878998571,0.9826411264646575,1.0579301505379384,train_oof,0.10516617787900674
RFERF_RF_NoResample,RFERF,supervised,RF,NoResample,182,pred_anomaly,269,269,0.0,-0.06032555519260548,-0.2308616813579848,1.0658092425701284,-1.3751601440969163,-1.1409591924827993,-0.6735990241788492,-0.2308616813579848,0.2710651457972201,1.5727602852780287,2.3757485055514187,train_oof,0.10516617787900674
RFERF_RF_NoResample,RFERF,supervised,RF,NoResample,182,pred_normal,984,984,0.0,0.017194384277947797,-0.058028387101711404,0.9814008771702961,-1.5149420303008942,-1.322552530420555,-0.7493615641268047,-0.058028387101711404,0.6753293238007634,1.5728786642466974,2.5275103433846677,train_oof,0.10516617787900674
RFERF_RF_NoResample,RFERF,supervised,RF,NoResample,183,TP,51,51,0.0,0.16769457608583735,0.4657879776212821,0.9087037590411332,-1.4403718186683507,-1.3194038447949268,-0.5764015815678993,0.4657879776212821,0.856191269360302,1.3464260510250912,1.555596791821943,train_oof,0.10516617787900674
RFERF_RF_NoResample,RFERF,supervised,RF,NoResample,183,FP,218,218,0.0,0.003187365593511658,0.0352326800439862,1.2329665360862094,-2.998961517643819,-1.5243619161267787,-0.9623508529871532,0.03523268004398619,0.9390550628298239,1.5082920242878848,2.212790781151301,train_oof,0.10516617787900674
RFERF_RF_NoResample,RFERF,supervised,RF,NoResample,183,TN,952,952,0.0,-0.01316152222114843,0.01972771604086285,0.9440118114863996,-1.7548402805683,-1.443831180919991,-0.7432335315090525,0.01972771604086285,0.6622695143872763,1.4758559321398421,1.8876721642601564,train_oof,0.10516617787900674
RFERF_RF_NoResample,RFERF,supervised,RF,NoResample,183,FN,32,32,0.0,0.09809360721702612,0.44026329631425387,1.007197998540164,-1.5546346269766507,-1.4854824875227204,-0.8439792292180258,0.44026329631425387,0.7784470394767163,1.2173837940104175,2.0131994751899724,train_oof,0.10516617787900674
RFERF_RF_NoResample,RFERF,supervised,RF,NoResample,183,pred_anomaly,269,269,0.0,0.034376464980532526,0.2785582236213031,1.1786193120446136,-2.9615872407340262,-1.4983106511366253,-0.8922128318598176,0.2785582236213031,0.8775471631759242,1.474810078435858,1.9834723635451113,train_oof,0.10516617787900674
RFERF_RF_NoResample,RFERF,supervised,RF,NoResample,183,pred_normal,984,984,0.0,-0.009543469231289113,0.02974743334476805,0.9457957681372343,-1.744870296167801,-1.444240746006866,-0.7439648977356149,0.02974743334476805,0.677002887021376,1.4754390533907016,1.905203012710855,train_oof,0.10516617787900674
RFERF_RF_NoResample,RFERF,supervised,RF,NoResample,200,TP,51,51,0.0,0.3815134018949763,0.0802270424064812,2.0909929580802378,-0.9186486380726542,-0.6189328868933066,-0.1966784834618717,0.0802270424064812,0.4515562916552305,0.8817677504277102,7.844191173841757,train_oof,0.10516617787900674
RFERF_RF_NoResample,RFERF,supervised,RF,NoResample,200,FP,218,218,0.0,0.07008169947478336,-0.055042898391277253,1.8398537442555258,-1.2763660179846563,-0.8745665514832669,-0.43379873262500157,-0.055042898391277253,0.21974074605279698,0.7577968282142339,1.303449245874588,train_oof,0.10516617787900674
RFERF_RF_NoResample,RFERF,supervised,RF,NoResample,200,TN,952,952,0.0,-0.036745316713761605,-0.0587561908837647,0.5410673722124935,-1.063212419508753,-0.7826890858120049,-0.36165476419953035,-0.0587561908837647,0.25236467295108,0.7444289752412793,1.1277044169087176,train_oof,0.10516617787900674
RFERF_RF_NoResample,RFERF,supervised,RF,NoResample,200,FN,32,32,0.0,0.011133278528410444,0.0049002518445922,0.3948085411508094,-0.6095541709979952,-0.5113534986823832,-0.2887150902399545,0.0049002518445921996,0.18764728951058368,0.7734987507538961,0.9627387455781804,train_oof,0.10516617787900674
RFERF_RF_NoResample,RFERF,supervised,RF,NoResample,200,pred_anomaly,269,269,0.0,0.12912637168084223,-0.0248060880953076,1.8898586929312837,-1.2498531095882957,-0.8430035652971233,-0.3929525152076391,-0.0248060880953076,0.2849885998493629,0.813761450779582,5.59830699912826,train_oof,0.10516617787900674
RFERF_RF_NoResample,RFERF,supervised,RF,NoResample,200,pred_normal,984,984,0.0,-0.03518828922621129,-0.057164779815555955,0.5368534388853418,-1.0550643948395233,-0.7773843822513085,-0.36032858830935616,-0.057164779815555955,0.24971232117073178,0.7482483618049804,1.1212538973789097,train_oof,0.10516617787900674
RFERF_RF_NoResample,RFERF,supervised,RF,NoResample,217,TP,51,51,0.0,-0.02077504197778453,-0.2487876257157356,0.746469087232693,-0.9419539946059304,-0.7878020707781109,-0.47846364645248673,-0.2487876257157356,0.27367359262687374,1.5027506765694878,2.1814329720798877,train_oof,0.10516617787900674
RFERF_RF_NoResample,RFERF,supervised,RF,NoResample,217,FP,218,218,0.0,-0.001666174525469905,-0.13394961534736016,0.7855443315912872,-1.201715504905856,-0.9353327039180241,-0.5343307866316965,-0.13394961534736016,0.4443787431744592,1.2098620212966302,1.9107049490781167,train_oof,0.10516617787900674
RFERF_RF_NoResample,RFERF,supervised,RF,NoResample,217,TN,952,952,0.0,-0.00637419155785506,-0.2198194789561454,1.0514717316614595,-1.1859899395220783,-0.8962257057925773,-0.5363999399716672,-0.2198194789561454,0.2333251024974446,1.421950238643631,2.8326162197020763,train_oof,0.10516617787900674
RFERF_RF_NoResample,RFERF,supervised,RF,NoResample,217,FN,32,32,0.0,0.20888322866904036,0.00985654178060565,0.8336764728329921,-0.812962975392155,-0.7724903360623275,-0.5027761981971428,0.009856541780605646,0.9249396063826614,1.7344958506462094,2.009258722660923,train_oof,0.10516617787900674
RFERF_RF_NoResample,RFERF,supervised,RF,NoResample,217,pred_anomaly,269,269,0.0,-0.005289045306392011,-0.1411916520372576,0.7769588495622398,-1.1616153131772233,-0.9196071385342466,-0.5281233266117843,-0.1411916520372576,0.4298946697946639,1.3870850048651238,2.0761130670753767,train_oof,0.10516617787900674
RFERF_RF_NoResample,RFERF,supervised,RF,NoResample,217,pred_normal,984,984,0.0,0.0006260497503366643,-0.2177503256161747,1.045456570526264,-1.1820171651093345,-0.894053094785608,-0.5317443449567331,-0.2177503256161747,0.2462573108722615,1.4266058336585645,2.813414476707145,train_oof,0.10516617787900674
RFERF_RF_NoResample,RFERF,supervised,RF,NoResample,227,TP,51,51,0.0,0.12146847012133831,-0.1481667666320204,0.9120643549989206,-0.7540540398196439,-0.641852692933047,-0.4488663762881048,-0.1481667666320204,0.38142359067271675,1.8624813695757965,3.307634717475165,train_oof,0.10516617787900674
RFERF_RF_NoResample,RFERF,supervised,RF,NoResample,227,FP,218,218,0.0,0.20004856937530063,-0.1032862278773819,1.0003256831645326,-0.8737055561395108,-0.7764943091969633,-0.3456411371524311,-0.1032862278773819,0.4352802371782834,1.8997322167421469,3.5586066901910884,train_oof,0.10516617787900674
RFERF_RF_NoResample,RFERF,supervised,RF,NoResample,227,TN,952,952,0.0,-0.05848825958740604,-0.2828083828959368,0.9819239609347585,-0.9917413730642108,-0.8393270634534576,-0.5610677231746972,-0.2828083828959368,0.1031642503939564,1.423100895167877,4.655935862742024,train_oof,0.10516617787900674
RFERF_RF_NoResample,RFERF,supervised,RF,NoResample,227,FN,32,32,0.0,0.17525361576859505,-0.1885592515111955,1.4102739346415119,-0.9322297786755599,-0.770211033771314,-0.5161871844200585,-0.1885592515111955,0.24229392053333668,1.5613329545321695,5.484969174617715,train_oof,0.10516617787900674
RFERF_RF_NoResample,RFERF,supervised,RF,NoResample,227,pred_anomaly,269,269,0.0,0.18515048364313672,-0.1212384433792373,0.9830459251574042,-0.8691277411865378,-0.7585420936951078,-0.3456411371524311,-0.1212384433792373,0.4352802371782834,1.9037714652300641,3.7840865168944084,train_oof,0.10516617787900674
RFERF_RF_NoResample,RFERF,supervised,RF,NoResample,227,pred_normal,984,984,0.0,-0.05088689778721088,-0.2828083828959368,0.9986138044445828,-0.9859966641036171,-0.8393270634534576,-0.5610677231746972,-0.2828083828959368,0.1031642503939564,1.455414883071215,4.817685324413733,train_oof,0.10516617787900674
RFERF_RF_NoResample,RFERF,supervised,RF,NoResample,252,TP,51,51,0.0,-0.026595394263969743,-0.0287935706095858,0.013992994033646008,-0.0476108252685152,-0.0447868122046054,-0.0380246110973501,-0.0287935706095858,-0.0159676998076346,-0.0056433360243916,0.006778707164925601,train_oof,0.10516617787900674
RFERF_RF_NoResample,RFERF,supervised,RF,NoResample,252,FP,218,218,0.0,-0.026345920876107227,-0.030514529592170297,0.018221577762438847,-0.050252761428112476,-0.04605542865654938,-0.03826266782252585,-0.030514529592170297,-0.015799148695648874,-0.0018773133849177349,0.00498461437614253,train_oof,0.10516617787900674
RFERF_RF_NoResample,RFERF,supervised,RF,NoResample,252,TN,952,952,0.0,0.00843933206281687,-0.0304408536421889,1.1476816006695423,-0.055789050332167835,-0.05064286863270267,-0.0408354180947538,-0.0304408536421889,-0.017282398481123548,-0.005029045415018381,0.005109182336101708,train_oof,0.10516617787900674
RFERF_RF_NoResample,RFERF,supervised,RF,NoResample,252,FN,32,32,0.0,-0.029202133292118296,-0.0292377114778699,0.011504290091681432,-0.05164141407403559,-0.048450314064624106,-0.034917015131625026,-0.0292377114778699,-0.02187393928845505,-0.013688749762360793,-0.0015383206082674678,train_oof,0.10516617787900674
RFERF_RF_NoResample,RFERF,supervised,RF,NoResample,252,pred_anomaly,269,269,0.0,-0.026393218804661087,-0.0304797767855753,0.017475183456602587,-0.049902536544370706,-0.04595645266336682,-0.038094811766672,-0.0304797767855753,-0.0155819436544301,-0.0027500953697445606,0.005758614983503775,train_oof,0.10516617787900674
RFERF_RF_NoResample,RFERF,supervised,RF,NoResample,252,pred_normal,984,984,0.0,0.007215219368347433,-0.0303261693804254,1.1288681866111614,-0.055639585461564056,-0.05073016768286931,-0.04075652922378315,-0.0303261693804254,-0.01744226139146055,-0.005038428672799031,0.004820038985231263,train_oof,0.10516617787900674
RFERF_RF_NoResample,RFERF,supervised,RF,NoResample,271,TP,51,51,0.0,0.3035648896213962,0.163196517145161,1.0245332867238117,-1.2633483184488896,-1.071214766108099,-0.6505951215788793,0.163196517145161,1.231324445702095,1.7906203290882923,1.8610313436246444,train_oof,0.10516617787900674
RFERF_RF_NoResample,RFERF,supervised,RF,NoResample,271,FP,218,218,0.0,0.1574153418890691,0.2747943942055182,0.9833872702644675,-1.5675113678167678,-1.313031894746272,-0.8266995930317955,0.2747943942055182,0.8461033456312536,1.8806265767784707,2.179073711015249,train_oof,0.10516617787900674
RFERF_RF_NoResample,RFERF,supervised,RF,NoResample,271,TN,952,952,0.0,-0.04838038716396665,-0.11008259609148455,0.9950813232356828,-1.6051538996702353,-1.38002055573517,-0.9296471658587452,-0.11008259609148455,0.7033425517352155,1.6078104730342668,2.180248775951899,train_oof,0.10516617787900674
RFERF_RF_NoResample,RFERF,supervised,RF,NoResample,271,FN,32,32,0.0,-0.11664078983506508,-0.3806731768674886,1.028596469592033,-1.6141304087786796,-1.5806130537034286,-0.8766654512493433,-0.3806731768674886,0.6097880566778862,1.5023749585660588,1.863050065011689,train_oof,0.10516617787900674
RFERF_RF_NoResample,RFERF,supervised,RF,NoResample,271,pred_anomaly,269,269,0.0,0.18512399220263295,0.2700887629892856,0.9910348138444062,-1.5406647625540073,-1.2848476256846237,-0.7858582391018474,0.2700887629892856,0.8835441676091618,1.847430894400748,2.1676707524023677,train_oof,0.10516617787900674
RFERF_RF_NoResample,RFERF,supervised,RF,NoResample,271,pred_normal,984,984,0.0,-0.05060023765733571,-0.1182573014504809,0.9957234449916188,-1.6076736225068655,-1.397551969538096,-0.9296471658587452,-0.1182573014504809,0.6994874032120474,1.608488621076368,2.1586178677099714,train_oof,0.10516617787900674
RFERF_RF_NoResample,RFERF,supervised,RF,NoResample,273,TP,51,51,0.0,-0.03146370654750777,-0.2662939358924575,0.9705747114871317,-1.5117337094109757,-0.9962919194304602,-0.4373305802073919,-0.2662939358924575,0.17119539416058596,1.308064411021869,3.818257817419898,train_oof,0.10516617787900674
RFERF_RF_NoResample,RFERF,supervised,RF,NoResample,273,FP,218,218,0.0,0.22911324820602202,-0.1118337535487681,1.266691262289748,-1.7580741282160812,-1.4057862919189144,-0.44328061758927295,-0.1118337535487681,0.7453264772518359,2.290752054532864,5.006668478652021,train_oof,0.10516617787900674
RFERF_RF_NoResample,RFERF,supervised,RF,NoResample,273,TN,952,952,0.0,-0.05566487228928656,-0.1580146613646852,0.9222414943198253,-2.796662974903808,-1.3208002414761202,-0.4892650917962042,-0.1580146613646852,0.4592684500232702,1.3600382093324779,2.5753526711141093,train_oof,0.10516617787900674
RFERF_RF_NoResample,RFERF,supervised,RF,NoResample,273,FN,32,32,0.0,0.2827490902188017,0.047074699553260005,1.0102564523370248,-1.2135852569149732,-0.6601724701232897,-0.3578003148399959,0.047074699553260005,0.6566525442145208,2.3260632135469934,3.0302903748995775,train_oof,0.10516617787900674
RFERF_RF_NoResample,RFERF,supervised,RF,NoResample,273,pred_anomaly,269,269,0.0,0.17971018243490672,-0.1450120237633874,1.2187666702007793,-1.7580741282160812,-1.3774795752071598,-0.4373305802073919,-0.1450120237633874,0.6316231004888242,2.1773046751183367,5.006668478652021,train_oof,0.10516617787900674
RFERF_RF_NoResample,RFERF,supervised,RF,NoResample,273,pred_normal,984,984,0.0,-0.04465954017520238,-0.15573349687322968,0.9266255873431775,-2.796662974903808,-1.3208002414761202,-0.4892650917962042,-0.15573349687322968,0.4592684500232702,1.366242976749238,2.7135658930242075,train_oof,0.10516617787900674
RFERF_RF_NoResample,RFERF,supervised,RF,NoResample,280,TP,51,51,0.0,-0.1685547650772762,-0.2617418217641674,0.6900623127644976,-1.1949963548215048,-1.0930441789412915,-0.7479752759621079,-0.2617418217641674,0.404868558991073,1.0008966641369355,1.0479515145431877,train_oof,0.10516617787900674
RFERF_RF_NoResample,RFERF,supervised,RF,NoResample,280,FP,218,218,0.0,0.017709308171434356,-0.3166391472381287,1.3228363567541535,-1.4117623656929736,-1.0797119713261865,-0.7009204255558558,-0.3166391472381287,0.2323341075014812,1.6871132325614426,5.520671895158821,train_oof,0.10516617787900674
RFERF_RF_NoResample,RFERF,supervised,RF,NoResample,280,TN,952,952,0.0,0.012244812508444843,-0.1362622206808282,0.934870440179319,-1.3830589069451598,-1.1400990293475437,-0.5597558743370987,-0.1362622206808282,0.4440809343296164,1.4236060702864337,3.7347834727401956,train_oof,0.10516617787900674
RFERF_RF_NoResample,RFERF,supervised,RF,NoResample,280,FN,32,32,0.0,-0.22743099334294203,-0.3636939976443809,0.6496875320945151,-1.0833195098573325,-1.0444208335214973,-0.7518965134959623,-0.36369399764438093,0.19704296969679197,0.8103245199916135,1.0634796151772512,train_oof,0.10516617787900674
RFERF_RF_NoResample,RFERF,supervised,RF,NoResample,280,pred_anomaly,269,269,0.0,-0.017604698280923405,-0.30879667217042,1.2292618262888175,-1.379765067416722,-1.0867701988871243,-0.7009204255558558,-0.30879667217042,0.3029163831108598,1.520068513619252,5.504673246020696,train_oof,0.10516617787900674
RFERF_RF_NoResample,RFERF,supervised,RF,NoResample,280,pred_normal,984,984,0.0,0.004450477358806243,-0.1362622206808282,0.9277133311337759,-1.378039722901826,-1.137746286827231,-0.5754408244725163,-0.1362622206808282,0.4323172217280533,1.4008628925900797,3.6343997918735083,train_oof,0.10516617787900674
RFERF_RF_NoResample,RFERF,supervised,RF,NoResample,281,TP,51,51,0.0,-0.1482447925242494,-0.3088216572105596,0.9154836253582241,-1.323193010382377,-1.1277636671107425,-0.8578850502118186,-0.3088216572105596,0.15648630295999844,1.6640840939126074,2.594700014253725,train_oof,0.10516617787900674
RFERF_RF_NoResample,RFERF,supervised,RF,NoResample,281,FP,218,218,0.0,0.05685063515833933,-0.2715970203969152,1.216988600073908,-1.3539033357536339,-1.1119431964649433,-0.6624557069401841,-0.2715970203969152,0.3193440890196938,2.454177010282214,5.19856335936816,train_oof,0.10516617787900674
RFERF_RF_NoResample,RFERF,supervised,RF,NoResample,281,TN,952,952,0.0,0.0044698251061131575,-0.1785354283628034,0.9572145300650519,-1.2671699319778416,-1.0244652999528785,-0.5693941149060724,-0.1785354283628034,0.2728132930026383,1.571022501878496,3.7665315811472593,train_oof,0.10516617787900674
RFERF_RF_NoResample,RFERF,supervised,RF,NoResample,281,FN,32,32,0.0,-0.2849746242518192,-0.3460462940242044,0.6209869462357042,-1.2472547512825418,-0.9649058810510471,-0.6484964681350674,-0.3460462940242044,-0.16922926915940623,0.7995419039157101,1.5205831189960088,train_oof,0.10516617787900674
RFERF_RF_NoResample,RFERF,supervised,RF,NoResample,281,pred_anomaly,269,269,0.0,0.017966371917402416,-0.2715970203969152,1.1670768943059007,-1.3570674298827936,-1.1203187397480134,-0.6624557069401841,-0.2715970203969152,0.2681602134009327,2.2782906013377433,4.913794887743784,train_oof,0.10516617787900674
RFERF_RF_NoResample,RFERF,supervised,RF,NoResample,281,pred_normal,984,984,0.0,-0.004943002515283006,-0.1971477467696444,0.9493323760852774,-1.276662214365321,-1.0160897566698086,-0.5693941149060724,-0.1971477467696444,0.2681602134009327,1.571022501878496,3.7427078135865233,train_oof,0.10516617787900674
RFERF_RF_NoResample,RFERF,supervised,RF,NoResample,282,TP,51,51,0.0,0.32646236716866656,0.4358817780156345,0.9937865310351665,-1.0492219998512406,-0.989217806806113,-0.5541874072289389,0.4358817780156345,0.825909032808993,1.5759614458730862,3.1510715133076825,train_oof,0.10516617787900674
RFERF_RF_NoResample,RFERF,supervised,RF,NoResample,282,FP,218,218,0.0,0.47359083511283123,0.48088492279951,1.5444734148338095,-1.119126884748814,-1.004218855067395,-0.1941622489581741,0.48088492279951,0.9159153223766842,1.5204575673063427,5.986269634689908,train_oof,0.10516617787900674
RFERF_RF_NoResample,RFERF,supervised,RF,NoResample,282,TN,952,952,0.0,-0.125285877218287,-0.2241643454807379,0.7935132532850269,-1.138928268453706,-1.0342209515899587,-0.6741957933191939,-0.2241643454807379,0.2858712954028456,0.9759195154218118,1.60596354239565,train_oof,0.10516617787900674
RFERF_RF_NoResample,RFERF,supervised,RF,NoResample,282,FN,32,32,0.0,-0.03477611118205518,-0.0291507180840735,0.7207128604651024,-1.1263273879142293,-1.0477218950251124,-0.7041978898417576,-0.0291507180840735,0.5483896399752783,0.9564181526821451,1.1715331847489274,train_oof,0.10516617787900674
RFERF_RF_NoResample,RFERF,supervised,RF,NoResample,282,pred_anomaly,269,269,0.0,0.4456965902609636,0.4658838745382282,1.4556973218241445,-1.1038258155223064,-1.004218855067395,-0.2241643454807379,0.4658838745382282,0.9159153223766842,1.5459593493505224,5.129409758005521,train_oof,0.10516617787900674
RFERF_RF_NoResample,RFERF,supervised,RF,NoResample,282,pred_normal,984,984,0.0,-0.12234247019271849,-0.1941622489581741,0.7910779436765124,-1.1542293376802135,-1.0342209515899587,-0.6741957933191939,-0.1941622489581741,0.2858712954028456,0.9759195154218118,1.60596354239565,train_oof,0.10516617787900674
RFERF_RF_NoResample,RFERF,supervised,RF,NoResample,288,TP,51,51,0.0,0.3386993573823851,0.3701286400842262,1.1120246752779595,-1.0889153684204844,-0.8423163810675757,-0.554617562489182,0.3701286400842262,0.8222267835645592,1.5825736612360284,3.925264041088663,train_oof,0.10516617787900674
RFERF_RF_NoResample,RFERF,supervised,RF,NoResample,288,FP,218,218,0.0,0.47268968681204077,0.3290288088587416,1.7584912382843918,-0.9450659591312875,-0.8279314401386559,-0.19499403926618988,0.3290288088587416,0.853051656983673,1.5209239143978013,6.299601290984876,train_oof,0.10516617787900674
RFERF_RF_NoResample,RFERF,supervised,RF,NoResample,288,TN,952,952,0.0,-0.12208862827048304,-0.2052689970725611,0.6749011398895203,-1.0272656215822575,-0.9450659591312875,-0.657367140552894,-0.2052689970725611,0.25710410421414304,1.046220863743449,1.6031235768487706,train_oof,0.10516617787900674
RFERF_RF_NoResample,RFERF,supervised,RF,NoResample,288,FN,32,32,0.0,-0.15260983831490993,-0.0203197565578794,0.689016795222202,-1.055624505127842,-1.0272656215822575,-0.8320414232612044,-0.0203197565578794,0.3701286400842262,0.9147014038219,1.1978792409654624,train_oof,0.10516617787900674
RFERF_RF_NoResample,RFERF,supervised,RF,NoResample,288,pred_anomaly,269,269,0.0,0.4472863158049313,0.3290288088587416,1.6544819442841758,-1.0404175675744127,-0.8464263641901242,-0.2052689970725611,0.3290288088587416,0.8222267835645592,1.545583813133092,6.278640377059919,train_oof,0.10516617787900674
RFERF_RF_NoResample,RFERF,supervised,RF,NoResample,288,pred_normal,984,984,0.0,-0.12308118794672457,-0.2052689970725611,0.6750293850000555,-1.0272656215822575,-0.9450659591312875,-0.6984669717783788,-0.2052689970725611,0.2879289776332567,1.0277259396919836,1.6031235768487706,train_oof,0.10516617787900674
RFERF_RF_NoResample,RFERF,supervised,RF,NoResample,295,TP,51,51,0.0,0.45679165983454895,-0.033766967594619,1.53618902874083,-0.6179864809691127,-0.5227778132880416,-0.32245705254927326,-0.033766967594619,0.22619370874614442,4.370482839572407,5.291658825056068,train_oof,0.10516617787900674
RFERF_RF_NoResample,RFERF,supervised,RF,NoResample,295,FP,218,218,0.0,0.40635989629365593,-0.0640284171642305,1.6281598159215867,-0.7608298836692073,-0.6730619984360446,-0.3703359592454874,-0.0640284171642305,0.25690190374424693,5.367176314670651,5.837195651816283,train_oof,0.10516617787900674
RFERF_RF_NoResample,RFERF,supervised,RF,NoResample,295,TN,952,952,0.0,-0.12220409910928035,-0.21657534440432566,0.6811030011627877,-0.8232727245152406,-0.6892326345003003,-0.44992088763855487,-0.21657534440432566,0.06934615396460225,0.449088413678454,3.0566260098669957,train_oof,0.10516617787900674
RFERF_RF_NoResample,RFERF,supervised,RF,NoResample,295,FN,32,32,0.0,0.15072827184060578,-0.16017758213276234,1.3457397540906282,-0.7634352418076382,-0.6848205925016715,-0.4143911232459349,-0.16017758213276234,0.059597665469612274,2.7385892020459437,5.206884412545601,train_oof,0.10516617787900674
RFERF_RF_NoResample,RFERF,supervised,RF,NoResample,295,pred_anomaly,269,269,0.0,0.41592130871218963,-0.0535767677709615,1.6084492482455675,-0.7423211956810644,-0.6613049528175395,-0.3582377944128611,-0.0535767677709615,0.256938126346557,5.102259519940835,5.813040739424757,train_oof,0.10516617787900674
RFERF_RF_NoResample,RFERF,supervised,RF,NoResample,295,pred_normal,984,984,0.0,-0.11332824964749542,-0.21514118742736638,0.7129223175659781,-0.8220557925487761,-0.6902658174083287,-0.44971608707282196,-0.21514118742736638,0.06934615396460225,0.4609375734668019,3.6170738183314985,train_oof,0.10516617787900674
RFERF_RF_NoResample,RFERF,supervised,RF,NoResample,310,TP,51,51,0.0,0.11273286389485503,-0.0445548134740834,0.8277695281415427,-1.3704885935549842,-1.130134617956127,-0.4478027156636367,-0.0445548134740834,0.693593888838994,1.4852811544371267,1.9773802893125119,train_oof,0.10516617787900674
RFERF_RF_NoResample,RFERF,supervised,RF,NoResample,310,FP,218,218,0.0,-0.056667090430433255,-0.20744874006477865,0.9595106885909843,-2.1704230761357497,-1.5733655748543043,-0.66195696880385,-0.20744874006477865,0.6098686888081131,1.586434865494844,2.3977149670185702,train_oof,0.10516617787900674
RFERF_RF_NoResample,RFERF,supervised,RF,NoResample,310,TN,952,952,0.0,-0.0006340177097557451,-0.0377201032674816,1.0190645122685733,-2.18010558226177,-1.6256511079348137,-0.6237965034836521,-0.0377201032674816,0.610438247991996,1.684626868796368,2.520739750737417,train_oof,0.10516617787900674
RFERF_RF_NoResample,RFERF,supervised,RF,NoResample,310,FN,32,32,0.0,0.220290207031766,0.16846032129836286,0.9414089092512219,-1.7151858116413075,-1.129109411425136,-0.43470285443431433,0.16846032129836286,0.6599898969898649,1.8987811219365822,2.10416416364499,train_oof,0.10516617787900674
RFERF_RF_NoResample,RFERF,supervised,RF,NoResample,310,pred_anomaly,269,269,0.0,-0.02455037046541579,-0.1789707808706012,0.9368682932233166,-2.0960614290879134,-1.3973717870342877,-0.6095575238865643,-0.1789707808706012,0.6776462316902545,1.573448916102299,2.3977149670185702,train_oof,0.10516617787900674
RFERF_RF_NoResample,RFERF,supervised,RF,NoResample,310,pred_normal,984,984,0.0,0.0065505099241148935,-0.0149377359121396,1.0169425233976603,-2.170628117441948,-1.6256511079348137,-0.6141139973576322,-0.0149377359121396,0.6138556030952979,1.6884998712467763,2.520739750737417,train_oof,0.10516617787900674
RFERF_RF_NoResample,RFERF,supervised,RF,NoResample,316,TP,51,51,0.0,-0.4002723117160695,-0.5436368893965978,0.8832756584559271,-1.828623225643083,-1.5085727003330056,-0.8993965502166914,-0.5436368893965978,-0.1034379468180127,1.0850252151286073,2.549395703101514,train_oof,0.10516617787900674
RFERF_RF_NoResample,RFERF,supervised,RF,NoResample,316,FP,218,218,0.0,-0.36920575350083984,-0.5493089205894874,1.1196589483960246,-2.1172901557528516,-1.8381374414440252,-1.0360925019653249,-0.5493089205894874,0.08551467492076101,1.6324798014642092,2.5979463172322244,train_oof,0.10516617787900674
RFERF_RF_NoResample,RFERF,supervised,RF,NoResample,316,TN,952,952,0.0,0.11004930733525238,-0.03695187683527545,0.9552735980979228,-1.6439359713613615,-1.216793551368704,-0.5349562155709586,-0.03695187683527545,0.7110903934860817,1.9349519622773683,2.737439813409218,train_oof,0.10516617787900674
RFERF_RF_NoResample,RFERF,supervised,RF,NoResample,316,FN,32,32,0.0,-0.11464329104961779,-0.1154725173490127,0.867346070792934,-1.650298510699472,-1.5337861120356582,-0.7203083305525078,-0.1154725173490127,0.2967361843429221,1.3590829657659076,1.4930662069440286,train_oof,0.10516617787900674
RFERF_RF_NoResample,RFERF,supervised,RF,NoResample,316,pred_anomaly,269,269,0.0,-0.37509569576469387,-0.5490623105376229,1.0773927397682894,-2.0722640924833846,-1.78597941547463,-1.0218631019727278,-0.5490623105376229,0.0429991019792774,1.59072378748247,2.7113119716342506,train_oof,0.10516617787900674
RFERF_RF_NoResample,RFERF,supervised,RF,NoResample,316,pred_normal,984,984,0.0,0.10274223096501273,-0.0413908577688412,0.9529719083308084,-1.6896328139719,-1.2343719158656234,-0.5353754526591288,-0.0413908577688412,0.7014726014633561,1.9215807652652588,2.7320420125940013,train_oof,0.10516617787900674
RFERF_RF_NoResample,RFERF,supervised,RF,NoResample,333,TP,51,51,0.0,0.21596123776338003,-0.0395115765902701,1.488428813025545,-0.5815794115840408,-0.43146158913320554,-0.155006197960171,-0.0395115765902701,0.1853138880091659,0.6990813653046994,5.688706163959516,train_oof,0.10516617787900674
RFERF_RF_NoResample,RFERF,supervised,RF,NoResample,333,FP,218,218,0.0,0.15495383428523468,-0.10779033186128585,2.1403256546485743,-0.6788165244390734,-0.48906309001268505,-0.280435769257392,-0.10779033186128585,0.0619190262701086,0.357749889502868,5.584205071704644,train_oof,0.10516617787900674
RFERF_RF_NoResample,RFERF,supervised,RF,NoResample,333,TN,952,952,0.0,-0.05384986967120534,-0.0757784518419687,0.296735834086686,-0.6185697685796127,-0.4192732149395153,-0.20496593948928338,-0.0757784518419687,0.06832140227397193,0.3814824236588039,0.6953873401602759,train_oof,0.10516617787900674
RFERF_RF_NoResample,RFERF,supervised,RF,NoResample,333,FN,32,32,0.0,0.18942224497127244,-0.0028337827958807,1.230709156618277,-0.4085556640199217,-0.337052391178099,-0.16248889206820594,-0.0028337827958807016,0.11860590200617885,0.2793400038389896,4.820923878656082,train_oof,0.10516617787900674
RFERF_RF_NoResample,RFERF,supervised,RF,NoResample,333,pred_anomaly,269,269,0.0,0.1665202936807195,-0.0849777250235032,2.0305507340958067,-0.6596443907807961,-0.48671820323197396,-0.2676111340943736,-0.0849777250235032,0.0795222464215178,0.4710560382470176,7.216792395078194,train_oof,0.10516617787900674
RFERF_RF_NoResample,RFERF,supervised,RF,NoResample,333,pred_normal,984,984,0.0,-0.045938581390149155,-0.0740287341763165,0.3671725442369862,-0.6141498757126805,-0.4181279451947248,-0.20273239837820473,-0.0740287341763165,0.0732259139125424,0.3783687215401548,0.7132569945925907,train_oof,0.10516617787900674
RFERF_RF_NoResample,RFERF,supervised,RF,NoResample,338,TP,51,51,0.0,0.06546700736288377,-0.0723784676738478,0.8646347295420037,-0.30708339687071307,-0.2580830933043211,-0.16929689856677635,-0.0723784676738478,0.0235930590092071,0.27714058626473037,3.192571119504473,train_oof,0.10516617787900674
RFERF_RF_NoResample,RFERF,supervised,RF,NoResample,338,FP,218,218,0.0,0.20500836877559625,-0.0839163761134822,2.309635283008216,-0.30799751750626153,-0.27232723806141734,-0.18953995999465895,-0.0839163761134822,0.034681386878607424,0.34872336165986834,5.217226104986519,train_oof,0.10516617787900674
RFERF_RF_NoResample,RFERF,supervised,RF,NoResample,338,TN,952,952,0.0,-0.05003801796454794,-0.09608290163362071,0.20092012418006136,-0.32055346732918333,-0.2780269648305967,-0.1932320906953419,-0.09608290163362071,0.05261686661856315,0.305757782066317,0.5335504696746712,train_oof,0.10516617787900674
RFERF_RF_NoResample,RFERF,supervised,RF,NoResample,338,FN,32,32,0.0,-0.026896728857904804,-0.0461197795008869,0.17538272238708238,-0.28897285920960425,-0.2292733337894659,-0.15617949024764716,-0.0461197795008869,0.036949182675363124,0.2501299447486346,0.5005383651907543,train_oof,0.10516617787900674
RFERF_RF_NoResample,RFERF,supervised,RF,NoResample,338,pred_anomaly,269,269,0.0,0.17855257163043511,-0.0809085627409431,2.1122886117515622,-0.30905805022131977,-0.2702130158045823,-0.1819647263156714,-0.0809085627409431,0.0328313429391488,0.34126748565439463,5.4936600682793335,train_oof,0.10516617787900674
RFERF_RF_NoResample,RFERF,supervised,RF,NoResample,338,pred_normal,984,984,0.0,-0.049285455717177434,-0.09160301028774889,0.20010407207943767,-0.32050763398255416,-0.2775447598296023,-0.19115128858709063,-0.09160301028774889,0.05096973072407737,0.3045976254797662,0.5433198156799652,train_oof,0.10516617787900674
RFERF_RF_NoResample,RFERF,supervised,RF,NoResample,344,TP,51,51,0.0,-0.15809700069671936,-0.0306027816270381,1.0481258896078816,-2.2318358701384233,-2.032326757008449,-0.6258826188024078,-0.0306027816270381,0.41417820928618476,1.360177258460936,2.107185471599377,train_oof,0.10516617787900674
RFERF_RF_NoResample,RFERF,supervised,RF,NoResample,344,FP,218,218,0.0,0.13354451843800863,0.16598413086844926,1.0677226148097019,-2.20547993612152,-1.9450985167104236,-0.4989846778533154,0.16598413086844926,0.7519046556343083,1.806488269517686,3.106993371898942,train_oof,0.10516617787900674
RFERF_RF_NoResample,RFERF,supervised,RF,NoResample,344,TN,952,952,0.0,-0.01906214529094911,-0.0213675249048411,0.9823469792034998,-2.0753985608283902,-1.7675279626835079,-0.6314871790759082,-0.0213675249048411,0.5752576272796126,1.62789108575843,2.5274379514736105,train_oof,0.10516617787900674
RFERF_RF_NoResample,RFERF,supervised,RF,NoResample,344,FN,32,32,0.0,-0.09491152693449052,0.0194330122559108,0.850926927384707,-2.009927262107196,-1.5213943113923902,-0.48235845896030877,0.0194330122559108,0.35060931831390263,1.2285844989453059,1.8238146035740288,train_oof,0.10516617787900674
RFERF_RF_NoResample,RFERF,supervised,RF,NoResample,344,pred_anomaly,269,269,0.0,0.07825188841618286,0.1049763006409194,1.0682504771506307,-2.2382757387064984,-1.9490087519745325,-0.5128430765227139,0.1049763006409194,0.684729879350792,1.7927114719226103,2.900867734902163,train_oof,0.10516617787900674
RFERF_RF_NoResample,RFERF,supervised,RF,NoResample,344,pred_normal,984,984,0.0,-0.02152879184846265,-0.0213675249048411,0.9780629446481555,-2.0739764967007552,-1.7739501877760544,-0.6297724537979363,-0.0213675249048411,0.558978764311083,1.6222424167961036,2.5248373031806395,train_oof,0.10516617787900674
RFERF_RF_NoResample,RFERF,supervised,RF,NoResample,348,TP,51,51,0.0,0.8470159485526003,0.4733188724971331,2.557658817326103,-1.1378916681534297,-1.0404885120435718,-0.3302571654091928,0.4733188724971331,1.2403687268622625,2.2022248934471076,11.759909586726895,train_oof,0.10516617787900674
RFERF_RF_NoResample,RFERF,supervised,RF,NoResample,348,FP,218,218,0.0,0.3588627173435771,0.1486416854642741,1.2422127609470184,-1.1296935691808498,-0.9670302984773876,-0.5230342452099529,0.1486416854642741,0.927866934343136,2.226981528958362,5.497779511127366,train_oof,0.10516617787900674
RFERF_RF_NoResample,RFERF,supervised,RF,NoResample,348,TN,952,952,0.0,-0.13183971117978313,-0.216620149947692,0.703848192540076,-1.0322904130709922,-0.8777440720433558,-0.5331804073047296,-0.216620149947692,0.0755893183818809,0.789879129854171,2.7119680770886982,train_oof,0.10516617787900674
RFERF_RF_NoResample,RFERF,supervised,RF,NoResample,348,FN,32,32,0.0,0.008370994503984347,-0.2287955444614243,0.8409198647914571,-0.928961898297785,-0.8797733044623067,-0.3546079544366572,-0.2287955444614243,0.12632012885576516,1.6052247157904378,2.6402144187544363,train_oof,0.10516617787900674
RFERF_RF_NoResample,RFERF,supervised,RF,NoResample,348,pred_anomaly,269,269,0.0,0.45141221471034354,0.1567586151400958,1.5832388050605246,-1.1390280383080447,-0.9925986269562252,-0.4844788292498008,0.1567586151400958,1.0577378091562797,2.2525498574372,6.431145254550083,train_oof,0.10516617787900674
RFERF_RF_NoResample,RFERF,supervised,RF,NoResample,348,pred_normal,984,984,0.0,-0.12728001343396958,-0.216620149947692,0.708657213497262,-1.0296929955747294,-0.8809908439136812,-0.5331804073047296,-0.216620149947692,0.07761855080083628,0.8337105501036037,2.8361571011287556,train_oof,0.10516617787900674
RFERF_RF_NoResample,RFERF,supervised,RF,NoResample,377,TP,51,51,0.0,-0.3087083452259778,-0.3714959728317686,0.8369795653202983,-1.8658415098495904,-1.5456246090600574,-0.7984518405511466,-0.3714959728317686,0.0554598948876092,1.3363274980457427,1.8700223326949643,train_oof,0.10516617787900674
RFERF_RF_NoResample,RFERF,supervised,RF,NoResample,377,FP,218,218,0.0,-0.2490889006645159,-0.3714959728317686,0.9093347629917501,-2.043028194953133,-1.6523635759899018,-0.7984518405511466,-0.3714959728317686,0.2689378287472977,1.3363274980457427,2.153947984728347,train_oof,0.10516617787900674
RFERF_RF_NoResample,RFERF,supervised,RF,NoResample,377,TN,952,952,0.0,0.08161532534060573,0.0554598948876092,1.0240634015825556,-1.6523635759899018,-1.225407708270524,-0.5849739066914577,0.0554598948876092,0.6958936964666758,1.549805431905431,2.5083213549354366,train_oof,0.10516617787900674
RFERF_RF_NoResample,RFERF,supervised,RF,NoResample,377,FN,32,32,0.0,-0.2714281913350395,-0.3714959728317686,0.6392491084235097,-1.3727074826337093,-1.225407708270524,-0.5849739066914577,-0.3714959728317686,0.0554598948876092,0.8880238369403953,1.1228495641860532,train_oof,0.10516617787900674
RFERF_RF_NoResample,RFERF,supervised,RF,NoResample,377,pred_anomaly,269,269,0.0,-0.26039221543267405,-0.3714959728317686,0.8948624437510876,-1.934154448684691,-1.6523635759899018,-0.7984518405511466,-0.3714959728317686,0.2689378287472977,1.3363274980457427,2.045074238459908,train_oof,0.10516617787900674
RFERF_RF_NoResample,RFERF,supervised,RF,NoResample,377,pred_normal,984,984,0.0,0.07013423536741399,0.0554598948876092,1.0155684609015285,-1.6523635759899018,-1.225407708270524,-0.5849739066914577,0.0554598948876092,0.6958936964666758,1.549805431905431,2.4400084161003255,train_oof,0.10516617787900674
RFERF_RF_NoResample,RFERF,supervised,RF,NoResample,405,TP,51,51,0.0,-0.005883266286650664,-0.1187533800712203,1.1963975500675976,-1.650692101840824,-1.567131807926118,-1.2282483937164788,-0.1187533800712203,1.181073414157534,1.71028860895067,1.7984911414161924,train_oof,0.10516617787900674
RFERF_RF_NoResample,RFERF,supervised,RF,NoResample,405,FP,218,218,0.0,-0.06767629677583724,-0.0862577102155016,0.9683764804278111,-1.650692101840824,-1.4496831725904487,-1.063448925162476,-0.0862577102155016,0.5775824025513268,1.6731507005441344,1.7938489028653757,train_oof,0.10516617787900674
RFERF_RF_NoResample,RFERF,supervised,RF,NoResample,405,TN,952,952,0.0,0.015355010671752031,-0.0537620403597826,0.9935453093823029,-1.5114249453163149,-1.3164509261820014,-0.931145126464199,-0.0537620403597826,0.7911253758889079,1.7288575631539378,2.0445297846094923,train_oof,0.10516617787900674
RFERF_RF_NoResample,RFERF,supervised,RF,NoResample,405,FN,32,32,0.0,-0.009950914036447406,0.12264302457126264,1.0143949579396658,-1.5354717410095464,-1.4445767101845501,-1.0843389986411522,0.12264302457126264,0.730776274728287,1.6634019995874185,1.7259793752524313,train_oof,0.10516617787900674
RFERF_RF_NoResample,RFERF,supervised,RF,NoResample,405,pred_anomaly,269,269,0.0,-0.05596088950837063,-0.1001844258679525,1.0133780041405611,-1.650692101840824,-1.557847330824485,-1.0750545215395184,-0.1001844258679525,0.6889961277709339,1.6731507005441344,1.817617164245558,train_oof,0.10516617787900674
RFERF_RF_NoResample,RFERF,supervised,RF,NoResample,405,pred_normal,984,984,0.0,0.014532053770672381,-0.03983532470733175,0.9937144970357894,-1.5130033064235926,-1.3350198803852693,-0.945071842116643,-0.03983532470733175,0.7911253758889079,1.7288575631539378,2.0445297846094923,train_oof,0.10516617787900674
RFERF_RF_NoResample,RFERF,supervised,RF,NoResample,416,TP,51,51,0.0,-0.2347980819506104,-0.4534252382050796,0.777419286254825,-1.2690614968109417,-1.1502559481176986,-0.8704337049903279,-0.4534252382050796,0.373506960810315,1.2472578602073259,1.6945870091444775,train_oof,0.10516617787900674
RFERF_RF_NoResample,RFERF,supervised,RF,NoResample,416,FP,218,218,0.0,0.04549317186682911,-0.14893028313057144,0.9218342562491677,-1.5624448136615465,-1.1310429407018356,-0.7051810329026251,-0.14893028313057144,0.7981451417318263,1.5290123036679062,2.546962818496359,train_oof,0.10516617787900674
RFERF_RF_NoResample,RFERF,supervised,RF,NoResample,416,TN,952,952,0.0,0.005270521618255368,-0.1530919453867149,1.0339659231873264,-2.1572295833095927,-1.179635301902141,-0.708797715577607,-0.1530919453867149,0.6048260212142981,1.7305457527814885,2.420697985644964,train_oof,0.10516617787900674
RFERF_RF_NoResample,RFERF,supervised,RF,NoResample,416,FN,32,32,0.0,-0.16791786717422674,-0.33125072482829193,0.827035498311358,-1.2549128360120192,-1.093474030120482,-0.870929140973202,-0.33125072482829193,0.4926345428924263,1.1004254979628867,1.6518328655663623,train_oof,0.10516617787900674
RFERF_RF_NoResample,RFERF,supervised,RF,NoResample,416,pred_anomaly,269,269,0.0,-0.007647549117146392,-0.2334516618089168,0.9016320876427407,-1.4450027047931733,-1.136572006270712,-0.7260141159824869,-0.2334516618089168,0.6989588579604039,1.5290123036679062,2.4602456675419164,train_oof,0.10516617787900674
RFERF_RF_NoResample,RFERF,supervised,RF,NoResample,416,pred_normal,984,984,0.0,-0.0003616211067033967,-0.1530919453867149,1.028006871653518,-2.1572295833095927,-1.179635301902141,-0.726509551965361,-0.1530919453867149,0.6023488412999269,1.7224305113820095,2.420697985644964,train_oof,0.10516617787900674
RFERF_RF_NoResample,RFERF,supervised,RF,NoResample,423,TP,51,51,0.0,0.03408398148888634,-0.2723032948288679,0.7718893665271997,-0.8870466409198239,-0.84922036381638,-0.621773134428913,-0.2723032948288679,0.6919693709366044,1.351754384703394,1.7588055117818895,train_oof,0.10516617787900674
RFERF_RF_NoResample,RFERF,supervised,RF,NoResample,423,FP,218,218,0.0,0.24685327689571246,0.13216578696553272,1.1844647674145323,-1.2885724656137767,-1.097699900049869,-0.5707887972613626,0.13216578696553272,0.6997757494284186,1.963682035576691,3.437429418566339,train_oof,0.10516617787900674
RFERF_RF_NoResample,RFERF,supervised,RF,NoResample,423,TN,952,952,0.0,-0.07470111164518321,-0.30081712745228517,0.9368127340226193,-1.3843392898454778,-1.1381117302366721,-0.696205584544085,-0.30081712745228517,0.33751464355683963,1.6713193205024515,3.3902426553842764,train_oof,0.10516617787900674
RFERF_RF_NoResample,RFERF,supervised,RF,NoResample,423,FN,32,32,0.0,0.4733041267111644,-0.04247381220232465,1.3380466595691856,-1.1938846404355854,-1.0706145042918291,-0.534447234324526,-0.04247381220232466,1.1809093092607752,2.8434533422100996,3.5800748076865734,train_oof,0.10516617787900674
RFERF_RF_NoResample,RFERF,supervised,RF,NoResample,423,pred_anomaly,269,269,0.0,0.20651411679999446,0.0930477246549834,1.1198736633579829,-1.2756202676125452,-1.0533291371114684,-0.5783847077973558,0.0930477246549834,0.7064032023416118,1.9325413188438072,2.8914210025134763,train_oof,0.10516617787900674
RFERF_RF_NoResample,RFERF,supervised,RF,NoResample,423,pred_normal,984,984,0.0,-0.05687980308074916,-0.29366121695436725,0.9565396481555289,-1.3801284666041453,-1.138809629777134,-0.6892723430429052,-0.29366121695436725,0.3547524266776234,1.7093527102754655,3.5389689212871946,train_oof,0.10516617787900674
RFERF_RF_NoResample,RFERF,supervised,RF,NoResample,425,TP,51,51,0.0,0.13354397399873194,-0.1807278079178646,1.058489837362623,-0.7983230787756519,-0.6838511049392624,-0.39436796757598425,-0.1807278079178646,0.4490077470716931,1.2861736207640702,3.9108994449202155,train_oof,0.10516617787900674
RFERF_RF_NoResample,RFERF,supervised,RF,NoResample,425,FP,218,218,0.0,0.2353538614498903,-0.20754999468560698,1.7632349136231453,-0.7137003413198455,-0.6463297858086213,-0.4560382676291687,-0.20754999468560698,0.37717547941749063,1.5291820921099204,7.032029500158455,train_oof,0.10516617787900674
RFERF_RF_NoResample,RFERF,supervised,RF,NoResample,425,TN,952,952,0.0,-0.06520861353247058,-0.2565076958019968,0.7186029870965093,-0.7631631215177086,-0.663131506431076,-0.42550279425245124,-0.2565076958019968,-0.00249455710284835,1.1909972180469877,1.7685183753587808,train_oof,0.10516617787900674
RFERF_RF_NoResample,RFERF,supervised,RF,NoResample,425,FN,32,32,0.0,0.10078967623887275,-0.133419454979733,0.5980959776377635,-0.719838980905702,-0.5856860472718501,-0.3853506295850145,-0.133419454979733,0.5932671292640599,1.0342550641229937,1.2669548389697831,train_oof,0.10516617787900674
RFERF_RF_NoResample,RFERF,supervised,RF,NoResample,425,pred_anomaly,269,269,0.0,0.2160516151301539,-0.2071714557594493,1.651662288876335,-0.7394584731918218,-0.649510414071503,-0.448120495090371,-0.2071714557594493,0.3794196744797111,1.5011711128574123,6.880573371953307,train_oof,0.10516617787900674
RFERF_RF_NoResample,RFERF,supervised,RF,NoResample,425,pred_normal,984,984,0.0,-0.05981029516592282,-0.25484933479216326,0.7153522929485163,-0.763950662740748,-0.6601761989575737,-0.4249530115263651,-0.25484933479216326,0.014003431095522625,1.1867792128698018,1.7329169696102793,train_oof,0.10516617787900674
RFERF_RF_NoResample,RFERF,supervised,RF,NoResample,428,TP,51,51,0.0,-0.06152131244462755,-0.0713045620950758,0.11806527864190049,-0.254183015333985,-0.2364819282665874,-0.1653825618792073,-0.0713045620950758,0.03325750746755425,0.10181097676437666,0.14110301941521708,train_oof,0.10516617787900674
RFERF_RF_NoResample,RFERF,supervised,RF,NoResample,428,FP,218,218,0.0,0.014274097054583289,-0.0342633984170032,0.4669646912682492,-0.2779721836928718,-0.25520246682990366,-0.15533555597891585,-0.0342633984170032,0.0289578915656895,0.13487322016121872,2.927051981779921,train_oof,0.10516617787900674
RFERF_RF_NoResample,RFERF,supervised,RF,NoResample,428,TN,952,952,0.0,0.00417633717424598,-0.16740398231591624,1.1224467645283371,-0.2797403256121596,-0.2633176503885185,-0.2193599508378146,-0.16740398231591624,-0.0961516435711635,0.1661850227258412,6.441373360475646,train_oof,0.10516617787900674
RFERF_RF_NoResample,RFERF,supervised,RF,NoResample,428,FN,32,32,0.0,-0.11078269835030931,-0.1345859483610221,0.11492407195760519,-0.2660706064913771,-0.2543108565183607,-0.20093770837137492,-0.1345859483610221,-0.029545840181602574,0.10254742939915604,0.1251002533125638,train_oof,0.10516617787900674
RFERF_RF_NoResample,RFERF,supervised,RF,NoResample,428,pred_anomaly,269,269,0.0,-9.603634489533976e-05,-0.0347769484738968,0.4243193448554589,-0.27381505061530265,-0.2540344136153945,-0.1589249430786937,-0.0347769484738968,0.0289578915656895,0.12868931261443287,2.927051981779921,train_oof,0.10516617787900674
RFERF_RF_NoResample,RFERF,supervised,RF,NoResample,428,pred_normal,984,984,0.0,0.0004378319539352362,-0.1663003960234427,1.1044029465321843,-0.2797403256121596,-0.26324881282770085,-0.2193599508378146,-0.1663003960234427,-0.0902403546184091,0.1503523837377801,6.441373360475646,train_oof,0.10516617787900674
RFERF_RF_NoResample,RFERF,supervised,RF,NoResample,452,TP,51,51,0.0,-0.4173165134818923,-0.4850081307798012,0.8476645926556381,-2.03663053451899,-1.7404047624087318,-0.9616995576042353,-0.4850081307798012,-0.03359827676404005,1.0036014543390668,1.6910090571217475,train_oof,0.10516617787900674
RFERF_RF_NoResample,RFERF,supervised,RF,NoResample,452,FP,218,218,0.0,-0.4029320634690251,-0.5213742808674386,1.200869079063552,-2.306016340542045,-1.8447909022323596,-1.1462058956614816,-0.5213742808674386,0.14353654438355065,1.3781946417733129,2.0259740617262616,train_oof,0.10516617787900674
RFERF_RF_NoResample,RFERF,supervised,RF,NoResample,452,TN,952,952,0.0,0.11620759016660095,0.05092845046668415,0.9302744828750574,-2.0319990377465675,-1.3220684475942948,-0.5067404547060468,0.05092845046668415,0.7366160326371118,1.7354401927468375,2.2684478246078874,train_oof,0.10516617787900674
RFERF_RF_NoResample,RFERF,supervised,RF,NoResample,452,FN,32,32,0.0,-0.0443961839409623,0.10525926028229834,0.8603892204208059,-1.930031847545886,-1.228089797570522,-0.7387248220443756,0.10525926028229834,0.5577065870483079,1.2058540368084487,1.4150074511818485,train_oof,0.10516617787900674
RFERF_RF_NoResample,RFERF,supervised,RF,NoResample,452,pred_anomaly,269,269,0.0,-0.4056592268543643,-0.5104535150753551,1.1409411132799911,-2.2764418147005046,-1.8187394154353451,-1.1096759340869635,-0.5104535150753551,0.1341992896313194,1.343324636599193,2.062911367864825,train_oof,0.10516617787900674
RFERF_RF_NoResample,RFERF,supervised,RF,NoResample,452,pred_normal,984,984,0.0,0.11098470320375337,0.05092845046668415,0.928114291411403,-2.048986288936153,-1.3226363274154829,-0.5121735356876086,0.05092845046668415,0.7214088662716353,1.7316179247196084,2.2633106963792904,train_oof,0.10516617787900674
RFERF_RF_NoResample,RFERF,supervised,RF,NoResample,460,TP,51,51,0.0,0.3114403178071994,-0.0537278690784206,1.1135885302252402,-1.2594822473892688,-1.0459098259645527,-0.35715399127570946,-0.0537278690784206,0.807988356067719,2.349136395626649,3.548789871781562,train_oof,0.10516617787900674
RFERF_RF_NoResample,RFERF,supervised,RF,NoResample,460,FP,218,218,0.0,0.12111617112960128,-0.14626626386118274,1.1547705605261187,-1.3745226853703,-1.0875541459151439,-0.5840533377385597,-0.14626626386118274,0.539843866149569,2.250051506321112,3.312347050801982,train_oof,0.10516617787900674
RFERF_RF_NoResample,RFERF,supervised,RF,NoResample,460,TN,952,952,0.0,-0.04373454449035077,-0.257708914806982,0.9567836898584393,-1.4295217056165581,-1.1636171342611001,-0.7043187175477208,-0.257708914806982,0.4010548403240435,1.7801015754054816,2.994897839758783,train_oof,0.10516617787900674
RFERF_RF_NoResample,RFERF,supervised,RF,NoResample,460,FN,32,32,0.0,-0.02903926700338786,-0.2531601593955265,0.8058963969010392,-1.1791811557769365,-0.954769848559712,-0.4211986108341419,-0.2531601593955265,0.3535045648780076,1.194084858757204,2.5421701280867746,train_oof,0.10516617787900674
RFERF_RF_NoResample,RFERF,supervised,RF,NoResample,460,pred_anomaly,269,269,0.0,0.15719993128037266,-0.1334294904265691,1.1474656291769871,-1.3997697260790707,-1.0826288649537115,-0.5760215353263324,-0.1334294904265691,0.5982183228400072,2.2888848810909113,3.508031537987029,train_oof,0.10516617787900674
RFERF_RF_NoResample,RFERF,supervised,RF,NoResample,460,pred_normal,984,984,0.0,-0.0432566492875227,-0.257708914806982,0.9519049474761787,-1.4224373811070141,-1.1621444514887056,-0.6967028013445409,-0.257708914806982,0.39885472801278854,1.7757871273135855,3.0902427237986685,train_oof,0.10516617787900674
RFERF_RF_NoResample,RFERF,supervised,RF,NoResample,468,TP,51,51,0.0,-0.3915779573051452,-0.6568802043213247,0.659059065050342,-0.9802319324172032,-0.9624526495854275,-0.8740086399365113,-0.6568802043213247,-0.2029578879491598,1.1136252143373366,1.4480870109131616,train_oof,0.10516617787900674
RFERF_RF_NoResample,RFERF,supervised,RF,NoResample,468,FP,218,218,0.0,-0.5009903458742714,-0.7664667276755992,0.7238054924158792,-0.9802319324172032,-0.9802319324172032,-0.8703124307672079,-0.7664667276755992,-0.5012946483802398,1.0841432131175632,2.8205687041553884,train_oof,0.10516617787900674
RFERF_RF_NoResample,RFERF,supervised,RF,NoResample,468,TN,952,952,0.0,0.12684978368197508,-0.14089570793234366,1.0134414972851327,-0.9802319324172032,-0.9802319324172032,-0.6679349550934178,-0.14089570793234366,0.7410972232134783,2.2060743650104313,3.071371489964378,train_oof,0.10516617787900674
RFERF_RF_NoResample,RFERF,supervised,RF,NoResample,468,FN,32,32,0.0,0.2708450337191785,-0.39034190628782484,1.332734281567573,-0.9802319324172032,-0.939869152472439,-0.7373906254974428,-0.39034190628782484,0.8386691906824637,3.0933068693746595,3.1585822320545556,train_oof,0.10516617787900674
RFERF_RF_NoResample,RFERF,supervised,RF,NoResample,468,pred_anomaly,269,269,0.0,-0.4802467331715746,-0.7457907695217464,0.7120964423156734,-0.9802319324172032,-0.9802319324172032,-0.8727637771000953,-0.7457907695217464,-0.4264073365303094,1.1153988973080509,2.614693704223768,train_oof,0.10516617787900674
RFERF_RF_NoResample,RFERF,supervised,RF,NoResample,468,pred_normal,984,984,0.0,0.13153255604090855,-0.1444604839430658,1.024839555222743,-0.9802319324172032,-0.9802319324172032,-0.6746574502607567,-0.1444604839430658,0.7444017058236823,2.2463773889661276,3.077017867033419,train_oof,0.10516617787900674
RFERF_RF_NoResample,RFERF,supervised,RF,NoResample,477,TP,51,51,0.0,0.38495666283543056,0.0829061582293764,2.067407301931336,-0.3105003791940788,-0.2520083329924167,-0.1584369380657853,0.0829061582293764,0.2795851673638392,0.6258046215910514,7.716759963635736,train_oof,0.10516617787900674
RFERF_RF_NoResample,RFERF,supervised,RF,NoResample,477,FP,218,218,0.0,0.2254406399472664,-0.03297963694868445,1.9783202783613758,-0.34280010966436414,-0.3077819832907469,-0.17537894466110873,-0.03297963694868445,0.13603463243939226,0.624040729782285,6.065946455333501,train_oof,0.10516617787900674
RFERF_RF_NoResample,RFERF,supervised,RF,NoResample,477,TN,952,952,0.0,-0.07074276994632893,-0.11692218511728644,0.40961377987802383,-0.3728751045744962,-0.3161568304457952,-0.20908872997867176,-0.11692218511728644,-0.004869879165352,0.25135187134300974,0.6505187792255203,train_oof,0.10516617787900674
RFERF_RF_NoResample,RFERF,supervised,RF,NoResample,477,FN,32,32,0.0,-0.05305333442728825,-0.0707495933339369,0.18215199192345438,-0.3210428857402246,-0.24875402097314317,-0.17762185285004967,-0.0707495933339369,0.047751825356497524,0.27718655679718024,0.48832947876352384,train_oof,0.10516617787900674
RFERF_RF_NoResample,RFERF,supervised,RF,NoResample,477,pred_anomaly,269,269,0.0,0.25568345469558,-0.0272852525397903,1.9925648363135575,-0.3444060936792971,-0.3002381369278253,-0.1739366025219078,-0.0272852525397903,0.1720226126037359,0.6269082118149905,8.185673773671153,train_oof,0.10516617787900674
RFERF_RF_NoResample,RFERF,supervised,RF,NoResample,477,pred_normal,984,984,0.0,-0.07016750375058778,-0.1161723436381912,0.4042001095241583,-0.37135918975369936,-0.31562753057819853,-0.209038005408027,-0.1161723436381912,-0.0026328756608825,0.2523363690967395,0.6300609864763274,train_oof,0.10516617787900674
RFERF_RF_NoResample,RFERF,supervised,RF,NoResample,480,TP,51,51,0.0,-0.05647007948470428,-0.3640092003076802,0.9547783325567646,-1.6080394663582358,-1.4969827478354207,-0.6610524381620706,-0.3640092003076802,0.48817635248540825,1.6866127114964653,1.8372202537483306,train_oof,0.10516617787900674
RFERF_RF_NoResample,RFERF,supervised,RF,NoResample,480,FP,218,218,0.0,0.2554360977154898,0.02258053745589685,1.1099979346117708,-1.7017618296349837,-1.3851870916673792,-0.5515719352723727,0.02258053745589685,1.055703317761116,2.150959465666621,3.0067286790538996,train_oof,0.10516617787900674
RFERF_RF_NoResample,RFERF,supervised,RF,NoResample,480,TN,952,952,0.0,-0.05269501583499073,-0.15348191771813555,0.9679616704071597,-1.7022882967370467,-1.4890177341097588,-0.6625642477961192,-0.15348191771813555,0.38357062193380886,1.8147936693501059,3.0199454548988776,train_oof,0.10516617787900674
RFERF_RF_NoResample,RFERF,supervised,RF,NoResample,480,FN,32,32,0.0,-0.07887154988862582,-0.1740419747110972,0.9493849011999244,-1.5482569315747006,-1.4479418040242718,-0.6865274346753452,-0.1740419747110972,0.4634610697460923,1.7875481311463097,2.1089411857848726,train_oof,0.10516617787900674
RFERF_RF_NoResample,RFERF,supervised,RF,NoResample,480,pred_anomaly,269,269,0.0,0.1963014693243749,-0.0340011715322115,1.087523682396087,-1.69771422423546,-1.4544008254319298,-0.5698009106216297,-0.0340011715322115,0.9751812756353864,2.0463486103366026,2.9234892854990857,train_oof,0.10516617787900674
RFERF_RF_NoResample,RFERF,supervised,RF,NoResample,480,pred_normal,984,984,0.0,-0.053546285235108945,-0.15348191771813555,0.966899666934914,-1.70202236228928,-1.487379744120546,-0.6625642477961192,-0.15348191771813555,0.38606722006974337,1.8149332849351838,2.9818645284268417,train_oof,0.10516617787900674
RFERF_RF_NoResample,RFERF,supervised,RF,NoResample,484,TP,51,51,0.0,-0.36490811791204103,-0.630269675150526,0.7697676202352761,-1.0153846670981137,-1.0153846670981137,-1.0153846670981137,-0.630269675150526,-0.036062598910145294,1.3862065677909114,1.78519008865521,train_oof,0.10516617787900674
RFERF_RF_NoResample,RFERF,supervised,RF,NoResample,484,FP,218,218,0.0,0.15772975842867665,-0.2789958070521868,1.232298064316625,-1.0153846670981137,-1.0153846670981137,-0.782808220045654,-0.2789958070521868,0.8330970375823383,2.999204260200429,3.5081436813621627,train_oof,0.10516617787900674
RFERF_RF_NoResample,RFERF,supervised,RF,NoResample,484,TN,952,952,0.0,-0.021504522112500455,-0.3600521585823975,0.9393180572079979,-1.0153846670981137,-1.0153846670981137,-0.6245882857519016,-0.3600521585823975,0.31289495396719835,2.028270961300604,3.2517503185857817,train_oof,0.10516617787900674
RFERF_RF_NoResample,RFERF,supervised,RF,NoResample,484,FN,32,32,0.0,0.11466778987912275,-0.1983176149380393,0.9025415445596663,-1.0153846670981137,-0.8427614054899183,-0.4541899370261917,-0.1983176149380393,0.4280029388775781,1.7254347206036682,2.8727344152520633,train_oof,0.10516617787900674
RFERF_RF_NoResample,RFERF,supervised,RF,NoResample,484,pred_anomaly,269,269,0.0,0.05864228001463723,-0.3477043183131243,1.1756926279564202,-1.0153846670981137,-1.0153846670981137,-0.829843602969885,-0.3477043183131243,0.6085952530770004,2.7175319231537625,3.497917322520813,train_oof,0.10516617787900674
RFERF_RF_NoResample,RFERF,supervised,RF,NoResample,484,pred_normal,984,984,0.0,-0.017076154242854177,-0.34591036982464934,0.9380131514628524,-1.0153846670981137,-1.0153846670981137,-0.6193596457606113,-0.34591036982464934,0.31580159569053917,2.016713348710283,3.27676951130805,train_oof,0.10516617787900674
RFERF_RF_NoResample,RFERF,supervised,RF,NoResample,486,TP,51,51,0.0,-0.09178612877530698,-0.2544766908564613,0.8169191222463519,-1.0674901188596386,-1.0674901188596386,-0.5970330341461463,-0.2544766908564613,0.404035616443005,1.5080866203717451,2.0481447888164626,train_oof,0.10516617787900674
RFERF_RF_NoResample,RFERF,supervised,RF,NoResample,486,FP,218,218,0.0,-0.1368560421856484,-0.4146201953132812,0.8694346696724798,-1.0674901188596386,-1.0674901188596386,-0.7193446644153259,-0.4146201953132812,0.3269447871234026,1.5224596368524352,2.187903056267027,train_oof,0.10516617787900674
RFERF_RF_NoResample,RFERF,supervised,RF,NoResample,486,TN,952,952,0.0,0.014760212268884758,-0.1096668449167862,1.0241341456943436,-1.0674901188596386,-1.0674901188596386,-1.0674901188596386,-0.1096668449167862,0.6931391541067808,1.962856278338377,2.2860441832651643,train_oof,0.10516617787900674
RFERF_RF_NoResample,RFERF,supervised,RF,NoResample,486,FN,32,32,0.0,0.575180541519253,0.5712331417494876,0.9134239640400167,-1.0674901188596386,-1.0674901188596386,0.022553922485786273,0.5712331417494876,1.1636494246555644,2.0058401680835325,2.2885026147750214,train_oof,0.10516617787900674
RFERF_RF_NoResample,RFERF,supervised,RF,NoResample,486,pred_anomaly,269,269,0.0,-0.1283111887137993,-0.3417757300243814,0.8584212117726674,-1.0674901188596386,-1.0674901188596386,-0.7042438782993582,-0.3417757300243814,0.3330423305697212,1.511409095253158,2.148424781144121,train_oof,0.10516617787900674
RFERF_RF_NoResample,RFERF,supervised,RF,NoResample,486,pred_normal,984,984,0.0,0.0329852636266203,-0.0854109805491801,1.0251393163313034,-1.0674901188596386,-1.0674901188596386,-1.0674901188596386,-0.0854109805491801,0.7273015527120889,1.9630543760531192,2.2898208252688965,train_oof,0.10516617787900674
RFERF_RF_NoResample,RFERF,supervised,RF,NoResample,488,TP,51,51,0.0,-0.1987282040171943,-0.1687238193389359,1.0719650016493552,-1.395282106447686,-1.395282106447686,-1.085513154573806,-0.1687238193389359,0.380480403745708,1.9352133336026105,2.0999017721120348,train_oof,0.10516617787900674
RFERF_RF_NoResample,RFERF,supervised,RF,NoResample,488,FP,218,218,0.0,0.008965641437200016,-0.059523848911455304,1.0501656408411177,-1.395282106447686,-1.395282106447686,-0.902439260816448,-0.059523848911455304,0.6585296145570858,2.054108529869279,2.3945254210339124,train_oof,0.10516617787900674
RFERF_RF_NoResample,RFERF,supervised,RF,NoResample,488,TN,952,952,0.0,0.010713790334682874,0.0072289194437300495,0.9758852364560499,-1.395282106447686,-1.395282106447686,-0.7486827226593827,0.0072289194437300495,0.574109557300488,1.8201115038815758,2.395913354870078,train_oof,0.10516617787900674
RFERF_RF_NoResample,RFERF,supervised,RF,NoResample,488,FN,32,32,0.0,-0.17665720160463644,-0.1761883847959007,1.0251355096946442,-1.395282106447686,-1.395282106447686,-1.1670556859262269,-0.1761883847959007,0.6369473271246645,1.2499796952319568,2.221219525982936,train_oof,0.10516617787900674
RFERF_RF_NoResample,RFERF,supervised,RF,NoResample,488,pred_anomaly,269,269,0.0,-0.03041125863036176,-0.1167293694047642,1.0554696111191422,-1.395282106447686,-1.395282106447686,-0.938948893666357,-0.1167293694047642,0.6226121713603164,2.030681011219834,2.394010221987336,train_oof,0.10516617787900674
RFERF_RF_NoResample,RFERF,supervised,RF,NoResample,488,pred_normal,984,984,0.0,0.004620424743160309,0.0044931421181695005,0.9775463145806197,-1.395282106447686,-1.395282106447686,-0.7786724168641947,0.0044931421181695005,0.584857650713606,1.8168046454385856,2.4152311606499,train_oof,0.10516617787900674
RFERF_RF_NoResample,RFERF,supervised,RF,NoResample,489,TP,51,51,0.0,-0.03201756134577327,-0.2074758069566549,0.9259597981750026,-1.2020520219895654,-1.2020520219895654,-0.6331643827245937,-0.2074758069566549,0.0914273143812344,2.1489369202608346,2.1992312525366877,train_oof,0.10516617787900674
RFERF_RF_NoResample,RFERF,supervised,RF,NoResample,489,FP,218,218,0.0,-0.06276372907703208,-0.2522544302414021,0.9196066472053464,-1.2020520219895654,-1.2020520219895654,-0.7081747203245609,-0.2522544302414021,0.3162190151862263,1.9070479632219361,2.6145284889552447,train_oof,0.10516617787900674
RFERF_RF_NoResample,RFERF,supervised,RF,NoResample,489,TN,952,952,0.0,0.007088073799416186,-0.2107631863714354,1.0036432446413357,-1.2020520219895654,-1.2020520219895654,-0.7059639122010599,-0.2107631863714354,0.496948919738489,2.113323214472331,2.9266023754861923,train_oof,0.10516617787900674
RFERF_RF_NoResample,RFERF,supervised,RF,NoResample,489,FN,32,32,0.0,0.27009460847783545,-0.17899834493405445,1.2626497655423898,-1.2020520219895654,-1.2020520219895654,-0.7018716549090538,-0.17899834493405445,1.346696243475857,2.5566898937248417,2.841205019016608,train_oof,0.10516617787900674
RFERF_RF_NoResample,RFERF,supervised,RF,NoResample,489,pred_anomaly,269,269,0.0,-0.056934529990436536,-0.2512177812476979,0.9191595045949142,-1.2020520219895654,-1.2020520219895654,-0.699112247879706,-0.2512177812476979,0.2476623387798419,1.9620989707167196,2.474787113394451,train_oof,0.10516617787900674
RFERF_RF_NoResample,RFERF,supervised,RF,NoResample,489,pred_normal,984,984,0.0,0.015641131837738777,-0.2088670990271527,1.0133927309908368,-1.2020520219895654,-1.2020520219895654,-0.7059639122010599,-0.2088670990271527,0.5057198485157735,2.1540485934214226,2.9221861531851734,train_oof,0.10516617787900674
RFERF_RF_NoResample,RFERF,supervised,RF,NoResample,490,TP,51,51,0.0,-0.02573316314407501,0.0415121842119642,0.8955479297638662,-1.4499275348883724,-1.3198059408672953,-0.6889120918345653,0.0415121842119642,0.5213362617431488,1.3817618043152093,2.4428096600431215,train_oof,0.10516617787900674
RFERF_RF_NoResample,RFERF,supervised,RF,NoResample,490,FP,218,218,0.0,0.16423852788802595,-0.0396641022602384,1.0350960284060633,-1.5028360383766055,-1.2740526699270196,-0.6212236781189558,-0.0396641022602384,0.7605837009693862,1.9491831792786125,2.557044218945239,train_oof,0.10516617787900674
RFERF_RF_NoResample,RFERF,supervised,RF,NoResample,490,TN,952,952,0.0,-0.029128474130548428,-0.16966536878576916,0.9934030818500135,-1.7073916614798987,-1.4061048206731535,-0.7386045491813672,-0.16966536878576916,0.5163090909117755,1.7849663696473932,2.8614816253493296,train_oof,0.10516617787900674
RFERF_RF_NoResample,RFERF,supervised,RF,NoResample,490,FN,32,32,0.0,-0.21129063709249546,-0.48723201604344535,1.0435079736743058,-1.453926773110118,-1.3919450727611955,-0.9964943552757424,-0.48723201604344535,0.60323731150248,1.405337038837978,2.303506126685148,train_oof,0.10516617787900674
RFERF_RF_NoResample,RFERF,supervised,RF,NoResample,490,pred_anomaly,269,269,0.0,0.1282215901830551,-0.0312103961196432,1.0112997142225721,-1.5028132041355902,-1.2994364546909896,-0.6388082823518255,-0.0312103961196432,0.6922992464037447,1.888008680542837,2.7164665095585665,train_oof,0.10516617787900674
RFERF_RF_NoResample,RFERF,supervised,RF,NoResample,490,pred_normal,984,984,0.0,-0.03505244690979874,-0.18539469093614486,0.9950424161368174,-1.6983367655917876,-1.4013213829781077,-0.744244550745872,-0.18539469093614486,0.524120584023815,1.7796061994678796,2.852240473691367,train_oof,0.10516617787900674
RFERF_RF_NoResample,RFERF,supervised,RF,NoResample,510,TP,51,51,0.0,1.008368050885239,0.3482285251245013,1.7707150114842312,-0.7841707341478296,-0.6396611730807145,-0.0811792256651566,0.3482285251245013,1.4969308523666527,4.572277874688208,7.029740862740809,train_oof,0.10516617787900674
RFERF_RF_NoResample,RFERF,supervised,RF,NoResample,510,FP,218,218,0.0,0.732606888282911,0.2500857175061322,1.6120825959019518,-0.8233018423787737,-0.6508545485997169,-0.22529119917319207,0.2500857175061322,1.0289564489970902,3.8352863660869643,7.476653358578495,train_oof,0.10516617787900674
RFERF_RF_NoResample,RFERF,supervised,RF,NoResample,510,TN,952,952,0.0,-0.2190280905490714,-0.310664391108818,0.5658089165975961,-1.0226238661123126,-0.8822675191930248,-0.5944380391052811,-0.310664391108818,0.042649848187147524,0.7182620135964067,1.6952580764225187,train_oof,0.10516617787900674
RFERF_RF_NoResample,RFERF,supervised,RF,NoResample,510,FN,32,32,0.0,-0.11073727273716849,-0.16914827534555243,0.6056636726434397,-0.9215810561567154,-0.7081123000308255,-0.4991551802702016,-0.16914827534555243,0.049470815514972274,0.780598731806273,1.815076777534624,train_oof,0.10516617787900674
RFERF_RF_NoResample,RFERF,supervised,RF,NoResample,510,pred_anomaly,269,269,0.0,0.784888744389672,0.2881169785471104,1.643458754245848,-0.8417815538809876,-0.648605112917203,-0.1916729622332416,0.2881169785471104,1.1278614642743243,3.925800239885144,8.172337194538317,train_oof,0.10516617787900674
RFERF_RF_NoResample,RFERF,supervised,RF,NoResample,510,pred_normal,984,984,0.0,-0.2155064379373022,-0.30836194375176024,0.5671470459192602,-1.0182614009068576,-0.8789325310108946,-0.5874736850191086,-0.30836194375176024,0.042649848187147524,0.732621188296447,1.7240036173830182,train_oof,0.10516617787900674
RFERF_RF_NoResample,RFERF,supervised,RF,NoResample,525,TP,51,51,0.0,-0.03989532683696367,-0.1129981286719582,0.7084245124898603,-0.9830557521748322,-0.824912817446952,-0.5782490728713914,-0.1129981286719582,0.1093898259453738,1.3517287738076555,2.2239232273068517,train_oof,0.10516617787900674
RFERF_RF_NoResample,RFERF,supervised,RF,NoResample,525,FP,218,218,0.0,0.19236014837141252,-0.06700373875110194,1.915866158892355,-1.127734205825881,-0.8855987893425284,-0.4053234781689481,-0.06700373875110194,0.4402656903760289,1.553825600959898,2.821213801179078,train_oof,0.10516617787900674
RFERF_RF_NoResample,RFERF,supervised,RF,NoResample,525,TN,952,952,0.0,-0.03925031037190541,-0.10096532369266356,0.6463955646712247,-1.1722373686493033,-0.9393540757500306,-0.4916111255204712,-0.10096532369266356,0.2963361781236914,1.0626226813051258,1.851838771547106,train_oof,0.10516617787900674
RFERF_RF_NoResample,RFERF,supervised,RF,NoResample,525,FN,32,32,0.0,-0.08133757685143742,-0.19712267352720364,0.4743061198532965,-0.9174214424877704,-0.7573329415632382,-0.36655402573565943,-0.19712267352720364,0.14924520837679392,0.7570157073309904,1.123236141100828,train_oof,0.10516617787900674
RFERF_RF_NoResample,RFERF,supervised,RF,NoResample,525,pred_anomaly,269,269,0.0,0.14832658243971295,-0.0689303887477869,1.753281166660498,-1.1069925925615716,-0.8730860733640593,-0.4146064281529748,-0.0689303887477869,0.3608526805126766,1.514642794527326,2.7122176060666328,train_oof,0.10516617787900674
RFERF_RF_NoResample,RFERF,supervised,RF,NoResample,525,pred_normal,984,984,0.0,-0.040619001964735724,-0.10749841868142195,0.6413859029313722,-1.1711836662511164,-0.9378039982526979,-0.4832389555348774,-0.10749841868142195,0.2888485156365756,1.0563908443158472,1.8407636867661616,train_oof,0.10516617787900674
RFERF_RF_NoResample,RFERF,supervised,RF,NoResample,551,TP,51,51,0.0,0.3651024145806364,-0.0298516124714541,2.4462548873119814,-0.6450598975102659,-0.6021536962546088,-0.2820074253470123,-0.0298516124714541,0.13385267913089643,0.6556642703641097,11.348873591955767,train_oof,0.10516617787900674
RFERF_RF_NoResample,RFERF,supervised,RF,NoResample,551,FP,218,218,0.0,0.12098637632999507,-0.03656273429812605,1.7536013014831593,-0.6669090553804545,-0.5183215799550939,-0.2192983619733593,-0.03656273429812605,0.1899607884652175,0.6924104097951299,1.6151067655569578,train_oof,0.10516617787900674
RFERF_RF_NoResample,RFERF,supervised,RF,NoResample,551,TN,952,952,0.0,-0.05380346705083483,-0.0542745109900623,0.24364113530467996,-0.5855853016158857,-0.4202974124710152,-0.2192983619733593,-0.0542745109900623,0.0532275934890895,0.394590363684506,0.6520275712184497,train_oof,0.10516617787900674
RFERF_RF_NoResample,RFERF,supervised,RF,NoResample,551,FN,32,32,0.0,-0.021721392330147506,0.017550083538936702,0.3037757927401608,-0.5737035843450884,-0.4892773821820335,-0.17474192220786913,0.017550083538936702,0.05299099214908087,0.5160479180082124,0.8551389270086919,train_oof,0.10516617787900674
RFERF_RF_NoResample,RFERF,supervised,RF,NoResample,551,pred_anomaly,269,269,0.0,0.16726859919535833,-0.0348704403488136,1.9014641513771295,-0.6702755419405139,-0.5401047282848891,-0.2325002700520231,-0.0348704403488136,0.1767588803865537,0.678700365076572,4.655902253315578,train_oof,0.10516617787900674
RFERF_RF_NoResample,RFERF,supervised,RF,NoResample,551,pred_normal,984,984,0.0,-0.05276014754772305,-0.0511402066020611,0.24570543401617917,-0.5834729963232994,-0.4239279371926478,-0.2192983619733593,-0.0511402066020611,0.0532275934890895,0.394590363684506,0.6531497334051358,train_oof,0.10516617787900674
RFERF_RF_NoResample,RFERF,supervised,RF,NoResample,552,TP,51,51,0.0,0.1670569316914631,-0.0580775702068808,1.2541624169567585,-0.8280608469079525,-0.736813968174006,-0.3421712176496874,-0.0580775702068808,0.21713350610747129,1.284304395782909,5.0533269117952875,train_oof,0.10516617787900674
RFERF_RF_NoResample,RFERF,supervised,RF,NoResample,552,FP,218,218,0.0,0.060521205450158086,-0.11405402081482105,0.6926335495722875,-0.8356343378428701,-0.6768191454064362,-0.4423673094902325,-0.11405402081482105,0.4120950805682523,1.3311737059941333,2.4032964551553135,train_oof,0.10516617787900674
RFERF_RF_NoResample,RFERF,supervised,RF,NoResample,552,TN,952,952,0.0,0.03210836375147724,-0.18582320043440592,0.9699130259286701,-0.8584074530776615,-0.7877016505448607,-0.6045937313931815,-0.18582320043440592,0.34175551487936534,1.3507215950152138,3.9304393126000066,train_oof,0.10516617787900674
RFERF_RF_NoResample,RFERF,supervised,RF,NoResample,552,FN,32,32,0.0,-0.17072723193750625,-0.3091819614920298,0.4597153828448328,-0.7557652429879795,-0.6995957701365636,-0.536948208793304,-0.3091819614920298,0.09687837754145386,0.5515744120726388,0.9887241701056335,train_oof,0.10516617787900674
RFERF_RF_NoResample,RFERF,supervised,RF,NoResample,552,pred_anomaly,269,269,0.0,0.08071942864088878,-0.0936032408206866,0.826833366868318,-0.8377470540350945,-0.6831186895344143,-0.4286802776801405,-0.0936032408206866,0.358499526166944,1.3496511989377582,2.686067022856478,train_oof,0.10516617787900674
RFERF_RF_NoResample,RFERF,supervised,RF,NoResample,552,pred_normal,984,984,0.0,0.025512084216876157,-0.19389503970702432,0.9581585576737444,-0.8580705415254132,-0.7877016505448607,-0.6008549448480422,-0.19389503970702432,0.33217831114753643,1.3110642977193039,3.912807608032337,train_oof,0.10516617787900674
RFERF_RF_NoResample,RFERF,supervised,RF,NoResample,563,TP,51,51,0.0,0.045643622401418275,0.0344296567180911,0.6087321779163827,-0.9885560938032589,-0.9210746379817368,-0.28047309368659656,0.0344296567180911,0.5067998474687427,0.8926447359697136,1.4051726028840932,train_oof,0.10516617787900674
RFERF_RF_NoResample,RFERF,supervised,RF,NoResample,563,FP,218,218,0.0,0.1681100309178384,0.0789409404963797,0.8600944826871426,-1.0103323181971977,-0.9210746379817368,-0.4102027577132845,0.0789409404963797,0.4809012701102362,1.8888863021593412,2.8740079180215754,train_oof,0.10516617787900674
RFERF_RF_NoResample,RFERF,supervised,RF,NoResample,563,TN,952,952,0.0,0.017446633720603465,-0.08024741851234729,0.953555624314368,-1.2070221320671668,-0.9210746379817368,-0.9210746379817368,-0.08024741851234729,0.6697075337618028,1.7046991874661226,2.349623186722359,train_oof,0.10516617787900674
RFERF_RF_NoResample,RFERF,supervised,RF,NoResample,563,FN,32,32,0.0,-0.1233787917550275,-0.2294716973868708,0.8028167745062266,-0.9210746379817368,-0.9210746379817368,-0.9210746379817368,-0.2294716973868708,0.2226234956806221,1.3718872713009618,1.8240627049045357,train_oof,0.10516617787900674
RFERF_RF_NoResample,RFERF,supervised,RF,NoResample,563,pred_anomaly,269,269,0.0,0.14489149250022715,0.0749890229702868,0.8187998382170957,-1.0307009539420988,-0.9210746379817368,-0.3845773819574484,0.0749890229702868,0.4815460511183578,1.7059825771167154,2.8702074286691728,train_oof,0.10516617787900674
RFERF_RF_NoResample,RFERF,supervised,RF,NoResample,563,pred_normal,984,984,0.0,0.012866945087249611,-0.0963932883101352,0.9490092912988103,-1.2030477641169421,-0.9210746379817368,-0.9210746379817368,-0.0963932883101352,0.6595646155555006,1.7023394064956772,2.3403496615051673,train_oof,0.10516617787900674
RFERF_RF_NoResample,RFERF,supervised,RF,NoResample,571,TP,51,51,0.0,-0.22248336697427243,0.3073317364193771,1.451844558734817,-3.74809892986009,-3.6577479776841493,-0.7416119135910463,0.3073317364193771,0.754723473451552,1.2866487975296286,1.6167842686594263,train_oof,0.10516617787900674
RFERF_RF_NoResample,RFERF,supervised,RF,NoResample,571,FP,218,218,0.0,0.1525010957994868,0.4058633583094381,1.0776463116606203,-3.6870165959946655,-1.7312184392750565,-0.28331261694004534,0.4058633583094381,0.9276082934099424,1.40739548251003,1.6623669603064988,train_oof,0.10516617787900674
RFERF_RF_NoResample,RFERF,supervised,RF,NoResample,571,TN,952,952,0.0,-0.028965589293407812,-0.0275303438785781,0.9481176492608517,-3.7169469395887234,-1.6069449766845672,-0.4511072424096497,-0.0275303438785781,0.5834747874359862,1.2010244545218454,1.9836963949706992,train_oof,0.10516617787900674
RFERF_RF_NoResample,RFERF,supervised,RF,NoResample,571,FN,32,32,0.0,0.17739543246011366,0.4820344829809049,1.0051611206778193,-3.006352153101073,-1.3021514024025085,-0.16496559507578454,0.4820344829809049,0.8609812834049474,1.2263299928375209,1.4298323326459565,train_oof,0.10516617787900674
RFERF_RF_NoResample,RFERF,supervised,RF,NoResample,571,pred_anomaly,269,269,0.0,0.08140738724386702,0.3862297509955512,1.1641585942968888,-3.706562942831601,-1.9928544359986275,-0.3249431361518978,0.3862297509955512,0.888704664102797,1.4003419272898567,1.6626760078290328,train_oof,0.10516617787900674
RFERF_RF_NoResample,RFERF,supervised,RF,NoResample,571,pred_normal,984,984,0.0,-0.02225466175670791,0.0046469569969583,0.9501934617099834,-3.6974005927517877,-1.6069449766845672,-0.4449262919589816,0.0046469569969583,0.5969274442992045,1.2010244545218454,1.9272679532092978,train_oof,0.10516617787900674
RFERF_RF_NoResample,RFERF,supervised,RF,NoResample,582,TP,51,51,0.0,0.2712362160696114,0.3183346211040398,1.170541407247851,-2.443986834165525,-1.7534064703481334,-0.4322962091322567,0.3183346211040398,1.219091617387596,2.164886463485341,2.390075712556222,train_oof,0.10516617787900674
RFERF_RF_NoResample,RFERF,supervised,RF,NoResample,582,FP,218,218,0.0,0.14713569963914377,0.1682084550567972,1.1781370466218186,-2.1584468663436334,-1.6077840892822859,-0.5749160668771497,0.1682084550567972,0.9188392852930772,2.059798147252254,2.6500942321500784,train_oof,0.10516617787900674
RFERF_RF_NoResample,RFERF,supervised,RF,NoResample,582,TN,952,952,0.0,-0.055396862458082334,-0.0719934106188243,0.9378019906777209,-2.2485225659719896,-1.6167916592451252,-0.6800043831102237,-0.0719934106188243,0.58856171998911,1.4592934830632174,2.119248109006963,train_oof,0.10516617787900674
RFERF_RF_NoResample,RFERF,supervised,RF,NoResample,582,FN,32,32,0.0,0.23013549855128018,0.19823368826622906,1.033539528614306,-2.1659531746460017,-1.1303828812520091,-0.2671574264802606,0.19823368826622906,0.798738352455283,1.84812025312562,2.5257897666629523,train_oof,0.10516617787900674
RFERF_RF_NoResample,RFERF,supervised,RF,NoResample,582,pred_anomaly,269,269,0.0,0.17066405033785703,0.1982336882662457,1.1755316210540125,-2.3419010412533887,-1.621295444226545,-0.5523971419700509,0.1982336882662457,0.9488645185025256,2.059798147252254,2.6194684942764415,train_oof,0.10516617787900674
RFERF_RF_NoResample,RFERF,supervised,RF,NoResample,582,pred_normal,984,984,0.0,-0.04611125722200551,-0.0419681774093758,0.941858521096983,-2.268939724554423,-1.603280304300866,-0.6724980748078616,-0.0419681774093758,0.58856171998911,1.4592934830632174,2.2501581258001893,train_oof,0.10516617787900674
RFERF_RF_NoResample,RFERF,supervised,RF,NoResample,586,TP,51,51,0.0,0.062053660363097785,-0.0823690564666746,1.0035880292502304,-1.9773114148707354,-1.3593954284346286,-0.5190296868815233,-0.0823690564666746,0.6550106873470796,1.6642734651927202,2.4304892883734928,train_oof,0.10516617787900674
RFERF_RF_NoResample,RFERF,supervised,RF,NoResample,586,FP,218,218,0.0,-0.09589896002289032,-0.17299673447730365,0.9768632861775105,-1.9928005089307335,-1.354864044534097,-0.7744349612751141,-0.17299673447730365,0.4943525308736916,1.2889924894305242,2.1843939481755377,train_oof,0.10516617787900674
RFERF_RF_NoResample,RFERF,supervised,RF,NoResample,586,TN,952,952,0.0,0.013135764759859267,-0.0494135371900822,1.011028469990141,-1.9031614964984025,-1.3593954284346286,-0.6590906438070409,-0.0494135371900822,0.4778747712353954,1.701348424378881,2.760044481139416,train_oof,0.10516617787900674
RFERF_RF_NoResample,RFERF,supervised,RF,NoResample,586,FN,32,32,0.0,0.15269648337339403,0.16067789819819395,0.792801676601206,-1.0881715047882734,-0.8564118154756377,-0.39956592950387604,0.16067789819819395,0.5458455297433671,1.2852849935119077,2.3473589909982904,train_oof,0.10516617787900674
RFERF_RF_NoResample,RFERF,supervised,RF,NoResample,586,pred_anomaly,269,269,0.0,-0.06595255244041676,-0.1482800950198592,0.9820505491113363,-2.0511317780503022,-1.365986532289947,-0.7085239227219294,-0.1482800950198592,0.5355469299694321,1.5077347486289048,2.3606235875071135,train_oof,0.10516617787900674
RFERF_RF_NoResample,RFERF,supervised,RF,NoResample,586,pred_normal,984,984,0.0,0.017674324714770966,-0.0494135371900822,1.0046582186865136,-1.9031614964984025,-1.3593954284346286,-0.6446726041235318,-0.0494135371900822,0.4778747712353954,1.6642734651927202,2.760044481139416,train_oof,0.10516617787900674
