artifact_key,feature_set,category,model,balance_method,feature,group,n,non_null_n,missing_rate,mean,median,std,p01,p05,p25,p50,p75,p95,p99,group_source,threshold
RFEXGB_LR_SMOTE,RFEXGB,supervised,LR,SMOTE,0,TP,23,23,0.0,-0.04018624945194311,-0.1516675410276844,1.1363239502070963,-1.8607866360731433,-1.6946606518992111,-0.7859114244310699,-0.1516675410276844,0.5896850789984265,2.131717214289038,2.3013213961905574,train_oof,0.5483517567913296
RFEXGB_LR_SMOTE,RFEXGB,supervised,LR,SMOTE,0,FP,73,73,0.0,-0.32283126050722605,-0.285002902879535,0.8832341628469266,-2.286853845507757,-1.9600100341791498,-0.9108382499499166,-0.285002902879535,0.2648886795324922,0.9251322911528276,1.410894769798511,train_oof,0.5483517567913296
RFEXGB_LR_SMOTE,RFEXGB,supervised,LR,SMOTE,0,TN,1097,1097,0.0,0.029511183201776113,-0.0056526402609958,0.9870037810157487,-2.176048022275121,-1.462758558588313,-0.5787677992117805,-0.0056526402609958,0.5966921926092575,1.6419399932164307,2.8168500934550553,train_oof,0.5483517567913296
RFEXGB_LR_SMOTE,RFEXGB,supervised,LR,SMOTE,0,FN,60,60,0.0,-0.14930736720511598,-0.41153135436657373,1.2080776915694595,-1.9501813894876883,-1.4853214644151946,-0.9689639257121586,-0.41153135436657373,0.31073522287194055,2.5013991815135053,3.1924220401775454,train_oof,0.5483517567913296
RFEXGB_LR_SMOTE,RFEXGB,supervised,LR,SMOTE,0,pred_anomaly,96,96,0.0,-0.25511422660856453,-0.24689755171967248,0.9512966454663553,-2.2358033524599956,-1.8687774149661072,-0.8714983121062425,-0.24689755171967248,0.38154043754902356,1.2081462731736012,2.234775171900555,train_oof,0.5483517567913296
RFEXGB_LR_SMOTE,RFEXGB,supervised,LR,SMOTE,0,pred_normal,1157,1157,0.0,0.020237965376008162,-0.0272745908315703,0.9998374115738466,-2.1919628456457048,-1.4720479892038183,-0.6161390718028913,-0.0272745908315703,0.5928215965194646,1.8184124811448659,2.8447023690418893,train_oof,0.5483517567913296
RFEXGB_LR_SMOTE,RFEXGB,supervised,LR,SMOTE,2,TP,23,23,0.0,0.21598834135049266,0.1772394455099278,1.0202706220319024,-1.1764819440938994,-1.0213953280539263,-0.7933716912713746,0.1772394455099278,0.8809386434858656,1.4731412616839903,2.44173324754827,train_oof,0.5483517567913296
RFEXGB_LR_SMOTE,RFEXGB,supervised,LR,SMOTE,2,FP,73,73,0.0,0.05682728870665942,-0.1095710732053563,0.8381131978819765,-1.3881122188480672,-1.147192734588653,-0.4913589210398844,-0.1095710732053563,0.5939389201734335,1.5437932990505574,2.2259195240048073,train_oof,0.5483517567913296
RFEXGB_LR_SMOTE,RFEXGB,supervised,LR,SMOTE,2,TN,1097,1097,0.0,-0.001931575070938484,0.0469720803673646,1.0057603680405225,-2.5553411916221265,-1.5259769594433232,-0.65653791301141,0.0469720803673646,0.5939389201734335,1.5546049903166628,2.241971777173737,train_oof,0.5483517567913296
RFEXGB_LR_SMOTE,RFEXGB,supervised,LR,SMOTE,2,FN,60,60,0.0,-0.10759281525811319,-0.1837139353894701,1.0400832261501642,-1.7471961569679428,-1.2954784589568804,-0.9144389828771751,-0.1837139353894701,0.388969525689101,1.5202557403662091,3.050883968896321,train_oof,0.5483517567913296
RFEXGB_LR_SMOTE,RFEXGB,supervised,LR,SMOTE,2,pred_anomaly,96,96,0.0,0.09495962423591113,-0.01984755031071775,0.8820981339353691,-1.2528114708365767,-1.147192734588653,-0.5001805853823286,-0.01984755031071775,0.7253313769383629,1.5177210744950094,2.7146082395253006,train_oof,0.5483517567913296
RFEXGB_LR_SMOTE,RFEXGB,supervised,LR,SMOTE,2,pred_normal,1157,1157,0.0,-0.0074109825136614675,0.0199462308556089,1.0073788438768325,-2.5553411916221265,-1.515090937799756,-0.6591665054504839,0.0199462308556089,0.5875600223264316,1.5546049903166628,2.277981871835357,train_oof,0.5483517567913296
RFEXGB_LR_SMOTE,RFEXGB,supervised,LR,SMOTE,8,TP,23,23,0.0,-0.06365147222867672,-0.1519344986770837,0.6035934125741172,-1.1545646533677931,-0.9562818004892707,-0.42149514714563263,-0.1519344986770837,0.38786408632149594,0.887025387631348,0.9399351309940691,train_oof,0.5483517567913296
RFEXGB_LR_SMOTE,RFEXGB,supervised,LR,SMOTE,8,FP,73,73,0.0,0.1678382455273998,0.1189807259144242,0.9424551278595704,-1.6867776120778115,-1.357507248109293,-0.448586669604785,0.1189807259144242,0.9533996176562692,1.6588628624925525,1.8299187352996327,train_oof,0.5483517567913296
RFEXGB_LR_SMOTE,RFEXGB,supervised,LR,SMOTE,8,TN,1097,1097,0.0,-0.014786078971871576,-0.0137677341354149,1.018507996947352,-2.32700447083246,-1.6341116924172212,-0.7438842644095259,-0.0137677341354149,0.7475040469667219,1.6905599437697616,2.1007255938013025,train_oof,0.5483517567913296
RFEXGB_LR_SMOTE,RFEXGB,supervised,LR,SMOTE,8,FN,60,60,0.0,0.07044174817511299,0.0932437795782323,0.8249775229344628,-1.5791565391088334,-1.3673279250007335,-0.4187859948997194,0.0932437795782323,0.6073054182406179,1.31385232397527,1.6359298887308842,train_oof,0.5483517567913296
RFEXGB_LR_SMOTE,RFEXGB,supervised,LR,SMOTE,8,pred_anomaly,96,96,0.0,0.11237716731500642,0.09459835570118816,0.87602170803126,-1.5665183438816412,-1.2369499731660705,-0.4614551427728817,0.09459835570118816,0.8650135256332889,1.5704090416634267,1.8264916577085506,train_oof,0.5483517567913296
RFEXGB_LR_SMOTE,RFEXGB,supervised,LR,SMOTE,8,pred_normal,1157,1157,0.0,-0.010366312654828291,-0.0029311251517528,1.009261983387575,-2.323753488137362,-1.6137930505728573,-0.7276293509340372,-0.0029311251517528,0.7353128618601054,1.6650939126581599,2.0955782045340645,train_oof,0.5483517567913296
RFEXGB_LR_SMOTE,RFEXGB,supervised,LR,SMOTE,9,TP,23,23,0.0,0.096704839410544,0.0602010848434,0.7323697102613581,-1.0911560773181619,-0.9598632819545386,-0.47858858394488263,0.0602010848434,0.4766888042748299,1.092165100767951,1.7028815376104252,train_oof,0.5483517567913296
RFEXGB_LR_SMOTE,RFEXGB,supervised,LR,SMOTE,9,FP,73,73,0.0,0.009124965304515904,-0.0786281549670776,0.9937306703845026,-1.5290631651774975,-1.4206441398016956,-0.7264979407493071,-0.0786281549670776,0.7345145353514347,1.767139642894129,2.311350262951205,train_oof,0.5483517567913296
RFEXGB_LR_SMOTE,RFEXGB,supervised,LR,SMOTE,9,TN,1097,1097,0.0,0.003981567583948454,-0.0323517416969184,1.0120625133173367,-2.314440007533914,-1.671858954696846,-0.6537778627533425,-0.0323517416969184,0.6022962117224083,1.7142523134425207,2.740795378098272,train_oof,0.5483517567913296
RFEXGB_LR_SMOTE,RFEXGB,supervised,LR,SMOTE,9,FN,60,60,0.0,-0.12512493210995204,-0.1579591491444935,0.867568662548812,-2.0414752784017893,-1.84374277541458,-0.6108069075739089,-0.1579591491444935,0.3461232096911696,1.257107459495161,1.4608558962074913,train_oof,0.5483517567913296
RFEXGB_LR_SMOTE,RFEXGB,supervised,LR,SMOTE,9,pred_anomaly,96,96,0.0,0.03010764347575182,0.013924671573240798,0.9349035092171963,-1.5214606115688283,-1.3561877070325452,-0.6554305917987053,0.013924671573240795,0.605601669813134,1.7278046916144958,2.1076018262388714,train_oof,0.5483517567913296
RFEXGB_LR_SMOTE,RFEXGB,supervised,LR,SMOTE,9,pred_normal,1157,1157,0.0,-0.0027136700838424105,-0.0389626578783697,1.0051582338845813,-2.3020114851127857,-1.6745033211694265,-0.6537778627533425,-0.0389626578783697,0.5956852955409571,1.6613649839909101,2.659877764037322,train_oof,0.5483517567913296
RFEXGB_LR_SMOTE,RFEXGB,supervised,LR,SMOTE,14,TP,23,23,0.0,-0.5210116527058279,-0.4915518052726117,0.9910160560885366,-2.2445022532848435,-1.6087230863207609,-1.29009181026095,-0.4915518052726117,0.08165975251518615,1.4000861141611787,1.5512127573477918,train_oof,0.5483517567913296
RFEXGB_LR_SMOTE,RFEXGB,supervised,LR,SMOTE,14,FP,73,73,0.0,-0.24406318510335534,-0.4373804019815814,1.0742294522024782,-2.1524282256831357,-1.9327715027096752,-0.9759121361671772,-0.4373804019815814,0.4199236419573073,1.5672869821561113,2.206568847466503,train_oof,0.5483517567913296
RFEXGB_LR_SMOTE,RFEXGB,supervised,LR,SMOTE,14,TN,1097,1097,0.0,0.03979431625570318,0.0021746093685342,0.9885798027097928,-2.1267470749747526,-1.6263089030233164,-0.6290777376596532,0.0021746093685342,0.6961327062676472,1.604324599813437,2.5315307282393484,train_oof,0.5483517567913296
RFEXGB_LR_SMOTE,RFEXGB,supervised,LR,SMOTE,14,FN,60,60,0.0,-0.21575017163232887,-0.1529443722181641,1.0039084250967858,-1.83046529983347,-1.6229186700069385,-1.141527279172582,-0.1529443722181641,0.5593119423480123,1.1799307105125616,1.8880901770955345,train_oof,0.5483517567913296
RFEXGB_LR_SMOTE,RFEXGB,supervised,LR,SMOTE,14,pred_anomaly,96,96,0.0,-0.31041542213311435,-0.4561487319602494,1.0564772797152482,-2.17579244594502,-1.924390846693189,-1.0019672069757137,-0.4561487319602494,0.37158343945444694,1.5521258601068695,2.02863531539764,train_oof,0.5483517567913296
RFEXGB_LR_SMOTE,RFEXGB,supervised,LR,SMOTE,14,pred_normal,1157,1157,0.0,0.026542225267559772,-0.0009715268706641,0.9905640250791912,-2.114608051839417,-1.6263089030233164,-0.6429279696092289,-0.0009715268706641,0.6910699582965225,1.604324599813437,2.437373741472388,train_oof,0.5483517567913296
RFEXGB_LR_SMOTE,RFEXGB,supervised,LR,SMOTE,15,TP,23,23,0.0,-0.01742823970832608,-0.0220675243099133,0.4679322226705855,-0.813634787248965,-0.6611695834937374,-0.339800759962275,-0.0220675243099133,0.2807703436040496,0.8078629645648604,0.9210409237544042,train_oof,0.5483517567913296
RFEXGB_LR_SMOTE,RFEXGB,supervised,LR,SMOTE,15,FP,73,73,0.0,-0.04899278833117942,-0.0966801384719205,0.5318664248733936,-1.1091692127636221,-0.8375743986479367,-0.4133511307413309,-0.0966801384719205,0.3338984863364053,0.741133314455294,1.1430708759233954,train_oof,0.5483517567913296
RFEXGB_LR_SMOTE,RFEXGB,supervised,LR,SMOTE,15,TN,1097,1097,0.0,0.004712036990672574,-0.0542276748514472,1.0534540173499218,-0.9751957760980818,-0.7535650570561777,-0.3816169424586243,-0.0542276748514472,0.3096026639984877,0.7352550352834644,1.0230232104045982,train_oof,0.5483517567913296
RFEXGB_LR_SMOTE,RFEXGB,supervised,LR,SMOTE,15,FN,60,60,0.0,-0.019447412707432273,-0.04127842218306765,0.37552877798476203,-0.8863204546425971,-0.6240208824485004,-0.2553430930930979,-0.04127842218306765,0.26288259099738,0.5762960368923995,0.7022793267521207,train_oof,0.5483517567913296
RFEXGB_LR_SMOTE,RFEXGB,supervised,LR,SMOTE,15,pred_anomaly,96,96,0.0,-0.04143044855695414,-0.09299290266893764,0.5150580348094979,-1.0949168350549225,-0.83171928117393,-0.371429788812334,-0.09299290266893764,0.3110083394526215,0.7560803301175791,0.9917979937759073,train_oof,0.5483517567913296
RFEXGB_LR_SMOTE,RFEXGB,supervised,LR,SMOTE,15,pred_normal,1157,1157,0.0,0.003459170109180536,-0.0531680937326115,1.0292673581148786,-0.9688189081022927,-0.7509198314288534,-0.3777939311856407,-0.0531680937326115,0.3076911583619944,0.722530477706616,1.0057553393750913,train_oof,0.5483517567913296
RFEXGB_LR_SMOTE,RFEXGB,supervised,LR,SMOTE,18,TP,23,23,0.0,0.21732321150155084,0.0958909983851701,0.9157947937110524,-1.5264742330398486,-1.0174105892367749,-0.32853877533061854,0.0958909983851701,0.759202774632057,1.4826109344184686,2.1977908116689657,train_oof,0.5483517567913296
RFEXGB_LR_SMOTE,RFEXGB,supervised,LR,SMOTE,18,FP,73,73,0.0,-0.09778463544894982,-0.2139038390917298,0.9144402760295769,-2.1463055202899426,-1.5616217159048216,-0.5348442592763673,-0.2139038390917298,0.6300561401025649,1.5485867998427403,1.8256345688781046,train_oof,0.5483517567913296
RFEXGB_LR_SMOTE,RFEXGB,supervised,LR,SMOTE,18,TN,1097,1097,0.0,0.004299752750102625,-0.1375304166448147,1.0046131346588618,-2.2637395686424076,-1.424044831904457,-0.6552763945746463,-0.1375304166448147,0.8324718904858832,1.5535536903916862,2.2443793473872717,train_oof,0.5483517567913296
RFEXGB_LR_SMOTE,RFEXGB,supervised,LR,SMOTE,18,FN,60,60,0.0,-0.043390137467707014,-0.06500932647606394,1.0385767968781894,-2.6629713491305194,-1.640216774636437,-0.5959860087107924,-0.06500932647606394,0.6501499800680929,1.4619691656386162,2.224626981146984,train_oof,0.5483517567913296
RFEXGB_LR_SMOTE,RFEXGB,supervised,LR,SMOTE,18,pred_anomaly,96,96,0.0,-0.022290047117059026,-0.19589512072337206,0.9199200653678088,-2.0377101434324083,-1.552308796125545,-0.5092804814886729,-0.19589512072337206,0.694629457367311,1.5370746845493222,2.0757616415330298,train_oof,0.5483517567913296
RFEXGB_LR_SMOTE,RFEXGB,supervised,LR,SMOTE,18,pred_normal,1157,1157,0.0,0.0018266383049266738,-0.1341643010619381,1.0059961073289285,-2.2927719415318353,-1.445228919305986,-0.6549397830163586,-0.1341643010619381,0.8294423864613049,1.5535536903916862,2.247835226052353,train_oof,0.5483517567913296
RFEXGB_LR_SMOTE,RFEXGB,supervised,LR,SMOTE,19,TP,23,23,0.0,0.07820883822915291,-0.0452922981918985,0.2891227489791966,-0.26539892029251155,-0.17849122085245067,-0.12647270667732569,-0.0452922981918985,0.27049686361872083,0.597740607338603,0.8338941529029384,train_oof,0.5483517567913296
RFEXGB_LR_SMOTE,RFEXGB,supervised,LR,SMOTE,19,FP,73,73,0.0,0.0976704427166889,0.0125060508915716,0.3962614437151366,-0.8182558924620532,-0.4220324463087249,-0.1430240520966783,0.0125060508915716,0.3545671895583197,0.682021109093057,0.8523896246096542,train_oof,0.5483517567913296
RFEXGB_LR_SMOTE,RFEXGB,supervised,LR,SMOTE,19,TN,1097,1097,0.0,-0.015496530028824049,0.0692535209008085,1.0574990589628583,-1.878025403675156,-0.6800232590358741,-0.1430240520966783,0.0692535209008085,0.31463378473701,0.6392503307712853,0.8500566730648234,train_oof,0.5483517567913296
RFEXGB_LR_SMOTE,RFEXGB,supervised,LR,SMOTE,19,FN,60,60,0.0,0.13603236031852586,0.0767366216726649,0.3203649105600874,-0.5633756817946758,-0.2812146503598985,-0.1104468007950874,0.0767366216726649,0.36258014249943765,0.67216911777201,0.7271931460994777,train_oof,0.5483517567913296
RFEXGB_LR_SMOTE,RFEXGB,supervised,LR,SMOTE,19,pred_anomaly,96,96,0.0,0.09300776664155004,-0.000629937536488,0.37206837155812433,-0.7232669329410493,-0.36173825942391946,-0.13750693695689797,-0.000629937536488,0.32277809756240594,0.6778438647729335,0.9052278244626878,train_oof,0.5483517567913296
RFEXGB_LR_SMOTE,RFEXGB,supervised,LR,SMOTE,19,pred_normal,1157,1157,0.0,-0.00763850632887504,0.0692535209008085,1.032777302062731,-1.4516627456724807,-0.6800232590358741,-0.1388205357996988,0.0692535209008085,0.31463378473701,0.6409317372900734,0.8500566730648234,train_oof,0.5483517567913296
RFEXGB_LR_SMOTE,RFEXGB,supervised,LR,SMOTE,21,TP,23,23,0.0,0.945980513689253,0.2971764048678659,2.3195330392009064,-1.2656068376208,-1.2001233909008702,0.020672084044068242,0.2971764048678659,0.6034521329610203,6.602275434214294,6.687267441798986,train_oof,0.5483517567913296
RFEXGB_LR_SMOTE,RFEXGB,supervised,LR,SMOTE,21,FP,73,73,0.0,0.4142089670409066,0.2735105404949241,1.5069218885345632,-1.4982107299209868,-1.1634807442300987,-0.0487396460499659,0.2735105404949241,0.4979418209649884,4.062020995530007,6.55981098490778,train_oof,0.5483517567913296
RFEXGB_LR_SMOTE,RFEXGB,supervised,LR,SMOTE,21,TN,1097,1097,0.0,-0.058772649384249906,0.1358540960589796,0.8840238839079562,-1.5832027375056783,-1.3610907117441624,-0.6502470321955688,0.1358540960589796,0.3953897420155741,0.8253196114573493,1.7445648926740605,train_oof,0.5483517567913296
RFEXGB_LR_SMOTE,RFEXGB,supervised,LR,SMOTE,21,FN,60,60,0.0,0.20979677452199313,0.23446186427957025,1.1206020255980813,-1.817979945017447,-1.2195885643476148,-0.04745774506309828,0.23446186427957025,0.4929128247857383,1.125797202779131,4.641807062491987,train_oof,0.5483517567913296
RFEXGB_LR_SMOTE,RFEXGB,supervised,LR,SMOTE,21,pred_anomaly,96,96,0.0,0.5416125667587396,0.28534347268139504,1.7375404169231448,-1.339180065645547,-1.2025491419990968,-0.053275603388113074,0.28534347268139504,0.589351222105476,5.228255070274941,6.709580407591941,train_oof,0.5483517567913296
RFEXGB_LR_SMOTE,RFEXGB,supervised,LR,SMOTE,21,pred_normal,1157,1157,0.0,-0.044845107954366956,0.1457148728810387,0.8992088908895862,-1.5844649169389018,-1.3597496460963623,-0.6009431480852735,0.1457148728810387,0.3997284838172801,0.844646734028585,2.0802099584540596,train_oof,0.5483517567913296
RFEXGB_LR_SMOTE,RFEXGB,supervised,LR,SMOTE,24,TP,23,23,0.0,0.013234250580852135,0.1316457138687645,0.8436400625166526,-2.191606649780347,-1.8211765951522552,-0.2746104085017599,0.1316457138687645,0.4441738443764185,0.8818794446164463,1.5147360250386526,train_oof,0.5483517567913296
RFEXGB_LR_SMOTE,RFEXGB,supervised,LR,SMOTE,24,FP,73,73,0.0,-0.11370125723103179,0.0407559466370655,0.7393353666653258,-2.1518299056949286,-1.5495021500211485,-0.3800425384905307,0.0407559466370655,0.2001300966200913,0.6565573705025135,1.383758932818326,train_oof,0.5483517567913296
RFEXGB_LR_SMOTE,RFEXGB,supervised,LR,SMOTE,24,TN,1097,1097,0.0,0.013082240367314531,0.0793382892678528,1.0318760738603925,-2.6772623818320698,-1.843725722433619,-0.4194421957277137,0.0793382892678528,0.58744732795815,1.6209020282618742,3.2031415337347338,train_oof,0.5483517567913296
RFEXGB_LR_SMOTE,RFEXGB,supervised,LR,SMOTE,24,FN,60,60,0.0,-0.1011340181158752,0.05804613956625845,0.6929788586313843,-1.871031524676973,-1.4912143207780744,-0.5248954628716548,0.05804613956625845,0.3708126246191539,0.6458788797105474,0.9669776313315191,train_oof,0.5483517567913296
RFEXGB_LR_SMOTE,RFEXGB,supervised,LR,SMOTE,24,pred_anomaly,96,96,0.0,-0.08328962515110126,0.09013234111456525,0.76293229163585,-2.1704779494722524,-1.7945832367881493,-0.3800425384905307,0.09013234111456525,0.2519372639421597,0.7980156677633095,1.5344144371534298,train_oof,0.5483517567913296
RFEXGB_LR_SMOTE,RFEXGB,supervised,LR,SMOTE,24,pred_normal,1157,1157,0.0,0.007159184611920071,0.0793382892678528,1.01717988041206,-2.6666723789501194,-1.8353779462665631,-0.4344073015881888,0.0793382892678528,0.584319028992966,1.605260533435954,3.193137740935802,train_oof,0.5483517567913296
RFEXGB_LR_SMOTE,RFEXGB,supervised,LR,SMOTE,25,TP,23,23,0.0,-0.5427109498062124,0.4112510583721981,2.0618921951221787,-5.49643428484517,-5.4685212871796125,-0.929721298540169,0.4112510583721981,0.568353008584108,0.7486127417968443,0.8532162227787277,train_oof,0.5483517567913296
RFEXGB_LR_SMOTE,RFEXGB,supervised,LR,SMOTE,25,FP,73,73,0.0,-0.26367096215491787,0.4090027299255162,1.4659761278410757,-5.4600113640089205,-4.265946609260535,-1.1327885023867217,0.4090027299255162,0.496125457234446,0.677790395726358,0.7594272016253846,train_oof,0.5483517567913296
RFEXGB_LR_SMOTE,RFEXGB,supervised,LR,SMOTE,25,TN,1097,1097,0.0,0.030523177269690897,0.4438518208490884,0.9089748344530127,-3.253321960159392,-1.318500432082661,-0.6196075344315359,0.4438518208490884,0.5646994748582495,0.7138760672956055,0.8514063183791492,train_oof,0.5483517567913296
RFEXGB_LR_SMOTE,RFEXGB,supervised,LR,SMOTE,25,FN,60,60,0.0,-0.04013834944000802,0.44385182084908775,1.2048045414544095,-4.252175597524608,-3.0865016102366987,0.34337964338798244,0.44385182084908775,0.5790325687058486,0.7503833004486065,0.9164392186994275,train_oof,0.5483517567913296
RFEXGB_LR_SMOTE,RFEXGB,supervised,LR,SMOTE,25,pred_anomaly,96,96,0.0,-0.3305242925297072,0.41012689414885717,1.6210028630732962,-5.504466438220942,-4.594371187109619,-1.1422033777572027,0.41012689414885717,0.5035730452140809,0.7293895335777124,0.7744123107225201,train_oof,0.5483517567913296
RFEXGB_LR_SMOTE,RFEXGB,supervised,LR,SMOTE,25,pred_normal,1157,1157,0.0,0.026858793862100636,0.4438518208490884,0.9261108385887451,-3.506168977273259,-1.3229970889760254,-0.6128625490914904,0.4438518208490884,0.5658236390815904,0.7166864778539589,0.8537220966792316,train_oof,0.5483517567913296
RFEXGB_LR_SMOTE,RFEXGB,supervised,LR,SMOTE,28,TP,23,23,0.0,-0.7778843957590909,-0.5306707287077509,0.9211781380962555,-2.608177041689656,-2.3318486271234997,-1.6262632644015396,-0.5306707287077509,-0.1131419310058318,0.30990109569842206,0.49476263722002967,train_oof,0.5483517567913296
RFEXGB_LR_SMOTE,RFEXGB,supervised,LR,SMOTE,28,FP,73,73,0.0,-0.6039950624893938,-0.4853451062691171,0.9833746918827511,-2.658413910878391,-2.3794259658953663,-1.268610313050918,-0.4853451062691171,-0.0225052509172641,0.956248549814203,1.465301897123932,train_oof,0.5483517567913296
RFEXGB_LR_SMOTE,RFEXGB,supervised,LR,SMOTE,28,TN,1097,1097,0.0,0.07164536700325504,-0.0354679128614753,0.9844833553444691,-2.265871882080979,-1.5955024306642651,-0.5727338384772832,-0.0354679128614753,0.8449153049810006,1.6929064327516503,2.127781893796891,train_oof,0.5483517567913296
RFEXGB_LR_SMOTE,RFEXGB,supervised,LR,SMOTE,28,FN,60,60,0.0,-0.2851613099350852,-0.3251324305541454,0.9264787801484365,-2.092190272366535,-1.8458711484406642,-0.9239127412501532,-0.3251324305541454,0.3246027934135759,1.4631061095793152,1.7681047281125515,train_oof,0.5483517567913296
RFEXGB_LR_SMOTE,RFEXGB,supervised,LR,SMOTE,28,pred_anomaly,96,96,0.0,-0.6456560485852588,-0.49636845663295537,0.9669442880597173,-2.6820327548280662,-2.375541536748713,-1.3017816193182667,-0.49636845663295537,-0.018463522052635725,0.7615683016374629,1.4608398284573834,train_oof,0.5483517567913296
RFEXGB_LR_SMOTE,RFEXGB,supervised,LR,SMOTE,28,pred_normal,1157,1157,0.0,0.05314199568406711,-0.0548682114116866,0.9843662621111178,-2.269763593621983,-1.6155785354102226,-0.5856965004214945,-0.0548682114116866,0.8351860261284912,1.6870630395246642,2.1103041473552606,train_oof,0.5483517567913296
RFEXGB_LR_SMOTE,RFEXGB,supervised,LR,SMOTE,30,TP,23,23,0.0,0.31760020664988337,0.4505423421064061,0.9827587149801211,-1.9660777320423297,-0.7785271801870755,-0.3339382048297554,0.4505423421064061,0.855532299415706,1.338520322577167,2.380754477898627,train_oof,0.5483517567913296
RFEXGB_LR_SMOTE,RFEXGB,supervised,LR,SMOTE,30,FP,73,73,0.0,0.3076143794963868,0.324545466499069,0.9788898400319987,-1.970277627895907,-1.192216921764501,-0.4254359359255596,0.324545466499069,1.0205282079491245,1.8551075125672503,2.308576267729279,train_oof,0.5483517567913296
RFEXGB_LR_SMOTE,RFEXGB,supervised,LR,SMOTE,30,TN,1097,1097,0.0,-0.032905104484798726,0.0725517152843931,0.9996132354016806,-2.4397059873015308,-1.7046042159010066,-0.6864294639693309,0.0725517152843931,0.6335378042980162,1.4585173469651078,2.159059975341903,train_oof,0.5483517567913296
RFEXGB_LR_SMOTE,RFEXGB,supervised,LR,SMOTE,30,FN,60,60,0.0,0.10600088583253188,0.0935511945522829,0.9700458786662022,-1.6538754738410049,-1.3441631538957304,-0.5836820118371568,0.0935511945522829,0.8127833594775024,1.2713219889199199,2.3920641974471852,train_oof,0.5483517567913296
RFEXGB_LR_SMOTE,RFEXGB,supervised,LR,SMOTE,30,pred_anomaly,96,96,0.0,0.310006817251912,0.3260454293039181,0.974635641433659,-2.154893049916754,-1.1544178590822995,-0.36843734934128813,0.3260454293039181,0.9942788588642624,1.8335080481774222,2.3512952084113854,train_oof,0.5483517567913296
RFEXGB_LR_SMOTE,RFEXGB,supervised,LR,SMOTE,30,pred_normal,1157,1157,0.0,-0.02570168234215409,0.0725517152843931,0.9981680381705466,-2.431666186667539,-1.6950044539499716,-0.6864294639693309,0.0725517152843931,0.6425375811271116,1.4585173469651078,2.174659588512339,train_oof,0.5483517567913296
RFEXGB_LR_SMOTE,RFEXGB,supervised,LR,SMOTE,31,TP,23,23,0.0,-0.1507912013126347,-0.462676175405261,0.788357794288004,-0.6897066867745232,-0.6569483745704604,-0.512732901052233,-0.462676175405261,-0.3511185284708388,1.7781903732414437,1.7881086761298592,train_oof,0.5483517567913296
RFEXGB_LR_SMOTE,RFEXGB,supervised,LR,SMOTE,31,FP,73,73,0.0,-0.15213431334808888,-0.4427651358356478,0.8532700044953968,-0.8363859188338877,-0.7337640487231365,-0.5841893421244901,-0.4427651358356478,-0.3151111812117718,1.8588766046188676,1.8985051558968566,train_oof,0.5483517567913296
RFEXGB_LR_SMOTE,RFEXGB,supervised,LR,SMOTE,31,TN,1097,1097,0.0,0.02428333526431896,-0.4544884581990649,1.0191278492234361,-0.8842691777315783,-0.7543822093241941,-0.5780485542198434,-0.4544884581990649,-0.2256045453894917,1.8745821348962077,1.9456589636252684,train_oof,0.5483517567913296
RFEXGB_LR_SMOTE,RFEXGB,supervised,LR,SMOTE,31,FN,60,60,0.0,-0.1936724482853265,-0.4276922927969685,0.8503652870909048,-1.5942875445598912,-0.7193611098195102,-0.5487867694317902,-0.4276922927969685,-0.2776616792175223,1.8004646857319362,1.8596060557881466,train_oof,0.5483517567913296
RFEXGB_LR_SMOTE,RFEXGB,supervised,LR,SMOTE,31,pred_anomaly,96,96,0.0,-0.1518125260895947,-0.4466729099567869,0.8341035291756331,-0.8331331620892443,-0.7075633536633089,-0.5788859343886588,-0.4466729099567869,-0.32390367298433465,1.85705297669567,1.8945676082586043,train_oof,0.5483517567913296
RFEXGB_LR_SMOTE,RFEXGB,supervised,LR,SMOTE,31,pred_normal,1157,1157,0.0,0.012980528857250056,-0.453744120271229,1.0119082759533777,-0.8853856846233323,-0.7543822093241941,-0.5769320473280887,-0.453744120271229,-0.2278375591729995,1.8730190252477523,1.9426295082589762,train_oof,0.5483517567913296
RFEXGB_LR_SMOTE,RFEXGB,supervised,LR,SMOTE,33,TP,23,23,0.0,0.02709018990792298,-0.0596935570697993,0.23585362607936736,-0.27964616664389846,-0.2775219702196909,-0.14906027644814673,-0.0596935570697993,0.17712655480577388,0.42099569119052316,0.49483151176086543,train_oof,0.5483517567913296
RFEXGB_LR_SMOTE,RFEXGB,supervised,LR,SMOTE,33,FP,73,73,0.0,0.2637633644523713,-0.0393598325241007,1.5266089209706137,-0.49026695223315697,-0.31562737001833024,-0.1570920976436978,-0.0393598325241007,0.1540816669873146,0.6019929512799694,8.874302462614676,train_oof,0.5483517567913296
RFEXGB_LR_SMOTE,RFEXGB,supervised,LR,SMOTE,33,TN,1097,1097,0.0,-0.04197114985682477,-0.1528220154891013,0.8491573383000809,-0.5931149309853022,-0.4801949806748535,-0.2804500265542717,-0.1528220154891013,0.0328926686949496,0.4893847847458902,3.088305898013492,train_oof,0.5483517567913296
RFEXGB_LR_SMOTE,RFEXGB,supervised,LR,SMOTE,33,FN,60,60,0.0,0.43581897638433775,-0.12655762128424,2.156043524083824,-0.38633586375354395,-0.30295607067226943,-0.225481191199066,-0.12655762128424,0.1313756745779507,1.5399164965371301,9.728758101984218,train_oof,0.5483517567913296
RFEXGB_LR_SMOTE,RFEXGB,supervised,LR,SMOTE,33,pred_anomaly,96,96,0.0,0.2070604163844305,-0.0393598325241007,1.3377198307165827,-0.46267408802464355,-0.30778194129778175,-0.1572784901186999,-0.0393598325241007,0.15642004531006995,0.5138530332825484,8.601351355593843,train_oof,0.5483517567913296
RFEXGB_LR_SMOTE,RFEXGB,supervised,LR,SMOTE,33,pred_normal,1157,1157,0.0,-0.017193788081137872,-0.1528220154891013,0.9654679242337759,-0.5931149309853022,-0.4776193755657316,-0.2798400148179009,-0.1528220154891013,0.0344515875767865,0.4893847847458902,3.088305898013492,train_oof,0.5483517567913296
RFEXGB_LR_SMOTE,RFEXGB,supervised,LR,SMOTE,37,TP,23,23,0.0,0.2916535179675925,0.3050513045165886,0.8001038990032707,-1.4112972709398015,-1.1493029249845539,-0.0037417758499850504,0.3050513045165886,0.8757872116591227,1.3679241710253658,1.4775634242733353,train_oof,0.5483517567913296
RFEXGB_LR_SMOTE,RFEXGB,supervised,LR,SMOTE,37,FP,73,73,0.0,0.23799404251601455,0.1572556591690848,1.315364364573895,-3.342506583275159,-1.4983131646189052,-0.2436279540283574,0.1572556591690848,0.8939799218162622,2.1533662575093446,3.4341845717521413,train_oof,0.5483517567913296
RFEXGB_LR_SMOTE,RFEXGB,supervised,LR,SMOTE,37,TN,1097,1097,0.0,-0.024698740053244544,0.0088160240814834,0.9809489422526486,-3.3238308808129693,-1.2476079588072089,-0.6016862495107734,0.0088160240814834,0.3710602528743966,1.5131760568995622,2.8754719530568047,train_oof,0.5483517567913296
RFEXGB_LR_SMOTE,RFEXGB,supervised,LR,SMOTE,37,FN,60,60,0.0,0.05971267987219998,0.07289300321909009,0.9393075713314901,-1.6935708538099732,-1.2528242757018415,-0.5374482729381538,0.07289300321909009,0.4437505947854769,1.5289216060444324,2.451546386959438,train_oof,0.5483517567913296
RFEXGB_LR_SMOTE,RFEXGB,supervised,LR,SMOTE,37,pred_anomaly,96,96,0.0,0.2508499585096218,0.19396307435341276,1.2083360527761946,-3.342506583275159,-1.4759023216642588,-0.16522220317410533,0.19396307435341276,0.8939799218162622,1.6301406934409113,2.750473544507997,train_oof,0.5483517567913296
RFEXGB_LR_SMOTE,RFEXGB,supervised,LR,SMOTE,37,pred_normal,1157,1157,0.0,-0.020321311189349406,0.0236277881032707,0.9786204353948806,-3.0573221667798176,-1.248251948547288,-0.6016862495107734,0.0236277881032707,0.3710602528743966,1.5131760568995622,2.9746463730285635,train_oof,0.5483517567913296
RFEXGB_LR_SMOTE,RFEXGB,supervised,LR,SMOTE,39,TP,23,23,0.0,-0.1522548126364934,-0.2314200930412735,0.29739299709613076,-0.6458473015557581,-0.5203453566306193,-0.3131296049486258,-0.2314200930412735,0.055959024724859446,0.3600128957094051,0.4472735006070455,train_oof,0.5483517567913296
RFEXGB_LR_SMOTE,RFEXGB,supervised,LR,SMOTE,39,FP,73,73,0.0,-0.09851176468369481,-0.2581555312343518,0.7992077248570114,-1.136787254071791,-0.6798453302684297,-0.3947317456182589,-0.2581555312343518,0.0496778073180538,0.5870923263701877,3.6337941452609575,train_oof,0.5483517567913296
RFEXGB_LR_SMOTE,RFEXGB,supervised,LR,SMOTE,39,TN,1097,1097,0.0,0.007047706610098112,-0.1395103135502186,1.0186909844579457,-1.5225592266627026,-0.6799097530110658,-0.3599434645959407,-0.1395103135502186,0.1435202690881217,0.9171300368837484,4.785681373254322,train_oof,0.5483517567913296
RFEXGB_LR_SMOTE,RFEXGB,supervised,LR,SMOTE,39,FN,60,60,0.0,0.047807758261039085,-0.2056509959877056,1.0519348976771625,-1.0008262768800376,-0.6390013114385256,-0.30717050125499085,-0.2056509959877056,0.023640282170176524,0.712024130023001,4.412902394140386,train_oof,0.5483517567913296
RFEXGB_LR_SMOTE,RFEXGB,supervised,LR,SMOTE,39,pred_anomaly,96,96,0.0,-0.11138770325571949,-0.24178141748156257,0.710707783693507,-1.0422286261461042,-0.6798292245827707,-0.3821693108046399,-0.24178141748156257,0.0496778073180538,0.469714089291193,3.4431457755596484,train_oof,0.5483517567913296
RFEXGB_LR_SMOTE,RFEXGB,supervised,LR,SMOTE,39,pred_normal,1157,1157,0.0,0.009161451725963683,-0.1439125342968708,1.0200140344993185,-1.5063848234120818,-0.6799097530110658,-0.3598360933582138,-0.1439125342968708,0.1390106771037504,0.9171300368837484,4.675230728433325,train_oof,0.5483517567913296
RFEXGB_LR_SMOTE,RFEXGB,supervised,LR,SMOTE,51,TP,23,23,0.0,0.10677251153595563,0.5966294421935097,0.9737463504148514,-1.8016564997602273,-1.6109154140694633,-0.5275013153479293,0.5966294421935097,0.8439937794787894,1.1224809663541997,1.1542737974502624,train_oof,0.5483517567913296
RFEXGB_LR_SMOTE,RFEXGB,supervised,LR,SMOTE,51,FP,73,73,0.0,0.005855392023781996,0.4454621639114545,1.0422970372997649,-1.8693605243148022,-1.775075398353962,-0.6915831147799462,0.4454621639114545,0.8666591393512737,1.1655271708947879,1.3853740029604256,train_oof,0.5483517567913296
RFEXGB_LR_SMOTE,RFEXGB,supervised,LR,SMOTE,51,TN,1097,1097,0.0,-0.001764243919117488,0.398666715284543,0.9945332218253655,-1.8687486371233097,-1.7625387706576638,-0.6913521890553157,0.398666715284543,0.8161012508823468,1.209664994325095,1.4655287838311246,train_oof,0.5483517567913296
RFEXGB_LR_SMOTE,RFEXGB,supervised,LR,SMOTE,51,FN,60,60,0.0,-0.0053152972072257705,0.5099209562684072,1.0814032998001335,-1.8838625113693466,-1.8059857962774326,-0.7764342980912348,0.5099209562684072,0.8076555548713515,1.1875861857931718,1.28688924527676,train_oof,0.5483517567913296
RFEXGB_LR_SMOTE,RFEXGB,supervised,LR,SMOTE,51,pred_anomaly,96,96,0.0,0.03003345190690696,0.4944373864319317,1.0221633702249155,-1.8604314842674605,-1.7721303531036652,-0.6706686667409992,0.4944373864319317,0.8668624364624217,1.1444904146952608,1.3729903470620004,train_oof,0.5483517567913296
RFEXGB_LR_SMOTE,RFEXGB,supervised,LR,SMOTE,51,pred_normal,1157,1157,0.0,-0.0019483953428741858,0.4053371697874416,0.9987218678793197,-1.8702681283913785,-1.769797096076693,-0.6929752670055758,0.4053371697874416,0.8150752808772028,1.205805895572627,1.4549984388304176,train_oof,0.5483517567913296
RFEXGB_LR_SMOTE,RFEXGB,supervised,LR,SMOTE,55,TP,23,23,0.0,-0.12814203778011185,-0.8171652248507822,1.1906581484675567,-1.5875614036213064,-1.5377076569667931,-1.0119064227199743,-0.8171652248507822,0.9355055559719472,2.006582144252503,2.065004503613262,train_oof,0.5483517567913296
RFEXGB_LR_SMOTE,RFEXGB,supervised,LR,SMOTE,55,FP,73,73,0.0,-0.11502983746487302,-0.4276828291123979,1.0592475741082807,-1.5571817767537124,-1.416968114287894,-0.972958183146136,-0.4276828291123979,0.5460231602335628,1.8546840099145327,2.1039527431871,train_oof,0.5483517567913296
RFEXGB_LR_SMOTE,RFEXGB,supervised,LR,SMOTE,55,TN,1097,1097,0.0,0.007629900666537387,-0.0382004333740136,0.9774578921093219,-2.063508891213612,-1.4013888184583587,-0.7392687457031054,-0.0382004333740136,0.6628678789550781,1.8391047140850005,2.298693941056292,train_oof,0.5483517567913296
RFEXGB_LR_SMOTE,RFEXGB,supervised,LR,SMOTE,55,FN,60,60,0.0,0.06695981347535016,0.09811840513442086,1.2331390002982898,-1.660005129228646,-1.3643879908632122,-1.0508546622938129,0.09811840513442086,0.740764358102755,2.1117423911018673,3.1166069721068994,train_oof,0.5483517567913296
RFEXGB_LR_SMOTE,RFEXGB,supervised,LR,SMOTE,55,pred_anomaly,96,96,0.0,-0.11817130212373235,-0.4276828291123979,1.0856774147148875,-1.5591291887324044,-1.440337058032197,-0.9924323029330553,-0.4276828291123979,0.740764358102755,1.957896844785206,2.1039527431871,train_oof,0.5483517567913296
RFEXGB_LR_SMOTE,RFEXGB,supervised,LR,SMOTE,55,pred_normal,1157,1157,0.0,0.010706646361030693,-0.0382004333740136,0.9917750652708215,-2.063508891213612,-1.4013888184583587,-0.7392687457031054,-0.0382004333740136,0.6628678789550781,1.9481597848917465,2.3329683918812743,train_oof,0.5483517567913296
RFEXGB_LR_SMOTE,RFEXGB,supervised,LR,SMOTE,56,TP,23,23,0.0,0.39760590566874776,0.6364698170228489,0.6775457704834903,-1.5988455616857948,-0.8259802986077297,0.25464786565131436,0.6364698170228489,0.7661451967339358,1.0182917683943673,1.1491198181473397,train_oof,0.5483517567913296
RFEXGB_LR_SMOTE,RFEXGB,supervised,LR,SMOTE,56,FP,73,73,0.0,0.2683654286496727,0.463569310741405,0.6744975316139633,-1.4383362583545254,-1.265435752073072,0.0457264205612397,0.463569310741405,0.7085116946401104,0.9822708295857361,1.2081941577935011,train_oof,0.5483517567913296
RFEXGB_LR_SMOTE,RFEXGB,supervised,LR,SMOTE,56,TN,1097,1097,0.0,-0.034340142522836264,0.2762604289364928,1.0310418534387795,-2.982914114468776,-1.6256451401594216,-0.5738337269472901,0.2762604289364928,0.6220614414993966,1.054312707203014,1.183988086914101,train_oof,0.5483517567913296
RFEXGB_LR_SMOTE,RFEXGB,supervised,LR,SMOTE,56,FN,60,60,0.0,0.16315468107738415,0.39873162088585357,0.7237850355841636,-2.144346659003753,-0.9729457289469545,-0.16679711840971398,0.39873162088585357,0.643674004784575,0.9873137610189453,1.2312475586310243,train_oof,0.5483517567913296
RFEXGB_LR_SMOTE,RFEXGB,supervised,LR,SMOTE,56,pred_anomaly,96,96,0.0,0.29932929293549276,0.506794437311762,0.6739343282886566,-1.4563467277588424,-1.2546294704304803,0.06733898384641815,0.506794437311762,0.7542691934142588,1.0254959561560937,1.1883105995711365,train_oof,0.5483517567913296
RFEXGB_LR_SMOTE,RFEXGB,supervised,LR,SMOTE,56,pred_normal,1157,1157,0.0,-0.024098405776065982,0.2762604289364928,1.0181003570028697,-2.9656240638406315,-1.5910650389031358,-0.5450169759003695,0.2762604289364928,0.6220614414993966,1.054312707203014,1.183988086914101,train_oof,0.5483517567913296
RFEXGB_LR_SMOTE,RFEXGB,supervised,LR,SMOTE,58,TP,23,23,0.0,0.20282239670912172,0.0018536029597882,0.9958957398445826,-1.29526735828003,-0.8581747560614307,-0.5785770590956802,0.0018536029597882,0.9214586864399611,1.9137355763888608,1.956678007484022,train_oof,0.5483517567913296
RFEXGB_LR_SMOTE,RFEXGB,supervised,LR,SMOTE,58,FP,73,73,0.0,0.1616675804925524,0.2059481243736099,0.8388018038851829,-1.3124679254604572,-1.1009646549456131,-0.4936359865997613,0.2059481243736099,0.8170519514970579,1.5392870151360005,2.131750995795064,train_oof,0.5483517567913296
RFEXGB_LR_SMOTE,RFEXGB,supervised,LR,SMOTE,58,TN,1097,1097,0.0,-0.022126877319871424,-0.2977996250119338,1.016522085735442,-1.6735618625375697,-1.2038377316351192,-0.730763147317539,-0.2977996250119338,0.9008132868749756,1.5558033347879887,2.2115012249717947,train_oof,0.5483517567913296
RFEXGB_LR_SMOTE,RFEXGB,supervised,LR,SMOTE,58,FN,60,60,0.0,0.15185717751335784,0.1634775881256426,0.8498391554482667,-1.1755948250302237,-0.9271303906084737,-0.6293057551696367,0.1634775881256426,0.681972051486178,1.573558378413867,1.8754177147962594,train_oof,0.5483517567913296
RFEXGB_LR_SMOTE,RFEXGB,supervised,LR,SMOTE,58,pred_anomaly,96,96,0.0,0.17152758854443875,0.1758648278646339,0.8736359301121303,-1.34682187033659,-1.0988411281332153,-0.4995346721897526,0.1758648278646339,0.8256050456025512,1.7059838699092515,1.987941041110992,train_oof,0.5483517567913296
RFEXGB_LR_SMOTE,RFEXGB,supervised,LR,SMOTE,58,pred_normal,1157,1157,0.0,-0.01310436799403413,-0.2848225167139444,1.0089774392953779,-1.6634633128074985,-1.193220097573122,-0.7166063019015534,-0.2848225167139444,0.8312087969130435,1.5614660729543783,2.183753807956463,train_oof,0.5483517567913296
RFEXGB_LR_SMOTE,RFEXGB,supervised,LR,SMOTE,59,TP,23,23,0.0,0.40195788060463533,0.2705649389310645,0.7204352122283776,-0.8591117292992136,-0.7124290772572426,-0.0593404252201124,0.2705649389310645,0.9586383669744267,1.4639416102063534,1.5427557008949806,train_oof,0.5483517567913296
RFEXGB_LR_SMOTE,RFEXGB,supervised,LR,SMOTE,59,FP,73,73,0.0,0.9093034931169114,0.2022402041334149,2.3352377954813583,-1.3172370773834623,-0.7911443168620237,-0.2046292364671156,0.2022402041334149,1.545794561468459,2.5487259094754995,10.797779174511954,train_oof,0.5483517567913296
RFEXGB_LR_SMOTE,RFEXGB,supervised,LR,SMOTE,59,TN,1097,1097,0.0,-0.10591337576056227,-0.2469853053855518,0.7707401109559252,-1.5302733168933587,-0.9213785941921537,-0.5173166864238063,-0.2469853053855518,0.0349428472719302,1.9295960483223065,2.489337069581092,train_oof,0.5483517567913296
RFEXGB_LR_SMOTE,RFEXGB,supervised,LR,SMOTE,59,FN,60,60,0.0,0.6625434157995697,0.218637735357458,1.2239907740760279,-1.2195495194096249,-0.8417087731680607,-0.21114672339896967,0.218637735357458,1.6607925039641918,2.4608542843839385,3.615295985009379,train_oof,0.5483517567913296
RFEXGB_LR_SMOTE,RFEXGB,supervised,LR,SMOTE,59,pred_anomaly,96,96,0.0,0.7877519401191785,0.2364025715322397,2.07379784670101,-1.3089371312050861,-0.7701972050167081,-0.1720848465933315,0.2364025715322397,1.4311131247483602,2.4724095304454035,8.908419773103413,train_oof,0.5483517567913296
RFEXGB_LR_SMOTE,RFEXGB,supervised,LR,SMOTE,59,pred_normal,1157,1157,0.0,-0.06606254819478188,-0.2360266094100023,0.8177599228049742,-1.5334778745704971,-0.919901904845356,-0.5061756831214919,-0.2360266094100023,0.0722348237802234,2.000511572796985,2.4958989179624593,train_oof,0.5483517567913296
RFEXGB_LR_SMOTE,RFEXGB,supervised,LR,SMOTE,63,TP,23,23,0.0,0.6838175082622644,0.4169761845723974,1.1638035586120423,-0.6993618943050086,-0.500972438866488,-0.2513525518027073,0.4169761845723974,1.3758131210662965,2.6061116847420576,2.844723302811105,train_oof,0.5483517567913296
RFEXGB_LR_SMOTE,RFEXGB,supervised,LR,SMOTE,63,FP,73,73,0.0,0.5726155697495476,-0.0195255425769753,3.032626369458897,-1.1326309266744305,-0.9121937574065778,-0.5048427728327576,-0.0195255425769753,0.7213536365290117,1.8801089769157129,13.735335477270475,train_oof,0.5483517567913296
RFEXGB_LR_SMOTE,RFEXGB,supervised,LR,SMOTE,63,TN,1097,1097,0.0,-0.058844515176481156,-0.1192082920972148,0.6449819207991372,-1.2222185662018237,-0.9650754427040563,-0.485817516709408,-0.1192082920972148,0.2750328521227005,1.057767594700057,2.1008019479465627,train_oof,0.5483517567913296
RFEXGB_LR_SMOTE,RFEXGB,supervised,LR,SMOTE,63,FN,60,60,0.0,0.10900440697539203,-0.0952268768156816,1.0020117284742316,-0.9928894878378332,-0.8252384778965876,-0.4896278971374738,-0.0952268768156816,0.30721790988179154,1.6359182158115018,3.4752233550308533,train_oof,0.5483517567913296
RFEXGB_LR_SMOTE,RFEXGB,supervised,LR,SMOTE,63,pred_anomaly,96,96,0.0,0.5992577008515526,-0.0049568327934438995,2.6992887172374904,-1.0844602571789241,-0.8712588138218498,-0.43330487874709533,-0.0049568327934438995,0.8204768196926825,2.49140191394624,10.715114171492948,train_oof,0.5483517567913296
RFEXGB_LR_SMOTE,RFEXGB,supervised,LR,SMOTE,63,pred_normal,1157,1157,0.0,-0.05014016312020424,-0.1161839691700437,0.6686104714387567,-1.203040361941012,-0.9610732109537381,-0.485817516709408,-0.1161839691700437,0.2770845954301206,1.1023117412846561,2.242159068022724,train_oof,0.5483517567913296
RFEXGB_LR_SMOTE,RFEXGB,supervised,LR,SMOTE,64,TP,23,23,0.0,1.4005572719600166,1.3379417034415142,1.4501698332218993,-0.9736735811927897,-0.730786190131198,0.38941925154767393,1.3379417034415142,2.6893209665029514,3.4417591869816326,3.624829963803261,train_oof,0.5483517567913296
RFEXGB_LR_SMOTE,RFEXGB,supervised,LR,SMOTE,64,FP,73,73,0.0,0.3674674514452376,-0.0989910026119095,1.3736198331441614,-1.8569993396171844,-1.355911556179054,-0.5382701509204944,-0.0989910026119095,1.2451362495735034,2.8281842964381347,3.8961241407399583,train_oof,0.5483517567913296
RFEXGB_LR_SMOTE,RFEXGB,supervised,LR,SMOTE,64,TN,1097,1097,0.0,-0.05690589600309511,-0.1316301228902988,0.9049244268529145,-1.861191914744057,-1.3603053619293952,-0.6293716357994528,-0.1316301228902988,0.3970668266533004,1.4126688577494877,3.0048031163947875,train_oof,0.5483517567913296
RFEXGB_LR_SMOTE,RFEXGB,supervised,LR,SMOTE,64,FN,60,60,0.0,0.01752565306347892,-0.3130013934987978,1.3586738169862964,-2.0607915964663914,-1.6956322592332536,-0.8817264002762882,-0.3130013934987978,0.7749828060109052,2.3911091508755082,3.643140327711326,train_oof,0.5483517567913296
RFEXGB_LR_SMOTE,RFEXGB,supervised,LR,SMOTE,64,pred_anomaly,96,96,0.0,0.6149785542769034,0.3607459162378526,1.4537931792564611,-1.8010957684485076,-1.1803824649615902,-0.5234162069653355,0.3607459162378526,1.5924264291546644,3.433610563851844,3.757806892295073,train_oof,0.5483517567913296
RFEXGB_LR_SMOTE,RFEXGB,supervised,LR,SMOTE,64,pred_normal,1157,1157,0.0,-0.053046005818138814,-0.135504623805881,0.9332062946976762,-1.8643645427189108,-1.3740669400505008,-0.6400620126712435,-0.135504623805881,0.4049983965904355,1.5081966049309632,3.051566516764811,train_oof,0.5483517567913296
RFEXGB_LR_SMOTE,RFEXGB,supervised,LR,SMOTE,67,TP,23,23,0.0,-0.05702136193673825,-0.0571768516221987,0.000802824826727639,-0.057995331825020986,-0.05791746609083072,-0.05766983839738375,-0.0571768516221987,-0.05692294161940425,-0.0557005670950693,-0.05505996350107752,train_oof,0.5483517567913296
RFEXGB_LR_SMOTE,RFEXGB,supervised,LR,SMOTE,67,FP,73,73,0.0,0.4860944949474355,-0.0571463126184262,3.266475092764609,-0.0582118504532916,-0.05778094220158478,-0.0575165616832112,-0.0571463126184262,-0.0569793660644697,-0.05554781390667575,19.188824060983137,train_oof,0.5483517567913296
RFEXGB_LR_SMOTE,RFEXGB,supervised,LR,SMOTE,67,TN,1097,1097,0.0,-0.04520862495176582,-0.0573077330669381,0.3290545677384894,-0.05871279482031678,-0.05776494558056104,-0.0575375027143695,-0.0573077330669381,-0.0570459701774593,-0.056301051163533636,-0.05568614105138253,train_oof,0.5483517567913296
RFEXGB_LR_SMOTE,RFEXGB,supervised,LR,SMOTE,67,FN,60,60,0.0,0.25128806144368976,-0.05718775840926035,2.3891124069695384,-0.05786662882921731,-0.0577766667410566,-0.0574972203141552,-0.05718775840926035,-0.056935520780482,-0.055821661516218764,7.531257562251282,train_oof,0.5483517567913296
RFEXGB_LR_SMOTE,RFEXGB,supervised,LR,SMOTE,67,pred_anomaly,96,96,0.0,0.3559729875689355,-0.0571735068741665,2.853232492600526,-0.05805685482947814,-0.0578398388517175,-0.05754150186962535,-0.0571735068741665,-0.056976021316437475,-0.055549340856864325,18.58063401007648,train_oof,0.5483517567913296
RFEXGB_LR_SMOTE,RFEXGB,supervised,LR,SMOTE,67,pred_normal,1157,1157,0.0,-0.029832824447247816,-0.0573013344185286,0.6311110951930055,-0.058706826626436705,-0.057772274941466396,-0.0575372118667145,-0.0573013344185286,-0.0570395715290498,-0.05608285725277032,-0.055673169245970565,train_oof,0.5483517567913296
RFEXGB_LR_SMOTE,RFEXGB,supervised,LR,SMOTE,68,TP,23,23,0.0,0.11550912034612967,0.0970026060251166,0.8955613528186956,-1.6405358831435082,-1.4122403277670432,-0.4188706329369839,0.0970026060251166,0.6899026049740641,1.1771506903299946,1.9737513941386549,train_oof,0.5483517567913296
RFEXGB_LR_SMOTE,RFEXGB,supervised,LR,SMOTE,68,FP,73,73,0.0,-0.10674497373990027,-0.0488550999914531,1.557002829653176,-5.699533582223126,-1.9131805158750694,-0.7507779461835804,-0.0488550999914531,0.7139112464247289,1.2838212926634447,2.5187517224317597,train_oof,0.5483517567913296
RFEXGB_LR_SMOTE,RFEXGB,supervised,LR,SMOTE,68,TN,1097,1097,0.0,0.019836807656541153,0.0589175383430111,0.8630922543205862,-2.069801131474654,-1.372900420772861,-0.4858031135868114,0.0589175383430111,0.5598345744342065,1.3324405280023022,1.8493694989317602,train_oof,0.5483517567913296
RFEXGB_LR_SMOTE,RFEXGB,supervised,LR,SMOTE,68,FN,60,60,0.0,-0.286371640630183,-0.1430375044478684,1.9846453145813416,-6.647203047996009,-1.4655906777447103,-0.6710539762362693,-0.1430375044478684,0.35640359057053883,1.6784867779257757,1.8384780956553515,train_oof,0.5483517567913296
RFEXGB_LR_SMOTE,RFEXGB,supervised,LR,SMOTE,68,pred_anomaly,96,96,0.0,-0.05349659703178892,0.0035610661071997993,1.4255383335062068,-4.785721857379718,-1.7430502354159945,-0.6339760212861818,0.0035610661071997993,0.7231141731138693,1.2671865685725088,2.3191331811791547,train_oof,0.5483517567913296
RFEXGB_LR_SMOTE,RFEXGB,supervised,LR,SMOTE,68,pred_normal,1157,1157,0.0,0.003957372136054154,0.0492168432920681,0.9549387318447603,-2.115938470609546,-1.376850154843723,-0.4944156638468339,0.0492168432920681,0.5562460118258615,1.346364150922679,1.8594637782687804,train_oof,0.5483517567913296
RFEXGB_LR_SMOTE,RFEXGB,supervised,LR,SMOTE,71,TP,23,23,0.0,-0.3118675374848042,-0.2811398383717531,1.2518565892294335,-2.599843931214877,-2.4208817610493485,-0.9225410533221712,-0.2811398383717531,0.22663851240210348,2.288073910599583,2.524972098139143,train_oof,0.5483517567913296
RFEXGB_LR_SMOTE,RFEXGB,supervised,LR,SMOTE,71,FP,73,73,0.0,-0.10710445359022666,-0.0985071125808443,1.1526220755298877,-2.0685291888481636,-1.658406614545255,-0.8015684127443086,-0.0985071125808443,0.249201236526838,2.8100135679572134,3.3370126777041627,train_oof,0.5483517567913296
RFEXGB_LR_SMOTE,RFEXGB,supervised,LR,SMOTE,71,TN,1097,1097,0.0,0.013410058945897318,-0.0415548280675032,0.9735066554385293,-1.7557422733096266,-1.3818975397815223,-0.4953192882018193,-0.0415548280675032,0.3775063244732529,1.8628798761459708,3.7008459131110034,train_oof,0.5483517567913296
RFEXGB_LR_SMOTE,RFEXGB,supervised,LR,SMOTE,71,FN,60,60,0.0,0.015764131901779378,-0.1150035265346806,1.1477748694070071,-1.884970510646291,-1.2943748106028121,-0.6006284579131071,-0.1150035265346806,0.24059787408441427,2.193978734895996,3.8957069760305987,train_oof,0.5483517567913296
RFEXGB_LR_SMOTE,RFEXGB,supervised,LR,SMOTE,71,pred_anomaly,96,96,0.0,-0.15616227577330255,-0.09920627513401414,1.1736815708560908,-2.574422794864224,-1.748150896902591,-0.8244743476440046,-0.09920627513401414,0.2571173811066357,2.5878967916294533,3.2240335833008196,train_oof,0.5483517567913296
RFEXGB_LR_SMOTE,RFEXGB,supervised,LR,SMOTE,71,pred_normal,1157,1157,0.0,0.013532137059426214,-0.0456351343573009,0.9827324140813093,-1.7637385269473387,-1.367581748533381,-0.4979980841344656,-0.0456351343573009,0.375429540944019,2.0612993420098635,3.7193717140619977,train_oof,0.5483517567913296
RFEXGB_LR_SMOTE,RFEXGB,supervised,LR,SMOTE,75,TP,23,23,0.0,0.7841918325938831,0.3118689932896956,2.426425635684774,-2.032269641244982,-0.9476011179887045,-0.27843878884149054,0.3118689932896956,1.0783880536689971,3.8030549435804772,9.070186261694904,train_oof,0.5483517567913296
RFEXGB_LR_SMOTE,RFEXGB,supervised,LR,SMOTE,75,FP,73,73,0.0,0.1744604040530661,0.2457897639466524,1.1584497147136146,-2.5580840955373585,-1.4528869583651791,-0.5295398603450548,0.2457897639466524,0.7920447265158099,1.3753040575170683,3.5886939235916513,train_oof,0.5483517567913296
RFEXGB_LR_SMOTE,RFEXGB,supervised,LR,SMOTE,75,TN,1097,1097,0.0,-0.021300370717570787,0.0167151022241025,0.9279745582205864,-3.174294935571017,-1.5392304847067557,-0.5427557062136636,0.0167151022241025,0.5805911926180716,1.358563986083501,1.9830567561948196,train_oof,0.5483517567913296
RFEXGB_LR_SMOTE,RFEXGB,supervised,LR,SMOTE,75,FN,60,60,0.0,-0.12939341598995974,-0.04936412711894065,0.9059064599205513,-2.3124015208399236,-1.750463754506684,-0.6969405746807645,-0.04936412711894065,0.47045914371299935,1.2697975546660123,1.4109868413623141,train_oof,0.5483517567913296
RFEXGB_LR_SMOTE,RFEXGB,supervised,LR,SMOTE,75,pred_anomaly,96,96,0.0,0.32054189214097023,0.2546003278590582,1.5649195979445407,-2.415220801697699,-1.4304200203885444,-0.39407744019181623,0.2546003278590582,0.8360975460778387,1.655479989931575,5.675299774966692,train_oof,0.5483517567913296
RFEXGB_LR_SMOTE,RFEXGB,supervised,LR,SMOTE,75,pred_normal,1157,1157,0.0,-0.02690588732633771,0.0167151022241025,0.926769292337628,-3.128832425783003,-1.544516823054199,-0.5515662701260693,0.0167151022241025,0.56297006479326,1.3488723657798547,1.9765369388996414,train_oof,0.5483517567913296
RFEXGB_LR_SMOTE,RFEXGB,supervised,LR,SMOTE,77,TP,23,23,0.0,-0.16877674731936376,-0.0998621690778136,0.9322601855904744,-1.9484534387648114,-1.7116867976400394,-0.6818922338039834,-0.0998621690778136,0.4534650431413107,1.2083500640765688,1.3710633457331678,train_oof,0.5483517567913296
RFEXGB_LR_SMOTE,RFEXGB,supervised,LR,SMOTE,77,FP,73,73,0.0,-0.10108542611007726,-0.0041859940543336,1.0039998727692472,-1.936462024828535,-1.627491763619377,-0.7855414234127533,-0.0041859940543336,0.3848971177078183,1.7243635680365372,2.2882151595082467,train_oof,0.5483517567913296
RFEXGB_LR_SMOTE,RFEXGB,supervised,LR,SMOTE,77,TN,1097,1097,0.0,0.009463546375817223,-0.1030513749119296,0.9881051288812707,-1.9179646309906622,-1.3347226680475284,-0.7090004833939664,-0.1030513749119296,0.5188437627406903,2.011392093106978,2.5797085727464477,train_oof,0.5483517567913296
RFEXGB_LR_SMOTE,RFEXGB,supervised,LR,SMOTE,77,FN,60,60,0.0,-0.031081629922045217,-0.059997096151363546,1.126474068202611,-2.4824540636291945,-1.6321161120788452,-0.7456763504863035,-0.059997096151363546,0.5028977335701103,2.003100157938275,2.789175611931186,train_oof,0.5483517567913296
RFEXGB_LR_SMOTE,RFEXGB,supervised,LR,SMOTE,77,pred_anomaly,96,96,0.0,-0.11730313848313549,-0.0169428173907976,0.982894072929879,-2.0146613518810597,-1.6753298511311172,-0.7711899971592315,-0.0169428173907976,0.4454920285560199,1.5098894756922372,2.207528251905111,train_oof,0.5483517567913296
RFEXGB_LR_SMOTE,RFEXGB,supervised,LR,SMOTE,77,pred_normal,1157,1157,0.0,0.007360944320612593,-0.0998621690778136,0.9952494074235717,-1.926894407326187,-1.3538579030522244,-0.7153788950622015,-0.0998621690778136,0.5188437627406903,2.011392093106978,2.586086984414681,train_oof,0.5483517567913296
RFEXGB_LR_SMOTE,RFEXGB,supervised,LR,SMOTE,79,TP,23,23,0.0,0.4862337997215944,0.7388344288761282,1.0994164735011833,-1.4618109838886164,-1.0771105550800188,-0.5289577994567194,0.7388344288761282,0.8986583213746475,2.3452805267193515,2.433313254533401,train_oof,0.5483517567913296
RFEXGB_LR_SMOTE,RFEXGB,supervised,LR,SMOTE,79,FP,73,73,0.0,0.34859430631865557,0.388949691244235,0.9450070541115342,-1.2376255779244776,-1.0321870825939483,-0.3367371719922842,0.388949691244235,0.7863496401594717,2.0537099120261053,2.8877314569886505,train_oof,0.5483517567913296
RFEXGB_LR_SMOTE,RFEXGB,supervised,LR,SMOTE,79,TN,1097,1097,0.0,-0.05184034729723486,-0.1812328441558872,0.9816148905633896,-1.8971367105372856,-1.4494570289549469,-0.6131893103681011,-0.1812328441558872,0.3284757859745251,1.9802773127700324,3.006087528730789,train_oof,0.5483517567913296
RFEXGB_LR_SMOTE,RFEXGB,supervised,LR,SMOTE,79,FN,60,60,0.0,0.26397028702016784,0.16649211114494483,1.074481194332689,-1.3942529925730265,-1.1531348931333685,-0.5052001938150475,0.16649211114494483,0.7096773674068039,2.3284342245370757,2.746524888183874,train_oof,0.5483517567913296
RFEXGB_LR_SMOTE,RFEXGB,supervised,LR,SMOTE,79,pred_anomaly,96,96,0.0,0.381570434946443,0.40406816756166253,0.9799133067091292,-1.3336926960100741,-1.049465341242437,-0.5095197584771698,0.40406816756166253,0.8770604980640367,2.342472809688972,2.8469979622248376,train_oof,0.5483517567913296
RFEXGB_LR_SMOTE,RFEXGB,supervised,LR,SMOTE,79,pred_normal,1157,1157,0.0,-0.035462959173601184,-0.1682741501695208,0.9886292256372028,-1.8912621025967995,-1.439090073765854,-0.6131893103681011,-0.1682741501695208,0.3543931739472579,2.022609046458829,3.087295344378704,train_oof,0.5483517567913296
RFEXGB_LR_SMOTE,RFEXGB,supervised,LR,SMOTE,81,TP,23,23,0.0,0.039603919690087835,0.2155533159789061,1.2372884294964954,-2.7693882621100547,-2.7061083064667386,-0.2554912976581426,0.2155533159789061,0.882125882446428,1.4349367309034926,1.7727853330366317,train_oof,0.5483517567913296
RFEXGB_LR_SMOTE,RFEXGB,supervised,LR,SMOTE,81,FP,73,73,0.0,-0.03062197706170185,-0.0155251737298347,0.9203316036436823,-3.8002353297902283,-1.3036396266190724,-0.1992029476008851,-0.0155251737298347,0.4525568951673583,1.0438808252425453,1.4553190387136998,train_oof,0.5483517567913296
RFEXGB_LR_SMOTE,RFEXGB,supervised,LR,SMOTE,81,TN,1097,1097,0.0,0.001403048441112227,0.0970515263846801,0.9879303424433845,-2.9086278648832713,-2.0952315811085027,-0.3498608814219578,0.0970515263846801,0.5295830584036054,1.425456587735955,2.3445564678287707,train_oof,0.5483517567913296
RFEXGB_LR_SMOTE,RFEXGB,supervised,LR,SMOTE,81,FN,60,60,0.0,-0.023129038562130704,0.008175184189010502,1.1065905814104418,-3.232374754054696,-2.2365449651996174,-0.36806799777265725,0.008175184189010504,0.5829088637210071,1.5409958325903248,1.824570615089308,train_oof,0.5483517567913296
RFEXGB_LR_SMOTE,RFEXGB,supervised,LR,SMOTE,81,pred_anomaly,96,96,0.0,-0.013797022631585582,0.04372572106727825,0.9986855055636601,-3.7770682299245566,-2.2492839075809967,-0.2169782160400191,0.04372572106727825,0.618459400599275,1.2791068775870855,1.5081115859779264,train_oof,0.5483517567913296
RFEXGB_LR_SMOTE,RFEXGB,supervised,LR,SMOTE,81,pred_normal,1157,1157,0.0,0.00013085723956117145,0.0970515263846801,0.99391976329794,-2.9588726236712226,-2.103526706380099,-0.3498608814219578,0.0970515263846801,0.5355081478833167,1.4337517130075512,2.292889687565695,train_oof,0.5483517567913296
RFEXGB_LR_SMOTE,RFEXGB,supervised,LR,SMOTE,84,TP,23,23,0.0,-0.07545220239097769,-0.1617435401871227,1.0067452776739203,-1.6792457484025358,-1.5292023702426027,-0.9060063286788587,-0.1617435401871227,0.7809893252357454,1.3883077606450007,1.4526120655706865,train_oof,0.5483517567913296
RFEXGB_LR_SMOTE,RFEXGB,supervised,LR,SMOTE,84,FP,73,73,0.0,-0.15629123768135733,-0.0823555094146687,1.005992498436594,-2.2528242707334996,-1.7574429587134008,-0.6976127479011681,-0.0823555094146687,0.3939726752200388,1.684028175272381,1.803110221431062,train_oof,0.5483517567913296
RFEXGB_LR_SMOTE,RFEXGB,supervised,LR,SMOTE,84,TN,1097,1097,0.0,0.010336497419142375,0.016879529050896,1.005797027551822,-2.405249289816607,-1.551034078705024,-0.6579187325149466,0.016879529050896,0.6321367675373954,1.684028175272381,2.3985204522244508,train_oof,0.5483517567913296
RFEXGB_LR_SMOTE,RFEXGB,supervised,LR,SMOTE,84,FN,60,60,0.0,0.016217962127792165,0.0466500405905649,0.812080346257038,-1.658406390324768,-1.2404284083078085,-0.5189896786631548,0.0466500405905649,0.5725957444580577,1.3863230598756866,1.7445615487363784,train_oof,0.5483517567913296
RFEXGB_LR_SMOTE,RFEXGB,supervised,LR,SMOTE,84,pred_anomaly,96,96,0.0,-0.13692355214303717,-0.1220495248008957,1.0014599449869368,-1.9698059410297089,-1.7098101402499295,-0.8166947940598491,-0.1220495248008957,0.49816946560888276,1.5202903618042007,1.803110221431062,train_oof,0.5483517567913296
RFEXGB_LR_SMOTE,RFEXGB,supervised,LR,SMOTE,84,pred_normal,1157,1157,0.0,0.010641499910515743,0.016879529050896,0.9963839806955096,-2.404455409508883,-1.5351564725505351,-0.6579187325149466,0.016879529050896,0.6321367675373954,1.6522729629634012,2.3985204522244508,train_oof,0.5483517567913296
RFEXGB_LR_SMOTE,RFEXGB,supervised,LR,SMOTE,88,TP,23,23,0.0,0.18991948726183053,0.2779230801096347,0.6252516214289229,-0.9041964416375133,-0.8330025810011594,-0.25222183588277386,0.2779230801096347,0.6404189395540284,1.1866682619702682,1.2618843682438359,train_oof,0.5483517567913296
RFEXGB_LR_SMOTE,RFEXGB,supervised,LR,SMOTE,88,FP,73,73,0.0,0.18346583720205886,0.1880902942006315,0.993420733207673,-2.703025759992267,-1.5539084777925072,-0.2445174222417167,0.1880902942006315,0.6895693742824609,1.7321270167465301,2.1708980383864795,train_oof,0.5483517567913296
RFEXGB_LR_SMOTE,RFEXGB,supervised,LR,SMOTE,88,TN,1097,1097,0.0,-0.019648552716289968,0.0227106163288676,0.9999386026566796,-2.751016432180955,-1.8121169352372077,-0.6167237395527984,0.0227106163288676,0.6188734790922371,1.468063882080354,2.216384324711335,train_oof,0.5483517567913296
RFEXGB_LR_SMOTE,RFEXGB,supervised,LR,SMOTE,88,FN,60,60,0.0,0.06322180011653476,-0.059894579390742705,1.1163508677636325,-2.967657603023772,-1.7888376995621251,-0.5322864884410029,-0.059894579390742705,0.8346619541743333,1.625356558973511,2.207495790093846,train_oof,0.5483517567913296
RFEXGB_LR_SMOTE,RFEXGB,supervised,LR,SMOTE,88,pred_anomaly,96,96,0.0,0.18501202419554577,0.2330066871551331,0.9156941666203313,-2.626058611289287,-1.3270778249077155,-0.25512838988151587,0.2330066871551331,0.6870202027524226,1.6030319106819342,2.138942064230622,train_oof,0.5483517567913296
RFEXGB_LR_SMOTE,RFEXGB,supervised,LR,SMOTE,88,pred_normal,1157,1157,0.0,-0.015351040901277452,0.0197932468080481,1.0059443647190152,-2.767445492363196,-1.8121169352372077,-0.6152058045409985,0.0197932468080481,0.6340020432804768,1.4779456954359849,2.21756857735499,train_oof,0.5483517567913296
RFEXGB_LR_SMOTE,RFEXGB,supervised,LR,SMOTE,90,TP,23,23,0.0,-0.2357336513731757,-0.2448922034800321,0.7363953712586436,-1.7974673374420067,-1.4625830183655326,-0.5707408542545342,-0.2448922034800321,0.3174661141627755,0.6552984664440452,1.0285344816593422,train_oof,0.5483517567913296
RFEXGB_LR_SMOTE,RFEXGB,supervised,LR,SMOTE,90,FP,73,73,0.0,-0.06253215107082633,0.0580746883623838,1.0035618021813095,-2.4882831796919467,-1.6560517993120498,-0.673981337899483,0.0580746883623838,0.4902919368615923,1.285769592119048,2.259382520338318,train_oof,0.5483517567913296
RFEXGB_LR_SMOTE,RFEXGB,supervised,LR,SMOTE,90,TN,1097,1097,0.0,0.016199006751469396,-0.0063089559074009,0.9956735887697223,-2.2420642099751036,-1.5195207234292498,-0.6311431930463826,-0.0063089559074009,0.6278610368408262,1.6056833987568446,2.5115761192648165,train_oof,0.5483517567913296
RFEXGB_LR_SMOTE,RFEXGB,supervised,LR,SMOTE,90,FN,60,60,0.0,-0.12391387745026838,-0.09466819423515666,0.8569841492955946,-2.0978781604498726,-1.5717946080535163,-0.564508347054443,-0.09466819423515666,0.2911312703664406,1.2342928843593135,1.8320431634440955,train_oof,0.5483517567913296
RFEXGB_LR_SMOTE,RFEXGB,supervised,LR,SMOTE,90,pred_anomaly,96,96,0.0,-0.10402834385159748,0.0056850734379981,0.9457305607560196,-2.4253993614459244,-1.6469093345447532,-0.6222402018575717,0.0056850734379981,0.4425700089566308,1.2100544010197525,1.8525860001645422,train_oof,0.5483517567913296
RFEXGB_LR_SMOTE,RFEXGB,supervised,LR,SMOTE,90,pred_normal,1157,1157,0.0,0.008932997199088868,-0.022716737175854,0.9891210679095442,-2.2487494250081643,-1.5260888217897617,-0.6311431930463826,-0.022716737175854,0.6100289804863728,1.5915700256980139,2.506643044949626,train_oof,0.5483517567913296
RFEXGB_LR_SMOTE,RFEXGB,supervised,LR,SMOTE,91,TP,23,23,0.0,0.04934364926993077,0.0174306604702383,0.6394490806229182,-1.6169248162068828,-0.7263923727824075,-0.15590596561793707,0.0174306604702383,0.5075159746218223,0.784967499246348,1.036333837795064,train_oof,0.5483517567913296
RFEXGB_LR_SMOTE,RFEXGB,supervised,LR,SMOTE,91,FP,73,73,0.0,-0.04750773195474591,0.067116729186067,0.9360408750413683,-2.820502077117768,-1.82682587195457,-0.4421654751511779,0.067116729186067,0.5876912218678187,1.1760194446166086,1.5188984879092065,train_oof,0.5483517567913296
RFEXGB_LR_SMOTE,RFEXGB,supervised,LR,SMOTE,91,TN,1097,1097,0.0,-0.002472017875162602,-0.0209631199010839,1.0168148520610576,-2.754961635566252,-1.7328740329282757,-0.5392791549139343,-0.0209631199010839,0.5380051531519899,1.6900444100585472,2.5177239765574964,train_oof,0.5483517567913296
RFEXGB_LR_SMOTE,RFEXGB,supervised,LR,SMOTE,91,FN,60,60,0.0,0.08716054099756623,0.10889819606074125,0.8490414541851505,-2.451379755712538,-1.1176137024778365,-0.2157550938438217,0.10889819606074125,0.5114682755423995,1.2969598527862736,1.8086021453875207,train_oof,0.5483517567913296
RFEXGB_LR_SMOTE,RFEXGB,supervised,LR,SMOTE,91,pred_anomaly,96,96,0.0,-0.024303755203000474,0.0665521147688417,0.8720464124837974,-2.704406060647896,-1.6893987228019256,-0.3746940522927513,0.0665521147688417,0.595878130917586,1.115888009182112,1.4570845015113767,train_oof,0.5483517567913296
RFEXGB_LR_SMOTE,RFEXGB,supervised,LR,SMOTE,91,pred_normal,1157,1157,0.0,0.0021761701389806346,-0.0209631199010839,1.0086805300801127,-2.7901935752011124,-1.7328740329282757,-0.5257284089005263,-0.0209631199010839,0.5380051531519899,1.6886893354572066,2.5057993200657003,train_oof,0.5483517567913296
RFEXGB_LR_SMOTE,RFEXGB,supervised,LR,SMOTE,92,TP,23,23,0.0,-0.10351994296964966,-0.1300531851953159,1.0965213472188917,-2.4392943225794994,-1.10037385338793,-0.6335214564273328,-0.1300531851953159,0.3734150860367009,0.9897823029389269,2.8620740073508424,train_oof,0.5483517567913296
RFEXGB_LR_SMOTE,RFEXGB,supervised,LR,SMOTE,92,FP,73,73,0.0,-0.034333605193545974,0.0530261861617811,0.8381163511093285,-2.6968259716218164,-1.2224267676259948,-0.3741590136714453,0.0530261861617811,0.4496981574354913,1.4261214713400088,1.6506988335380481,train_oof,0.5483517567913296
RFEXGB_LR_SMOTE,RFEXGB,supervised,LR,SMOTE,92,TN,1097,1097,0.0,0.007468119151063743,-0.0385134995167673,1.0204868157180014,-2.2073937855271772,-1.3505823275759627,-0.5267251564690261,-0.0385134995167673,0.4191849288759751,1.4322241170519134,3.354557516301425,train_oof,0.5483517567913296
RFEXGB_LR_SMOTE,RFEXGB,supervised,LR,SMOTE,92,FN,60,60,0.0,-0.058347098080452894,-0.1758230280345901,0.7368036910937451,-1.2276140164811125,-0.9264484505986881,-0.5572383850285423,-0.1758230280345901,0.3276452431974266,1.0218211929264183,2.2206859430298054,train_oof,0.5483517567913296
RFEXGB_LR_SMOTE,RFEXGB,supervised,LR,SMOTE,92,pred_anomaly,96,96,0.0,-0.05090949861907083,0.00725634332250685,0.9009423544565746,-2.8411535427083274,-1.21327279905814,-0.41230054937084043,0.0072563433225068495,0.42681323601585414,1.4261214713400088,1.9875648768351022,train_oof,0.5483517567913296
RFEXGB_LR_SMOTE,RFEXGB,supervised,LR,SMOTE,92,pred_normal,1157,1157,0.0,0.0040550568918666825,-0.0690267280762835,1.0076023407679522,-2.204952727242416,-1.3505823275759627,-0.5267251564690261,-0.0690267280762835,0.4191849288759751,1.4322241170519134,3.2971926466095454,train_oof,0.5483517567913296
RFEXGB_LR_SMOTE,RFEXGB,supervised,LR,SMOTE,98,TP,23,23,0.0,-0.14637849918452858,-0.1224182030292057,0.6214099065814291,-1.0675088909865424,-0.9943228924496887,-0.6390620888783562,-0.1224182030292057,0.19243884524923277,0.7190792974194148,1.3267638378470217,train_oof,0.5483517567913296
RFEXGB_LR_SMOTE,RFEXGB,supervised,LR,SMOTE,98,FP,73,73,0.0,-0.15162979466241508,-0.0526045960076145,0.8770329712501042,-2.191702792704918,-1.7252551222431851,-0.6619080699136609,-0.0526045960076145,0.3354291732519269,1.1737954986347943,1.7780798148798875,train_oof,0.5483517567913296
RFEXGB_LR_SMOTE,RFEXGB,supervised,LR,SMOTE,98,TN,1097,1097,0.0,0.019474873048852665,0.0526956617591707,1.020514160080603,-2.4520217295047617,-1.3261810616406944,-0.4308969317292596,0.0526956617591707,0.4989460933523315,1.4807434306360383,2.7287231199538255,train_oof,0.5483517567913296
RFEXGB_LR_SMOTE,RFEXGB,supervised,LR,SMOTE,98,FN,60,60,0.0,-0.12366294175904803,0.0526956617591707,0.8162968258770087,-1.9469052066754553,-1.6874722764497723,-0.6157522300555327,0.0526956617591707,0.3479538735149367,0.760944267742993,1.9295567870052361,train_oof,0.5483517567913296
RFEXGB_LR_SMOTE,RFEXGB,supervised,LR,SMOTE,98,pred_anomaly,96,96,0.0,-0.1503716717875048,-0.07394297423348295,0.8199951234131169,-2.000670961637831,-1.5743556779632941,-0.6682284047686057,-0.07394297423348295,0.28979519590475733,1.1515641556679532,1.7670372041480003,train_oof,0.5483517567913296
RFEXGB_LR_SMOTE,RFEXGB,supervised,LR,SMOTE,98,pred_normal,1157,1157,0.0,0.012051995876446397,0.0526956617591707,1.0111437542865893,-2.443003945315395,-1.3368966385323804,-0.4459729598236232,0.0526956617591707,0.4945392543709021,1.4613997268965009,2.626252516690915,train_oof,0.5483517567913296
RFEXGB_LR_SMOTE,RFEXGB,supervised,LR,SMOTE,100,TP,23,23,0.0,0.5091281558793065,0.3271334819680114,0.8808894683452535,-0.5100420180239468,-0.48213616802421483,-0.2309835180266273,0.3271334819680114,0.8852504819626501,1.9735786319521957,2.6544813719456557,train_oof,0.5483517567913296
RFEXGB_LR_SMOTE,RFEXGB,supervised,LR,SMOTE,100,FP,73,73,0.0,0.26596997511928394,0.048074981970692,1.2429912986360043,-1.5816266580136533,-1.347217518015905,-0.5100420180239468,0.048074981970692,0.6061919819653308,2.001484481951928,5.38367350191944,train_oof,0.5483517567913296
RFEXGB_LR_SMOTE,RFEXGB,supervised,LR,SMOTE,100,TN,1097,1097,0.0,-0.044160714444527654,0.048074981970692,0.9547781974033318,-2.4634515180051824,-1.4030292180153676,-0.5100420180239468,0.048074981970692,0.3271334819680114,1.443367481957289,2.2805429819492478,train_oof,0.5483517567913296
RFEXGB_LR_SMOTE,RFEXGB,supervised,LR,SMOTE,100,FN,60,60,0.0,0.29457665696832414,0.048074981970692,1.3180365181335896,-1.7406900030121253,-1.0821119430184516,-0.5100420180239468,0.048074981970692,0.6759566069646605,1.7782376819540688,5.034850376922782,train_oof,0.5483517567913296
RFEXGB_LR_SMOTE,RFEXGB,supervised,LR,SMOTE,100,pred_anomaly,96,96,0.0,0.32422662259303936,0.048074981970692,1.1668550422804538,-1.3890762930155027,-1.1379236430179154,-0.2309835180266273,0.048074981970692,0.6061919819653308,2.001484481951928,5.126939681921901,train_oof,0.5483517567913296
RFEXGB_LR_SMOTE,RFEXGB,supervised,LR,SMOTE,100,pred_normal,1157,1157,0.0,-0.026594385762789437,0.048074981970692,0.979079918542132,-2.4634515180051824,-1.347217518015905,-0.5100420180239468,0.048074981970692,0.3271334819680114,1.443367481957289,2.2805429819492478,train_oof,0.5483517567913296
RFEXGB_LR_SMOTE,RFEXGB,supervised,LR,SMOTE,102,TP,23,23,0.0,-0.4896388322564022,-0.5444737841628493,1.1828530869058902,-3.3069916872225917,-1.841620384400702,-0.9849323959457421,-0.5444737841628493,-0.057482204286317645,1.622037026872711,2.284730675930399,train_oof,0.5483517567913296
RFEXGB_LR_SMOTE,RFEXGB,supervised,LR,SMOTE,102,FP,73,73,0.0,-0.17412235317101066,-0.181837550053801,0.7894401389118638,-1.6550392281962762,-1.269104418338275,-0.7402331671774683,-0.181837550053801,0.2128903861887913,0.8868161309932167,2.103284192067341,train_oof,0.5483517567913296
RFEXGB_LR_SMOTE,RFEXGB,supervised,LR,SMOTE,102,TN,1097,1097,0.0,0.025988501523427982,-0.0310065500261438,0.988906060599823,-2.214718513405285,-1.4196145013445967,-0.549287539482881,-0.0310065500261438,0.5562715990177131,1.7019453651852379,2.6822826819607397,train_oof,0.5483517567913296
RFEXGB_LR_SMOTE,RFEXGB,supervised,LR,SMOTE,102,FN,60,60,0.0,-0.08427877556782702,-0.25324158730093665,1.247097525130756,-2.1318898301986082,-1.563064409881539,-0.7867661352711073,-0.25324158730093665,0.17357805107519972,2.0845586838724133,4.071211550300527,train_oof,0.5483517567913296
RFEXGB_LR_SMOTE,RFEXGB,supervised,LR,SMOTE,102,pred_anomaly,96,96,0.0,-0.2497148429518857,-0.248427831980905,0.9025912608134935,-1.9739986557015712,-1.503213385402479,-0.7655053826076342,-0.248427831980905,0.18922275586530252,0.9826900911171803,2.4653267296869164,train_oof,0.5483517567913296
RFEXGB_LR_SMOTE,RFEXGB,supervised,LR,SMOTE,102,pred_normal,1157,1157,0.0,0.020270233048514157,-0.0310065500261438,1.003569993334011,-2.1828835448888095,-1.4273165098566474,-0.5621242203362985,-0.0310065500261438,0.5466440883776499,1.7475155822148705,2.925537784133011,train_oof,0.5483517567913296
RFEXGB_LR_SMOTE,RFEXGB,supervised,LR,SMOTE,103,TP,23,23,0.0,0.9383434670045707,1.039258487162017,0.6690120858641934,-0.6848533121532695,0.1566073953623825,0.5652421600844354,1.039258487162017,1.3661662989396595,1.8532589384883464,1.8820268259247792,train_oof,0.5483517567913296
RFEXGB_LR_SMOTE,RFEXGB,supervised,LR,SMOTE,103,FP,73,73,0.0,0.6241303480964359,0.4508244259622606,1.423276807599076,-1.182407001678841,-0.9548791646816022,-0.1049188540597315,0.4508244259622606,1.1046400495175452,2.124592422263789,4.725470972766722,train_oof,0.5483517567913296
RFEXGB_LR_SMOTE,RFEXGB,supervised,LR,SMOTE,103,TN,1097,1097,0.0,-0.09614555319827692,-0.1703004164152602,0.9144311210032229,-1.902911818836765,-1.3798593199925044,-0.6933529152594884,-0.1703004164152602,0.3854428636067319,1.5623109860062447,2.248817390739294,train_oof,0.5483517567913296
RFEXGB_LR_SMOTE,RFEXGB,supervised,LR,SMOTE,103,FN,60,60,0.0,0.6131886391451562,0.4181336447844962,1.293186452023059,-1.6286361647553231,-1.2523652733992565,-0.3500997128929636,0.4181336447844962,1.3743389942341007,2.6165886789891415,4.336450676751314,train_oof,0.5483517567913296
RFEXGB_LR_SMOTE,RFEXGB,supervised,LR,SMOTE,103,pred_anomaly,96,96,0.0,0.6994105745015098,0.6633145036177281,1.2872862398477207,-1.1297748439826407,-0.8976702976205149,-0.023191901115320976,0.6633145036177281,1.2354031742286025,2.0118092272005033,3.09387408418448,train_oof,0.5483517567913296
RFEXGB_LR_SMOTE,RFEXGB,supervised,LR,SMOTE,103,pred_normal,1157,1157,0.0,-0.05936072040605048,-0.1376096352374962,0.9502090653461313,-1.902911818836765,-1.3798593199925044,-0.6606621340817238,-0.1376096352374962,0.418133644784496,1.595001767184009,2.477652858983644,train_oof,0.5483517567913296
RFEXGB_LR_SMOTE,RFEXGB,supervised,LR,SMOTE,107,TP,23,23,0.0,-0.5050449297328491,-0.5864150349690421,0.9219478248267704,-2.932653107460785,-1.718911309153568,-0.9710960086685375,-0.5864150349690421,0.1271061259251828,0.6240327209827418,0.7625178715145604,train_oof,0.5483517567913296
RFEXGB_LR_SMOTE,RFEXGB,supervised,LR,SMOTE,107,FP,73,73,0.0,-0.2117633045078457,-0.0663624576216307,1.1564487161423167,-3.216188931301345,-2.5321562180684247,-0.8661830158414023,-0.0663624576216307,0.5146073413673431,1.5562918314380578,1.9414240438163803,train_oof,0.5483517567913296
RFEXGB_LR_SMOTE,RFEXGB,supervised,LR,SMOTE,107,TN,1097,1097,0.0,0.029017576433841237,0.0069638276876572,0.978344575350797,-2.5947430228216444,-1.4963378308224522,-0.51985732984215,0.0069638276876572,0.5811650464942352,1.4834167848075976,2.864703504563051,train_oof,0.5483517567913296
RFEXGB_LR_SMOTE,RFEXGB,supervised,LR,SMOTE,107,FN,60,60,0.0,-0.07786904393170359,0.0069638276876572,1.1193992295178088,-3.6960587042992668,-1.5156846891771336,-0.4544277214123238,0.0069638276876572,0.4962757700400211,1.2524953909181928,1.690704552893465,train_oof,0.5483517567913296
RFEXGB_LR_SMOTE,RFEXGB,supervised,LR,SMOTE,107,pred_anomaly,96,96,0.0,-0.28202869388466945,-0.13686850118825372,1.1073675944263253,-3.272920914196793,-2.4920523804877295,-0.919203560603503,-0.13686850118825372,0.4663812075677729,1.3838058464566718,1.8804504173399637,train_oof,0.5483517567913296
RFEXGB_LR_SMOTE,RFEXGB,supervised,LR,SMOTE,107,pred_normal,1157,1157,0.0,0.023474622914452566,0.0069638276876572,0.9858977285793985,-2.609182660544089,-1.5053626043989798,-0.516473039750952,0.0069638276876572,0.5777807564030373,1.4631110442604096,2.8410585977925504,train_oof,0.5483517567913296
RFEXGB_LR_SMOTE,RFEXGB,supervised,LR,SMOTE,116,TP,23,23,0.0,0.03045177019285978,0.3437632813118004,0.8242180635028804,-2.161227057743386,-2.085361871013954,0.27694434991054895,0.3437632813118004,0.3746027881123894,0.40441431135294764,0.41346056668111714,train_oof,0.5483517567913296
RFEXGB_LR_SMOTE,RFEXGB,supervised,LR,SMOTE,116,FP,73,73,0.0,-0.0796814536167191,0.3540431169120043,1.2811549796702273,-4.249678458278727,-2.287874632337776,0.2718044321104527,0.3540431169120043,0.3848826237125819,0.426001966113352,0.46999966248218744,train_oof,0.5483517567913296
RFEXGB_LR_SMOTE,RFEXGB,supervised,LR,SMOTE,116,TN,1097,1097,0.0,0.00653407097072179,0.3540431169120043,0.9881208573441108,-2.8544991706204406,-2.403008791059939,0.2409649253098637,0.3540431169120043,0.3951624593127744,0.456841472913941,0.4880921731385258,train_oof,0.5483517567913296
RFEXGB_LR_SMOTE,RFEXGB,supervised,LR,SMOTE,116,FN,60,60,0.0,-0.03419200758864741,0.3489031991119024,0.9128040494936417,-2.6086055030638104,-2.3644594075592176,0.2204052541094787,0.3489031991119024,0.3848826237125819,0.42754394145338137,0.47976550630237025,train_oof,0.5483517567913296
RFEXGB_LR_SMOTE,RFEXGB,supervised,LR,SMOTE,116,pred_anomaly,96,96,0.0,-0.05329536874567418,0.3540431169120043,1.1847064834395133,-3.001295222991208,-2.2004960297361262,0.2718044321104527,0.3540431169120043,0.3771727470124375,0.4182920894132076,0.46763530029414313,train_oof,0.5483517567913296
RFEXGB_LR_SMOTE,RFEXGB,supervised,LR,SMOTE,116,pred_normal,1157,1157,0.0,0.004422087640071697,0.3540431169120043,0.9840287744449228,-2.7956985109873327,-2.403008791059939,0.2409649253098637,0.3540431169120043,0.3951624593127744,0.456841472913941,0.4922041073786038,train_oof,0.5483517567913296
RFEXGB_LR_SMOTE,RFEXGB,supervised,LR,SMOTE,122,TP,23,23,0.0,-0.32449892928812063,-0.5171176699640857,0.7649233026564417,-1.2913833540710964,-1.243857244687507,-0.925354763387227,-0.5171176699640857,0.32816021953891783,0.8007625100526549,0.8547583741868311,train_oof,0.5483517567913296
RFEXGB_LR_SMOTE,RFEXGB,supervised,LR,SMOTE,122,FP,73,73,0.0,-0.46246954917016997,-0.5935582654761528,0.7175556075067291,-1.6565035202865617,-1.4082599167743295,-1.0067806151283425,-0.5935582654761528,0.1542301688810258,0.8437464970942231,0.8980747116436691,train_oof,0.5483517567913296
RFEXGB_LR_SMOTE,RFEXGB,supervised,LR,SMOTE,122,TN,1097,1097,0.0,0.05940474068145414,-0.0185920470593,1.0175662805548737,-1.7513341721102278,-1.246737614953179,-0.7386846134773241,-0.0185920470593,0.5674525185332152,2.324478380593193,2.734377226092684,train_oof,0.5483517567913296
RFEXGB_LR_SMOTE,RFEXGB,supervised,LR,SMOTE,122,FN,60,60,0.0,-0.3964006135732899,-0.5525683809262038,0.7140148170254444,-1.6648344373626591,-1.4056011134521706,-0.9217543005551372,-0.5525683809262038,0.21100669815629336,0.8090712704344014,0.8559105222930999,train_oof,0.5483517567913296
RFEXGB_LR_SMOTE,RFEXGB,supervised,LR,SMOTE,122,pred_anomaly,96,96,0.0,-0.42941408815676235,-0.5935582654761528,0.7274837231361169,-1.6269464900218955,-1.3931379728795514,-1.0067806151283425,-0.5935582654761528,0.26501364063764454,0.8427494458484136,0.8731041171097268,train_oof,0.5483517567913296
RFEXGB_LR_SMOTE,RFEXGB,supervised,LR,SMOTE,122,pred_normal,1157,1157,0.0,0.03576747079788919,-0.0208077164944322,1.0089314675140333,-1.74902987589769,-1.2582590960158673,-0.7486551259354196,-0.0208077164944322,0.5641290143805165,2.3089686945472674,2.725691801906966,train_oof,0.5483517567913296
RFEXGB_LR_SMOTE,RFEXGB,supervised,LR,SMOTE,124,TP,23,23,0.0,0.2991009479565267,0.2991009479565267,1.1188578721252156,-2.093405715228628,-1.5131400787824099,-0.13653391424033806,0.2991009479565267,0.6476088377140139,2.39014828650145,2.5260663635068665,train_oof,0.5483517567913296
RFEXGB_LR_SMOTE,RFEXGB,supervised,LR,SMOTE,124,FP,73,73,0.0,0.2752305445484797,0.2119739755171568,0.8549327571618365,-1.405102632957583,-0.9555274551704304,-0.2236608866797079,0.2119739755171568,0.8218627825927614,1.658281718010731,2.564402231380189,train_oof,0.5483517567913296
RFEXGB_LR_SMOTE,RFEXGB,supervised,LR,SMOTE,124,TN,1097,1097,0.0,-0.04432465791206618,-0.2236608866797079,0.9999658119383518,-2.401835197664001,-1.6176924457096569,-0.6592957488765573,-0.2236608866797079,0.6476088377140061,1.6931325069864755,2.39014828650145,train_oof,0.5483517567913296
RFEXGB_LR_SMOTE,RFEXGB,supervised,LR,SMOTE,124,FN,60,60,0.0,0.33830808555424363,0.1684104892974719,0.9492137687361395,-0.9921207835949657,-0.7507790699378963,-0.3979148315584477,0.1684104892974719,0.9961167274715012,2.39014828650145,2.5129973176409517,train_oof,0.5483517567913296
RFEXGB_LR_SMOTE,RFEXGB,supervised,LR,SMOTE,124,pred_anomaly,96,96,0.0,0.280949495364991,0.2555374617368418,0.9186719907223535,-1.648186886063437,-1.0949306110734223,-0.2236608866797079,0.2555374617368418,0.8218627825927614,2.259457827842395,2.564402231380189,train_oof,0.5483517567913296
RFEXGB_LR_SMOTE,RFEXGB,supervised,LR,SMOTE,124,pred_normal,1157,1157,0.0,-0.024481991872326702,-0.2236608866797079,1.0006111379759142,-2.401835197664001,-1.6176924457096569,-0.6592957488765573,-0.2236608866797079,0.6476088377140061,1.6931325069864755,2.39014828650145,train_oof,0.5483517567913296
RFEXGB_LR_SMOTE,RFEXGB,supervised,LR,SMOTE,125,TP,23,23,0.0,-0.32762713588568504,-0.6579862487150034,0.8420452621527994,-1.489802867778984,-1.1977732433248645,-0.8749160062151262,-0.6579862487150034,0.2390379544568394,1.267220676578508,1.8924215295780407,train_oof,0.5483517567913296
RFEXGB_LR_SMOTE,RFEXGB,supervised,LR,SMOTE,125,FP,73,73,0.0,-0.5233322580571333,-0.5900840181960196,0.8254571454927118,-2.368493468710701,-1.6491443861957957,-0.9596151042835436,-0.5900840181960196,-0.0504399756504089,0.8873255658328233,2.0402339640130496,train_oof,0.5483517567913296
RFEXGB_LR_SMOTE,RFEXGB,supervised,LR,SMOTE,125,TN,1097,1097,0.0,0.06415096926251597,-0.0826041901067694,1.0085309319733768,-1.5678761376693908,-1.0779079374508265,-0.7230294379489777,-0.0826041901067694,0.6250085279331702,2.068109616541897,3.006161062153612,train_oof,0.5483517567913296
RFEXGB_LR_SMOTE,RFEXGB,supervised,LR,SMOTE,125,FN,60,60,0.0,-0.3971523384819478,-0.46142716037057546,0.7303012078199143,-1.8656202708919234,-1.5754883350907296,-0.8920702539251855,-0.46142716037057546,-0.010234707579957626,0.7404423198154422,1.4624931963446794,train_oof,0.5483517567913296
RFEXGB_LR_SMOTE,RFEXGB,supervised,LR,SMOTE,125,pred_anomaly,96,96,0.0,-0.4764445725368905,-0.6061661254241999,0.8292550147085431,-2.127408386153851,-1.5763639164842638,-0.96801353805826,-0.6061661254241999,-0.0147019595877856,0.9806017877562715,2.0402339640130496,train_oof,0.5483517567913296
RFEXGB_LR_SMOTE,RFEXGB,supervised,LR,SMOTE,125,pred_normal,1157,1157,0.0,0.04022858510982122,-0.1147684045631307,1.001017014700883,-1.5678761376693908,-1.081267310960713,-0.7398263054984107,-0.1147684045631307,0.5928443134768097,2.0616767736506234,2.9872913896725644,train_oof,0.5483517567913296
RFEXGB_LR_SMOTE,RFEXGB,supervised,LR,SMOTE,126,TP,23,23,0.0,-0.20073488663752154,-0.3538166594771109,0.5636818009238488,-0.9365048038049257,-0.9260087409819757,-0.6416750988378748,-0.3538166594771109,0.1964433504574089,0.8054499806696357,0.8917683480643477,train_oof,0.5483517567913296
RFEXGB_LR_SMOTE,RFEXGB,supervised,LR,SMOTE,126,FP,73,73,0.0,0.047538104264920465,0.0378274757075997,0.8957539413196213,-1.281699944556732,-1.0822747509206763,-0.5966360232916318,0.0378274757075997,0.5508812927995735,1.3200703743023465,2.565028751227514,train_oof,0.5483517567913296
RFEXGB_LR_SMOTE,RFEXGB,supervised,LR,SMOTE,126,TN,1097,1097,0.0,-0.014164090440502458,-0.0953315302551998,1.013789129615154,-1.446503796642459,-1.2937625839204208,-0.7337114706062815,-0.0953315302551998,0.4490538176515491,1.7532287878166393,4.717974891164911,train_oof,0.5483517567913296
RFEXGB_LR_SMOTE,RFEXGB,supervised,LR,SMOTE,126,FN,60,60,0.0,0.2480751022792603,0.10244875801307796,0.9141396367796356,-1.065786532829399,-0.9363873105643706,-0.4830592240880673,0.10244875801307796,0.717330050253077,1.8961788971590585,2.7368430333330394,train_oof,0.5483517567913296
RFEXGB_LR_SMOTE,RFEXGB,supervised,LR,SMOTE,126,pred_anomaly,96,96,0.0,-0.011943966472122952,-0.01112804119048815,0.8324932461910468,-1.2240499278575425,-1.0294027926707392,-0.6318839954582571,-0.011128041190488148,0.34037257013779176,1.171637247067342,2.0011395253885556,train_oof,0.5483517567913296
RFEXGB_LR_SMOTE,RFEXGB,supervised,LR,SMOTE,126,pred_normal,1157,1157,0.0,-0.000564823748034203,-0.0639999994404245,1.0101773538683132,-1.446503796642459,-1.289846142568574,-0.7258785879025882,-0.0639999994404245,0.4803853484663261,1.7532287878166393,4.500847382618527,train_oof,0.5483517567913296
RFEXGB_LR_SMOTE,RFEXGB,supervised,LR,SMOTE,129,TP,23,23,0.0,0.6070759553097188,0.5763906456382701,0.6937159284297174,-0.8831760392501609,-0.3504476858942962,0.421931196747262,0.5763906456382701,0.7501983447339131,1.7231132687369257,2.3145492747812177,train_oof,0.5483517567913296
RFEXGB_LR_SMOTE,RFEXGB,supervised,LR,SMOTE,129,FP,73,73,0.0,0.5487287203847218,0.499160921192766,0.6718207188521242,-1.412233939740201,-1.033432754299251,0.3447014723017579,0.499160921192766,1.039850630497812,1.618991925652575,1.7174475785926158,train_oof,0.5483517567913296
RFEXGB_LR_SMOTE,RFEXGB,supervised,LR,SMOTE,129,TN,1097,1097,0.0,-0.06909567341201418,0.2674717478562538,1.0160785682504603,-2.587725859767605,-2.3551549940167043,-0.3504476858942962,0.2674717478562538,0.499160921192766,1.078465492720564,1.8209321438221213,train_oof,0.5483517567913296
RFEXGB_LR_SMOTE,RFEXGB,supervised,LR,SMOTE,129,FN,60,60,0.0,0.3556396286586538,0.460546058970014,0.7016205096789818,-1.793704693880272,-1.1281738697527472,0.09362322966735218,0.460546058970014,0.7694649567520303,1.2754012900565994,1.618991925652575,train_oof,0.5483517567913296
RFEXGB_LR_SMOTE,RFEXGB,supervised,LR,SMOTE,129,pred_anomaly,96,96,0.0,0.5627077454188357,0.49952829303209456,0.6739011526482003,-1.3324326124193973,-1.033432754299251,0.3447014723017579,0.49952829303209456,1.0108894838307478,1.618991925652575,1.8079843274404614,train_oof,0.5483517567913296
RFEXGB_LR_SMOTE,RFEXGB,supervised,LR,SMOTE,129,pred_normal,1157,1157,0.0,-0.04706964218968051,0.3060866100790058,1.0063957494354183,-2.586191061861077,-2.3551549940167043,-0.3118328236715443,0.3060866100790058,0.499160921192766,1.078465492720564,1.811658045833748,train_oof,0.5483517567913296
RFEXGB_LR_SMOTE,RFEXGB,supervised,LR,SMOTE,130,TP,23,23,0.0,0.29026792064716717,0.3915348680087602,0.7589398664869935,-0.846226110500231,-0.8376656071908054,-0.46634463030760354,0.3915348680087602,0.9665031458426837,1.198807402316412,1.1997585693507924,train_oof,0.5483517567913296
RFEXGB_LR_SMOTE,RFEXGB,supervised,LR,SMOTE,130,FP,73,73,0.0,0.2842738295865976,0.5646960460626672,0.8083375525018544,-1.3016887865786413,-1.0832618132475444,-0.5193904841480605,0.5646960460626672,0.9915017666180724,1.2439268642036965,1.642197573727683,train_oof,0.5483517567913296
RFEXGB_LR_SMOTE,RFEXGB,supervised,LR,SMOTE,130,TN,1097,1097,0.0,-0.04578178034016063,0.1118424525326764,1.0181494854575275,-2.5924468411314554,-2.027843845082448,-0.7485836333706731,0.1118424525326764,0.8122433639848018,1.3146546693243069,1.601224224554364,train_oof,0.5483517567913296
RFEXGB_LR_SMOTE,RFEXGB,supervised,LR,SMOTE,130,FN,60,60,0.0,0.3533662421419482,0.3348306794206851,0.747164399286132,-0.9331359496544703,-0.792790034286694,-0.23190634523109876,0.3348306794206851,0.9500406394784036,1.5731769914892948,1.601224224554364,train_oof,0.5483517567913296
RFEXGB_LR_SMOTE,RFEXGB,supervised,LR,SMOTE,130,pred_anomaly,96,96,0.0,0.2857099139031924,0.3915348680087602,0.7928489161095079,-1.2641054942714482,-0.9059545224796703,-0.5193904841480605,0.3915348680087602,0.993026072762913,1.2000268472322844,1.608540894049599,train_oof,0.5483517567913296
RFEXGB_LR_SMOTE,RFEXGB,supervised,LR,SMOTE,130,pred_normal,1157,1157,0.0,-0.02508266076459752,0.1488653297501155,1.009532913989379,-2.5152803668550385,-2.0032110577818214,-0.7303544545940175,0.1488653297501155,0.8366322623022535,1.323190783735415,1.601224224554364,train_oof,0.5483517567913296
RFEXGB_LR_SMOTE,RFEXGB,supervised,LR,SMOTE,131,TP,23,23,0.0,-0.0305790344804029,0.039508696803321,0.5472855716269018,-0.9338015217967699,-0.8318522867240757,-0.41795581954855987,0.039508696803321,0.4534051639788369,0.7365974836252578,0.7365974836252578,train_oof,0.5483517567913296
RFEXGB_LR_SMOTE,RFEXGB,supervised,LR,SMOTE,131,FP,73,73,0.0,0.08188310079677259,0.039508696803321,1.2938637374272899,-1.4574894728967391,-1.136828630958679,-0.6140120408422507,0.039508696803321,0.3444850410379244,1.3901182212707328,3.899637853829679,train_oof,0.5483517567913296
RFEXGB_LR_SMOTE,RFEXGB,supervised,LR,SMOTE,131,TN,1097,1097,0.0,-0.012458435791432229,-0.0476274015494089,0.9792438264772293,-1.5725091227223775,-1.3982369260168692,-0.6575800900186157,-0.0476274015494089,0.5187572377433844,1.3901182212707328,2.2614792047981296,train_oof,0.5483517567913296
RFEXGB_LR_SMOTE,RFEXGB,supervised,LR,SMOTE,131,FN,60,60,0.0,0.1469765514383571,0.039508696803321,1.0513242049820537,-1.2418276294737187,-1.223964729311409,-0.5050919179012898,0.039508696803321,0.4751891885670194,1.411902245858919,3.8473561948179853,train_oof,0.5483517567913296
RFEXGB_LR_SMOTE,RFEXGB,supervised,LR,SMOTE,131,pred_anomaly,96,96,0.0,0.054939047553282626,0.039508696803321,1.1577868143310488,-1.3372416571699606,-1.0714765571941316,-0.5377679547835637,0.039508696803321,0.3662690656261069,1.0633578524479954,2.1961271310335997,train_oof,0.5483517567913296
RFEXGB_LR_SMOTE,RFEXGB,supervised,LR,SMOTE,131,pred_normal,1157,1157,0.0,-0.004190415710371424,-0.0476274015494089,0.9832649850525229,-1.5725091227223775,-1.363382486675777,-0.6575800900186157,-0.0476274015494089,0.5187572377433844,1.3901182212707328,2.2614792047981296,train_oof,0.5483517567913296
RFEXGB_LR_SMOTE,RFEXGB,supervised,LR,SMOTE,132,TP,23,23,0.0,0.17933302626814118,0.1467728513057182,1.2024294297003617,-2.2189909993044172,-2.217534317162704,-0.2454108022316965,0.1467728513057182,1.2056687158567423,1.5250182623086366,1.6226159658032329,train_oof,0.5483517567913296
RFEXGB_LR_SMOTE,RFEXGB,supervised,LR,SMOTE,132,FP,73,73,0.0,0.1709485559758322,0.0702036618055519,0.9342815938133182,-2.219401858370029,-1.4040333672536676,-0.4695157471102205,0.0702036618055519,0.8639086749169897,1.5339824601037764,2.035604028390206,train_oof,0.5483517567913296
RFEXGB_LR_SMOTE,RFEXGB,supervised,LR,SMOTE,132,TN,1097,1097,0.0,-0.014875204707185218,-0.1800468599754635,0.9908586936867279,-2.1153424622981043,-1.3640679854169997,-0.7963354583914022,-0.1800468599754635,0.6360686476238242,1.8238248554800016,1.9998219388579355,train_oof,0.5483517567913296
RFEXGB_LR_SMOTE,RFEXGB,supervised,LR,SMOTE,132,FN,60,60,0.0,-0.011439014641162296,0.1206272744032266,1.1177862792094775,-2.36746052528644,-2.2176276942230704,-0.8192128381810834,0.1206272744032266,0.9063952373835479,1.5486426585812452,1.980698316894968,train_oof,0.5483517567913296
RFEXGB_LR_SMOTE,RFEXGB,supervised,LR,SMOTE,132,pred_anomaly,96,96,0.0,0.17295733531669785,0.1000843211226934,0.9981938646848376,-2.219401858370029,-2.0438529848818483,-0.3943472135155499,0.1000843211226934,0.9105972051000207,1.530620885930599,1.9905029082334027,train_oof,0.5483517567913296
RFEXGB_LR_SMOTE,RFEXGB,supervised,LR,SMOTE,132,pred_normal,1157,1157,0.0,-0.014697009889586795,-0.1576363654876136,0.9973025199474873,-2.217534317162704,-1.379008315075566,-0.7963354583914022,-0.1576363654876136,0.651008977282399,1.8238248554800016,1.9975061877608595,train_oof,0.5483517567913296
RFEXGB_LR_SMOTE,RFEXGB,supervised,LR,SMOTE,139,TP,23,23,0.0,-0.18486031975187334,-0.387469123908896,0.9877982178916446,-1.0307739806192167,-0.942017099813628,-0.7142679562611383,-0.387469123908896,-0.1360025597136731,1.064669749933003,3.1208801254421275,train_oof,0.5483517567913296
RFEXGB_LR_SMOTE,RFEXGB,supervised,LR,SMOTE,139,FP,73,73,0.0,-0.07454458555564795,-0.3634064059942239,0.8687557199032713,-0.9986639121721218,-0.8902120713578264,-0.5905686259027908,-0.3634064059942239,0.2323539656604808,1.3210269359023845,3.0790071109333925,train_oof,0.5483517567913296
RFEXGB_LR_SMOTE,RFEXGB,supervised,LR,SMOTE,139,TN,1097,1097,0.0,0.011214784689037359,-0.3039715187462845,1.0059536934378301,-1.1037542156978155,-0.9738769020279969,-0.669200273382097,-0.3039715187462845,0.3048901653853565,2.0412941640225752,3.700671107442964,train_oof,0.5483517567913296
RFEXGB_LR_SMOTE,RFEXGB,supervised,LR,SMOTE,139,FN,60,60,0.0,-0.02693351735998713,-0.27859202067990874,1.0157817751234348,-1.104352286470752,-1.041665375697857,-0.5546756876632642,-0.27859202067990874,0.33650031796927127,1.396311101653293,3.766791950554281,train_oof,0.5483517567913296
RFEXGB_LR_SMOTE,RFEXGB,supervised,LR,SMOTE,139,pred_anomaly,96,96,0.0,-0.10097439687349362,-0.3634064059942239,0.8945464339754425,-1.0377044489989313,-0.9330753082551121,-0.6426277799272209,-0.3634064059942239,0.16755714592033255,1.3143776604452209,3.705064476630033,train_oof,0.5483517567913296
RFEXGB_LR_SMOTE,RFEXGB,supervised,LR,SMOTE,139,pred_normal,1157,1157,0.0,0.00923648034768778,-0.2973151857932438,1.0060582401466964,-1.105590650414324,-0.9919692755888292,-0.668995606001677,-0.2973151857932438,0.3125382622326279,2.0412941640225752,3.8764058749251644,train_oof,0.5483517567913296
RFEXGB_LR_SMOTE,RFEXGB,supervised,LR,SMOTE,144,TP,23,23,0.0,-0.31882034423753186,-0.2823137420639845,0.5095334589005842,-1.060846748091071,-0.8721854390057512,-0.7452613221465572,-0.2823137420639845,-0.12935390892598145,0.4559615376669933,0.9115214832554551,train_oof,0.5483517567913296
RFEXGB_LR_SMOTE,RFEXGB,supervised,LR,SMOTE,144,FP,73,73,0.0,-0.2776549537914921,-0.4238829493300085,0.8827211502675257,-1.222593635473172,-1.049391032928395,-0.7167847574666097,-0.4238829493300085,-0.0479922955547032,0.5736104306018569,2.379122265246576,train_oof,0.5483517567913296
RFEXGB_LR_SMOTE,RFEXGB,supervised,LR,SMOTE,144,TN,1097,1097,0.0,0.034304947347735024,-0.1700347156116206,1.0106140396523113,-1.1466344332297465,-0.9777928131616702,-0.5882334083399904,-0.1700347156116206,0.2481639771167491,2.0228234879710687,3.8546313960573713,train_oof,0.5483517567913296
RFEXGB_LR_SMOTE,RFEXGB,supervised,LR,SMOTE,144,FN,60,60,0.0,-0.1555252278937426,-0.41818763639401885,1.0071065099744079,-1.106067532802827,-1.065419270762537,-0.6667473652432738,-0.41818763639401885,0.0496416404908305,1.8899599733357704,3.5762770443915466,train_oof,0.5483517567913296
RFEXGB_LR_SMOTE,RFEXGB,supervised,LR,SMOTE,144,pred_anomaly,96,96,0.0,-0.2875174952525224,-0.38238852651065647,0.8068361247921128,-1.2121142596709513,-1.0491469480882811,-0.725327726870594,-0.38238852651065647,-0.07606205216779427,0.5797125516047076,1.281700551772082,train_oof,0.5483517567913296
RFEXGB_LR_SMOTE,RFEXGB,supervised,LR,SMOTE,144,pred_normal,1157,1157,0.0,0.024460685883181302,-0.183052573751025,1.010875550296629,-1.1454628259972002,-0.980396384789551,-0.593115105142267,-0.183052573751025,0.2335188867099189,2.0228234879710687,3.876110861987394,train_oof,0.5483517567913296
RFEXGB_LR_SMOTE,RFEXGB,supervised,LR,SMOTE,154,TP,23,23,0.0,0.23889843096436933,0.0470285726149779,1.7389695970240135,-1.3934636726058955,-1.367104251610389,-0.8887700550912432,0.0470285726149779,0.45407148578138895,1.6063217507656853,5.78760315691142,train_oof,0.5483517567913296
RFEXGB_LR_SMOTE,RFEXGB,supervised,LR,SMOTE,154,FP,73,73,0.0,-0.1160276983066985,-0.1157638458942754,1.0289441932150776,-2.454030501321484,-1.8435164499783996,-0.8344096781986167,-0.1157638458942754,0.5533472271930368,1.5326259074942528,1.9092303091684373,train_oof,0.5483517567913296
RFEXGB_LR_SMOTE,RFEXGB,supervised,LR,SMOTE,154,TN,1097,1097,0.0,0.002369037186638343,-0.0417710415351166,0.97584983865369,-1.9853087702337455,-1.6131406372534722,-0.6732257989145622,-0.0417710415351166,0.6111721501091689,1.7408038789114346,2.3888439130405485,train_oof,0.5483517567913296
RFEXGB_LR_SMOTE,RFEXGB,supervised,LR,SMOTE,154,FN,60,60,0.0,0.017171609919551467,-0.02123123296718915,1.020037658076021,-1.6855426375635052,-1.2158438220079473,-0.8658277488343968,-0.021231232967189147,0.7252443901628722,1.649946159444995,2.464349156717349,train_oof,0.5483517567913296
RFEXGB_LR_SMOTE,RFEXGB,supervised,LR,SMOTE,154,pred_anomaly,96,96,0.0,-0.03099331316883847,-0.04179166383287545,1.2352703784228543,-2.44282723184095,-1.6856465739442106,-0.8391940512786961,-0.041791663832875456,0.5550279444603922,1.6370077298310222,2.321880425095496,train_oof,0.5483517567913296
RFEXGB_LR_SMOTE,RFEXGB,supervised,LR,SMOTE,154,pred_normal,1157,1157,0.0,0.003136672764836072,-0.0379352941519492,0.9777377782865045,-1.9796648597830728,-1.6080758009238711,-0.6860116235251192,-0.0379352941519492,0.6155028326385513,1.7408038789114346,2.3936777796352504,train_oof,0.5483517567913296
RFEXGB_LR_SMOTE,RFEXGB,supervised,LR,SMOTE,156,TP,23,23,0.0,-0.07856776772697113,-0.1780665208725426,0.30641683796734315,-0.5096252933093883,-0.4719544170056725,-0.2377158986981583,-0.1780665208725426,-0.08572469558481044,0.5898045082902875,0.6957280380675449,train_oof,0.5483517567913296
RFEXGB_LR_SMOTE,RFEXGB,supervised,LR,SMOTE,156,FP,73,73,0.0,0.46456281410016076,-0.1425063148611178,3.452948338361147,-0.4507100616723954,-0.4318057973153542,-0.2721290012898597,-0.1425063148611178,0.0708549212074308,0.586363198031117,18.587077133424714,train_oof,0.5483517567913296
RFEXGB_LR_SMOTE,RFEXGB,supervised,LR,SMOTE,156,TN,1097,1097,0.0,-0.03265417023429927,-0.1207113498863735,0.5746423337099826,-0.487830328334644,-0.41001083234060987,-0.2583637602531792,-0.1207113498863735,0.0857672656638347,0.4865652005151843,0.9175090132368617,train_oof,0.5483517567913296
RFEXGB_LR_SMOTE,RFEXGB,supervised,LR,SMOTE,156,FN,60,60,0.0,0.06192663292391719,-0.1012105917510761,0.47439772725022694,-0.4329873138376692,-0.3828818364641519,-0.2354216918587116,-0.1012105917510761,0.11731260970622763,1.0495062037444314,1.4817806564329894,train_oof,0.5483517567913296
RFEXGB_LR_SMOTE,RFEXGB,supervised,LR,SMOTE,156,pred_anomaly,96,96,0.0,0.3344377788707437,-0.14365341828084122,3.0186616678780083,-0.49455235437422307,-0.4350176868905796,-0.24947370875032296,-0.14365341828084122,0.06999459364263826,0.6231852178042383,16.674546014822482,train_oof,0.5483517567913296
RFEXGB_LR_SMOTE,RFEXGB,supervised,LR,SMOTE,156,pred_normal,1157,1157,0.0,-0.0277493749106234,-0.1195642464666502,0.570088755275266,-0.4852149325376747,-0.41001083234060987,-0.2572166568334557,-0.1195642464666502,0.0869143690835581,0.5177664135316601,1.0412585301566217,train_oof,0.5483517567913296
RFEXGB_LR_SMOTE,RFEXGB,supervised,LR,SMOTE,162,TP,23,23,0.0,0.01552589594818907,-0.487401501015848,1.0464034700533982,-0.7323575994265473,-0.7225933338137397,-0.6826567970850568,-0.487401501015848,0.3241611534762709,2.236537447944125,2.3180283938777606,train_oof,0.5483517567913296
RFEXGB_LR_SMOTE,RFEXGB,supervised,LR,SMOTE,162,FP,73,73,0.0,-0.1717854071085614,-0.5448824990131631,0.902352630687588,-0.7336302857529631,-0.7294820487173344,-0.6514399626635384,-0.5448824990131631,-0.0404604774231471,1.19572616566898,3.3058460981036855,train_oof,0.5483517567913296
RFEXGB_LR_SMOTE,RFEXGB,supervised,LR,SMOTE,162,TN,1097,1097,0.0,0.013538287181826546,-0.4590362043539875,1.015680235506332,-0.7333961594948017,-0.7275610127529333,-0.6757530740879902,-0.4590362043539875,0.3248365176825056,2.172392856445295,3.3912661629082557,train_oof,0.5483517567913296
RFEXGB_LR_SMOTE,RFEXGB,supervised,LR,SMOTE,162,FN,60,60,0.0,-0.05461561091604553,-0.4746446215647467,0.7862772676722908,-0.7324446463686842,-0.7275610127529332,-0.637782597604124,-0.4746446215647467,0.3583420863584863,1.5703882111010892,1.910683223291931,train_oof,0.5483517567913296
RFEXGB_LR_SMOTE,RFEXGB,supervised,LR,SMOTE,162,pred_anomaly,96,96,0.0,-0.12690874075121492,-0.5331761861050937,0.9365561524465613,-0.7347498895259656,-0.729144366614217,-0.6668232584722193,-0.5331761861050937,-0.017723215813243022,1.9739258283731023,2.933700909946806,train_oof,0.5483517567913296
RFEXGB_LR_SMOTE,RFEXGB,supervised,LR,SMOTE,162,pred_normal,1157,1157,0.0,0.01000394501599048,-0.4600867708970194,1.0049102968068497,-0.7335162242425768,-0.7275610127529333,-0.6729015363283323,-0.4600867708970194,0.3248365176825056,2.137003772038593,3.3822432971129617,train_oof,0.5483517567913296
RFEXGB_LR_SMOTE,RFEXGB,supervised,LR,SMOTE,165,TP,23,23,0.0,0.8179949017351035,-0.1650932311534968,2.557146996324126,-0.36965992151798377,-0.3629937971883872,-0.2536276949059477,-0.1650932311534968,-0.0374994451573175,7.310340255332864,7.35314927251199,train_oof,0.5483517567913296
RFEXGB_LR_SMOTE,RFEXGB,supervised,LR,SMOTE,165,FP,73,73,0.0,0.4758006891689393,-0.1130141348285256,2.030558191807048,-0.5173562386956018,-0.41715605736635725,-0.2744593334359362,-0.1130141348285256,0.0510350185951334,7.11556443507747,7.329713679165753,train_oof,0.5483517567913296
RFEXGB_LR_SMOTE,RFEXGB,supervised,LR,SMOTE,165,TN,1097,1097,0.0,-0.059859749960472865,-0.1598853215209997,0.7479030136214673,-0.5297510636209449,-0.4541322157570868,-0.3004988815984218,-0.1598853215209997,0.0171836059839022,0.3145552459994876,0.8576360624762448,train_oof,0.5483517567913296
RFEXGB_LR_SMOTE,RFEXGB,supervised,LR,SMOTE,165,FN,60,60,0.0,0.21165563151073205,-0.1559793892966269,1.6468723343503266,-0.5238921652843856,-0.449314899347027,-0.32263249753653456,-0.1559793892966269,0.004814820606721601,0.9242712662240687,7.323255871221456,train_oof,0.5483517567913296
RFEXGB_LR_SMOTE,RFEXGB,supervised,LR,SMOTE,165,pred_anomaly,96,96,0.0,0.5577847192629161,-0.12212797668539555,2.1588836916230125,-0.5167573290878646,-0.39163730016712134,-0.2744593334359362,-0.12212797668539555,0.0510350185951334,7.192381102156803,7.3617683629537725,train_oof,0.5483517567913296
RFEXGB_LR_SMOTE,RFEXGB,supervised,LR,SMOTE,165,pred_normal,1157,1157,0.0,-0.04577943631460226,-0.1598853215209997,0.8199873139068916,-0.5307926455474443,-0.4541322157570868,-0.305706791230919,-0.1598853215209997,0.0171836059839022,0.3208047375584844,6.989949654741649,train_oof,0.5483517567913296
RFEXGB_LR_SMOTE,RFEXGB,supervised,LR,SMOTE,173,TP,23,23,0.0,-0.02547621688753082,0.0593115289569364,0.770954276637342,-1.7398108673493973,-1.389332749762354,-0.3438730493007935,0.0593115289569364,0.5189001673854376,1.1450896872442697,1.210831752932202,train_oof,0.5483517567913296
RFEXGB_LR_SMOTE,RFEXGB,supervised,LR,SMOTE,173,FP,73,73,0.0,-0.010975752355725184,0.0237978614420072,1.0050413889607586,-1.8444299537698488,-1.663310249443708,-0.9110472099068754,0.0237978614420072,0.6808007104682046,1.5028376614755452,2.5329847041203752,train_oof,0.5483517567913296
RFEXGB_LR_SMOTE,RFEXGB,supervised,LR,SMOTE,173,TN,1097,1097,0.0,0.0022028703100803473,0.0582670093241444,1.0089051299924006,-2.733733969128998,-1.6965259737664948,-0.6321604679513981,0.0582670093241444,0.6087288558055531,1.6887621561125306,2.5348230586740885,train_oof,0.5483517567913296
RFEXGB_LR_SMOTE,RFEXGB,supervised,LR,SMOTE,173,FN,60,60,0.0,-0.019636746621595542,-0.1109451711881671,0.9257069817677783,-1.8811030380771776,-1.4427077029980273,-0.5551271450329853,-0.1109451711881671,0.4342940771292818,1.4218351639525226,2.3508622609467493,train_oof,0.5483517567913296
RFEXGB_LR_SMOTE,RFEXGB,supervised,LR,SMOTE,173,pred_anomaly,96,96,0.0,-0.01444982198313693,0.0415546951994718,0.9503883875380877,-1.833619175570451,-1.6550063183630113,-0.604219567774211,0.0415546951994718,0.5773932668217917,1.3756673961831143,2.3809130907821787,train_oof,0.5483517567913296
RFEXGB_LR_SMOTE,RFEXGB,supervised,LR,SMOTE,173,pred_normal,1157,1157,0.0,0.001070305905671911,0.026931420340383,1.0043991321259693,-2.733733969128998,-1.6522383413361121,-0.6217152716234776,0.026931420340383,0.6087288558055531,1.6887621561125306,2.5348230586740885,train_oof,0.5483517567913296
RFEXGB_LR_SMOTE,RFEXGB,supervised,LR,SMOTE,182,TP,23,23,0.0,-0.3113593800526873,-0.5078684680426969,0.6298999014400403,-1.2829666032977483,-1.220273101490815,-0.7446264053800574,-0.5078684680426969,0.13374554214155066,0.7190111632395066,0.8206276699447018,train_oof,0.5483517567913296
RFEXGB_LR_SMOTE,RFEXGB,supervised,LR,SMOTE,182,FP,73,73,0.0,-0.06208246137118673,-0.2355968401047319,0.9039288718790921,-1.4666434110840725,-1.3346271852247604,-0.6546583891918604,-0.2355968401047319,0.4438984400534935,1.558081293163112,2.508995872684889,train_oof,0.5483517567913296
RFEXGB_LR_SMOTE,RFEXGB,supervised,LR,SMOTE,182,TN,1097,1097,0.0,0.012005483613334872,-0.1195854508094251,1.0232993722055894,-1.50490349375779,-1.2778052802637936,-0.7398912466333103,-0.1195854508094251,0.6380399486701289,1.6234264838682244,2.5641131204970242,train_oof,0.5483517567913296
RFEXGB_LR_SMOTE,RFEXGB,supervised,LR,SMOTE,182,FN,60,60,0.0,-0.013083838663835749,-0.1207692404961119,0.7654893288870122,-1.4388480292406667,-1.2944967148460778,-0.5232577339696252,-0.1207692404961119,0.5812180437091624,1.0352013885535514,1.8038597079130245,train_oof,0.5483517567913296
RFEXGB_LR_SMOTE,RFEXGB,supervised,LR,SMOTE,182,pred_anomaly,96,96,0.0,-0.12180505647196294,-0.30899180067931364,0.8500532713063008,-1.4492180268960428,-1.302191347809542,-0.726277665236412,-0.30899180067931364,0.35807368776869997,1.4075032450165512,2.3957308754626934,train_oof,0.5483517567913296
RFEXGB_LR_SMOTE,RFEXGB,supervised,LR,SMOTE,182,pred_normal,1157,1157,0.0,0.010704395163351952,-0.1195854508094251,1.0113009667127935,-1.5006418508857178,-1.2801728596371675,-0.7327885085131893,-0.1195854508094251,0.6333047899233818,1.5803365392728246,2.5390167791392675,train_oof,0.5483517567913296
RFEXGB_LR_SMOTE,RFEXGB,supervised,LR,SMOTE,183,TP,23,23,0.0,0.21843356009155435,0.5263451011806506,0.9679238216090189,-1.2549353746559022,-1.1975582314496271,-0.5730372969257123,0.5263451011806506,0.7927818175173402,1.321982329000922,2.1285695719652877,train_oof,0.5483517567913296
RFEXGB_LR_SMOTE,RFEXGB,supervised,LR,SMOTE,183,FP,73,73,0.0,0.20908464370144123,0.4198581785931621,0.9108343909383795,-1.439602421398007,-1.2558188650575899,-0.6280433508254717,0.4198581785931621,0.9417611178681048,1.4301382293174254,1.8242568614873824,train_oof,0.5483517567913296
RFEXGB_LR_SMOTE,RFEXGB,supervised,LR,SMOTE,183,TN,1097,1097,0.0,-0.024702007698589757,-0.0052118722849156,1.0081557077502297,-1.8590087722175852,-1.4796461850347524,-0.8088370820317017,-0.0052118722849156,0.7063928388357867,1.5177559032596033,1.8989849370526215,train_oof,0.5483517567913296
RFEXGB_LR_SMOTE,RFEXGB,supervised,LR,SMOTE,183,FN,60,60,0.0,0.11112411548694653,0.4363139186908167,0.9390539486935594,-1.5540612358550256,-1.4341405784180388,-0.7556667573606137,0.4363139186908167,0.8061658194634322,1.2580477562072874,1.5267005122104607,train_oof,0.5483517567913296
RFEXGB_LR_SMOTE,RFEXGB,supervised,LR,SMOTE,183,pred_anomaly,96,96,0.0,0.21132448825323916,0.4198581785931621,0.9196418117478828,-1.388869008993825,-1.2206694042089996,-0.6179504968989104,0.4198581785931621,0.9395670191884179,1.4194529687473492,2.292521401706237,train_oof,0.5483517567913296
RFEXGB_LR_SMOTE,RFEXGB,supervised,LR,SMOTE,183,pred_normal,1157,1157,0.0,-0.01765830208827673,0.0199471259088316,1.004758251423817,-1.846897347505712,-1.4796461850347524,-0.8056190706348273,0.0199471259088316,0.7165003200868797,1.4812461012296083,1.8867506428146887,train_oof,0.5483517567913296
RFEXGB_LR_SMOTE,RFEXGB,supervised,LR,SMOTE,200,TP,23,23,0.0,0.15306292868769558,0.0802270424064812,0.4217237946126498,-0.5501627099324382,-0.3978328424834798,-0.077853123702272,0.0802270424064812,0.3566020979187648,0.9280247654769826,0.9917236458338256,train_oof,0.5483517567913296
RFEXGB_LR_SMOTE,RFEXGB,supervised,LR,SMOTE,200,FP,73,73,0.0,0.4297852069047559,0.0430941174816065,2.482172836273526,-0.9642903075088861,-0.7712839731565077,-0.3070163175243571,0.0430941174816065,0.4473125288066734,1.0147036216587615,11.2576618210787,train_oof,0.5483517567913296
RFEXGB_LR_SMOTE,RFEXGB,supervised,LR,SMOTE,200,TN,1097,1097,0.0,-0.04656157805838236,-0.0661827758687398,0.7121571251895665,-1.1045042320252139,-0.7925027873992933,-0.3834040487983856,-0.0661827758687398,0.2361853270909561,0.7254911835295936,1.118633373819926,train_oof,0.5483517567913296
RFEXGB_LR_SMOTE,RFEXGB,supervised,LR,SMOTE,200,FN,60,60,0.0,0.27155001749559876,0.01444871825384565,1.9397530495879762,-0.8746302079259953,-0.6313458932253362,-0.2767795072283876,0.01444871825384565,0.33379187260776993,0.806228771723393,6.6221572239711985,train_oof,0.5483517567913296
RFEXGB_LR_SMOTE,RFEXGB,supervised,LR,SMOTE,200,pred_anomaly,96,96,0.0,0.3634871610819186,0.05635587638334755,2.17366315357022,-0.8583872056231427,-0.7664036458806669,-0.2722705092017956,0.05635587638334755,0.4369683568633154,0.9913098789560909,8.688169510348526,train_oof,0.5483517567913296
RFEXGB_LR_SMOTE,RFEXGB,supervised,LR,SMOTE,200,pred_normal,1157,1157,0.0,-0.030064866102255422,-0.0598171315959042,0.8233238084688111,-1.111718628867761,-0.7869858956961692,-0.3802212266619678,-0.0598171315959042,0.2414900306516522,0.7280374412387282,1.1266965232321862,train_oof,0.5483517567913296
RFEXGB_LR_SMOTE,RFEXGB,supervised,LR,SMOTE,217,TP,23,23,0.0,0.046561522767912596,-0.099808585237843,0.7471431166367677,-0.7750974692706907,-0.7509711413266319,-0.47846364645248673,-0.099808585237843,0.30471089272643476,1.3481849220736744,1.97915254156435,train_oof,0.5483517567913296
RFEXGB_LR_SMOTE,RFEXGB,supervised,LR,SMOTE,217,FP,73,73,0.0,0.15795690070316828,-0.0749787451581944,1.459610145939068,-1.2446297451768489,-0.8873283464307031,-0.445357193012955,-0.0749787451581944,0.4692085832541078,1.1843079775479919,4.574988172691239,train_oof,0.5483517567913296
RFEXGB_LR_SMOTE,RFEXGB,supervised,LR,SMOTE,217,TN,1097,1097,0.0,-0.016374029317193933,-0.2177503256161747,0.9693550967352655,-1.1804032255041572,-0.9055368958224471,-0.538469093311638,-0.2177503256161747,0.2602240959170641,1.4106733529407909,2.596629281278407,train_oof,0.5483517567913296
RFEXGB_LR_SMOTE,RFEXGB,supervised,LR,SMOTE,217,FN,60,60,0.0,0.07589701921467153,-0.2146465956062186,0.8041014581140736,-0.9341325949808411,-0.7963890571389894,-0.4996724681871867,-0.2146465956062186,0.49455571166874934,1.5772401968084329,2.106819302640542,train_oof,0.5483517567913296
RFEXGB_LR_SMOTE,RFEXGB,supervised,LR,SMOTE,217,pred_anomaly,96,96,0.0,0.13126842473951328,-0.0832553585180772,1.3214472825485433,-1.2203585764989924,-0.8638434560220354,-0.46915245642261844,-0.0832553585180772,0.445930608179437,1.264798042472854,2.6005399810909338,train_oof,0.5483517567913296
RFEXGB_LR_SMOTE,RFEXGB,supervised,LR,SMOTE,217,pred_normal,1157,1157,0.0,-0.011589013835852594,-0.2177503256161747,0.9614040304687727,-1.17527172522103,-0.8993294358025333,-0.5363999399716672,-0.2177503256161747,0.2788464759768006,1.4239159343166032,2.512704421809209,train_oof,0.5483517567913296
RFEXGB_LR_SMOTE,RFEXGB,supervised,LR,SMOTE,227,TP,23,23,0.0,0.05750318053054109,-0.1481667666320204,0.7374223425208624,-0.8116806515806001,-0.7046854471895413,-0.48477080729181576,-0.1481667666320204,0.46669661430653053,1.6075599094494468,1.980965991888043,train_oof,0.5483517567913296
RFEXGB_LR_SMOTE,RFEXGB,supervised,LR,SMOTE,227,FP,73,73,0.0,0.23128896650993902,-0.1122623356283096,1.3316898290172068,-0.9251386535523269,-0.7872656384980766,-0.3815455681561421,-0.1122623356283096,0.381423590672717,1.6488500051037134,5.589002263450967,train_oof,0.5483517567913296
RFEXGB_LR_SMOTE,RFEXGB,supervised,LR,SMOTE,227,TN,1097,1097,0.0,-0.02639410169427581,-0.2558800596431537,0.9617210167609626,-0.973968679717374,-0.8303509557025297,-0.5431155076728417,-0.2558800596431537,0.1570208968995229,1.539341490542397,3.912624379887683,train_oof,0.5483517567913296
RFEXGB_LR_SMOTE,RFEXGB,supervised,LR,SMOTE,227,FN,60,60,0.0,0.17467390880968084,-0.1571428743829484,1.2426960671686949,-0.8680506082564264,-0.7051342525770877,-0.44886637628810244,-0.1571428743829484,0.2535140552219963,2.032578611455877,5.487931290175506,train_oof,0.5483517567913296
RFEXGB_LR_SMOTE,RFEXGB,supervised,LR,SMOTE,227,pred_anomaly,96,96,0.0,0.18965278861904156,-0.12572649725470114,1.2147179483716433,-0.8693970244190656,-0.783226390010159,-0.41520597222212113,-0.12572649725470114,0.4150839947386959,1.7323278071873438,4.717781245145903,train_oof,0.5483517567913296
RFEXGB_LR_SMOTE,RFEXGB,supervised,LR,SMOTE,227,pred_normal,1157,1157,0.0,-0.01596706571308532,-0.2469039518922257,0.9786260943968927,-0.973968679717374,-0.8213748479516021,-0.534139399921914,-0.2469039518922257,0.1659970046504509,1.5483175982933268,4.305059810758268,train_oof,0.5483517567913296
RFEXGB_LR_SMOTE,RFEXGB,supervised,LR,SMOTE,252,TP,23,23,0.0,-0.025210042512500204,-0.0266945010912477,0.013082179930683342,-0.04710335088549235,-0.04418586667296464,-0.0336735597116559,-0.0266945010912477,-0.01953472787654555,-0.005397008131246241,0.0010477747416929334,train_oof,0.5483517567913296
RFEXGB_LR_SMOTE,RFEXGB,supervised,LR,SMOTE,252,FP,73,73,0.0,-0.02470675480981616,-0.0303574469063609,0.024468263585968306,-0.05042432908371066,-0.04668653962431458,-0.0378890751516296,-0.0303574469063609,-0.016959544907856,-0.0027676107842684408,0.04217488551785899,train_oof,0.5483517567913296
RFEXGB_LR_SMOTE,RFEXGB,supervised,LR,SMOTE,252,TN,1097,1097,0.0,0.0037323851175267726,-0.0304797767855753,1.0691509509346777,-0.05526981559939326,-0.05016988293494472,-0.0403718156547764,-0.0304797767855753,-0.0172890015143766,-0.00467428876529662,0.005367159370017697,train_oof,0.5483517567913296
RFEXGB_LR_SMOTE,RFEXGB,supervised,LR,SMOTE,252,FN,60,60,0.0,-0.0285167065837123,-0.0311935994330366,0.013070644289727333,-0.051597430922008955,-0.04600475906453387,-0.038154239065949454,-0.0311935994330366,-0.019831864372932825,-0.00743220199106273,0.004693246845650051,train_oof,0.5483517567913296
RFEXGB_LR_SMOTE,RFEXGB,supervised,LR,SMOTE,252,pred_anomaly,96,96,0.0,-0.024827334155250878,-0.0287476969048804,0.022213246885438135,-0.048634503939577536,-0.0466064691579197,-0.03747829697767663,-0.0287476969048804,-0.01698143917601085,-0.00278074734516135,0.010002516515903843,train_oof,0.5483517567913296
RFEXGB_LR_SMOTE,RFEXGB,supervised,LR,SMOTE,252,pred_normal,1157,1157,0.0,0.002060003525414109,-0.0304797767855753,1.0410639023477655,-0.055193859865299226,-0.05008397399704188,-0.040291189143476,-0.0304797767855753,-0.0173654576888856,-0.00473934601924246,0.005451678195656755,train_oof,0.5483517567913296
RFEXGB_LR_SMOTE,RFEXGB,supervised,LR,SMOTE,269,TP,23,23,0.0,0.03219925273812467,0.2868092445363978,0.9248939413854502,-1.487278766070639,-1.4814671879136343,-0.4201796160813521,0.2868092445363978,0.4969600618209404,1.3842029753054277,1.4750625027356685,train_oof,0.5483517567913296
RFEXGB_LR_SMOTE,RFEXGB,supervised,LR,SMOTE,269,FP,73,73,0.0,-0.26359421513099207,-0.3283359255644041,0.9297208906769259,-1.7725269346709036,-1.5893446074530324,-0.8496483233385688,-0.3283359255644041,0.3470870715517584,1.228872982332271,2.0116994786262214,train_oof,0.5483517567913296
RFEXGB_LR_SMOTE,RFEXGB,supervised,LR,SMOTE,269,TN,1097,1097,0.0,0.014294039499122604,-0.0406109177019877,1.0002770225975481,-1.8455729372681116,-1.4368598662859111,-0.6975268058062603,-0.0406109177019877,0.5358768798365963,1.7249153929416043,2.890863260690657,train_oof,0.5483517567913296
RFEXGB_LR_SMOTE,RFEXGB,supervised,LR,SMOTE,269,FN,60,60,0.0,0.07033660636975689,-0.0781440266326426,1.0389396828611017,-1.2635183051169327,-1.10361947770874,-0.7096991216633793,-0.0781440266326426,0.5558325592968465,1.5104015679484175,3.346513473472447,train_oof,0.5483517567913296
RFEXGB_LR_SMOTE,RFEXGB,supervised,LR,SMOTE,269,pred_anomaly,96,96,0.0,-0.19272703012068285,-0.2918405984474999,0.9323715694278683,-1.7519001563044276,-1.506023700081513,-0.8443296915430958,-0.2918405984474999,0.4146942326267337,1.347833046824352,1.7420993301409589,train_oof,0.5483517567913296
RFEXGB_LR_SMOTE,RFEXGB,supervised,LR,SMOTE,269,pred_normal,1157,1157,0.0,0.017200309172621362,-0.0406109177019877,1.0019316704512145,-1.8408268151065579,-1.4291629845005926,-0.6975268058062603,-0.0406109177019877,0.5358768798365963,1.7249153929416043,2.890863260690657,train_oof,0.5483517567913296
RFEXGB_LR_SMOTE,RFEXGB,supervised,LR,SMOTE,271,TP,23,23,0.0,0.2058936189593684,-0.0999998999539683,1.1079411030341795,-1.1444775834010372,-1.0960018603862327,-0.8275794509494561,-0.0999998999539683,1.2181587498022193,1.8032365684062015,1.8285394356754323,train_oof,0.5483517567913296
RFEXGB_LR_SMOTE,RFEXGB,supervised,LR,SMOTE,271,FP,73,73,0.0,-0.044755928974180306,0.0316346779212868,0.9978384837708655,-1.5750314253133393,-1.4053889996962605,-0.9673803412623942,0.0316346779212868,0.7183211186387289,1.8814155113819058,1.9762380649440334,train_oof,0.5483517567913296
RFEXGB_LR_SMOTE,RFEXGB,supervised,LR,SMOTE,271,TN,1097,1097,0.0,-0.00772506949240112,-0.0271269618324295,0.9959989024266251,-1.6050758455020229,-1.3727237499455278,-0.9028331810834884,-0.0271269618324295,0.7408421241623159,1.635666299108528,2.194392023373519,train_oof,0.5483517567913296
RFEXGB_LR_SMOTE,RFEXGB,supervised,LR,SMOTE,271,FN,60,60,0.0,0.11689584766506085,0.0632088479013114,1.0219308347870348,-1.6092408047272633,-1.4328500787047602,-0.699644752553076,0.0632088479013114,0.870663831033933,1.7093214574964508,1.8892827560567977,train_oof,0.5483517567913296
RFEXGB_LR_SMOTE,RFEXGB,supervised,LR,SMOTE,271,pred_anomaly,96,96,0.0,0.01529552521823239,-0.0139220989664257,1.02491900213051,-1.5566118166242482,-1.3799106084659678,-0.8873902058673147,-0.013922098966425697,0.8357324925286529,1.8466276918310807,1.976185301445378,train_oof,0.5483517567913296
RFEXGB_LR_SMOTE,RFEXGB,supervised,LR,SMOTE,271,pred_normal,1157,1157,0.0,-0.0012624463035958307,-0.0233949094885206,0.9972916848831596,-1.6051452269848783,-1.3769000675909453,-0.9020162700756764,-0.0233949094885206,0.7593233368938452,1.6537614374596532,2.187569585496496,train_oof,0.5483517567913296
RFEXGB_LR_SMOTE,RFEXGB,supervised,LR,SMOTE,275,TP,23,23,0.0,-0.04918260421553929,-0.0492014537332643,0.00039267519655724665,-0.04966711615943857,-0.04963627856142927,-0.04949935864651915,-0.0492014537332643,-0.04890875373627405,-0.0485582485515935,-0.04828410255022826,train_oof,0.5483517567913296
RFEXGB_LR_SMOTE,RFEXGB,supervised,LR,SMOTE,275,FP,73,73,0.0,-0.04910317686146005,-0.0492014537332643,0.0004619879057452027,-0.04963927904257,-0.04958098398040788,-0.0494482279985094,-0.0492014537332643,-0.0488340478793016,-0.0484317384692123,-0.04735741925850153,train_oof,0.5483517567913296
RFEXGB_LR_SMOTE,RFEXGB,supervised,LR,SMOTE,275,TN,1097,1097,0.0,0.024922984724760063,-0.0493275964097916,1.1210041293890105,-0.04968775212156949,-0.0496478518458291,-0.0495376300896403,-0.0493275964097916,-0.0489203882549828,-0.048191332572102695,-0.0404014711877658,train_oof,0.5483517567913296
RFEXGB_LR_SMOTE,RFEXGB,supervised,LR,SMOTE,275,FN,60,60,0.0,-0.04922211010683159,-0.0493275964097916,0.00037609209357314545,-0.04967443365936336,-0.049647300737048136,-0.04951788202498977,-0.0493275964097916,-0.04896600781518318,-0.048478490864129066,-0.048402621555285734,train_oof,0.5483517567913296
RFEXGB_LR_SMOTE,RFEXGB,supervised,LR,SMOTE,275,pred_anomaly,96,96,0.0,-0.0491222063317082,-0.0492014537332643,0.0004456782393535807,-0.04964163656346622,-0.04960651868725833,-0.0494586378310383,-0.0492014537332643,-0.04884047748174593,-0.04843541252775192,-0.04740291022665301,train_oof,0.5483517567913296
RFEXGB_LR_SMOTE,RFEXGB,supervised,LR,SMOTE,275,pred_normal,1157,1157,0.0,0.021077949556311065,-0.0493275964097916,1.0916486355588386,-0.0496876541466751,-0.0496478518458291,-0.0495351807172805,-0.0493275964097916,-0.0489203882549828,-0.0481972110657661,-0.0404014711877658,train_oof,0.5483517567913296
RFEXGB_LR_SMOTE,RFEXGB,supervised,LR,SMOTE,280,TP,23,23,0.0,-0.17376971013508727,-0.3872214228475072,0.678844588001253,-1.157666173499211,-1.0946126739548332,-0.693077950488147,-0.3872214228475072,0.381341133787947,0.9663897738390168,1.0052884501748522,train_oof,0.5483517567913296
RFEXGB_LR_SMOTE,RFEXGB,supervised,LR,SMOTE,280,FP,73,73,0.0,-0.30020217894553397,-0.3715364727120899,0.5992130029326542,-1.2869101626150508,-1.1589209695100446,-0.747975275962108,-0.3715364727120899,0.0676421310795982,0.7546429470108815,1.1147694021200667,train_oof,0.5483517567913296
RFEXGB_LR_SMOTE,RFEXGB,supervised,LR,SMOTE,280,TN,1097,1097,0.0,0.03412256130577589,-0.1519471708162455,1.0364646947445908,-1.3910582315142226,-1.1244140792121262,-0.5754408244725163,-0.1519471708162455,0.4440809343296164,1.5106575435380016,4.539107715684382,train_oof,0.5483517567913296
RFEXGB_LR_SMOTE,RFEXGB,supervised,LR,SMOTE,280,FN,60,60,0.0,-0.1979563578801371,-0.25389934669645875,0.6741521141923874,-1.1444908153854605,-1.0624585261772275,-0.7636602260975254,-0.25389934669645875,0.3107588581785684,0.9640370313187041,1.1193180376593366,train_oof,0.5483517567913296
RFEXGB_LR_SMOTE,RFEXGB,supervised,LR,SMOTE,280,pred_anomaly,96,96,0.0,-0.2699110666263644,-0.3715364727120899,0.6178901404516013,-1.2436197002412985,-1.1479415044152523,-0.747975275962108,-0.3715364727120899,0.130381931621268,0.8048347874442175,1.0377562969551646,train_oof,0.5483517567913296
RFEXGB_LR_SMOTE,RFEXGB,supervised,LR,SMOTE,280,pred_normal,1157,1157,0.0,0.022087353742115762,-0.1519471708162455,1.021933495176903,-1.3822746594383888,-1.108729129076709,-0.5911257746079336,-0.1519471708162455,0.428395984194199,1.4541917230505006,4.495817253310649,train_oof,0.5483517567913296
RFEXGB_LR_SMOTE,RFEXGB,supervised,LR,SMOTE,281,TP,23,23,0.0,-0.29425549497913434,-0.3832709308378492,0.9038515848270879,-1.3388273578441077,-1.2766622143653212,-0.6531495477367728,-0.3832709308378492,-0.10408615473551405,0.363083037275726,2.6922285627054774,train_oof,0.5483517567913296
RFEXGB_LR_SMOTE,RFEXGB,supervised,LR,SMOTE,281,FP,73,73,0.0,-0.21270050598628576,-0.3088216572105596,0.6611159490638298,-1.2096578681007608,-1.1240412034293779,-0.6996803437538289,-0.3088216572105596,0.1564863029599988,0.8935341118701623,1.3208729424908041,train_oof,0.5483517567913296
RFEXGB_LR_SMOTE,RFEXGB,supervised,LR,SMOTE,281,TN,1097,1097,0.0,0.029330764724281286,-0.1785354283628034,1.027789554105034,-1.2781511998378667,-1.034702075076631,-0.5880064333128946,-0.1785354283628034,0.286772531807755,1.7497007585839932,4.749261993027465,train_oof,0.5483517567913296
RFEXGB_LR_SMOTE,RFEXGB,supervised,LR,SMOTE,281,FN,60,60,0.0,-0.16519660017124738,-0.3367401348207933,0.7808914125617473,-1.2303175415323335,-1.017950988510491,-0.7275988213640624,-0.3367401348207933,0.20767017857876002,1.6138308342141867,1.7953009386807053,train_oof,0.5483517567913296
RFEXGB_LR_SMOTE,RFEXGB,supervised,LR,SMOTE,281,pred_anomaly,96,96,0.0,-0.23223972209915575,-0.3181278164139709,0.722266356954323,-1.298066380533167,-1.1510290651192703,-0.7043334233555345,-0.3181278164139709,0.05411855172247568,0.8823667208260695,1.7655212292297846,train_oof,0.5483517567913296
RFEXGB_LR_SMOTE,RFEXGB,supervised,LR,SMOTE,281,pred_normal,1157,1157,0.0,0.019242915205066314,-0.1971477467696444,1.0171077724753155,-1.2930410545633249,-1.034702075076631,-0.5880064333128946,-0.1971477467696444,0.2681602134009327,1.7385333675398973,4.516235766574083,train_oof,0.5483517567913296
RFEXGB_LR_SMOTE,RFEXGB,supervised,LR,SMOTE,295,TP,23,23,0.0,0.5746500208430881,0.0009547470411242,1.6277485892863544,-0.6155252685105921,-0.5096407510401523,-0.25834028137627163,0.0009547470411242,0.1734738770663922,3.8795640858183758,4.58688616291522,train_oof,0.5483517567913296
RFEXGB_LR_SMOTE,RFEXGB,supervised,LR,SMOTE,295,FP,73,73,0.0,0.4566680630965009,-0.0603685517888387,1.6978248863072336,-0.7032545236748484,-0.6677401515839734,-0.414329922716841,-0.0603685517888387,0.2567932359373168,5.411335611740027,5.689070322705626,train_oof,0.5483517567913296
RFEXGB_LR_SMOTE,RFEXGB,supervised,LR,SMOTE,295,TN,1097,1097,0.0,-0.05568697681500679,-0.2016182669038766,0.8756946340195415,-0.8215614139373999,-0.69095631422122,-0.4440542086063935,-0.2016182669038766,0.0845683108651628,0.5403134614984483,5.47177275640294,train_oof,0.5483517567913296
RFEXGB_LR_SMOTE,RFEXGB,supervised,LR,SMOTE,295,FN,60,60,0.0,0.24837881451783914,-0.1068182786595562,1.4016747328705683,-0.7492552856762003,-0.6113756993594199,-0.36053382811806867,-0.1068182786595562,0.16107311985874284,4.8473218032898755,5.450119953907843,train_oof,0.5483517567913296
RFEXGB_LR_SMOTE,RFEXGB,supervised,LR,SMOTE,295,pred_anomaly,96,96,0.0,0.4849345738066208,-0.05862120294763095,1.6735772076314033,-0.6965433510767686,-0.6625298666602383,-0.3482530755623475,-0.05862120294763095,0.25915305091682106,4.905014343863556,5.68850388600141,train_oof,0.5483517567913296
RFEXGB_LR_SMOTE,RFEXGB,supervised,LR,SMOTE,295,pred_normal,1157,1157,0.0,-0.03991865574329481,-0.196830247196995,0.9120655823026833,-0.8192879248849279,-0.6885868951827825,-0.4406140752511219,-0.196830247196995,0.0848724701212016,0.6382917480633272,5.492225530812662,train_oof,0.5483517567913296
RFEXGB_LR_SMOTE,RFEXGB,supervised,LR,SMOTE,296,TP,23,23,0.0,-0.06609193010627079,-0.0200979405732926,0.5911968410473074,-0.8439661856308552,-0.8029775210149752,-0.4886655025629361,-0.0200979405732926,0.2131734763695719,0.8069867118178682,1.4834229450660623,train_oof,0.5483517567913296
RFEXGB_LR_SMOTE,RFEXGB,supervised,LR,SMOTE,296,FP,73,73,0.0,-0.0704411864044649,-0.2970723352776641,0.9432927963608186,-0.8982022559010768,-0.8426962712624163,-0.6720689877102242,-0.2970723352776641,0.2106092440668461,1.4815540786197174,3.395882344104158,train_oof,0.5483517567913296
RFEXGB_LR_SMOTE,RFEXGB,supervised,LR,SMOTE,296,TN,1097,1097,0.0,0.012545941672251565,-0.3650317301481925,1.0193253358814036,-0.9047837772427505,-0.8586539738604083,-0.6483544218668679,-0.3650317301481925,0.2663282652932176,2.2223868556722457,3.533038207065993,train_oof,0.5483517567913296
RFEXGB_LR_SMOTE,RFEXGB,supervised,LR,SMOTE,296,FN,60,60,0.0,-0.1043460667038128,-0.34311499280890256,0.8325088478694719,-0.8992966037394172,-0.8558655472612082,-0.6626639943553274,-0.34311499280890256,0.15734246299532223,0.9960011273394626,3.0336464599432955,train_oof,0.5483517567913296
RFEXGB_LR_SMOTE,RFEXGB,supervised,LR,SMOTE,296,pred_anomaly,96,96,0.0,-0.06939917708302258,-0.2903292616185463,0.8690910310050282,-0.892747951216084,-0.8311175407055472,-0.6429380709823191,-0.2903292616185463,0.2166740401111742,1.4745034724966377,2.856911198763736,train_oof,0.5483517567913296
RFEXGB_LR_SMOTE,RFEXGB,supervised,LR,SMOTE,296,pred_normal,1157,1157,0.0,0.006484126198989794,-0.3650317301481925,1.0105151978334443,-0.9052264884045099,-0.8586539738604083,-0.6496409109743689,-0.3650317301481925,0.2552154225656405,2.2043216056281536,3.5398243036958417,train_oof,0.5483517567913296
RFEXGB_LR_SMOTE,RFEXGB,supervised,LR,SMOTE,310,TP,23,23,0.0,0.01418407279425415,0.0648005498315571,0.812502500991228,-1.8357045349510663,-1.515384449934959,-0.39654238911411666,0.0648005498315571,0.43159666425256216,1.3451695952017733,1.520958341715592,train_oof,0.5483517567913296
RFEXGB_LR_SMOTE,RFEXGB,supervised,LR,SMOTE,310,FP,73,73,0.0,0.06595689941506819,0.0853046804513651,0.8435380669265731,-1.7489492800619244,-1.3208230327203387,-0.5207062912007304,0.0853046804513651,0.7095415459877334,1.3119073388629732,1.8219589792143704,train_oof,0.5483517567913296
RFEXGB_LR_SMOTE,RFEXGB,supervised,LR,SMOTE,310,TN,1097,1097,0.0,-0.016200423182153045,-0.1037889685979735,1.0181978313544948,-2.195210291818362,-1.6256511079348137,-0.66195696880385,-0.1037889685979735,0.5979079459465577,1.6937398157385066,2.520739750737417,train_oof,0.5483517567913296
RFEXGB_LR_SMOTE,RFEXGB,supervised,LR,SMOTE,310,FN,60,60,0.0,0.20787381682310455,0.07505261514146111,0.8907631382143222,-1.210100727373377,-1.1291094114251368,-0.4478027156636367,0.07505261514146111,0.7539671623306504,1.7894257586309403,2.2391041254906794,train_oof,0.5483517567913296
RFEXGB_LR_SMOTE,RFEXGB,supervised,LR,SMOTE,310,pred_anomaly,96,96,0.0,0.05355299303716484,0.07505261514146111,0.8322605380437539,-1.9188601757980643,-1.5749603405691783,-0.45691566260577343,0.07505261514146111,0.6292337010601534,1.3639650482699304,1.6380369275546922,train_oof,0.5483517567913296
RFEXGB_LR_SMOTE,RFEXGB,supervised,LR,SMOTE,310,pred_normal,1157,1157,0.0,-0.004580324305475909,-0.0627807073583575,1.0128597904064418,-2.195210291818362,-1.5814533152654502,-0.639174601448508,-0.0627807073583575,0.6275250235085027,1.7119657096227792,2.520739750737417,train_oof,0.5483517567913296
RFEXGB_LR_SMOTE,RFEXGB,supervised,LR,SMOTE,316,TP,23,23,0.0,-0.46878752200279494,-0.6267937988853934,0.5820122495676097,-1.437361581756539,-1.0895033069981928,-0.7729349156204457,-0.6267937988853934,-0.1034379468180127,0.3419299424476569,1.0976812429903076,train_oof,0.5483517567913296
RFEXGB_LR_SMOTE,RFEXGB,supervised,LR,SMOTE,316,FP,73,73,0.0,-0.17260294517237734,-0.3884698447632955,1.189958775495341,-2.0270377818518037,-1.4140322708501338,-0.7076818958970325,-0.3884698447632955,0.1359217695219164,1.6008446640109988,3.4290971614722237,train_oof,0.5483517567913296
RFEXGB_LR_SMOTE,RFEXGB,supervised,LR,SMOTE,316,TN,1097,1097,0.0,0.033619053160948695,-0.09786455964587,0.9907191540385932,-1.9037643220060665,-1.3868459787325638,-0.6326137961094012,-0.09786455964587,0.646207288840465,1.9053587560535992,2.7298491560128197,train_oof,0.5483517567913296
RFEXGB_LR_SMOTE,RFEXGB,supervised,LR,SMOTE,316,FN,60,60,0.0,-0.2216726700840506,-0.2872610794780005,0.9695916015049544,-1.8244417056036644,-1.5526961708126472,-0.8679291075987488,-0.2872610794780005,0.24704425889217424,1.4299340336666508,2.505085795422661,train_oof,0.5483517567913296
RFEXGB_LR_SMOTE,RFEXGB,supervised,LR,SMOTE,316,pred_anomaly,96,96,0.0,-0.24356383337133156,-0.439715413540791,1.0806365404285403,-2.021615320031402,-1.413899101422127,-0.7469422161539008,-0.439715413540791,0.0612482458172693,1.542560844353284,2.2782874086845015,train_oof,0.5483517567913296
RFEXGB_LR_SMOTE,RFEXGB,supervised,LR,SMOTE,316,pred_normal,1157,1157,0.0,0.020380070105892566,-0.1153245513178942,0.9908424977783066,-1.8891176578057147,-1.4048583769207648,-0.6452402307648769,-0.1153245513178942,0.603297139815998,1.8874252730819943,2.7365964070318416,train_oof,0.5483517567913296
RFEXGB_LR_SMOTE,RFEXGB,supervised,LR,SMOTE,333,TP,23,23,0.0,0.2647744687574485,-0.0450258383244466,1.4547077234973311,-0.4723164361912338,-0.311027991988896,-0.17017041772915614,-0.0450258383244466,0.11988505166326549,0.4271752400623602,5.44924510641312,train_oof,0.5483517567913296
RFEXGB_LR_SMOTE,RFEXGB,supervised,LR,SMOTE,333,FP,73,73,0.0,0.5843430301611833,-0.0605877211992616,3.5474782747500098,-0.5938337978532989,-0.3962524977430151,-0.215596799851806,-0.0605877211992616,0.1560591388569368,0.5504242919959426,20.727430349571755,train_oof,0.5483517567913296
RFEXGB_LR_SMOTE,RFEXGB,supervised,LR,SMOTE,333,TN,1097,1097,0.0,-0.054824230861050774,-0.0809480722177591,0.37178460971851884,-0.6272343174381745,-0.4447461879553008,-0.2186455503298362,-0.0809480722177591,0.0619455371438306,0.37568051894474436,0.7191246462734818,train_oof,0.5483517567913296
RFEXGB_LR_SMOTE,RFEXGB,supervised,LR,SMOTE,333,FN,60,60,0.0,0.18309536972652973,-0.027820281278867348,1.3720706703820433,-0.5463692597589013,-0.3876656257444587,-0.15416447771949732,-0.027820281278867348,0.14119316641732443,0.5886821338641668,4.840550408689912,train_oof,0.5483517567913296
RFEXGB_LR_SMOTE,RFEXGB,supervised,LR,SMOTE,333,pred_anomaly,96,96,0.0,0.5077797289915384,-0.045688610167496646,3.169647663630023,-0.5632975130653484,-0.39022392505863185,-0.20558231730331994,-0.045688610167496646,0.14450702563257461,0.543329982187939,20.213154923935697,train_oof,0.5483517567913296
RFEXGB_LR_SMOTE,RFEXGB,supervised,LR,SMOTE,333,pred_normal,1157,1157,0.0,-0.04248613575711401,-0.0771305064017908,0.47949800170765045,-0.6293870003844011,-0.4408649960423997,-0.2149340280087561,-0.0771305064017908,0.0693618821138532,0.3860197596963245,0.7335317154889679,train_oof,0.5483517567913296
RFEXGB_LR_SMOTE,RFEXGB,supervised,LR,SMOTE,334,TP,23,23,0.0,0.036668828758823976,-0.273194410607232,0.9184424686005968,-0.6650810065797502,-0.6136370500915945,-0.42395274908554625,-0.273194410607232,0.198756296269325,1.0875125964414822,3.10254801676719,train_oof,0.5483517567913296
RFEXGB_LR_SMOTE,RFEXGB,supervised,LR,SMOTE,334,FP,73,73,0.0,0.5277249699670581,-0.2529869437212498,2.9071011288554796,-0.653520208419191,-0.62416620389008,-0.4603793670247509,-0.2529869437212498,0.3505781856363751,1.5850417021921384,14.342930201076994,train_oof,0.5483517567913296
RFEXGB_LR_SMOTE,RFEXGB,supervised,LR,SMOTE,334,TN,1097,1097,0.0,-0.04864912707862037,-0.2200168661704367,0.5824919402688101,-0.6691969485191581,-0.5821559437850119,-0.436981247472561,-0.2200168661704367,0.2080623665457641,0.9485064952837,1.4871524783928847,train_oof,0.5483517567913296
RFEXGB_LR_SMOTE,RFEXGB,supervised,LR,SMOTE,334,FN,60,60,0.0,0.21467410790407235,-0.107812247408799,1.9427500634761787,-0.6048999795406292,-0.5331528365865051,-0.3921791662845612,-0.107812247408799,0.2278710018484703,1.0355581355267336,6.66307709330498,train_oof,0.5483517567913296
RFEXGB_LR_SMOTE,RFEXGB,supervised,LR,SMOTE,334,pred_anomaly,96,96,0.0,0.4100761028025854,-0.2630906771642409,2.5777677758504174,-0.660273756562664,-0.6229697091402522,-0.458784040691647,-0.2630906771642409,0.35656065938551457,1.5849619358754832,13.418401366762188,train_oof,0.5483517567913296
RFEXGB_LR_SMOTE,RFEXGB,supervised,LR,SMOTE,334,pred_normal,1157,1157,0.0,-0.03499364384702004,-0.2168262135042291,0.7195348537301932,-0.6679419584704498,-0.5821559437850119,-0.4274092894739379,-0.2168262135042291,0.2080623665457641,0.9536115395496325,1.4941719142585435,train_oof,0.5483517567913296
RFEXGB_LR_SMOTE,RFEXGB,supervised,LR,SMOTE,337,TP,23,23,0.0,0.005879396145645892,-0.0425744301726579,0.4392883207291877,-0.5880086464078178,-0.5543976761993705,-0.29134557668593997,-0.0425744301726579,0.21511549332887597,0.7761311129825325,0.8572052505150031,train_oof,0.5483517567913296
RFEXGB_LR_SMOTE,RFEXGB,supervised,LR,SMOTE,337,FP,73,73,0.0,0.2819941779628269,-0.1364534222018999,1.3574817943294686,-0.8242913231737585,-0.712110018880919,-0.3444491204049795,-0.1364534222018999,0.354379332172952,1.763829751609304,5.802819282474839,train_oof,0.5483517567913296
RFEXGB_LR_SMOTE,RFEXGB,supervised,LR,SMOTE,337,TN,1097,1097,0.0,-0.03640317294946121,-0.1658008351662997,0.79790006890577,-0.8222642788136152,-0.6743620453281964,-0.4362006977397762,-0.1658008351662997,0.2200249118545191,0.9766972244834728,1.5568944878077637,train_oof,0.5483517567913296
RFEXGB_LR_SMOTE,RFEXGB,supervised,LR,SMOTE,337,FN,60,60,0.0,0.31009910452638767,-0.1669190916082518,2.599359068031257,-0.7874619563762785,-0.6590773889850275,-0.39507068031383286,-0.1669190916082518,0.3812311240534834,1.1057822022510482,9.30840539994771,train_oof,0.5483517567913296
RFEXGB_LR_SMOTE,RFEXGB,supervised,LR,SMOTE,337,pred_anomaly,96,96,0.0,0.21584167815246066,-0.0987872722912714,1.2063748177001847,-0.7928126770782823,-0.6894857818419136,-0.338966936384678,-0.0987872722912714,0.34492870151108906,1.7228524716486036,5.003557764135917,train_oof,0.5483517567913296
RFEXGB_LR_SMOTE,RFEXGB,supervised,LR,SMOTE,337,pred_normal,1157,1157,0.0,-0.018434169796003187,-0.1658008351662997,0.9769116791897482,-0.8279155650275777,-0.6743620453281964,-0.4346187739926246,-0.1658008351662997,0.2278799814955479,0.9872142899472944,1.5895344841300323,train_oof,0.5483517567913296
RFEXGB_LR_SMOTE,RFEXGB,supervised,LR,SMOTE,338,TP,23,23,0.0,-0.04725731002411088,-0.0734288152007663,0.14089143265155718,-0.2971728905235435,-0.24479460565315603,-0.1043663241754548,-0.0734288152007663,0.01616105453843575,0.15848473587153067,0.3167256382572514,train_oof,0.5483517567913296
RFEXGB_LR_SMOTE,RFEXGB,supervised,LR,SMOTE,338,FP,73,73,0.0,0.27461903278401184,-0.0779484924378093,1.5947282763939346,-0.33584827790032723,-0.29411001347762356,-0.1753761827377285,-0.0779484924378093,0.0873380138436283,0.6386654307231132,6.985383359810931,train_oof,0.5483517567913296
RFEXGB_LR_SMOTE,RFEXGB,supervised,LR,SMOTE,338,TN,1097,1097,0.0,-0.020958576210029656,-0.0947858815814411,0.9639534805377894,-0.3200555071152851,-0.2760185730442769,-0.1931525189129996,-0.0947858815814411,0.0433348182083332,0.2995209457663274,0.5430736205853981,train_oof,0.5483517567913296
RFEXGB_LR_SMOTE,RFEXGB,supervised,LR,SMOTE,338,FN,60,60,0.0,0.05941733637681112,-0.0720601805444786,0.8012175734399684,-0.306745375939323,-0.24292387305028848,-0.17373302543235986,-0.0720601805444786,0.0452922840539539,0.26852534939052886,2.828450166075369,train_oof,0.5483517567913296
RFEXGB_LR_SMOTE,RFEXGB,supervised,LR,SMOTE,338,pred_anomaly,96,96,0.0,0.19750282565289912,-0.0765002859991793,1.3968238482335087,-0.3162070974340818,-0.29341296466430494,-0.17262299906868467,-0.0765002859991793,0.05427991686951738,0.5194088133732316,5.554911720885828,train_oof,0.5483517567913296
RFEXGB_LR_SMOTE,RFEXGB,supervised,LR,SMOTE,338,pred_normal,1157,1157,0.0,-0.01679042171114423,-0.0894068290951013,0.956064535190896,-0.3176581684568761,-0.27407065581253726,-0.1915292545532166,-0.0894068290951013,0.0433348182083332,0.29864565616056193,0.546404177107118,train_oof,0.5483517567913296
RFEXGB_LR_SMOTE,RFEXGB,supervised,LR,SMOTE,344,TP,23,23,0.0,-0.3718697892771342,-0.389581345608421,1.061360005782373,-2.1699610836320886,-2.00128416453244,-1.129862983701441,-0.389581345608421,0.27647639636864735,1.0224943694430246,1.8236722427808547,train_oof,0.5483517567913296
RFEXGB_LR_SMOTE,RFEXGB,supervised,LR,SMOTE,344,FP,73,73,0.0,-0.01605159708739349,-0.1069328676342609,1.2347386078534794,-2.1624462863174103,-1.8930083606455697,-0.8300396850170455,-0.1069328676342609,0.6855238357495959,2.121182261279953,3.362934479878013,train_oof,0.5483517567913296
RFEXGB_LR_SMOTE,RFEXGB,supervised,LR,SMOTE,344,TN,1097,1097,0.0,0.011064092333529675,0.0127229779687977,0.9831695528480167,-2.077733785086372,-1.7766518449664286,-0.5870449182942544,0.0127229779687977,0.6117410265218687,1.6412642888507822,2.52378078981162,train_oof,0.5483517567913296
RFEXGB_LR_SMOTE,RFEXGB,supervised,LR,SMOTE,344,FN,60,60,0.0,-0.042451845734371586,0.09232262053498361,0.9285158074023672,-2.209976265588357,-1.8891185256500411,-0.500101179039133,0.09232262053498361,0.4057313953766888,1.3291043412613615,2.078214995052523,train_oof,0.5483517567913296
RFEXGB_LR_SMOTE,RFEXGB,supervised,LR,SMOTE,344,pred_anomaly,96,96,0.0,-0.10129970563285222,-0.19244307450265294,1.1998538802962535,-2.217619639730953,-1.9742769657250743,-0.8372983211213874,-0.19244307450265294,0.5036830092860585,1.9919708196021269,3.2091363036919462,train_oof,0.5483517567913296
RFEXGB_LR_SMOTE,RFEXGB,supervised,LR,SMOTE,344,pred_normal,1157,1157,0.0,0.008288849218513196,0.0140021299446484,0.9800992984957015,-2.0827961393025225,-1.7779883382377482,-0.5836375220827211,0.0140021299446484,0.6069662609568404,1.630391497056052,2.4966861455286664,train_oof,0.5483517567913296
RFEXGB_LR_SMOTE,RFEXGB,supervised,LR,SMOTE,348,TP,23,23,0.0,1.503110211368745,0.7574114111508847,3.5761788202663656,-0.8210067336093592,-0.7637012100980596,-0.17603550156858475,0.7574114111508847,1.3661811368374952,7.1397532152493035,14.048559078121528,train_oof,0.5483517567913296
RFEXGB_LR_SMOTE,RFEXGB,supervised,LR,SMOTE,348,FP,73,73,0.0,0.17221413876939942,-0.127333923513656,1.2781609831129865,-1.0757159868366373,-0.958507522317775,-0.6305835634145873,-0.127333923513656,0.5707220286069911,1.7476768316011047,4.561329334427866,train_oof,0.5483517567913296
RFEXGB_LR_SMOTE,RFEXGB,supervised,LR,SMOTE,348,TN,1097,1097,0.0,-0.05455876462390147,-0.1922693609202277,0.8147500436754499,-1.06922244309598,-0.9016890145870246,-0.5331804073047296,-0.1922693609202277,0.1567586151400958,1.3694279087078247,3.038593327243752,train_oof,0.5483517567913296
RFEXGB_LR_SMOTE,RFEXGB,supervised,LR,SMOTE,348,FN,60,60,0.0,0.1482358389804831,-0.11921699383783445,0.9292923806668539,-1.13423904979931,-1.0368358936894522,-0.36475411653143397,-0.11921699383783445,0.7675575732456619,1.7050629508030413,2.49021355834525,train_oof,0.5483517567913296
RFEXGB_LR_SMOTE,RFEXGB,supervised,LR,SMOTE,348,pred_anomaly,96,96,0.0,0.4910746561629926,0.07153085354397021,2.127425699765094,-1.0701153053603203,-0.9309099614199818,-0.5210050127909975,0.07153085354397021,0.7452360166371527,2.3889142759909996,8.528965729266133,train_oof,0.5483517567913296
RFEXGB_LR_SMOTE,RFEXGB,supervised,LR,SMOTE,348,pred_normal,1157,1157,0.0,-0.04404219053897228,-0.1841524312444063,0.821865534839779,-1.0841575936994916,-0.914676102068339,-0.5250634776289083,-0.1841524312444063,0.1729924744917386,1.4343633461143965,3.0418400991140815,train_oof,0.5483517567913296
RFEXGB_LR_SMOTE,RFEXGB,supervised,LR,SMOTE,349,TP,23,23,0.0,0.010145901031772016,0.0698114887931046,0.8080186034647867,-1.1014157120746566,-1.0451891824967898,-0.5925179697936276,0.0698114887931046,0.2842346948103873,1.535513225924606,2.171158907762522,train_oof,0.5483517567913296
RFEXGB_LR_SMOTE,RFEXGB,supervised,LR,SMOTE,349,FP,73,73,0.0,-0.038281305473144754,-0.1303168368230303,0.8931051992985893,-1.4686988391816016,-1.191949954615289,-0.6639923717993903,-0.1303168368230303,0.2413500536069249,1.7489834399151503,2.626498498140566,train_oof,0.5483517567913296
RFEXGB_LR_SMOTE,RFEXGB,supervised,LR,SMOTE,349,TN,1097,1097,0.0,-0.002900124471136654,-0.1303168368230303,1.0092272956817847,-1.6745451169581973,-1.245317508112925,-0.5305734880553001,-0.1303168368230303,0.3080594954789795,1.4383080391967715,3.883685579820572,train_oof,0.5483517567913296
RFEXGB_LR_SMOTE,RFEXGB,supervised,LR,SMOTE,349,FN,60,60,0.0,0.04408070407103004,-0.14937667735790025,0.9063922332896392,-1.716095569324214,-0.9551314359695294,-0.4471866857152441,-0.14937667735790025,0.37000397721730693,1.3029831713991926,3.073165861075237,train_oof,0.5483517567913296
RFEXGB_LR_SMOTE,RFEXGB,supervised,LR,SMOTE,349,pred_anomaly,96,96,0.0,-0.026678953914675105,-0.0826672354858553,0.8695706287992436,-1.4182855609668703,-1.1381059051042814,-0.6496974913982376,-0.0826672354858553,0.26517485427551246,1.737547535594229,2.5695095749413035,train_oof,0.5483517567913296
RFEXGB_LR_SMOTE,RFEXGB,supervised,LR,SMOTE,349,pred_normal,1157,1157,0.0,-0.0004637807265126219,-0.1398467570904653,1.0038491573090373,-1.6783570850651712,-1.237693571898977,-0.5210435677878652,-0.1398467570904653,0.3080594954789795,1.4383080391967715,4.047219011609799,train_oof,0.5483517567913296
RFEXGB_LR_SMOTE,RFEXGB,supervised,LR,SMOTE,353,TP,23,23,0.0,0.10273049312533158,0.2609151877775846,0.9897333446531638,-1.6077807258740657,-1.4747393637728434,-0.47183177781822777,0.2609151877775846,0.6782623725299817,1.2249553259919002,2.2701710845687453,train_oof,0.5483517567913296
RFEXGB_LR_SMOTE,RFEXGB,supervised,LR,SMOTE,353,FP,73,73,0.0,0.003340882182201179,0.1079940819141103,0.8188579982304159,-1.6786341715908084,-1.473465021223981,-0.5482923307499645,0.1079940819141103,0.5412705485272862,1.2268668398151938,1.6792584446613041,train_oof,0.5483517567913296
RFEXGB_LR_SMOTE,RFEXGB,supervised,LR,SMOTE,353,TN,1097,1097,0.0,0.004467542260618771,0.1079940819141103,1.0087881776715402,-2.045899694172918,-1.7652894649134436,-0.6311245964260128,0.1079940819141103,0.6368462396919574,1.4243899348888485,2.0776179254356526,train_oof,0.5483517567913296
RFEXGB_LR_SMOTE,RFEXGB,supervised,LR,SMOTE,353,FN,60,60,0.0,-0.09398921208056109,-0.0289977420885848,0.9277993869065245,-1.8054312552026055,-1.61810290051985,-0.7983820559641874,-0.0289977420885848,0.5524210458298311,1.045273026602318,2.2704259530785142,train_oof,0.5483517567913296
RFEXGB_LR_SMOTE,RFEXGB,supervised,LR,SMOTE,353,pred_anomaly,96,96,0.0,0.02715297647065949,0.1557819274964462,0.8584036570285944,-1.6528287349763473,-1.4801553196055082,-0.5642216126107431,0.1557819274964462,0.5779078968070769,1.2469377349597748,1.9191534294846266,train_oof,0.5483517567913296
RFEXGB_LR_SMOTE,RFEXGB,supervised,LR,SMOTE,353,pred_normal,1157,1157,0.0,-0.0006382531244035254,0.0888789436811765,1.0046120651995833,-2.038508507389517,-1.7652894649134436,-0.6374963091703244,0.0888789436811765,0.6304745269476463,1.415469537046812,2.085263980728828,train_oof,0.5483517567913296
RFEXGB_LR_SMOTE,RFEXGB,supervised,LR,SMOTE,354,TP,23,23,0.0,0.06095514685982529,0.2536341131578123,0.9678016684957018,-1.822570525701123,-1.5606060444230812,-0.5177393594276446,0.2536341131578123,0.6922582446279744,1.402375588508115,1.5664815135581593,train_oof,0.5483517567913296
RFEXGB_LR_SMOTE,RFEXGB,supervised,LR,SMOTE,354,FP,73,73,0.0,-0.08129073734833614,0.1401968377775984,0.9946899876355821,-2.409873112769619,-1.6006872150574236,-0.9336760358217638,0.1401968377775984,0.5183210890449792,1.260957118534112,2.2564826472708766,train_oof,0.5483517567913296
RFEXGB_LR_SMOTE,RFEXGB,supervised,LR,SMOTE,354,TN,1097,1097,0.0,0.010913177453136191,0.1855717479296838,0.9831058628926433,-2.40140312954123,-1.806386807746879,-0.4723644492755589,0.1855717479296838,0.6166333943744985,1.2639821125442556,2.0622780318199476,train_oof,0.5483517567913296
RFEXGB_LR_SMOTE,RFEXGB,supervised,LR,SMOTE,354,FN,60,60,0.0,-0.1058360083803777,0.0456657749607528,1.1907618206658737,-2.189124174879722,-1.9205803316296282,-1.0017384010498924,0.0456657749607528,0.6015084243238029,1.3653194118839111,3.1462846353532705,train_oof,0.5483517567913296
RFEXGB_LR_SMOTE,RFEXGB,supervised,LR,SMOTE,354,pred_anomaly,96,96,0.0,-0.04721099425679743,0.14775932280294596,0.9851387944477645,-2.3402982505364207,-1.5972840967960173,-0.7635201227514422,0.14775932280294596,0.5788209692477599,1.4617410959570944,2.2077802437076373,train_oof,0.5483517567913296
RFEXGB_LR_SMOTE,RFEXGB,supervised,LR,SMOTE,354,pred_normal,1157,1157,0.0,0.004858768507578001,0.1780092629043365,0.994671436193977,-2.407453117561508,-1.8184867837874352,-0.5026143893769492,0.1780092629043365,0.6166333943744985,1.2821320766050883,2.1013004545507443,train_oof,0.5483517567913296
RFEXGB_LR_SMOTE,RFEXGB,supervised,LR,SMOTE,377,TP,23,23,0.0,-0.6592271010774361,-0.7984518405511466,0.706880430406612,-1.8658415098495904,-1.8444937164636215,-1.1186687413406795,-0.7984518405511466,-0.1580180389720797,0.6318503163087682,0.6958936964666758,train_oof,0.5483517567913296
RFEXGB_LR_SMOTE,RFEXGB,supervised,LR,SMOTE,377,FP,73,73,0.0,-0.22235385465582164,-0.3714959728317686,0.9117594345647557,-1.8658415098495904,-1.6523635759899018,-0.7984518405511466,-0.3714959728317686,0.2689378287472977,1.4217186715896162,2.036535121105522,train_oof,0.5483517567913296
RFEXGB_LR_SMOTE,RFEXGB,supervised,LR,SMOTE,377,TN,1097,1097,0.0,0.03612419395557627,0.0554598948876092,1.0161680223954812,-1.8658415098495904,-1.438885642130213,-0.5849739066914577,0.0554598948876092,0.6958936964666758,1.549805431905431,2.4122562846985667,train_oof,0.5483517567913296
RFEXGB_LR_SMOTE,RFEXGB,supervised,LR,SMOTE,377,FN,60,60,0.0,-0.1544600734077516,-0.1580180389720797,0.7421072492222971,-1.438885642130213,-1.2360816049635084,-0.5849739066914577,-0.1580180389720797,0.0554598948876092,1.3363274980457427,1.8508093186475916,train_oof,0.5483517567913296
RFEXGB_LR_SMOTE,RFEXGB,supervised,LR,SMOTE,377,pred_anomaly,96,96,0.0,-0.3270214032776668,-0.3714959728317686,0.8836823012794908,-1.8658415098495904,-1.6523635759899018,-0.8518213240160687,-0.3714959728317686,0.10882937835253133,1.1762190476509755,1.9874351963177928,train_oof,0.5483517567913296
RFEXGB_LR_SMOTE,RFEXGB,supervised,LR,SMOTE,377,pred_normal,1157,1157,0.0,0.02624082659014872,0.0554598948876092,1.0044390216023997,-1.7462938668881647,-1.438885642130213,-0.5849739066914577,0.0554598948876092,0.4824157626069867,1.549805431905431,2.403717167344187,train_oof,0.5483517567913296
RFEXGB_LR_SMOTE,RFEXGB,supervised,LR,SMOTE,405,TP,23,23,0.0,0.1202209870664885,0.039082730656557,1.1062464025970278,-1.6302662522172295,-1.543920615172034,-0.6201151435594543,0.039082730656557,1.1114398358952797,1.6044455699920426,1.8129749256947418,train_oof,0.5483517567913296
RFEXGB_LR_SMOTE,RFEXGB,supervised,LR,SMOTE,405,FP,73,73,0.0,-0.025527055201389016,-0.1001844258679525,1.044897259723984,-1.650692101840824,-1.557847330824485,-1.0657700444378844,-0.1001844258679525,0.8932546240068812,1.6731507005441344,1.7938489028653757,train_oof,0.5483517567913296
RFEXGB_LR_SMOTE,RFEXGB,supervised,LR,SMOTE,405,TN,1097,1097,0.0,0.0015752164923216144,-0.0723309945630507,0.9856717521349353,-1.5207094224179487,-1.3443043574869034,-0.945071842116643,-0.0723309945630507,0.7632719445840058,1.7214299814726313,2.0445297846094923,train_oof,0.5483517567913296
RFEXGB_LR_SMOTE,RFEXGB,supervised,LR,SMOTE,405,FN,60,60,0.0,-0.056392642205245584,-0.12803785717285435,1.1351531428730095,-1.6013915284311475,-1.567131807926118,-1.19575272386076,-0.12803785717285435,0.8630800734265711,1.7107528328057515,1.7288575631539378,train_oof,0.5483517567913296
RFEXGB_LR_SMOTE,RFEXGB,supervised,LR,SMOTE,405,pred_anomaly,96,96,0.0,0.009391746591956655,-0.06304651746141665,1.0558361466077884,-1.650692101840824,-1.557847330824485,-0.9473929613920513,-0.06304651746141665,0.9141446974855576,1.6731507005441344,1.797562693706029,train_oof,0.5483517567913296
RFEXGB_LR_SMOTE,RFEXGB,supervised,LR,SMOTE,405,pred_normal,1157,1157,0.0,-0.001430895453965361,-0.0723309945630507,0.9935059185288149,-1.567131807926118,-1.381442265893439,-0.9543563192182768,-0.0723309945630507,0.7632719445840058,1.7195730860523042,2.0445297846094923,train_oof,0.5483517567913296
RFEXGB_LR_SMOTE,RFEXGB,supervised,LR,SMOTE,406,TP,23,23,0.0,0.12033378951222336,-0.4106377114275687,1.147284809074457,-0.935102775285371,-0.8562475085444647,-0.6602766486654522,-0.4106377114275687,0.6453719753366294,2.5981748842249277,2.60954929163277,train_oof,0.5483517567913296
RFEXGB_LR_SMOTE,RFEXGB,supervised,LR,SMOTE,406,FP,73,73,0.0,-0.044554993609833206,-0.2033267973189058,1.077314593678626,-1.5191025980348856,-1.280586378593194,-0.9879814306310988,-0.2033267973189058,0.7129916495529993,2.0891939896231397,2.4567239203068896,train_oof,0.5483517567913296
RFEXGB_LR_SMOTE,RFEXGB,supervised,LR,SMOTE,406,TN,1097,1097,0.0,-0.0010886763975546138,-0.2909975102349976,0.9866031305776397,-1.4697321733763395,-1.2522485120112794,-0.7506640669997755,-0.2909975102349976,0.6552923318961074,2.076672606714853,2.334461660207431,train_oof,0.5483517567913296
RFEXGB_LR_SMOTE,RFEXGB,supervised,LR,SMOTE,406,FN,60,60,0.0,0.014738180581883425,-0.18085701444037133,1.0646733453421855,-1.4717705787965998,-1.2643492437580346,-0.8541267256050711,-0.18085701444037133,0.9852318231573961,1.7340224395225854,2.436772435715396,train_oof,0.5483517567913296
RFEXGB_LR_SMOTE,RFEXGB,supervised,LR,SMOTE,406,pred_anomaly,96,96,0.0,-0.00505038932017383,-0.3033716652367488,1.0906153289074842,-1.4785483206367942,-1.2580920577302368,-0.8562475085444647,-0.3033716652367488,0.6697171613103303,2.3246114121748755,2.62194167485152,train_oof,0.5483517567913296
RFEXGB_LR_SMOTE,RFEXGB,supervised,LR,SMOTE,406,pred_normal,1157,1157,0.0,-0.00026792322662437854,-0.2909975102349976,0.990317854943269,-1.4697321733763395,-1.2560063290543042,-0.7625825165765332,-0.2909975102349976,0.6931509364340439,2.076672606714853,2.334461660207431,train_oof,0.5483517567913296
RFEXGB_LR_SMOTE,RFEXGB,supervised,LR,SMOTE,412,TP,23,23,0.0,-0.09986061180606731,-0.4188859466898104,0.9879040376957593,-1.150436095164342,-1.075500477104685,-0.8045268761270579,-0.4188859466898104,0.22996234543092559,1.5486390362574676,2.478702173398046,train_oof,0.5483517567913296
RFEXGB_LR_SMOTE,RFEXGB,supervised,LR,SMOTE,412,FP,73,73,0.0,0.004670571576586757,-0.3366056554809871,1.0430467256024056,-1.1435999819012597,-0.961369491068693,-0.6310844631741261,-0.3366056554809871,0.4845506853667068,1.7698652684162914,3.9028536053486724,train_oof,0.5483517567913296
RFEXGB_LR_SMOTE,RFEXGB,supervised,LR,SMOTE,412,TN,1097,1097,0.0,-0.0006288306602550837,-0.2331827459327347,0.9945246535958019,-1.2219300038915757,-1.071026844949201,-0.6827235117210624,-0.2331827459327347,0.3942574383488765,1.9200744002624994,3.7698102200391803,train_oof,0.5483517567913296
RFEXGB_LR_SMOTE,RFEXGB,supervised,LR,SMOTE,412,FN,60,60,0.0,0.06003360108558702,-0.09428078506146775,1.0309632069857184,-1.199142798778575,-1.1361527600806958,-0.7222264720773487,-0.09428078506146775,0.3815126015074078,1.516604107807781,3.243764980967839,train_oof,0.5483517567913296
RFEXGB_LR_SMOTE,RFEXGB,supervised,LR,SMOTE,412,pred_anomaly,96,96,0.0,-0.02037335777550747,-0.35273883558372754,1.0259488400239256,-1.1740142444494674,-1.0032953783237202,-0.6747159193362914,-0.35273883558372754,0.46666634725081985,1.692542658400281,3.792152690014509,train_oof,0.5483517567913296
RFEXGB_LR_SMOTE,RFEXGB,supervised,LR,SMOTE,412,pred_normal,1157,1157,0.0,0.002517017139875007,-0.2323460517518746,0.9960781515899835,-1.2219300038915757,-1.07578205687709,-0.6860702884445032,-0.2323460517518746,0.3942574383488765,1.9200744002624994,3.7680872736375184,train_oof,0.5483517567913296
RFEXGB_LR_SMOTE,RFEXGB,supervised,LR,SMOTE,416,TP,23,23,0.0,-0.15486259050811774,-0.4415347746160978,0.8702428310655809,-1.1647504232326675,-1.1402580499832964,-0.789479465388677,-0.4415347746160978,0.4751208808978219,1.4726614149757893,1.6939449241106728,train_oof,0.5483517567913296
RFEXGB_LR_SMOTE,RFEXGB,supervised,LR,SMOTE,416,FP,73,73,0.0,-0.32777995823045786,-0.6040377769988489,0.7355634382222198,-1.179635301902141,-1.179635301902141,-0.8436306183168315,-0.6040377769988489,0.0695569853169686,1.0046428593938093,1.7125693535788806,train_oof,0.5483517567913296
RFEXGB_LR_SMOTE,RFEXGB,supervised,LR,SMOTE,416,TN,1097,1097,0.0,0.03542660437408504,-0.1320854597128472,1.0258538087266744,-2.1572295833095927,-1.1513954508783095,-0.6981706137449543,-0.1320854597128472,0.6451545102202609,1.7224305113820095,2.4209952472346887,train_oof,0.5483517567913296
RFEXGB_LR_SMOTE,RFEXGB,supervised,LR,SMOTE,416,FN,60,60,0.0,-0.22977057245616125,-0.4082910201652363,0.7675209399876991,-1.3253321248738321,-1.1052455890735742,-0.8936201089888424,-0.4082910201652363,0.4107885185216015,0.9840674030250421,1.7080232330000262,train_oof,0.5483517567913296
RFEXGB_LR_SMOTE,RFEXGB,supervised,LR,SMOTE,416,pred_anomaly,96,96,0.0,-0.28635183888031385,-0.6040377769988489,0.7687303260475751,-1.179635301902141,-1.1733928085179257,-0.8447701210774423,-0.6040377769988489,0.1139480493825005,1.0718982940689878,1.7404643811586322,train_oof,0.5483517567913296
RFEXGB_LR_SMOTE,RFEXGB,supervised,LR,SMOTE,416,pred_normal,1157,1157,0.0,0.02167394178997547,-0.149822067899745,1.0155202589402614,-2.1328229019092366,-1.1513954508783095,-0.70768298461614,-0.149822067899745,0.6257334196915911,1.7224305113820095,2.420828780744443,train_oof,0.5483517567913296
RFEXGB_LR_SMOTE,RFEXGB,supervised,LR,SMOTE,419,TP,23,23,0.0,-0.08160321385426826,0.0651472968356543,0.7562831193641735,-0.9583445383293242,-0.9583445383293242,-0.9583445383293242,0.0651472968356543,0.3018200634055722,1.1435199142322485,1.3821851409642065,train_oof,0.5483517567913296
RFEXGB_LR_SMOTE,RFEXGB,supervised,LR,SMOTE,419,FP,73,73,0.0,0.13599749556492605,0.2051872629381436,0.9904180168819827,-0.9583445383293242,-0.9583445383293242,-0.9583445383293242,0.2051872629381436,0.8669973948632783,1.708792075023351,2.046927380001819,train_oof,0.5483517567913296
RFEXGB_LR_SMOTE,RFEXGB,supervised,LR,SMOTE,419,TN,1097,1097,0.0,-0.015318788262434543,-0.1513050836380405,1.0050844913619288,-0.9583445383293242,-0.9583445383293242,-0.9583445383293242,-0.1513050836380405,0.8657764595630503,1.7993772309261453,2.043774906127401,train_oof,0.5483517567913296
RFEXGB_LR_SMOTE,RFEXGB,supervised,LR,SMOTE,419,FN,60,60,0.0,0.14877108103762876,0.13328336359031065,0.9879133906251927,-0.9583445383293242,-0.9583445383293242,-0.9583445383293242,0.13328336359031065,0.8181882240432756,1.8918099101553378,1.9659999352885846,train_oof,0.5483517567913296
RFEXGB_LR_SMOTE,RFEXGB,supervised,LR,SMOTE,419,pred_anomaly,96,96,0.0,0.08386399226657738,0.1531066938330839,0.9405381969180527,-0.9583445383293242,-0.9583445383293242,-0.9583445383293242,0.1531066938330839,0.7344515717663891,1.6699770641279663,2.042853559467509,train_oof,0.5483517567913296
RFEXGB_LR_SMOTE,RFEXGB,supervised,LR,SMOTE,419,pred_normal,1157,1157,0.0,-0.006809374124142583,-0.1284043797121845,1.004439836263996,-0.9583445383293242,-0.9583445383293242,-0.9583445383293242,-0.1284043797121845,0.8657764595630503,1.8084855487085163,2.0433543841356228,train_oof,0.5483517567913296
RFEXGB_LR_SMOTE,RFEXGB,supervised,LR,SMOTE,423,TP,23,23,0.0,0.020642106152170745,-0.3941855930708989,0.9841916181038775,-1.1364744115507932,-0.9783711271587896,-0.6344042620384094,-0.3941855930708989,0.6627448276797622,1.7237869992195074,2.4110045893636363,train_oof,0.5483517567913296
RFEXGB_LR_SMOTE,RFEXGB,supervised,LR,SMOTE,423,FP,73,73,0.0,0.24262738860426225,0.1291048508254387,1.015004267343944,-1.3158291639862938,-1.1459362577768508,-0.5020000911354372,0.1291048508254387,0.6809853838509257,1.964753286969218,2.704004961338809,train_oof,0.5483517567913296
RFEXGB_LR_SMOTE,RFEXGB,supervised,LR,SMOTE,423,TN,1097,1097,0.0,-0.03191726826897014,-0.2603859281130261,0.9917825162922255,-1.3783293621157047,-1.1322381491391484,-0.6778811462166161,-0.2603859281130261,0.4043725349576234,1.7375088998869992,3.5329209873149647,train_oof,0.5483517567913296
RFEXGB_LR_SMOTE,RFEXGB,supervised,LR,SMOTE,423,FN,60,60,0.0,0.273487444486509,-0.04247381220232465,1.063352766811031,-1.0321535900450782,-0.8610507981156869,-0.5646104951669324,-0.04247381220232466,0.9684396201641872,2.415677222003682,3.405257195331732,train_oof,0.5483517567913296
RFEXGB_LR_SMOTE,RFEXGB,supervised,LR,SMOTE,423,pred_anomaly,96,96,0.0,0.1894434146834487,0.00140113093580475,1.0070728566286198,-1.3029920218009112,-1.139970406307391,-0.6042638781477224,0.00140113093580475,0.6989384529954783,1.9644403302696927,2.6702944918705476,train_oof,0.5483517567913296
RFEXGB_LR_SMOTE,RFEXGB,supervised,LR,SMOTE,423,pred_normal,1157,1157,0.0,-0.016079513069896044,-0.2566341080309973,0.9974360814354061,-1.3672343455576794,-1.1256331156386405,-0.6667446461194728,-0.2566341080309973,0.4345365583650874,1.75313538304166,3.5515300149218305,train_oof,0.5483517567913296
RFEXGB_LR_SMOTE,RFEXGB,supervised,LR,SMOTE,428,TP,23,23,0.0,-0.06728785004046375,-0.0432450611141641,0.1223052328267624,-0.254183015333985,-0.25241290662724525,-0.16191883064441398,-0.0432450611141641,0.01066676826271205,0.09689837877332608,0.13834886138669356,train_oof,0.5483517567913296
RFEXGB_LR_SMOTE,RFEXGB,supervised,LR,SMOTE,428,FP,73,73,0.0,-0.08474517442641386,-0.1099191557346949,0.12985265726918374,-0.2649819896367321,-0.25356675526571265,-0.2001509933906017,-0.1099191557346949,0.0266742328020561,0.08633126685796787,0.18378864454839897,train_oof,0.5483517567913296
RFEXGB_LR_SMOTE,RFEXGB,supervised,LR,SMOTE,428,TN,1097,1097,0.0,0.012100295242397037,-0.1571766875658643,1.0652235542626445,-0.2797403256121596,-0.2633176503885185,-0.2174696495645678,-0.1571766875658643,-0.0613504322689035,0.17386086097623704,3.1337508534448837,train_oof,0.5483517567913296
RFEXGB_LR_SMOTE,RFEXGB,supervised,LR,SMOTE,428,FN,60,60,0.0,-0.08558354551592062,-0.10902863808284745,0.11785263595137953,-0.26131316617709016,-0.23780787080709892,-0.1839659716507359,-0.10902863808284745,0.0206482145812723,0.10672630640466602,0.13220330619522,train_oof,0.5483517567913296
RFEXGB_LR_SMOTE,RFEXGB,supervised,LR,SMOTE,428,pred_anomaly,96,96,0.0,-0.08056269045894662,-0.1044503939586255,0.12766988435119472,-0.2632378862307457,-0.254183015333985,-0.1950045662247102,-0.1044503939586255,0.0266742328020561,0.09237312864433675,0.16176630691716426,train_oof,0.5483517567913296
RFEXGB_LR_SMOTE,RFEXGB,supervised,LR,SMOTE,428,pred_normal,1157,1157,0.0,0.007034581806356366,-0.1559747619007941,1.0377789535262318,-0.2797403256121596,-0.26295051673082437,-0.2168577601350776,-0.1559747619007941,-0.0586187830301076,0.1503523837377801,2.957359739350335,train_oof,0.5483517567913296
RFEXGB_LR_SMOTE,RFEXGB,supervised,LR,SMOTE,433,TP,23,23,0.0,0.32035296944273256,0.0298745918100557,1.2676046387395972,-0.9137081353743344,-0.9137081353743344,-0.755701387132991,0.0298745918100557,0.8939813470547116,2.9442802022292396,3.3090660467157096,train_oof,0.5483517567913296
RFEXGB_LR_SMOTE,RFEXGB,supervised,LR,SMOTE,433,FP,73,73,0.0,0.11704154580215424,-0.1486962060222151,1.0756239283810478,-0.9137081353743344,-0.9137081353743344,-0.8635108580591327,-0.1486962060222151,0.5602538494113319,2.2247257883693865,3.2783825423636967,train_oof,0.5483517567913296
RFEXGB_LR_SMOTE,RFEXGB,supervised,LR,SMOTE,433,TN,1097,1097,0.0,-0.017659134149500582,-0.2460597173129554,0.986648506540007,-0.9137081353743344,-0.9137081353743344,-0.8690256667476531,-0.2460597173129554,0.3993834950686357,2.148042244757643,3.166426783110155,train_oof,0.5483517567913296
RFEXGB_LR_SMOTE,RFEXGB,supervised,LR,SMOTE,433,FN,60,60,0.0,0.052310067001746896,-0.2627564412174112,1.03051719682002,-0.9137081353743344,-0.9137081353743344,-0.8365666814205646,-0.2627564412174112,0.5162311874457376,2.4340209352975326,3.138656469781996,train_oof,0.5483517567913296
RFEXGB_LR_SMOTE,RFEXGB,supervised,LR,SMOTE,433,pred_anomaly,96,96,0.0,0.16575157438270943,-0.10023431061014546,1.1209705703875463,-0.9137081353743344,-0.9137081353743344,-0.8306260488783395,-0.10023431061014546,0.7356904526228489,2.829567458919243,3.3970703541725418,train_oof,0.5483517567913296
RFEXGB_LR_SMOTE,RFEXGB,supervised,LR,SMOTE,433,pred_normal,1157,1157,0.0,-0.014030653536644193,-0.2463277072787254,0.9886306046786101,-0.9137081353743344,-0.9137081353743344,-0.8683934273511736,-0.2463277072787254,0.408978710841369,2.1620897997255986,3.170773191701708,train_oof,0.5483517567913296
RFEXGB_LR_SMOTE,RFEXGB,supervised,LR,SMOTE,460,TP,23,23,0.0,0.2730853945173936,-0.0117085088857422,1.1088700941041023,-1.0382858890987696,-0.8724726516747411,-0.4798032902474457,-0.0117085088857422,0.8283147945349089,2.0387389808502023,3.3206854950279983,train_oof,0.5483517567913296
RFEXGB_LR_SMOTE,RFEXGB,supervised,LR,SMOTE,460,FP,73,73,0.0,0.22079894306067954,-0.1361476038642715,1.284542784587514,-1.2975445988336507,-1.0422893879840063,-0.5835966055625522,-0.1361476038642715,0.6495431369601203,2.671626444585091,3.8960804036318146,train_oof,0.5483517567913296
RFEXGB_LR_SMOTE,RFEXGB,supervised,LR,SMOTE,460,TN,1097,1097,0.0,-0.028578198625333142,-0.2256374042039275,0.9749169217825213,-1.4195593742750119,-1.1613962276393925,-0.6938881428940238,-0.2256374042039275,0.4056927142088666,1.7985802908581898,3.09408514104329,train_oof,0.5483517567913296
RFEXGB_LR_SMOTE,RFEXGB,supervised,LR,SMOTE,460,FN,60,60,0.0,0.14455392650264512,-0.15435376531926454,0.9836908196754527,-1.3051282838556293,-1.0719840346369607,-0.3923873510484409,-0.15435376531926454,0.464629731262436,2.199096533865474,3.2323115322402924,train_oof,0.5483517567913296
RFEXGB_LR_SMOTE,RFEXGB,supervised,LR,SMOTE,460,pred_anomaly,96,96,0.0,0.23332590538885065,-0.11882520060350404,1.2392802227367241,-1.2476577112813187,-1.033795283491186,-0.5767753290802308,-0.11882520060350404,0.6957492087661995,2.662458381637431,3.8121271627154827,train_oof,0.5483517567913296
RFEXGB_LR_SMOTE,RFEXGB,supervised,LR,SMOTE,460,pred_normal,1157,1157,0.0,-0.019599868886630723,-0.2228895846084361,0.9757012741172052,-1.4262123653734582,-1.1593479880598345,-0.6778319646090168,-0.2228895846084361,0.4062199985096227,1.8022118686479074,3.134741582716614,train_oof,0.5483517567913296
RFEXGB_LR_SMOTE,RFEXGB,supervised,LR,SMOTE,471,TP,23,23,0.0,0.2857308797858027,-0.2436223414418058,2.0968344287122282,-0.46724810762296304,-0.4382777310806181,-0.31344607158642457,-0.2436223414418058,-0.15309899750862277,0.5161951756801552,7.767323110797403,train_oof,0.5483517567913296
RFEXGB_LR_SMOTE,RFEXGB,supervised,LR,SMOTE,471,FP,73,73,0.0,0.30973806859278696,-0.1981086228395703,1.9366400111240638,-0.5637628044475407,-0.5155747575066019,-0.3231873334505031,-0.1981086228395703,-0.017979293899332,2.1289857381819286,10.758688332852383,train_oof,0.5483517567913296
RFEXGB_LR_SMOTE,RFEXGB,supervised,LR,SMOTE,471,TN,1097,1097,0.0,-0.039665575150372764,-0.2194985265131413,0.7819480957002888,-0.5981726652837404,-0.5077399673117728,-0.3604902355258137,-0.2194985265131413,0.0045459549798424,1.1855338544009935,1.880164209542787,train_oof,0.5483517567913296
RFEXGB_LR_SMOTE,RFEXGB,supervised,LR,SMOTE,471,FN,60,60,0.0,0.21408768819580726,-0.1702654170173486,1.8280390866135423,-0.584259872651425,-0.5555561659909724,-0.3357079203778992,-0.1702654170173486,0.1157507471782998,1.631392999403155,6.664500549815431,train_oof,0.5483517567913296
RFEXGB_LR_SMOTE,RFEXGB,supervised,LR,SMOTE,471,pred_anomaly,96,96,0.0,0.30398634627444704,-0.21665562211831,1.9649003404776382,-0.5536456070789827,-0.4826556503391678,-0.3234938766560161,-0.21665562211831,-0.032713803977655075,2.0810764411958727,10.537281939479136,train_oof,0.5483517567913296
RFEXGB_LR_SMOTE,RFEXGB,supervised,LR,SMOTE,471,pred_normal,1157,1157,0.0,-0.026506373939680628,-0.2155929390058651,0.8680040713364559,-0.599253513919475,-0.5110388263411746,-0.3590551591859308,-0.2155929390058651,0.0056449691388667,1.1961425200021527,1.8963751225264782,train_oof,0.5483517567913296
RFEXGB_LR_SMOTE,RFEXGB,supervised,LR,SMOTE,477,TP,23,23,0.0,0.11869603449400006,0.0512716694760154,0.28560148650184036,-0.24245023598335602,-0.18329903501324693,-0.09312574523658615,0.0512716694760154,0.23234956501306633,0.6298722910735318,0.6869890397858885,train_oof,0.5483517567913296
RFEXGB_LR_SMOTE,RFEXGB,supervised,LR,SMOTE,477,FP,73,73,0.0,0.5767115150702263,-0.1022694004493186,3.3428238570035838,-0.34181605299385737,-0.31523849517551494,-0.2118432947062894,-0.1022694004493186,0.1492097883103194,2.0271304318854315,15.896436261305679,train_oof,0.5483517567913296
RFEXGB_LR_SMOTE,RFEXGB,supervised,LR,SMOTE,477,TN,1097,1097,0.0,-0.05496900463129225,-0.1079770173549027,0.4191294326021769,-0.36541329969105213,-0.31550138077642137,-0.2040978733104581,-0.1079770173549027,0.009527553251558,0.3024509216440154,0.7613020354633037,train_oof,0.5483517567913296
RFEXGB_LR_SMOTE,RFEXGB,supervised,LR,SMOTE,477,FN,60,60,0.0,0.25341790515952894,-0.04061919837099645,1.915207957670938,-0.3551447940430322,-0.25464821608205507,-0.1776020041050148,-0.04061919837099645,0.186933430957157,0.6080382304519462,6.405609472100759,train_oof,0.5483517567913296
RFEXGB_LR_SMOTE,RFEXGB,supervised,LR,SMOTE,477,pred_anomaly,96,96,0.0,0.4669786395155054,-0.06340555767103309,2.920031308363235,-0.3410815612109224,-0.3035797834252523,-0.20106763156846716,-0.06340555767103309,0.1710081211908423,0.6491643890809845,12.986809961676306,train_oof,0.5483517567913296
RFEXGB_LR_SMOTE,RFEXGB,supervised,LR,SMOTE,477,pred_normal,1157,1157,0.0,-0.038976597900566866,-0.1067066976726707,0.598699036129136,-0.3651595886211842,-0.3154413934580937,-0.2024746870498283,-0.1067066976726707,0.014458863684667,0.31387497711964363,0.7679288698056155,train_oof,0.5483517567913296
RFEXGB_LR_SMOTE,RFEXGB,supervised,LR,SMOTE,480,TP,23,23,0.0,-0.15948284656449016,-0.4230521880128791,0.9436803910913942,-1.4720534986716725,-1.4339416019170796,-0.6696980778649855,-0.4230521880128791,0.2079465430760168,1.6704926517210081,1.690301499302039,train_oof,0.5483517567913296
RFEXGB_LR_SMOTE,RFEXGB,supervised,LR,SMOTE,480,FP,73,73,0.0,0.0978828096647794,-0.2843064301916071,1.2957882652322021,-1.6967651706749924,-1.5161175623973826,-0.7368825378825414,-0.2843064301916071,0.7187262828713865,2.48194923577843,3.425579395601641,train_oof,0.5483517567913296
RFEXGB_LR_SMOTE,RFEXGB,supervised,LR,SMOTE,480,TN,1097,1097,0.0,-0.0014822523960467643,-0.116197077096097,0.9805018594076388,-1.7037083866881209,-1.4752822198826094,-0.6268244586141004,-0.116197077096097,0.4970532997548703,1.8502984112624061,2.9557755003542803,train_oof,0.5483517567913296
RFEXGB_LR_SMOTE,RFEXGB,supervised,LR,SMOTE,480,FN,60,60,0.0,-0.02892930298621121,-0.1740419747110972,0.9536382422285237,-1.6087851908721815,-1.5213532853453142,-0.6559789075257718,-0.1740419747110972,0.5269487639246415,1.8120882018666549,2.0252703412900592,train_oof,0.5483517567913296
RFEXGB_LR_SMOTE,RFEXGB,supervised,LR,SMOTE,480,pred_anomaly,96,96,0.0,0.03622228785985026,-0.3495490147103668,1.221056567327339,-1.6951309203889513,-1.4844381213071767,-0.7229417555035222,-0.3495490147103668,0.5971734641132802,2.442482901639556,3.2273413316644612,train_oof,0.5483517567913296
RFEXGB_LR_SMOTE,RFEXGB,supervised,LR,SMOTE,480,pred_normal,1157,1157,0.0,-0.002905608519996533,-0.1187373051023684,0.9787428093005591,-1.7028876464987008,-1.4808197507272511,-0.6270239094499254,-0.1187373051023684,0.4989674737486907,1.8502984112624061,2.9353228143946066,train_oof,0.5483517567913296
RFEXGB_LR_SMOTE,RFEXGB,supervised,LR,SMOTE,484,TP,23,23,0.0,-0.3724346324928902,-0.4212884102733357,0.6532144388910464,-1.0153846670981137,-1.0153846670981137,-0.9756521179065665,-0.4212884102733357,-0.018120982882788246,0.896486666802228,1.2668928723974695,train_oof,0.5483517567913296
RFEXGB_LR_SMOTE,RFEXGB,supervised,LR,SMOTE,484,FP,73,73,0.0,-0.1497810820840236,-0.5831306950161965,1.0186492698869811,-1.0153846670981137,-1.0153846670981137,-0.8017073110879462,-0.5831306950161965,0.2467163457752772,1.9091736195047004,2.8570247732930314,train_oof,0.5483517567913296
RFEXGB_LR_SMOTE,RFEXGB,supervised,LR,SMOTE,484,TN,1097,1097,0.0,0.02264977327118031,-0.3103288128457427,1.000713608517029,-1.0153846670981137,-1.0153846670981137,-0.6390158844127106,-0.3103288128457427,0.4027311394540714,2.267351821347438,3.387971959539606,train_oof,0.5483517567913296
RFEXGB_LR_SMOTE,RFEXGB,supervised,LR,SMOTE,484,FN,60,60,0.0,-0.10624913650076145,-0.3620258334307922,0.9097976514337164,-1.0153846670981137,-1.0153846670981137,-0.7681846746617442,-0.3620258334307922,0.3078486450656819,1.7112726859911465,2.522556484871815,train_oof,0.5483517567913296
RFEXGB_LR_SMOTE,RFEXGB,supervised,LR,SMOTE,484,pred_anomaly,96,96,0.0,-0.20312516186948124,-0.5583376922985631,0.9457090659346169,-1.0153846670981137,-1.0153846670981137,-0.9557858433107929,-0.5583376922985631,0.06621117162914915,1.7958669947231996,2.6806990539530355,train_oof,0.5483517567913296
RFEXGB_LR_SMOTE,RFEXGB,supervised,LR,SMOTE,484,pred_normal,1157,1157,0.0,0.015965300854312116,-0.3145058523569226,0.9962499585095995,-1.0153846670981137,-1.0153846670981137,-0.6403892874265906,-0.3145058523569226,0.4027311394540714,2.2165831738410477,3.3832475289458204,train_oof,0.5483517567913296
RFEXGB_LR_SMOTE,RFEXGB,supervised,LR,SMOTE,486,TP,23,23,0.0,0.22028682064888747,0.0318911166726226,0.7389505160162186,-0.9722753893113698,-0.6290009660994385,-0.2608803348360708,0.0318911166726226,0.5596889523060418,1.5978461594839641,2.022003039757358,train_oof,0.5483517567913296
RFEXGB_LR_SMOTE,RFEXGB,supervised,LR,SMOTE,486,FP,73,73,0.0,0.3837768418964593,0.2446118994080052,0.9856383189832969,-1.0674901188596386,-1.0674901188596386,-0.4451568469838697,0.2446118994080052,1.220394112462195,2.0517321343634167,2.2032071285364827,train_oof,0.5483517567913296
RFEXGB_LR_SMOTE,RFEXGB,supervised,LR,SMOTE,486,TN,1097,1097,0.0,-0.039925801800305014,-0.2141751892369645,0.9942050084244383,-1.0674901188596386,-1.0674901188596386,-1.0674901188596386,-0.2141751892369645,0.6386379020964369,1.8724359334207026,2.2896491556217398,train_oof,0.5483517567913296
RFEXGB_LR_SMOTE,RFEXGB,supervised,LR,SMOTE,486,FN,60,60,0.0,0.1443014647691838,-0.13824733371221185,0.9731153720989766,-1.0674901188596386,-1.0674901188596386,-0.5731710746598158,-0.13824733371221185,0.8203096097628138,1.9142886567563544,2.1979381700813496,train_oof,0.5483517567913296
RFEXGB_LR_SMOTE,RFEXGB,supervised,LR,SMOTE,486,pred_anomaly,96,96,0.0,0.3446073576392285,0.197024545695945,0.931480431074552,-1.0674901188596386,-1.0674901188596386,-0.3336350002236225,0.197024545695945,0.9648274108059309,2.0470074101625766,2.2014454540273696,train_oof,0.5483517567913296
RFEXGB_LR_SMOTE,RFEXGB,supervised,LR,SMOTE,486,pred_normal,1157,1157,0.0,-0.030372097397392894,-0.2113254818115341,0.9935497944615633,-1.0674901188596386,-1.0674901188596386,-1.0674901188596386,-0.2113254818115341,0.647674114778175,1.894215090480171,2.2901773699206838,train_oof,0.5483517567913296
RFEXGB_LR_SMOTE,RFEXGB,supervised,LR,SMOTE,488,TP,23,23,0.0,-0.4363170681066887,-0.7656196443219225,0.9755400240953402,-1.395282106447686,-1.395282106447686,-1.395282106447686,-0.7656196443219225,0.23402247907078289,1.2396369293499376,1.4202029941607832,train_oof,0.5483517567913296
RFEXGB_LR_SMOTE,RFEXGB,supervised,LR,SMOTE,488,FP,73,73,0.0,-0.06739771157174468,-0.0374394402019498,0.9200431462487502,-1.395282106447686,-1.395282106447686,-0.7078183631825905,-0.0374394402019498,0.3693593399647833,1.5989354334814712,2.2091380000205896,train_oof,0.5483517567913296
RFEXGB_LR_SMOTE,RFEXGB,supervised,LR,SMOTE,488,TN,1097,1097,0.0,0.01556433106350507,0.0042586469188357,0.9943213183092077,-1.395282106447686,-1.395282106447686,-0.7871745541422387,0.0042586469188357,0.6306576183262909,1.8788983393789884,2.4057901498263,train_oof,0.5483517567913296
RFEXGB_LR_SMOTE,RFEXGB,supervised,LR,SMOTE,488,FN,60,60,0.0,-0.09588127149619056,-0.1592323186437368,1.0670657999830349,-1.395282106447686,-1.395282106447686,-1.0780700150741405,-0.1592323186437368,0.6369473271246645,1.9411514781516273,2.3133370607556514,train_oof,0.5483517567913296
RFEXGB_LR_SMOTE,RFEXGB,supervised,LR,SMOTE,488,pred_anomaly,96,96,0.0,-0.15578464074157503,-0.07164280681475635,0.9418000568794272,-1.395282106447686,-1.395282106447686,-0.9772001791008271,-0.07164280681475635,0.3598780562770002,1.4807328709622103,2.169735136833357,train_oof,0.5483517567913296
RFEXGB_LR_SMOTE,RFEXGB,supervised,LR,SMOTE,488,pred_normal,1157,1157,0.0,0.00978495668702993,-0.0033102708857174,0.9980401950531839,-1.395282106447686,-1.395282106447686,-0.8238252412110364,-0.0033102708857174,0.6306576183262909,1.9016500079475793,2.409455416921674,train_oof,0.5483517567913296
RFEXGB_LR_SMOTE,RFEXGB,supervised,LR,SMOTE,489,TP,23,23,0.0,0.3488246115317819,-0.1434085038078794,1.00134003427236,-0.7325334920583496,-0.52605072914097,-0.3383426509421483,-0.1434085038078794,0.6021772206400671,2.2199580222755935,2.240031609996438,train_oof,0.5483517567913296
RFEXGB_LR_SMOTE,RFEXGB,supervised,LR,SMOTE,489,FP,73,73,0.0,0.028306230449524628,-0.0201816786255802,0.9103098717170561,-1.2020520219895654,-1.2020520219895654,-0.6601702645004618,-0.0201816786255802,0.542166910087106,1.8203386181080823,2.2212731958320484,train_oof,0.5483517567913296
RFEXGB_LR_SMOTE,RFEXGB,supervised,LR,SMOTE,489,TN,1097,1097,0.0,-0.008205106202884302,-0.2264007503316643,0.9938516674076299,-1.2020520219895654,-1.2020520219895654,-0.7064566198903012,-0.2264007503316643,0.4741832295461977,2.103619700823689,2.9203920628753846,train_oof,0.5483517567913296
RFEXGB_LR_SMOTE,RFEXGB,supervised,LR,SMOTE,489,FN,60,60,0.0,-0.016880570376244724,-0.3508092755221912,1.087719624721354,-1.2020520219895654,-1.2020520219895654,-0.7684911018255987,-0.3508092755221912,0.1235579993177842,2.1760359762434316,2.7982600712176002,train_oof,0.5483517567913296
RFEXGB_LR_SMOTE,RFEXGB,supervised,LR,SMOTE,489,pred_anomaly,96,96,0.0,0.10509709258381543,-0.06997099383710645,0.9376316972022503,-1.2020520219895654,-1.2020520219895654,-0.4971277120983755,-0.06997099383710645,0.5647467398051306,2.1399338876812584,2.2513216002642342,train_oof,0.5483517567913296
RFEXGB_LR_SMOTE,RFEXGB,supervised,LR,SMOTE,489,pred_normal,1157,1157,0.0,-0.008655000628469111,-0.229819429747359,0.9984302006153594,-1.2020520219895654,-1.2020520219895654,-0.7092618266665894,-0.229819429747359,0.4733936552163759,2.1118376614214474,2.9095702103405787,train_oof,0.5483517567913296
RFEXGB_LR_SMOTE,RFEXGB,supervised,LR,SMOTE,510,TP,23,23,0.0,0.41124613890493616,0.1697321509225343,0.7638770356108158,-0.4676288473052768,-0.40148209301184634,-0.11127587860337596,0.1697321509225343,0.782440294082408,1.8393883798379205,1.9884769363831312,train_oof,0.5483517567913296
RFEXGB_LR_SMOTE,RFEXGB,supervised,LR,SMOTE,510,FP,73,73,0.0,0.4790633827846477,0.1777920353706084,1.291408906544057,-0.8850104909281461,-0.6732774319731075,-0.2708792612334257,0.1777920353706084,0.6727865683771216,2.769879885235432,5.675511271081028,train_oof,0.5483517567913296
RFEXGB_LR_SMOTE,RFEXGB,supervised,LR,SMOTE,510,TN,1097,1097,0.0,-0.07637016180521482,-0.2649240193866484,0.9000404864279506,-0.97723360880784,-0.8702150116848338,-0.5508863986951855,-0.2649240193866484,0.1567139605967182,1.2142398999787285,3.7084716799991346,train_oof,0.5483517567913296
RFEXGB_LR_SMOTE,RFEXGB,supervised,LR,SMOTE,510,FN,60,60,0.0,0.6404086112124043,0.18120218935992785,1.74209292507613,-0.9101363367280594,-0.717251670966006,-0.42823755988558837,0.18120218935992785,0.8331831480777725,4.29178519248597,6.660102640918833,train_oof,0.5483517567913296
RFEXGB_LR_SMOTE,RFEXGB,supervised,LR,SMOTE,510,pred_anomaly,96,96,0.0,0.4628155014384667,0.17399682145674106,1.1831922826313808,-0.8735238896392035,-0.6238242649853043,-0.24585366288373214,0.17399682145674106,0.7103529882420614,2.3622462182202746,5.516573250901421,train_oof,0.5483517567913296
RFEXGB_LR_SMOTE,RFEXGB,supervised,LR,SMOTE,510,pred_normal,1157,1157,0.0,-0.03919926605667796,-0.2556931307844692,0.9737586193932543,-0.9825636821305428,-0.8640340086768146,-0.5472810773468487,-0.2556931307844692,0.1864321471022482,1.3719884014790888,3.921162641451415,train_oof,0.5483517567913296
RFEXGB_LR_SMOTE,RFEXGB,supervised,LR,SMOTE,511,TP,23,23,0.0,0.5074721489858647,0.590562164990782,1.0547389797128381,-0.8374816063277984,-0.8374816063277984,-0.8374816063277984,0.590562164990782,1.445909028333367,1.7572195464094045,1.9582466747327312,train_oof,0.5483517567913296
RFEXGB_LR_SMOTE,RFEXGB,supervised,LR,SMOTE,511,FP,73,73,0.0,0.18487736694932383,-0.1421535816034179,1.0700638931349231,-0.8374816063277984,-0.8374816063277984,-0.8374816063277984,-0.1421535816034179,1.0445391652039733,2.028944522040886,2.1452836163099005,train_oof,0.5483517567913296
RFEXGB_LR_SMOTE,RFEXGB,supervised,LR,SMOTE,511,TN,1097,1097,0.0,-0.031310206338696696,-0.8374816063277984,0.9865642122741698,-0.8374816063277984,-0.8374816063277984,-0.8374816063277984,-0.8374816063277984,0.7756790117754866,1.897877794685313,2.1115778329584844,train_oof,0.5483517567913296
RFEXGB_LR_SMOTE,RFEXGB,supervised,LR,SMOTE,511,FN,60,60,0.0,0.13804471730818416,-0.0963959753434519,1.0676896759590215,-0.8374816063277984,-0.8374816063277984,-0.8374816063277984,-0.0963959753434519,1.1609652340413736,1.9992211636796642,2.0882957043608794,train_oof,0.5483517567913296
RFEXGB_LR_SMOTE,RFEXGB,supervised,LR,SMOTE,511,pred_anomaly,96,96,0.0,0.26216570014557844,0.20502315539911187,1.0698606659621126,-0.8374816063277984,-0.8374816063277984,-0.8374816063277984,0.20502315539911187,1.1918637396573153,2.017767269174975,2.137118124423969,train_oof,0.5483517567913296
RFEXGB_LR_SMOTE,RFEXGB,supervised,LR,SMOTE,511,pred_normal,1157,1157,0.0,-0.022527755674208515,-0.8374816063277984,0.9911528804110756,-0.8374816063277984,-0.8374816063277984,-0.8374816063277984,-0.8374816063277984,0.7994021533080099,1.8999010006944812,2.1115778329584844,train_oof,0.5483517567913296
RFEXGB_LR_SMOTE,RFEXGB,supervised,LR,SMOTE,545,TP,23,23,0.0,-0.4581670648804742,-0.3737353644723715,0.24739080481859368,-1.0670634037950593,-1.0442701793469145,-0.3737353644723715,-0.3737353644723715,-0.3737353644723715,-0.3737353644723715,-0.041045132788613096,train_oof,0.5483517567913296
RFEXGB_LR_SMOTE,RFEXGB,supervised,LR,SMOTE,545,FP,73,73,0.0,-0.0476267932707393,-0.3737353644723715,1.3739469859804498,-1.3546377948102717,-1.062521140837409,-0.3737353644723715,-0.3737353644723715,-0.3737353644723715,1.8306471878735695,4.437045329502838,train_oof,0.5483517567913296
RFEXGB_LR_SMOTE,RFEXGB,supervised,LR,SMOTE,545,TN,1097,1097,0.0,0.0199509560233959,-0.3737353644723715,0.9954465779673615,-1.852502578832725,-1.2413075893836198,-0.3737353644723715,-0.3737353644723715,0.5142398120847164,2.1921219633099454,2.896214421208991,train_oof,0.5483517567913296
RFEXGB_LR_SMOTE,RFEXGB,supervised,LR,SMOTE,545,FN,60,60,0.0,-0.12336235529140722,-0.3737353644723715,0.6185369138132927,-0.8851182209101017,-0.6279717792782452,-0.3737353644723715,-0.3737353644723715,-0.3228396803485334,1.1189900005668587,2.064407676972976,train_oof,0.5483517567913296
RFEXGB_LR_SMOTE,RFEXGB,supervised,LR,SMOTE,545,pred_anomaly,96,96,0.0,-0.14598540001057161,-0.3737353644723715,1.2148674782980868,-1.3318252098970615,-1.0633774690999167,-0.3737353644723715,-0.3737353644723715,-0.3737353644723715,1.3869872382345982,2.6607122348869536,train_oof,0.5483517567913296
RFEXGB_LR_SMOTE,RFEXGB,supervised,LR,SMOTE,545,pred_normal,1157,1157,0.0,0.01251897790854007,-0.3737353644723715,0.9798059293958856,-1.852502578832725,-1.2189536985658052,-0.3737353644723715,-0.3737353644723715,0.4698590391654713,2.155188153031347,2.824184555566467,train_oof,0.5483517567913296
RFEXGB_LR_SMOTE,RFEXGB,supervised,LR,SMOTE,547,TP,23,23,0.0,0.18697741095741743,0.1645803544274894,0.7771631315393597,-0.8416939257273433,-0.7263840251691387,-0.5185033740540844,0.1645803544274894,0.630403541503579,1.7067912174807809,1.8547524061353442,train_oof,0.5483517567913296
RFEXGB_LR_SMOTE,RFEXGB,supervised,LR,SMOTE,547,FP,73,73,0.0,0.20488201433257017,0.2497852743375839,0.8320082604013896,-1.4606658124285388,-1.090273110649094,-0.427609459506982,0.2497852743375839,0.7101316087895096,1.6381898190445863,1.9553625667202452,train_oof,0.5483517567913296
RFEXGB_LR_SMOTE,RFEXGB,supervised,LR,SMOTE,547,TN,1097,1097,0.0,0.0007453109430967948,-0.0244636057614285,0.941587331513089,-2.501025021243013,-1.5488955949975387,-0.5185033740540844,-0.0244636057614285,0.6666435720880869,1.3941083157564569,1.9926134003199714,train_oof,0.5483517567913296
RFEXGB_LR_SMOTE,RFEXGB,supervised,LR,SMOTE,547,FN,60,60,0.0,0.23287815103819795,0.2662053580221496,0.7751575204089487,-1.3215706982834599,-0.8626073617554693,-0.47942290863998,0.2662053580221496,0.7678218196389042,1.5063348753341215,1.723782894523485,train_oof,0.5483517567913296
RFEXGB_LR_SMOTE,RFEXGB,supervised,LR,SMOTE,547,pred_anomaly,96,96,0.0,0.20059236977393988,0.21609184049684804,0.8152128563734704,-1.3403685000936765,-0.9261547451155524,-0.5185033740540844,0.21609184049684804,0.6748710384910632,1.67656507305272,1.9362591733007721,train_oof,0.5483517567913296
RFEXGB_LR_SMOTE,RFEXGB,supervised,LR,SMOTE,547,pred_normal,1157,1157,0.0,0.012783314750967202,-0.0076168888410578,0.9348203491217287,-2.4669554746524276,-1.5186498613637616,-0.5185033740540844,-0.0076168888410578,0.6780053114064843,1.400611932055944,1.9861254553850614,train_oof,0.5483517567913296
RFEXGB_LR_SMOTE,RFEXGB,supervised,LR,SMOTE,551,TP,23,23,0.0,0.38186952190301293,0.0513407536392479,1.4157267678784464,-0.5754858419357078,-0.3915832623999215,-0.06417594204905999,0.0513407536392479,0.2724727139568661,0.7002817801307709,5.390192380650883,train_oof,0.5483517567913296
RFEXGB_LR_SMOTE,RFEXGB,supervised,LR,SMOTE,551,FP,73,73,0.0,-0.09938608920108834,-0.1136830973440491,0.2216630115361865,-0.5115886068349753,-0.3909231669959884,-0.2523031321700188,-0.1136830973440491,0.0235029254315068,0.2784135725922646,0.4980933230212299,train_oof,0.5483517567913296
RFEXGB_LR_SMOTE,RFEXGB,supervised,LR,SMOTE,551,TN,1097,1097,0.0,-0.01603526534254912,-0.0448333427332084,0.8134133713961045,-0.6156196424948458,-0.4437307993106435,-0.2126974079340274,-0.0448333427332084,0.0711436157572436,0.4275951338811653,0.7325592104982972,train_oof,0.5483517567913296
RFEXGB_LR_SMOTE,RFEXGB,supervised,LR,SMOTE,551,FN,60,60,0.0,0.15236899308797397,-0.07455388463980411,2.099398859063607,-0.6370067335822811,-0.5764099755012144,-0.3001600489551749,-0.07455388463980411,0.0513407536392479,0.42198432294773275,7.098651305110702,train_oof,0.5483517567913296
RFEXGB_LR_SMOTE,RFEXGB,supervised,LR,SMOTE,551,pred_anomaly,96,96,0.0,0.015914734292602595,-0.10184925135715289,0.7375821296023158,-0.5216220569747598,-0.3958738825254873,-0.22754955452252418,-0.10184925135715289,0.05299099214908087,0.49690515129415014,1.0051786123226882,train_oof,0.5483517567913296
RFEXGB_LR_SMOTE,RFEXGB,supervised,LR,SMOTE,551,pred_normal,1157,1157,0.0,-0.0073021145164200016,-0.0458781562432398,0.9239289577164326,-0.6182600241105786,-0.4635336614286391,-0.2258993160126912,-0.0458781562432398,0.0711436157572436,0.4275951338811653,0.7642437898870916,train_oof,0.5483517567913296
RFEXGB_LR_SMOTE,RFEXGB,supervised,LR,SMOTE,553,TP,23,23,0.0,-0.015508857661890516,-0.4309161464865074,0.6843035142844683,-0.7843877837071451,-0.6300058858072933,-0.5287565754423842,-0.4309161464865074,0.3343585788221368,1.2581271386316404,1.5611966980701895,train_oof,0.5483517567913296
RFEXGB_LR_SMOTE,RFEXGB,supervised,LR,SMOTE,553,FP,73,73,0.0,0.11318870493991537,0.0533067333133898,0.6532533309749868,-1.4542870290138599,-0.8019692704449665,-0.2843470132442114,0.0533067333133898,0.5142504853886833,1.2573185400452276,1.6905673649577007,train_oof,0.5483517567913296
RFEXGB_LR_SMOTE,RFEXGB,supervised,LR,SMOTE,553,TN,1097,1097,0.0,-0.03280217361049528,-0.1056725888687013,0.8589721173789138,-1.6050591725926862,-0.9620207211701779,-0.4309161464865074,-0.1056725888687013,0.2708197530582729,1.0205523623796677,1.3936431547758843,train_oof,0.5483517567913296
RFEXGB_LR_SMOTE,RFEXGB,supervised,LR,SMOTE,553,FN,60,60,0.0,0.2885469886139633,-0.01745588314626455,1.8133654902028848,-1.417234062737029,-0.8904980483110015,-0.3166483988803618,-0.017455883146264548,0.5077284994219637,1.2559949918327322,6.521639204776961,train_oof,0.5483517567913296
RFEXGB_LR_SMOTE,RFEXGB,supervised,LR,SMOTE,553,pred_anomaly,96,96,0.0,0.08235491389989937,0.04087984977484435,0.6594808444244216,-1.3552294463963312,-0.7000624417558433,-0.4309161464865074,0.04087984977484435,0.4993020509951422,1.2890581624529243,1.6891186967534126,train_oof,0.5483517567913296
RFEXGB_LR_SMOTE,RFEXGB,supervised,LR,SMOTE,553,pred_normal,1157,1157,0.0,-0.01613756709928741,-0.1031637587627837,0.9340488626465393,-1.605637958949276,-0.9620207211701779,-0.4309161464865074,-0.1031637587627837,0.276479943163158,1.0410311855260657,1.4567547000235626,train_oof,0.5483517567913296
RFEXGB_LR_SMOTE,RFEXGB,supervised,LR,SMOTE,561,TP,23,23,0.0,0.13438448988477159,0.0290074978243583,1.0600055996799318,-1.2028606618748114,-1.2028606618748114,-0.7641709977695164,0.0290074978243583,1.1157896482242387,1.5960780986012657,1.950361194169704,train_oof,0.5483517567913296
RFEXGB_LR_SMOTE,RFEXGB,supervised,LR,SMOTE,561,FP,73,73,0.0,0.012317218348550358,-0.0591820372399156,0.9541839343375537,-1.2521529115114969,-1.1137408802736148,-0.8176250189769098,-0.0591820372399156,0.7113433326568714,1.7599129023476183,2.311459968144127,train_oof,0.5483517567913296
RFEXGB_LR_SMOTE,RFEXGB,supervised,LR,SMOTE,561,TN,1097,1097,0.0,-0.01009631925317905,-0.1563982087583952,0.9985402401302602,-1.2660453863630177,-1.1525808365541605,-0.8887347949504824,-0.1563982087583952,0.5721416735446252,1.8801494306088664,2.7244401058375343,train_oof,0.5483517567913296
RFEXGB_LR_SMOTE,RFEXGB,supervised,LR,SMOTE,561,FN,60,60,0.0,0.12774956211192923,0.0203269996164496,1.0715308192028312,-1.2817137126703435,-1.1603437979888784,-0.7578377495443072,0.0203269996164496,0.8423296168296701,1.933302744214787,3.1030675369408223,train_oof,0.5483517567913296
RFEXGB_LR_SMOTE,RFEXGB,supervised,LR,SMOTE,561,pred_anomaly,96,96,0.0,0.04156250215410336,-0.0283919585498069,0.9762101040310498,-1.2521529115114969,-1.2028606618748114,-0.8044136252090786,-0.028391958549806903,0.7713374737757376,1.755224622053833,2.2449045061462014,train_oof,0.5483517567913296
RFEXGB_LR_SMOTE,RFEXGB,supervised,LR,SMOTE,561,pred_normal,1157,1157,0.0,-0.002947872509958214,-0.1418928528745252,1.0024304493594887,-1.2871749629353904,-1.1581060683106714,-0.8878640409246422,-0.1418928528745252,0.5768469903302207,1.8824523316287596,2.7244401058375343,train_oof,0.5483517567913296
RFEXGB_LR_SMOTE,RFEXGB,supervised,LR,SMOTE,563,TP,23,23,0.0,-0.05070459389445069,-0.0483696755782545,0.558635445246521,-0.9210746379817368,-0.9210746379817368,-0.35596919505917857,-0.0483696755782545,0.41282260531239073,0.6876566105442294,0.7803008694081152,train_oof,0.5483517567913296
RFEXGB_LR_SMOTE,RFEXGB,supervised,LR,SMOTE,563,FP,73,73,0.0,0.04090107270204938,0.0812245648035321,0.7167717974730399,-1.0883292892203553,-0.9210746379817368,-0.5012820232392649,0.0812245648035321,0.4409743782931484,1.359053374795028,1.5824790930634876,train_oof,0.5483517567913296
RFEXGB_LR_SMOTE,RFEXGB,supervised,LR,SMOTE,563,TN,1097,1097,0.0,0.04582625682302067,-0.0283196637489479,0.9515050476515596,-1.2014331771371636,-0.9210746379817368,-0.9210746379817368,-0.0283196637489479,0.6620485955243908,1.7523502032026708,2.5624919901230325,train_oof,0.5483517567913296
RFEXGB_LR_SMOTE,RFEXGB,supervised,LR,SMOTE,563,FN,60,60,0.0,-0.007568182235269703,-0.10218924157087919,0.7384463652780919,-0.9764094317553849,-0.9210746379817368,-0.5453726676870686,-0.10218924157087919,0.3510038310839518,1.287763149687874,1.908319305449296,train_oof,0.5483517567913296
RFEXGB_LR_SMOTE,RFEXGB,supervised,LR,SMOTE,563,pred_anomaly,96,96,0.0,0.018953881746637927,0.013131896127842102,0.6805820588234397,-1.0311977499358767,-0.9210746379817368,-0.4549277015114727,0.013131896127842102,0.4426209633022568,1.3248572505566376,1.5704814698137468,train_oof,0.5483517567913296
RFEXGB_LR_SMOTE,RFEXGB,supervised,LR,SMOTE,563,pred_normal,1157,1157,0.0,0.043057314434518136,-0.0301538224730586,0.9414575224129502,-1.189808150882757,-0.9210746379817368,-0.9210746379817368,-0.0301538224730586,0.6405207691273415,1.739599106029033,2.5532184649058443,train_oof,0.5483517567913296
RFEXGB_LR_SMOTE,RFEXGB,supervised,LR,SMOTE,566,TP,23,23,0.0,-0.01635737026344427,-0.390869436560573,1.012251029526214,-1.5637056567619028,-1.3649912282577144,-0.5508673199842599,-0.390869436560573,0.32306522394293735,1.896839249717985,2.3780783299685897,train_oof,0.5483517567913296
RFEXGB_LR_SMOTE,RFEXGB,supervised,LR,SMOTE,566,FP,73,73,0.0,0.05069864718764404,-0.1564768356656503,0.7513500430182789,-1.3593393303170165,-0.8781249308434473,-0.5101915009115517,-0.1564768356656503,0.4338482206242336,1.458632053486144,2.0231725532678233,train_oof,0.5483517567913296
RFEXGB_LR_SMOTE,RFEXGB,supervised,LR,SMOTE,566,TN,1097,1097,0.0,-0.011615165010753457,-0.2780759131191764,0.9306302917198983,-1.6899174549478804,-1.1588972474204755,-0.5101915009115517,-0.2780759131191764,0.3495538744478856,1.749523488646958,2.758500233079488,train_oof,0.5483517567913296
RFEXGB_LR_SMOTE,RFEXGB,supervised,LR,SMOTE,566,FN,60,60,0.0,0.09049510500393888,-0.0024419943072511007,0.8792704030512407,-1.73688117660023,-1.2523044958861582,-0.5101915009115517,-0.0024419943072511007,0.6615758517920917,1.6415783132478199,2.0235750397855985,train_oof,0.5483517567913296
RFEXGB_LR_SMOTE,RFEXGB,supervised,LR,SMOTE,566,pred_anomaly,96,96,0.0,0.03463314300665409,-0.15828045413166406,0.8160684000010436,-1.4359579548359098,-0.9858660152017293,-0.5101915009115517,-0.15828045413166406,0.42906043475949923,1.582168835145942,2.5219938393729087,train_oof,0.5483517567913296
RFEXGB_LR_SMOTE,RFEXGB,supervised,LR,SMOTE,566,pred_normal,1157,1157,0.0,-0.006319904681555928,-0.261010578937551,0.9279506111946592,-1.6926133552084754,-1.1670608890546714,-0.5101915009115517,-0.261010578937551,0.3640775624715134,1.7350377710495355,2.7317576619029182,train_oof,0.5483517567913296
RFEXGB_LR_SMOTE,RFEXGB,supervised,LR,SMOTE,574,TP,23,23,0.0,-0.21969300444974435,-0.2129523259459791,0.029340021648787254,-0.2764633080749087,-0.2668553072173936,-0.23840852990718303,-0.2129523259459791,-0.19779294902083633,-0.18059676983778974,-0.17845564169630412,train_oof,0.5483517567913296
RFEXGB_LR_SMOTE,RFEXGB,supervised,LR,SMOTE,574,FP,73,73,0.0,-0.15533142801235345,-0.2280505146696076,0.43622568376500337,-0.2709734261498029,-0.2662510737274409,-0.2423876751369033,-0.2280505146696076,-0.2087379885666886,-0.18324315955327877,2.2107973876315388,train_oof,0.5483517567913296
RFEXGB_LR_SMOTE,RFEXGB,supervised,LR,SMOTE,574,TN,1097,1097,0.0,0.017588143295720407,-0.2258477394150964,1.0463628266476728,-0.2737045615243892,-0.26347618878877194,-0.2410874258547266,-0.2258477394150964,-0.205517959462004,1.9950476361219704,4.953217243311552,train_oof,0.5483517567913296
RFEXGB_LR_SMOTE,RFEXGB,supervised,LR,SMOTE,574,FN,60,60,0.0,-0.04836766413598817,-0.22058555408487535,0.7805436204816847,-0.2791732570347207,-0.26563460259718535,-0.24137806981191906,-0.22058555408487535,-0.20042117348900093,-0.019175601783801177,3.480237148339204,train_oof,0.5483517567913296
RFEXGB_LR_SMOTE,RFEXGB,supervised,LR,SMOTE,574,pred_anomaly,96,96,0.0,-0.17075138903381168,-0.22539265216633464,0.38103007861423654,-0.2791732570347207,-0.2668553072173936,-0.24089334452804873,-0.22539265216633464,-0.20576749259630406,-0.18237352223925823,2.0229339677489335,train_oof,0.5483517567913296
RFEXGB_LR_SMOTE,RFEXGB,supervised,LR,SMOTE,574,pred_normal,1157,1157,0.0,0.01416779027419706,-0.2258477394150964,1.0340970300417067,-0.2737045615243892,-0.2637278252674991,-0.2411180199554837,-0.2258477394150964,-0.205517959462004,1.9950476361219704,4.953217243311552,train_oof,0.5483517567913296
RFEXGB_LR_SMOTE,RFEXGB,supervised,LR,SMOTE,582,TP,23,23,0.0,0.764796784479374,0.8888140520836286,0.9985079705255155,-1.1444947408604444,-0.56740975857479,0.06312013882370238,0.8888140520836286,1.3391925502254232,2.3780656192724425,2.390075712556222,train_oof,0.5483517567913296
RFEXGB_LR_SMOTE,RFEXGB,supervised,LR,SMOTE,582,FP,73,73,0.0,0.07237449152524826,-0.0119429441999272,0.9844387489456663,-2.1629506513250507,-1.483179371463062,-0.5223719087606024,-0.0119429441999272,0.7687131192458345,1.6514549756037211,2.3624524980035386,train_oof,0.5483517567913296
RFEXGB_LR_SMOTE,RFEXGB,supervised,LR,SMOTE,582,TN,1097,1097,0.0,-0.023651384156886203,-0.0119429441999272,0.9901173368148418,-2.2350112110277305,-1.6333055375103311,-0.6724980748078616,-0.0119429441999272,0.648612186408007,1.5793944159010114,2.3312262554657015,train_oof,0.5483517567913296
RFEXGB_LR_SMOTE,RFEXGB,supervised,LR,SMOTE,582,FN,60,60,0.0,0.060117615502759174,0.09314537203314255,1.1005794182626063,-2.594113000212784,-2.1227168388243927,-0.5448908336676929,0.09314537203314255,0.7161689611292745,1.574890630919596,2.4585332442737773,train_oof,0.5483517567913296
RFEXGB_LR_SMOTE,RFEXGB,supervised,LR,SMOTE,582,pred_anomaly,96,96,0.0,0.2382673325455075,0.2282589214756943,1.0264726074161017,-2.073175204028788,-1.3330532054158,-0.4322962091322567,0.2282589214756943,1.0089149849214227,2.067304455554625,2.40058454417953,train_oof,0.5483517567913296
RFEXGB_LR_SMOTE,RFEXGB,supervised,LR,SMOTE,582,pred_normal,1157,1157,0.0,-0.019307270086377358,-0.0119429441999272,0.9957994277069001,-2.2938606681182656,-1.6393105841522206,-0.6724980748078616,-0.0119429441999272,0.648612186408007,1.5793944159010114,2.360050479346773,train_oof,0.5483517567913296
RFEXGB_LR_SMOTE,RFEXGB,supervised,LR,SMOTE,586,TP,23,23,0.0,0.1064087550416316,0.1071251793737314,1.110405047913586,-2.0280629145566875,-1.8290115781260696,-0.5025519272432271,0.1071251793737314,0.6550106873470795,1.618959626187405,2.4739905738185963,train_oof,0.5483517567913296
RFEXGB_LR_SMOTE,RFEXGB,supervised,LR,SMOTE,586,FP,73,73,0.0,0.025187826651792818,-0.0823690564666746,1.1091513995107627,-1.8665808701013846,-1.5109908171069533,-0.6426128841687447,-0.0823690564666746,0.5108302905119879,2.086104111933101,3.0546668234721546,train_oof,0.5483517567913296
RFEXGB_LR_SMOTE,RFEXGB,supervised,LR,SMOTE,586,TN,1097,1097,0.0,-0.009334035167898764,-0.0823690564666746,0.998456049174555,-1.908763934775423,-1.3593954284346286,-0.6838072832644851,-0.0823690564666746,0.4778747712353954,1.6642734651927202,2.7046792087547393,train_oof,0.5483517567913296
RFEXGB_LR_SMOTE,RFEXGB,supervised,LR,SMOTE,586,FN,60,60,0.0,0.0933937130084845,0.012378061453528398,0.8524815646117613,-1.3359146209500565,-1.1542473209378412,-0.5210894068363103,0.012378061453528405,0.5664427292912375,1.5625232994262408,2.3237134059173297,train_oof,0.5483517567913296
RFEXGB_LR_SMOTE,RFEXGB,supervised,LR,SMOTE,586,pred_anomaly,96,96,0.0,0.04464700741185836,-0.07413017664752655,1.104140407095604,-2.0732943647638105,-1.6765923014718298,-0.5643435258868379,-0.07413017664752655,0.6035176884773977,2.0576799765570417,2.8065941521175977,train_oof,0.5483517567913296
RFEXGB_LR_SMOTE,RFEXGB,supervised,LR,SMOTE,586,pred_normal,1157,1157,0.0,-0.004006753499287703,-0.0823690564666746,0.9913533532674276,-1.9031614964984025,-1.3379743409048432,-0.6755684034453371,-0.0823690564666746,0.4861136510545435,1.6642734651927202,2.727748072248359,train_oof,0.5483517567913296
RFEXGB_LR_SMOTE,RFEXGB,supervised,LR,SMOTE,588,TP,23,23,0.0,0.4127213875213209,0.2319697246994391,0.853756873427568,-0.7912041921040295,-0.743790491459678,-0.1287866932467133,0.2319697246994391,0.8504092983214147,1.7746328833453673,1.9388629478960921,train_oof,0.5483517567913296
RFEXGB_LR_SMOTE,RFEXGB,supervised,LR,SMOTE,588,FP,73,73,0.0,-0.10219473288930149,-0.3864698489225366,0.9079426167616094,-1.1313459575961162,-1.018652524180556,-0.730047389823634,-0.3864698489225366,0.3694007410598782,1.7780686587543784,2.48583839301063,train_oof,0.5483517567913296
RFEXGB_LR_SMOTE,RFEXGB,supervised,LR,SMOTE,588,TN,1097,1097,0.0,-0.001862793902674387,-0.2490388325620975,1.0082842745914027,-1.2467880113388847,-1.1079826848148415,-0.6613318816434146,-0.2490388325620975,0.3694007410598782,1.7849402095724018,3.358525346899427,train_oof,0.5483517567913296
RFEXGB_LR_SMOTE,RFEXGB,supervised,LR,SMOTE,588,FN,60,60,0.0,0.008071693878890503,-0.1803233243818781,0.99073620311972,-1.2595003803522256,-1.2454137011752804,-0.7644051439137439,-0.1803233243818781,0.4810634418527348,1.7437109046642685,3.2836254429829874,train_oof,0.5483517567913296
RFEXGB_LR_SMOTE,RFEXGB,supervised,LR,SMOTE,588,pred_anomaly,96,96,0.0,0.021170587625743403,-0.2490388325620975,0.9178171281747507,-1.0839322569517646,-0.9791411069769298,-0.6355635660758323,-0.2490388325620975,0.4209373721950427,1.7780686587543784,2.3277927241961303,train_oof,0.5483517567913296
RFEXGB_LR_SMOTE,RFEXGB,supervised,LR,SMOTE,588,pred_normal,1157,1157,0.0,-0.0013476087108905588,-0.2146810784719876,1.006961880855114,-1.2605311129749288,-1.1079826848148415,-0.6613318816434146,-0.2146810784719876,0.3694007410598782,1.7780686587543784,3.3392850046089673,train_oof,0.5483517567913296
RFEXGB_LR_SMOTE,RFEXGB,supervised,LR,SMOTE,589,TP,23,23,0.0,0.10962006564278756,-0.0866576901576375,0.874953184108627,-1.0252720005612836,-0.8157975658760745,-0.5503816292776711,-0.0866576901576375,0.6534946134240154,1.8212812242718324,2.030442907746135,train_oof,0.5483517567913296
RFEXGB_LR_SMOTE,RFEXGB,supervised,LR,SMOTE,589,FP,73,73,0.0,-0.1292218417031081,-0.3853181276024989,0.9085554649626713,-1.0811525882152582,-0.8637097852407812,-0.6343225662370271,-0.3853181276024989,0.0006226535125117,1.6458349958881247,3.409070151337998,train_oof,0.5483517567913296
RFEXGB_LR_SMOTE,RFEXGB,supervised,LR,SMOTE,589,TN,1097,1097,0.0,0.012725235486993803,-0.2909325706962247,1.020959257605382,-1.0811525882152582,-0.8350687707593881,-0.5796150349299758,-0.2909325706962247,0.181826258371643,2.0725026156155697,4.075687609638256,train_oof,0.5483517567913296
RFEXGB_LR_SMOTE,RFEXGB,supervised,LR,SMOTE,589,FN,60,60,0.0,-0.11162686198439446,-0.27066824583670446,0.7248814988634282,-0.9059776023258215,-0.7561493442689922,-0.5917989745285418,-0.27066824583670446,-0.0866576901576375,1.232496014343,2.352666253330082,train_oof,0.5483517567913296
RFEXGB_LR_SMOTE,RFEXGB,supervised,LR,SMOTE,589,pred_anomaly,96,96,0.0,-0.07199930140148726,-0.348210466191421,0.9018910383189216,-1.0811525882152582,-0.8624083956027379,-0.6331836871405447,-0.348210466191421,0.11316392293013898,1.8936493765708837,3.1961229077143005,train_oof,0.5483517567913296
RFEXGB_LR_SMOTE,RFEXGB,supervised,LR,SMOTE,589,pred_normal,1157,1157,0.0,0.00627655281777747,-0.2815224054014122,1.0078865419325167,-1.0811525882152582,-0.8350687707593881,-0.5811759628224802,-0.2815224054014122,0.167042585209951,2.0394949189518297,4.075687609638256,train_oof,0.5483517567913296
