artifact_key,feature_set,category,model,balance_method,feature,group,n,non_null_n,missing_rate,mean,median,std,p01,p05,p25,p50,p75,p95,p99,group_source,threshold
RFEXGB_LR_NoResample,RFEXGB,supervised,LR,NoResample,0,TP,28,28,0.0,-0.20291480526582412,-0.4326861640297522,1.0839753662087617,-1.8503026594230305,-1.6882207808187781,-0.982344175988083,-0.4326861640297522,0.5176786448452018,1.8854672216797697,2.296763435622749,train_oof,0.1905491962006118
RFEXGB_LR_NoResample,RFEXGB,supervised,LR,NoResample,0,FP,118,118,0.0,-0.13878214790967128,-0.17041991173858256,1.0144222987858191,-2.400844235040479,-1.6932659026185761,-0.7940530231027044,-0.17041991173858256,0.3733654716697177,1.8999953038995605,2.508876105408346,train_oof,0.1905491962006118
RFEXGB_LR_NoResample,RFEXGB,supervised,LR,NoResample,0,TN,1052,1052,0.0,0.02393857358237842,-0.0070540629831626,0.9798898434887329,-2.1450085110115897,-1.4268087290439746,-0.5828719657552683,-0.0070540629831626,0.5998620773379685,1.548378342907967,2.8172705202717063,train_oof,0.1905491962006118
RFEXGB_LR_NoResample,RFEXGB,supervised,LR,NoResample,0,FN,55,55,0.0,-0.07638384040470132,-0.3239758014388348,1.237460149591498,-1.972710928106899,-1.4941637744479124,-0.9224500382192953,-0.3239758014388348,0.338897146145953,2.579344978632103,3.206976816163477,train_oof,0.1905491962006118
RFEXGB_LR_NoResample,RFEXGB,supervised,LR,NoResample,0,pred_anomaly,146,146,0.0,-0.1510815616492074,-0.17969599547101756,1.024585036228201,-2.341423911620616,-1.6907967292509514,-0.810769994145689,-0.17969599547101756,0.383242165140222,2.02324042215181,2.499383802170205,train_oof,0.1905491962006118
RFEXGB_LR_NoResample,RFEXGB,supervised,LR,NoResample,0,pred_normal,1107,1107,0.0,0.018954171803435896,-0.0242048077258719,0.993819124427977,-2.1697536322201327,-1.4506529356454076,-0.6131360231125326,-0.0242048077258719,0.5946901601490244,1.6244288826308795,2.8753334656835277,train_oof,0.1905491962006118
RFEXGB_LR_NoResample,RFEXGB,supervised,LR,NoResample,2,TP,28,28,0.0,0.05827645171651149,-0.04537665631282049,0.9905672419891687,-1.1669279566008537,-1.0274397392023855,-0.871361150488758,-0.04537665631282049,0.7665340566228083,1.4703259986378985,2.379716203917125,train_oof,0.1905491962006118
RFEXGB_LR_NoResample,RFEXGB,supervised,LR,NoResample,2,FP,118,118,0.0,0.058884956326226576,-0.1095710732053563,0.9280629859217734,-1.7364632559019346,-1.2233982647471224,-0.5864283184675871,-0.1095710732053563,0.6988680732378019,1.8365152788982533,2.2069351401644965,train_oof,0.1905491962006118
RFEXGB_LR_NoResample,RFEXGB,supervised,LR,NoResample,2,TN,1052,1052,0.0,-0.004675827589095169,0.0556079187661692,1.0034544489977615,-2.5553411916221265,-1.5259769594433232,-0.6519378762430381,0.0556079187661692,0.5875600223264316,1.5546049903166628,2.241971777173737,train_oof,0.1905491962006118
RFEXGB_LR_NoResample,RFEXGB,supervised,LR,NoResample,2,FN,55,55,0.0,-0.0567195947725052,-0.1474863230141916,1.0691640847214237,-1.7755016715006486,-1.2954784589568804,-0.9129371713872424,-0.1474863230141916,0.45372817771958374,1.6037836573673359,3.1210097809770545,train_oof,0.1905491962006118
RFEXGB_LR_NoResample,RFEXGB,supervised,LR,NoResample,2,pred_anomaly,146,146,0.0,0.05876825681203465,-0.1095710732053563,0.9368518368371436,-1.6268295981023346,-1.208289770866124,-0.6652649750552839,-0.1095710732053563,0.7253313769383629,1.7792846047771527,2.501921831467102,train_oof,0.1905491962006118
RFEXGB_LR_NoResample,RFEXGB,supervised,LR,NoResample,2,pred_normal,1107,1107,0.0,-0.007261561279327839,0.0375895595405049,1.00637363144876,-2.5553411916221265,-1.522711152950253,-0.6546610709806899,0.0375895595405049,0.5875600223264316,1.5546049903166628,2.3189024339508286,train_oof,0.1905491962006118
RFEXGB_LR_NoResample,RFEXGB,supervised,LR,NoResample,8,TP,28,28,0.0,-0.02194356859183647,-0.1397433135704657,0.6373801106648439,-1.1423057394550273,-0.9386723108908224,-0.38018057539542854,-0.1397433135704657,0.35772476758569105,0.9351805688024881,1.3484617439168352,train_oof,0.1905491962006118
RFEXGB_LR_NoResample,RFEXGB,supervised,LR,NoResample,8,FP,118,118,0.0,0.18223254318134013,0.13591292745139455,0.9812202604562398,-1.992776358253919,-1.3953676507459545,-0.448586669604785,0.13591292745139455,0.9727023274084141,1.7502967507921885,1.9252673485946121,train_oof,0.1905491962006118
RFEXGB_LR_NoResample,RFEXGB,supervised,LR,NoResample,8,TN,1052,1052,0.0,-0.02421252547912649,-0.0327317998568184,1.016519583601882,-2.3379765374284163,-1.6344503364479606,-0.7513344330857945,-0.0327317998568184,0.7332809976756693,1.6814842837459443,2.1159645751845764,train_oof,0.1905491962006118
RFEXGB_LR_NoResample,RFEXGB,supervised,LR,NoResample,8,FN,55,55,0.0,0.06139892636033886,0.1054349646848503,0.8318996457917337,-1.5820688777731922,-1.3825669063840058,-0.42014057102267677,0.1054349646848503,0.6120464346709695,1.2890635809251472,1.6364039903739191,train_oof,0.1905491962006118
RFEXGB_LR_NoResample,RFEXGB,supervised,LR,NoResample,8,pred_anomaly,146,146,0.0,0.14307548064949804,0.10814411693076355,0.9268375925594451,-1.8767162760389176,-1.3202564047279604,-0.448586669604785,0.10814411693076355,0.9086986055986692,1.635428695565388,1.9218538167647599,train_oof,0.1905491962006118
RFEXGB_LR_NoResample,RFEXGB,supervised,LR,NoResample,8,pred_normal,1107,1107,0.0,-0.01995902064518739,-0.0151223102583723,1.007999263879781,-2.325785352321798,-1.614470338634336,-0.7384659599176964,-0.0151223102583723,0.7170260842001777,1.6611656419015823,2.0989646448414594,train_oof,0.1905491962006118
RFEXGB_LR_NoResample,RFEXGB,supervised,LR,NoResample,9,TP,28,28,0.0,0.005897130495763978,-0.01912990933401575,0.7047174567428889,-1.0838840695185654,-0.92912252171079,-0.5562668490769356,-0.019129909334015753,0.44363422336757663,1.0607632489060572,1.6645382237580069,train_oof,0.1905491962006118
RFEXGB_LR_NoResample,RFEXGB,supervised,LR,NoResample,9,FP,118,118,0.0,-0.008485213787611122,-0.1050718196928829,1.0081622755654767,-1.6881879176650307,-1.4361797928281061,-0.7149288374317673,-0.1050718196928829,0.6700581025822844,1.9000190581413023,2.3663530855808785,train_oof,0.1905491962006118
RFEXGB_LR_NoResample,RFEXGB,supervised,LR,NoResample,9,TN,1052,1052,0.0,0.0057368415720144735,-0.0257408255154671,1.0112418208597582,-2.3030031225400034,-1.671858954696846,-0.6537778627533425,-0.0257408255154671,0.5956852955409571,1.6874781029076393,2.776494325478116,train_oof,0.1905491962006118
RFEXGB_LR_NoResample,RFEXGB,supervised,LR,NoResample,9,FN,55,55,0.0,-0.09906189589156368,-0.1513482329630422,0.8966266977640815,-2.05833311466449,-1.84374277541458,-0.590974159029555,-0.1513482329630422,0.42049601673249704,1.2918147694477806,1.4631697168709994,train_oof,0.1905491962006118
RFEXGB_LR_NoResample,RFEXGB,supervised,LR,NoResample,9,pred_anomaly,146,146,0.0,-0.005726955979840536,-0.08523907114852895,0.9553167705801565,-1.6715284088877733,-1.4206441398016956,-0.6719578822523337,-0.08523907114852895,0.6171707731306739,1.8269684343362655,2.2775023721021768,train_oof,0.1905491962006118
RFEXGB_LR_NoResample,RFEXGB,supervised,LR,NoResample,9,pred_normal,1107,1107,0.0,0.0005300388976722903,-0.0323517416969184,1.005747453454068,-2.2928884207823828,-1.6811142373508776,-0.6537778627533425,-0.0323517416969184,0.5956852955409571,1.6600428007546195,2.7292923839425574,train_oof,0.1905491962006118
RFEXGB_LR_NoResample,RFEXGB,supervised,LR,NoResample,14,TP,28,28,0.0,-0.5217177757730073,-0.6235448773769244,1.0141305897525261,-2.2653947676622535,-1.7586599837341585,-1.2778960120233664,-0.6235448773769244,0.09126089241756816,1.2660860241111704,1.7817702999527933,train_oof,0.1905491962006118
RFEXGB_LR_NoResample,RFEXGB,supervised,LR,NoResample,14,FP,118,118,0.0,-0.36303431577971057,-0.4561487319602494,1.0598028227427958,-2.1844186452381056,-2.0369863615709938,-1.0392868920200016,-0.4561487319602494,0.3653815731898197,1.399932423597769,1.9612508631516872,train_oof,0.1905491962006118
RFEXGB_LR_NoResample,RFEXGB,supervised,LR,NoResample,14,TN,1052,1052,0.0,0.06528118030605257,0.0227329823798497,0.9797347111790081,-2.0731463157050394,-1.5812414054589328,-0.6006630646717178,0.0227329823798497,0.7163204138025053,1.6120308254751976,2.5332394056796033,train_oof,0.1905491962006118
RFEXGB_LR_NoResample,RFEXGB,supervised,LR,NoResample,14,FN,55,55,0.0,-0.18763964706417396,-0.143415557286798,0.9886266726552217,-1.7643208592155857,-1.5492141001687452,-1.0859364983253612,-0.143415557286798,0.5663455457793243,1.2766527023766168,1.7801516671014541,train_oof,0.1905491962006118
RFEXGB_LR_NoResample,RFEXGB,supervised,LR,NoResample,14,pred_anomaly,146,146,0.0,-0.39346676016198656,-0.4831078649064864,1.0496323709534077,-2.2031529824803955,-2.013160707994028,-1.1374409183101746,-0.4831078649064864,0.2565596136747776,1.4724779857754315,1.942273875631639,train_oof,0.1905491962006118
RFEXGB_LR_NoResample,RFEXGB,supervised,LR,NoResample,14,pred_normal,1107,1107,0.0,0.052715104872120805,0.0185562153036719,0.9812694959735063,-2.051384455176017,-1.5832936265115136,-0.6124429943259588,0.0185562153036719,0.7021356788619801,1.607778117179454,2.5213068703365273,train_oof,0.1905491962006118
RFEXGB_LR_NoResample,RFEXGB,supervised,LR,NoResample,15,TP,28,28,0.0,0.03514015785933816,0.02070174874056405,0.4696804286522253,-0.8040546298215053,-0.6536327137765949,-0.3384363496019654,0.020701748740564054,0.31663503466532994,0.7908247404381414,0.9156586243876971,train_oof,0.1905491962006118
RFEXGB_LR_NoResample,RFEXGB,supervised,LR,NoResample,15,FP,118,118,0.0,0.1329135641596402,-0.08656087256063055,2.0993008414568646,-1.1775170402491937,-0.8980445333640213,-0.36355081815606966,-0.08656087256063055,0.3632645906864382,0.7700641386220857,1.8813070251137587,train_oof,0.1905491962006118
RFEXGB_LR_NoResample,RFEXGB,supervised,LR,NoResample,15,TN,1052,1052,0.0,-0.013394647851944701,-0.053697884292029346,0.827092444866014,-0.9156554637477362,-0.7398416179823778,-0.38325955941923007,-0.053697884292029346,0.304411248969019,0.7229630956257387,0.9808155153471064,train_oof,0.1905491962006118
RFEXGB_LR_NoResample,RFEXGB,supervised,LR,NoResample,15,FN,55,55,0.0,-0.04639306719634374,-0.0576886182044268,0.36152854127129075,-0.8900316508226385,-0.6243909371608569,-0.26539580240144595,-0.0576886182044268,0.231643583840561,0.43575511412024603,0.6540354270153367,train_oof,0.1905491962006118
RFEXGB_LR_NoResample,RFEXGB,supervised,LR,NoResample,15,pred_anomaly,146,146,0.0,0.11416249993766446,-0.0736568783822522,1.8970012972572847,-1.1697123467618125,-0.8577402506601035,-0.35879734557395787,-0.0736568783822522,0.3561616700204762,0.7727540902865866,1.8732116123847276,train_oof,0.1905491962006118
RFEXGB_LR_NoResample,RFEXGB,supervised,LR,NoResample,15,pred_normal,1107,1107,0.0,-0.015034135714584219,-0.0542276748514472,0.810244621530449,-0.9174980167435793,-0.7380413949860035,-0.37988380851801595,-0.0542276748514472,0.3023985772960544,0.710354346538009,0.9687688234599013,train_oof,0.1905491962006118
RFEXGB_LR_NoResample,RFEXGB,supervised,LR,NoResample,18,TP,28,28,0.0,0.26883052949578573,0.2829348209400435,0.9273953193119002,-1.6041694168723084,-1.3134286636586703,-0.25101526339288543,0.2829348209400435,0.8356135983632276,1.472026370974551,2.152217346805316,train_oof,0.1905491962006118
RFEXGB_LR_NoResample,RFEXGB,supervised,LR,NoResample,18,FP,118,118,0.0,-0.13926101844165498,-0.2136420301019529,0.9168527229270107,-2.4604164659697783,-1.6251683679167914,-0.6055607374798524,-0.2136420301019529,0.6134873711779882,1.2756733687688204,1.6885094923915271,train_oof,0.1905491962006118
RFEXGB_LR_NoResample,RFEXGB,supervised,LR,NoResample,18,TN,1052,1052,0.0,0.01331877429201952,-0.1358473588533764,1.0072206523139982,-2.2080344698871635,-1.410672002719392,-0.6564264840654589,-0.1358473588533764,0.8380633824818768,1.6124102213581903,2.248267210885488,train_oof,0.1905491962006118
RFEXGB_LR_NoResample,RFEXGB,supervised,LR,NoResample,18,FN,55,55,0.0,-0.09331325835288641,-0.1959886239340052,1.0324900430638329,-2.689758148913323,-1.640291577204945,-0.5961262635267475,-0.1959886239340052,0.576684507471934,1.5330129050793224,2.28359384590204,train_oof,0.1905491962006118
RFEXGB_LR_NoResample,RFEXGB,supervised,LR,NoResample,18,pred_anomaly,146,146,0.0,-0.060996885960501956,-0.13655798325420176,0.9297492546152355,-2.417856796591327,-1.6015662874882266,-0.5164428274233335,-0.13655798325420176,0.7339008058341449,1.3989049901935204,1.9008133943059495,train_oof,0.1905491962006118
RFEXGB_LR_NoResample,RFEXGB,supervised,LR,NoResample,18,pred_normal,1107,1107,0.0,0.008020886491233765,-0.1394004808575192,1.0082807399179328,-2.260152037456752,-1.4213893407224103,-0.6551641907218855,-0.1394004808575192,0.8307327307680672,1.61283098580605,2.252155074383704,train_oof,0.1905491962006118
RFEXGB_LR_NoResample,RFEXGB,supervised,LR,NoResample,19,TP,28,28,0.0,0.1004136468339338,-0.0190203213357744,0.2906860504159875,-0.26001316503700594,-0.1712664272170169,-0.12082423165325809,-0.0190203213357744,0.28941268695512845,0.6256939907135193,0.8205479886600269,train_oof,0.1905491962006118
RFEXGB_LR_NoResample,RFEXGB,supervised,LR,NoResample,19,FP,118,118,0.0,0.11665440117765935,0.07871143256901,0.38759106380388764,-0.9625415893558884,-0.44257713221021217,-0.11176039963789523,0.07871143256901,0.3738770925475683,0.7018039076657191,0.8398421284631661,train_oof,0.1905491962006118
RFEXGB_LR_NoResample,RFEXGB,supervised,LR,NoResample,19,TN,1052,1052,0.0,-0.022466701960328413,0.0661008836780716,1.0766148636033552,-1.878025403675156,-0.6800232590358741,-0.1545837219133742,0.0661008836780716,0.306226752143051,0.6271126774637507,0.8500566730648234,train_oof,0.1905491962006118
RFEXGB_LR_NoResample,RFEXGB,supervised,LR,NoResample,19,FN,55,55,0.0,0.12998477794603489,0.0865930256258477,0.32353146210727535,-0.5660028794802882,-0.2812146503598985,-0.11097224033221101,0.0865930256258477,0.35614350816968815,0.6786057521017597,0.7281652092431544,train_oof,0.1905491962006118
RFEXGB_LR_NoResample,RFEXGB,supervised,LR,NoResample,19,pred_anomaly,146,146,0.0,0.11353973596105446,0.06228703440179735,0.37012546484727704,-0.8748562394008874,-0.4220324463087249,-0.11359943801782202,0.06228703440179735,0.3434015993944647,0.6987300863735528,0.8781939602777367,train_oof,0.1905491962006118
RFEXGB_LR_NoResample,RFEXGB,supervised,LR,NoResample,19,pred_normal,1107,1107,0.0,-0.014892328523246227,0.0661008836780716,1.0524580430487451,-1.8323436903177261,-0.6800232590358741,-0.1430240520966783,0.0661008836780716,0.31463378473701,0.6336281277240732,0.8497414093425503,train_oof,0.1905491962006118
RFEXGB_LR_NoResample,RFEXGB,supervised,LR,NoResample,21,TP,28,28,0.0,0.8778910574048655,0.327744813016249,2.1012104265882448,-1.2625697183596059,-1.1548624252876192,0.18683431222902497,0.327744813016249,0.6197224147174178,6.582849703874839,6.682317331834312,train_oof,0.1905491962006118
RFEXGB_LR_NoResample,RFEXGB,supervised,LR,NoResample,21,FP,118,118,0.0,0.36275558468887487,0.21257093973459912,1.551114136482345,-1.3898289597143714,-1.226155841711106,-0.06234751806440742,0.21257093973459912,0.4922225704081941,3.830785779052723,6.681946566625802,train_oof,0.1905491962006118
RFEXGB_LR_NoResample,RFEXGB,supervised,LR,NoResample,21,TN,1052,1052,0.0,-0.0732333657545848,0.13467080284033256,0.8355037447751961,-1.5846226893680548,-1.3624712204992508,-0.6985648386236583,0.13467080284033256,0.39588278085667705,0.8221641628742904,1.6507060745709814,train_oof,0.1905491962006118
RFEXGB_LR_NoResample,RFEXGB,supervised,LR,NoResample,21,FN,55,55,0.0,0.17753470325156676,0.2273621049676877,1.1639428886189145,-1.8683685145781688,-1.2244203449904238,-0.18186013314776328,0.2273621049676877,0.4719093701547525,1.2989524437744882,4.651135357365655,train_oof,0.1905491962006118
RFEXGB_LR_NoResample,RFEXGB,supervised,LR,NoResample,21,pred_anomaly,146,146,0.0,0.4615486890453663,0.2360395885710997,1.6747810576508146,-1.35868468219958,-1.2235525966300824,-0.03483595073086265,0.2360395885710997,0.5138176716485034,4.7326524271982535,6.714905227075853,train_oof,0.1905491962006118
RFEXGB_LR_NoResample,RFEXGB,supervised,LR,NoResample,21,pred_normal,1107,1107,0.0,-0.06077424760161431,0.1433482864437445,0.8558446644416848,-1.5860426412304314,-1.3612879272806038,-0.6812098714168342,0.1433482864437445,0.3997284838172801,0.8291061497570201,1.7809235489723667,train_oof,0.1905491962006118
RFEXGB_LR_NoResample,RFEXGB,supervised,LR,NoResample,24,TP,28,28,0.0,0.03127803211658549,0.1260232305935013,0.6565833174040149,-1.6101818465536943,-0.6545986762429371,-0.3815432765076122,0.1260232305935013,0.25859254490157607,0.8496241458267783,1.474995354467733,train_oof,0.1905491962006118
RFEXGB_LR_NoResample,RFEXGB,supervised,LR,NoResample,24,FP,118,118,0.0,-0.0026430512375710856,0.10205369663053696,0.8597742445761467,-2.162432302728282,-1.7940928547882016,-0.2642743396235503,0.10205369663053696,0.3924359343582302,1.1386677066425366,2.549107216157218,train_oof,0.1905491962006118
RFEXGB_LR_NoResample,RFEXGB,supervised,LR,NoResample,24,TN,1052,1052,0.0,0.006048389687368925,0.07859145439165649,1.0327403405979432,-2.738517857515201,-1.840379002252741,-0.4311733168471539,0.07859145439165649,0.5859677270962387,1.6099952561940698,3.2229842495222782,train_oof,0.1905491962006118
RFEXGB_LR_NoResample,RFEXGB,supervised,LR,NoResample,24,FN,55,55,0.0,-0.12071705859740557,0.1302929359378741,0.7714833384478713,-2.241600243101315,-1.5820421003430347,-0.5156444402620883,0.1302929359378741,0.44282691228389776,0.6488803557447105,0.9931454294321826,train_oof,0.1905491962006118
RFEXGB_LR_NoResample,RFEXGB,supervised,LR,NoResample,24,pred_anomaly,146,146,0.0,0.0038623620084315374,0.10505517266469999,0.8227521464578847,-2.1570347187840295,-1.6917509768853085,-0.30092616668861216,0.10505517266469999,0.3476885768629961,1.0892715802079442,2.319504733519934,train_oof,0.1905491962006118
RFEXGB_LR_NoResample,RFEXGB,supervised,LR,NoResample,24,pred_normal,1107,1107,0.0,-0.0002498033168430024,0.0786337287019968,1.0214369453305652,-2.671266192977009,-1.837703033335281,-0.4434962783113587,0.0786337287019968,0.5839808345102433,1.5558756807144418,3.1863924519778997,train_oof,0.1905491962006118
RFEXGB_LR_NoResample,RFEXGB,supervised,LR,NoResample,25,TP,28,28,0.0,-0.33090703546722394,0.4359826712857007,1.9178782304265933,-5.494691830298992,-5.4666945203166835,0.06677250468491644,0.4359826712857007,0.6352407798729001,0.7501865717095219,0.846611757966599,train_oof,0.1905491962006118
RFEXGB_LR_NoResample,RFEXGB,supervised,LR,NoResample,25,FP,118,118,0.0,-0.22149144350612315,0.4292376859456539,1.4596319309945236,-5.499272799509107,-4.252175597524607,-0.7571771312628959,0.4292376859456539,0.504978250493257,0.6773688341426052,0.7665375403380165,train_oof,0.1905491962006118
RFEXGB_LR_NoResample,RFEXGB,supervised,LR,NoResample,25,TN,1052,1052,0.0,0.0383763646019624,0.4438518208490884,0.8777704545145667,-3.128281173597168,-1.314537753195384,-0.62115326023863,0.4438518208490884,0.565964159609508,0.7147753986742792,0.8490680567945995,train_oof,0.1905491962006118
RFEXGB_LR_NoResample,RFEXGB,supervised,LR,NoResample,25,FN,55,55,0.0,-0.1022773785247472,0.4314860143923371,1.2404389055792961,-4.2569532954738065,-3.0945112803280037,0.23812976797767754,0.4314860143923371,0.5661046801374262,0.7387763048426098,0.9236900779399777,train_oof,0.1905491962006118
RFEXGB_LR_NoResample,RFEXGB,supervised,LR,NoResample,25,pred_anomaly,146,146,0.0,-0.24247525566304667,0.4292376859456539,1.551096004215677,-5.508119971946801,-4.304055776431797,-0.4513116407418093,0.4292376859456539,0.5105990716099624,0.7327620262477352,0.8163436362531425,train_oof,0.1905491962006118
RFEXGB_LR_NoResample,RFEXGB,supervised,LR,NoResample,25,pred_normal,1107,1107,0.0,0.03138814791545017,0.4438518208490884,0.8990142882067337,-3.2416081689521787,-1.3210860097963453,-0.6176402470406893,0.4438518208490884,0.5661046801374257,0.7159557711087873,0.8524180661801561,train_oof,0.1905491962006118
RFEXGB_LR_NoResample,RFEXGB,supervised,LR,NoResample,28,TP,28,28,0.0,-0.7081914183471143,-0.5141811932147193,0.8150465899352898,-2.5926422380607845,-2.24688493223411,-1.073602357128392,-0.5141811932147193,-0.29518722498414635,0.2831965556144768,0.4835972702015661,train_oof,0.1905491962006118
RFEXGB_LR_NoResample,RFEXGB,supervised,LR,NoResample,28,FP,118,118,0.0,-0.4394319550659172,-0.4368006655274792,0.9722933659263858,-2.591516088598395,-2.093621117208557,-0.918254320839674,-0.4368006655274792,0.15792335151519934,1.1654950431711788,1.5088392548058158,train_oof,0.1905491962006118
RFEXGB_LR_NoResample,RFEXGB,supervised,LR,NoResample,28,TN,1052,1052,0.0,0.08208773644355825,-0.020888559371411097,0.9869067863417359,-2.2588866094198057,-1.5904906868721271,-0.563842034975103,-0.020888559371411097,0.8529987627102563,1.6958164775341817,2.1408902036281163,train_oof,0.1905491962006118
RFEXGB_LR_NoResample,RFEXGB,supervised,LR,NoResample,28,FN,55,55,0.0,-0.2758483633608183,-0.2167121434612112,0.9807797580526884,-2.109344680498998,-1.9327705037484646,-0.9320034813737589,-0.2167121434612112,0.3496979243460232,1.4792875898265274,1.7784617493580903,train_oof,0.1905491962006118
RFEXGB_LR_NoResample,RFEXGB,supervised,LR,NoResample,28,pred_anomaly,146,146,0.0,-0.4909748658321743,-0.44489868804543575,0.9475092617444618,-2.645948490820444,-2.2218029096114966,-0.9619486869437559,-0.44489868804543575,0.1199019706102944,1.1321620677492452,1.4988641223200272,train_oof,0.1905491962006118
RFEXGB_LR_NoResample,RFEXGB,supervised,LR,NoResample,28,pred_normal,1107,1107,0.0,0.06430410004858018,-0.0354679128614753,0.9892271487599722,-2.2647066989848703,-1.619458595120265,-0.575967221568985,-0.0354679128614753,0.841652792311895,1.6919364178241398,2.1248689360566213,train_oof,0.1905491962006118
RFEXGB_LR_NoResample,RFEXGB,supervised,LR,NoResample,30,TP,28,28,0.0,0.31380484220667254,0.3680443878396973,0.9856683440619666,-1.9134590368482176,-0.846025506405292,-0.3331882234273307,0.3680443878396973,0.8495324481963088,1.7415603282401617,2.476092113774844,train_oof,0.1905491962006118
RFEXGB_LR_NoResample,RFEXGB,supervised,LR,NoResample,30,FP,118,118,0.0,0.24924224907595863,0.3590446110106018,0.9574486024174131,-1.8427507902276232,-1.3483630497493082,-0.4644349688516408,0.3590446110106018,0.9147808302072519,1.5909640626332946,2.1488302290128325,train_oof,0.1905491962006118
RFEXGB_LR_NoResample,RFEXGB,supervised,LR,NoResample,30,TN,1052,1052,0.0,-0.04092360770679761,0.0425524591874079,1.0023251318372948,-2.454555619069539,-1.7151039555349517,-0.6894293895790291,0.0425524591874079,0.6237880460664956,1.484166710928026,2.2023789011459516,train_oof,0.1905491962006118
RFEXGB_LR_NoResample,RFEXGB,supervised,LR,NoResample,30,FN,55,55,0.0,0.0886967694747709,0.1085508226007755,0.9655057038126075,-1.6822247708526559,-1.3479130609078536,-0.6099313609220188,0.1085508226007755,0.8240330805138718,1.2563223608714278,2.189959209121801,train_oof,0.1905491962006118
RFEXGB_LR_NoResample,RFEXGB,supervised,LR,NoResample,30,pred_anomaly,146,146,0.0,0.261624116251712,0.3590446110106018,0.9598160089425424,-2.036695980894632,-1.3389132840787579,-0.4201860661085874,0.3590446110106018,0.9102809417927041,1.736760447264645,2.2350480910355697,train_oof,0.1905491962006118
RFEXGB_LR_NoResample,RFEXGB,supervised,LR,NoResample,30,pred_normal,1107,1107,0.0,-0.034483570900125264,0.0545521616262023,1.0005017479306777,-2.437666037886936,-1.7076041415107053,-0.68792942677418,0.0545521616262023,0.6335378042980162,1.4585173469651078,2.207778767243409,train_oof,0.1905491962006118
RFEXGB_LR_NoResample,RFEXGB,supervised,LR,NoResample,31,TP,28,28,0.0,-0.18215440067017835,-0.43606609448512357,0.7183394948985319,-0.6881435771260676,-0.6360138703500726,-0.5078016622803196,-0.43606609448512357,-0.32920708072016625,1.762466234515908,1.7878760705274106,train_oof,0.1905491962006118
RFEXGB_LR_NoResample,RFEXGB,supervised,LR,NoResample,31,FP,118,118,0.0,-0.12150131664337599,-0.46416485126093326,0.8958148555167195,-0.844164250179774,-0.781485414121523,-0.5945170308732146,-0.46416485126093326,-0.3217171803213163,1.8595185960816258,1.9079210306839822,train_oof,0.1905491962006118
RFEXGB_LR_NoResample,RFEXGB,supervised,LR,NoResample,31,TN,1052,1052,0.0,0.02839369702895986,-0.453371951307311,1.0214660599935745,-0.8855252479848016,-0.7492090607257336,-0.5780485542198434,-0.453371951307311,-0.21923115188239584,1.8748984785155378,1.9428807223096207,train_oof,0.1905491962006118
RFEXGB_LR_NoResample,RFEXGB,supervised,LR,NoResample,31,FN,55,55,0.0,-0.1816040237917308,-0.4732829908769242,0.8864784223825202,-1.6913957314701968,-0.7327591925205583,-0.551996726745583,-0.4732829908769242,-0.2825463968689461,1.805023755539932,1.8641837340443386,train_oof,0.1905491962006118
RFEXGB_LR_NoResample,RFEXGB,supervised,LR,NoResample,31,pred_anomaly,146,146,0.0,-0.13313341494988604,-0.45346499354829073,0.8626591749445667,-0.8402043724036864,-0.7661334443599053,-0.5769320473280892,-0.45346499354829073,-0.3217171803213163,1.8581694835874238,1.9031274944287184,train_oof,0.1905491962006118
RFEXGB_LR_NoResample,RFEXGB,supervised,LR,NoResample,31,pred_normal,1107,1107,0.0,0.017960205931274238,-0.453371951307311,1.015853745157244,-0.886781318238025,-0.7493951452076926,-0.5769320473280887,-0.453371951307311,-0.22579062987145065,1.8742657912768774,1.9403071739241275,train_oof,0.1905491962006118
RFEXGB_LR_NoResample,RFEXGB,supervised,LR,NoResample,33,TP,28,28,0.0,0.32635672751925576,-0.11571296819320054,1.857601730986508,-0.27960211024071613,-0.27392967888328396,-0.225481191199066,-0.11571296819320054,0.17289036219208684,0.48415223962946413,7.240477528505495,train_oof,0.1905491962006118
RFEXGB_LR_NoResample,RFEXGB,supervised,LR,NoResample,33,FP,118,118,0.0,0.32028132299230305,-0.0393598325241007,1.7326442832351785,-0.48711048039284643,-0.3227441736093256,-0.1576512750687041,-0.0393598325241007,0.1416780950144383,0.7877821924540195,9.707211131873958,train_oof,0.1905491962006118
RFEXGB_LR_NoResample,RFEXGB,supervised,LR,NoResample,33,TN,1052,1052,0.0,-0.061388613974339784,-0.1539064807982051,0.7541769631359155,-0.5931149309853022,-0.4801949806748535,-0.2834323061543078,-0.1539064807982051,0.014253421194725325,0.48196636424080014,1.3364199702378898,train_oof,0.1905491962006118
RFEXGB_LR_NoResample,RFEXGB,supervised,LR,NoResample,33,FN,55,55,0.0,0.3206222650982424,-0.0639636392243969,1.8514019580769117,-0.39461168964364346,-0.3070397603518638,-0.21931329475353664,-0.0639636392243969,0.1313756745779507,0.693711604797436,9.660314785163393,train_oof,0.1905491962006118
RFEXGB_LR_NoResample,RFEXGB,supervised,LR,NoResample,33,pred_anomaly,146,146,0.0,0.32144646906596525,-0.06406530784712516,1.750684369191843,-0.4768433050789048,-0.3172879575228956,-0.1600065981619151,-0.06406530784712516,0.1437114674690088,0.6766244982708683,9.728758101984218,train_oof,0.1905491962006118
RFEXGB_LR_NoResample,RFEXGB,supervised,LR,NoResample,33,pred_normal,1107,1107,0.0,-0.04240885033478058,-0.1539064807982051,0.8454289053029599,-0.5931149309853022,-0.4794222991421169,-0.28014502068608627,-0.1539064807982051,0.03367212813586805,0.4893847847458902,2.9831927423470517,train_oof,0.1905491962006118
RFEXGB_LR_NoResample,RFEXGB,supervised,LR,NoResample,37,TP,28,28,0.0,0.14856179767804828,0.2392033535937822,0.8853797124958894,-1.4151322298419624,-1.2508279075076052,-0.34441234835031487,0.2392033535937822,0.7216321676283723,1.3324242366036638,1.819328779331813,train_oof,0.1905491962006118
RFEXGB_LR_NoResample,RFEXGB,supervised,LR,NoResample,37,FP,118,118,0.0,0.23080238476582224,0.16353455913483056,1.2290087114680897,-3.342013931124,-1.484306387772251,-0.29096119992397546,0.16353455913483056,0.8245095286055555,2.045658973481601,3.0839024523811784,train_oof,0.1905491962006118
RFEXGB_LR_NoResample,RFEXGB,supervised,LR,NoResample,37,TN,1052,1052,0.0,-0.03512892978812475,0.0052740805110839,0.9752927464140395,-3.081117587675635,-1.2476079588072089,-0.6107021058718195,0.0052740805110839,0.3594684375530058,1.5131760568995622,2.86555451105964,train_oof,0.1905491962006118
RFEXGB_LR_NoResample,RFEXGB,supervised,LR,NoResample,37,FN,55,55,0.0,0.11147384310184134,0.1202262491147081,0.9213816447219144,-1.6935708538099732,-1.2628061166730224,-0.3582581277619329,0.1202262491147081,0.47442060615663,1.5046753923305483,2.5089258728002335,train_oof,0.1905491962006118
RFEXGB_LR_NoResample,RFEXGB,supervised,LR,NoResample,37,pred_anomaly,146,146,0.0,0.21503021737912587,0.1698134591005763,1.1686785549921102,-3.3412025040515028,-1.4296155590962765,-0.29096119992397546,0.1698134591005763,0.8245095286055555,1.9810346030649588,3.010242905911265,train_oof,0.1905491962006118
RFEXGB_LR_NoResample,RFEXGB,supervised,LR,NoResample,37,pred_normal,1107,1107,0.0,-0.027845142517168884,0.0130019573919806,0.9728099471403779,-2.8476906265902007,-1.2476079588072089,-0.6061941776912965,0.0130019573919806,0.36703531699892383,1.5131760568995622,2.86555451105964,train_oof,0.1905491962006118
RFEXGB_LR_NoResample,RFEXGB,supervised,LR,NoResample,39,TP,28,28,0.0,-0.028078142228849357,-0.23093692247151837,0.8715841604623396,-0.6381058353159154,-0.5250804282142123,-0.30743892934929634,-0.23093692247151837,-0.0169997313080555,0.3407666013475223,3.1876247777383675,train_oof,0.1905491962006118
RFEXGB_LR_NoResample,RFEXGB,supervised,LR,NoResample,39,FP,118,118,0.0,-0.04698700523555896,-0.23077586561493585,0.925539701511532,-1.525301488074156,-1.0216724026839985,-0.3898195114924198,-0.23077586561493585,0.1147716201877411,0.7896857462682004,4.230606433021566,train_oof,0.1905491962006118
RFEXGB_LR_NoResample,RFEXGB,supervised,LR,NoResample,39,TN,1052,1052,0.0,0.005783690063843982,-0.1439125342968708,1.015383360014043,-1.4936763637151655,-0.6798506988303161,-0.35986293616764553,-0.1439125342968708,0.1435202690881217,0.9171300368837484,6.028251127491788,train_oof,0.1905491962006118
RFEXGB_LR_NoResample,RFEXGB,supervised,LR,NoResample,39,FN,55,55,0.0,0.0027780506805595816,-0.2056509959877056,0.9366035077506799,-1.0399362502207112,-0.649738435210845,-0.3092642403905921,-0.2056509959877056,0.0469935263749725,0.5031602298419694,4.435133608910975,train_oof,0.1905491962006118
RFEXGB_LR_NoResample,RFEXGB,supervised,LR,NoResample,39,pred_anomaly,146,146,0.0,-0.04336064794660098,-0.23077586561493585,0.9125328917379275,-1.4940951115422865,-0.8309810844875991,-0.3821693108046399,-0.23077586561493585,0.07668167360543555,0.7100109193157039,4.230606433021566,train_oof,0.1905491962006118
RFEXGB_LR_NoResample,RFEXGB,supervised,LR,NoResample,39,pred_normal,1107,1107,0.0,0.005634358387167703,-0.1439125342968708,1.0112188153778474,-1.4917952196302549,-0.6798023817733391,-0.3598360933582138,-0.1439125342968708,0.1390106771037504,0.9171300368837484,4.675230728433325,train_oof,0.1905491962006118
RFEXGB_LR_NoResample,RFEXGB,supervised,LR,NoResample,51,TP,28,28,0.0,0.1346367865646473,0.597743658814852,0.9925315443439842,-1.8427120915651118,-1.7492424798008044,-0.4837495502451211,0.597743658814852,0.8202628623340811,1.1229187355493209,1.153350836812998,train_oof,0.1905491962006118
RFEXGB_LR_NoResample,RFEXGB,supervised,LR,NoResample,51,FP,118,118,0.0,-0.06773689226964359,0.3513632300634447,1.0127783942333302,-1.854356026388767,-1.7701669896034675,-0.7272916544204006,0.3513632300634447,0.7694402340165598,1.0641208399112652,1.3574630497900964,train_oof,0.1905491962006118
RFEXGB_LR_NoResample,RFEXGB,supervised,LR,NoResample,51,TN,1052,1052,0.0,0.0061644689413328365,0.40546912734437324,0.9955583733973592,-1.870458064799887,-1.7631569093384156,-0.6843386449043947,0.40546912734437324,0.8279279469223524,1.214300415879687,1.4706325722393516,train_oof,0.1905491962006118
RFEXGB_LR_NoResample,RFEXGB,supervised,LR,NoResample,51,FN,55,55,0.0,-0.02969054710757618,0.3669226754951561,1.0798337328087868,-1.888764652135887,-1.803212543271566,-0.8118937678429805,0.3669226754951561,0.8100006880784474,1.1895474049830694,1.291776870712038,train_oof,0.1905491962006118
RFEXGB_LR_NoResample,RFEXGB,supervised,LR,NoResample,51,pred_anomaly,146,146,0.0,-0.02892550180827274,0.44860935164427596,1.00870103538496,-1.855615610753764,-1.7819471706046544,-0.6975294521891818,0.44860935164427596,0.7735762786916386,1.1005955581166549,1.3363227234030728,train_oof,0.1905491962006118
RFEXGB_LR_NoResample,RFEXGB,supervised,LR,NoResample,51,pred_normal,1107,1107,0.0,0.004383054413157592,0.4053371697874416,0.9994201922959017,-1.8721674924764644,-1.7686916216434976,-0.6904169398705622,0.4053371697874416,0.8270306355352166,1.21327436340107,1.4639954700089686,train_oof,0.1905491962006118
RFEXGB_LR_NoResample,RFEXGB,supervised,LR,NoResample,55,TP,28,28,0.0,0.08266016087588353,-0.6613722665554285,1.421100651116856,-1.5856139916426144,-1.4890223574994952,-0.9924323029330553,-0.6613722665554285,1.0328761549065433,2.748546108134125,3.1166069721068994,train_oof,0.1905491962006118
RFEXGB_LR_NoResample,RFEXGB,supervised,LR,NoResample,55,FP,118,118,0.0,-0.030278757528487167,-0.077148672947852,1.0968758319264797,-1.5571817767537124,-1.4072310543944344,-0.8853246441049994,-0.077148672947852,0.740764358102755,2.004634732273811,2.1039527431871,train_oof,0.1905491962006118
RFEXGB_LR_NoResample,RFEXGB,supervised,LR,NoResample,55,TN,1052,1052,0.0,0.0033704527420316288,-0.0382004333740136,0.9696005889237463,-2.063508891213612,-1.4013888184583587,-0.700320506129267,-0.0382004333740136,0.6628678789550781,1.831315066170231,2.298693941056292,train_oof,0.1905491962006118
RFEXGB_LR_NoResample,RFEXGB,supervised,LR,NoResample,55,FN,55,55,0.0,-0.022621137544478254,0.0786442853475016,1.1122711262030691,-1.6677947771434136,-1.3741250507566718,-1.0508546622938129,0.0786442853475016,0.7212902383158357,2.065004503613262,2.175617504002963,train_oof,0.1905491962006118
RFEXGB_LR_NoResample,RFEXGB,supervised,LR,NoResample,55,pred_anomaly,146,146,0.0,-0.008619238930388694,-0.077148672947852,1.1613988701243654,-1.5571817767537124,-1.4305999981387374,-0.9632211232526764,-0.077148672947852,0.8089237773569722,2.0942156832936405,3.1166069721068994,train_oof,0.1905491962006118
RFEXGB_LR_NoResample,RFEXGB,supervised,LR,NoResample,55,pred_normal,1107,1107,0.0,0.0020790909843459533,-0.0382004333740136,0.9766315432795689,-2.063508891213612,-1.4013888184583587,-0.7392687457031054,-0.0382004333740136,0.6628678789550781,1.8585788338719196,2.298693941056292,train_oof,0.1905491962006118
RFEXGB_LR_NoResample,RFEXGB,supervised,LR,NoResample,56,TP,28,28,0.0,0.3270515107262707,0.6292656292611227,0.823987751538323,-2.144346659003753,-1.705611624314585,0.3447002126728994,0.6292656292611227,0.7661451967339358,1.000281298990052,1.141195211609439,train_oof,0.1905491962006118
RFEXGB_LR_NoResample,RFEXGB,supervised,LR,NoResample,56,FP,118,118,0.0,0.2031196074233704,0.463569310741405,0.7456988729640822,-1.866985430177272,-1.4383362583545254,-0.12357199183935308,0.463569310741405,0.686899131354932,1.0254959561560937,1.2557417970208935,train_oof,0.1905491962006118
RFEXGB_LR_NoResample,RFEXGB,supervised,LR,NoResample,56,TN,1052,1052,0.0,-0.039970127121751894,0.2618520534130405,1.0381854082856041,-3.1774271840354045,-1.6256451401594216,-0.5738337269472901,0.2618520534130405,0.6220614414993966,1.054312707203014,1.183988086914101,train_oof,0.1905491962006118
RFEXGB_LR_NoResample,RFEXGB,supervised,LR,NoResample,56,FN,55,55,0.0,0.17775953444888487,0.3483023065537704,0.655123597910888,-1.6040325768742416,-0.9282797648242492,-0.19201177557575555,0.3483023065537704,0.6364698170228489,1.012528418184991,1.2370109088404058,train_oof,0.1905491962006118
RFEXGB_LR_NoResample,RFEXGB,supervised,LR,NoResample,56,pred_anomaly,146,146,0.0,0.22688736970063894,0.506794437311762,0.7599419332617309,-2.144346659003753,-1.4383362583545254,0.024113857276049172,0.506794437311762,0.7085116946401104,1.0254959561560937,1.2315357261414948,train_oof,0.1905491962006118
RFEXGB_LR_NoResample,RFEXGB,supervised,LR,NoResample,56,pred_normal,1107,1107,0.0,-0.029152483592948798,0.2618520534130405,1.0234378608089743,-2.9656240638406315,-1.5824200135890645,-0.5450169759003695,0.2618520534130405,0.6220614414993966,1.054312707203014,1.183988086914101,train_oof,0.1905491962006118
RFEXGB_LR_NoResample,RFEXGB,supervised,LR,NoResample,58,TP,28,28,0.0,0.3014672770314051,0.13752337152966884,0.8840895995771053,-0.8581747560614307,-0.8453746083311428,-0.41754294248882673,0.13752337152966884,0.917624540806463,1.8183538303986462,1.956678007484022,train_oof,0.1905491962006118
RFEXGB_LR_NoResample,RFEXGB,supervised,LR,NoResample,58,FP,118,118,0.0,0.05192244606944273,-0.0246904821951782,0.870945617412978,-1.3430467115589937,-1.1882652016775312,-0.7118873534295581,-0.0246904821951782,0.717954033585148,1.4450850062637843,1.9492574610118099,train_oof,0.1905491962006118
RFEXGB_LR_NoResample,RFEXGB,supervised,LR,NoResample,58,TN,1052,1052,0.0,-0.017678992091384856,-0.2895414651859396,1.0212873076220501,-1.6643481156459976,-1.1979980329010207,-0.7166063019015534,-0.2895414651859396,0.9102511838189764,1.5614660729543783,2.2115012249717947,train_oof,0.1905491962006118
RFEXGB_LR_NoResample,RFEXGB,supervised,LR,NoResample,58,FN,55,55,0.0,0.09700476396785315,0.1634775881256426,0.8881430029301173,-1.3497476183892212,-1.0317140861190706,-0.6700066857405993,0.1634775881256426,0.6849213942811763,1.610897058198536,1.883203979775053,train_oof,0.1905491962006118
RFEXGB_LR_NoResample,RFEXGB,supervised,LR,NoResample,58,pred_anomaly,146,146,0.0,0.09978035885666842,-0.00699442542519885,0.8759733137837709,-1.3430467115589937,-1.107689156518205,-0.6947811652185742,-0.00699442542519885,0.8146924772610551,1.5529129788488876,1.956678007484022,train_oof,0.1905491962006118
RFEXGB_LR_NoResample,RFEXGB,supervised,LR,NoResample,58,pred_normal,1107,1107,0.0,-0.01198106383189245,-0.2848225167139444,1.0150337883063494,-1.6543321475141863,-1.193220097573122,-0.7166063019015534,-0.2848225167139444,0.905532235346976,1.5614660729543783,2.20852828743444,train_oof,0.1905491962006118
RFEXGB_LR_NoResample,RFEXGB,supervised,LR,NoResample,59,TP,28,28,0.0,0.5960634575227578,0.5406177948867613,0.8516534114044986,-0.8507235666310528,-0.6728607912105902,-0.014363688479427223,0.5406177948867613,1.3203310391840715,2.1038220964193486,2.178497810790407,train_oof,0.1905491962006118
RFEXGB_LR_NoResample,RFEXGB,supervised,LR,NoResample,59,FP,118,118,0.0,0.6438705191899897,0.00156541419667755,1.961136361666104,-1.2744497503553782,-0.8841185214660444,-0.2723285558521126,0.00156541419667755,1.4151865541184605,2.3979825642935304,7.5071738570861575,train_oof,0.1905491962006118
RFEXGB_LR_NoResample,RFEXGB,supervised,LR,NoResample,59,TN,1052,1052,0.0,-0.11956705273405044,-0.2529254857826496,0.7570948983704197,-1.5338784442801394,-0.9216545872285066,-0.5196183164242164,-0.2529254857826496,0.030757374894947,1.7737101172978371,2.4867029312730318,train_oof,0.1905491962006118
RFEXGB_LR_NoResample,RFEXGB,supervised,LR,NoResample,59,FN,55,55,0.0,0.5874156252953376,0.1860351084209573,1.2274168156347163,-1.2474384891307646,-0.8459448864691453,-0.2161449826077808,0.1860351084209573,1.4178553308186062,2.4715825641548266,3.7427455179231823,train_oof,0.1905491962006118
RFEXGB_LR_NoResample,RFEXGB,supervised,LR,NoResample,59,pred_anomaly,146,146,0.0,0.6347020416099725,0.10276117282856545,1.7996622650869358,-1.2206188531629507,-0.8737148500186467,-0.23082831855099054,0.10276117282856545,1.3581471492568147,2.259879700176521,5.875736379546772,train_oof,0.1905491962006118
RFEXGB_LR_NoResample,RFEXGB,supervised,LR,NoResample,59,pred_normal,1107,1107,0.0,-0.08444144542455058,-0.239804422347969,0.8011654284126076,-1.5374835716669202,-0.9206868391689281,-0.5111941986999435,-0.239804422347969,0.05828324919027935,1.9568540321291423,2.5010085872042938,train_oof,0.1905491962006118
RFEXGB_LR_NoResample,RFEXGB,supervised,LR,NoResample,63,TP,28,28,0.0,0.541276523029555,0.15627155444515234,1.0950672729825608,-0.6870327822486026,-0.4858341704700202,-0.3630493242285704,0.15627155444515234,1.0253313982309342,2.5619925421282814,2.830558946335237,train_oof,0.1905491962006118
RFEXGB_LR_NoResample,RFEXGB,supervised,LR,NoResample,63,FP,118,118,0.0,0.3313345311181252,-0.09075034596312881,2.4315204806658577,-1.0398979913027793,-0.8915377650440838,-0.5150548588401438,-0.09075034596312881,0.5514253247466151,1.5273290351158693,8.797514107972207,train_oof,0.1905491962006118
RFEXGB_LR_NoResample,RFEXGB,supervised,LR,NoResample,63,TN,1052,1052,0.0,-0.05879179774602817,-0.11158086973683826,0.6452009735141288,-1.2258809280055685,-0.9684201839854057,-0.48555771804385817,-0.11158086973683826,0.27515275919910814,1.051645006148596,2.0694313256964576,train_oof,0.1905491962006118
RFEXGB_LR_NoResample,RFEXGB,supervised,LR,NoResample,63,FN,55,55,0.0,0.1293149902496012,-0.0912299742687594,1.0452919874557867,-1.0039522479372893,-0.8379153204745757,-0.5416875528111353,-0.0912299742687594,0.3099724418870454,1.7595224270750704,3.743840386670084,train_oof,0.1905491962006118
RFEXGB_LR_NoResample,RFEXGB,supervised,LR,NoResample,63,pred_anomaly,146,146,0.0,0.37159737888196104,-0.07434306100801319,2.2362425951734783,-1.01666479617803,-0.87689444641301,-0.4276426001389555,-0.07434306100801319,0.6349639187294112,2.2841092248543644,6.840370289413306,train_oof,0.1905491962006118
RFEXGB_LR_NoResample,RFEXGB,supervised,LR,NoResample,63,pred_normal,1107,1107,0.0,-0.049445932037121554,-0.1086697923818299,0.6712694388867596,-1.2239812002250163,-0.9653152568568716,-0.48619722245136554,-0.1086697923818299,0.27745097816358855,1.1015989603304548,2.2903878258352504,train_oof,0.1905491962006118
RFEXGB_LR_NoResample,RFEXGB,supervised,LR,NoResample,64,TP,28,28,0.0,1.0655153144571592,0.8874244739432295,1.529075963778244,-1.0817782423410744,-0.9928059072846264,-0.3724323833282632,0.8874244739432295,2.229852828475867,3.4386251011624833,3.6131750187715963,train_oof,0.1905491962006118
RFEXGB_LR_NoResample,RFEXGB,supervised,LR,NoResample,64,FP,118,118,0.0,0.22950471877205783,-0.1549684124367786,1.2679522582533906,-1.7883496747034966,-1.2050078596551577,-0.6403865781929678,-0.1549684124367786,1.0107543008621451,2.5520804641763863,3.834432957758584,train_oof,0.1905491962006118
RFEXGB_LR_NoResample,RFEXGB,supervised,LR,NoResample,64,TN,1052,1052,0.0,-0.05958384104087054,-0.1265689292859121,0.8986254814654919,-1.8647611212157678,-1.3712564054858205,-0.6250762139728843,-0.1265689292859121,0.39665604841486807,1.3726691999987437,2.9967960849738535,train_oof,0.1905491962006118
RFEXGB_LR_NoResample,RFEXGB,supervised,LR,NoResample,64,FN,55,55,0.0,0.062362320619793736,-0.3060840908170513,1.3956474673021877,-2.0889517125449863,-1.711262117638784,-0.8237356699494739,-0.3060840908170513,0.8316397748968842,2.9374107371708797,3.7147293391311345,train_oof,0.1905491962006118
RFEXGB_LR_NoResample,RFEXGB,supervised,LR,NoResample,64,pred_anomaly,146,146,0.0,0.38983551794454313,-0.0001506585743397005,1.3570905365461963,-1.787372732483107,-1.1675671981897615,-0.6403865781929678,-0.0001506585743397005,1.165744480158,2.9209897503061466,3.7984394528131777,train_oof,0.1905491962006118
RFEXGB_LR_NoResample,RFEXGB,supervised,LR,NoResample,64,pred_normal,1107,1107,0.0,-0.05352508865483935,-0.1329283849771954,0.9290722651563391,-1.8683303276874783,-1.3843374102785606,-0.6346153975098092,-0.1329283849771954,0.40287857802667426,1.4757765663797366,3.0452967222989056,train_oof,0.1905491962006118
RFEXGB_LR_NoResample,RFEXGB,supervised,LR,NoResample,67,TP,28,28,0.0,-0.05706330677517914,-0.0571758336554063,0.0007393597548801127,-0.057990910940665344,-0.05789521624522502,-0.057610578187682275,-0.0571758336554063,-0.056928249589107624,-0.05574070407145605,-0.05509999868078503,train_oof,0.1905491962006118
RFEXGB_LR_NoResample,RFEXGB,supervised,LR,NoResample,67,FP,118,118,0.0,0.2788590689943496,-0.0572677415143788,2.5761078722293704,-0.05870406648219098,-0.05779904746810706,-0.05756266103652495,-0.0572677415143788,-0.05701441320689432,-0.055818127717210814,15.303076873072555,train_oof,0.1905491962006118
RFEXGB_LR_NoResample,RFEXGB,supervised,LR,NoResample,67,TN,1052,1052,0.0,-0.044690431161841786,-0.057300607299391154,0.33601542887955416,-0.058707335609832906,-0.05776343317275515,-0.0575335762710273,-0.057300607299391154,-0.0570453157702356,-0.0563234318905841,-0.05568156020081664,train_oof,0.1905491962006118
RFEXGB_LR_NoResample,RFEXGB,supervised,LR,NoResample,67,FN,55,55,0.0,0.2793375445778439,-0.0571945933291523,2.495345135443113,-0.05787420541062944,-0.057782919965638606,-0.0574900945466083,-0.0571945933291523,-0.056933557558810896,-0.055796285058322063,8.456476382244913,train_oof,0.1905491962006118
RFEXGB_LR_NoResample,RFEXGB,supervised,LR,NoResample,67,pred_anomaly,146,146,0.0,0.21443559966868644,-0.05724316488753335,2.317853500755412,-0.05847756596240154,-0.0578447832618521,-0.057566660191780875,-0.05724316488753335,-0.05699216336128862,-0.05581742968283888,10.122513729585375,train_oof,0.1905491962006118
RFEXGB_LR_NoResample,RFEXGB,supervised,LR,NoResample,67,pred_normal,1107,1107,0.0,-0.028591480244332546,-0.0572949357701191,0.6451913651992917,-0.0587022603182536,-0.057771082466081015,-0.0575321220327524,-0.0572949357701191,-0.05703782644311995,-0.05606075283099212,-0.05566953365028336,train_oof,0.1905491962006118
RFEXGB_LR_NoResample,RFEXGB,supervised,LR,NoResample,68,TP,28,28,0.0,0.05846607401486671,0.05902172241873735,0.8647479867318986,-1.6285500840316385,-1.3089476046888011,-0.528524372638727,0.05902172241873735,0.6594924308704511,1.1644136082720558,1.924090318042536,train_oof,0.1905491962006118
RFEXGB_LR_NoResample,RFEXGB,supervised,LR,NoResample,68,FP,118,118,0.0,-0.19721538206430766,-0.08643082330334159,1.337737839834751,-4.29642481853451,-1.849440698345825,-0.7751512318992874,-0.08643082330334159,0.512471336008272,1.2560967525118831,1.8568172712251645,train_oof,0.1905491962006118
RFEXGB_LR_NoResample,RFEXGB,supervised,LR,NoResample,68,TN,1052,1052,0.0,0.03539924904924073,0.0747998218870385,0.8598050106183749,-1.9872577089180257,-1.340695965365076,-0.47985304526200834,0.0747998218870385,0.5740962168002726,1.335016189874419,1.839339119161186,train_oof,0.1905491962006118
RFEXGB_LR_NoResample,RFEXGB,supervised,LR,NoResample,68,FN,55,55,0.0,-0.29386615895029583,-0.0795778263222451,2.0648136631630667,-7.268487419576116,-1.4826942301764154,-0.6923654077264667,-0.0795778263222451,0.48027266860469203,1.6973209436153758,1.84384589075693,train_oof,0.1905491962006118
RFEXGB_LR_NoResample,RFEXGB,supervised,LR,NoResample,68,pred_anomaly,146,146,0.0,-0.14818058226830164,-0.08105955539923865,1.2623081788559871,-3.8177198273881245,-1.6853264694595143,-0.7418875717216173,-0.08105955539923865,0.5910319171099723,1.2320938990654262,2.0488611671321406,train_oof,0.1905491962006118
RFEXGB_LR_NoResample,RFEXGB,supervised,LR,NoResample,68,pred_normal,1107,1107,0.0,0.01904008243679762,0.0610243718743657,0.9569675748381549,-2.056019198897266,-1.3564856408417898,-0.4858031135868114,0.0610243718743657,0.5706812943181386,1.348470984454027,1.8472987825466634,train_oof,0.1905491962006118
RFEXGB_LR_NoResample,RFEXGB,supervised,LR,NoResample,71,TP,28,28,0.0,-0.27088048678411386,-0.27088651600886465,1.154861052231782,-2.5938703118425996,-2.206447491154346,-0.8344202933035633,-0.27088651600886465,0.19798001453646252,1.8667368963538613,2.520589830072395,train_oof,0.1905491962006118
RFEXGB_LR_NoResample,RFEXGB,supervised,LR,NoResample,71,FP,118,118,0.0,-0.07016861095035082,-0.0772598970413454,1.086334788157196,-1.8577304368196121,-1.5668550208773562,-0.7515034367985831,-0.0772598970413454,0.22950364550723484,2.7107350336077336,3.174092067676557,train_oof,0.1905491962006118
RFEXGB_LR_NoResample,RFEXGB,supervised,LR,NoResample,71,TN,1052,1052,0.0,0.014422153653711233,-0.041250636614984904,0.9737325732590588,-1.764738058652053,-1.3519819826830408,-0.4945476611926829,-0.041250636614984904,0.3776464755089682,1.8391685505785293,3.7019768364117005,train_oof,0.1905491962006118
RFEXGB_LR_NoResample,RFEXGB,supervised,LR,NoResample,71,FN,55,55,0.0,0.024682694216571918,-0.1142645483463642,1.189124327280644,-1.9473609738704614,-1.3097930171568852,-0.622117752514296,-0.1142645483463642,0.24334356028410675,2.301371058638141,3.9147103416357916,train_oof,0.1905491962006118
RFEXGB_LR_NoResample,RFEXGB,supervised,LR,NoResample,71,pred_anomaly,146,146,0.0,-0.10866129946641498,-0.08879687548135226,1.0985761727237475,-2.5424307727615902,-1.6437152822264136,-0.7863803405613813,-0.08879687548135226,0.22950364550723484,2.5223427372990943,3.132288326383572,train_oof,0.1905491962006118
RFEXGB_LR_NoResample,RFEXGB,supervised,LR,NoResample,71,pred_normal,1107,1107,0.0,0.014931936608505572,-0.0430073024376418,0.9849103089084384,-1.773733843994479,-1.3523212118944876,-0.49665868616814246,-0.0430073024376418,0.37639944981618423,2.0216184429728523,3.737682128353102,train_oof,0.1905491962006118
RFEXGB_LR_NoResample,RFEXGB,supervised,LR,NoResample,75,TP,28,28,0.0,0.5228505326921269,0.03653887102701545,2.307372181780918,-2.1663223711722366,-1.5147811698498297,-0.43482629828669295,0.03653887102701545,0.9858771325887368,3.2028352770478343,8.747939886598658,train_oof,0.1905491962006118
RFEXGB_LR_NoResample,RFEXGB,supervised,LR,NoResample,75,FP,118,118,0.0,0.09518885368120812,0.2061422263408265,1.2588594933401165,-2.9648678313731325,-1.8967191154526197,-0.7057511385931703,0.2061422263408265,0.8360975460778387,1.758783851804531,2.752923830860836,train_oof,0.1905491962006118
RFEXGB_LR_NoResample,RFEXGB,supervised,LR,NoResample,75,TN,1052,1052,0.0,-0.020782492315288857,0.0167151022241025,0.9025881250357974,-3.1323566513479655,-1.4826226115695484,-0.5295398603450548,0.0167151022241025,0.5519568599027528,1.3338944071287644,1.9614268217898654,train_oof,0.1905491962006118
RFEXGB_LR_NoResample,RFEXGB,supervised,LR,NoResample,75,FN,55,55,0.0,-0.07940014045668765,0.034336230048914,0.875018860982566,-2.319229707872038,-1.7092743682161866,-0.619848140447214,0.034336230048914,0.4748644256692023,1.1629694672280921,1.4220000462528224,train_oof,0.1905491962006118
RFEXGB_LR_NoResample,RFEXGB,supervised,LR,NoResample,75,pred_anomaly,146,146,0.0,0.17720616198467196,0.1664946887350005,1.5161182409088476,-2.898259968195345,-1.8213887940015505,-0.6881300107683588,0.1664946887350005,0.8559213148807517,1.872440126274567,4.8015120989538795,train_oof,0.1905491962006118
RFEXGB_LR_NoResample,RFEXGB,supervised,LR,NoResample,75,pred_normal,1107,1107,0.0,-0.023694841590606773,0.0167151022241025,0.9009430359644323,-3.097554923893963,-1.4898913267972833,-0.5339451423012579,0.0167151022241025,0.5475515779465499,1.328167540585701,1.9485193456581924,train_oof,0.1905491962006118
RFEXGB_LR_NoResample,RFEXGB,supervised,LR,NoResample,77,TP,28,28,0.0,-0.16170998221799185,0.026111461369768302,1.0110627694444705,-2.2709459327106214,-1.9119689240225244,-0.6571758885895845,0.026111461369768302,0.3840998162492885,1.3507481045698484,1.715082979059261,train_oof,0.1905491962006118
RFEXGB_LR_NoResample,RFEXGB,supervised,LR,NoResample,77,FP,118,118,0.0,-0.10999735710996188,-0.1126189924142775,0.9927966034510572,-1.8638438079857136,-1.5667373924794674,-0.7791630117445215,-0.1126189924142775,0.3793160074981153,1.7100121417830152,2.561976588308764,train_oof,0.1905491962006118
RFEXGB_LR_NoResample,RFEXGB,supervised,LR,NoResample,77,TN,1052,1052,0.0,0.015191979474535506,-0.09826756616075555,0.9882813946127713,-1.9208349162413667,-1.3323307636719413,-0.7058112775598534,-0.09826756616075555,0.5292086817015673,2.011392093106978,2.5709382567026298,train_oof,0.1905491962006118
RFEXGB_LR_NoResample,RFEXGB,supervised,LR,NoResample,77,FN,55,55,0.0,-0.022161517846623797,-0.0711593165707695,1.1083964728345168,-2.146885825763509,-1.5984699905289215,-0.7632169825739415,-0.0711593165707695,0.5475466152477342,2.1370468029711467,2.8159649409377625,train_oof,0.1905491962006118
RFEXGB_LR_NoResample,RFEXGB,supervised,LR,NoResample,77,pred_anomaly,146,146,0.0,-0.11991484685670735,-0.07434852240488554,0.9930159132158618,-2.0593102335586835,-1.6498162044581892,-0.7687980927836445,-0.07434852240488554,0.3793160074981153,1.691674208236849,2.5548327672403444,train_oof,0.1905491962006118
RFEXGB_LR_NoResample,RFEXGB,supervised,LR,NoResample,77,pred_normal,1107,1107,0.0,0.013336114657314388,-0.0966729632436975,0.9940719665754979,-1.9237052014920712,-1.3417389208825836,-0.7090004833939664,-0.0966729632436975,0.5300059831600963,2.011392093106978,2.5784966745294846,train_oof,0.1905491962006118
RFEXGB_LR_NoResample,RFEXGB,supervised,LR,NoResample,79,TP,28,28,0.0,0.5055779371215328,0.6438040063094412,1.1489512719087396,-1.438701312946263,-1.0272195832325082,-0.5278779082911889,0.6438040063094412,0.9558925531477658,2.344200635553821,2.427697820472642,train_oof,0.1905491962006118
RFEXGB_LR_NoResample,RFEXGB,supervised,LR,NoResample,79,FP,118,118,0.0,0.33418639688377133,0.2096877577661641,1.1875633215408508,-1.8350213706959688,-1.2120969507713355,-0.5710735549124103,0.2096877577661641,0.9299751651750329,2.7940832951138415,3.219603609979494,train_oof,0.1905491962006118
RFEXGB_LR_NoResample,RFEXGB,supervised,LR,NoResample,79,TN,1052,1052,0.0,-0.06735310974913479,-0.1769132794937651,0.9503524600734955,-1.8698370618726738,-1.4526967024515385,-0.6099496368715095,-0.1769132794937651,0.3209165478158114,1.8016633139912779,2.976023358682427,train_oof,0.1905491962006118
RFEXGB_LR_NoResample,RFEXGB,supervised,LR,NoResample,79,FN,55,55,0.0,0.23391658864370588,0.1816105874623723,1.0409887531874251,-1.3946849490392386,-1.1963305397545898,-0.5267980171256583,0.1816105874623723,0.7150768232344565,2.301220967165706,2.7938241212341155,train_oof,0.1905491962006118
RFEXGB_LR_NoResample,RFEXGB,supervised,LR,NoResample,79,pred_anomaly,146,146,0.0,0.3670560073403283,0.30471818033285336,1.1782893576663023,-1.7701847051175157,-1.1920109750924677,-0.5548751874294523,0.30471818033285336,0.9299751651750329,2.715035261797007,3.150663357972028,train_oof,0.1905491962006118
RFEXGB_LR_NoResample,RFEXGB,supervised,LR,NoResample,79,pred_normal,1107,1107,0.0,-0.052384877218325174,-0.1639545855073987,0.956793986958832,-1.8513493251187911,-1.4412498560969151,-0.608869745705979,-0.1639545855073987,0.3371149152987694,1.9219631898313834,2.9915737914660685,train_oof,0.1905491962006118
RFEXGB_LR_NoResample,RFEXGB,supervised,LR,NoResample,81,TP,28,28,0.0,0.022776297549727625,0.031875542107855696,1.1198825286687237,-2.769092007636069,-2.5594623418438838,-0.22142203314980255,0.031875542107855696,0.805099719210181,1.387536015065802,1.7523437743316275,train_oof,0.1905491962006118
RFEXGB_LR_NoResample,RFEXGB,supervised,LR,NoResample,81,FP,118,118,0.0,-0.05534378353840309,0.049650810546989554,1.0670974522779393,-3.8556349164255295,-2.2863157168291925,-0.27326656609727645,0.049650810546989554,0.5829088637210071,1.2278548535875815,1.4894475541168368,train_oof,0.1905491962006118
RFEXGB_LR_NoResample,RFEXGB,supervised,LR,NoResample,81,TN,1052,1052,0.0,0.005545918509436728,0.0970515263846801,0.9740383504893199,-2.8827944747517296,-2.0353881773634184,-0.34796285880074024,0.0970515263846801,0.5295830584036054,1.4177539714123293,2.3658867899557334,train_oof,0.1905491962006118
RFEXGB_LR_NoResample,RFEXGB,supervised,LR,NoResample,81,FN,55,55,0.0,-0.020265245313603554,0.0615009895064123,1.1554765108577696,-3.235929807742523,-2.35060293768406,-0.4480567057487599,0.0615009895064123,0.6273470348188419,1.5617336457693143,1.8293106866730773,train_oof,0.1905491962006118
RFEXGB_LR_NoResample,RFEXGB,supervised,LR,NoResample,81,pred_anomaly,146,146,0.0,-0.04036185017903554,0.049650810546989554,1.0739143596165304,-3.827431490502103,-2.4107425959031303,-0.25697257002807034,0.049650810546989554,0.6154968558594193,1.3087323249856422,1.6947519045888377,train_oof,0.1905491962006118
RFEXGB_LR_NoResample,RFEXGB,supervised,LR,NoResample,81,pred_normal,1107,1107,0.0,0.0042635210295205415,0.0970515263846801,0.9832542832288111,-2.9459559286054517,-2.0827888932011067,-0.3515580777476685,0.0970515263846801,0.5355081478833167,1.4426393472271182,2.3373278586635298,train_oof,0.1905491962006118
RFEXGB_LR_NoResample,RFEXGB,supervised,LR,NoResample,84,TP,28,28,0.0,-0.020688021225353927,0.0863440559767919,0.9607740534369198,-1.6722992957099465,-1.425005579853759,-0.8811975690624674,0.0863440559767919,0.7164865502331286,1.343651993335496,1.4496350144167196,train_oof,0.1905491962006118
RFEXGB_LR_NoResample,RFEXGB,supervised,LR,NoResample,84,FP,118,118,0.0,-0.15937967546879805,-0.10220251710778219,1.0134104896099614,-3.0139570157643805,-1.8408003910244757,-0.6529569805916675,-0.10220251710778219,0.3741256675269281,1.498458653341775,2.214935631063155,train_oof,0.1905491962006118
RFEXGB_LR_NoResample,RFEXGB,supervised,LR,NoResample,84,TN,1052,1052,0.0,0.017810531391043993,0.016879529050896,1.0042817787532372,-2.404455409508883,-1.5202712167807022,-0.6579187325149466,0.016879529050896,0.6569455271537894,1.684028175272381,2.3985204522244508,train_oof,0.1905491962006118
RFEXGB_LR_NoResample,RFEXGB,supervised,LR,NoResample,84,FN,55,55,0.0,-0.0033283333275463613,-0.0823555094146687,0.8212183016353823,-1.659398740709424,-1.2751606717707564,-0.5388366863562684,-0.0823555094146687,0.5428252329183888,1.3863230598756866,1.749523300659657,train_oof,0.1905491962006118
RFEXGB_LR_NoResample,RFEXGB,supervised,LR,NoResample,84,pred_anomaly,146,146,0.0,-0.13278127602484988,-0.0823555094146687,1.0017837135641192,-2.808342016063731,-1.694924884480095,-0.6876892440546127,-0.0823555094146687,0.4485519463761031,1.455787586801584,2.0760065772113707,train_oof,0.1905491962006118
RFEXGB_LR_NoResample,RFEXGB,supervised,LR,NoResample,84,pred_normal,1107,1107,0.0,0.016760271626344376,0.016879529050896,0.9956780456596513,-2.404455409508883,-1.5113400633188026,-0.6579187325149466,0.016879529050896,0.6420602713839536,1.684028175272381,2.3985204522244508,train_oof,0.1905491962006118
RFEXGB_LR_NoResample,RFEXGB,supervised,LR,NoResample,88,TP,28,28,0.0,0.09114579869593367,0.22746443744971784,0.7441740113142905,-1.9092556533346712,-0.8941775250811266,-0.3338776168598712,0.22746443744971784,0.5767714730787573,1.131764439735832,1.2584706132835928,train_oof,0.1905491962006118
RFEXGB_LR_NoResample,RFEXGB,supervised,LR,NoResample,88,FP,118,118,0.0,0.05032120159591056,0.1185502491525989,0.978356790297991,-2.725565552530005,-1.7011371703190137,-0.4835564483533831,0.1185502491525989,0.6527505156845888,1.3867914408249455,2.0106566175536695,train_oof,0.1905491962006118
RFEXGB_LR_NoResample,RFEXGB,supervised,LR,NoResample,88,TN,1052,1052,0.0,-0.013402431561157075,0.0229645459776822,1.003003924636603,-2.769499124885976,-1.8089309645767528,-0.6045181877664625,0.0229645459776822,0.6340020432804768,1.5032370884578752,2.217716608935447,train_oof,0.1905491962006118
RFEXGB_LR_NoResample,RFEXGB,supervised,LR,NoResample,88,FN,55,55,0.0,0.10198861546414625,-0.0533215634071802,1.1175455562333574,-2.9942776123970694,-1.5110208886840104,-0.6314761116687191,-0.0533215634071802,0.8838359009072863,1.6421817494079014,2.2580863821231327,train_oof,0.1905491962006118
RFEXGB_LR_NoResample,RFEXGB,supervised,LR,NoResample,88,pred_anomaly,146,146,0.0,0.05815057638221639,0.14118948806465398,0.9358030865290878,-2.686352419487868,-1.6801571265419146,-0.3632812594722803,0.14118948806465398,0.6309614708559722,1.3632762386725024,1.9657633604116167,train_oof,0.1905491962006118
RFEXGB_LR_NoResample,RFEXGB,supervised,LR,NoResample,88,pred_normal,1107,1107,0.0,-0.0076693623774247485,0.0227106163288676,1.0087594275047855,-2.787981817590997,-1.8089309645767528,-0.6080807266913079,0.0227106163288676,0.6566732585186752,1.5206075693010894,2.219048893159559,train_oof,0.1905491962006118
RFEXGB_LR_NoResample,RFEXGB,supervised,LR,NoResample,90,TP,28,28,0.0,-0.1313898111175453,-0.14715956126427526,0.7508521735356382,-1.7761261180945886,-1.457679775223647,-0.5203288550806986,-0.14715956126427526,0.4251321148178905,0.9680472459989105,1.232696729617996,train_oof,0.1905491962006118
RFEXGB_LR_NoResample,RFEXGB,supervised,LR,NoResample,90,FP,118,118,0.0,-0.08932123656349233,-0.0573124527850644,1.077312882233301,-2.6230546055515496,-1.6408143580332222,-0.688824235392211,-0.0573124527850644,0.48185929477691236,1.4046363499920498,3.2613468995109947,train_oof,0.1905491962006118
RFEXGB_LR_NoResample,RFEXGB,supervised,LR,NoResample,90,TN,1052,1052,0.0,0.022571643814338127,0.01907793984321125,0.9862789296215428,-2.2284483716389842,-1.5185437633146694,-0.6298269659765949,0.01907793984321125,0.6356955673348745,1.5982274751254963,2.5070831355216088,train_oof,0.1905491962006118
RFEXGB_LR_NoResample,RFEXGB,supervised,LR,NoResample,90,FN,55,55,0.0,-0.16686894395105228,-0.1014474282129906,0.8630642152530607,-2.111556187128602,-1.5823705310342644,-0.6915078835594777,-0.1014474282129906,0.26062471746619004,1.2205892543072305,1.8737487946525118,train_oof,0.1905491962006118
RFEXGB_LR_NoResample,RFEXGB,supervised,LR,NoResample,90,pred_anomaly,146,146,0.0,-0.09738918236837919,-0.0944009677701014,1.020657796911989,-2.5517640284124896,-1.6269595625105455,-0.6423677856948018,-0.0944009677701014,0.4600903223002095,1.36948716652816,2.814194151472368,train_oof,0.1905491962006118
RFEXGB_LR_NoResample,RFEXGB,supervised,LR,NoResample,90,pred_normal,1107,1107,0.0,0.013159509824187739,-0.0091073931678185,0.9810387937978974,-2.2398724747267607,-1.5218228647988323,-0.6307234656143592,-0.0091073931678185,0.6214252162164665,1.5882173192850895,2.5016804981372998,train_oof,0.1905491962006118
RFEXGB_LR_NoResample,RFEXGB,supervised,LR,NoResample,91,TP,28,28,0.0,-0.048951863154967974,0.0637290426827151,0.7937643301290302,-2.6370927298262927,-1.4710058662191692,-0.1448959844820432,0.0637290426827151,0.40362692185236204,0.7641332272507333,0.7843915925407782,train_oof,0.1905491962006118
RFEXGB_LR_NoResample,RFEXGB,supervised,LR,NoResample,91,FP,118,118,0.0,0.02922057508077394,0.0710690301066443,0.9799297724190607,-2.9311777951822764,-1.6860674977402959,-0.4034893875712431,0.0710690301066443,0.6966618043923068,1.4478812865106043,1.819250773296391,train_oof,0.1905491962006118
RFEXGB_LR_NoResample,RFEXGB,supervised,LR,NoResample,91,TN,1052,1052,0.0,-0.009151992301598055,-0.0209631199010839,1.0155238246939977,-2.733585333730101,-1.734285568971339,-0.540408383748385,-0.0209631199010839,0.5323590089797366,1.6891974884327092,2.54516423723465,train_oof,0.1905491962006118
RFEXGB_LR_NoResample,RFEXGB,supervised,LR,NoResample,91,FN,55,55,0.0,0.14063979202548157,0.1055105095573893,0.7920003103031765,-2.080292576135364,-1.0341072301702108,-0.2343873696122575,0.1055105095573893,0.6046296543845785,1.382216629787298,1.823225658793658,train_oof,0.1905491962006118
RFEXGB_LR_NoResample,RFEXGB,supervised,LR,NoResample,91,pred_anomaly,146,146,0.0,0.014228600624604251,0.0710690301066443,0.9450439000627515,-2.9485453346561274,-1.8093792864623077,-0.3614256134879561,0.0710690301066443,0.6263673094477535,1.30221076686647,1.7832057889007276,train_oof,0.1905491962006118
RFEXGB_LR_NoResample,RFEXGB,supervised,LR,NoResample,91,pred_normal,1107,1107,0.0,-0.0017097627279852442,-0.0209631199010839,1.0058281318496343,-2.71541604178379,-1.7297121921918137,-0.5262930233177516,-0.0209631199010839,0.5334882378141873,1.687673029506201,2.51426853632408,train_oof,0.1905491962006118
RFEXGB_LR_NoResample,RFEXGB,supervised,LR,NoResample,92,TP,28,28,0.0,-0.13768149233519494,-0.2215928708738644,1.0101889451312873,-2.353857282612854,-1.085117239108172,-0.6258931492874538,-0.2215928708738644,0.33527355033730566,0.8906143101204993,2.7445980773967036,train_oof,0.1905491962006118
RFEXGB_LR_NoResample,RFEXGB,supervised,LR,NoResample,92,FP,118,118,0.0,0.05147466606553454,0.0987960290010553,0.8997796735572148,-2.3971860671673673,-1.2025931690623093,-0.3970439350910824,0.0987960290010553,0.4496981574354913,1.430698455623936,2.822711942509063,train_oof,0.1905491962006118
RFEXGB_LR_NoResample,RFEXGB,supervised,LR,NoResample,92,TN,1052,1052,0.0,-0.0003686664126853852,-0.0476827024298581,1.0216744992946922,-2.2348556912307416,-1.3948265089872611,-0.5267251564690261,-0.0476827024298581,0.4191849288759751,1.4261214713400088,3.3017696308934688,train_oof,0.1905491962006118
RFEXGB_LR_NoResample,RFEXGB,supervised,LR,NoResample,92,FN,55,55,0.0,-0.03684914159533924,-0.160566413754832,0.7549108181022379,-1.2535502607567013,-0.9203458048867847,-0.5572383850285423,-0.160566413754832,0.3276452431974266,1.1362458000246038,2.2878150458607465,train_oof,0.1905491962006118
RFEXGB_LR_NoResample,RFEXGB,supervised,LR,NoResample,92,pred_anomaly,146,146,0.0,0.015198142536627516,0.0225129576022649,0.9213420438131368,-2.6504458642113513,-1.1903878776385028,-0.42755716365059854,0.0225129576022649,0.4115566217360961,1.4261214713400088,3.173003806372315,train_oof,0.1905491962006118
RFEXGB_LR_NoResample,RFEXGB,supervised,LR,NoResample,92,pred_normal,1107,1107,0.0,-0.002181156146240897,-0.0690267280762835,1.0098507479764638,-2.204952727242416,-1.3505823275759627,-0.5267251564690261,-0.0690267280762835,0.4191849288759751,1.4261214713400088,3.2440996289159942,train_oof,0.1905491962006118
RFEXGB_LR_NoResample,RFEXGB,supervised,LR,NoResample,98,TP,28,28,0.0,-0.1944600801372714,-0.3271042767719107,0.691751805684345,-1.065041061156942,-1.018270583230351,-0.7334612186384479,-0.3271042767719107,0.1335263662343352,1.2286490470089018,1.4988996072395262,train_oof,0.1905491962006118
RFEXGB_LR_NoResample,RFEXGB,supervised,LR,NoResample,98,FP,118,118,0.0,-0.14197772787496993,-0.03057040110046785,0.910396202611573,-2.648518040908821,-1.7148758567474502,-0.7347368825541248,-0.03057040110046785,0.3634357946733792,1.142692492981653,1.811031373516291,train_oof,0.1905491962006118
RFEXGB_LR_NoResample,RFEXGB,supervised,LR,NoResample,98,TN,1052,1052,0.0,0.025711342788480536,0.0526956617591707,1.0225144039623906,-2.443746149775425,-1.3285004505782887,-0.4186041703600094,0.0526956617591707,0.5014394364602455,1.4868318265972207,2.6136025694252676,train_oof,0.1905491962006118
RFEXGB_LR_NoResample,RFEXGB,supervised,LR,NoResample,98,FN,55,55,0.0,-0.09711999532624435,0.0526956617591707,0.8018741602583711,-1.9638831336986462,-1.6882840625779305,-0.549417706440333,0.0526956617591707,0.3641895960780974,0.7457986579805024,1.719158058309241,train_oof,0.1905491962006118
RFEXGB_LR_NoResample,RFEXGB,supervised,LR,NoResample,98,pred_anomaly,146,146,0.0,-0.15204283652801404,-0.08113307994002555,0.8708080800338491,-2.415957550914107,-1.5121960544357644,-0.7414051257497087,-0.08113307994002555,0.29321629458770904,1.255414795348742,1.8083687150159327,train_oof,0.1905491962006118
RFEXGB_LR_NoResample,RFEXGB,supervised,LR,NoResample,98,pred_normal,1107,1107,0.0,0.019608611445833864,0.0526956617591707,1.0127437222149116,-2.4317409926344364,-1.3399118441512528,-0.428693512238545,0.0526956617591707,0.4984822155648126,1.4563202651231686,2.543478164286039,train_oof,0.1905491962006118
RFEXGB_LR_NoResample,RFEXGB,supervised,LR,NoResample,100,TP,28,28,0.0,0.5463937319659051,0.3271334819680114,0.8836269651746428,-0.7137547230219898,-0.5100420180239468,-0.021689643028637823,0.3271334819680114,0.95501510696198,1.9038140069528657,2.6126225969460575,train_oof,0.1905491962006118
RFEXGB_LR_NoResample,RFEXGB,supervised,LR,NoResample,100,FP,118,118,0.0,0.2396320879010554,0.048074981970692,1.0753554025990806,-1.8104546280114555,-1.0681590180185856,-0.2309835180266273,0.048074981970692,0.6061919819653308,1.7224259819546082,4.596728531926994,train_oof,0.1905491962006118
RFEXGB_LR_NoResample,RFEXGB,supervised,LR,NoResample,100,TN,1052,1052,0.0,-0.05447251134435708,0.048074981970692,0.9619128373958622,-2.4634515180051824,-1.626276018013224,-0.5100420180239468,0.048074981970692,0.3271334819680114,1.443367481957289,2.2805429819492478,train_oof,0.1905491962006118
RFEXGB_LR_NoResample,RFEXGB,supervised,LR,NoResample,100,FN,55,55,0.0,0.256100409241421,0.048074981970692,1.3450012655863137,-1.7546429280119913,-1.1518765680177814,-0.5100420180239468,0.048074981970692,0.6061919819653308,2.057296181951388,5.132520851921853,train_oof,0.1905491962006118
RFEXGB_LR_NoResample,RFEXGB,supervised,LR,NoResample,100,pred_anomaly,146,146,0.0,0.2984630881326704,0.048074981970692,1.0455442634888872,-1.6541818680129565,-0.789100518021266,-0.2309835180266273,0.048074981970692,0.8154858569633203,1.7224259819546082,4.066517381932116,train_oof,0.1905491962006118
RFEXGB_LR_NoResample,RFEXGB,supervised,LR,NoResample,100,pred_normal,1107,1107,0.0,-0.039042059102064576,0.048074981970692,0.9859750736137989,-2.4634515180051824,-1.5425584680140272,-0.5100420180239468,0.048074981970692,0.3271334819680114,1.443367481957289,2.2805429819492478,train_oof,0.1905491962006118
RFEXGB_LR_NoResample,RFEXGB,supervised,LR,NoResample,102,TP,28,28,0.0,-0.3373676921795844,-0.4465940926555398,1.1835892824256997,-3.2156907946526587,-1.7389269375733607,-0.9448177682788119,-0.4465940926555398,0.022747051047542554,1.8174754928659955,2.2840888418877277,train_oof,0.1905491962006118
RFEXGB_LR_NoResample,RFEXGB,supervised,LR,NoResample,102,FP,118,118,0.0,-0.20018149334962773,-0.1850467202671554,0.8607717867676824,-2.2129695156390077,-1.4402334199653988,-0.7205769996206726,-0.1850467202671554,0.2177041415088229,1.0645239315577175,2.03855522886398,train_oof,0.1905491962006118
RFEXGB_LR_NoResample,RFEXGB,supervised,LR,NoResample,102,TN,1052,1052,0.0,0.03747135989065854,-0.0310065500261438,0.9883952776408437,-2.071060008804475,-1.4145600582585633,-0.5460783692695265,-0.0310065500261438,0.5646956708277684,1.7293837705094155,2.699612201112856,train_oof,0.1905491962006118
RFEXGB_LR_NoResample,RFEXGB,supervised,LR,NoResample,102,FN,55,55,0.0,-0.12494771445342749,-0.2749034862410789,1.2664615501774403,-2.134296707858624,-1.6737807822422661,-0.7931844756978161,-0.2749034862410789,0.0259562212608969,2.376994319564334,4.128655697119576,train_oof,0.1905491962006118
RFEXGB_LR_NoResample,RFEXGB,supervised,LR,NoResample,102,pred_anomaly,146,146,0.0,-0.2264911753170167,-0.22596364048742415,0.9282476681894353,-3.0725778489881193,-1.5657922045628903,-0.7394308746241297,-0.22596364048742415,0.20246058299538938,1.1230912879514356,2.3043066142318636,train_oof,0.1905491962006118
RFEXGB_LR_NoResample,RFEXGB,supervised,LR,NoResample,102,pred_normal,1107,1107,0.0,0.029401758184312815,-0.0310065500261438,1.0039430242378167,-2.110227931258466,-1.4244282566646285,-0.5549035873562511,-0.0310065500261438,0.5570738915710517,1.7654869354096554,2.9648501192466026,train_oof,0.1905491962006118
RFEXGB_LR_NoResample,RFEXGB,supervised,LR,NoResample,103,TP,28,28,0.0,1.0310857918675758,1.0882946589286633,0.7349100136699425,-0.6397400341279549,0.13535838759683552,0.5734148553788765,1.0882946589286633,1.6113471577728913,2.0379618521427143,2.2851041578466122,train_oof,0.1905491962006118
RFEXGB_LR_NoResample,RFEXGB,supervised,LR,NoResample,103,FP,118,118,0.0,0.5627487954183351,0.3200613012512033,1.2871892565303655,-1.3138239420134532,-0.9418028522104964,-0.1621277211208192,0.3200613012512033,1.2354031742286025,2.18833944556043,2.7169493772048776,train_oof,0.1905491962006118
RFEXGB_LR_NoResample,RFEXGB,supervised,LR,NoResample,103,TN,1052,1052,0.0,-0.12007083109014591,-0.2029911975930242,0.9016839634842972,-1.902911818836765,-1.3798593199925044,-0.6933529152594884,-0.2029911975930242,0.3854428636067319,1.511640275180708,2.166763529983106,train_oof,0.1905491962006118
RFEXGB_LR_NoResample,RFEXGB,supervised,LR,NoResample,103,FN,55,55,0.0,0.5364148348640433,0.3854428636067319,1.2992118574423925,-1.6629614849919756,-1.2687106639881387,-0.415481275248492,0.3854428636067319,1.3498209083507775,2.6574521554613466,4.411639473460178,train_oof,0.1905491962006118
RFEXGB_LR_NoResample,RFEXGB,supervised,LR,NoResample,103,pred_anomaly,146,146,0.0,0.652566849531888,0.5979329412621994,1.2131417202867685,-1.2589034296348094,-0.914015688209397,-0.05588268229308532,0.5979329412621994,1.2680939554063666,2.1670904377948834,2.6803357022857837,train_oof,0.1905491962006118
RFEXGB_LR_NoResample,RFEXGB,supervised,LR,NoResample,103,pred_normal,1107,1107,0.0,-0.08745410875276523,-0.1703004164152602,0.9356192101322365,-1.902911818836765,-1.3798593199925044,-0.6770075246706061,-0.1703004164152602,0.3854428636067319,1.5623109860062447,2.279546725046394,train_oof,0.1905491962006118
RFEXGB_LR_NoResample,RFEXGB,supervised,LR,NoResample,107,TP,28,28,0.0,-0.4362975959237637,-0.3670002273897113,0.9842499327357801,-2.9663831987030576,-2.0323529764333474,-0.9451497846360202,-0.3670002273897113,0.2847576393401519,0.7424828741746684,1.095870445497554,train_oof,0.1905491962006118
RFEXGB_LR_NoResample,RFEXGB,supervised,LR,NoResample,107,FP,118,118,0.0,-0.1725851898343424,0.00301548924792635,1.148811025740174,-3.5539185204689554,-2.465316488767266,-0.7505531043921405,0.00301548924792635,0.5504244114991875,1.365079441285375,2.087230541912156,train_oof,0.1905491962006118
RFEXGB_LR_NoResample,RFEXGB,supervised,LR,NoResample,107,TN,1052,1052,0.0,0.03492263547462309,0.0069638276876572,0.9707045934766466,-2.573162533006772,-1.4861849605488586,-0.5099864837428227,0.0069638276876572,0.5811650464942352,1.5183313775817855,2.867749365645129,train_oof,0.1905491962006118
RFEXGB_LR_NoResample,RFEXGB,supervised,LR,NoResample,107,FN,55,55,0.0,-0.07403351516167932,0.0069638276876572,1.1144902950571132,-3.5474206834938546,-1.4560647787371972,-0.4578120115035217,0.0069638276876572,0.48527682724362786,1.2586999227520557,1.7389306866930394,train_oof,0.1905491962006118
RFEXGB_LR_NoResample,RFEXGB,supervised,LR,NoResample,107,pred_anomaly,146,146,0.0,-0.2231601718240944,-0.03477575010378355,1.1207839068830148,-3.5419155716121735,-2.395036064540056,-0.8154186644734338,-0.03477575010378355,0.5131972204960107,1.2069766891915812,2.0130017792452186,train_oof,0.1905491962006118
RFEXGB_LR_NoResample,RFEXGB,supervised,LR,NoResample,107,pred_normal,1107,1107,0.0,0.02950927659025396,0.0069638276876572,0.9780670313375227,-2.5909300559855613,-1.4884411539429905,-0.5097044595685563,0.0069638276876572,0.5766526597059713,1.476761014294908,2.861928386688271,train_oof,0.1905491962006118
RFEXGB_LR_NoResample,RFEXGB,supervised,LR,NoResample,116,TP,28,28,0.0,-0.012359594837760233,0.3489031991119024,0.9002243254101272,-2.429941960332446,-2.153208785975234,0.2872241855107415,0.3489031991119024,0.3746027881123894,0.4018443524528995,0.4129465749011075,train_oof,0.1905491962006118
RFEXGB_LR_NoResample,RFEXGB,supervised,LR,NoResample,116,FP,118,118,0.0,-0.029621255827431494,0.3540431169120043,1.1276712271164626,-2.6967036941574696,-2.349553645938938,0.2435348842099147,0.3540431169120043,0.3848826237125819,0.4306278921334401,0.47565357206229325,train_oof,0.1905491962006118
RFEXGB_LR_NoResample,RFEXGB,supervised,LR,NoResample,116,TN,1052,1052,0.0,0.00460688016016941,0.3540431169120043,0.9947032230793014,-2.8683769486807056,-2.411232659540093,0.2409649253098637,0.3540431169120043,0.3951624593127744,0.456841472913941,0.492718099158613,train_oof,0.1905491962006118
RFEXGB_LR_NoResample,RFEXGB,supervised,LR,NoResample,116,FN,55,55,0.0,-0.018273837916832437,0.3437632813118004,0.884985545652421,-2.5800275600952762,-2.3238540569384485,0.2204052541094787,0.3437632813118004,0.3848826237125819,0.4352538181535286,0.4813074816423992,train_oof,0.1905491962006118
RFEXGB_LR_NoResample,RFEXGB,supervised,LR,NoResample,116,pred_anomaly,146,146,0.0,-0.02631080029516578,0.3540431169120043,1.0849115868874966,-2.642014968764439,-2.323854056938454,0.25381471981011583,0.3540431169120043,0.3848826237125819,0.426001966113352,0.4727752180942395,train_oof,0.1905491962006118
RFEXGB_LR_NoResample,RFEXGB,supervised,LR,NoResample,116,pred_normal,1107,1107,0.0,0.003470078449026603,0.3540431169120043,0.9891892096420972,-2.847097688988301,-2.4081487088600353,0.2409649253098637,0.3540431169120043,0.3951624593127744,0.456841472913941,0.4973440251787001,train_oof,0.1905491962006118
RFEXGB_LR_NoResample,RFEXGB,supervised,LR,NoResample,122,TP,28,28,0.0,-0.3720704530141696,-0.604636612651815,0.7768090513098456,-1.4011143828460277,-1.3381893708882682,-0.9824082513418857,-0.604636612651815,0.3209592938747376,0.8104006720954807,0.8524208429327663,train_oof,0.1905491962006118
RFEXGB_LR_NoResample,RFEXGB,supervised,LR,NoResample,122,FP,118,118,0.0,-0.30452606534909565,-0.3869470906500583,0.7587963215195527,-1.6573011612832091,-1.3889835926886782,-0.9563741354790805,-0.3869470906500583,0.3868754595699258,0.8657924079737905,1.0084261278604372,train_oof,0.1905491962006118
RFEXGB_LR_NoResample,RFEXGB,supervised,LR,NoResample,122,TN,1052,1052,0.0,0.06401216649175483,-0.0185920470593,1.027120724274227,-1.7772575045012766,-1.2582590960158673,-0.7386846134773241,-0.0185920470593,0.5674525185332152,2.324478380593193,2.734377226092684,train_oof,0.1905491962006118
RFEXGB_LR_NoResample,RFEXGB,supervised,LR,NoResample,122,FN,55,55,0.0,-0.37871890006595316,-0.398579355184503,0.7037471815957652,-1.6648344373626591,-1.3831120686855771,-0.9059676558298189,-0.398579355184503,0.2279011775991775,0.7593294916156792,0.8569075735389096,train_oof,0.1905491962006118
RFEXGB_LR_NoResample,RFEXGB,supervised,LR,NoResample,122,pred_anomaly,146,146,0.0,-0.3174797835314387,-0.4417849091695848,0.7600418486955621,-1.6448934124464678,-1.3889835926886782,-0.9632981024638692,-0.4417849091695848,0.3863215422111428,0.8610287186882559,0.9975693476282891,train_oof,0.1905491962006118
RFEXGB_LR_NoResample,RFEXGB,supervised,LR,NoResample,122,pred_normal,1107,1107,0.0,0.04201559136919481,-0.0185920470593,1.0178203434248347,-1.74902987589769,-1.2582590960158673,-0.7431159523475888,-0.0185920470593,0.5641290143805165,2.3089686945472674,2.7334466449299293,train_oof,0.1905491962006118
RFEXGB_LR_NoResample,RFEXGB,supervised,LR,NoResample,124,TP,28,28,0.0,0.3519994669375733,0.2991009479565267,1.045345981224662,-2.062911274874848,-1.2517591614642924,-0.07118868491081068,0.2991009479565267,0.8218627825927614,2.39014828650145,2.5173536662629297,train_oof,0.1905491962006118
RFEXGB_LR_NoResample,RFEXGB,supervised,LR,NoResample,124,FP,118,118,0.0,0.1949915995332094,0.0377200306384171,0.9860752237377617,-1.675196247519641,-1.1341377486711384,-0.4850418039978175,0.0377200306384171,0.8218627825927614,2.24203243335452,2.564402231380189,train_oof,0.1905491962006118
RFEXGB_LR_NoResample,RFEXGB,supervised,LR,NoResample,124,TN,1052,1052,0.0,-0.04899365848138431,-0.2236608866797079,0.99257934909385,-2.401835197664001,-1.6176924457096569,-0.6592957488765573,-0.2236608866797079,0.6476088377140061,1.6452126721448161,2.1287673691833247,train_oof,0.1905491962006118
RFEXGB_LR_NoResample,RFEXGB,supervised,LR,NoResample,124,FN,55,55,0.0,0.3149422156727761,0.0377200306384171,0.9736892566446513,-1.0008334808389026,-0.7725608130477427,-0.3979148315584477,0.0377200306384171,0.9961167274715012,2.39014828650145,2.5173536662629217,train_oof,0.1905491962006118
RFEXGB_LR_NoResample,RFEXGB,supervised,LR,NoResample,124,pred_anomaly,146,146,0.0,0.2251026973915805,0.081283516858102,0.9959447314983151,-1.75273925299068,-1.2909662990620043,-0.4850418039978175,0.081283516858102,0.8218627825927614,2.39014828650145,2.564402231380189,train_oof,0.1905491962006118
RFEXGB_LR_NoResample,RFEXGB,supervised,LR,NoResample,124,pred_normal,1107,1107,0.0,-0.030911930316543452,-0.2236608866797079,0.9943685320391649,-2.401835197664001,-1.6176924457096569,-0.6592957488765573,-0.2236608866797079,0.6476088377140061,1.6931325069864755,2.3744654314623768,train_oof,0.1905491962006118
RFEXGB_LR_NoResample,RFEXGB,supervised,LR,NoResample,125,TP,28,28,0.0,-0.3876026300469283,-0.5990185222116753,0.8480979873603615,-1.9380755246572856,-1.4436686628437436,-0.9932088393824092,-0.5990185222116753,0.11127454703296136,1.0143742129354485,1.8588277944791745,train_oof,0.1905491962006118
RFEXGB_LR_NoResample,RFEXGB,supervised,LR,NoResample,125,FP,118,118,0.0,-0.344248868721178,-0.4364105491267392,0.9019832580397331,-2.074998585598014,-1.5729688049583146,-0.9088671214746186,-0.4364105491267392,-0.001300203564301675,1.0367104729745897,2.0402339640130496,train_oof,0.1905491962006118
RFEXGB_LR_NoResample,RFEXGB,supervised,LR,NoResample,125,TN,1052,1052,0.0,0.06919365489725122,-0.0826041901067694,1.0109475456549075,-1.5678761376693908,-1.043956822191334,-0.7230294379489777,-0.0826041901067694,0.6294757799409982,2.093840988106984,2.9872913896725644,train_oof,0.1905491962006118
RFEXGB_LR_NoResample,RFEXGB,supervised,LR,NoResample,125,FN,55,55,0.0,-0.37293983259952057,-0.4864437716144117,0.7164989511672805,-1.7201200860961656,-1.2366562048009984,-0.8834931300701558,-0.4864437716144117,-0.055800678059802204,0.7994100463187706,1.5114542783504774,train_oof,0.1905491962006118
RFEXGB_LR_NoResample,RFEXGB,supervised,LR,NoResample,125,pred_anomaly,146,146,0.0,-0.3525632887014589,-0.4364105491267392,0.8892110570610222,-2.074998585598014,-1.5678761376693908,-0.9214647721366931,-0.4364105491267392,0.0031670484435263,1.0538647206846492,2.0402339640130496,train_oof,0.1905491962006118
RFEXGB_LR_NoResample,RFEXGB,supervised,LR,NoResample,125,pred_normal,1107,1107,0.0,0.04722676979126889,-0.1147684045631307,1.0027435498652493,-1.5678761376693908,-1.0607536897407672,-0.7398263054984107,-0.1147684045631307,0.6107133215081209,2.0616767736506234,2.9872913896725644,train_oof,0.1905491962006118
RFEXGB_LR_NoResample,RFEXGB,supervised,LR,NoResample,126,TP,28,28,0.0,-0.13253772309774894,-0.3538166594771109,0.66027849221051,-0.9363089817373333,-0.9074056445607017,-0.6318839954582571,-0.3538166594771109,0.19154779876760009,1.1923943862321311,1.4316889528299912,train_oof,0.1905491962006118
RFEXGB_LR_NoResample,RFEXGB,supervised,LR,NoResample,126,FP,118,118,0.0,0.0780207848354556,0.0378274757075997,0.8776358256373554,-1.2960341199044918,-1.1108647727891598,-0.5183071962546892,0.0378274757075997,0.632147450850401,1.4775113166466018,2.2426272991434555,train_oof,0.1905491962006118
RFEXGB_LR_NoResample,RFEXGB,supervised,LR,NoResample,126,TN,1052,1052,0.0,-0.020222602863570117,-0.0953315302551998,1.0199359552534328,-1.446503796642459,-1.2937625839204208,-0.74937723601367,-0.0953315302551998,0.4216387281886188,1.7532287878166393,4.717974891164911,train_oof,0.1905491962006118
RFEXGB_LR_NoResample,RFEXGB,supervised,LR,NoResample,126,FN,55,55,0.0,0.25415745437871984,0.1396549508556259,0.9138555753032553,-1.0695071521136537,-0.9510739656337974,-0.46935167935660216,0.1396549508556259,0.6644580920031405,1.9842988275756186,2.798526984624637,train_oof,0.1905491962006118
RFEXGB_LR_NoResample,RFEXGB,supervised,LR,NoResample,126,pred_anomaly,146,146,0.0,0.03763970112223833,-0.024835585921952397,0.8423819072006439,-1.2675224268630452,-1.0587761028095932,-0.5574716097731613,-0.024835585921952397,0.5782963822625038,1.463412127779953,2.1198076983495353,train_oof,0.1905491962006118
RFEXGB_LR_NoResample,RFEXGB,supervised,LR,NoResample,126,pred_normal,1107,1107,0.0,-0.006590350697060678,-0.0639999994404245,1.01630252894708,-1.446503796642459,-1.289846142568574,-0.7297950292544348,-0.0639999994404245,0.4490538176515491,1.7532287878166393,4.69471122953496,train_oof,0.1905491962006118
RFEXGB_LR_NoResample,RFEXGB,supervised,LR,NoResample,129,TP,28,28,0.0,0.5285069335962694,0.460546058970014,0.6654597466408536,-0.8802386972992633,-0.42558747276495373,0.3447014723017579,0.460546058970014,0.6922352323065263,1.5976761951528695,2.2798530455113024,train_oof,0.1905491962006118
RFEXGB_LR_NoResample,RFEXGB,supervised,LR,NoResample,129,FP,118,118,0.0,0.4095159657552656,0.460546058970014,0.7700225268575321,-1.7966355047762483,-1.2434061700221226,0.12260478588104555,0.460546058970014,0.8757374660511159,1.618991925652575,1.6826860387734868,train_oof,0.1905491962006118
RFEXGB_LR_NoResample,RFEXGB,supervised,LR,NoResample,129,TN,1052,1052,0.0,-0.07990840409127017,0.2674717478562538,1.020886707916434,-2.586191061861077,-2.3724214704651443,-0.3504476858942962,0.2674717478562538,0.499160921192766,1.078465492720564,1.811658045833748,train_oof,0.1905491962006118
RFEXGB_LR_NoResample,RFEXGB,supervised,LR,NoResample,129,FN,55,55,0.0,0.37278055547176747,0.460546058970014,0.7236215098142947,-1.7956231912634322,-1.1569513305001469,0.07431579855597614,0.460546058970014,0.7888132069566651,1.2947087211679755,1.618991925652575,train_oof,0.1905491962006118
RFEXGB_LR_NoResample,RFEXGB,supervised,LR,NoResample,129,pred_anomaly,146,146,0.0,0.43233615136860876,0.460546058970014,0.7504038723251887,-1.7641761618169116,-1.033432754299251,0.2192031700778137,0.460546058970014,0.8081614571613,1.618991925652575,1.921910416725563,train_oof,0.1905491962006118
RFEXGB_LR_NoResample,RFEXGB,supervised,LR,NoResample,129,pred_normal,1107,1107,0.0,-0.05741708270376605,0.2674717478562538,1.0127350463183427,-2.586191061861077,-2.3551549940167043,-0.3504476858942962,0.2674717478562538,0.499160921192766,1.078465492720564,1.811658045833748,train_oof,0.1905491962006118
RFEXGB_LR_NoResample,RFEXGB,supervised,LR,NoResample,130,TP,28,28,0.0,0.27812649083260965,0.3537320756167095,0.7301253622829224,-0.8456773602880884,-0.8376656071908054,-0.3971411313318345,0.3537320756167095,0.8997385366986599,1.198807402316412,1.1996975971049988,train_oof,0.1905491962006118
RFEXGB_LR_NoResample,RFEXGB,supervised,LR,NoResample,130,FP,118,118,0.0,0.23753344312458,0.23239730648738782,0.7937615904190313,-1.3915618768784506,-1.0913101496923034,-0.361777228771529,0.23239730648738782,0.9402850801514235,1.3066673051253412,1.5964561949333023,train_oof,0.1905491962006118
RFEXGB_LR_NoResample,RFEXGB,supervised,LR,NoResample,130,TN,1052,1052,0.0,-0.0546573857053565,0.13035389114139595,1.026699425070373,-2.5924468411314554,-2.0522327433999004,-0.7757787777102717,0.13035389114139595,0.8122433639848018,1.3146546693243069,1.601224224554364,train_oof,0.1905491962006118
RFEXGB_LR_NoResample,RFEXGB,supervised,LR,NoResample,130,FN,55,55,0.0,0.36528354472888475,0.375682084102417,0.7593955657704253,-0.9434402591935938,-0.8001067037819297,-0.26391677427275434,0.375682084102417,0.9945503789077534,1.5731769914892948,1.601224224554364,train_oof,0.1905491962006118
RFEXGB_LR_NoResample,RFEXGB,supervised,LR,NoResample,130,pred_anomaly,146,146,0.0,0.2453184111781747,0.2939792747389533,0.7796871837256826,-1.3458083036349113,-1.0205823445716935,-0.361777228771529,0.2939792747389533,0.931139243282379,1.247585198951315,1.5886029696750832,train_oof,0.1905491962006118
RFEXGB_LR_NoResample,RFEXGB,supervised,LR,NoResample,130,pred_normal,1107,1107,0.0,-0.03379311183554323,0.157401444161224,1.0189122966160373,-2.584179004601839,-2.0217466205030847,-0.735841956715445,0.157401444161224,0.8366322623022535,1.323190783735415,1.601224224554364,train_oof,0.1905491962006118
RFEXGB_LR_NoResample,RFEXGB,supervised,LR,NoResample,131,TP,28,28,0.0,-0.1020874630198825,0.01772467221513855,0.5394448618451783,-1.1533844896456849,-0.9168099826179875,-0.5050919179012898,0.01772467221513855,0.24645693039106684,0.6908510319900574,0.7365974836252578,train_oof,0.1905491962006118
RFEXGB_LR_NoResample,RFEXGB,supervised,LR,NoResample,131,FP,118,118,0.0,0.13144466498057192,0.039508696803321,1.30470314191741,-1.4557467509297113,-1.1498990457115885,-0.6031200285481474,0.039508696803321,0.46429717627292816,1.8257987130344795,4.87556215538032,train_oof,0.1905491962006118
RFEXGB_LR_NoResample,RFEXGB,supervised,LR,NoResample,131,TN,1052,1052,0.0,-0.02205314465089759,-0.0476274015494089,0.9609178761648117,-1.5725091227223775,-1.3982369260168692,-0.6575800900186157,-0.0476274015494089,0.5187572377433844,1.3901182212707328,1.8257987130344795,train_oof,0.1905491962006118
RFEXGB_LR_NoResample,RFEXGB,supervised,LR,NoResample,131,FN,55,55,0.0,0.19952225923288858,0.039508696803321,1.0782396835088373,-1.244006031932537,-1.162969460464498,-0.4833078933131073,0.039508696803321,0.6058933360961144,1.5208223687998557,3.9344922931707327,train_oof,0.1905491962006118
RFEXGB_LR_NoResample,RFEXGB,supervised,LR,NoResample,131,pred_anomaly,146,146,0.0,0.08665768152842998,0.039508696803321,1.1984314167573658,-1.4069505358521688,-1.136828630958679,-0.5704439916658374,0.039508696803321,0.4207291270965631,1.7168785900935428,4.87556215538032,train_oof,0.1905491962006118
RFEXGB_LR_NoResample,RFEXGB,supervised,LR,NoResample,131,pred_normal,1107,1107,0.0,-0.011044429914124108,-0.0476274015494089,0.9677443582641847,-1.5725091227223775,-1.3982369260168692,-0.6575800900186157,-0.0476274015494089,0.5187572377433844,1.3901182212707328,2.235338375292334,train_oof,0.1905491962006118
RFEXGB_LR_NoResample,RFEXGB,supervised,LR,NoResample,132,TP,28,28,0.0,0.13169912584662685,0.2112030229582929,1.0951019794403294,-2.218897622244051,-2.217534317162704,-0.2454108022316965,0.2112030229582929,0.8153526035266463,1.5230573440409512,1.5250182623086366,train_oof,0.1905491962006118
RFEXGB_LR_NoResample,RFEXGB,supervised,LR,NoResample,132,FP,118,118,0.0,0.05295264556843708,-0.008233068901931,1.000962499600677,-2.373735463743038,-1.9859592074548964,-0.5362803452719472,-0.008233068901931,0.8485014599565919,1.5283798364818137,1.926408893998146,train_oof,0.1905491962006118
RFEXGB_LR_NoResample,RFEXGB,supervised,LR,NoResample,132,TN,1052,1052,0.0,-0.009588656991085565,-0.1800468599754635,0.9868905075228092,-1.9859592074548964,-1.3640679854169997,-0.7963354583914022,-0.1800468599754635,0.6398037300384679,1.836897643931252,2.025874138700065,train_oof,0.1905491962006118
RFEXGB_LR_NoResample,RFEXGB,supervised,LR,NoResample,132,FN,55,55,0.0,-0.004531941781964416,0.0963492387080517,1.1659265975362574,-2.3682075417693684,-2.2180945795249016,-0.8271498883121979,0.0963492387080517,0.9740936061489351,1.5952378117039059,1.980698316894968,train_oof,0.1905491962006118
RFEXGB_LR_NoResample,RFEXGB,supervised,LR,NoResample,132,pred_anomaly,146,146,0.0,0.0680547102793228,0.08514399146412266,1.016231606391219,-2.3695521714386394,-2.159640539735752,-0.5035983741438287,0.08514399146412266,0.8485014599565919,1.5250182623086366,1.836991020991621,train_oof,0.1905491962006118
RFEXGB_LR_NoResample,RFEXGB,supervised,LR,NoResample,132,pred_normal,1107,1107,0.0,-0.00933742001140927,-0.1576363654876136,0.995937765293813,-2.2111473262336667,-1.374526216177996,-0.7963354583914022,-0.1576363654876136,0.727578166782557,1.8329758073958775,1.9975061877608595,train_oof,0.1905491962006118
RFEXGB_LR_NoResample,RFEXGB,supervised,LR,NoResample,139,TP,28,28,0.0,-0.2235753911700832,-0.44696344270105903,0.9244549195986653,-1.0530585884490926,-1.011862369222563,-0.7295093615008501,-0.44696344270105903,-0.021383347833021874,0.9074353349904116,2.99310341970289,train_oof,0.1905491962006118
RFEXGB_LR_NoResample,RFEXGB,supervised,LR,NoResample,139,FP,118,118,0.0,0.006470319679382542,-0.3090822601023607,0.9012714061587057,-0.9817188682869973,-0.9100328628035407,-0.5665760186379448,-0.3090822601023607,0.3125382622326279,1.6105495608232967,3.48823030019241,train_oof,0.1905491962006118
RFEXGB_LR_NoResample,RFEXGB,supervised,LR,NoResample,139,TN,1052,1052,0.0,0.005795975604700139,-0.3086175797159625,1.0084777510484624,-1.1058202047538876,-0.9919692755888292,-0.6773609672982968,-0.3086175797159625,0.3048901653853565,2.1277329063022954,3.898372720860414,train_oof,0.1905491962006118
RFEXGB_LR_NoResample,RFEXGB,supervised,LR,NoResample,139,FN,55,55,0.0,0.007132955579454871,-0.2601738136778708,1.0425733082124997,-1.1086241330077549,-1.0413383164810517,-0.5034679833716248,-0.2601738136778708,0.3604623737059147,1.86138893650338,3.7969311538463075,train_oof,0.1905491962006118
RFEXGB_LR_NoResample,RFEXGB,supervised,LR,NoResample,139,pred_anomaly,146,146,0.0,-0.03764803582599448,-0.3577938395366098,0.9070992557102902,-1.0428917084681955,-0.9400917592214325,-0.6172443816657553,-0.3577938395366098,0.2924921880895911,1.5529658733161338,3.670524850369551,train_oof,0.1905491962006118
RFEXGB_LR_NoResample,RFEXGB,supervised,LR,NoResample,139,pred_normal,1107,1107,0.0,0.005862401890708723,-0.3086175797159625,1.0097139656574496,-1.1078861938099596,-0.9924242983492908,-0.6773609672982968,-0.3086175797159625,0.3048901653853565,2.1757544297910583,4.096074334277865,train_oof,0.1905491962006118
RFEXGB_LR_NoResample,RFEXGB,supervised,LR,NoResample,144,TP,28,28,0.0,-0.3514129979914485,-0.29777244860452734,0.5018720273606962,-1.1028456129133248,-1.0179040885537103,-0.7407864334111369,-0.29777244860452734,-0.1130815862517258,0.41812838744934905,0.8832890034156212,train_oof,0.1905491962006118
RFEXGB_LR_NoResample,RFEXGB,supervised,LR,NoResample,144,FP,118,118,0.0,-0.10432487023634256,-0.3156720035462085,0.9461652029446991,-1.127368003183428,-1.0432075503121778,-0.6317618714936242,-0.3156720035462085,0.12286709252498094,1.4886031345752562,3.1366314303785163,train_oof,0.1905491962006118
RFEXGB_LR_NoResample,RFEXGB,supervised,LR,NoResample,144,TN,1052,1052,0.0,0.028207272149785946,-0.1716619478790461,1.0116106552233337,-1.1656405061132773,-0.980396384789551,-0.5882334083399904,-0.1716619478790461,0.2416550480470467,2.0240439121716376,3.8787957952286436,train_oof,0.1905491962006118
RFEXGB_LR_NoResample,RFEXGB,supervised,LR,NoResample,144,FN,55,55,0.0,-0.12408759358776786,-0.417374020260306,1.0384922428013845,-1.1063116176429408,-1.013754646271775,-0.6525090829033,-0.417374020260306,0.0528961050256816,1.938370133291681,3.721588885872662,train_oof,0.1905491962006118
RFEXGB_LR_NoResample,RFEXGB,supervised,LR,NoResample,144,pred_anomaly,146,146,0.0,-0.15171163446334912,-0.3083494583427935,0.8824886907407387,-1.1255455030439114,-1.0471129077539993,-0.712716676798046,-0.3083494583427935,0.08055905357191627,1.3339347075564563,2.874191410288134,train_oof,0.1905491962006118
RFEXGB_LR_NoResample,RFEXGB,supervised,LR,NoResample,144,pred_normal,1107,1107,0.0,0.020640679904469366,-0.1846798060184506,1.0130240151603365,-1.1524924693924785,-0.980396384789551,-0.5906742567411287,-0.1846798060184506,0.2278235737739296,2.0252643363722074,3.9029601943999164,train_oof,0.1905491962006118
RFEXGB_LR_NoResample,RFEXGB,supervised,LR,NoResample,154,TP,28,28,0.0,0.056218752309132966,-0.2393326540659816,1.6406853835714528,-1.654807577429502,-1.3893350885945512,-0.9743629019398189,-0.2393326540659816,0.299414563738046,1.5970417167741517,5.519810247132627,train_oof,0.1905491962006118
RFEXGB_LR_NoResample,RFEXGB,supervised,LR,NoResample,154,FP,118,118,0.0,0.04799537389635585,0.1318068387020746,1.0481085590835084,-2.438421484147725,-1.7998549211631232,-0.6956937923229523,0.1318068387020746,0.7114274506643672,1.790324202520032,2.009316094436056,train_oof,0.1905491962006118
RFEXGB_LR_NoResample,RFEXGB,supervised,LR,NoResample,154,TN,1052,1052,0.0,-0.010964488880624255,-0.0660434859974158,0.9715225776864791,-1.9800979280360111,-1.6088491370898321,-0.6780720388879187,-0.0660434859974158,0.5918903017045383,1.724598877332441,2.394282012959587,train_oof,0.1905491962006118
RFEXGB_LR_NoResample,RFEXGB,supervised,LR,NoResample,154,FN,55,55,0.0,0.09001518986723381,0.1182992336699541,1.0186480761339025,-1.5031041808711978,-1.1833142095229594,-0.8374205336714251,0.1182992336699541,0.787492795948302,1.7321672606099803,2.4781227893905617,train_oof,0.1905491962006118
RFEXGB_LR_NoResample,RFEXGB,supervised,LR,NoResample,154,pred_anomaly,146,146,0.0,0.04957246016729942,0.0726414664316099,1.177986687272369,-2.4351763593723743,-1.7809937676327754,-0.7429704099353751,0.0726414664316099,0.6836595267319237,1.7830651537088773,2.056727169429868,train_oof,0.1905491962006118
RFEXGB_LR_NoResample,RFEXGB,supervised,LR,NoResample,154,pred_normal,1107,1107,0.0,-0.005947431670929409,-0.0604960879002549,0.9736856569201064,-1.9750644375990036,-1.601278691582517,-0.6901773276724297,-0.0604960879002549,0.6052329283545876,1.726310528046436,2.3997201128786263,train_oof,0.1905491962006118
RFEXGB_LR_NoResample,RFEXGB,supervised,LR,NoResample,156,TP,28,28,0.0,-0.09744153765769929,-0.18666979652046795,0.28774286538007393,-0.5085929002316373,-0.45417431399996006,-0.245745622636222,-0.18666979652046795,-0.08601147143974132,0.5106543723293743,0.6909675588756928,train_oof,0.1905491962006118
RFEXGB_LR_NoResample,RFEXGB,supervised,LR,NoResample,156,FP,118,118,0.0,0.31276736696858604,-0.13677079776250084,2.7570862355040955,-0.4747074652130086,-0.4345588455226903,-0.2709818978701363,-0.13677079776250084,0.10412092037940879,0.6215219178456393,14.302072309048,train_oof,0.1905491962006118
RFEXGB_LR_NoResample,RFEXGB,supervised,LR,NoResample,156,TN,1052,1052,0.0,-0.03689647207225067,-0.1207113498863735,0.5645156644096971,-0.4883465248735196,-0.4086343082369419,-0.2583637602531792,-0.1207113498863735,0.08375983467931883,0.4820341420072763,0.9007498322747043,train_oof,0.1905491962006118
RFEXGB_LR_NoResample,RFEXGB,supervised,LR,NoResample,156,FN,55,55,0.0,0.08430731585691409,-0.0840040404552254,0.4873121037250939,-0.43315937935062776,-0.35885001982094716,-0.2337010367291265,-0.0840040404552254,0.16147609136557778,1.1134572193940098,1.495488542298685,train_oof,0.1905491962006118
RFEXGB_LR_NoResample,RFEXGB,supervised,LR,NoResample,156,pred_anomaly,146,146,0.0,0.23409716608135317,-0.1384914528920859,2.4850197558312153,-0.48784179936884126,-0.43731189373002644,-0.2597976395278333,-0.1384914528920859,0.09207633447231332,0.6211777868197224,11.07926230926692,train_oof,0.1905491962006118
RFEXGB_LR_NoResample,RFEXGB,supervised,LR,NoResample,156,pred_normal,1107,1107,0.0,-0.030874603656619183,-0.1195642464666502,0.561354828594978,-0.4875091393771215,-0.4086343082369419,-0.25549600170387066,-0.1195642464666502,0.0846201622441113,0.5112279240392367,1.036440695793783,train_oof,0.1905491962006118
RFEXGB_LR_NoResample,RFEXGB,supervised,LR,NoResample,162,TP,28,28,0.0,-0.1055208423504387,-0.4791470496063118,0.9535629190280878,-0.7318173080615595,-0.7192540330162456,-0.6788297332497264,-0.4791470496063118,-0.21031457529119246,2.135532978878347,2.315394473473445,train_oof,0.1905491962006118
RFEXGB_LR_NoResample,RFEXGB,supervised,LR,NoResample,162,FP,118,118,0.0,-0.06890463016935135,-0.5212447517949461,0.9749270812209205,-0.7348309332307138,-0.7283264255199994,-0.6508396389246631,-0.5212447517949461,0.03544295531090535,1.8577181606203055,3.0907230878963943,train_oof,0.1905491962006118
RFEXGB_LR_NoResample,RFEXGB,supervised,LR,NoResample,162,TN,1052,1052,0.0,0.00992577250905153,-0.4589611638866281,1.013585537719616,-0.7331575308085988,-0.7277486139213317,-0.6779292476414134,-0.4589611638866281,0.2835642606348251,2.175094313270233,3.4095685328972203,train_oof,0.1905491962006118
RFEXGB_LR_NoResample,RFEXGB,supervised,LR,NoResample,162,FN,55,55,0.0,0.0006316825028708673,-0.4863509344728161,0.8152131393843112,-0.7325497030229874,-0.7284614983612463,-0.64348567312344,-0.4863509344728161,0.6355040525505012,1.6065577163683291,1.9138424269677627,train_oof,0.1905491962006118
RFEXGB_LR_NoResample,RFEXGB,supervised,LR,NoResample,162,pred_anomaly,146,146,0.0,-0.07592691743695718,-0.5207194685234302,0.9677113098494697,-0.7348999704606844,-0.727981239370146,-0.660144656877231,-0.5207194685234302,-0.004178411454867875,1.8785493943592804,3.0104598040087636,train_oof,0.1905491962006118
RFEXGB_LR_NoResample,RFEXGB,supervised,LR,NoResample,162,pred_normal,1107,1107,0.0,0.009464006519584553,-0.4590362043539875,1.0043495857034994,-0.7332250672292222,-0.7277861341550115,-0.6765034787615845,-0.4590362043539875,0.3238609916068331,2.144357737839816,3.38884685824059,train_oof,0.1905491962006118
RFEXGB_LR_NoResample,RFEXGB,supervised,LR,NoResample,165,TP,28,28,0.0,0.6453263994087,-0.14686554743975688,2.3396733075769514,-0.43212879755978645,-0.3564839101477658,-0.24321187564095353,-0.14686554743975688,-0.0472642757182496,7.243939407518526,7.35210769058549,train_oof,0.1905491962006118
RFEXGB_LR_NoResample,RFEXGB,supervised,LR,NoResample,165,FP,118,118,0.0,0.36359786619974854,-0.13384577335851425,1.8506361138729495,-0.5646180186105131,-0.44566936260427903,-0.27315735602781194,-0.13384577335851425,0.0510350185951334,7.069474434829872,7.27857200657463,train_oof,0.1905491962006118
RFEXGB_LR_NoResample,RFEXGB,supervised,LR,NoResample,165,TN,1052,1052,0.0,-0.07018749392478754,-0.1598853215209997,0.6958432728882677,-0.5231109788395111,-0.45270004060815006,-0.30114987030248397,-0.1598853215209997,0.0171836059839022,0.3083057544404902,0.6873634570417938,train_oof,0.1905491962006118
RFEXGB_LR_NoResample,RFEXGB,supervised,LR,NoResample,165,FN,55,55,0.0,0.2444378444928673,-0.1624892763372483,1.7170605108532466,-0.5263659223598217,-0.4234055489253538,-0.33044436198528027,-0.1624892763372483,0.0588468830438791,2.5562999473078523,7.327942989890704,train_oof,0.1905491962006118
RFEXGB_LR_NoResample,RFEXGB,supervised,LR,NoResample,165,pred_anomaly,146,146,0.0,0.4176279958562597,-0.1429596152153842,1.9481273393707945,-0.5493067642909716,-0.4326495885230362,-0.27315735602781194,-0.1429596152153842,0.050384029891071276,7.073250169313432,7.348357995650093,train_oof,0.1905491962006118
RFEXGB_LR_NoResample,RFEXGB,supervised,LR,NoResample,165,pred_normal,1107,1107,0.0,-0.05455570204315158,-0.1598853215209997,0.7802222294419393,-0.5242827585068228,-0.4515282609408382,-0.3083107460471675,-0.1598853215209997,0.0171836059839022,0.31846117822386044,1.8981764070492735,train_oof,0.1905491962006118
RFEXGB_LR_NoResample,RFEXGB,supervised,LR,NoResample,173,TP,28,28,0.0,-0.07703558739502521,-0.023727781850030848,0.7154647156635873,-1.7190249266568354,-1.3237891428046529,-0.33760593150404133,-0.023727781850030848,0.33898166063700724,1.078501560653777,1.2083249058135008,train_oof,0.1905491962006118
RFEXGB_LR_NoResample,RFEXGB,supervised,LR,NoResample,173,FP,118,118,0.0,0.03529396231867733,0.0593115289569364,1.027645953687295,-1.8312690063966688,-1.6411664332285167,-0.7099771805944066,0.0593115289569364,0.6808007104682046,1.6244197467325387,2.896634214276925,train_oof,0.1905491962006118
RFEXGB_LR_NoResample,RFEXGB,supervised,LR,NoResample,173,TN,1052,1052,0.0,-0.0024233543207354815,0.0582670093241444,1.0064667802547937,-2.733733969128998,-1.6965259737664948,-0.6415611446465267,0.0582670093241444,0.6087288558055531,1.6887621561125306,2.5348230586740885,train_oof,0.1905491962006118
RFEXGB_LR_NoResample,RFEXGB,supervised,LR,NoResample,173,FN,55,55,0.0,0.0071425211154866105,-0.0702089055092771,0.9591980794277227,-1.9036124361638462,-1.4949336846376298,-0.5700115498002718,-0.0702089055092771,0.4776416418901517,1.4816339129298672,2.4066396093378497,train_oof,0.1905491962006118
RFEXGB_LR_NoResample,RFEXGB,supervised,LR,NoResample,173,pred_anomaly,146,146,0.0,0.01375130894892614,0.0237978614420072,0.9743791836188705,-1.8312690063966688,-1.6155757022251114,-0.5485988973280351,0.0237978614420072,0.610295635254742,1.5190277157838228,2.711503554560871,train_oof,0.1905491962006118
RFEXGB_LR_NoResample,RFEXGB,supervised,LR,NoResample,173,pred_normal,1107,1107,0.0,-0.0019480849901192027,0.026931420340383,1.0037565961191748,-2.733733969128998,-1.6965259737664948,-0.6269378697874379,0.026931420340383,0.6024617380088015,1.676854632298703,2.5348230586740885,train_oof,0.1905491962006118
RFEXGB_LR_NoResample,RFEXGB,supervised,LR,NoResample,182,TP,28,28,0.0,-0.25233900853073105,-0.4960305711758288,0.6328957961191773,-1.280480644955706,-1.1604917223131315,-0.6434123871683356,-0.4960305711758288,0.1396644905749847,0.7624562447409122,0.8314948592684865,train_oof,0.1905491962006118
RFEXGB_LR_NoResample,RFEXGB,supervised,LR,NoResample,182,FP,118,118,0.0,-0.07092968826339978,-0.19653178044406738,0.8673827942721725,-1.4365751530422277,-1.2827771969478783,-0.6931315540091814,-0.19653178044406738,0.49184192236430896,1.3983880644290616,2.3059049140368995,train_oof,0.1905491962006118
RFEXGB_LR_NoResample,RFEXGB,supervised,LR,NoResample,182,TN,1052,1052,0.0,0.016167014314460933,-0.12787197861623276,1.0314018473156408,-1.5080997259118445,-1.280764754480511,-0.741075036319997,-0.12787197861623276,0.6427751074168765,1.6391708867011567,2.5779634598312615,train_oof,0.1905491962006118
RFEXGB_LR_NoResample,RFEXGB,supervised,LR,NoResample,182,FN,55,55,0.0,-0.016014614948754294,-0.088806918955568,0.7808997466030623,-1.4438199459247512,-1.3211319827965307,-0.5315442617764329,-0.088806918955568,0.553990880915366,1.0440798112037024,1.8394917774823003,train_oof,0.1905491962006118
RFEXGB_LR_NoResample,RFEXGB,supervised,LR,NoResample,182,pred_anomaly,146,146,0.0,-0.10572051680781946,-0.2367806297914187,0.8287301252933743,-1.4219908641022465,-1.2743722901724022,-0.6931315540091814,-0.2367806297914187,0.4344281225599991,1.3536408142723018,2.198511513660678,train_oof,0.1905491962006118
RFEXGB_LR_NoResample,RFEXGB,supervised,LR,NoResample,182,pred_normal,1107,1107,0.0,0.014568107711500824,-0.1195854508094251,1.0201525514488046,-1.5041932199457781,-1.2820669231358663,-0.7398912466333103,-0.1195854508094251,0.6368561589834422,1.6101680393773339,2.56032499349963,train_oof,0.1905491962006118
RFEXGB_LR_NoResample,RFEXGB,supervised,LR,NoResample,183,TP,28,28,0.0,0.10148975853051352,0.133162617780694,0.9646405676892469,-1.3384588604617838,-1.246530513980247,-0.6090534267527783,0.133162617780694,0.7625398240489841,1.2773558245885364,2.077096016939824,train_oof,0.1905491962006118
RFEXGB_LR_NoResample,RFEXGB,supervised,LR,NoResample,183,FP,118,118,0.0,0.14407373415836366,0.3737089696970738,0.8866005030484146,-1.3614222972433905,-1.129204743915104,-0.6860772609031998,0.3737089696970738,0.8281068062603046,1.4733619733072647,1.6993044044116459,train_oof,0.1905491962006118
RFEXGB_LR_NoResample,RFEXGB,supervised,LR,NoResample,183,TN,1052,1052,0.0,-0.02741028905497593,-0.0038954130771032,1.0147975828239073,-1.8911303768882068,-1.496006847522954,-0.8122745032965452,-0.0038954130771032,0.7114538931235992,1.5087527850106188,1.920509045100356,train_oof,0.1905491962006118
RFEXGB_LR_NoResample,RFEXGB,supervised,LR,NoResample,183,FN,55,55,0.0,0.16090373768123933,0.4736867328681565,0.9392709404225565,-1.5541636271267443,-1.45454569613913,-0.7130281063520247,0.4736867328681565,0.8074822786712446,1.3128899840722974,1.5427540008835072,train_oof,0.1905491962006118
RFEXGB_LR_NoResample,RFEXGB,supervised,LR,NoResample,183,pred_anomaly,146,146,0.0,0.13590694431192668,0.3737089696970738,0.8987902165264858,-1.3636953834755465,-1.1911587769672065,-0.6657818481160926,0.3737089696970738,0.8281068062603046,1.4550705039809388,2.0283738616586944,train_oof,0.1905491962006118
RFEXGB_LR_NoResample,RFEXGB,supervised,LR,NoResample,183,pred_normal,1107,1107,0.0,-0.018054126931677066,0.0250666894947686,1.0116091887321395,-1.855161785865867,-1.4964822355702196,-0.8099341313715454,0.0250666894947686,0.7188406920118797,1.4759656370738263,1.8959658572693747,train_oof,0.1905491962006118
RFEXGB_LR_NoResample,RFEXGB,supervised,LR,NoResample,200,TP,28,28,0.0,0.09144270136338231,0.0383198842769796,0.49015158357198285,-1.0193955680974005,-0.6172353817538837,-0.12161692807801752,0.0383198842769796,0.3929393173095352,0.8991141310711872,0.9883816825905868,train_oof,0.1905491962006118
RFEXGB_LR_NoResample,RFEXGB,supervised,LR,NoResample,200,FP,118,118,0.0,0.27282374575169815,0.0446855285498153,1.9754476294870205,-0.9331092599791125,-0.7659792695958112,-0.298263556649208,0.0446855285498153,0.3491755129337898,0.9330642338596437,6.972575331783718,train_oof,0.1905491962006118
RFEXGB_LR_NoResample,RFEXGB,supervised,LR,NoResample,200,TN,1052,1052,0.0,-0.049331685384694526,-0.07413983120978451,0.7216907281566167,-1.1126204284730794,-0.7997702312774474,-0.3844649895105249,-0.07413983120978451,0.23538962155685156,0.7159957641559467,1.0994303469302058,train_oof,0.1905491962006118
RFEXGB_LR_NoResample,RFEXGB,supervised,LR,NoResample,200,FN,55,55,0.0,0.31369186857051307,0.0155096589659849,2.0126398002143664,-0.6586332883415585,-0.4973490812821446,-0.2444208155081395,0.0155096589659849,0.33432234296383956,0.8131248863522983,7.305190854446527,train_oof,0.1905491962006118
RFEXGB_LR_NoResample,RFEXGB,supervised,LR,NoResample,200,pred_anomaly,146,146,0.0,0.23803833997859647,0.0446855285498153,1.7884904879460406,-1.0686656547691487,-0.7417367743234287,-0.28898032541798935,0.0446855285498153,0.3634982125476699,0.9356104915687786,5.066913624639225,train_oof,0.1905491962006118
RFEXGB_LR_NoResample,RFEXGB,supervised,LR,NoResample,200,pred_normal,1107,1107,0.0,-0.03129528478168061,-0.0629999537323218,0.8360260555663915,-1.1035281665700456,-0.7880468364083084,-0.38128216737410703,-0.0629999537323218,0.24202050100772193,0.7252789953871658,1.1156627398259384,train_oof,0.1905491962006118
RFEXGB_LR_NoResample,RFEXGB,supervised,LR,NoResample,217,TP,28,28,0.0,0.11996505880047673,-0.0470451750685894,0.7923446230676889,-0.78291886889578,-0.7390735096218002,-0.4774290697825014,-0.0470451750685894,0.3538532845507395,1.5036817955724744,1.9786352532293565,train_oof,0.1905491962006118
RFEXGB_LR_NoResample,RFEXGB,supervised,LR,NoResample,217,FP,118,118,0.0,0.25191241216158844,-0.0573909417684431,1.6621076591567556,-1.188348774329645,-0.86280887935205,-0.40811243289348187,-0.0573909417684431,0.5245584350983246,1.4532979117441873,9.555026431332768,train_oof,0.1905491962006118
RFEXGB_LR_NoResample,RFEXGB,supervised,LR,NoResample,217,TN,1052,1052,0.0,-0.03436988692461777,-0.2198194789561454,0.9011088312349851,-1.1859899395220783,-0.9097786601693856,-0.549849436681477,-0.2198194789561454,0.24108442752233472,1.4044658929208782,2.519429170164108,train_oof,0.1905491962006118
RFEXGB_LR_NoResample,RFEXGB,supervised,LR,NoResample,217,FN,55,55,0.0,0.04119480963870784,-0.2487876257157356,0.7861932012276135,-0.9384778169947796,-0.8031138054938943,-0.5001897565221793,-0.2487876257157356,0.48886553998382987,1.6755249804570427,2.11550974666842,train_oof,0.1905491962006118
RFEXGB_LR_NoResample,RFEXGB,supervised,LR,NoResample,217,pred_anomaly,146,146,0.0,0.22660744028411492,-0.0573909417684431,1.5325644092877297,-1.1443171912550678,-0.8457383642972913,-0.4412188863330136,-0.0573909417684431,0.5167991100734333,1.4898184681946707,7.070945772097825,train_oof,0.1905491962006118
RFEXGB_LR_NoResample,RFEXGB,supervised,LR,NoResample,217,pred_normal,1107,1107,0.0,-0.030615543373594366,-0.2218886322961161,0.8955812833660326,-1.1794100319009715,-0.9040884884844674,-0.5426073999915794,-0.2218886322961161,0.2529820592271666,1.4073627075968373,2.452160995081659,train_oof,0.1905491962006118
RFEXGB_LR_NoResample,RFEXGB,supervised,LR,NoResample,227,TP,28,28,0.0,0.0903412393212023,-0.1706070360093398,0.8075704981903145,-0.8053973761549507,-0.691670090950696,-0.5004789958559349,-0.1706070360093398,0.4644525873687985,1.9342902315832176,2.158244119968866,train_oof,0.1905491962006118
RFEXGB_LR_NoResample,RFEXGB,supervised,LR,NoResample,227,FP,118,118,0.0,0.139981505914711,-0.1481667666320204,1.1395040029373067,-0.9764819898876337,-0.7791871415222416,-0.3815455681561421,-0.1481667666320204,0.19741338177869783,1.6739831068063118,4.3925768613298,train_oof,0.1905491962006118
RFEXGB_LR_NoResample,RFEXGB,supervised,LR,NoResample,227,TN,1052,1052,0.0,-0.02717495503928793,-0.26036811351861755,0.9710570821703407,-0.9693908647644008,-0.8303509557025297,-0.5520916154237695,-0.26036811351861755,0.15926492383725488,1.5344046312793864,4.05399807696481,train_oof,0.1905491962006118
RFEXGB_LR_NoResample,RFEXGB,supervised,LR,NoResample,227,FN,55,55,0.0,0.1686082359961751,-0.1571428743829484,1.258914502057282,-0.8770267160073542,-0.7073782795148196,-0.421938053035317,-0.1571428743829484,0.21536559728055338,1.5465223767431375,5.61808485256397,train_oof,0.1905491962006118
RFEXGB_LR_NoResample,RFEXGB,supervised,LR,NoResample,227,pred_anomaly,146,146,0.0,0.13046145478718876,-0.1481667666320204,1.0814590200734029,-0.9362690271634774,-0.7697622283837675,-0.42867013384851277,-0.1481667666320204,0.36571540210859343,1.7951605614438382,4.168892256176691,train_oof,0.1905491962006118
RFEXGB_LR_NoResample,RFEXGB,supervised,LR,NoResample,227,pred_normal,1107,1107,0.0,-0.01744769622542121,-0.2558800596431537,0.9875484353845089,-0.9734301132523183,-0.8276581233772514,-0.5476035615483056,-0.2558800596431537,0.1659970046504509,1.5366486582171193,4.408285049893937,train_oof,0.1905491962006118
RFEXGB_LR_NoResample,RFEXGB,supervised,LR,NoResample,252,TP,28,28,0.0,-0.024289507581140513,-0.0258298512631641,0.01263508134246105,-0.046954052828360224,-0.04271478036979824,-0.0336742547677878,-0.0258298512631641,-0.01285002552799705,-0.005550963064462091,0.0006385951968433876,train_oof,0.1905491962006118
RFEXGB_LR_NoResample,RFEXGB,supervised,LR,NoResample,252,FP,118,118,0.0,-0.026820836378679862,-0.030440158586057,0.021257343489029565,-0.052559847345605606,-0.04806462741703271,-0.03908839450722305,-0.030440158586057,-0.01704746950854135,-0.003485603768521232,0.0012248194396105132,train_oof,0.1905491962006118
RFEXGB_LR_NoResample,RFEXGB,supervised,LR,NoResample,252,TN,1052,1052,0.0,0.005186019073663978,-0.030467960831332998,1.0917721427366731,-0.05531860853985263,-0.05010934354585623,-0.040332892511389995,-0.030467960831332998,-0.01725737646037515,-0.00440140972791272,0.005462243048861626,train_oof,0.1905491962006118
RFEXGB_LR_NoResample,RFEXGB,supervised,LR,NoResample,252,FN,55,55,0.0,-0.029285948373423788,-0.0321242795936507,0.013090139848386192,-0.051605285056299424,-0.04638808252127672,-0.0388225355367713,-0.0321242795936507,-0.020657938585696,-0.0073859807582913805,0.0058518359119143,train_oof,0.1905491962006118
RFEXGB_LR_NoResample,RFEXGB,supervised,LR,NoResample,252,pred_anomaly,146,146,0.0,-0.02633537606134355,-0.02997447097768395,0.01988323888230431,-0.05252014573935148,-0.04774045323711455,-0.038372139163300095,-0.02997447097768395,-0.01696684299724095,-0.0038646873828595,0.002387134006741642,train_oof,0.1905491962006118
RFEXGB_LR_NoResample,RFEXGB,supervised,LR,NoResample,252,pred_normal,1107,1107,0.0,0.0034733196973407376,-0.0304797767855753,1.06431007368875,-0.055257805029434025,-0.049949411129906036,-0.0402779830769699,-0.0304797767855753,-0.0173960401586892,-0.0046940283594425775,0.005557326727705555,train_oof,0.1905491962006118
RFEXGB_LR_NoResample,RFEXGB,supervised,LR,NoResample,269,TP,28,28,0.0,-0.014833158721141207,0.02321266384368815,0.899149518145938,-1.487278766070639,-1.455738847114395,-0.7096991216633793,0.023212663843688155,0.4969600618209404,1.3702145412742446,1.469596851849914,train_oof,0.1905491962006118
RFEXGB_LR_NoResample,RFEXGB,supervised,LR,NoResample,269,FP,118,118,0.0,-0.01593355085819947,-0.1058182083326645,1.1383157762391853,-1.8218518394603023,-1.5013623301014156,-0.7917919872219603,-0.1058182083326645,0.602597602278993,1.6897043208192168,3.856564208931061,train_oof,0.1905491962006118
RFEXGB_LR_NoResample,RFEXGB,supervised,LR,NoResample,269,TN,1052,1052,0.0,-0.001598533624294106,-0.0434648176898023,0.9815142812488065,-1.8412505760138396,-1.4368598662859111,-0.7135259421015855,-0.0434648176898023,0.5336283525734693,1.689025438549389,2.890863260690657,train_oof,0.1905491962006118
RFEXGB_LR_NoResample,RFEXGB,supervised,LR,NoResample,269,FN,55,55,0.0,0.09774741162462243,-0.0781440266326426,1.0581614998643083,-1.3436549519565932,-1.14283898208674,-0.6830411013226549,-0.0781440266326426,0.5757882387570967,1.566852574525572,3.407111283213719,train_oof,0.1905491962006118
RFEXGB_LR_NoResample,RFEXGB,supervised,LR,NoResample,269,pred_anomaly,146,146,0.0,-0.015722516749722543,-0.1003698538104725,1.0936587183313204,-1.7967409788402446,-1.492597397866112,-0.7722254759418666,-0.1003698538104725,0.5614322570002102,1.6373957933152852,3.518911518009108,train_oof,0.1905491962006118
RFEXGB_LR_NoResample,RFEXGB,supervised,LR,NoResample,269,pred_normal,1107,1107,0.0,0.0033373534476936226,-0.0434648176898023,0.9851896664904334,-1.83709771912248,-1.4291629845005926,-0.7085099966684565,-0.0434648176898023,0.5336283525734693,1.689025438549389,2.890863260690657,train_oof,0.1905491962006118
RFEXGB_LR_NoResample,RFEXGB,supervised,LR,NoResample,271,TP,28,28,0.0,0.3682287905554859,0.34211401605819747,1.072131579846281,-1.1416712702779677,-1.084258764648934,-0.6467273836737416,0.34211401605819747,1.2807111923490364,1.8244544330139016,1.8727976038247673,train_oof,0.1905491962006118
RFEXGB_LR_NoResample,RFEXGB,supervised,LR,NoResample,271,FP,118,118,0.0,0.09386339155662617,0.25876950977830027,0.9700330221652009,-1.5724052802344586,-1.3799100489378804,-0.8154474831913153,0.25876950977830027,0.7364540251357634,1.8524115336720075,1.976364238527774,train_oof,0.1905491962006118
RFEXGB_LR_NoResample,RFEXGB,supervised,LR,NoResample,271,TN,1052,1052,0.0,-0.021689604802244376,-0.06317176123191905,0.998343343244286,-1.6051538996702353,-1.3760445491450928,-0.9200064969103875,-0.06317176123191905,0.7350887766021597,1.6394557030814083,2.198480383203575,train_oof,0.1905491962006118
RFEXGB_LR_NoResample,RFEXGB,supervised,LR,NoResample,271,FN,55,55,0.0,0.026161781098463927,-0.0460446064722422,1.0142232261668036,-1.6101139483078732,-1.467112781145427,-0.8562888371212631,-0.0460446064722422,0.7533867438850192,1.648086144067709,1.830533258062581,train_oof,0.1905491962006118
RFEXGB_LR_NoResample,RFEXGB,supervised,LR,NoResample,271,pred_anomaly,146,146,0.0,0.1464814132824349,0.25876950977830027,0.9924956196350141,-1.565726529170316,-1.3087050640453057,-0.7706670515250678,0.25876950977830027,0.8730837900125543,1.8445000862782002,1.9763000047033241,train_oof,0.1905491962006118
RFEXGB_LR_NoResample,RFEXGB,supervised,LR,NoResample,271,pred_normal,1107,1107,0.0,-0.019312164671676204,-0.058751489340333,0.998727628210871,-1.6052319538384474,-1.389871047716356,-0.9211101660630652,-0.058751489340333,0.7370065591222117,1.6461356291545364,2.1815331726768528,train_oof,0.1905491962006118
RFEXGB_LR_NoResample,RFEXGB,supervised,LR,NoResample,275,TP,28,28,0.0,-0.04915498126661726,-0.0492014537332643,0.0004007302440947937,-0.04966537098163225,-0.04962724650085269,-0.04948267229731832,-0.0492014537332643,-0.048923143798887576,-0.0484158481660284,-0.04824738645855557,train_oof,0.1905491962006118
RFEXGB_LR_NoResample,RFEXGB,supervised,LR,NoResample,275,FP,118,118,0.0,0.0013805912888439401,-0.0492391128332955,0.5485365912152345,-0.04966418303603781,-0.0496147853189725,-0.0494641489188477,-0.0492391128332955,-0.04883986513865597,-0.04819215923527411,-0.0472150127495056,train_oof,0.1905491962006118
RFEXGB_LR_NoResample,RFEXGB,supervised,LR,NoResample,275,TN,1052,1052,0.0,0.022426875057121324,-0.0493263717236117,1.1301643758256492,-0.0496876541466751,-0.0496478518458291,-0.0495388547758202,-0.0493263717236117,-0.0489203882549828,-0.0481972110657661,-0.0404014711877658,train_oof,0.1905491962006118
RFEXGB_LR_NoResample,RFEXGB,supervised,LR,NoResample,275,FN,55,55,0.0,-0.049239764143673,-0.0493275964097916,0.00036753245418693313,-0.04967446427651785,-0.04965066862404281,-0.0495201783115771,-0.0493275964097916,-0.04897794850543695,-0.04851397614619097,-0.048444842611336976,train_oof,0.1905491962006118
RFEXGB_LR_NoResample,RFEXGB,supervised,LR,NoResample,275,pred_anomaly,146,146,0.0,-0.008311162351929444,-0.0492158437958779,0.49314059008180056,-0.04967231495227217,-0.0496147853189725,-0.04946874149202225,-0.0492158437958779,-0.04884828485614265,-0.0482403812536067,-0.0472150127495056,train_oof,0.1905491962006118
RFEXGB_LR_NoResample,RFEXGB,supervised,LR,NoResample,275,pred_normal,1107,1107,0.0,0.01886620192609722,-0.0493263717236117,1.1018153776916728,-0.0496876541466751,-0.0496478518458291,-0.0495388547758202,-0.0493263717236117,-0.0489216129411627,-0.04821276458025046,-0.0407634026945042,train_oof,0.1905491962006118
RFEXGB_LR_NoResample,RFEXGB,supervised,LR,NoResample,280,TP,28,28,0.0,-0.22308962321617468,-0.46564617352459425,0.6611630741902151,-1.1418243738624396,-1.0397153484808723,-0.7440540384282535,-0.46564617352459425,0.381341133787947,0.8997287357634928,1.0045042026680815,train_oof,0.1905491962006118
RFEXGB_LR_NoResample,RFEXGB,supervised,LR,NoResample,280,FP,118,118,0.0,-0.21681374425763317,-0.30879667217042,0.6239192901784081,-1.2472272387724448,-1.126766821732439,-0.7126841381574188,-0.30879667217042,0.15783059435824837,0.8252252226202601,1.4676807801669571,train_oof,0.1905491962006118
RFEXGB_LR_NoResample,RFEXGB,supervised,LR,NoResample,280,TN,1052,1052,0.0,0.039070068927578805,-0.1519471708162455,1.0498507478228434,-1.3910582315142226,-1.131472306773064,-0.5754408244725163,-0.1519471708162455,0.4440809343296164,1.5106575435380016,4.729679859829724,train_oof,0.1905491962006118
RFEXGB_LR_NoResample,RFEXGB,supervised,LR,NoResample,280,FN,55,55,0.0,-0.17504682465204255,-0.2146869713579154,0.6820021653040829,-1.159234668512753,-1.0820647138464992,-0.7558177510298167,-0.2146869713579154,0.3186013332462771,0.9758007439202673,1.1232392751931912,train_oof,0.1905491962006118
RFEXGB_LR_NoResample,RFEXGB,supervised,LR,NoResample,280,pred_anomaly,146,146,0.0,-0.2180173374825589,-0.30879667217042,0.6288949676598085,-1.2428354527345278,-1.1126503666105632,-0.7283690882928361,-0.30879667217042,0.17351554449366569,0.8440471627827612,1.3710614873327904,train_oof,0.1905491962006118
RFEXGB_LR_NoResample,RFEXGB,supervised,LR,NoResample,280,pred_normal,1107,1107,0.0,0.02843192155009084,-0.1519471708162455,1.0354962370834788,-1.3901171345060976,-1.119708594171501,-0.5754408244725163,-0.1519471708162455,0.4362384592619077,1.4902671083619596,4.519344678513774,train_oof,0.1905491962006118
RFEXGB_LR_NoResample,RFEXGB,supervised,LR,NoResample,281,TP,28,28,0.0,-0.2091128086025836,-0.2529847019900928,0.8649069025734509,-1.3360355100830845,-1.2301314183482652,-0.574047194507778,-0.2529847019900928,0.002934676103714326,0.7492886442172891,2.6909257004169973,train_oof,0.1905491962006118
RFEXGB_LR_NoResample,RFEXGB,supervised,LR,NoResample,281,FP,118,118,0.0,-0.22049201053411494,-0.3460462940242044,0.6714612466819257,-1.3661874659021365,-1.10915134870392,-0.7555172989742959,-0.3460462940242044,0.15183322335829325,0.9382036760465366,1.6383990945111924,train_oof,0.1905491962006118
RFEXGB_LR_NoResample,RFEXGB,supervised,LR,NoResample,281,TN,1052,1052,0.0,0.04055776540737953,-0.1599231099559809,1.038396504902434,-1.276662214365321,-1.034702075076631,-0.5693941149060724,-0.1599231099559809,0.286772531807755,1.794370322760364,4.9083973154058125,train_oof,0.1905491962006118
RFEXGB_LR_NoResample,RFEXGB,supervised,LR,NoResample,281,FN,55,55,0.0,-0.19680934098041075,-0.3460462940242044,0.7938063563595773,-1.2405543166560857,-1.0272571477139019,-0.764823458177707,-0.3460462940242044,0.12856782534976524,1.6417493118244202,1.7999540182824112,train_oof,0.1905491962006118
RFEXGB_LR_NoResample,RFEXGB,supervised,LR,NoResample,281,pred_anomaly,146,146,0.0,-0.2183096978349171,-0.3181278164139709,0.709304180761249,-1.3715850382401151,-1.10915134870392,-0.7508642193725903,-0.3181278164139709,0.10995550694294257,0.9382036760465366,1.8771951396707272,train_oof,0.1905491962006118
RFEXGB_LR_NoResample,RFEXGB,supervised,LR,NoResample,281,pred_normal,1107,1107,0.0,0.028764458405276125,-0.1971477467696444,1.0286276534408687,-1.276662214365321,-1.034702075076631,-0.5880064333128946,-0.1971477467696444,0.286772531807755,1.7515619904246738,4.711665109845718,train_oof,0.1905491962006118
RFEXGB_LR_NoResample,RFEXGB,supervised,LR,NoResample,295,TP,28,28,0.0,0.4846968757332785,-0.040767976312862504,1.4942233963339442,-0.6088946151628383,-0.5035249379264537,-0.2954603378306175,-0.0407679763128625,0.3167089646039182,3.816427997822421,4.543163878178138,train_oof,0.1905491962006118
RFEXGB_LR_NoResample,RFEXGB,supervised,LR,NoResample,295,FP,118,118,0.0,0.3595328961710776,-0.1063613024197256,1.609817800090905,-0.7488286921809639,-0.6662355771307675,-0.430184823039434,-0.1063613024197256,0.17905575243153518,5.299974981529634,5.690424845259186,train_oof,0.1905491962006118
RFEXGB_LR_NoResample,RFEXGB,supervised,LR,NoResample,295,TN,1052,1052,0.0,-0.06670791512186793,-0.2030900290252187,0.841077783612504,-0.8194773331489157,-0.6913351307491957,-0.4440829654815099,-0.2030900290252187,0.08522464967190602,0.5312956741398288,5.413357279049176,train_oof,0.1905491962006118
RFEXGB_LR_NoResample,RFEXGB,supervised,LR,NoResample,295,FN,55,55,0.0,0.2645121241805378,-0.1311458576522632,1.4580217596511105,-0.7517874206996713,-0.6213004158839694,-0.37834235255914667,-0.1311458576522632,0.054530833111361754,4.9031950290989785,5.4563536517756255,train_oof,0.1905491962006118
RFEXGB_LR_NoResample,RFEXGB,supervised,LR,NoResample,295,pred_anomaly,146,146,0.0,0.38353694704602026,-0.0836042912218377,1.584068489853502,-0.7405416096454953,-0.6580792793886169,-0.38777921607090415,-0.0836042912218377,0.2233835537287594,4.758696690356609,5.68973527014101,train_oof,0.1905491962006118
RFEXGB_LR_NoResample,RFEXGB,supervised,LR,NoResample,295,pred_normal,1107,1107,0.0,-0.05025163493972489,-0.1984454250160331,0.8838610266563539,-0.8171800680595684,-0.689878373817818,-0.4415523604712662,-0.1984454250160331,0.0850374534752348,0.5481596642705937,5.463402625486855,train_oof,0.1905491962006118
RFEXGB_LR_NoResample,RFEXGB,supervised,LR,NoResample,296,TP,28,28,0.0,-0.089716661914743,-0.11803009564026094,0.5969018938334357,-0.8419139054326734,-0.8027638267544258,-0.5350263729476201,-0.11803009564026096,0.18974184325895288,0.838094036510645,1.442165898091383,train_oof,0.1905491962006118
RFEXGB_LR_NoResample,RFEXGB,supervised,LR,NoResample,296,FP,118,118,0.0,-0.0499083645612714,-0.30678862381527916,0.9036232044826881,-0.9112451584086684,-0.8174370636636045,-0.593294778190621,-0.30678862381527916,0.22880363219983033,1.469803068414584,2.879298348583099,train_oof,0.1905491962006118
RFEXGB_LR_NoResample,RFEXGB,supervised,LR,NoResample,296,TN,1052,1052,0.0,0.013792660099965838,-0.36701314869216217,1.0264542772177232,-0.9041176939990946,-0.8589475919238224,-0.654656704017853,-0.36701314869216217,0.2631229625618271,2.2380298462522923,3.5406725657745715,train_oof,0.1905491962006118
RFEXGB_LR_NoResample,RFEXGB,supervised,LR,NoResample,296,FN,55,55,0.0,-0.0957965792920035,-0.2932505198486898,0.8496650095235251,-0.9003061883701002,-0.8630247311675431,-0.6578715308994769,-0.2932505198486898,0.1089365809079133,1.146587046674685,3.085766948386994,train_oof,0.1905491962006118
RFEXGB_LR_NoResample,RFEXGB,supervised,LR,NoResample,296,pred_anomaly,146,146,0.0,-0.0575428325468687,-0.2955989702366645,0.8517338312506115,-0.9046051353138945,-0.8112015913882626,-0.5885758643981793,-0.2955989702366645,0.22880363219983033,1.4542774632949789,2.8527053142560024,train_oof,0.1905491962006118
RFEXGB_LR_NoResample,RFEXGB,supervised,LR,NoResample,296,pred_normal,1107,1107,0.0,0.008347846941376571,-0.3666472533226336,1.018346346677789,-0.9046663517586357,-0.8592412099872365,-0.6547185554059431,-0.3666472533226336,0.2547246138275544,2.2077908916156828,3.54830692448315,train_oof,0.1905491962006118
RFEXGB_LR_NoResample,RFEXGB,supervised,LR,NoResample,310,TP,28,28,0.0,0.22867086359462388,0.22085976621564918,0.8910739608951176,-1.8197568778023272,-1.3365428661955248,-0.36692531155217195,0.22085976621564918,0.7596627541694859,1.5068104915879246,1.7167044420326898,train_oof,0.1905491962006118
RFEXGB_LR_NoResample,RFEXGB,supervised,LR,NoResample,310,FP,118,118,0.0,0.12940308269154824,0.0853046804513651,0.9781113583035798,-2.067218952016051,-1.3833606311107522,-0.5275410014073332,0.0853046804513651,0.7528280439628835,1.7246099235049908,2.4998255375052127,train_oof,0.1905491962006118
RFEXGB_LR_NoResample,RFEXGB,supervised,LR,NoResample,310,TN,1052,1052,0.0,-0.02683134442122111,-0.1037889685979735,1.0106110433560795,-2.195210291818362,-1.6256511079348137,-0.66195696880385,-0.1037889685979735,0.5979079459465577,1.684626868796368,2.520739750737417,train_oof,0.1905491962006118
RFEXGB_LR_NoResample,RFEXGB,supervised,LR,NoResample,310,FN,55,55,0.0,0.11628870005463002,0.0306269987985442,0.8637630902117264,-1.2169354375799795,-1.1296789706090202,-0.4478027156636367,0.0306269987985442,0.6560029827026801,1.733381134936799,2.252545722230332,train_oof,0.1905491962006118
RFEXGB_LR_NoResample,RFEXGB,supervised,LR,NoResample,310,pred_anomaly,146,146,0.0,0.14844073930309698,0.09897410086457,0.9598687380907612,-2.0487196697235133,-1.398396993565278,-0.48767185853548445,0.09897410086457,0.7528280439628835,1.6629836198087933,2.4653785980639373,train_oof,0.1905491962006118
RFEXGB_LR_NoResample,RFEXGB,supervised,LR,NoResample,310,pred_normal,1107,1107,0.0,-0.019720592437326063,-0.1037889685979735,1.0039623313692265,-2.1934332671646453,-1.5869210834307328,-0.650565785126179,-0.1037889685979735,0.5979079459465577,1.684626868796368,2.520739750737417,train_oof,0.1905491962006118
RFEXGB_LR_NoResample,RFEXGB,supervised,LR,NoResample,316,TP,28,28,0.0,-0.501149500461042,-0.5852153441409956,0.686889040254774,-1.7656932726082348,-1.5158230358578293,-0.8265479408958429,-0.5852153441409956,-0.20878976097463542,0.883589192564438,1.2671427926698982,train_oof,0.1905491962006118
RFEXGB_LR_NoResample,RFEXGB,supervised,LR,NoResample,316,FP,118,118,0.0,-0.15193151460995372,-0.26654583512136076,1.1387048801126818,-1.9939239705276124,-1.6411847896227585,-0.7779164386681139,-0.26654583512136076,0.20627961731893063,1.6923468576548977,2.2353762732198406,train_oof,0.1905491962006118
RFEXGB_LR_NoResample,RFEXGB,supervised,LR,NoResample,316,TN,1052,1052,0.0,0.04012167779843319,-0.096779475417665,0.9875497151909574,-1.9106891322624286,-1.3411146107147638,-0.6221821909155216,-0.096779475417665,0.6548386406557312,1.9115979903657745,2.737439813409218,train_oof,0.1905491962006118
RFEXGB_LR_NoResample,RFEXGB,supervised,LR,NoResample,316,FN,55,55,0.0,-0.18273249451269344,-0.2800600659635494,0.9556234016096474,-1.7471708848327774,-1.5307084185883861,-0.8445504746819701,-0.2800600659635494,0.25774713514310454,1.4545950388531264,2.5297024107998025,train_oof,0.1905491962006118
RFEXGB_LR_NoResample,RFEXGB,supervised,LR,NoResample,316,pred_anomaly,146,146,0.0,-0.21890482696495692,-0.382896457591152,1.073848299419161,-1.9502562354238167,-1.6055397727262268,-0.8033912570257427,-0.382896457591152,0.13200066969726698,1.54566813100678,2.231012261742042,train_oof,0.1905491962006118
RFEXGB_LR_NoResample,RFEXGB,supervised,LR,NoResample,316,pred_normal,1107,1107,0.0,0.029049428948286878,-0.1069398095544928,0.9867576600581602,-1.9016454484404446,-1.3657854803033134,-0.633748202347979,-0.1069398095544928,0.6199679793220549,1.895514082783158,2.7450304708056166,train_oof,0.1905491962006118
RFEXGB_LR_NoResample,RFEXGB,supervised,LR,NoResample,333,TP,28,28,0.0,0.22953970627897677,-0.03940553309538225,1.3320741412718735,-0.6110425362037247,-0.44559983808914927,-0.16385420206488924,-0.03940553309538225,0.14609767805589474,0.6893757344350742,5.23048188330769,train_oof,0.1905491962006118
RFEXGB_LR_NoResample,RFEXGB,supervised,LR,NoResample,333,FP,118,118,0.0,0.3307381624690998,-0.081107137460091,2.8046427378596657,-0.5457616305331932,-0.4265345432519716,-0.21979214561831295,-0.081107137460091,0.10732552523746705,0.3195437438384054,17.505915930539874,train_oof,0.1905491962006118
RFEXGB_LR_NoResample,RFEXGB,supervised,LR,NoResample,333,TN,1052,1052,0.0,-0.053718862380380324,-0.07976833833712996,0.37720522710176213,-0.6296560857526794,-0.4420314744861678,-0.2174326778570546,-0.07976833833712996,0.06197867573598308,0.3814824236588039,0.7200313181547743,train_oof,0.1905491962006118
RFEXGB_LR_NoResample,RFEXGB,supervised,LR,NoResample,333,FN,55,55,0.0,0.19360769434912273,-0.0294639554496315,1.4259858493679354,-0.4508357356492445,-0.37101944813441373,-0.15585454591927494,-0.0294639554496315,0.13665317929243165,0.5134495764158706,5.311748050506382,train_oof,0.1905491962006118
RFEXGB_LR_NoResample,RFEXGB,supervised,LR,NoResample,333,pred_anomaly,146,146,0.0,0.3113302393641448,-0.07270319049021645,2.584390254083458,-0.60559296100143,-0.4512055623376665,-0.21476833504799353,-0.07270319049021645,0.11071228935545274,0.4139966847351533,14.143245159701618,train_oof,0.1905491962006118
RFEXGB_LR_NoResample,RFEXGB,supervised,LR,NoResample,333,pred_normal,1107,1107,0.0,-0.041430731738896436,-0.0755133431047487,0.487217251854784,-0.6269347445651159,-0.4381317249616614,-0.21484123995072912,-0.0755133431047487,0.0691001232127021,0.38649695542332074,0.7216320447101088,train_oof,0.1905491962006118
RFEXGB_LR_NoResample,RFEXGB,supervised,LR,NoResample,334,TP,28,28,0.0,0.04826384551319474,-0.2484668524441222,0.8621403731477828,-0.6618105875968873,-0.6125734992028586,-0.41797027533640674,-0.2484668524441222,0.3919237264359834,1.0427636927979191,2.975533451879903,train_oof,0.1905491962006118
RFEXGB_LR_NoResample,RFEXGB,supervised,LR,NoResample,334,FP,118,118,0.0,0.3210961944748911,-0.1968846343404309,2.31625820238995,-0.6478514821822285,-0.5981889734327056,-0.45333334238687556,-0.1968846343404309,0.363340796301206,1.2562183561672118,12.92478612828209,train_oof,0.1905491962006118
RFEXGB_LR_NoResample,RFEXGB,supervised,LR,NoResample,334,TN,1052,1052,0.0,-0.0501269206708065,-0.22294163111446058,0.5858822600909783,-0.673265030668573,-0.5828738406349087,-0.43711419133365303,-0.22294163111446058,0.20766353496248824,0.9468314026339407,1.4753311102645859,train_oof,0.1905491962006118
RFEXGB_LR_NoResample,RFEXGB,supervised,LR,NoResample,334,FN,55,55,0.0,0.2249534883877789,-0.1115346755193746,2.023560529617503,-0.6074790904458137,-0.546048391112428,-0.38353781531358194,-0.1115346755193746,0.1886525628263339,1.0491184093581163,7.333672517425243,train_oof,0.1905491962006118
RFEXGB_LR_NoResample,RFEXGB,supervised,LR,NoResample,334,pred_anomaly,146,146,0.0,0.26877218234525063,-0.20087295017319057,2.1163800327977684,-0.6556738989688812,-0.6092764914477773,-0.4497438581373919,-0.20087295017319057,0.3727798104387372,1.1794831595449196,12.442806136524775,train_oof,0.1905491962006118
RFEXGB_LR_NoResample,RFEXGB,supervised,LR,NoResample,334,pred_normal,1107,1107,0.0,-0.03645987234359584,-0.2200168661704367,0.7277987475602828,-0.6687396216370017,-0.5821559437850119,-0.4290046158070418,-0.2200168661704367,0.2067329279348443,0.9519630356720918,1.4851423672131756,train_oof,0.1905491962006118
RFEXGB_LR_NoResample,RFEXGB,supervised,LR,NoResample,337,TP,28,28,0.0,-0.06356024618782749,-0.16749185710291015,0.4556804581627123,-0.5986249912240474,-0.5828177545533711,-0.4570384519263948,-0.16749185710291015,0.15772984567358092,0.7475746618917084,0.8527404071114042,train_oof,0.1905491962006118
RFEXGB_LR_NoResample,RFEXGB,supervised,LR,NoResample,337,FP,118,118,0.0,0.19141160026664653,-0.14209925350638952,1.121103826421585,-0.7746652842437162,-0.6435827186271506,-0.39247959831418794,-0.14209925350638952,0.3932046503465796,1.6721027213671356,4.668180110902721,train_oof,0.1905491962006118
RFEXGB_LR_NoResample,RFEXGB,supervised,LR,NoResample,337,TN,1052,1052,0.0,-0.03986242829442669,-0.16520079512427677,0.8071106596217237,-0.8286219758043231,-0.6779050090308688,-0.4427465891073004,-0.16520079512427677,0.21916576361253157,0.9432149901385857,1.5572872412898153,train_oof,0.1905491962006118
RFEXGB_LR_NoResample,RFEXGB,supervised,LR,NoResample,337,FN,55,55,0.0,0.3731065322944052,-0.1035057689853617,2.7055611840909615,-0.798633610976853,-0.6680234405206439,-0.3563680976033463,-0.1035057689853617,0.3846268052003866,1.1147282537866645,10.18489752660453,train_oof,0.1905491962006118
RFEXGB_LR_NoResample,RFEXGB,supervised,LR,NoResample,337,pred_anomaly,146,146,0.0,0.1425128899877063,-0.14209925350638952,1.031008343017448,-0.7560465872306883,-0.6156672193993966,-0.4218542858259525,-0.14209925350638952,0.351229121952331,1.3965943360722544,4.40197398273205,train_oof,0.1905491962006118
RFEXGB_LR_NoResample,RFEXGB,supervised,LR,NoResample,337,pred_normal,1107,1107,0.0,-0.01934454859037451,-0.1633461259034783,0.9922154476529316,-0.8349796727950308,-0.6783277645150214,-0.43489151946627147,-0.1633461259034783,0.22692537233778398,0.958788756683821,1.6256732593882384,train_oof,0.1905491962006118
RFEXGB_LR_NoResample,RFEXGB,supervised,LR,NoResample,338,TP,28,28,0.0,-0.05504659673994593,-0.0761183414439362,0.14560711392634557,-0.30985583691108365,-0.2886864007931719,-0.11966002074164594,-0.0761183414439362,0.015066942531229026,0.16565494917839596,0.3088984803153681,train_oof,0.1905491962006118
RFEXGB_LR_NoResample,RFEXGB,supervised,LR,NoResample,338,FP,118,118,0.0,0.1604179525536513,-0.06498624909424765,1.2648723638819246,-0.3094861464103213,-0.27981971708676884,-0.18584782929397597,-0.06498624909424765,0.08840029713789804,0.485398242164483,5.217226104986521,train_oof,0.1905491962006118
RFEXGB_LR_NoResample,RFEXGB,supervised,LR,NoResample,338,TN,1052,1052,0.0,-0.020792478241920646,-0.09613860188126036,0.9836072025938849,-0.3202560280067877,-0.2763368601736461,-0.1932320906953419,-0.09613860188126036,0.04170359667031592,0.29874114229937265,0.5439258343742843,train_oof,0.1905491962006118
RFEXGB_LR_NoResample,RFEXGB,supervised,LR,NoResample,338,FN,55,55,0.0,0.07308048655950189,-0.0509259151543622,0.8347088783877584,-0.2835664340301387,-0.23898109123522718,-0.16929689856677635,-0.0509259151543622,0.053074404367031404,0.2733115920984186,3.099286254480428,train_oof,0.1905491962006118
RFEXGB_LR_NoResample,RFEXGB,supervised,LR,NoResample,338,pred_anomaly,146,146,0.0,0.11909598419597513,-0.07205222336624435,1.141117381820997,-0.31114951494840487,-0.2885948932434783,-0.1803573763123568,-0.07205222336624435,0.055035848801769226,0.4359817781764412,5.173227365371039,train_oof,0.1905491962006118
RFEXGB_LR_NoResample,RFEXGB,supervised,LR,NoResample,338,pred_normal,1107,1107,0.0,-0.0161285098010189,-0.0924146424676404,0.9766298368217452,-0.31978273504541566,-0.27336087551404387,-0.19134623945382928,-0.0924146424676404,0.04204575533438785,0.2965736069483686,0.5481229276057117,train_oof,0.1905491962006118
RFEXGB_LR_NoResample,RFEXGB,supervised,LR,NoResample,344,TP,28,28,0.0,-0.4297529401258743,-0.3937826982187579,1.053235412295204,-2.1607280323443327,-2.007862975470306,-1.1971149501903962,-0.3937826982187579,0.22789343242378712,1.0136505773341264,1.7725414506978878,train_oof,0.1905491962006118
RFEXGB_LR_NoResample,RFEXGB,supervised,LR,NoResample,344,FP,118,118,0.0,-0.07373584606111212,-0.1049204087067373,1.1025017618742905,-2.207118353367829,-1.577324680177847,-0.8054959564804123,-0.1049204087067373,0.5020261766621659,1.6341887038050502,3.1069933718989478,train_oof,0.1905491962006118
RFEXGB_LR_NoResample,RFEXGB,supervised,LR,NoResample,344,TN,1052,1052,0.0,0.018694270473111764,0.02991433943734155,0.9880913353282078,-2.0753985608283902,-1.7781923409235518,-0.5835630886703334,0.02991433943734155,0.6246124932788655,1.6618470571311592,2.5274379514736105,train_oof,0.1905491962006118
RFEXGB_LR_NoResample,RFEXGB,supervised,LR,NoResample,344,FN,55,55,0.0,0.016963025928874473,0.1067406481938169,0.9006114266473664,-2.213629567740075,-1.6473979486756076,-0.45891469085118486,0.1067406481938169,0.4060511833706514,1.35772812351407,2.094309704245221,train_oof,0.1905491962006118
RFEXGB_LR_NoResample,RFEXGB,supervised,LR,NoResample,344,pred_anomaly,146,146,0.0,-0.14201309697764183,-0.16493579343576234,1.0986959190763022,-2.2219825404141016,-1.920423013465933,-0.8319914944974383,-0.16493579343576234,0.44004244169443973,1.578595215130477,2.9938263555085625,train_oof,0.1905491962006118
RFEXGB_LR_NoResample,RFEXGB,supervised,LR,NoResample,344,pred_normal,1107,1107,0.0,0.0186082556131903,0.0347221865189869,0.9835521864778315,-2.079282000064039,-1.7783963436093557,-0.5806712127594125,0.0347221865189869,0.6126673089871397,1.6538496004890428,2.5205875412843226,train_oof,0.1905491962006118
RFEXGB_LR_NoResample,RFEXGB,supervised,LR,NoResample,348,TP,28,28,0.0,1.2044223240121963,0.5544881692553479,3.322423333996325,-1.1253104271559062,-0.9654069125422232,-0.458098807803381,0.5544881692553479,1.3174795587825665,5.806547515995627,13.639871668943911,train_oof,0.1905491962006118
RFEXGB_LR_NoResample,RFEXGB,supervised,LR,NoResample,348,FP,118,118,0.0,0.27321591972624615,-0.0218138377279768,1.3273058549714996,-0.9970629382779269,-0.9240105711955336,-0.5757942881027924,-0.021813837727976803,0.5768097258638569,2.276494799980874,5.649566096065246,train_oof,0.1905491962006118
RFEXGB_LR_NoResample,RFEXGB,supervised,LR,NoResample,348,TN,1052,1052,0.0,-0.075588223564592,-0.1922693609202277,0.7740178442724769,-1.0728750614500997,-0.914676102068339,-0.5331804073047296,-0.1922693609202277,0.1486416854642741,1.2679662877600548,3.005638592759917,train_oof,0.1905491962006118
RFEXGB_LR_NoResample,RFEXGB,supervised,LR,NoResample,348,FN,55,55,0.0,0.17712472959942951,-0.1111000641620129,0.9150114077440896,-1.0781510657393836,-0.9438970489012964,-0.31402330605754986,-0.1111000641620129,0.7452360166371528,1.7355014370873718,2.542161908270512,train_oof,0.1905491962006118
RFEXGB_LR_NoResample,RFEXGB,supervised,LR,NoResample,348,pred_anomaly,146,146,0.0,0.4518034493153324,0.04312159967859495,1.900610990231981,-1.0900017830660829,-0.9288807290010266,-0.50680038585831,0.04312159967859495,0.753352946312974,2.3260080710033852,7.931965551609491,train_oof,0.1905491962006118
RFEXGB_LR_NoResample,RFEXGB,supervised,LR,NoResample,348,pred_normal,1107,1107,0.0,-0.0630324761174184,-0.1922693609202277,0.7830754857826974,-1.0765276798042194,-0.914676102068339,-0.529121942466819,-0.1922693609202277,0.15270015030218492,1.3775448383836462,3.012943829468157,train_oof,0.1905491962006118
RFEXGB_LR_NoResample,RFEXGB,supervised,LR,NoResample,349,TP,28,28,0.0,0.05279377402982745,0.02216188745592965,0.806488620451625,-1.0990332320077978,-0.997539581159615,-0.4686290063169728,0.022161887455929646,0.34141421641499486,1.4635623279054726,2.1354217067596406,train_oof,0.1905491962006118
RFEXGB_LR_NoResample,RFEXGB,supervised,LR,NoResample,349,FP,118,118,0.0,-0.08848210208971424,-0.20179123882879274,0.8162011212979634,-1.5892523305646544,-1.2005268828559805,-0.6068128501947804,-0.20179123882879274,0.25802741407494567,1.4225836707555013,2.4825967021022963,train_oof,0.1905491962006118
RFEXGB_LR_NoResample,RFEXGB,supervised,LR,NoResample,349,TN,1052,1052,0.0,0.004244216922252663,-0.1303168368230303,1.0207081686633424,-1.6741639201474998,-1.2400760519658358,-0.5234260478547239,-0.1303168368230303,0.3080594954789795,1.4802396883734743,4.119551106439611,train_oof,0.1905491962006118
RFEXGB_LR_NoResample,RFEXGB,supervised,LR,NoResample,349,FN,55,55,0.0,0.025454041730134356,-0.1398467570904653,0.9156941127192683,-1.735155409859084,-1.0289883180421506,-0.45909908604953775,-0.1398467570904653,0.35094413668243696,1.3696926132712375,3.175612503950172,train_oof,0.1905491962006118
RFEXGB_LR_NoResample,RFEXGB,supervised,LR,NoResample,349,pred_anomaly,146,146,0.0,-0.061388098450350065,-0.11602195642187796,0.8134925845179779,-1.527879644042373,-1.1833730263745976,-0.6044303701279217,-0.11602195642187796,0.2818522147435333,1.4969170488414956,2.4541975397053433,train_oof,0.1905491962006118
RFEXGB_LR_NoResample,RFEXGB,supervised,LR,NoResample,349,pred_normal,1107,1107,0.0,0.005298002255977595,-0.1303168368230303,1.0153797203869375,-1.6741639201474998,-1.23578758784549,-0.5210435677878652,-0.1303168368230303,0.31282445561269695,1.4802396883734743,4.256877257493368,train_oof,0.1905491962006118
RFEXGB_LR_NoResample,RFEXGB,supervised,LR,NoResample,353,TP,28,28,0.0,0.13916996212734845,0.2258707676838717,0.8733686741215031,-1.5994974993064608,-1.3715176173149988,-0.13253807418364505,0.2258707676838717,0.6097664605286341,1.1341584193854626,2.2054982002139836,train_oof,0.1905491962006118
RFEXGB_LR_NoResample,RFEXGB,supervised,LR,NoResample,353,FP,118,118,0.0,-0.08029542943685462,0.050648667215307995,0.8779680523765323,-1.891640528633139,-1.7327937299174556,-0.6215670273095457,0.050648667215307995,0.5110049129918072,1.2498050056947143,1.8369583350830108,train_oof,0.1905491962006118
RFEXGB_LR_NoResample,RFEXGB,supervised,LR,NoResample,353,TN,1052,1052,0.0,0.013896995183220831,0.11755165103057769,1.0101757562017544,-2.0487669649078586,-1.7547761388853298,-0.6311245964260128,0.11755165103057769,0.6448108806223468,1.4425493162101348,2.0313592909119533,train_oof,0.1905491962006118
RFEXGB_LR_NoResample,RFEXGB,supervised,LR,NoResample,353,FN,55,55,0.0,-0.13042382404575997,-0.0767855876709204,0.9721920392074114,-1.8149888243190726,-1.6467756078692515,-0.8987365316870921,-0.0767855876709204,0.5890583941096218,1.0803174466960308,2.308019058269955,train_oof,0.1905491962006118
RFEXGB_LR_NoResample,RFEXGB,supervised,LR,NoResample,353,pred_anomaly,146,146,0.0,-0.03820617626015811,0.10480822554195475,0.8783672666165679,-1.8898564490647318,-1.6394481382132933,-0.6088236018209229,0.10480822554195475,0.5412705485272862,1.256495304076242,2.001348523886248,train_oof,0.1905491962006118
RFEXGB_LR_NoResample,RFEXGB,supervised,LR,NoResample,353,pred_normal,1107,1107,0.0,0.006726584110416912,0.0888789436811765,1.0083850153590075,-2.044880220133828,-1.7398026139361982,-0.6374963091703244,0.0888789436811765,0.6400320960641133,1.433947504005316,2.071501081201119,train_oof,0.1905491962006118
RFEXGB_LR_NoResample,RFEXGB,supervised,LR,NoResample,354,TP,28,28,0.0,-0.1523092794528115,0.007853349834015002,1.021405413611352,-1.971400230999964,-1.7802962344094297,-0.9979571585372186,0.007853349834015002,0.6336489856815303,1.2870476918715639,1.5589190285328116,train_oof,0.1905491962006118
RFEXGB_LR_NoResample,RFEXGB,supervised,LR,NoResample,354,FP,118,118,0.0,0.029964005204734648,0.166665535366315,0.9444393938829897,-2.3426426208942788,-1.6211059246258621,-0.45345823671219,0.166665535366315,0.6506645769885626,1.2798633310974836,2.168909070677351,train_oof,0.1905491962006118
RFEXGB_LR_NoResample,RFEXGB,supervised,LR,NoResample,354,TN,1052,1052,0.0,0.0023781171345087274,0.18252029308230736,0.9883524377305575,-2.3892275286504203,-1.8101680502595527,-0.4969425256079387,0.18252029308230736,0.6109615306054876,1.26133524278538,2.075890504865575,train_oof,0.1905491962006118
RFEXGB_LR_NoResample,RFEXGB,supervised,LR,NoResample,354,FN,55,55,0.0,-0.01242786000669012,0.1401968377775984,1.187856908062795,-2.2081060122933445,-1.7473994245491675,-0.8920823681823518,0.1401968377775984,0.7262894272420386,1.4787566872641256,3.240815698170124,train_oof,0.1905491962006118
RFEXGB_LR_NoResample,RFEXGB,supervised,LR,NoResample,354,pred_anomaly,146,146,0.0,-0.004992515140548171,0.14775932280294596,0.9587352011041262,-2.2287515964125433,-1.6483308707171136,-0.5593330270670567,0.14775932280294596,0.6506645769885626,1.3615381693712387,2.1223241629212115,train_oof,0.1905491962006118
RFEXGB_LR_NoResample,RFEXGB,supervised,LR,NoResample,354,pred_normal,1107,1107,0.0,0.0016424994807002957,0.1780092629043365,0.99858176306484,-2.3994368834346393,-1.8139492927722265,-0.5318485049494588,0.1780092629043365,0.6166333943744985,1.2821320766050883,2.1126441820887654,train_oof,0.1905491962006118
RFEXGB_LR_NoResample,RFEXGB,supervised,LR,NoResample,377,TP,28,28,0.0,-0.5239802113029749,-0.3714959728317686,0.654400420123485,-1.8082024677074744,-1.5776462991390108,-1.011929774410835,-0.3714959728317686,-0.1580180389720797,0.5464591427648928,0.6958936964666758,train_oof,0.1905491962006118
RFEXGB_LR_NoResample,RFEXGB,supervised,LR,NoResample,377,FP,118,118,0.0,-0.2593296008037966,-0.3714959728317686,0.8059035127336369,-1.8295502610934433,-1.438885642130213,-0.7984518405511466,-0.3714959728317686,0.2689378287472977,1.1228495641860532,1.549805431905431,train_oof,0.1905491962006118
RFEXGB_LR_NoResample,RFEXGB,supervised,LR,NoResample,377,TN,1052,1052,0.0,0.05132823410098875,0.0554598948876092,1.0276505558826583,-1.8658415098495904,-1.438885642130213,-0.5849739066914577,0.0554598948876092,0.6958936964666758,1.549805431905431,2.5083213549354366,train_oof,0.1905491962006118
RFEXGB_LR_NoResample,RFEXGB,supervised,LR,NoResample,377,FN,55,55,0.0,-0.17742512386841514,-0.1580180389720797,0.792686969656309,-1.6352853412811266,-1.438885642130213,-0.5849739066914577,-0.1580180389720797,0.0554598948876092,1.3363274980457427,1.861483215340577,train_oof,0.1905491962006118
RFEXGB_LR_NoResample,RFEXGB,supervised,LR,NoResample,377,pred_anomaly,146,146,0.0,-0.31008451240637874,-0.3714959728317686,0.7840509586505062,-1.8658415098495904,-1.438885642130213,-0.7984518405511466,-0.3714959728317686,0.0554598948876092,1.1228495641860532,1.549805431905431,train_oof,0.1905491962006118
RFEXGB_LR_NoResample,RFEXGB,supervised,LR,NoResample,377,pred_normal,1107,1107,0.0,0.03996289111244566,0.0554598948876092,1.018185062756373,-1.8658415098495904,-1.438885642130213,-0.5849739066914577,0.0554598948876092,0.6958936964666758,1.549805431905431,2.403717167344187,train_oof,0.1905491962006118
RFEXGB_LR_NoResample,RFEXGB,supervised,LR,NoResample,405,TP,28,28,0.0,-0.040498501643162724,-0.03983532470733165,1.0652718797406544,-1.6281308224838533,-1.5638822409405464,-0.9729252734215449,-0.03983532470733166,0.7841620180626825,1.5719499001363237,1.8004408816075357,train_oof,0.1905491962006118
RFEXGB_LR_NoResample,RFEXGB,supervised,LR,NoResample,405,FP,118,118,0.0,-0.01560126583188041,-0.0862577102155016,1.04558738270733,-1.636486851875324,-1.426007755981282,-1.0611278058870675,-0.0862577102155016,0.8909335047314728,1.6731507005441344,1.7828003751144312,train_oof,0.1905491962006118
RFEXGB_LR_NoResample,RFEXGB,supervised,LR,NoResample,405,TN,1052,1052,0.0,0.00162118520013052,-0.0723309945630507,0.9829836884877808,-1.5207094224179487,-1.3443043574869034,-0.945071842116643,-0.0723309945630507,0.7539874674823716,1.7288575631539378,2.0445297846094923,train_oof,0.1905491962006118
RFEXGB_LR_NoResample,RFEXGB,supervised,LR,NoResample,405,FN,55,55,0.0,0.009372403931328292,-0.0537620403597826,1.1609521327810128,-1.6055695431268828,-1.4956413342435368,-1.19575272386076,-0.0537620403597826,1.0000261106756718,1.7130739520811602,1.7288575631539378,train_oof,0.1905491962006118
RFEXGB_LR_NoResample,RFEXGB,supervised,LR,NoResample,405,pred_anomaly,146,146,0.0,-0.020376078179249565,-0.0862577102155016,1.0457280541078469,-1.650692101840824,-1.5485628537228509,-1.0611278058870675,-0.0862577102155016,0.8793279083544306,1.6731507005441344,1.7938489028653757,train_oof,0.1905491962006118
RFEXGB_LR_NoResample,RFEXGB,supervised,LR,NoResample,405,pred_normal,1107,1107,0.0,0.00200629543519454,-0.0723309945630507,0.9919754469463417,-1.567131807926118,-1.381442265893439,-0.9543563192182768,-0.0723309945630507,0.7632719445840058,1.7260722200234482,2.0445297846094923,train_oof,0.1905491962006118
RFEXGB_LR_NoResample,RFEXGB,supervised,LR,NoResample,406,TP,28,28,0.0,0.16335456980148869,-0.30698225437323723,1.1218348065280894,-0.9300479504942872,-0.8562475085444647,-0.7711182297292993,-0.30698225437323723,0.696262002316212,2.5981748842249277,2.60882016295278,train_oof,0.1905491962006118
RFEXGB_LR_NoResample,RFEXGB,supervised,LR,NoResample,406,FP,118,118,0.0,0.014304329608714157,-0.1583872315618369,1.0674793031821235,-1.5626617268968583,-1.3052628273566018,-0.8687355899024645,-0.1583872315618369,0.7778420369559458,2.1711894172848876,2.333710797884095,train_oof,0.1905491962006118
RFEXGB_LR_NoResample,RFEXGB,supervised,LR,NoResample,406,TN,1052,1052,0.0,-0.005831467143976716,-0.2990950450945005,0.9837682841232791,-1.4697321733763395,-1.2513090577505233,-0.7506640669997755,-0.2990950450945005,0.6552923318961074,2.076672606714853,2.334461660207431,train_oof,0.1905491962006118
RFEXGB_LR_NoResample,RFEXGB,supervised,LR,NoResample,406,FN,55,55,0.0,-0.016762908377227975,-0.26176225450848,1.0666631535868518,-1.4810862493113743,-1.2643492437580346,-0.9561521594084634,-0.26176225450848,0.9500285790766343,1.838860977968727,2.4504506093178997,train_oof,0.1905491962006118
RFEXGB_LR_NoResample,RFEXGB,supervised,LR,NoResample,406,pred_anomaly,146,146,0.0,0.0428893071799312,-0.18155809970959244,1.0757692416012474,-1.53131199799837,-1.262263515082102,-0.8384837605355764,-0.18155809970959244,0.7778420369559458,2.295656590556046,2.6061952997048166,train_oof,0.1905491962006118
RFEXGB_LR_NoResample,RFEXGB,supervised,LR,NoResample,406,pred_normal,1107,1107,0.0,-0.006374583013740785,-0.2990950450945005,0.9875370205184065,-1.4697321733763395,-1.2545971476631699,-0.7603390437150258,-0.2990950450945005,0.6552923318961074,2.076672606714853,2.334461660207431,train_oof,0.1905491962006118
RFEXGB_LR_NoResample,RFEXGB,supervised,LR,NoResample,412,TP,28,28,0.0,-0.16390875849689865,-0.4663522511809184,0.9421954606323574,-1.145650579889518,-1.0750612126597334,-0.9013259567435004,-0.4663522511809184,0.23063411431652012,1.5191294761094365,2.41983939691847,train_oof,0.1905491962006118
RFEXGB_LR_NoResample,RFEXGB,supervised,LR,NoResample,412,FP,118,118,0.0,0.10321765745831914,-0.2072076823564143,1.036122089107183,-1.094208798085992,-0.961369491068693,-0.6304716919551308,-0.2072076823564143,0.5623176550806978,2.091983678397485,3.6257644671541063,train_oof,0.1905491962006118
RFEXGB_LR_NoResample,RFEXGB,supervised,LR,NoResample,412,TN,1052,1052,0.0,-0.011909276700846641,-0.24218793522545445,0.9925284508496011,-1.2219300038915757,-1.07578205687709,-0.6889933546532777,-0.24218793522545445,0.3739005616600627,1.8494992461069364,3.7891933670578988,train_oof,0.1905491962006118
RFEXGB_LR_NoResample,RFEXGB,supervised,LR,NoResample,412,FN,55,55,0.0,0.10717576784561521,-0.078008155928584,1.0476961782223322,-1.1994262557494626,-1.1361527600806958,-0.5795500013997972,-0.078008155928584,0.5181498564949042,1.6646440027216158,3.2881990735669677,train_oof,0.1905491962006118
RFEXGB_LR_NoResample,RFEXGB,supervised,LR,NoResample,412,pred_anomaly,146,146,0.0,0.05198793385046918,-0.2603350811289193,1.0211177468214336,-1.1452330373127233,-0.9806228432208913,-0.6310844631741261,-0.2603350811289193,0.502133330869303,2.079155708480355,3.391350432946146,train_oof,0.1905491962006118
RFEXGB_LR_NoResample,RFEXGB,supervised,LR,NoResample,412,pred_normal,1107,1107,0.0,-0.005992675571618639,-0.2331827459327347,0.9951822121733338,-1.2219300038915757,-1.07578205687709,-0.688448967093295,-0.2331827459327347,0.3752816434009057,1.8494992461069364,3.7680872736375184,train_oof,0.1905491962006118
RFEXGB_LR_NoResample,RFEXGB,supervised,LR,NoResample,416,TP,28,28,0.0,-0.2119532789806239,-0.4022962447724579,0.8675603656518875,-1.304188898868691,-1.1608731412306936,-0.8593111671748013,-0.4022962447724579,0.4115069006967693,1.331784193245499,1.6833723202361364,train_oof,0.1905491962006118
RFEXGB_LR_NoResample,RFEXGB,supervised,LR,NoResample,416,FP,118,118,0.0,-0.2227342898607407,-0.4706168668108157,0.8577029962934225,-1.1839119053063119,-1.179635301902141,-0.8088014687207722,-0.4706168668108157,0.42096972796966725,1.3549210536457248,1.7373986232966063,train_oof,0.1905491962006118
RFEXGB_LR_NoResample,RFEXGB,supervised,LR,NoResample,416,TN,1052,1052,0.0,0.03918031772919703,-0.1307973261573743,1.0267772358522198,-2.1350020698914114,-1.1459456550666927,-0.6981706137449543,-0.1307973261573743,0.6451545102202609,1.7305457527814885,2.420843643823929,train_oof,0.1905491962006118
RFEXGB_LR_NoResample,RFEXGB,supervised,LR,NoResample,416,FN,55,55,0.0,-0.20751603850179845,-0.4534252382050796,0.75997557014151,-1.2404867310626873,-1.0631087587301198,-0.8773698087505672,-0.4534252382050796,0.42245603591828984,1.076887334416531,1.7152565983499908,train_oof,0.1905491962006118
RFEXGB_LR_NoResample,RFEXGB,supervised,LR,NoResample,416,pred_anomaly,146,146,0.0,-0.22066669873304706,-0.45966773158929497,0.8566013247034325,-1.2774888628796326,-1.1777031015689317,-0.8241104405915863,-0.45966773158929497,0.42096972796966725,1.4778089948378534,1.7404643811586322,train_oof,0.1905491962006118
RFEXGB_LR_NoResample,RFEXGB,supervised,LR,NoResample,416,pred_normal,1107,1107,0.0,0.026923497862255067,-0.144570446481278,1.0163263449654818,-2.1123254817967565,-1.1414867312208246,-0.70768298461614,-0.144570446481278,0.639060647630908,1.7224305113820095,2.420697985644964,train_oof,0.1905491962006118
RFEXGB_LR_NoResample,RFEXGB,supervised,LR,NoResample,419,TP,28,28,0.0,-0.015269750863867301,0.10989202624923436,0.8306164056232526,-0.9583445383293242,-0.9583445383293242,-0.9583445383293242,0.10989202624923436,0.5551136857001551,1.3610885086238316,1.4372367411730982,train_oof,0.1905491962006118
RFEXGB_LR_NoResample,RFEXGB,supervised,LR,NoResample,419,FP,118,118,0.0,0.17521715417643086,0.18989351411927174,1.042427154834134,-0.9583445383293242,-0.9583445383293242,-0.9583445383293242,0.18989351411927174,1.0610428342554017,1.906029135157658,2.0380023704350667,train_oof,0.1905491962006118
RFEXGB_LR_NoResample,RFEXGB,supervised,LR,NoResample,419,TN,1052,1052,0.0,-0.02619060621717676,-0.1699964764900673,0.9985360488941939,-0.9583445383293242,-0.9583445383293242,-0.9583445383293242,-0.1699964764900673,0.8344005747837681,1.79156225274669,2.0456552197641886,train_oof,0.1905491962006118
RFEXGB_LR_NoResample,RFEXGB,supervised,LR,NoResample,419,FN,55,55,0.0,0.13594443577814255,0.123432226206676,0.981267363819836,-0.9583445383293242,-0.9583445383293242,-0.9583445383293242,0.123432226206676,0.7679706574893514,1.8981278457980655,1.9707511413522552,train_oof,0.1905491962006118
RFEXGB_LR_NoResample,RFEXGB,supervised,LR,NoResample,419,pred_anomaly,146,146,0.0,0.13868541896322298,0.16461826048160716,1.0054597152119227,-0.9583445383293242,-0.9583445383293242,-0.9583445383293242,0.16461826048160716,1.0078667359952924,1.7458810607675628,2.0314708337033807,train_oof,0.1905491962006118
RFEXGB_LR_NoResample,RFEXGB,supervised,LR,NoResample,419,pred_normal,1107,1107,0.0,-0.018135116325810392,-0.1450108095321392,0.9978706284386134,-0.9583445383293242,-0.9583445383293242,-0.9583445383293242,-0.1450108095321392,0.8278764784605008,1.7972392355205673,2.043580618958696,train_oof,0.1905491962006118
RFEXGB_LR_NoResample,RFEXGB,supervised,LR,NoResample,423,TP,28,28,0.0,0.11051264322498401,-0.3769272206935673,1.1219432762746002,-1.1264956377236774,-0.9722850954362957,-0.6438615938793277,-0.3769272206935673,0.7921673692086016,2.303322259074831,2.999143992771143,train_oof,0.1905491962006118
RFEXGB_LR_NoResample,RFEXGB,supervised,LR,NoResample,423,FP,118,118,0.0,0.36602794626216606,0.174149568761501,1.4515050373458425,-1.3837425979394238,-1.19041622003146,-0.5437413772431771,0.174149568761501,0.9351597559325018,2.161498732070796,4.129160112740539,train_oof,0.1905491962006118
RFEXGB_LR_NoResample,RFEXGB,supervised,LR,NoResample,423,TN,1052,1052,0.0,-0.05750260606643034,-0.271394317280539,0.9211862348448169,-1.3557762870271646,-1.1262370671640403,-0.6795473508668666,-0.271394317280539,0.3741810592080957,1.6753548147858037,3.13885060867345,train_oof,0.1905491962006118
RFEXGB_LR_NoResample,RFEXGB,supervised,LR,NoResample,423,FN,55,55,0.0,0.25072111091619836,0.0198201273303816,1.006774496219734,-1.046373750721024,-0.8735797420075019,-0.5600526438193136,0.0198201273303816,0.9468735177780387,1.949169507457766,3.12323132413293,train_oof,0.1905491962006118
RFEXGB_LR_NoResample,RFEXGB,supervised,LR,NoResample,423,pred_anomaly,146,146,0.0,0.3170250114331175,0.0487076168318872,1.3944899783815252,-1.37534876983005,-1.1731923155947195,-0.6074132718344658,0.0487076168318872,0.8818320563437981,2.21653518743995,4.1205271442291895,train_oof,0.1905491962006118
RFEXGB_LR_NoResample,RFEXGB,supervised,LR,NoResample,423,pred_normal,1107,1107,0.0,-0.04218887125699532,-0.2677126531837844,0.9275575514071309,-1.3546274980196085,-1.1235876111288776,-0.6673485976448725,-0.2677126531837844,0.40385551584875845,1.698690373130967,3.2412890230838727,train_oof,0.1905491962006118
RFEXGB_LR_NoResample,RFEXGB,supervised,LR,NoResample,428,TP,28,28,0.0,-0.056822756794533795,-0.0386231106021214,0.11591672054603794,-0.254183015333985,-0.24798763486039585,-0.13008692206472516,-0.0386231106021214,0.030971117054682074,0.09656784921543178,0.13570025428475702,train_oof,0.1905491962006118
RFEXGB_LR_NoResample,RFEXGB,supervised,LR,NoResample,428,FP,118,118,0.0,-0.053030476875486135,-0.12145764211936891,0.31866883285863506,-0.26870468121936325,-0.255728036143448,-0.20079566261095755,-0.12145764211936891,0.0266742328020561,0.1500027326352142,0.7279855113159601,train_oof,0.1905491962006118
RFEXGB_LR_NoResample,RFEXGB,supervised,LR,NoResample,428,TN,1052,1052,0.0,0.012685572641719305,-0.1582584206644275,1.0831944349858655,-0.2797403256121596,-0.2633176503885185,-0.2175898421310748,-0.1582584206644275,-0.0669626215468809,0.1574770712824065,4.684198903615652,train_oof,0.1905491962006118
RFEXGB_LR_NoResample,RFEXGB,supervised,LR,NoResample,428,FN,55,55,0.0,-0.0925744743934356,-0.1212391101802652,0.11922691584847268,-0.26216270909035566,-0.2421429981490681,-0.18968877680601337,-0.1212391101802652,0.0105520389946826,0.10740102376664862,0.13220330619522,train_oof,0.1905491962006118
RFEXGB_LR_NoResample,RFEXGB,supervised,LR,NoResample,428,pred_anomaly,146,146,0.0,-0.05375776343530349,-0.1049694073139967,0.2905932755073984,-0.26688736961377707,-0.254183015333985,-0.19326177401035843,-0.1049694073139967,0.0266742328020561,0.13886033539016568,0.6123720630609235,train_oof,0.1905491962006118
RFEXGB_LR_NoResample,RFEXGB,supervised,LR,NoResample,428,pred_normal,1107,1107,0.0,0.007455850340966353,-0.1574935588775646,1.0564944773782903,-0.2797403256121596,-0.2631799752668832,-0.21708721867113645,-0.1574935588775646,-0.05998460764950555,0.1503523837377801,2.991800372953074,train_oof,0.1905491962006118
RFEXGB_LR_NoResample,RFEXGB,supervised,LR,NoResample,433,TP,28,28,0.0,0.1914399448082804,-0.1453388747309738,1.1847437237880611,-0.9137081353743344,-0.9137081353743344,-0.7270245401255145,-0.1453388747309738,0.6496172049363972,2.7780740004567837,3.2899440362171526,train_oof,0.1905491962006118
RFEXGB_LR_NoResample,RFEXGB,supervised,LR,NoResample,433,FP,118,118,0.0,0.05848003699790146,-0.11948236225786465,1.04796337615048,-0.9137081353743344,-0.9137081353743344,-0.8719553664957074,-0.11948236225786465,0.5072304755515379,1.9907306661028823,3.227678926705243,train_oof,0.1905491962006118
RFEXGB_LR_NoResample,RFEXGB,supervised,LR,NoResample,433,TN,1052,1052,0.0,-0.016852359015396633,-0.24736215758504546,0.986289313956681,-0.9137081353743344,-0.9137081353743344,-0.868486410378926,-0.24736215758504546,0.3973556064111282,2.152139824891937,3.162317823570567,train_oof,0.1905491962006118
RFEXGB_LR_NoResample,RFEXGB,supervised,LR,NoResample,433,FN,55,55,0.0,0.09357097932101473,-0.279185175156097,1.0639306726251294,-0.9137081353743344,-0.9137081353743344,-0.8453053913204045,-0.279185175156097,0.5861015493982143,2.4464205553410694,3.1629994038514697,train_oof,0.1905491962006118
RFEXGB_LR_NoResample,RFEXGB,supervised,LR,NoResample,433,pred_anomaly,146,146,0.0,0.08397919739989193,-0.12042507232295141,1.0725101966092898,-0.9137081353743344,-0.9137081353743344,-0.8715052518145825,-0.12042507232295141,0.5230572488925749,2.3364106743924413,3.3209318289397443,train_oof,0.1905491962006118
RFEXGB_LR_NoResample,RFEXGB,supervised,LR,NoResample,433,pred_normal,1107,1107,0.0,-0.011366104626505374,-0.2482370792945411,0.9900683294050412,-0.9137081353743344,-0.9137081353743344,-0.8681066826070233,-0.2482370792945411,0.41040678553248794,2.1644280460711203,3.165559869465067,train_oof,0.1905491962006118
RFEXGB_LR_NoResample,RFEXGB,supervised,LR,NoResample,460,TP,28,28,0.0,0.3513028611654424,0.033344592671147706,1.08777214524869,-1.0280877651297726,-0.8556663929055593,-0.36348140288478714,0.033344592671147706,0.8143194809465206,2.373991166521814,3.352544235275887,train_oof,0.1905491962006118
RFEXGB_LR_NoResample,RFEXGB,supervised,LR,NoResample,460,FP,118,118,0.0,0.19235378821931437,-0.06207529941715689,1.1780626562166803,-1.273197060582734,-1.0771012916431046,-0.617987053108018,-0.06207529941715689,0.6447010332404975,2.5479448566301826,3.180569049541665,train_oof,0.1905491962006118
RFEXGB_LR_NoResample,RFEXGB,supervised,LR,NoResample,460,TN,1052,1052,0.0,-0.036054855568859276,-0.24974023798005657,0.973901127793169,-1.4295217056165581,-1.1655937077349923,-0.6939531251141875,-0.24974023798005657,0.40178821109446194,1.7846974893424266,2.994897839758783,train_oof,0.1905491962006118
RFEXGB_LR_NoResample,RFEXGB,supervised,LR,NoResample,460,FN,55,55,0.0,0.09304944638957038,-0.1623410084948081,0.974030917559668,-1.316202739479405,-1.0796129472841731,-0.42688919668561576,-0.1623410084948081,0.4155365922462287,2.147896485608076,3.2495370191612745,train_oof,0.1905491962006118
RFEXGB_LR_NoResample,RFEXGB,supervised,LR,NoResample,460,pred_anomaly,146,146,0.0,0.22283717207199655,-0.04639044810451345,1.1593569808494188,-1.2570170076197462,-1.0687501480346446,-0.572391814171477,-0.04639044810451345,0.6711525101168269,2.526786645744899,3.47863840883564,train_oof,0.1905491962006118
RFEXGB_LR_NoResample,RFEXGB,supervised,LR,NoResample,460,pred_normal,1107,1107,0.0,-0.029640459355929162,-0.2332347540584892,0.9738715849230185,-1.434778878625889,-1.1643393652223475,-0.6834798478586689,-0.2332347540584892,0.4030897121325968,1.795806478374633,3.091003275703464,train_oof,0.1905491962006118
RFEXGB_LR_NoResample,RFEXGB,supervised,LR,NoResample,471,TP,28,28,0.0,0.2275073171466806,-0.21002974749840764,1.8975533615299953,-0.4659061295899396,-0.41818893301266874,-0.28043477438829556,-0.21002974749840764,-0.04985070451103525,0.4957339843847678,7.303031863451301,train_oof,0.1905491962006118
RFEXGB_LR_NoResample,RFEXGB,supervised,LR,NoResample,471,FP,118,118,0.0,0.19101651402674089,-0.18784510218091416,1.5574799138604454,-0.5887710987051784,-0.5128181393473964,-0.32414783549444376,-0.18784510218091416,0.05195342938502458,1.577252019652578,9.357416669397278,train_oof,0.1905491962006118
RFEXGB_LR_NoResample,RFEXGB,supervised,LR,NoResample,471,TN,1052,1052,0.0,-0.04129487223178793,-0.22294089317653132,0.7918475378413546,-0.6009846882889793,-0.5082054588460703,-0.36216600504928453,-0.22294089317653132,0.002672635390596625,1.1876705740779385,1.8835443592889103,train_oof,0.1905491962006118
RFEXGB_LR_NoResample,RFEXGB,supervised,LR,NoResample,471,FN,55,55,0.0,0.2372157572129971,-0.2005246374370946,1.908819992416136,-0.5856740586395248,-0.5562146662102224,-0.3481149727847349,-0.2005246374370946,0.1168997165263706,1.6485457947694138,7.241653739222131,train_oof,0.1905491962006118
RFEXGB_LR_NoResample,RFEXGB,supervised,LR,NoResample,471,pred_anomaly,146,146,0.0,0.19801475024152385,-0.19020207882774715,1.6211134554265643,-0.5809533841022417,-0.4961231151680372,-0.32115733622288395,-0.19020207882774715,0.024875446231379748,1.520274947578406,10.183624632762132,train_oof,0.1905491962006118
RFEXGB_LR_NoResample,RFEXGB,supervised,LR,NoResample,471,pred_normal,1107,1107,0.0,-0.027457397417458052,-0.2194985265131413,0.88170526708457,-0.6007657937333389,-0.5120878853111522,-0.3618708152958276,-0.2194985265131413,0.0037784616208544003,1.196396837328208,1.906602312138555,train_oof,0.1905491962006118
RFEXGB_LR_NoResample,RFEXGB,supervised,LR,NoResample,477,TP,28,28,0.0,0.12011215820808245,0.04969259153768535,0.2597275962247569,-0.18315356576630243,-0.18241466315113744,-0.06945060324221003,0.04969259153768535,0.25018035430272917,0.6262465869804946,0.683420676511841,train_oof,0.1905491962006118
RFEXGB_LR_NoResample,RFEXGB,supervised,LR,NoResample,477,FP,118,118,0.0,0.3294204693750368,-0.1197407069122387,2.6451807781431063,-0.3435724463878323,-0.3254469252885628,-0.21239905956726587,-0.1197407069122387,0.0428513907489984,0.5290962427824629,11.154101230624844,train_oof,0.1905491962006118
RFEXGB_LR_NoResample,RFEXGB,supervised,LR,NoResample,477,TN,1052,1052,0.0,-0.05425159017742911,-0.10725805170141725,0.42534106465419863,-0.36782293733828597,-0.3130599851371317,-0.20341860514704238,-0.10725805170141725,0.010037004374119776,0.2995530048689233,0.7687572240984035,train_oof,0.1905491962006118
RFEXGB_LR_NoResample,RFEXGB,supervised,LR,NoResample,477,FN,55,55,0.0,0.2649444122383168,-0.0579670015314773,2.001383610975158,-0.35565071649980995,-0.25934266482441454,-0.1796486302597219,-0.0579670015314773,0.16208500758960837,0.6092975230536033,7.11113664303124,train_oof,0.1905491962006118
RFEXGB_LR_NoResample,RFEXGB,supervised,LR,NoResample,477,pred_anomaly,146,146,0.0,0.28927914942520994,-0.08133117985364036,2.3801762045710255,-0.34267828247817234,-0.3238872550120446,-0.1993143257570532,-0.08133117985364036,0.15163795145291908,0.6192214544878178,9.17733207244322,train_oof,0.1905491962006118
RFEXGB_LR_NoResample,RFEXGB,supervised,LR,NoResample,477,pred_normal,1107,1107,0.0,-0.03839271020194038,-0.1066184810280712,0.6101655205882726,-0.36519487527902394,-0.3126405149920613,-0.20269081782909695,-0.1066184810280712,0.0150499152034833,0.3135238748741378,0.7762124127335034,train_oof,0.1905491962006118
RFEXGB_LR_NoResample,RFEXGB,supervised,LR,NoResample,480,TP,28,28,0.0,-0.2365396368886044,-0.4183803291987279,0.9406524874019969,-1.5692741742057812,-1.5034071423618593,-0.7160302300120861,-0.4183803291987279,0.18814550731938914,1.64746092794659,1.6896222584000349,train_oof,0.1905491962006118
RFEXGB_LR_NoResample,RFEXGB,supervised,LR,NoResample,480,FP,118,118,0.0,0.037770822040281676,-0.29186201567372827,1.1961190310608552,-1.700673160489439,-1.5129492027657876,-0.7057474313651076,-0.29186201567372827,0.5022805737437842,2.3238704591270936,3.158785037717501,train_oof,0.1905491962006118
RFEXGB_LR_NoResample,RFEXGB,supervised,LR,NoResample,480,TN,1052,1052,0.0,0.0010099403291942662,-0.11552808575093415,0.9791887820471172,-1.7029075915822833,-1.463597586576336,-0.6268743213230566,-0.11552808575093415,0.5076740567625522,1.8294411171210547,2.9585216890500465,train_oof,0.1905491962006118
RFEXGB_LR_NoResample,RFEXGB,supervised,LR,NoResample,480,FN,55,55,0.0,0.02216811241318145,-0.1419511662720021,0.9467201954396419,-1.6055975232916182,-1.2949310177082398,-0.6363759375297204,-0.1419511662720021,0.6117375303542524,1.8260504529120303,2.040211563521277,train_oof,0.1905491962006118
RFEXGB_LR_NoResample,RFEXGB,supervised,LR,NoResample,480,pred_anomaly,146,146,0.0,-0.014836663233751293,-0.31825739468982045,1.153660292934515,-1.6986836384020843,-1.5165600939393695,-0.7109158396559482,-0.31825739468982045,0.4584955749791988,2.153108825437687,3.1168491698130554,train_oof,0.1905491962006118
RFEXGB_LR_NoResample,RFEXGB,supervised,LR,NoResample,480,pred_normal,1107,1107,0.0,0.002061159357757303,-0.1155848738361342,0.9771959027076683,-1.7024676362802593,-1.4615461516253607,-0.6269241840320129,-0.1155848738361342,0.509620087487095,1.832040903363025,2.9533661896605263,train_oof,0.1905491962006118
RFEXGB_LR_NoResample,RFEXGB,supervised,LR,NoResample,484,TP,28,28,0.0,-0.472835946426899,-0.6571227823889794,0.6354353021869118,-1.0153846670981137,-1.0153846670981137,-1.0153846670981137,-0.6571227823889794,-0.14495640876996424,0.7590731961846993,1.2466723071828392,train_oof,0.1905491962006118
RFEXGB_LR_NoResample,RFEXGB,supervised,LR,NoResample,484,FP,118,118,0.0,-0.07259773183610864,-0.4947434497089669,1.0294360588759957,-1.0153846670981137,-1.0153846670981137,-0.7332805842384771,-0.4947434497089669,0.3216258900406942,2.058471028004519,3.167195284444051,train_oof,0.1905491962006118
RFEXGB_LR_NoResample,RFEXGB,supervised,LR,NoResample,484,TN,1052,1052,0.0,0.021368169812748944,-0.31241733260133264,0.9992309787925844,-1.0153846670981137,-1.0153846670981137,-0.6355959925113379,-0.31241733260133264,0.40364504444235927,2.2435113209786524,3.4080068311950167,train_oof,0.1905491962006118
RFEXGB_LR_NoResample,RFEXGB,supervised,LR,NoResample,484,FN,55,55,0.0,-0.030937058862345254,-0.2629980298767161,0.9116146287579203,-1.0153846670981137,-1.0153846670981137,-0.6608724094104947,-0.2629980298767161,0.48555065630175626,1.7523379096934035,2.5850882581540064,train_oof,0.1905491962006118
RFEXGB_LR_NoResample,RFEXGB,supervised,LR,NoResample,484,pred_anomaly,146,146,0.0,-0.14935574559324652,-0.5213640256095529,0.9773876462918168,-1.0153846670981137,-1.0153846670981137,-0.7995301121205118,-0.5213640256095529,0.18322830512563343,1.8594823119452502,3.086487455240042,train_oof,0.1905491962006118
RFEXGB_LR_NoResample,RFEXGB,supervised,LR,NoResample,484,pred_normal,1107,1107,0.0,0.018769445714167034,-0.309814497096407,0.9947435812903545,-1.0153846670981137,-1.0153846670981137,-0.6361343428134165,-0.309814497096407,0.4111096082196083,2.210993092063484,3.3858757013684158,train_oof,0.1905491962006118
RFEXGB_LR_NoResample,RFEXGB,supervised,LR,NoResample,486,TP,28,28,0.0,0.14315474378555662,0.0221483045739001,0.7959137804986987,-1.0674901188596386,-0.9160121400328473,-0.5217310015087595,0.0221483045739001,0.5959890223793824,1.61274657468962,1.9988077686207455,train_oof,0.1905491962006118
RFEXGB_LR_NoResample,RFEXGB,supervised,LR,NoResample,486,FP,118,118,0.0,0.22482130406929837,0.0283565578502865,0.9918625898026477,-1.0674901188596386,-1.0674901188596386,-0.5705138652118099,0.0283565578502865,0.9569867948783729,2.0438575940286827,2.304748987342621,train_oof,0.1905491962006118
RFEXGB_LR_NoResample,RFEXGB,supervised,LR,NoResample,486,TN,1052,1052,0.0,-0.04022035075729114,-0.21120768601123605,0.996192453195048,-1.0674901188596386,-1.0674901188596386,-1.0674901188596386,-0.21120768601123605,0.6391872866136697,1.8785958596004186,2.273810160523514,train_oof,0.1905491962006118
RFEXGB_LR_NoResample,RFEXGB,supervised,LR,NoResample,486,FN,55,55,0.0,0.17666094427417922,0.0121056388915459,0.9704385465610686,-1.0674901188596386,-1.0674901188596386,-0.4728193812321818,0.0121056388915459,0.837336018111167,1.9401668192451258,2.211874056259657,train_oof,0.1905491962006118
RFEXGB_LR_NoResample,RFEXGB,supervised,LR,NoResample,486,pred_anomaly,146,146,0.0,0.2091592240148821,0.027699413451436,0.9554145142823597,-1.0674901188596386,-1.0674901188596386,-0.555762040644849,0.027699413451436,0.8949627405043724,2.0344187654414227,2.2723543193170688,train_oof,0.1905491962006118
RFEXGB_LR_NoResample,RFEXGB,supervised,LR,NoResample,486,pred_normal,1107,1107,0.0,-0.029444857327543303,-0.2027665238958431,0.9956164560342432,-1.0674901188596386,-1.0674901188596386,-1.0674901188596386,-0.2027665238958431,0.6478583997931154,1.8993835736910931,2.2815935474511413,train_oof,0.1905491962006118
RFEXGB_LR_NoResample,RFEXGB,supervised,LR,NoResample,488,TP,28,28,0.0,-0.4057188412264418,-0.4361090534584457,0.8960046619507558,-1.395282106447686,-1.395282106447686,-1.395282106447686,-0.4361090534584457,0.2092043761148986,1.2031613201266664,1.4095635184478639,train_oof,0.1905491962006118
RFEXGB_LR_NoResample,RFEXGB,supervised,LR,NoResample,488,FP,118,118,0.0,-0.08105220157377548,-0.07164280681475635,0.9692966024721356,-1.395282106447686,-1.395282106447686,-0.9163624628740137,-0.07164280681475635,0.4666020391111769,1.8223974948146402,2.162476387535104,train_oof,0.1905491962006118
RFEXGB_LR_NoResample,RFEXGB,supervised,LR,NoResample,488,TN,1052,1052,0.0,0.02064467492170457,0.0044931421181695005,0.991870990265167,-1.395282106447686,-1.395282106447686,-0.7758757342711253,0.0044931421181695005,0.6325187999781942,1.8727302228882885,2.4099135753085954,train_oof,0.1905491962006118
RFEXGB_LR_NoResample,RFEXGB,supervised,LR,NoResample,488,FN,55,55,0.0,-0.08050984185245272,-0.1255957479569002,1.1089237824418052,-1.395282106447686,-1.395282106447686,-1.0833374279654358,-0.1255957479569002,0.6761125883487547,1.965429170851179,2.3312566006265683,train_oof,0.1905491962006118
RFEXGB_LR_NoResample,RFEXGB,supervised,LR,NoResample,488,pred_anomaly,146,146,0.0,-0.14331703657565667,-0.1643953791874434,0.9612756087678375,-1.395282106447686,-1.395282106447686,-1.0040372817552055,-0.1643953791874434,0.3893233724556093,1.6946765102816088,2.1620354413338796,train_oof,0.1905491962006118
RFEXGB_LR_NoResample,RFEXGB,supervised,LR,NoResample,488,pred_normal,1107,1107,0.0,0.015618931089203538,-0.0014319286291252,0.9977014860471617,-1.395282106447686,-1.395282106447686,-0.799046319982621,-0.0014319286291252,0.6357770334014243,1.8949066640199368,2.414037000790891,train_oof,0.1905491962006118
RFEXGB_LR_NoResample,RFEXGB,supervised,LR,NoResample,489,TP,28,28,0.0,0.2905243274108002,-0.11786754856248124,0.9926202036679752,-1.0906676140856657,-0.7437470843560195,-0.3671143181188243,-0.11786754856248124,0.6961130560913987,2.207003791188777,2.239077001324251,train_oof,0.1905491962006118
RFEXGB_LR_NoResample,RFEXGB,supervised,LR,NoResample,489,FP,118,118,0.0,0.10889309777986812,0.0212133081491215,0.9609819831136142,-1.2020520219895654,-1.2020520219895654,-0.5504116699862603,0.0212133081491215,0.5760468570290787,1.852727578130888,2.778586101259673,train_oof,0.1905491962006118
RFEXGB_LR_NoResample,RFEXGB,supervised,LR,NoResample,489,TN,1052,1052,0.0,-0.018806114277350953,-0.2380400961897311,0.9911795909915473,-1.2020520219895654,-1.2020520219895654,-0.715576536085556,-0.2380400961897311,0.4631209826786355,2.0488635860336553,2.910487158978719,train_oof,0.1905491962006118
RFEXGB_LR_NoResample,RFEXGB,supervised,LR,NoResample,489,FN,55,55,0.0,-0.02044635136083831,-0.3854596119120951,1.1029449973747434,-1.2020520219895654,-1.2020520219895654,-0.7696804536075283,-0.3854596119120951,0.1118114177326195,2.237734889088555,2.805928811895995,train_oof,0.1905491962006118
RFEXGB_LR_NoResample,RFEXGB,supervised,LR,NoResample,489,pred_anomaly,146,146,0.0,0.14372648428443047,-0.01609518788766835,0.9663205472359071,-1.2020520219895654,-1.2020520219895654,-0.48557863499093723,-0.01609518788766835,0.6017004818698557,2.151446369349253,2.7389552541999587,train_oof,0.1905491962006118
RFEXGB_LR_NoResample,RFEXGB,supervised,LR,NoResample,489,pred_normal,1107,1107,0.0,-0.018887607538048155,-0.2416639318568542,0.9964819410652637,-1.2020520219895654,-1.2020520219895654,-0.7191055562959378,-0.2416639318568542,0.45274806081587277,2.108013149671846,2.9007360712587995,train_oof,0.1905491962006118
RFEXGB_LR_NoResample,RFEXGB,supervised,LR,NoResample,510,TP,28,28,0.0,0.7421340899646968,0.2560857950975488,1.2411704362249714,-0.4642313528203262,-0.368617492191345,-0.08690039855095008,0.2560857950975488,1.270594738634706,2.8600433808762453,4.394717143354958,train_oof,0.1905491962006118
RFEXGB_LR_NoResample,RFEXGB,supervised,LR,NoResample,510,FP,118,118,0.0,0.4196931259481384,0.1192616081409337,1.2604421925110691,-0.8882275083539404,-0.747274608665245,-0.3319725787485769,0.1192616081409337,0.6322431869379787,2.755428665389048,5.43349936782073,train_oof,0.1905491962006118
RFEXGB_LR_NoResample,RFEXGB,supervised,LR,NoResample,510,TN,1052,1052,0.0,-0.09346979982787235,-0.27121816671496285,0.8807127799268889,-0.995379030272818,-0.8715409628976182,-0.5520890516102124,-0.27121816671496285,0.13350223185735266,1.1400656220952636,3.2673544678957165,train_oof,0.1905491962006118
RFEXGB_LR_NoResample,RFEXGB,supervised,LR,NoResample,510,FN,55,55,0.0,0.49278951542811417,-0.018100607751351,1.6667862699702602,-0.9170231071046338,-0.7301267825184883,-0.4452204168660404,-0.018100607751351,0.6576610980532649,3.411744976873825,6.865457208597718,train_oof,0.1905491962006118
RFEXGB_LR_NoResample,RFEXGB,supervised,LR,NoResample,510,pred_anomaly,146,146,0.0,0.48153111904720447,0.16663057235220205,1.258970631422318,-0.8848342337037793,-0.7189769240457532,-0.26988298461357624,0.16663057235220205,0.7701783772727845,2.975098758851854,5.35358054971633,train_oof,0.1905491962006118
RFEXGB_LR_NoResample,RFEXGB,supervised,LR,NoResample,510,pred_normal,1107,1107,0.0,-0.06434219157215486,-0.2621283788385599,0.9428512967885894,-0.9904534544886624,-0.8669918491246271,-0.549915836693585,-0.2621283788385599,0.1685941142277228,1.2432686709755127,3.819838922368672,train_oof,0.1905491962006118
RFEXGB_LR_NoResample,RFEXGB,supervised,LR,NoResample,511,TP,28,28,0.0,0.4901973868191594,0.8481029208883836,1.0696321513701175,-0.8374816063277984,-0.8374816063277984,-0.8374816063277984,0.8481029208883836,1.4065402190725258,1.751984058501767,1.9454945636327137,train_oof,0.1905491962006118
RFEXGB_LR_NoResample,RFEXGB,supervised,LR,NoResample,511,FP,118,118,0.0,0.2319980188153831,0.20502315539911187,1.0607223330655648,-0.8374816063277984,-0.8374816063277984,-0.8374816063277984,0.20502315539911187,1.08600747793486,2.033395061066076,2.1294665401729422,train_oof,0.1905491962006118
RFEXGB_LR_NoResample,RFEXGB,supervised,LR,NoResample,511,TN,1052,1052,0.0,-0.04584316994911107,-0.8374816063277984,0.9815410280468538,-0.8374816063277984,-0.8374816063277984,-0.8374816063277984,-0.8374816063277984,0.7535883636848801,1.8763662511282915,2.1115778329584844,train_oof,0.1905491962006118
RFEXGB_LR_NoResample,RFEXGB,supervised,LR,NoResample,511,FN,55,55,0.0,0.11325482971326319,-0.0941625543280991,1.0582475006026824,-0.8374816063277984,-0.8374816063277984,-0.8374816063277984,-0.0941625543280991,1.0549136538437476,2.009965192152254,2.0932592738648332,train_oof,0.1905491962006118
RFEXGB_LR_NoResample,RFEXGB,supervised,LR,NoResample,511,pred_anomaly,146,146,0.0,0.28151570582980595,0.2963872853354619,1.0636312534727181,-0.8374816063277984,-0.8374816063277984,-0.8374816063277984,0.2963872853354619,1.208957622421049,2.0245898803793088,2.1197876363529145,train_oof,0.1905491962006118
RFEXGB_LR_NoResample,RFEXGB,supervised,LR,NoResample,511,pred_normal,1107,1107,0.0,-0.03793857195323882,-0.8374816063277984,0.985589795498546,-0.8374816063277984,-0.8374816063277984,-0.8374816063277984,-0.8374816063277984,0.7702291499316856,1.889343851850052,2.1115778329584844,train_oof,0.1905491962006118
RFEXGB_LR_NoResample,RFEXGB,supervised,LR,NoResample,545,TP,28,28,0.0,-0.4213041335142304,-0.3737353644723715,0.2595691093657253,-1.0670634037950593,-0.9872871182265529,-0.3737353644723715,-0.3737353644723715,-0.3737353644723715,-0.09649350473590718,0.1867292494392226,train_oof,0.1905491962006118
RFEXGB_LR_NoResample,RFEXGB,supervised,LR,NoResample,545,FP,118,118,0.0,-0.13953242437962046,-0.3737353644723715,1.144865033544525,-1.4171266743419233,-1.0670634037950593,-0.3737353644723715,-0.3737353644723715,-0.3737353644723715,1.307199783167016,2.2511847851582925,train_oof,0.1905491962006118
RFEXGB_LR_NoResample,RFEXGB,supervised,LR,NoResample,545,TN,1052,1052,0.0,0.033150445746859845,-0.3737353644723715,1.0069941910469953,-1.852502578832725,-1.2320927526457632,-0.3737353644723715,-0.3737353644723715,0.5252603845065563,2.1921219633099454,2.910924651492335,train_oof,0.1905491962006118
RFEXGB_LR_NoResample,RFEXGB,supervised,LR,NoResample,545,FN,55,55,0.0,-0.11169214675157976,-0.3737353644723715,0.6409644864255809,-0.8930783505850662,-0.653382389676577,-0.3737353644723715,-0.3737353644723715,-0.27194399622469534,1.158623106455539,2.0752309215778046,train_oof,0.1905491962006118
RFEXGB_LR_NoResample,RFEXGB,supervised,LR,NoResample,545,pred_anomaly,146,146,0.0,-0.1935708343506415,-0.3737353644723715,1.0404562901669236,-1.4024276135576574,-1.0670634037950593,-0.3737353644723715,-0.3737353644723715,-0.3737353644723715,1.0818737551366804,2.212696180608288,train_oof,0.1905491962006118
RFEXGB_LR_NoResample,RFEXGB,supervised,LR,NoResample,545,pred_normal,1107,1107,0.0,0.02595411097954803,-0.3737353644723715,0.9923007659256579,-1.852502578832725,-1.2175537880149228,-0.3737353644723715,-0.3737353644723715,0.5142398120847164,2.1921219633099454,2.887329457010526,train_oof,0.1905491962006118
RFEXGB_LR_NoResample,RFEXGB,supervised,LR,NoResample,547,TP,28,28,0.0,0.18134402257875828,0.1932744783203726,0.8596967115399556,-1.588074006440251,-0.8231547014326495,-0.5185033740540844,0.1932744783203726,0.6761443368629521,1.6718244852681572,1.848836466007494,train_oof,0.1905491962006118
RFEXGB_LR_NoResample,RFEXGB,supervised,LR,NoResample,547,FP,118,118,0.0,0.211149882614552,0.3326476145389356,0.9831944440902359,-1.748333298446688,-0.994834500374638,-0.4730401361499116,0.3326476145389356,0.7688012799249797,1.6620102932017549,2.0200422061710257,train_oof,0.1905491962006118
RFEXGB_LR_NoResample,RFEXGB,supervised,LR,NoResample,547,TN,1052,1052,0.0,-0.008689822241123895,-0.0430112524944079,0.9285431128472788,-2.46914946569322,-1.5617852923621915,-0.5185033740540844,-0.0430112524944079,0.6535659946480412,1.391248291721135,1.9457050882996123,train_oof,0.1905491962006118
RFEXGB_LR_NoResample,RFEXGB,supervised,LR,NoResample,547,FN,55,55,0.0,0.2399188524019499,0.2736841053176438,0.7297278788440555,-0.9092296713723031,-0.8577100603251319,-0.49244973044468143,0.2736841053176438,0.7467634234884464,1.3836868583126882,1.7384160311973407,train_oof,0.1905491962006118
RFEXGB_LR_NoResample,RFEXGB,supervised,LR,NoResample,547,pred_anomaly,146,146,0.0,0.20543369027892033,0.2633018262853189,0.957999949539217,-1.8456524724703942,-0.9524042807821754,-0.5146834789384208,0.2633018262853189,0.7578313247210167,1.6629505750763778,2.018396712890436,train_oof,0.1905491962006118
RFEXGB_LR_NoResample,RFEXGB,supervised,LR,NoResample,547,pred_normal,1107,1107,0.0,0.0036620089290378566,-0.0268143104479916,0.9209976325217066,-2.446778592759429,-1.5272691118811614,-0.5185033740540844,-0.0268143104479916,0.6633134071154623,1.3922277520072053,1.910448435842311,train_oof,0.1905491962006118
RFEXGB_LR_NoResample,RFEXGB,supervised,LR,NoResample,551,TP,28,28,0.0,0.8669005586206631,0.0513407536392479,3.2319138356274695,-0.5649243154727768,-0.3598986830111285,-0.1268850054227129,0.0513407536392479,0.24441865928970558,4.609299517797906,13.48197188976587,train_oof,0.1905491962006118
RFEXGB_LR_NoResample,RFEXGB,supervised,LR,NoResample,551,FP,118,118,0.0,0.14821618325540517,-0.0872792811867216,2.335195341346152,-0.5361441558612899,-0.46485385223650544,-0.2523031321700188,-0.0872792811867216,0.0513407536392479,0.47578209836828794,0.8678353643252099,train_oof,0.1905491962006118
RFEXGB_LR_NoResample,RFEXGB,supervised,LR,NoResample,551,TN,1052,1052,0.0,-0.04024275685987989,-0.0468810483364034,0.28835092508931265,-0.6185900718125451,-0.4401002745890109,-0.2126974079340274,-0.0468810483364034,0.0711436157572436,0.4209941798418334,0.7146706250517091,train_oof,0.1905491962006118
RFEXGB_LR_NoResample,RFEXGB,supervised,LR,NoResample,551,FN,55,55,0.0,-0.11541958276965149,-0.0816313502108822,0.3068610588661917,-0.6396471151980139,-0.5797104525208804,-0.31501219554367166,-0.0816313502108822,0.0513407536392479,0.2988765301141931,0.7301828670441393,train_oof,0.1905491962006118
RFEXGB_LR_NoResample,RFEXGB,supervised,LR,NoResample,551,pred_anomaly,146,146,0.0,0.28604606346244094,-0.0511402066020611,2.5348983541185155,-0.5542967794694525,-0.4519819918598083,-0.22424907750285822,-0.0511402066020611,0.07609433128674252,0.6206730395316231,11.812590613218937,train_oof,0.1905491962006118
RFEXGB_LR_NoResample,RFEXGB,supervised,LR,NoResample,551,pred_normal,1107,1107,0.0,-0.04397782951122355,-0.0476735569507304,0.2896136782678876,-0.6215605011302444,-0.4569327073893072,-0.2258993160126912,-0.0476735569507304,0.06865126599489091,0.4209941798418334,0.7176410543694086,train_oof,0.1905491962006118
RFEXGB_LR_NoResample,RFEXGB,supervised,LR,NoResample,553,TP,28,28,0.0,0.45478513524677566,-0.13788593753138,2.5478354226503988,-0.7745867176834225,-0.6262927159828477,-0.48397510899226615,-0.13788593753138,0.3056612543053141,1.5133293640673995,9.971880857082692,train_oof,0.1905491962006118
RFEXGB_LR_NoResample,RFEXGB,supervised,LR,NoResample,553,FP,118,118,0.0,0.25197500631101544,0.014588109158534802,2.032256544260376,-1.691163857012298,-0.6940468938511396,-0.4134674401481388,0.014588109158534802,0.5146015874064679,1.288530445480739,1.6940315715331722,train_oof,0.1905491962006118
RFEXGB_LR_NoResample,RFEXGB,supervised,LR,NoResample,553,TN,1052,1052,0.0,-0.05461431533726173,-0.10442942652522125,0.5751418518250647,-1.5794334066546731,-0.9697598607985491,-0.4309161464865074,-0.10442942652522125,0.26163869984245824,0.9861592598739292,1.382365332386452,train_oof,0.1905491962006118
RFEXGB_LR_NoResample,RFEXGB,supervised,LR,NoResample,553,FN,55,55,0.0,0.07676603279462905,-0.0394603573910036,0.7191497699669038,-1.455312672483993,-0.9222036244624274,-0.42963941187638277,-0.0394603573910036,0.5079306490685669,1.222999913725081,1.7040301058432608,train_oof,0.1905491962006118
RFEXGB_LR_NoResample,RFEXGB,supervised,LR,NoResample,553,pred_anomaly,146,146,0.0,0.29087009953157217,0.00602566559426875,2.132536429327094,-1.5705720173040023,-0.6632605666190035,-0.4309161464865074,0.00602566559426875,0.5094733700558007,1.3208062964246876,7.941792392704373,train_oof,0.1905491962006118
RFEXGB_LR_NoResample,RFEXGB,supervised,LR,NoResample,553,pred_normal,1107,1107,0.0,-0.04808683643278657,-0.1023412409986548,0.5834424616077241,-1.6019933072155736,-0.9704088675586958,-0.4309161464865074,-0.1023412409986548,0.27135172581249134,1.0218461201179276,1.4266595117937082,train_oof,0.1905491962006118
RFEXGB_LR_NoResample,RFEXGB,supervised,LR,NoResample,561,TP,28,28,0.0,0.0778199442223159,-0.17396742896300066,1.004543885965933,-1.2028606618748114,-1.2028606618748114,-0.8072341110753865,-0.17396742896300066,0.8785510913610829,1.5960780986012657,1.927650739325573,train_oof,0.1905491962006118
RFEXGB_LR_NoResample,RFEXGB,supervised,LR,NoResample,561,FP,118,118,0.0,0.12816918445678868,0.02210907074386765,1.0711373687353882,-1.2521529115114969,-1.1440398753267904,-0.8590710176633625,0.02210907074386765,0.8718919864274457,2.1034972973958337,2.6896525630755064,train_oof,0.1905491962006118
RFEXGB_LR_NoResample,RFEXGB,supervised,LR,NoResample,561,TN,1052,1052,0.0,-0.024049875520146678,-0.1999196848201034,0.9859594418271053,-1.2639324287057805,-1.1543074714780703,-0.8878640409246422,-0.1999196848201034,0.5256077130581163,1.8801494306088664,2.7244401058375343,train_oof,0.1905491962006118
RFEXGB_LR_NoResample,RFEXGB,supervised,LR,NoResample,561,FN,55,55,0.0,0.1559428828334665,0.0290074978243583,1.098007836736725,-1.2853186884214225,-1.1715324463799135,-0.7535218382857953,0.0290074978243583,0.8571108016285579,2.1414967867470884,3.1341053208134397,train_oof,0.1905491962006118
RFEXGB_LR_NoResample,RFEXGB,supervised,LR,NoResample,561,pred_anomaly,146,146,0.0,0.11851316578168429,0.02210907074386765,1.0554996250594142,-1.2521529115114969,-1.187837450724021,-0.8590710176633625,0.02210907074386765,0.8718919864274457,1.982381902493599,2.632355433820405,train_oof,0.1905491962006118
RFEXGB_LR_NoResample,RFEXGB,supervised,LR,NoResample,561,pred_normal,1107,1107,0.0,-0.01510714588198162,-0.1999196848201034,0.9920528747953017,-1.2639324287057805,-1.1581060683106714,-0.8652677035335877,-0.1999196848201034,0.560594717984572,1.8801494306088664,2.7244401058375343,train_oof,0.1905491962006118
RFEXGB_LR_NoResample,RFEXGB,supervised,LR,NoResample,563,TP,28,28,0.0,0.018883589701077418,-0.03974086245760265,0.6648522547537992,-0.9210746379817368,-0.9210746379817368,-0.3425143035610225,-0.03974086245760265,0.5757302916054505,0.7904820130959288,1.5765506608710695,train_oof,0.1905491962006118
RFEXGB_LR_NoResample,RFEXGB,supervised,LR,NoResample,563,FP,118,118,0.0,-0.060370927184038976,-0.0369140655755681,0.7837071520545431,-1.1534758038711204,-0.9210746379817368,-0.8680830653120759,-0.0369140655755681,0.34304597864384534,1.3837689754854874,1.7512986516825064,train_oof,0.1905491962006118
RFEXGB_LR_NoResample,RFEXGB,supervised,LR,NoResample,563,TN,1052,1052,0.0,0.05739634168233829,-0.0251858625352775,0.9537030658984914,-1.2070221320671668,-0.9210746379817368,-0.9210746379817368,-0.0251858625352775,0.6734499596437326,1.758353154794153,2.5538808595642144,train_oof,0.1905491962006118
RFEXGB_LR_NoResample,RFEXGB,supervised,LR,NoResample,563,FN,55,55,0.0,-0.03907340191488571,-0.1253730546138557,0.7080534247542791,-0.9831575773375371,-0.9210746379817368,-0.6035391986252514,-0.1253730546138557,0.31944650981340045,1.1242344684025918,1.711894449442676,train_oof,0.1905491962006118
RFEXGB_LR_NoResample,RFEXGB,supervised,LR,NoResample,563,pred_anomaly,146,146,0.0,-0.045171430795112544,-0.0369140655755681,0.7608432416847146,-1.1080355303068858,-0.9210746379817368,-0.7540269850738596,-0.0369140655755681,0.37704129233324174,1.3683269000122191,1.8241786239697508,train_oof,0.1905491962006118
RFEXGB_LR_NoResample,RFEXGB,supervised,LR,NoResample,563,pred_normal,1107,1107,0.0,0.052603355324752625,-0.0268418491812042,0.9429932563636775,-1.1986014399726286,-0.9210746379817368,-0.9210746379817368,-0.0268418491812042,0.6595646155555006,1.7358731360756974,2.5447066935457814,train_oof,0.1905491962006118
RFEXGB_LR_NoResample,RFEXGB,supervised,LR,NoResample,566,TP,28,28,0.0,0.06537578052383046,-0.09836478350905214,1.0370040199491295,-1.969928464479487,-1.4153779838324954,-0.5101915009115517,-0.09836478350905214,0.7157459128078787,1.7551383654221033,2.3508630269857527,train_oof,0.1905491962006118
RFEXGB_LR_NoResample,RFEXGB,supervised,LR,NoResample,566,FP,118,118,0.0,0.1761545658348301,-0.07782364022088505,1.3250151311185596,-1.4108699449812399,-0.9271922141075848,-0.5101915009115517,-0.07782364022088505,0.4683907990762027,1.661560250038496,4.626138297203297,train_oof,0.1905491962006118
RFEXGB_LR_NoResample,RFEXGB,supervised,LR,NoResample,566,TN,1052,1052,0.0,-0.028352731502479543,-0.2800560008777856,0.8616345444841714,-1.6929503427410497,-1.1611280099600523,-0.5101915009115517,-0.2800560008777856,0.337901699906054,1.7235327319092482,2.689836412850666,train_oof,0.1905491962006118
RFEXGB_LR_NoResample,RFEXGB,supervised,LR,NoResample,566,FN,55,55,0.0,0.058599362354724745,-0.0455782790693798,0.8532075590654244,-1.4376742181004014,-1.2659738493201604,-0.5101915009115517,-0.0455782790693798,0.5510651745443871,1.6419817490262538,2.047781186491646,train_oof,0.1905491962006118
RFEXGB_LR_NoResample,RFEXGB,supervised,LR,NoResample,566,pred_anomaly,146,146,0.0,0.1549093193368302,-0.07782364022088505,1.2723199559819163,-1.5510558092715196,-1.0312406745173759,-0.5101915009115517,-0.07782364022088505,0.47693324073038934,1.7053591366666119,4.071215706379516,train_oof,0.1905491962006118
RFEXGB_LR_NoResample,RFEXGB,supervised,LR,NoResample,566,pred_normal,1107,1107,0.0,-0.024032618438210127,-0.2780759131191764,0.8610427215370762,-1.6868171696481964,-1.1696238928235467,-0.5101915009115517,-0.2780759131191764,0.35069579331935163,1.712796593899627,2.6623458242778417,train_oof,0.1905491962006118
RFEXGB_LR_NoResample,RFEXGB,supervised,LR,NoResample,574,TP,28,28,0.0,-0.22306504205426997,-0.2235914244842604,0.02951493422561065,-0.2758474105840424,-0.2668553072173936,-0.25110699385267665,-0.2235914244842604,-0.19787325853532373,-0.18087957405666316,-0.17855430767124578,train_oof,0.1905491962006118
RFEXGB_LR_NoResample,RFEXGB,supervised,LR,NoResample,574,FP,118,118,0.0,-0.04163171387121028,-0.22814994549706813,0.8550004551284759,-0.2726981685799844,-0.2662510737274409,-0.24237142202087608,-0.22814994549706813,-0.20886610136360903,0.15699918893403753,4.714534689271223,train_oof,0.1905491962006118
RFEXGB_LR_NoResample,RFEXGB,supervised,LR,NoResample,574,TN,1052,1052,0.0,0.012231503029758853,-0.2258477394150964,1.0368532799689794,-0.2737045615243892,-0.26355458617196204,-0.2410874258547266,-0.2258477394150964,-0.205517959462004,1.6685821936318121,4.953217243311552,train_oof,0.1905491962006118
RFEXGB_LR_NoResample,RFEXGB,supervised,LR,NoResample,574,FN,55,55,0.0,-0.031075959508797296,-0.2205511357215236,0.8136018757005861,-0.2791732570347207,-0.265764627525403,-0.239116018487191,-0.2205511357215236,-0.1998102475395076,0.7184357386164324,3.5172466408119405,train_oof,0.1905491962006118
RFEXGB_LR_NoResample,RFEXGB,supervised,LR,NoResample,574,pred_anomaly,146,146,0.0,-0.0764271466734409,-0.22792431400398455,0.7714673731806623,-0.2767123440550715,-0.26654362981593066,-0.24292307190015255,-0.22792431400398455,-0.20796453145692323,-0.17851484128126913,4.356236467369584,train_oof,0.1905491962006118
RFEXGB_LR_NoResample,RFEXGB,supervised,LR,NoResample,574,pred_normal,1107,1107,0.0,0.010079822415828773,-0.2257100659616895,1.026650414396175,-0.2737045615243892,-0.2637297373987964,-0.2410071163402392,-0.2257100659616895,-0.20547589257346294,1.6835102026699862,4.953217243311552,train_oof,0.1905491962006118
RFEXGB_LR_NoResample,RFEXGB,supervised,LR,NoResample,582,TP,28,28,0.0,0.655046164952899,0.6636248030127313,0.9869787744667543,-1.3030279722063474,-1.0508160132469564,0.14568953014969835,0.6636248030127313,1.249116850597053,2.3480403860629937,2.390075712556222,train_oof,0.1905491962006118
RFEXGB_LR_NoResample,RFEXGB,supervised,LR,NoResample,582,FP,118,118,0.0,0.16922625957236073,0.18322107166152146,0.9763277286617702,-2.038345933505825,-1.5732550710914175,-0.4322962091322567,0.18322107166152146,0.911332976990715,1.699495348738839,2.4693423282291653,train_oof,0.1905491962006118
RFEXGB_LR_NoResample,RFEXGB,supervised,LR,NoResample,582,TN,1052,1052,0.0,-0.038622556243630805,-0.0419681774093758,0.9893544381088676,-2.278547799181447,-1.6468168924545827,-0.7025233080173101,-0.0419681774093758,0.6185869531985585,1.5793944159010114,2.3147123772005065,train_oof,0.1905491962006118
RFEXGB_LR_NoResample,RFEXGB,supervised,LR,NoResample,582,FN,55,55,0.0,0.051928915536545044,0.0781327554284183,1.1271511255883002,-2.594113000212784,-2.1677546886385697,-0.5674097585747835,0.0781327554284183,0.7236752694316451,1.702497872059769,2.4705433375575594,train_oof,0.1905491962006118
RFEXGB_LR_NoResample,RFEXGB,supervised,LR,NoResample,582,pred_anomaly,146,146,0.0,0.2623972003302722,0.2582841546851428,0.9936657017897618,-2.0131247376098886,-1.4756730631607058,-0.3422205095038944,0.2582841546851428,0.9488645185025256,2.04478553064753,2.45613122561701,train_oof,0.1905491962006118
RFEXGB_LR_NoResample,RFEXGB,supervised,LR,NoResample,582,pred_normal,1107,1107,0.0,-0.034123612297912956,-0.0419681774093758,0.996275191437264,-2.2938606681182656,-1.6633307707197795,-0.6875106914125859,-0.0419681774093758,0.6185869531985585,1.5793944159010114,2.358248965354208,train_oof,0.1905491962006118
RFEXGB_LR_NoResample,RFEXGB,supervised,LR,NoResample,586,TP,28,28,0.0,0.28838053539498937,0.47375533132582137,1.0937788881167732,-1.8632853181737257,-1.1773161844314557,-0.494313047424079,0.47375533132582137,0.6694287270305886,2.3390377223809478,2.9369332308565266,train_oof,0.1905491962006118
RFEXGB_LR_NoResample,RFEXGB,supervised,LR,NoResample,586,FP,118,118,0.0,0.09434793355251023,-0.024696897732638105,1.169578017657675,-1.8628733741827683,-1.3948226116569655,-0.6590906438070409,-0.024696897732638102,0.535546929969432,2.199800653437346,3.2904635638961697,train_oof,0.1905491962006118
RFEXGB_LR_NoResample,RFEXGB,supervised,LR,NoResample,586,TN,1052,1052,0.0,-0.018568233263118124,-0.0823690564666746,0.9850823055094834,-1.9717913653919061,-1.3593954284346286,-0.6838072832644851,-0.0823690564666746,0.4778747712353954,1.6066013064586837,2.70237232240538,train_oof,0.1905491962006118
RFEXGB_LR_NoResample,RFEXGB,supervised,LR,NoResample,586,FN,55,55,0.0,-0.0004296517198746938,-0.1070856959241187,0.8182685433162808,-1.6286420209243881,-1.2045044878346445,-0.5272685667006715,-0.1070856959241187,0.5067108506024138,1.3495482561012624,1.743861044245691,train_oof,0.1905491962006118
RFEXGB_LR_NoResample,RFEXGB,supervised,LR,NoResample,586,pred_anomaly,146,146,0.0,0.1315596654127117,0.065930780277991,1.1543001926611753,-1.9863741826717982,-1.388231507801647,-0.5581643660224768,0.065930780277991,0.6405926476635704,2.199800653437346,3.236663678677138,train_oof,0.1905491962006118
RFEXGB_LR_NoResample,RFEXGB,supervised,LR,NoResample,586,pred_normal,1107,1107,0.0,-0.017667039058169274,-0.0823690564666746,0.9771579789436503,-1.9031614964984025,-1.3593954284346286,-0.6755684034453371,-0.0823690564666746,0.4778747712353954,1.6066013064586837,2.70237232240538,train_oof,0.1905491962006118
RFEXGB_LR_NoResample,RFEXGB,supervised,LR,NoResample,588,TP,28,28,0.0,0.6356733352582289,0.2319697246994391,1.115108752999498,-0.7894863043995239,-0.6922538603245134,-0.060071185066493726,0.2319697246994391,1.5633326956911922,2.8105191691621747,3.305614405600658,train_oof,0.1905491962006118
RFEXGB_LR_NoResample,RFEXGB,supervised,LR,NoResample,588,FP,118,118,0.0,0.053192936467849894,-0.2833965866522073,1.0042929717007398,-1.187692674303896,-1.0100630856580286,-0.6956896357335244,-0.2833965866522073,0.5755472656005024,2.121646199655476,2.3563096600909255,train_oof,0.1905491962006118
RFEXGB_LR_NoResample,RFEXGB,supervised,LR,NoResample,588,TN,1052,1052,0.0,-0.01500044383589269,-0.2490388325620975,1.0022700916615048,-1.2797714552653905,-1.1079826848148415,-0.6613318816434146,-0.2490388325620975,0.3436324254922958,1.7591718940048156,3.358525346899427,train_oof,0.1905491962006118
RFEXGB_LR_NoResample,RFEXGB,supervised,LR,NoResample,588,FN,55,55,0.0,-0.14221745166375624,-0.1803233243818781,0.7682249696177122,-1.261218268056731,-1.2454137011752804,-0.7644051439137439,-0.1803233243818781,0.3350429869697683,1.3485967326280057,1.6138385942036537,train_oof,0.1905491962006118
RFEXGB_LR_NoResample,RFEXGB,supervised,LR,NoResample,588,pred_anomaly,146,146,0.0,0.1649015060988815,-0.09442893915660344,1.0480140994621991,-1.1492119897229731,-0.9705516684544024,-0.6269741275533048,-0.09442893915660344,0.6614416508258111,2.121646199655476,3.1317641699046903,train_oof,0.1905491962006118
RFEXGB_LR_NoResample,RFEXGB,supervised,LR,NoResample,588,pred_normal,1107,1107,0.0,-0.02132107204775583,-0.2490388325620975,0.9920535132850687,-1.2797714552653905,-1.1320331126779182,-0.6785107586884696,-0.2490388325620975,0.35222186401482325,1.7437109046642685,3.3564638816540224,train_oof,0.1905491962006118
RFEXGB_LR_NoResample,RFEXGB,supervised,LR,NoResample,589,TP,28,28,0.0,0.16151185795081272,-0.036068941753003,0.796755342021754,-0.7964985688619919,-0.6920627574495156,-0.49936865656775675,-0.036068941753002993,0.8336534299620663,1.6711789717015237,2.020883883230354,train_oof,0.1905491962006118
RFEXGB_LR_NoResample,RFEXGB,supervised,LR,NoResample,589,FP,118,118,0.0,-0.10280303853129012,-0.34240403198223024,0.8456939061217322,-1.0811525882152582,-0.8388443670763797,-0.6302886281956663,-0.34240403198223024,0.0262455296127637,1.5018567474909243,2.9666843684471544,train_oof,0.1905491962006118
RFEXGB_LR_NoResample,RFEXGB,supervised,LR,NoResample,589,TN,1052,1052,0.0,0.015833790334218195,-0.28556667711174777,1.0314123482397735,-1.0811525882152582,-0.8393762790899231,-0.580005266903102,-0.28556667711174777,0.181826258371643,2.0725026156155697,4.075687609638256,train_oof,0.1905491962006118
RFEXGB_LR_NoResample,RFEXGB,supervised,LR,NoResample,589,FN,55,55,0.0,-0.15815785876186017,-0.3030458062439108,0.7406379844267897,-0.9913357530361084,-0.8489537410466639,-0.6265636124689196,-0.3030458062439108,-0.0866576901576375,1.2913051964170625,2.4202225054771715,train_oof,0.1905491962006118
RFEXGB_LR_NoResample,RFEXGB,supervised,LR,NoResample,589,pred_anomaly,146,146,0.0,-0.05211251043883205,-0.31111205069468906,0.8403582868842443,-1.0811525882152582,-0.8270571859787132,-0.6014753677687832,-0.31111205069468906,0.1480574597940442,1.5018567474909243,2.6650326927931394,train_oof,0.1905491962006118
RFEXGB_LR_NoResample,RFEXGB,supervised,LR,NoResample,589,pred_normal,1107,1107,0.0,0.007189218789245923,-0.2909325706962247,1.0193735978662621,-1.0811525882152582,-0.8405401765428707,-0.5840280554595162,-0.2909325706962247,0.167042585209951,2.0725026156155697,4.075687609638256,train_oof,0.1905491962006118
