artifact_key,feature_set,category,model,balance_method,feature,group,n,non_null_n,missing_rate,mean,median,std,p01,p05,p25,p50,p75,p95,p99,group_source,threshold
RFERF_LR_SMOTE,RFERF,supervised,LR,SMOTE,0,TP,45,45,0.0,-0.22380002907655513,-0.4009873167426543,1.004071311737984,-1.8146571388126473,-1.6084531341613624,-0.963424969238834,-0.4009873167426543,0.4078337971934824,1.9944578688151215,2.281266369692201,train_oof,0.2526011564304778
RFERF_LR_SMOTE,RFERF,supervised,LR,SMOTE,0,FP,188,188,0.0,-0.05285046413674946,-0.01339383244058465,0.9786315501714776,-2.252293426490822,-1.5222389429819834,-0.702193100385454,-0.01339383244058465,0.4942882322680861,1.7010132976765155,2.5497736245060842,train_oof,0.2526011564304778
RFERF_LR_SMOTE,RFERF,supervised,LR,SMOTE,0,TN,982,982,0.0,0.01908653076683279,-0.027541528492935098,0.9853420109218731,-2.1872794243770555,-1.4878173315489596,-0.577399743697285,-0.027541528492935098,0.5989945299385313,1.583881051869518,2.829386820721063,train_oof,0.2526011564304778
RFERF_LR_SMOTE,RFERF,supervised,LR,SMOTE,0,FN,38,38,0.0,0.004954619440613934,-0.3360547306156034,1.3683254154239284,-2.0493113594122163,-1.555899782080118,-0.9224500382192953,-0.3360547306156034,0.5458405681192158,2.8389151605434892,3.2564630545156397,train_oof,0.2526011564304778
RFERF_LR_SMOTE,RFERF,supervised,LR,SMOTE,0,pred_anomaly,233,233,0.0,-0.08586647453284925,-0.1476634761072121,0.983733380364029,-2.213942492682504,-1.5813322677666728,-0.7528111544217991,-0.1476634761072121,0.4801739034234085,1.9513474365046606,2.5344247089775944,train_oof,0.2526011564304778
RFERF_LR_SMOTE,RFERF,supervised,LR,SMOTE,0,pred_normal,1020,1020,0.0,0.018560047795856006,-0.04122208363789265,1.0013409755024996,-2.2078643221332204,-1.490533422253348,-0.590980197219233,-0.04122208363789265,0.5998620773379685,1.6301880626748269,2.9226855374330682,train_oof,0.2526011564304778
RFERF_LR_SMOTE,RFERF,supervised,LR,SMOTE,2,TP,45,45,0.0,0.03184945245246591,0.0372111503461785,1.0982200648461795,-1.7354832098751949,-1.2800866649781646,-0.9654955055546128,0.0372111503461785,0.815804960914584,1.4720151564655535,2.6095556304612892,train_oof,0.2526011564304778
RFERF_LR_SMOTE,RFERF,supervised,LR,SMOTE,2,FP,188,188,0.0,0.013592872563247014,-0.1095710732053563,0.95041815743026,-1.8449942901250669,-1.3630685915703484,-0.6046358822904223,-0.1095710732053563,0.6583242309898887,1.6724833397969907,2.303414517279438,train_oof,0.2526011564304778
RFERF_LR_SMOTE,RFERF,supervised,LR,SMOTE,2,TN,982,982,0.0,-0.0005356474736495156,0.06518302284371949,1.0048440452433987,-2.5553411916221265,-1.5259769594433232,-0.6516557586740609,0.06518302284371949,0.5870903894870587,1.5160327613307347,2.241971777173737,train_oof,0.2526011564304778
RFERF_LR_SMOTE,RFERF,supervised,LR,SMOTE,2,FN,38,38,0.0,-0.07687006381016914,-0.1478613535549829,0.9747497900957566,-1.433834320627892,-1.2313413102415267,-0.6232193213174267,-0.1478613535549829,0.25485556351327204,1.5536669071666604,3.1233070626518975,train_oof,0.2526011564304778
RFERF_LR_SMOTE,RFERF,supervised,LR,SMOTE,2,pred_anomaly,233,233,0.0,0.017118821468890155,-0.1095710732053563,0.9782021854020709,-1.9860138822317666,-1.2954784589568804,-0.7188537985464697,-0.1095710732053563,0.7253313769383629,1.6630982849799767,2.6382063420242026,train_oof,0.2526011564304778
RFERF_LR_SMOTE,RFERF,supervised,LR,SMOTE,2,pred_normal,1020,1020,0.0,-0.0033794786705002504,0.0512899995667669,1.003377654458261,-2.5553411916221265,-1.5259769594433232,-0.6516557586740609,0.0512899995667669,0.5797696919711691,1.5185855029982678,2.241971777173737,train_oof,0.2526011564304778
RFERF_LR_SMOTE,RFERF,supervised,LR,SMOTE,8,TP,45,45,0.0,-0.007777497502779632,-0.1275521284638477,0.8653145434647959,-1.4980580666273655,-1.347754300023997,-0.7032469807208012,-0.1275521284638477,0.66081117509744,1.4467362416374039,1.6373521936599893,train_oof,0.2526011564304778
RFERF_LR_SMOTE,RFERF,supervised,LR,SMOTE,8,FP,188,188,0.0,-0.0008920557751742183,-0.0320545117953412,0.9313153584023317,-1.91357429234459,-1.4455546961015324,-0.7150995217966791,-0.0320545117953412,0.788818618716926,1.4512740716493107,1.845049350593067,train_oof,0.2526011564304778
RFERF_LR_SMOTE,RFERF,supervised,LR,SMOTE,8,TN,982,982,0.0,-0.0038700918766906107,-0.004962989336188901,1.0301193739929755,-2.351698393553977,-1.6403427425828252,-0.7235656225651651,-0.004962989336188901,0.74851997905894,1.703767060968596,2.1347796375324553,train_oof,0.2526011564304778
RFERF_LR_SMOTE,RFERF,supervised,LR,SMOTE,8,FN,38,38,0.0,0.08190811623348158,0.10882140499224374,0.6442518193489232,-1.3945007220272623,-0.8937681124147787,-0.320917870016036,0.10882140499224374,0.5107918694798933,1.1835421009467526,1.2962157428543633,train_oof,0.2526011564304778
RFERF_LR_SMOTE,RFERF,supervised,LR,SMOTE,8,pred_anomaly,233,233,0.0,-0.0022218621174156213,-0.0422138327175231,0.9171303170662302,-1.8439626253858024,-1.416295851845649,-0.7073107090896734,-0.0422138327175231,0.7637589604422136,1.4770787467916515,1.8358788702406452,train_oof,0.2526011564304778
RFERF_LR_SMOTE,RFERF,supervised,LR,SMOTE,8,pred_normal,1020,1020,0.0,-0.0006744331431743932,-0.0008992609673167001,1.0182874320750268,-2.345778895896652,-1.6339085059987777,-0.7123345161394202,-0.0008992609673167001,0.7359901499215841,1.6999065190181673,2.126801184168234,train_oof,0.2526011564304778
RFERF_LR_SMOTE,RFERF,supervised,LR,SMOTE,9,TP,45,45,0.0,-0.08817725611806321,-0.0323517416969184,0.8168204057645783,-2.0658695591113445,-1.211739188467834,-0.6669996951162452,-0.0323517416969184,0.4634669719119306,1.1047258415127086,1.2152603600665748,train_oof,0.2526011564304778
RFERF_LR_SMOTE,RFERF,supervised,LR,SMOTE,9,FP,188,188,0.0,-0.05970968206483931,-0.06871178069490065,1.0030873286801187,-2.350469500722824,-1.6936749780956353,-0.7165815664771301,-0.06871178069490065,0.5047851980460013,1.616080208147969,2.6443421110109053,train_oof,0.2526011564304778
RFERF_LR_SMOTE,RFERF,supervised,LR,SMOTE,9,TN,982,982,0.0,0.01655735471997037,-0.0257408255154671,1.0119712076132992,-2.2879302336462946,-1.5654232041754796,-0.6537778627533425,-0.0257408255154671,0.6221289602667623,1.7846585707749758,2.752695027224884,train_oof,0.2526011564304778
RFERF_LR_SMOTE,RFERF,supervised,LR,SMOTE,9,FN,38,38,0.0,-0.03461337091688861,-0.10507181969288296,0.8638433194264648,-1.881226670163409,-1.4503932626182265,-0.4951158743985109,-0.10507181969288296,0.3461232096911696,1.44882402875725,1.7297218573071178,train_oof,0.2526011564304778
RFERF_LR_SMOTE,RFERF,supervised,LR,SMOTE,9,pred_anomaly,233,233,0.0,-0.06520771138842332,-0.0389626578783697,0.9683403718431566,-2.3123245143558497,-1.6903695200049096,-0.7000542760235017,-0.0389626578783697,0.4899106366377292,1.5066695453449481,2.4401309101658786,train_oof,0.2526011564304778
RFERF_LR_SMOTE,RFERF,supervised,LR,SMOTE,9,pred_normal,1020,1020,0.0,0.014650994353106992,-0.0323517416969184,1.0065215343960647,-2.2791377151249645,-1.5683981164571326,-0.6405560303904398,-0.0323517416969184,0.615518044085311,1.7668090970850576,2.709988508692705,train_oof,0.2526011564304778
RFERF_LR_SMOTE,RFERF,supervised,LR,SMOTE,14,TP,45,45,0.0,-0.4224179726999363,-0.5755210966222594,1.019428784315122,-2.1659631207590815,-1.6922548115957612,-1.2488304142962867,-0.5755210966222594,0.2913298434907492,1.4144860158904766,1.7488501428954133,train_oof,0.2526011564304778
RFERF_LR_SMOTE,RFERF,supervised,LR,SMOTE,14,FP,188,188,0.0,-0.09988246475910387,-0.27309423031859675,1.1473262151560788,-2.1526488168447346,-1.7035989832996306,-0.9474613006937341,-0.27309423031859675,0.6690741264862627,1.615240246064036,3.063434963705885,train_oof,0.2526011564304778
RFERF_LR_SMOTE,RFERF,supervised,LR,SMOTE,14,TN,982,982,0.0,0.04543345803938186,0.009642162625942498,0.9632491189831178,-2.128374386822614,-1.6252403015765542,-0.5871202138489603,0.009642162625942498,0.6914767862584879,1.5974555356911853,2.3472557427117997,train_oof,0.2526011564304778
RFERF_LR_SMOTE,RFERF,supervised,LR,SMOTE,14,FN,38,38,0.0,-0.155775514175701,-0.04315506621578255,0.9785092785143037,-1.7484408269544442,-1.5181414844959698,-1.0320363136756412,-0.04315506621578255,0.45723428638021796,1.2329051355332767,1.809698225885791,train_oof,0.2526011564304778
RFERF_LR_SMOTE,RFERF,supervised,LR,SMOTE,14,pred_anomaly,233,233,0.0,-0.16217473024123888,-0.3146087636818162,1.128896279614562,-2.170589025905269,-1.7099527320033916,-1.0006834387401786,-0.3146087636818162,0.5804127526419484,1.5979166073814137,2.9145391842502675,train_oof,0.2526011564304778
RFERF_LR_SMOTE,RFERF,supervised,LR,SMOTE,14,pred_normal,1020,1020,0.0,0.03793743750587876,0.009642162625942498,0.9640890739779373,-2.1223417609901642,-1.6205861896916702,-0.6006630646717178,0.009642162625942498,0.6895511339051854,1.5981335822944611,2.3400275851084538,train_oof,0.2526011564304778
RFERF_LR_SMOTE,RFERF,supervised,LR,SMOTE,15,TP,45,45,0.0,-0.016610592805773105,-0.0576886182044268,0.4187239539645096,-0.855844132910211,-0.6318048102757633,-0.3370719392416558,-0.0576886182044268,0.2581623967167391,0.6752082005620896,0.8973588065408934,train_oof,0.2526011564304778
RFERF_LR_SMOTE,RFERF,supervised,LR,SMOTE,15,FP,188,188,0.0,0.017488679170115002,-0.1076939251267492,1.7040354619220592,-1.1917358201847286,-0.8204613648995108,-0.42601685228117575,-0.1076939251267492,0.2503260222863575,0.7255721144610614,1.018015118882268,train_oof,0.2526011564304778
RFERF_LR_SMOTE,RFERF,supervised,LR,SMOTE,15,TN,982,982,0.0,-0.0017263143109876838,-0.0515600862055359,0.8409806285296525,-0.9191181641950343,-0.7504358318122597,-0.3721113284264592,-0.0515600862055359,0.32351299401334793,0.7357302494284683,1.0283256418477738,train_oof,0.2526011564304778
RFERF_LR_SMOTE,RFERF,supervised,LR,SMOTE,15,FN,38,38,0.0,-0.021584673670464394,-0.0224668639275645,0.38282278105077683,-0.8205645542567126,-0.6267185546789404,-0.2414886706247084,-0.0224668639275645,0.31799545162946474,0.4630398603830795,0.6714717661182129,train_oof,0.2526011564304778
RFERF_LR_SMOTE,RFERF,supervised,LR,SMOTE,15,pred_anomaly,233,233,0.0,0.010902982865758967,-0.1034050176331726,1.5407615666759054,-1.1731451233604275,-0.8181505196453679,-0.4169664854131333,-0.1034050176331726,0.2561231024025991,0.7187500626595142,0.9266622411935965,train_oof,0.2526011564304778
RFERF_LR_SMOTE,RFERF,supervised,LR,SMOTE,15,pred_normal,1020,1020,0.0,-0.0024661355420270087,-0.0505910220667012,0.8283776998322958,-0.9269845157193798,-0.7487011005131811,-0.3693119577067204,-0.0505910220667012,0.3241852157030613,0.7310412036380053,1.0162302305272166,train_oof,0.2526011564304778
RFERF_LR_SMOTE,RFERF,supervised,LR,SMOTE,16,TP,45,45,0.0,0.2073822707872645,0.1449067106772109,0.883959824008764,-1.2634166211450886,-1.0555994488765705,-0.4319645452170283,0.1449067106772109,0.8953974772431429,1.6761869414234205,2.1506406260396873,train_oof,0.2526011564304778
RFERF_LR_SMOTE,RFERF,supervised,LR,SMOTE,16,FP,188,188,0.0,0.0935709029226645,0.11909301764393379,1.1671356455407085,-2.032800220341864,-1.1571897859762592,-0.4236922034341615,0.11909301764393379,0.6835059274796415,1.5993338962575545,2.2691185003886325,train_oof,0.2526011564304778
RFERF_LR_SMOTE,RFERF,supervised,LR,SMOTE,16,TN,982,982,0.0,-0.03586887143261123,-0.0275167987728637,0.959089239481614,-2.5275958924024953,-1.6226136613692985,-0.6087733924797047,-0.0275167987728637,0.5122784192511857,1.4971555252239033,1.883240666245474,train_oof,0.2526011564304778
RFERF_LR_SMOTE,RFERF,supervised,LR,SMOTE,16,FN,38,38,0.0,0.2125174990344362,0.23650047089953274,1.1854343458595937,-1.9294278414219623,-1.612646984522473,-0.15080459136809,0.23650047089953274,0.6324765420238945,1.7263990593777285,3.605582092145333,train_oof,0.2526011564304778
RFERF_LR_SMOTE,RFERF,supervised,LR,SMOTE,16,pred_anomaly,233,233,0.0,0.11555163920552713,0.1219833539295134,1.1172312227168613,-1.9138897922177625,-1.1469739422082634,-0.4319645452170283,0.1219833539295134,0.7237713019408141,1.6239216880386713,2.3109287097610673,train_oof,0.2526011564304778
RFERF_LR_SMOTE,RFERF,supervised,LR,SMOTE,16,pred_normal,1020,1020,0.0,-0.026615261552466327,-0.01914479022153065,0.9689115003591157,-2.5212331659034826,-1.6244375632322676,-0.6075773912580857,-0.01914479022153065,0.5399857808853579,1.5037335319428047,1.8915209813698166,train_oof,0.2526011564304778
RFERF_LR_SMOTE,RFERF,supervised,LR,SMOTE,19,TP,45,45,0.0,0.1253938163338026,-0.000629937536488,0.32273067743279754,-0.46005325121490914,-0.20439539003258803,-0.1172775147776802,-0.000629937536488,0.3193627405711107,0.6256939907135193,0.8248776104459191,train_oof,0.2526011564304778
RFERF_LR_SMOTE,RFERF,supervised,LR,SMOTE,19,FP,188,188,0.0,0.12771261575373075,0.07766055349476281,0.3870314440146253,-0.7878697240302608,-0.4412898053442651,-0.1120231194064582,0.07766055349476281,0.4018567478993388,0.7276292609152879,0.7914649102802994,train_oof,0.2526011564304778
RFERF_LR_SMOTE,RFERF,supervised,LR,SMOTE,19,TN,982,982,0.0,-0.034500736135441,0.0650500046038197,1.1086171368740565,-1.8851135830309378,-0.6800232590358741,-0.1612830760116914,0.0650500046038197,0.2978197195490921,0.6120325627483383,0.8500566730648234,train_oof,0.2526011564304778
RFERF_LR_SMOTE,RFERF,supervised,LR,SMOTE,19,FN,38,38,0.0,0.11363218850949873,0.0767366216726649,0.301542331874306,-0.4454039969199345,-0.2812146503598985,-0.09231913676436393,0.0767366216726649,0.35246543140982994,0.67474377150391,0.710862485285709,train_oof,0.2526011564304778
RFERF_LR_SMOTE,RFERF,supervised,LR,SMOTE,19,pred_anomaly,233,233,0.0,0.12726477895589053,0.073457037197788,0.3748239444367904,-0.7594276818858202,-0.42413420445721367,-0.1120231194064582,0.073457037197788,0.3803137268773178,0.7276292609152879,0.8433520645711461,train_oof,0.2526011564304778
RFERF_LR_SMOTE,RFERF,supervised,LR,SMOTE,19,pred_normal,1020,1020,0.0,-0.02898205855062953,0.06557544414094565,1.0896279040387564,-1.878025403675156,-0.6800232590358741,-0.1545837219133742,0.06557544414094565,0.2991333183918976,0.6225413534907916,0.8500566730648234,train_oof,0.2526011564304778
RFERF_LR_SMOTE,RFERF,supervised,LR,SMOTE,21,TP,45,45,0.0,0.6453710291519843,0.2735105404949241,1.8971509514258846,-1.9691456536996124,-1.2668216853252776,0.1054829034470377,0.2735105404949241,0.6166655739025795,6.138937252899378,6.665486957954422,train_oof,0.2526011564304778
RFERF_LR_SMOTE,RFERF,supervised,LR,SMOTE,21,FP,188,188,0.0,0.2403993107490228,0.22913704479565833,1.155136723184646,-1.5024035322257265,-1.2881209632609254,-0.05159927132836305,0.22913704479565833,0.4406507076288252,1.3764581495958745,5.0251546222263475,train_oof,0.2526011564304778
RFERF_LR_SMOTE,RFERF,supervised,LR,SMOTE,21,TN,982,982,0.0,-0.08088738513375994,0.12776825906489114,0.8856788195920869,-1.5864567938569578,-1.3613865350488243,-0.8865112448521039,0.12776825906489114,0.3916426468231917,0.8221641628742904,1.634439737125309,train_oof,0.2526011564304778
RFERF_LR_SMOTE,RFERF,supervised,LR,SMOTE,21,FN,38,38,0.0,0.13957005195613456,0.23446186427957025,1.0111610361718149,-1.2307982954389316,-1.177049173137252,-0.2654795205988241,0.23446186427957025,0.45120173882842846,0.9945699848311708,3.3733364536559627,train_oof,0.2526011564304778
RFERF_LR_SMOTE,RFERF,supervised,LR,SMOTE,21,pred_anomaly,233,233,0.0,0.3186127327581785,0.2332785710609231,1.3355879648266333,-1.5282190459458773,-1.2863854665402428,-0.040062162446554,0.2332785710609231,0.4742759565920466,1.9693274952453428,6.585180791515574,train_oof,0.2526011564304778
RFERF_LR_SMOTE,RFERF,supervised,LR,SMOTE,21,pred_normal,1020,1020,0.0,-0.07267426492845015,0.13427637176745016,0.8910917962738539,-1.5856324329146336,-1.3595129874526328,-0.8672827300490887,0.13427637176745016,0.3943050565651476,0.8250237881526873,1.6696545433122465,train_oof,0.2526011564304778
RFERF_LR_SMOTE,RFERF,supervised,LR,SMOTE,24,TP,45,45,0.0,-0.0442181818558286,0.1316457138687645,0.7859199344644834,-2.2452076520443374,-1.8689550240808355,-0.3860454905588568,0.1316457138687645,0.5633509710641648,0.7438453664932165,1.3398770745266095,train_oof,0.2526011564304778
RFERF_LR_SMOTE,RFERF,supervised,LR,SMOTE,24,FP,188,188,0.0,-0.0885308873356562,0.04878806560172725,0.9973038340128577,-2.757000185995991,-1.9856405805551178,-0.4732151269354693,0.04878806560172725,0.5210766607238396,1.3929209000275355,2.1469781997656203,train_oof,0.2526011564304778
RFERF_LR_SMOTE,RFERF,supervised,LR,SMOTE,24,TN,982,982,0.0,0.023110827621366674,0.07923965484696675,1.0194254434136554,-2.619347692707618,-1.7982582829367446,-0.4043925412465579,0.07923965484696675,0.5860522757169193,1.614053589986741,3.212069868078609,train_oof,0.2526011564304778
RFERF_LR_SMOTE,RFERF,supervised,LR,SMOTE,24,FN,38,38,0.0,-0.0993114510547533,0.01424995405368165,0.6772050400083233,-1.5741204424603201,-1.414507593120416,-0.542559081693808,0.01424995405368165,0.36817048022288357,0.6715520683802267,1.0821159429744318,train_oof,0.2526011564304778
RFERF_LR_SMOTE,RFERF,supervised,LR,SMOTE,24,pred_anomaly,233,233,0.0,-0.0799726394962045,0.0815083818051389,0.958720808450231,-2.5403815468949245,-1.9802999231971694,-0.4564744915858385,0.0815083818051389,0.5418756214112795,1.2974697279462237,2.028407219195997,train_oof,0.2526011564304778
RFERF_LR_SMOTE,RFERF,supervised,LR,SMOTE,24,pred_normal,1020,1020,0.0,0.018549997631472005,0.07888737456403874,1.0087933511572469,-2.6049487829188656,-1.7935996539372403,-0.4139042610731311,0.07888737456403874,0.5843613033033063,1.6050576167463202,3.1981743022697473,train_oof,0.2526011564304778
RFERF_LR_SMOTE,RFERF,supervised,LR,SMOTE,25,TP,45,45,0.0,-0.32854201244901515,0.4174339616005731,1.7411122350674373,-5.4887674848419845,-5.212155636046688,-0.6547075843997903,0.4174339616005731,0.5798756918733543,0.7501865717095219,0.8711466421410171,train_oof,0.2526011564304778
RFERF_LR_SMOTE,RFERF,supervised,LR,SMOTE,25,FP,188,188,0.0,-0.014436447264231298,0.4522830525241459,1.1829923079798645,-4.459066781188292,-1.7613087196566968,0.28197217268797836,0.4522830525241459,0.5595002153252977,0.7143538370905261,0.8528508694061423,train_oof,0.2526011564304778
RFERF_LR_SMOTE,RFERF,supervised,LR,SMOTE,25,TN,982,982,0.0,0.01726068972832728,0.4410414102907348,0.9055004674843081,-3.169942699714187,-1.3165893529029808,-0.706589741212549,0.4410414102907348,0.5618890642998972,0.7108408238925847,0.8404906837705062,train_oof,0.2526011564304778
RFERF_LR_SMOTE,RFERF,supervised,LR,SMOTE,25,FN,38,38,0.0,-0.0027963750457285627,0.4500347240774635,1.1366272553190844,-3.8676552249308043,-1.9105696244108032,0.3166807430836326,0.4500347240774635,0.5749574733962372,0.7354881244893372,0.9102844195766365,train_oof,0.2526011564304778
RFERF_LR_SMOTE,RFERF,supervised,LR,SMOTE,25,pred_anomaly,233,233,0.0,-0.07510061221408225,0.4449759850724293,1.3108764680228877,-5.466913732340235,-3.0275673008280446,0.2510576565461,0.4449759850724293,0.5607649000765562,0.7501865717095219,0.8564425740997165,train_oof,0.2526011564304778
RFERF_LR_SMOTE,RFERF,supervised,LR,SMOTE,25,pred_normal,1020,1020,0.0,0.016513465746548724,0.4410414102907348,0.9144828701527372,-3.2291861542842604,-1.3194840757780846,-0.6897272778624334,0.4410414102907348,0.56231062588365,0.713651234450937,0.8453695564998066,train_oof,0.2526011564304778
RFERF_LR_SMOTE,RFERF,supervised,LR,SMOTE,28,TP,45,45,0.0,-0.6415539858595996,-0.4529821457746905,0.8358484779158016,-2.53982390572262,-2.009148255698403,-1.100299614817985,-0.4529821457746905,-0.0063383354587506,0.42414438531415954,0.5111427811851285,train_oof,0.2526011564304778
RFERF_LR_SMOTE,RFERF,supervised,LR,SMOTE,28,FP,188,188,0.0,-0.39532541542106553,-0.41738580218856614,0.9940477512449761,-2.409690722929473,-1.930658609386768,-1.0080680903666175,-0.41738580218856614,0.20648963943989002,1.3918901187451382,1.7694379888702736,train_oof,0.2526011564304778
RFERF_LR_SMOTE,RFERF,supervised,LR,SMOTE,28,TN,982,982,0.0,0.11081925268839647,-0.0095717185504524,0.9777952501968379,-2.304431577576284,-1.5364349300858942,-0.5452209526204135,-0.0095717185504524,0.8764699197025018,1.7085883407464042,2.1321513304072983,train_oof,0.2526011564304778
RFERF_LR_SMOTE,RFERF,supervised,LR,SMOTE,28,FN,38,38,0.0,-0.1613444824969006,-0.3591266473831207,1.01151791447918,-2.167669668149373,-1.695677590873358,-0.9125813356404948,-0.3591266473831207,0.48402168814432506,1.5483829474257846,1.8136756215929197,train_oof,0.2526011564304778
RFERF_LR_SMOTE,RFERF,supervised,LR,SMOTE,28,pred_anomaly,233,233,0.0,-0.4428802895400957,-0.4238525683719699,0.9687401242700324,-2.4719974325150256,-1.952182454129639,-1.0582365050484572,-0.4238525683719699,0.1619723627741776,1.3336338768974338,1.7227945443499397,train_oof,0.2526011564304778
RFERF_LR_SMOTE,RFERF,supervised,LR,SMOTE,28,pred_normal,1020,1020,0.0,0.10067981941678737,-0.0095717185504524,0.9799186400979836,-2.2921549171799067,-1.5608775584845214,-0.5533044103496683,-0.0095717185504524,0.8675489866229179,1.699858206398809,2.1210820909942645,train_oof,0.2526011564304778
RFERF_LR_SMOTE,RFERF,supervised,LR,SMOTE,31,TP,45,45,0.0,-0.13963801195530212,-0.4282505462428455,0.7771212690982632,-0.7046083320898,-0.648797874260656,-0.5110581407146022,-0.4282505462428455,-0.3206937156705421,1.7814282432275308,1.8051800665047784,train_oof,0.2526011564304778
RFERF_LR_SMOTE,RFERF,supervised,LR,SMOTE,31,FP,188,188,0.0,-0.18839358786413635,-0.4865880313369933,0.8334670495534954,-0.8606978564018314,-0.7836439941122469,-0.5998204386090462,-0.4865880313369933,-0.345442951771089,1.857946182209073,1.8986409975686878,train_oof,0.2526011564304778
RFERF_LR_SMOTE,RFERF,supervised,LR,SMOTE,31,TN,982,982,0.0,0.05188493730041245,-0.4481615858124587,1.0364743686269315,-0.8690846840037233,-0.7483809847810161,-0.5752107658699683,-0.4481615858124587,-0.10790611055042204,1.875084562997497,1.9511931161187297,train_oof,0.2526011564304778
RFERF_LR_SMOTE,RFERF,supervised,LR,SMOTE,31,FN,38,38,0.0,-0.23170615761372612,-0.4710499770934164,0.8947427458465477,-2.021563566965236,-0.774432812255277,-0.5718147240742162,-0.4710499770934164,-0.2809646787722946,1.802930305117893,1.8797478401153898,train_oof,0.2526011564304778
RFERF_LR_SMOTE,RFERF,supervised,LR,SMOTE,31,pred_anomaly,233,233,0.0,-0.17897727492037005,-0.4770046805161047,0.8214827538884965,-0.8502380476709158,-0.7658450134128686,-0.5815841593770644,-0.4770046805161047,-0.3244154053097217,1.8479348370796782,1.8958627562530395,train_oof,0.2526011564304778
RFERF_LR_SMOTE,RFERF,supervised,LR,SMOTE,31,pred_normal,1020,1020,0.0,0.04131977886243476,-0.4488128814993153,1.032556854194201,-0.8806219218851818,-0.7486973284003468,-0.5756759770748658,-0.4488128814993153,-0.18233990333402308,1.8747496109299704,1.9498142301074135,train_oof,0.2526011564304778
RFERF_LR_SMOTE,RFERF,supervised,LR,SMOTE,33,TP,45,45,0.0,0.42784288465606,-0.0639636392243969,2.046996363829637,-0.3014750977345241,-0.2760850536851281,-0.225481191199066,-0.0639636392243969,0.1686541695783998,0.9950574025646945,9.728758101984218,train_oof,0.2526011564304778
RFERF_LR_SMOTE,RFERF,supervised,LR,SMOTE,33,FP,188,188,0.0,0.2011009929040221,-0.0811117469246028,1.4102283669093105,-0.5214507521964405,-0.4289539948196924,-0.17393519947571856,-0.0811117469246028,0.13034204358021137,0.6553011991306132,9.602011218982692,train_oof,0.2526011564304778
RFERF_LR_SMOTE,RFERF,supervised,LR,SMOTE,33,TN,982,982,0.0,-0.06577862775343161,-0.1546520506982136,0.7698135613332558,-0.5931149309853022,-0.4801949806748535,-0.2844489923815916,-0.1546520506982136,0.0083566410764722,0.47589674746391,1.3364199702378898,train_oof,0.2526011564304778
RFERF_LR_SMOTE,RFERF,supervised,LR,SMOTE,33,FN,38,38,0.0,0.1978758721426261,-0.1256426036796833,1.583753707240469,-0.42274949766998177,-0.3045895465441072,-0.21705964028305544,-0.1256426036796833,0.11685400629823087,0.4408888517043986,6.23904159462984,train_oof,0.2526011564304778
RFERF_LR_SMOTE,RFERF,supervised,LR,SMOTE,33,pred_anomaly,233,233,0.0,0.24489234538832133,-0.0683015004608122,1.5510430202649834,-0.5121189282116012,-0.4287506575742359,-0.1966750814259922,-0.0683015004608122,0.1416780950144383,0.8841979363415366,9.68819909942373,train_oof,0.2526011564304778
RFERF_LR_SMOTE,RFERF,supervised,LR,SMOTE,33,pred_normal,1020,1020,0.0,-0.05595620520828436,-0.1546520506982136,0.8149140904753475,-0.5931149309853022,-0.4801949806748535,-0.28073808765200237,-0.1546520506982136,0.010796688021956475,0.47589674746391,1.3364199702378898,train_oof,0.2526011564304778
RFERF_LR_SMOTE,RFERF,supervised,LR,SMOTE,35,TP,45,45,0.0,0.0034032910259084183,-0.1750404154125366,0.7995734377785637,-0.2941894672872527,-0.2607562450663463,-0.2058391193873363,-0.1750404154125366,-0.1321680411001982,0.0409192292896299,3.655530317096354,train_oof,0.2526011564304778
RFERF_LR_SMOTE,RFERF,supervised,LR,SMOTE,35,FP,188,188,0.0,-0.07227645893791193,-0.15745406625321928,0.5842663356913594,-0.29639779220018847,-0.25477363296795513,-0.2114421699930813,-0.15745406625321928,-0.1087075259832461,0.008526367045712316,3.707222977523541,train_oof,0.2526011564304778
RFERF_LR_SMOTE,RFERF,supervised,LR,SMOTE,35,TN,982,982,0.0,0.016336727308260114,-0.1505315876016079,1.0797493774181313,-0.3208643260162251,-0.2886648593899879,-0.2050799964020424,-0.1505315876016079,-0.086006133851588,0.0441292350560151,5.307707271519133,train_oof,0.2526011564304778
RFERF_LR_SMOTE,RFERF,supervised,LR,SMOTE,35,FN,38,38,0.0,-0.07287178415489545,-0.1647380320406843,0.6347267610712555,-0.3180732838402925,-0.30018183953831246,-0.22273864298853369,-0.1647380320406843,-0.13276449487435857,-0.003249076404747746,2.3608261838843716,train_oof,0.2526011564304778
RFERF_LR_SMOTE,RFERF,supervised,LR,SMOTE,35,pred_anomaly,233,233,0.0,-0.0576601982152857,-0.1576167354643541,0.6303173543824983,-0.29657672833243526,-0.2560135338439357,-0.2114421699930813,-0.1576167354643541,-0.1139852381667217,0.019844529269317145,3.6906813261868416,train_oof,0.2526011564304778
RFERF_LR_SMOTE,RFERF,supervised,LR,SMOTE,35,pred_normal,1020,1020,0.0,0.013013272959632737,-0.1550140280862029,1.0664409982612835,-0.3208643260162251,-0.2890896067746169,-0.2059656398848857,-0.1550140280862029,-0.08628628638187157,0.044550367569285265,5.237335124833782,train_oof,0.2526011564304778
RFERF_LR_SMOTE,RFERF,supervised,LR,SMOTE,37,TP,45,45,0.0,0.2071934857912101,0.2058768845448523,0.8983626259376367,-1.5977966996658588,-1.2508279075076052,-0.1328617187352761,0.2058768845448523,0.8575945015019831,1.4871588714004698,1.9810346030649588,train_oof,0.2526011564304778
RFERF_LR_SMOTE,RFERF,supervised,LR,SMOTE,37,FP,188,188,0.0,0.1298472760729529,0.1137863517139151,1.1595454716779878,-3.342506583275159,-1.4759023216642588,-0.2774374153823834,0.1137863517139151,0.6170643335834902,1.5724070132430767,3.128624319880771,train_oof,0.2526011564304778
RFERF_LR_SMOTE,RFERF,supervised,LR,SMOTE,37,TN,982,982,0.0,-0.03475788252184864,0.00398610103093445,0.9727316476814843,-2.8312785480643865,-1.232796194785467,-0.6342077313846042,0.00398610103093445,0.3594684375530058,1.5131760568995622,2.86555451105964,train_oof,0.2526011564304778
RFERF_LR_SMOTE,RFERF,supervised,LR,SMOTE,37,FN,38,38,0.0,0.025449601183741392,0.0909247159412281,0.9130107228089568,-1.544529088315445,-1.2220576658696736,-0.7322551693112039,0.0909247159412281,0.43264177176918217,1.5045787938695336,2.527930010029878,train_oof,0.2526011564304778
RFERF_LR_SMOTE,RFERF,supervised,LR,SMOTE,37,pred_anomaly,233,233,0.0,0.14478538524600687,0.1472738181978923,1.1125415535743974,-3.341579238049448,-1.4759023216642588,-0.2436279540283574,0.1472738181978923,0.669549497399706,1.5496258761878765,2.9600535655184195,train_oof,0.2526011564304778
RFERF_LR_SMOTE,RFERF,supervised,LR,SMOTE,37,pred_normal,1020,1020,0.0,-0.032514858619091355,0.0049520856410351,0.9702160871035868,-2.8282807758243367,-1.232796194785467,-0.6354957108647536,0.0049520856410351,0.3630103811234511,1.5131760568995622,2.86555451105964,train_oof,0.2526011564304778
RFERF_LR_SMOTE,RFERF,supervised,LR,SMOTE,39,TP,45,45,0.0,0.06770663114552884,-0.2056509959877056,0.9447634135961215,-0.6117848501004503,-0.5156102850470263,-0.2827435446729636,-0.2056509959877056,0.0496778073180538,0.5154112880661823,4.230606433021566,train_oof,0.2526011564304778
RFERF_LR_SMOTE,RFERF,supervised,LR,SMOTE,39,FP,188,188,0.0,-0.07316901679676925,-0.20511413979909085,0.8039877910986354,-1.2675493159329814,-0.6799097530110658,-0.3812029696651334,-0.20511413979909085,0.08865356661157067,0.5505646312967579,4.288407591425092,train_oof,0.2526011564304778
RFERF_LR_SMOTE,RFERF,supervised,LR,SMOTE,39,TN,982,982,0.0,0.014557790720122742,-0.1439125342968708,1.0404727682802024,-1.5225592266627026,-0.6799097530110658,-0.3611513910203266,-0.1439125342968708,0.15463319219247523,0.932269381402718,7.436496848960749,train_oof,0.2526011564304778
RFERF_LR_SMOTE,RFERF,supervised,LR,SMOTE,39,FN,38,38,0.0,-0.09684719990857377,-0.24178141748156257,0.8709635701935267,-1.1729101595790024,-0.679850698830315,-0.37457279573572533,-0.24178141748156257,0.010138349026484701,0.47320902307908347,3.1278104086275436,train_oof,0.2526011564304778
RFERF_LR_SMOTE,RFERF,supervised,LR,SMOTE,39,pred_anomaly,233,233,0.0,-0.04596127363194774,-0.2056509959877056,0.8327098875567029,-1.1720780324866484,-0.6798453302684297,-0.3573665548905823,-0.2056509959877056,0.0803859813068848,0.5505646312967579,4.230606433021566,train_oof,0.2526011564304778
RFERF_LR_SMOTE,RFERF,supervised,LR,SMOTE,39,pred_normal,1020,1020,0.0,0.010407408716308564,-0.1477778988549045,1.034505714646482,-1.5170714827026706,-0.6799097530110658,-0.36166140439951155,-0.1477778988549045,0.14013807509984322,0.932269381402718,6.911856286060388,train_oof,0.2526011564304778
RFERF_LR_SMOTE,RFERF,supervised,LR,SMOTE,41,TP,45,45,0.0,0.098889011993801,0.1126433644696137,0.48121368971226586,-0.6774971920703796,-0.6350032161039595,-0.2966522088370869,0.1126433644696137,0.3086504667976004,0.9399661499802247,0.9512445168891206,train_oof,0.2526011564304778
RFERF_LR_SMOTE,RFERF,supervised,LR,SMOTE,41,FP,188,188,0.0,0.055240721067515514,-0.12561698209832955,1.230507292016172,-0.9591293831069874,-0.6350032161039595,-0.29108124131152346,-0.12561698209832955,0.162895765414492,0.8948526823446417,1.3064221199474908,train_oof,0.2526011564304778
RFERF_LR_SMOTE,RFERF,supervised,LR,SMOTE,41,TN,982,982,0.0,-0.014192542717066813,-0.1220194308928946,0.9729867243502153,-1.2725038101721071,-0.5799757001371697,-0.2902853888078714,-0.1220194308928946,0.0544324384882164,0.8948526823446417,1.3064221199474908,train_oof,0.2526011564304778
RFERF_LR_SMOTE,RFERF,supervised,LR,SMOTE,41,FN,38,38,0.0,-0.024909867428492206,-0.15339875817974158,0.521367643506966,-0.9379733496956234,-0.6626988832310463,-0.3506564858706099,-0.15339875817974158,0.12787825525380764,0.925959145915951,1.0183644431828274,train_oof,0.2526011564304778
RFERF_LR_SMOTE,RFERF,supervised,LR,SMOTE,41,pred_anomaly,233,233,0.0,0.06367064849963072,-0.1133787465675309,1.1245762010681608,-0.9383367132101478,-0.6350032161039595,-0.2948331174001682,-0.1133787465675309,0.1904095233978869,0.9003099566553974,1.2246357689436291,train_oof,0.2526011564304778
RFERF_LR_SMOTE,RFERF,supervised,LR,SMOTE,41,pred_normal,1020,1020,0.0,-0.014591815598472857,-0.1220194308928946,0.959829834369469,-1.2725038101721071,-0.5872520658848444,-0.2902853888078714,-0.1220194308928946,0.055683063851097996,0.8948526823446417,1.302015370941554,train_oof,0.2526011564304778
RFERF_LR_SMOTE,RFERF,supervised,LR,SMOTE,43,TP,45,45,0.0,0.06061352982079153,-0.0946701625847053,0.8745480119042338,-1.391102619444184,-1.0680188695967763,-0.6254683842540426,-0.0946701625847053,0.7895112594218797,1.6694261041666345,1.7609089799362265,train_oof,0.2526011564304778
RFERF_LR_SMOTE,RFERF,supervised,LR,SMOTE,43,FP,188,188,0.0,-0.08176128484495972,-0.327547473115385,0.9387853023048811,-1.7355528544947785,-1.412263653036941,-0.7821694462723893,-0.327547473115385,0.6662081411165984,1.4715229916840742,2.1603892198501833,train_oof,0.2526011564304778
RFERF_LR_SMOTE,RFERF,supervised,LR,SMOTE,43,TN,982,982,0.0,0.018782229712393295,-0.3123475906697994,1.015033038189636,-1.6570487974386885,-1.2829119300038403,-0.76557898759037,-0.3123475906697994,0.8980646240055072,1.7493657503315496,2.372719279455234,train_oof,0.2526011564304778
RFERF_LR_SMOTE,RFERF,supervised,LR,SMOTE,43,FN,38,38,0.0,-0.1532486624792331,-0.559548640236986,1.0418786007171386,-1.6935325343145577,-1.5207647705365392,-0.98560351545025,-0.559548640236986,0.7903632887921755,1.5163831418315155,1.7106304052744732,train_oof,0.2526011564304778
RFERF_LR_SMOTE,RFERF,supervised,LR,SMOTE,43,pred_anomaly,233,233,0.0,-0.05426400304256141,-0.2218154510692558,0.9266065911288489,-1.696967659519185,-1.3437387890301382,-0.7571471120296038,-0.2218154510692558,0.732521747767096,1.5201923561577793,2.100187718229635,train_oof,0.2526011564304778
RFERF_LR_SMOTE,RFERF,supervised,LR,SMOTE,43,pred_normal,1020,1020,0.0,0.012373235689568001,-0.3188503431280103,1.016045522880709,-1.669367213010086,-1.300690406996517,-0.7690875802331565,-0.3188503431280103,0.8893273039534968,1.7488448870938573,2.3592522318365248,train_oof,0.2526011564304778
RFERF_LR_SMOTE,RFERF,supervised,LR,SMOTE,47,TP,45,45,0.0,0.012432269051980442,0.4180192291048125,0.9689852388773346,-1.6390937331529596,-1.3165927277806109,-1.1724182802827732,0.4180192291048125,0.9129621210252312,1.1997347647727512,1.3620886433326347,train_oof,0.2526011564304778
RFERF_LR_SMOTE,RFERF,supervised,LR,SMOTE,47,FP,188,188,0.0,0.1554476315598926,0.5057638819187303,0.9431472751598027,-1.6338027831299886,-1.4033128172832277,-0.7042716595809764,0.5057638819187303,0.9148010808147444,1.2884251683355619,1.6094392433638178,train_oof,0.2526011564304778
RFERF_LR_SMOTE,RFERF,supervised,LR,SMOTE,47,TN,982,982,0.0,-0.03634820041359513,0.33474062149399997,1.0114199763323166,-1.8787995146305958,-1.6240142628789513,-1.03475900461064,0.33474062149399997,0.8413740435048944,1.225059868159763,1.3626088062445239,train_oof,0.2526011564304778
RFERF_LR_SMOTE,RFERF,supervised,LR,SMOTE,47,FN,38,38,0.0,0.16696665092292032,0.5617208012282047,0.9599224936409152,-1.6927072922735111,-1.423226124718242,-0.5880231300296044,0.5617208012282047,0.8881361638668026,1.294047131120645,1.4654014043074883,train_oof,0.2526011564304778
RFERF_LR_SMOTE,RFERF,supervised,LR,SMOTE,47,pred_anomaly,233,233,0.0,0.1278266388008538,0.4884251181890338,0.9477677407994348,-1.6629897020749773,-1.3989781263508034,-0.803575488214691,0.4884251181890338,0.9140129551906672,1.2747643241848918,1.55056625924526,train_oof,0.2526011564304778
RFERF_LR_SMOTE,RFERF,supervised,LR,SMOTE,47,pred_normal,1020,1020,0.0,-0.02877372555988182,0.337104998366231,1.0098338405589886,-1.8755051495219535,-1.6192855091344889,-1.0277972282646255,0.337104998366231,0.8445265460012036,1.2255852852424811,1.375964908487217,train_oof,0.2526011564304778
RFERF_LR_SMOTE,RFERF,supervised,LR,SMOTE,48,TP,45,45,0.0,-0.15158302374425695,-0.4161698354110992,1.1326231131158697,-2.055898860810542,-1.6226282124880609,-0.9916012597580508,-0.4161698354110992,0.4005001476043837,2.004829517057122,2.2282438660367263,train_oof,0.2526011564304778
RFERF_LR_SMOTE,RFERF,supervised,LR,SMOTE,48,FP,188,188,0.0,0.0045097376409252935,0.048413577826559,1.1450371219792506,-2.4518319772049386,-1.8207426122973605,-0.8590583773519828,0.048413577826559,0.7879646839906189,1.8191156644425,2.322164233880189,train_oof,0.2526011564304778
RFERF_LR_SMOTE,RFERF,supervised,LR,SMOTE,48,TN,982,982,0.0,0.003146535264282958,-0.007624590113691749,0.9668118601255558,-2.2840266571148873,-1.602218102506033,-0.6655474289374604,-0.007624590113691749,0.7114655025192668,1.5591091885491146,2.0798018133759526,train_oof,0.2526011564304778
RFERF_LR_SMOTE,RFERF,supervised,LR,SMOTE,48,FN,38,38,0.0,0.08008269088209141,0.08734372688141605,0.9321080275811537,-1.460120181298681,-1.3315561858721916,-0.5997490587611707,0.08734372688141605,0.6284705855461454,1.744420239166696,1.959086038618221,train_oof,0.2526011564304778
RFERF_LR_SMOTE,RFERF,supervised,LR,SMOTE,48,pred_anomaly,233,233,0.0,-0.02563693301286526,0.0005310437275335,1.1418885302726947,-2.4015490087872724,-1.7997725632754862,-0.9282152751684448,0.0005310437275335,0.7423506776221933,1.8625120466294056,2.3222534257509606,train_oof,0.2526011564304778
RFERF_LR_SMOTE,RFERF,supervised,LR,SMOTE,48,pred_normal,1020,1020,0.0,0.006012784199064043,0.0003207899378675782,0.9652085571027142,-2.265524323624347,-1.5639939635448914,-0.6620727084135187,0.0003207899378675782,0.7095068224786976,1.6075704738691667,2.076933951684919,train_oof,0.2526011564304778
RFERF_LR_SMOTE,RFERF,supervised,LR,SMOTE,55,TP,45,45,0.0,0.0724878879931974,0.0352958418468399,1.2949672594115587,-1.596130016327551,-1.5182335371798739,-0.972958183146136,0.0352958418468399,0.9355055559719472,2.065004503613262,3.1166069721068994,train_oof,0.2526011564304778
RFERF_LR_SMOTE,RFERF,supervised,LR,SMOTE,55,FP,188,188,0.0,0.04508250443813024,-0.0187263135870944,1.107609280533421,-1.5571817767537124,-1.4013888184583587,-0.8658505243180803,-0.0187263135870944,0.7797125976765934,2.0260562640394237,2.4050226350928674,train_oof,0.2526011564304778
RFERF_LR_SMOTE,RFERF,supervised,LR,SMOTE,55,TN,982,982,0.0,-0.008658541688505812,-0.077148672947852,0.9573428884420175,-2.063508891213612,-1.4013888184583587,-0.700320506129267,-0.077148672947852,0.6628678789550781,1.7923668265963926,2.298693941056292,train_oof,0.2526011564304778
RFERF_LR_SMOTE,RFERF,supervised,LR,SMOTE,55,FN,38,38,0.0,-0.057674553160932854,-0.3108381103908826,1.1319011656038354,-1.6222253368420225,-1.3682828148205959,-1.0800658419741915,-0.3108381103908826,0.7310272982092954,2.0708467395493373,2.202102306913173,train_oof,0.2526011564304778
RFERF_LR_SMOTE,RFERF,supervised,LR,SMOTE,55,pred_anomaly,233,233,0.0,0.05037538967408744,0.0007478061998248,1.143240864678529,-1.5836665796639227,-1.4013888184583587,-0.8950617039984591,0.0007478061998248,0.8186608372504318,2.065004503613262,3.1166069721068994,train_oof,0.2526011564304778
RFERF_LR_SMOTE,RFERF,supervised,LR,SMOTE,55,pred_normal,1020,1020,0.0,-0.01048462839041975,-0.077148672947852,0.9638124071223128,-2.063508891213612,-1.4013888184583587,-0.700320506129267,-0.077148672947852,0.6628678789550781,1.7923668265963926,2.298693941056292,train_oof,0.2526011564304778
RFERF_LR_SMOTE,RFERF,supervised,LR,SMOTE,56,TP,45,45,0.0,0.19932067310678206,0.506794437311762,0.7917241877331319,-2.144346659003753,-1.619881789950037,-0.0983573346732995,0.506794437311762,0.7229200701635627,0.9361640279106858,1.1142515493805782,train_oof,0.2526011564304778
RFERF_LR_SMOTE,RFERF,supervised,LR,SMOTE,56,FP,188,188,0.0,0.22399174751630763,0.463569310741405,0.7068518968936677,-1.9563173584226865,-1.3086608786434384,-0.062336395864668645,0.463569310741405,0.6652865680697535,1.0002812989900525,1.183988086914101,train_oof,0.2526011564304778
RFERF_LR_SMOTE,RFERF,supervised,LR,SMOTE,56,TN,982,982,0.0,-0.06129420426597874,0.25464786565131436,1.0578827751418964,-3.397875329544249,-1.6256451401594216,-0.6458756045645517,0.25464786565131436,0.6220614414993966,1.054312707203014,1.183988086914101,train_oof,0.2526011564304778
RFERF_LR_SMOTE,RFERF,supervised,LR,SMOTE,56,FN,38,38,0.0,0.2622312211899751,0.42034418417103203,0.6207994848634467,-1.2570788942694715,-0.9239572521672135,0.05293060832296585,0.42034418417103203,0.6292656292611227,1.0982582525495461,1.256606299552301,train_oof,0.2526011564304778
RFERF_LR_SMOTE,RFERF,supervised,LR,SMOTE,56,pred_anomaly,233,233,0.0,0.21922694773764387,0.4923860617883096,0.7222901264895631,-2.144346659003753,-1.3201875790622002,-0.0983573346732995,0.4923860617883096,0.6941033191166581,0.9822708295857351,1.183988086914101,train_oof,0.2526011564304778
RFERF_LR_SMOTE,RFERF,supervised,LR,SMOTE,56,pred_normal,1020,1020,0.0,-0.049241296258796134,0.2618520534130405,1.0464864805951108,-3.315747589060562,-1.6256451401594216,-0.5918441963516055,0.2618520534130405,0.6220614414993966,1.055033125979186,1.183988086914101,train_oof,0.2526011564304778
RFERF_LR_SMOTE,RFERF,supervised,LR,SMOTE,57,TP,45,45,0.0,-0.25882964164096917,0.009608801646894,1.1387236085738048,-3.088252505072732,-1.7188301856491692,-1.060362310804382,0.009608801646894,0.4426621861239261,1.1822456687394445,2.213845339329627,train_oof,0.2526011564304778
RFERF_LR_SMOTE,RFERF,supervised,LR,SMOTE,57,FP,188,188,0.0,0.01525704380254355,0.037084147270272,0.9725191066449324,-1.895375920208989,-1.4659403496580627,-0.6905705694966099,0.037084147270272,0.6872018860209927,1.8025414928686008,2.158257290474959,train_oof,0.2526011564304778
RFERF_LR_SMOTE,RFERF,supervised,LR,SMOTE,57,TN,982,982,0.0,0.013117102541219637,0.037084147270272,0.997228239471385,-2.6371065806772664,-1.5613704764471514,-0.5832116768588849,0.037084147270272,0.6573799713994025,1.7047256129097805,2.3035496585113706,train_oof,0.2526011564304778
RFERF_LR_SMOTE,RFERF,supervised,LR,SMOTE,57,FN,38,38,0.0,-0.10166623444283407,-0.16570487215656815,0.9998316958688048,-2.037805384441737,-1.44804720088509,-0.7860006962857186,-0.16570487215656815,0.48441286659417243,1.8562209391874707,2.160404468327737,train_oof,0.2526011564304778
RFERF_LR_SMOTE,RFERF,supervised,LR,SMOTE,57,pred_anomaly,233,233,0.0,-0.037678152956933136,0.037084147270272,1.0099621297539167,-1.895375920208989,-1.4659403496580627,-0.8217869938316334,0.037084147270272,0.6573799713994025,1.8025414928686008,2.2252969545443184,train_oof,0.2526011564304778
RFERF_LR_SMOTE,RFERF,supervised,LR,SMOTE,57,pred_normal,1020,1020,0.0,0.008840860575147047,0.037084147270272,0.9970707318973253,-2.5872443394299625,-1.5613704764471514,-0.5832116768588849,0.037084147270272,0.6573799713994025,1.7083042426643749,2.2763520723764725,train_oof,0.2526011564304778
RFERF_LR_SMOTE,RFERF,supervised,LR,SMOTE,58,TP,45,45,0.0,0.11600132828606166,0.0867946754557125,0.887016316813562,-1.3624887792636093,-0.9752046781669202,-0.6576194460016079,0.0867946754557125,0.5551503113012974,1.5546235976699856,1.956678007484022,train_oof,0.2526011564304778
RFERF_LR_SMOTE,RFERF,supervised,LR,SMOTE,58,FP,188,188,0.0,0.09387937336114571,-0.0583129900581533,0.8890859954271845,-1.3647420771589907,-1.1316968068694804,-0.707168404957563,-0.0583129900581533,0.9008132868749756,1.4399531498004887,2.03100144591796,train_oof,0.2526011564304778
RFERF_LR_SMOTE,RFERF,supervised,LR,SMOTE,58,TN,982,982,0.0,-0.030672885168877822,-0.2977996250119338,1.027263218449484,-1.7078922126713398,-1.2038377316351192,-0.73046821303804,-0.2977996250119338,0.8312087969130435,1.5850018284584602,2.2115012249717947,train_oof,0.2526011564304778
RFERF_LR_SMOTE,RFERF,supervised,LR,SMOTE,58,FN,38,38,0.0,0.22516542111153925,0.2855803798385409,0.8945739454350158,-1.0315725176649178,-0.8769325762376113,-0.586835218921672,0.2855803798385409,0.8170519514970579,1.8045509061180607,1.90967728070295,train_oof,0.2526011564304778
RFERF_LR_SMOTE,RFERF,supervised,LR,SMOTE,58,pred_anomaly,233,233,0.0,0.09815185392604361,-0.0335385105801705,0.8868179730819828,-1.3962764503230989,-1.1231437127639896,-0.707168404957563,-0.0335385105801705,0.9008132868749756,1.495400794346442,2.03100144591796,train_oof,0.2526011564304778
RFERF_LR_SMOTE,RFERF,supervised,LR,SMOTE,58,pred_normal,1020,1020,0.0,-0.021141654150587767,-0.29131107086293906,1.023388832220769,-1.6700108538123928,-1.1937509792762218,-0.7166063019015534,-0.29131107086293906,0.8312087969130435,1.586240552432361,2.2115012249717947,train_oof,0.2526011564304778
RFERF_LR_SMOTE,RFERF,supervised,LR,SMOTE,59,TP,45,45,0.0,0.6970549242362272,0.5458692587160796,0.9298339275094635,-0.8222038135593057,-0.5741803672788204,-0.0004146459356883,0.5458692587160796,1.4216736564958536,2.215378988122389,2.398718984611815,train_oof,0.2526011564304778
RFERF_LR_SMOTE,RFERF,supervised,LR,SMOTE,59,FP,188,188,0.0,0.5848780200602934,-0.00427854844462735,1.6933621628215973,-1.178881109927793,-0.8451812213336959,-0.33383195817329947,-0.00427854844462735,1.4656451708931255,2.4358275396930122,3.4285801632374864,train_oof,0.2526011564304778
RFERF_LR_SMOTE,RFERF,supervised,LR,SMOTE,59,TN,982,982,0.0,-0.16269336658160638,-0.26341828525646593,0.7066387103927375,-1.5427212611648828,-0.9300857946821536,-0.5236214814744345,-0.26341828525646593,0.00813101000642795,1.4433342989617568,2.485428096649702,train_oof,0.2526011564304778
RFERF_LR_SMOTE,RFERF,supervised,LR,SMOTE,59,FN,38,38,0.0,0.46395170029606786,0.019846787797293895,1.2921507086501565,-1.3422609861826393,-0.8777640983097971,-0.2882323380661667,0.019846787797293895,1.0434619148443225,2.47543380643274,4.176073929830081,train_oof,0.2526011564304778
RFERF_LR_SMOTE,RFERF,supervised,LR,SMOTE,59,pred_anomaly,233,233,0.0,0.6065430873904093,0.091660682265532,1.5739211035714387,-1.1220920737949047,-0.8192257220947488,-0.2735008932450607,0.091660682265532,1.45943152950588,2.37133682925908,2.6322931573002872,train_oof,0.2526011564304778
RFERF_LR_SMOTE,RFERF,supervised,LR,SMOTE,59,pred_normal,1020,1020,0.0,-0.1393477660508695,-0.2570679133741466,0.7452789546004738,-1.546611091826962,-0.9301825188471874,-0.5196183164242164,-0.2570679133741466,0.02401200380463645,1.5746021575527986,2.538449448029441,train_oof,0.2526011564304778
RFERF_LR_SMOTE,RFERF,supervised,LR,SMOTE,63,TP,45,45,0.0,0.3648758197061282,-0.0240820114804666,1.012080288550035,-0.8510992367556836,-0.7832510166411699,-0.3734912321324047,-0.0240820114804666,0.948804037465864,2.438489585729235,2.7824001343172875,train_oof,0.2526011564304778
RFERF_LR_SMOTE,RFERF,supervised,LR,SMOTE,63,FP,188,188,0.0,0.246486743054477,-0.04672446440878085,1.973150305049606,-1.0748387801378883,-0.8675363652498161,-0.4789195290638448,-0.04672446440878085,0.3828492983259266,1.4455823857749464,4.178676204837866,train_oof,0.2526011564304778
RFERF_LR_SMOTE,RFERF,supervised,LR,SMOTE,63,TN,982,982,0.0,-0.07035743813760136,-0.13343726516425786,0.6397542844885088,-1.2247897736102586,-0.9781160034138144,-0.4926788660816245,-0.13343726516425786,0.26591325281147293,1.0099999462113636,2.0559138012827636,train_oof,0.2526011564304778
RFERF_LR_SMOTE,RFERF,supervised,LR,SMOTE,63,FN,38,38,0.0,0.153911979520522,-0.0952268768156816,1.1454071410972109,-1.04156563227544,-0.762339222515673,-0.4796023332489439,-0.0952268768156816,0.3031610537966655,2.119021828206715,4.162173393911917,train_oof,0.2526011564304778
RFERF_LR_SMOTE,RFERF,supervised,LR,SMOTE,63,pred_anomaly,233,233,0.0,0.2693515861846242,-0.034793710306218,1.8260915845560999,-1.0392590198156113,-0.8634981613765758,-0.4238255582066447,-0.034793710306218,0.4668841743749655,1.8801089769157104,3.174306021609123,train_oof,0.2526011564304778
RFERF_LR_SMOTE,RFERF,supervised,LR,SMOTE,63,pred_normal,1020,1020,0.0,-0.062002302969945786,-0.1324646855445067,0.6659322567705489,-1.2237265975327773,-0.9714012071349851,-0.4908136448930608,-0.1324646855445067,0.26776182023942435,1.042883795765743,2.1780153104187723,train_oof,0.2526011564304778
RFERF_LR_SMOTE,RFERF,supervised,LR,SMOTE,64,TP,45,45,0.0,0.7497478366968492,0.4704794905982912,1.5240733560384634,-1.486406369843482,-1.1261759657646286,-0.7383445097183502,0.4704794905982912,2.0864709379179285,3.333439501175204,3.5735482056639367,train_oof,0.2526011564304778
RFERF_LR_SMOTE,RFERF,supervised,LR,SMOTE,64,FP,188,188,0.0,0.1799520153780034,-0.06976996298417845,1.2296289020990383,-1.7859073191525223,-1.4677527778961887,-0.6158970953116223,-0.06976996298417845,0.7851660492550019,2.3567762042806226,3.91775420137491,train_oof,0.2526011564304778
RFERF_LR_SMOTE,RFERF,supervised,LR,SMOTE,64,TN,982,982,0.0,-0.07070430025555768,-0.13365865740107497,0.876132978527562,-1.873080546951363,-1.3546335794372653,-0.6264657601127659,-0.13365865740107497,0.37655327141307615,1.2920065537122425,2.679840204759915,train_oof,0.2526011564304778
RFERF_LR_SMOTE,RFERF,supervised,LR,SMOTE,64,FN,38,38,0.0,-0.012481479275502583,-0.312818825392828,1.4027892519593137,-2.1846961072122095,-1.7662536596914162,-0.8260431279554818,-0.312818825392828,0.4495906564735732,2.4665706346763834,3.958131977958466,train_oof,0.2526011564304778
RFERF_LR_SMOTE,RFERF,supervised,LR,SMOTE,64,pred_anomaly,233,233,0.0,0.289998418637008,-0.0136099850533397,1.3076913452570154,-1.755710554425108,-1.3600416524429944,-0.6502046852251246,-0.0136099850533397,0.9777956863983088,2.91718421956393,3.8151507229664023,train_oof,0.2526011564304778
RFERF_LR_SMOTE,RFERF,supervised,LR,SMOTE,64,pred_normal,1020,1020,0.0,-0.06853521476806544,-0.1359711867433595,0.9003094531506807,-1.887028344540558,-1.3733965093946894,-0.6345697554833168,-0.1359711867433595,0.37692347896129286,1.402507928385009,3.0006908712345433,train_oof,0.2526011564304778
RFERF_LR_SMOTE,RFERF,supervised,LR,SMOTE,65,TP,45,45,0.0,0.5218049693127725,0.402233773352724,1.2110006776515843,-1.3062927494759407,-0.9832656719131654,-0.5575016737887329,0.402233773352724,1.4681340410972556,2.5971999844613882,2.774142628207434,train_oof,0.2526011564304778
RFERF_LR_SMOTE,RFERF,supervised,LR,SMOTE,65,FP,188,188,0.0,0.21237526714994143,-0.12188410371212541,1.352432058546727,-1.4087096032700102,-1.1015140042289244,-0.5503989533375677,-0.12188410371212541,0.5793916179070497,1.9316484173501047,5.447743328267574,train_oof,0.2526011564304778
RFERF_LR_SMOTE,RFERF,supervised,LR,SMOTE,65,TN,982,982,0.0,-0.06620392262549488,-0.15793092271019438,0.8814815507294737,-1.581681833119967,-1.1708007346049965,-0.5552013220737981,-0.15793092271019438,0.3257547694572381,1.107326096346187,2.3610023313722377,train_oof,0.2526011564304778
RFERF_LR_SMOTE,RFERF,supervised,LR,SMOTE,65,FN,38,38,0.0,-0.009521448020059942,-0.15346694152192594,1.196766087988733,-1.7593287331324985,-1.620093946897731,-0.7389901953457657,-0.15346694152192594,0.3419050842463409,2.1245935791420814,3.485646677443015,train_oof,0.2526011564304778
RFERF_LR_SMOTE,RFERF,supervised,LR,SMOTE,65,pred_anomaly,233,233,0.0,0.2721363684260247,-0.0476644348590937,1.3294411878627097,-1.4069159441824486,-1.1001331095887557,-0.5552184123539984,-0.0476644348590937,0.7234079910973242,2.5759533481166117,4.571023985559289,train_oof,0.2526011564304778
RFERF_LR_SMOTE,RFERF,supervised,LR,SMOTE,65,pred_normal,1020,1020,0.0,-0.06409222259117474,-0.15793092271019438,0.8945134789447843,-1.6221501126891664,-1.1710208574139744,-0.5664057097729891,-0.15793092271019438,0.32648965150584275,1.137899924012972,2.533979073056178,train_oof,0.2526011564304778
RFERF_LR_SMOTE,RFERF,supervised,LR,SMOTE,67,TP,45,45,0.0,-0.057144754967651736,-0.0571820868799883,0.000565506105197511,-0.05798893317661147,-0.057908566152588443,-0.0575334308471998,-0.0571820868799883,-0.0569683138535806,-0.0558882220020601,-0.055601771963626916,train_oof,0.2526011564304778
RFERF_LR_SMOTE,RFERF,supervised,LR,SMOTE,67,FP,188,188,0.0,0.15371711350545908,-0.05724505539729065,2.0441829149020876,-0.05873116184972862,-0.0577849413568407,-0.05751394405431635,-0.05724505539729065,-0.05703019169217685,-0.055968932226316125,2.3516690143539494,train_oof,0.2526011564304778
RFERF_LR_SMOTE,RFERF,supervised,LR,SMOTE,67,TN,982,982,0.0,-0.043796110773880466,-0.057310350695832846,0.34777987725348336,-0.05870428170945568,-0.0577640148680651,-0.05753917508838555,-0.057310350695832846,-0.0570418255983759,-0.05624411773507205,-0.05567498704381416,train_oof,0.2526011564304778
RFERF_LR_SMOTE,RFERF,supervised,LR,SMOTE,67,FN,38,38,0.0,0.4299291140952823,-0.05717016212613425,3.002054791075859,-0.05780299427078505,-0.0577791680308894,-0.0574924213278481,-0.05717016212613425,-0.05688462244086115,-0.055599017636334284,11.602461962827629,train_oof,0.2526011564304778
RFERF_LR_SMOTE,RFERF,supervised,LR,SMOTE,67,pred_anomaly,233,233,0.0,0.11299271830678961,-0.0572143709696907,1.8371504833785703,-0.058652624257455335,-0.0578183452100147,-0.0575165616832112,-0.0572143709696907,-0.0570133952401019,-0.055903520588711904,-0.05408888716759536,train_oof,0.2526011564304778
RFERF_LR_SMOTE,RFERF,supervised,LR,SMOTE,67,pred_normal,1020,1020,0.0,-0.026147523965029302,-0.057308605609903,0.6721132340292753,-0.05870207126727787,-0.05777223131431815,-0.05753902966455805,-0.057308605609903,-0.05703898983373985,-0.0560363797975051,-0.05566038067458128,train_oof,0.2526011564304778
RFERF_LR_SMOTE,RFERF,supervised,LR,SMOTE,75,TP,45,45,0.0,0.2799551728958705,0.0167151022241025,1.9009983427920498,-2.295881713504163,-1.6440761952643843,-0.5824032438194896,0.0167151022241025,0.5233225271874341,1.6034976628483806,7.652302211271451,train_oof,0.2526011564304778
RFERF_LR_SMOTE,RFERF,supervised,LR,SMOTE,75,FP,188,188,0.0,-0.03000900533264506,0.0982128184138558,1.170477264438281,-3.1613874594393425,-2.1808598016277054,-0.7134603820165254,0.0982128184138558,0.7612077528223897,1.5521761280586177,2.2471974622887427,train_oof,0.2526011564304778
RFERF_LR_SMOTE,RFERF,supervised,LR,SMOTE,75,TN,982,982,0.0,-0.005080655986521444,0.02242194494577865,0.8955445645848097,-3.1076430195736675,-1.4059707055316184,-0.5196279759435984,0.02242194494577865,0.5673753467494629,1.333674143030954,1.974334297921539,train_oof,0.2526011564304778
RFERF_LR_SMOTE,RFERF,supervised,LR,SMOTE,75,FN,38,38,0.0,-0.06118883131716951,0.1356577150415803,0.9066971371378089,-2.283767188124605,-1.6260145392439522,-0.6385705887610764,0.1356577150415803,0.4836749895816081,1.2757446853068863,1.4594449428805472,train_oof,0.2526011564304778
RFERF_LR_SMOTE,RFERF,supervised,LR,SMOTE,75,pred_anomaly,233,233,0.0,0.029855320934664815,0.0387415120051169,1.3433884084722783,-3.068215746065652,-2.170947917226249,-0.6925352927245616,0.0387415120051169,0.7303707791289696,1.5735417455462006,3.6695749003075413,train_oof,0.2526011564304778
RFERF_LR_SMOTE,RFERF,supervised,LR,SMOTE,75,pred_normal,1020,1020,0.0,-0.007170960557663233,0.0268272269019815,0.8955757172690746,-3.0197576445474206,-1.437688735616279,-0.525134578388852,0.0268272269019815,0.5596661033261079,1.3297093892703715,1.9684752729197885,train_oof,0.2526011564304778
RFERF_LR_SMOTE,RFERF,supervised,LR,SMOTE,76,TP,45,45,0.0,-0.2502662762488091,-0.1733448226763963,0.8331376069350743,-2.317417221222734,-1.4447446612647084,-0.6943612426348661,-0.1733448226763963,0.1710051100547762,1.209444733282347,1.782562795236664,train_oof,0.2526011564304778
RFERF_LR_SMOTE,RFERF,supervised,LR,SMOTE,76,FP,188,188,0.0,-0.1226957576400813,-0.15687591285012284,0.9187861788644908,-2.0303790946869933,-1.5131654957247718,-0.7879345939205086,-0.15687591285012284,0.44723364304999946,1.4680066175548407,2.1786251048223355,train_oof,0.2526011564304778
RFERF_LR_SMOTE,RFERF,supervised,LR,SMOTE,76,TN,982,982,0.0,0.04819786391915218,0.1111181652319636,1.0000378912153134,-2.422069657300599,-1.6434196007143893,-0.5985421309183658,0.1111181652319636,0.7399310858714963,1.5510997534964928,2.191440911014413,train_oof,0.2526011564304778
RFERF_LR_SMOTE,RFERF,supervised,LR,SMOTE,76,FN,38,38,0.0,-0.11976176678230087,-0.15388156560898225,1.3069170902320635,-4.038029032926964,-2.0925716868854844,-0.5558726827321121,-0.15388156560898225,0.7489141275949182,1.606195742733481,1.7150402649489433,train_oof,0.2526011564304778
RFERF_LR_SMOTE,RFERF,supervised,LR,SMOTE,76,pred_anomaly,233,233,0.0,-0.14733384063318325,-0.1583730864706931,0.9025622755354343,-2.1892591593019155,-1.5034338671910645,-0.7662255764222413,-0.1583730864706931,0.3566546390054954,1.459772162641703,2.0706189998343953,train_oof,0.2526011564304778
RFERF_LR_SMOTE,RFERF,supervised,LR,SMOTE,76,pred_normal,1020,1020,0.0,0.041940544344000005,0.10363229712911201,1.0128243421467285,-2.591849145873273,-1.6495580125587277,-0.5985421309183658,0.10363229712911201,0.7406796726817814,1.5579867521511161,2.1766488356431823,train_oof,0.2526011564304778
RFERF_LR_SMOTE,RFERF,supervised,LR,SMOTE,79,TP,45,45,0.0,0.5602924228417465,0.5617322777291206,1.1087176719665466,-1.4551588543089482,-1.13585663448488,-0.0948415509134444,0.5617322777291206,0.9202561446852582,2.344848570253139,2.932136581715268,train_oof,0.2526011564304778
RFERF_LR_SMOTE,RFERF,supervised,LR,SMOTE,79,FP,188,188,0.0,0.20118648688858548,-0.055965468954345204,1.2120989644271285,-2.0135489781814773,-1.4017258394384977,-0.6142692015336316,-0.055965468954345204,0.7355947553795367,2.781772535826794,3.2201219577389484,train_oof,0.2526011564304778
RFERF_LR_SMOTE,RFERF,supervised,LR,SMOTE,79,TN,982,982,0.0,-0.0705137842758237,-0.1725937148316429,0.9280751864901317,-1.8024950487901896,-1.4293710532760793,-0.6045501810438568,-0.1725937148316429,0.3111975273260366,1.7448610386843737,2.8547731786166546,train_oof,0.2526011564304778
RFERF_LR_SMOTE,RFERF,supervised,LR,SMOTE,79,FN,38,38,0.0,0.04759041018231974,-0.12723828587936048,0.9867552521002295,-1.39615360102436,-1.1777564117074646,-0.6121094192025706,-0.12723828587936048,0.4731812021556167,2.1558676162852954,2.347483504697034,train_oof,0.2526011564304778
RFERF_LR_SMOTE,RFERF,supervised,LR,SMOTE,79,pred_anomaly,233,233,0.0,0.2705417105705265,0.1643323288138838,1.1989702977990744,-1.965731397371785,-1.3233257408209809,-0.5743132284090019,0.1643323288138838,0.8597822394155481,2.6955972208174543,3.246255323944788,train_oof,0.2526011564304778
RFERF_LR_SMOTE,RFERF,supervised,LR,SMOTE,79,pred_normal,1020,1020,0.0,-0.06611382409012813,-0.17192338080879072,0.9300854602117594,-1.795929310503764,-1.4170602939890309,-0.608869745705979,-0.17192338080879072,0.31227741849156715,1.7759619042516535,2.8227652044703277,train_oof,0.2526011564304778
RFERF_LR_SMOTE,RFERF,supervised,LR,SMOTE,81,TP,45,45,0.0,0.10350329048481043,0.1503773317020817,1.0470618005070638,-2.7680847424245183,-2.1769978159285177,-0.1755025896820398,0.1503773317020817,0.796212084990614,1.4290116414237812,1.7558395771246573,train_oof,0.2526011564304778
RFERF_LR_SMOTE,RFERF,supervised,LR,SMOTE,81,FP,188,188,0.0,0.04278022806519676,0.12371442904338095,1.1302281784345305,-3.720483625393314,-2.3526767190019595,-0.30585455823568863,0.12371442904338095,0.6791915677663158,1.5780276418385217,2.6691921204221534,train_oof,0.2526011564304778
RFERF_LR_SMOTE,RFERF,supervised,LR,SMOTE,81,TN,982,982,0.0,-0.008899127354237387,0.0852013474252574,0.9532709629234748,-2.8403708340769964,-1.987098698103771,-0.3473301845936677,0.0852013474252574,0.5058827004847601,1.317027450257237,2.2430596850413176,train_oof,0.2526011564304778
RFERF_LR_SMOTE,RFERF,supervised,LR,SMOTE,81,FN,38,38,0.0,-0.13511842717558656,-0.0718135237870921,1.2366134323247084,-3.248016990281134,-2.749953968616602,-0.4480567057487599,-0.0718135237870921,0.6021654045300688,1.574176333676708,1.8454269300578923,train_oof,0.2526011564304778
RFERF_LR_SMOTE,RFERF,supervised,LR,SMOTE,81,pred_anomaly,233,233,0.0,0.05450785814623803,0.1266769737832367,1.1127193983526904,-3.479569487148252,-2.303794730794341,-0.2821542003168436,0.1266769737832367,0.6895604743558106,1.5415883415382932,2.631093795067611,train_oof,0.2526011564304778
RFERF_LR_SMOTE,RFERF,supervised,LR,SMOTE,81,pred_normal,1020,1020,0.0,-0.01360141499464059,0.0792762579455461,0.9648500789679814,-2.8979627038197906,-2.0424982847390716,-0.34796285880074024,0.0792762579455461,0.5177328794441828,1.355244277401374,2.2396823840378817,train_oof,0.2526011564304778
RFERF_LR_SMOTE,RFERF,supervised,LR,SMOTE,88,TP,45,45,0.0,0.1956159330090991,0.4179605790297466,0.8368467323047455,-1.8911256971262589,-0.9301771313935113,-0.3272627495082622,0.4179605790297466,0.764072333244538,1.4124728509778124,1.6416043698153115,train_oof,0.2526011564304778
RFERF_LR_SMOTE,RFERF,supervised,LR,SMOTE,88,FP,188,188,0.0,0.07046453803990664,0.1023476565978956,0.9978405471811913,-2.945149899669801,-1.6627820373458149,-0.3673728184988216,0.1023476565978956,0.6935499566476686,1.4542811450308293,2.0624503282590325,train_oof,0.2526011564304778
RFERF_LR_SMOTE,RFERF,supervised,LR,SMOTE,88,TN,982,982,0.0,-0.021801211166519625,0.0228375811532749,1.0006156896845464,-2.749373526162731,-1.8089309645767528,-0.6268169728530684,0.0228375811532749,0.6188734790922371,1.5001843838390383,2.2168284194527055,train_oof,0.2526011564304778
RFERF_LR_SMOTE,RFERF,supervised,LR,SMOTE,88,FN,38,38,0.0,-0.016875283457770358,-0.062307851534659606,1.170027516959205,-3.0847856442662813,-1.9111812865048448,-0.6525729630842724,-0.062307851534659606,0.7050539102191324,1.6320866351472674,2.391850953475767,train_oof,0.2526011564304778
RFERF_LR_SMOTE,RFERF,supervised,LR,SMOTE,88,pred_anomaly,233,233,0.0,0.09463540831292663,0.1033210535850138,0.9684142922842603,-2.836881670780058,-1.5318139650011682,-0.3537222189146984,0.1033210535850138,0.705491703743292,1.4393536555052437,1.9903745981667569,train_oof,0.2526011564304778
RFERF_LR_SMOTE,RFERF,supervised,LR,SMOTE,88,pred_normal,1020,1020,0.0,-0.021617696212664256,0.021251931568457852,1.0067782666032048,-2.749373526162731,-1.8097274572418665,-0.6273483441552168,0.021251931568457852,0.6209383033291689,1.506917845741444,2.2186640110503713,train_oof,0.2526011564304778
RFERF_LR_SMOTE,RFERF,supervised,LR,SMOTE,90,TP,45,45,0.0,-0.25438311409031444,-0.1830780542350153,0.7726274627983984,-1.9442045004742876,-1.6035223769957605,-0.604993156510268,-0.1830780542350153,0.2743487869723104,1.0378402102224835,1.2462281645832405,train_oof,0.2526011564304778
RFERF_LR_SMOTE,RFERF,supervised,LR,SMOTE,90,FP,188,188,0.0,-0.1220604588935035,-0.14656164045883985,0.9468852714278614,-2.2780793572701272,-1.625840225763418,-0.6567021134490594,-0.14656164045883985,0.46131179272246253,1.2128934882460132,2.3442605647828865,train_oof,0.2526011564304778
RFERF_LR_SMOTE,RFERF,supervised,LR,SMOTE,90,TN,982,982,0.0,0.03681550880872736,0.03899136645209785,1.0034748715776383,-2.2640103481289615,-1.51216024327214,-0.6301448141137556,0.03899136645209785,0.6463287894695983,1.651659158792477,2.511591343923487,train_oof,0.2526011564304778
RFERF_LR_SMOTE,RFERF,supervised,LR,SMOTE,90,FN,38,38,0.0,-0.03709122354039444,-0.01911674771040295,0.8734863396420586,-1.9032391031087947,-1.2269314905915085,-0.5215563670341691,-0.01911674771040295,0.38063534706257185,1.2710444854065654,2.015547940761116,train_oof,0.2526011564304778
RFERF_LR_SMOTE,RFERF,supervised,LR,SMOTE,90,pred_anomaly,233,233,0.0,-0.1476163365066215,-0.160743467246127,0.9157725601785706,-2.1777408436521615,-1.6216747489759122,-0.6548259954229798,-0.160743467246127,0.3975448933974886,1.2111190587296001,2.092802033236195,train_oof,0.2526011564304778
RFERF_LR_SMOTE,RFERF,supervised,LR,SMOTE,90,pred_normal,1020,1020,0.0,0.034062120740818894,0.036821217486286,0.9986544306575076,-2.2558810697693334,-1.5088865982445938,-0.6298269659765949,0.036821217486286,0.6390981577171446,1.6222398525693231,2.509899715182301,train_oof,0.2526011564304778
RFERF_LR_SMOTE,RFERF,supervised,LR,SMOTE,91,TP,45,45,0.0,0.17459422025167054,0.161971951279922,0.5768407467476914,-1.4246397302766254,-0.7018881070748284,-0.1338860033461493,0.161971951279922,0.6035004255501278,0.9806628562566462,1.203888812250852,train_oof,0.2526011564304778
RFERF_LR_SMOTE,RFERF,supervised,LR,SMOTE,91,FP,188,188,0.0,0.0630055109391847,0.06485827151716575,0.8451841504471542,-2.5917316075464103,-1.2954107824620924,-0.4108293749951723,0.06485827151716575,0.5388520747778279,1.51264256016635,1.8546408049680743,train_oof,0.2526011564304778
RFERF_LR_SMOTE,RFERF,supervised,LR,SMOTE,91,TN,982,982,0.0,-0.018355299489120736,-0.0209631199010839,1.0403509804282443,-2.8641919407226637,-1.7998373028111994,-0.5511360576756661,-0.0209631199010839,0.5396989964036658,1.6908913316843854,2.5775505202066937,train_oof,0.2526011564304778
RFERF_LR_SMOTE,RFERF,supervised,LR,SMOTE,91,FN,38,38,0.0,-0.03926851363849454,-0.0209631199010839,0.985952604018356,-2.627268438966572,-2.055438249489105,-0.49608615199619666,-0.0209631199010839,0.46262912845240867,1.631098664900223,1.8729456043745207,train_oof,0.2526011564304778
RFERF_LR_SMOTE,RFERF,supervised,LR,SMOTE,91,pred_anomaly,233,233,0.0,0.08455697840296951,0.0750213310272216,0.8005218948586962,-2.431957019759987,-1.2443696391449226,-0.3484394818917725,0.0750213310272216,0.5515558991653977,1.3293687203350069,1.8393284619729238,train_oof,0.2526011564304778
RFERF_LR_SMOTE,RFERF,supervised,LR,SMOTE,91,pred_normal,1020,1020,0.0,-0.01913441923194053,-0.0209631199010839,1.037921643695195,-2.907204267026889,-1.8255837202366743,-0.5494422144239901,-0.0209631199010839,0.5385697675692153,1.6898750257333794,2.5646773114939534,train_oof,0.2526011564304778
RFERF_LR_SMOTE,RFERF,supervised,LR,SMOTE,92,TP,45,45,0.0,-0.13886811789028722,-0.2215928708738644,0.8428156807624348,-2.06337134672626,-1.0393473962688977,-0.5267251564690261,-0.2215928708738644,0.3276452431974266,0.8890886486925235,2.345179915552641,train_oof,0.2526011564304778
RFERF_LR_SMOTE,RFERF,supervised,LR,SMOTE,92,FP,188,188,0.0,-0.06328131412779207,-0.0690267280762835,0.8161260934863862,-2.183593467250754,-1.228529413337898,-0.4656986993499938,-0.0690267280762835,0.3581584717569428,1.3101712028138488,2.311005099565977,train_oof,0.2526011564304778
RFERF_LR_SMOTE,RFERF,supervised,LR,SMOTE,92,TN,982,982,0.0,0.01790535701182583,-0.0385134995167673,1.0426524180756473,-2.2891692380666804,-1.3505823275759627,-0.4962119279095099,-0.0385134995167673,0.4496981574354913,1.4856222670310633,3.5242110670923337,train_oof,0.2526011564304778
RFERF_LR_SMOTE,RFERF,supervised,LR,SMOTE,92,FN,38,38,0.0,0.00966528241931075,-0.0842833423560416,0.851172648574109,-1.330443596726682,-0.9325510963105913,-0.5801233064481794,-0.0842833423560416,0.4725830788551284,1.4886735898870167,2.5160539954859296,train_oof,0.2526011564304778
RFERF_LR_SMOTE,RFERF,supervised,LR,SMOTE,92,pred_anomaly,233,233,0.0,-0.07787962386732977,-0.0995399566357997,0.8200501647925875,-2.3514162243280934,-1.2102214762021883,-0.4962119279095099,-0.0995399566357997,0.3276452431974266,1.1515024143043633,2.311005099565977,train_oof,0.2526011564304778
RFERF_LR_SMOTE,RFERF,supervised,LR,SMOTE,92,pred_normal,1020,1020,0.0,0.017598373840732137,-0.0385134995167673,1.0358052634827066,-2.254384157508832,-1.3505823275759627,-0.5267251564690261,-0.0385134995167673,0.4496981574354913,1.4886735898870156,3.4720334462555598,train_oof,0.2526011564304778
RFERF_LR_SMOTE,RFERF,supervised,LR,SMOTE,102,TP,45,45,0.0,-0.46884433946813026,-0.4899178905358243,1.032261062010481,-3.0274087782351558,-1.8143424375871895,-0.8685999757116447,-0.4899178905358243,-0.0711211776930739,0.67051805861313,2.7790712555955155,train_oof,0.2526011564304778
RFERF_LR_SMOTE,RFERF,supervised,LR,SMOTE,102,FP,188,188,0.0,-0.13261470804569342,-0.1208633160000672,0.7869017365983118,-1.7799882704532302,-1.3855170678277062,-0.6644165208869703,-0.1208633160000672,0.23535457768227214,1.1138649235880418,1.941301325548272,train_oof,0.2526011564304778
RFERF_LR_SMOTE,RFERF,supervised,LR,SMOTE,102,TN,982,982,0.0,0.04147659827118848,-0.0310065500261438,1.0090588487950312,-2.226271526173361,-1.4220213790046126,-0.5484852469295424,-0.0310065500261438,0.5719163038078159,1.7559396540249244,2.7518735380373225,train_oof,0.2526011564304778
RFERF_LR_SMOTE,RFERF,supervised,LR,SMOTE,102,FN,38,38,0.0,0.125778305265763,-0.032611135132821,1.3862619401083494,-2.064657714228833,-1.5609784492428584,-0.7161643905773103,-0.032611135132821,0.5875610085979186,2.5534184520434953,4.174354280957746,train_oof,0.2526011564304778
RFERF_LR_SMOTE,RFERF,supervised,LR,SMOTE,102,pred_anomaly,233,233,0.0,-0.19755176132470487,-0.1960268286970998,0.8478741085565162,-2.0714611550811446,-1.490537163059729,-0.722582731004019,-0.1960268286970998,0.1904261946953104,1.1098534608213484,2.390504926162565,train_oof,0.2526011564304778
RFERF_LR_SMOTE,RFERF,supervised,LR,SMOTE,102,pred_normal,1020,1020,0.0,0.04461725010039812,-0.0310065500261438,1.0248232484277684,-2.1927356974438075,-1.425872383260638,-0.5500898320362195,-0.0310065500261438,0.5727185963611545,1.8369712019121236,2.95462891211706,train_oof,0.2526011564304778
RFERF_LR_SMOTE,RFERF,supervised,LR,SMOTE,103,TP,45,45,0.0,0.86272826880209,1.0065677059842526,0.824530292601189,-0.9954157333420297,-0.5887424154906427,0.3200613012512033,1.0065677059842526,1.3988570801174238,2.019981922494944,2.2462021282450735,train_oof,0.2526011564304778
RFERF_LR_SMOTE,RFERF,supervised,LR,SMOTE,103,FP,188,188,0.0,0.503494421732891,0.49986059772890673,1.1732384505818843,-1.486431266632049,-1.0529515082148946,-0.2520273693596709,0.49986059772890673,1.170021611873074,2.051038164613821,2.6822971491564473,train_oof,0.2526011564304778
RFERF_LR_SMOTE,RFERF,supervised,LR,SMOTE,103,TN,982,982,0.0,-0.1574003133739852,-0.2029911975930242,0.8868130276102573,-1.9153343156843157,-1.3798593199925044,-0.7260436964372524,-0.2029911975930242,0.2873705200734393,1.464238642472952,2.156956295629774,train_oof,0.2526011564304778
RFERF_LR_SMOTE,RFERF,supervised,LR,SMOTE,103,FN,38,38,0.0,0.5144854208873803,0.3200613012512036,1.450630433839076,-1.7796675737965941,-1.3193813748136733,-0.4318266658373743,0.3200613012512036,1.317130127173013,2.914074787706795,4.667281382270297,train_oof,0.2526011564304778
RFERF_LR_SMOTE,RFERF,supervised,LR,SMOTE,103,pred_anomaly,233,233,0.0,0.5728743492784445,0.6142783318510815,1.1218872484050044,-1.446548513595166,-1.0529515082148946,-0.1049188540597315,0.6142783318510815,1.2680939554063666,2.0657490161438137,2.6528754460964605,train_oof,0.2526011564304778
RFERF_LR_SMOTE,RFERF,supervised,LR,SMOTE,103,pred_normal,1020,1020,0.0,-0.13236927621522845,-0.2029911975930242,0.9218056636367711,-1.9558708843447439,-1.3798593199925044,-0.6933529152594884,-0.2029911975930242,0.3200613012512033,1.4985639627096032,2.440385368440982,train_oof,0.2526011564304778
RFERF_LR_SMOTE,RFERF,supervised,LR,SMOTE,107,TP,45,45,0.0,-0.1927844941394903,-0.0855401014717522,0.962732294347558,-2.6053020079061824,-1.517997287406119,-0.7308114121934861,-0.0855401014717522,0.4582025065140446,1.2620842128432535,1.835382954292181,train_oof,0.2526011564304778
RFERF_LR_SMOTE,RFERF,supervised,LR,SMOTE,107,FP,188,188,0.0,-0.04767759320020277,0.047575308782032,1.0548818811163323,-3.265125766020067,-1.8607130639747604,-0.6084129205618286,0.047575308782032,0.658439670243254,1.4587114671418533,2.1405105489145817,train_oof,0.2526011564304778
RFERF_LR_SMOTE,RFERF,supervised,LR,SMOTE,107,TN,982,982,0.0,0.025801372342657034,0.0069638276876572,0.9790690836514351,-2.5932990590494,-1.4943636616025868,-0.5105505320913558,0.0069638276876572,0.5633975235154463,1.4994921627407851,2.89456422413438,train_oof,0.2526011564304778
RFERF_LR_SMOTE,RFERF,supervised,LR,SMOTE,107,FN,38,38,0.0,-0.20033878377580736,0.0250133748407127,1.2178982626923893,-4.513567818729033,-1.612531790620247,-0.445966996184329,0.0250133748407127,0.45651036146844565,0.9413099170325454,1.163183975411481,train_oof,0.2526011564304778
RFERF_LR_SMOTE,RFERF,supervised,LR,SMOTE,107,pred_anomaly,233,233,0.0,-0.07570253114985057,0.0069638276876572,1.0373107371676729,-3.2495354696666157,-1.7090968678890939,-0.6360512896399448,0.0069638276876572,0.6172641408003462,1.3119460868535686,2.175255927184214,train_oof,0.2526011564304778
RFERF_LR_SMOTE,RFERF,supervised,LR,SMOTE,107,pred_normal,1020,1020,0.0,0.017376542997067184,0.0069638276876572,0.9892034636133914,-2.5932990590494,-1.504008888362501,-0.5099864837428227,0.0069638276876572,0.5597312092499819,1.471628174323257,2.8699153113034956,train_oof,0.2526011564304778
RFERF_LR_SMOTE,RFERF,supervised,LR,SMOTE,115,TP,45,45,0.0,-0.29557820997314493,-0.1323255776801448,1.0694345186175431,-2.595877957490011,-2.202578577689902,-0.7931598385870513,-0.1323255776801448,0.2995318652770674,0.6759297208229308,2.3699693245872986,train_oof,0.2526011564304778
RFERF_LR_SMOTE,RFERF,supervised,LR,SMOTE,115,FP,188,188,0.0,-0.11835561443058344,-0.0439097813678462,0.9914198383454773,-2.7143986147859636,-1.7708873244425969,-0.6901688663903143,-0.0439097813678462,0.44013594655552246,1.3997785882112794,2.0972571982943875,train_oof,0.2526011564304778
RFERF_LR_SMOTE,RFERF,supervised,LR,SMOTE,115,TN,982,982,0.0,0.03664143940065921,0.10867615765065985,0.9998508531635146,-2.8751087803202116,-1.7566434002254654,-0.5170255370685152,0.10867615765065985,0.6431180692883977,1.4987225692859922,2.293098269144486,train_oof,0.2526011564304778
RFERF_LR_SMOTE,RFERF,supervised,LR,SMOTE,115,FN,38,38,0.0,-0.011316277097576337,0.1276213744880319,0.9046001031869156,-1.9892551080276348,-1.8152342437256004,-0.33301118622309145,0.1276213744880319,0.450227281007075,1.1897725153147285,1.705880533990621,train_oof,0.2526011564304778
RFERF_LR_SMOTE,RFERF,supervised,LR,SMOTE,115,pred_anomaly,233,233,0.0,-0.15258315434223696,-0.0599464219744894,1.0070174951406994,-2.7065587869471357,-1.821001262462108,-0.7046251156470582,-0.0599464219744894,0.3940108691425995,1.272288935755733,2.605950264761188,train_oof,0.2526011564304778
RFERF_LR_SMOTE,RFERF,supervised,LR,SMOTE,115,pred_normal,1020,1020,0.0,0.03485477937425437,0.10867615765065985,0.996100683916753,-2.859485163689708,-1.7715081009345601,-0.5115400463661861,0.10867615765065985,0.6417939853257664,1.4967332138689657,2.2483849533252442,train_oof,0.2526011564304778
RFERF_LR_SMOTE,RFERF,supervised,LR,SMOTE,122,TP,45,45,0.0,-0.4028876013083719,-0.7065574066679046,0.73191825227637,-1.398289404316234,-1.2926019722604192,-0.9657907305783932,-0.7065574066679046,0.2616901364849458,0.8107330225107505,0.8676757269936528,train_oof,0.2526011564304778
RFERF_LR_SMOTE,RFERF,supervised,LR,SMOTE,122,FP,188,188,0.0,-0.26362976546650696,-0.3232465943900025,0.8418962652220352,-1.74902987589769,-1.4099216688506786,-0.9054137384710356,-0.3232465943900025,0.3868754595699258,0.9735293342571024,2.720883799232728,train_oof,0.2526011564304778
RFERF_LR_SMOTE,RFERF,supervised,LR,SMOTE,122,TN,982,982,0.0,0.08245327835624855,0.016858663902818,1.0291934995328624,-1.759975282907244,-1.2161613767483523,-0.7375767787597579,0.016858663902818,0.5807465351440091,2.324478380593193,2.721814380395483,train_oof,0.2526011564304778
RFERF_LR_SMOTE,RFERF,supervised,LR,SMOTE,122,FN,38,38,0.0,-0.34519921392493236,-0.3470650408176754,0.7240647878653031,-1.6648344373626591,-1.444486112038744,-0.8912888458220666,-0.3470650408176754,0.25227354138563374,0.7486942783270439,0.8333882424849794,train_oof,0.2526011564304778
RFERF_LR_SMOTE,RFERF,supervised,LR,SMOTE,122,pred_anomaly,233,233,0.0,-0.29052505565055814,-0.4118733717952978,0.8221573936792873,-1.7220873355664803,-1.4056011134521706,-0.9070754905473852,-0.4118733717952978,0.3669344346537346,0.8676757269936528,2.47780270550436,train_oof,0.2526011564304778
RFERF_LR_SMOTE,RFERF,supervised,LR,SMOTE,122,pred_normal,1020,1020,0.0,0.06652112668302809,-0.0080676172424212,1.0224191902066286,-1.74902987589769,-1.2327788975118448,-0.7386846134773241,-0.008067617242421199,0.5674525185332152,2.324478380593193,2.718867540046758,train_oof,0.2526011564304778
RFERF_LR_SMOTE,RFERF,supervised,LR,SMOTE,124,TP,45,45,0.0,0.3649302160218302,0.2991009479565267,1.0539312070243243,-1.9592301776719951,-1.025229033121923,-0.3979148315584477,0.2991009479565267,0.9089897550321312,2.39014828650145,2.564402231380189,train_oof,0.2526011564304778
RFERF_LR_SMOTE,RFERF,supervised,LR,SMOTE,124,FP,188,188,0.0,0.21429118223096838,0.0377200306384171,0.9913318331206906,-1.8032728970055147,-1.182057583512792,-0.50682354710766,0.0377200306384171,0.8436445257026038,1.9545134243045847,2.564402231380189,train_oof,0.2526011564304778
RFERF_LR_SMOTE,RFERF,supervised,LR,SMOTE,124,TN,982,982,0.0,-0.07008051144289168,-0.2236608866797079,0.9887272843219969,-2.418389322427481,-1.6176924457096569,-0.6592957488765573,-0.2236608866797079,0.6476088377140061,1.6060055345471056,2.1287673691833247,train_oof,0.2526011564304778
RFERF_LR_SMOTE,RFERF,supervised,LR,SMOTE,124,FN,38,38,0.0,0.2830512425071679,-0.1365339142403381,0.9258080085179133,-0.8884396863921156,-0.759491767181835,-0.3979148315584477,-0.1365339142403381,0.8654262688124463,1.945800727060663,2.4450382791382435,train_oof,0.2526011564304778
RFERF_LR_SMOTE,RFERF,supervised,LR,SMOTE,124,pred_anomaly,233,233,0.0,0.24338455785581295,0.2119739755171568,1.0031631184035201,-1.8511927318471681,-1.182057583512792,-0.4850418039978175,0.2119739755171568,0.9089897550321312,2.39014828650145,2.564402231380189,train_oof,0.2526011564304778
RFERF_LR_SMOTE,RFERF,supervised,LR,SMOTE,124,pred_normal,1020,1020,0.0,-0.05692462257024242,-0.2236608866797079,0.9882941892962823,-2.401835197664001,-1.6176924457096569,-0.6592957488765573,-0.2236608866797079,0.6476088377140061,1.6060055345471056,2.1287673691833247,train_oof,0.2526011564304778
RFERF_LR_SMOTE,RFERF,supervised,LR,SMOTE,125,TP,45,45,0.0,-0.33084839145909767,-0.4864437716144117,0.8687289841919948,-1.9188520458172007,-1.496900437769021,-0.9932088393824092,-0.4864437716144117,0.1890047319691672,1.3068898744080202,2.0402339640130496,train_oof,0.2526011564304778
RFERF_LR_SMOTE,RFERF,supervised,LR,SMOTE,125,FP,188,188,0.0,-0.30922123110982486,-0.47036166438623106,0.9225270042424173,-2.21126406704319,-1.5678761376693908,-0.9088671214746186,-0.47036166438623106,0.026396758884230626,1.5098818056437218,2.103490252443891,train_oof,0.2526011564304778
RFERF_LR_SMOTE,RFERF,supervised,LR,SMOTE,125,TN,982,982,0.0,0.09195921577541379,-0.0826041901067694,1.0111098021657727,-1.5678761376693908,-0.9932088393824092,-0.7230294379489777,-0.0826041901067694,0.6428775359644822,2.1974812346885915,3.459033201699192,train_oof,0.2526011564304778
RFERF_LR_SMOTE,RFERF,supervised,LR,SMOTE,125,FN,38,38,0.0,-0.433589126806006,-0.5811495141803635,0.608997195948837,-1.663789825178259,-1.1656805049006287,-0.8877816919976707,-0.5811495141803635,-0.13710466460226992,0.5529964255669845,0.8336113276907028,train_oof,0.2526011564304778
RFERF_LR_SMOTE,RFERF,supervised,LR,SMOTE,125,pred_anomaly,233,233,0.0,-0.3133981504905858,-0.4864437716144117,0.9105957476501845,-2.074998585598014,-1.5678761376693908,-0.9088671214746186,-0.4864437716144117,0.0853644853875594,1.4884389960061457,2.0548150745666,train_oof,0.2526011564304778
RFERF_LR_SMOTE,RFERF,supervised,LR,SMOTE,125,pred_normal,1020,1020,0.0,0.07237996379689034,-0.0826041901067694,1.003793399419878,-1.5678761376693908,-1.0279997980193727,-0.7230294379489777,-0.0826041901067694,0.6250085279331702,2.0990230004360595,3.369402257414107,train_oof,0.2526011564304778
RFERF_LR_SMOTE,RFERF,supervised,LR,SMOTE,126,TP,45,45,0.0,-0.01987476020961344,-0.0639999994404245,0.7816493943621368,-1.01632187855557,-0.9365831326319627,-0.6318839954582571,-0.0639999994404245,0.304145487633206,1.4399134796688697,1.9346383512341998,train_oof,0.2526011564304778
RFERF_LR_SMOTE,RFERF,supervised,LR,SMOTE,126,FP,188,188,0.0,0.022578352997217367,-0.018960923894181497,0.917738326836131,-1.3402115783533273,-1.1092981962484214,-0.6201346714027157,-0.018960923894181497,0.4588449210311667,1.2869764448792411,4.330247197332045,train_oof,0.2526011564304778
RFERF_LR_SMOTE,RFERF,supervised,LR,SMOTE,126,TN,982,982,0.0,-0.016611462286526338,-0.0953315302551998,1.023039311720501,-1.4487361682130115,-1.2937625839204208,-0.74937723601367,-0.0953315302551998,0.4490538176515491,1.7532287878166393,4.717974891164911,train_oof,0.2526011564304778
RFERF_LR_SMOTE,RFERF,supervised,LR,SMOTE,126,FN,38,38,0.0,0.29373599877697965,0.1455296128833968,0.9113920242019802,-1.044481091875351,-0.7570142966497727,-0.37339886623634777,0.1455296128833968,0.676207416058682,1.931426869325683,3.0082524190160522,train_oof,0.2526011564304778
RFERF_LR_SMOTE,RFERF,supervised,LR,SMOTE,126,pred_anomaly,233,233,0.0,0.014379253880018287,-0.0561671167367294,0.8916468990843095,-1.2914127191093123,-1.0587761028095932,-0.6318839954582571,-0.0561671167367294,0.4216387281886188,1.3537517699282327,3.8377155329237618,train_oof,0.2526011564304778
RFERF_LR_SMOTE,RFERF,supervised,LR,SMOTE,126,pred_normal,1020,1020,0.0,-0.005049498050827103,-0.0639999994404245,1.0203912173181475,-1.446503796642459,-1.2937625839204208,-0.7337114706062815,-0.0639999994404245,0.4803853484663261,1.8041425253906531,4.6108210557783424,train_oof,0.2526011564304778
RFERF_LR_SMOTE,RFERF,supervised,LR,SMOTE,129,TP,45,45,0.0,0.4658398418201898,0.460546058970014,0.6573102453033105,-1.033432754299251,-0.4660473580030001,0.1129306607787282,0.460546058970014,0.6922352323065263,1.549501501288924,2.161885865993594,train_oof,0.2526011564304778
RFERF_LR_SMOTE,RFERF,supervised,LR,SMOTE,129,FP,188,188,0.0,0.4017730783625472,0.460546058970014,0.8040766882388768,-2.1257598537213327,-1.2629993347863098,0.21920317007781376,0.460546058970014,0.924006043829556,1.618991925652575,1.7782761913667644,train_oof,0.2526011564304778
RFERF_LR_SMOTE,RFERF,supervised,LR,SMOTE,129,TN,982,982,0.0,-0.11331374325565556,0.2260957717237532,1.0233677026252277,-2.624561009524277,-2.3935249416799045,-0.4011451072199834,0.2260957717237532,0.499160921192766,1.078465492720564,1.8557100112785483,train_oof,0.2526011564304778
RFERF_LR_SMOTE,RFERF,supervised,LR,SMOTE,129,FN,38,38,0.0,0.37732452130879524,0.47985349008139,0.7624736309723237,-1.8021460823661761,-1.3185949398046903,0.4026237656358859,0.47985349008139,0.7694649567520303,1.28312426250115,1.5190096386246597,train_oof,0.2526011564304778
RFERF_LR_SMOTE,RFERF,supervised,LR,SMOTE,129,pred_anomaly,233,233,0.0,0.4141464876140233,0.460546058970014,0.7769923847131665,-2.0734705952569086,-1.2375282205928664,0.1902420234107497,0.460546058970014,0.885391181606804,1.618991925652575,1.7993796625815244,train_oof,0.2526011564304778
RFERF_LR_SMOTE,RFERF,supervised,LR,SMOTE,129,pred_normal,1020,1020,0.0,-0.0950350628110976,0.2288568856335018,1.0188124678187165,-2.617270719468269,-2.3935249416799045,-0.3504476858942962,0.2288568856335018,0.499160921192766,1.078465492720564,1.811658045833748,train_oof,0.2526011564304778
RFERF_LR_SMOTE,RFERF,supervised,LR,SMOTE,130,TP,45,45,0.0,0.3083145271944332,0.3915348680087602,0.7082876806291292,-0.9640488782718404,-0.8376656071908054,-0.3279376323560655,0.3915348680087602,0.9061406225069912,1.198807402316412,1.1994902914693004,train_oof,0.2526011564304778
RFERF_LR_SMOTE,RFERF,supervised,LR,SMOTE,130,FP,188,188,0.0,0.18076548983661242,0.20861813062787235,0.8470655505899697,-2.0261610110985435,-1.1875853258004434,-0.3956168251869932,0.20861813062787235,0.9524795293101488,1.3287392581026352,1.6202475652419757,train_oof,0.2526011564304778
RFERF_LR_SMOTE,RFERF,supervised,LR,SMOTE,130,TN,982,982,0.0,-0.06461765332242131,0.1049653127787032,1.0330763553018747,-2.5924468411314554,-2.0522327433999004,-0.776693361397176,0.1049653127787032,0.8070607230923436,1.30367966508145,1.5804814665353697,train_oof,0.2526011564304778
RFERF_LR_SMOTE,RFERF,supervised,LR,SMOTE,130,FN,38,38,0.0,0.3685258678855852,0.3098320586452972,0.79740726733602,-0.8382631351995832,-0.7957167020847883,-0.3160480444263074,0.3098320586452972,1.002781632089893,1.5773840764490552,1.601224224554364,train_oof,0.2526011564304778
RFERF_LR_SMOTE,RFERF,supervised,LR,SMOTE,130,pred_anomaly,233,233,0.0,0.20539942409026882,0.2769070459167377,0.8222144577941866,-1.813221539888873,-1.1376490564954609,-0.3815932086544587,0.2769070459167377,0.9500406394784036,1.2819735455789207,1.601224224554364,train_oof,0.2526011564304778
RFERF_LR_SMOTE,RFERF,supervised,LR,SMOTE,130,pred_normal,1020,1020,0.0,-0.04848093390486812,0.13035389114139595,1.0282370225519304,-2.5924468411314554,-2.0522327433999004,-0.7523044630797243,0.13035389114139595,0.8134628089006746,1.3150814750448618,1.601224224554364,train_oof,0.2526011564304778
RFERF_LR_SMOTE,RFERF,supervised,LR,SMOTE,131,TP,45,45,0.0,0.10340850226199291,0.039508696803321,1.06430470497604,-1.223964729311409,-1.206537509640863,-0.4833078933131073,0.039508696803321,0.4316211393906544,1.3029821229180016,4.108764489876214,train_oof,0.2526011564304778
RFERF_LR_SMOTE,RFERF,supervised,LR,SMOTE,131,FP,188,188,0.0,0.07751486736142718,0.039508696803321,1.2773042171190603,-1.5725091227223775,-1.223964729311409,-0.6140120408422507,0.039508696803321,0.4751891885670194,1.6733105409171707,5.4419467946731075,train_oof,0.2526011564304778
RFERF_LR_SMOTE,RFERF,supervised,LR,SMOTE,131,TN,982,982,0.0,-0.02267029813542269,-0.0476274015494089,0.9392573225339561,-1.5725091227223775,-1.3982369260168692,-0.6575800900186157,-0.0476274015494089,0.5187572377433844,1.3901182212707328,1.8257987130344795,train_oof,0.2526011564304778
RFERF_LR_SMOTE,RFERF,supervised,LR,SMOTE,131,FN,38,38,0.0,0.09110243924901258,0.01772467221513855,0.7794910701241324,-1.1546915311209707,-0.85145790885344,-0.4833078933131073,0.01772467221513855,0.6058933360961144,1.3901182212707328,1.6645969310818942,train_oof,0.2526011564304778
RFERF_LR_SMOTE,RFERF,supervised,LR,SMOTE,131,pred_anomaly,233,233,0.0,0.08251578397312444,0.039508696803321,1.2369260014915673,-1.5725091227223775,-1.223964729311409,-0.6140120408422507,0.039508696803321,0.4751891885670194,1.5643904179762216,4.87556215538032,train_oof,0.2526011564304778
RFERF_LR_SMOTE,RFERF,supervised,LR,SMOTE,131,pred_normal,1020,1020,0.0,-0.018431705958355485,-0.0476274015494089,0.9337197687222348,-1.5725091227223775,-1.3982369260168692,-0.6575800900186157,-0.0476274015494089,0.5187572377433844,1.3901182212707328,1.8257987130344795,train_oof,0.2526011564304778
RFERF_LR_SMOTE,RFERF,supervised,LR,SMOTE,132,TP,45,45,0.0,0.10722247862623041,0.1467728513057182,1.1117906515074956,-2.219401858370029,-2.217534317162704,-0.3798737691588125,0.1467728513057182,0.8900542518194896,1.5238977375842448,1.5950884084073211,train_oof,0.2526011564304778
RFERF_LR_SMOTE,RFERF,supervised,LR,SMOTE,132,FP,188,188,0.0,0.00863440434291787,-0.008233068901931,1.033184243533859,-2.239795408353974,-1.9859592074548964,-0.6674751150862528,-0.008233068901931,0.7896739119259797,1.5607816764288331,2.006190254374899,train_oof,0.2526011564304778
RFERF_LR_SMOTE,RFERF,supervised,LR,SMOTE,132,TN,982,982,0.0,-0.005562243374760697,-0.19311964842670926,0.9797210742401883,-1.8407392031736156,-1.3285847024778996,-0.7949348024859126,-0.19311964842670926,0.651008977282399,1.836897643931252,2.0085060054719763,train_oof,0.2526011564304778
RFERF_LR_SMOTE,RFERF,supervised,LR,SMOTE,132,FN,38,38,0.0,-0.03649191611796996,-0.05678914029227665,1.1776965789228444,-2.370747397811325,-2.042265574855626,-0.843023988574427,-0.05678914029227664,1.0968844405302907,1.6330555211521567,1.980698316894968,train_oof,0.2526011564304778
RFERF_LR_SMOTE,RFERF,supervised,LR,SMOTE,132,pred_anomaly,233,233,0.0,0.027675019547849466,0.0702036618055519,1.0470755490801484,-2.219401858370029,-2.217534317162704,-0.5965085492080532,0.0702036618055519,0.8153526035266483,1.533982460103776,1.980698316894968,train_oof,0.2526011564304778
RFERF_LR_SMOTE,RFERF,supervised,LR,SMOTE,132,pred_normal,1020,1020,0.0,-0.006714525300488097,-0.1912521072193884,0.9871445665602456,-1.9859592074548964,-1.3285847024778996,-0.7963354583914022,-0.1912521072193884,0.6701512746574385,1.836897643931252,1.9975061877608595,train_oof,0.2526011564304778
RFERF_LR_SMOTE,RFERF,supervised,LR,SMOTE,133,TP,45,45,0.0,0.18483224307998264,0.1222732321194762,0.980237286404055,-2.284164699264405,-1.5059974011774415,-0.3921174183085066,0.1222732321194762,1.2171482288284647,1.5239595549653164,1.5525688575189613,train_oof,0.2526011564304778
RFERF_LR_SMOTE,RFERF,supervised,LR,SMOTE,133,FP,188,188,0.0,0.18660538723965756,0.2522122796976641,0.9329621586562871,-2.0015601892337145,-1.4435246825960824,-0.412840291812237,0.2522122796976641,0.9030964724494068,1.452549859013432,1.931276741380216,train_oof,0.2526011564304778
RFERF_LR_SMOTE,RFERF,supervised,LR,SMOTE,133,TN,982,982,0.0,-0.05658770095772511,-0.0351565858625062,1.0109429875504017,-2.640431060127601,-1.7916552387487976,-0.6414930788609178,-0.0351565858625062,0.6160172240989167,1.5575703943001684,2.1469719020373548,train_oof,0.2526011564304778
RFERF_LR_SMOTE,RFERF,supervised,LR,SMOTE,133,FN,38,38,0.0,0.31055691009810754,0.3375578984894064,0.8007771016544493,-1.144346294235598,-0.8153922081169814,-0.347535421780344,0.3375578984894064,0.8992514229155216,1.5574027211787602,1.6803223621747767,train_oof,0.2526011564304778
RFERF_LR_SMOTE,RFERF,supervised,LR,SMOTE,133,pred_anomaly,233,233,0.0,0.1862629345049564,0.1979700249253101,0.9401174244510792,-2.111168108691801,-1.4778770944178414,-0.4101956293974554,0.1979700249253101,0.910474089790918,1.4680085586558007,1.9180913844037828,train_oof,0.2526011564304778
RFERF_LR_SMOTE,RFERF,supervised,LR,SMOTE,133,pred_normal,1020,1020,0.0,-0.04290976446740977,-0.032519544953245105,1.0059904140459794,-2.640431060127601,-1.754888333978898,-0.6327016722457803,-0.032519544953245105,0.6614032894592412,1.5575703943001684,2.1469719020373548,train_oof,0.2526011564304778
RFERF_LR_SMOTE,RFERF,supervised,LR,SMOTE,137,TP,45,45,0.0,0.2589130611646346,0.3201906317684365,0.8465493928632228,-1.4464519987230684,-0.9892323154915731,-0.4885706003627461,0.3201906317684365,0.8863234942602637,1.4270381465993973,2.043622305000363,train_oof,0.2526011564304778
RFERF_LR_SMOTE,RFERF,supervised,LR,SMOTE,137,FP,188,188,0.0,0.16014587359061805,0.1420705985014496,1.0071479164279677,-1.949443716449226,-1.419127422808922,-0.5198619575582977,0.1420705985014496,0.8324060787848518,1.7187698767610022,2.783889163257957,train_oof,0.2526011564304778
RFERF_LR_SMOTE,RFERF,supervised,LR,SMOTE,137,TN,982,982,0.0,-0.045434993207430635,-0.1583264305758465,0.9994839797148511,-1.8078912446064563,-1.5218593555093949,-0.8481805053639325,-0.1583264305758465,0.6870216191993654,1.7172293791759894,2.1895074263009753,train_oof,0.2526011564304778
RFERF_LR_SMOTE,RFERF,supervised,LR,SMOTE,137,FN,38,38,0.0,0.08602484227962552,0.030384111012826797,0.9826622247333149,-1.8303247406881902,-1.6149631783035439,-0.5140850916145036,0.0303841110128268,0.6292529597614238,1.5989961895263358,2.05721719618809,train_oof,0.2526011564304778
RFERF_LR_SMOTE,RFERF,supervised,LR,SMOTE,137,pred_anomaly,233,233,0.0,0.17922108149117918,0.2296863986489943,0.9772619351008306,-1.8557622070606974,-1.4070922854260173,-0.5193805520629815,0.2296863986489943,0.8612904085038227,1.7058682094865283,2.6942514600300864,train_oof,0.2526011564304778
RFERF_LR_SMOTE,RFERF,supervised,LR,SMOTE,137,pred_normal,1020,1020,0.0,-0.04053746992457953,-0.145809887697626,0.9986979722339467,-1.815054558376761,-1.526865972660683,-0.8433664504107705,-0.145809887697626,0.6850959972181005,1.7196364066525702,2.1810924582428473,train_oof,0.2526011564304778
RFERF_LR_SMOTE,RFERF,supervised,LR,SMOTE,139,TP,45,45,0.0,-0.18196002773512437,-0.3634064059942239,0.7669230395787611,-1.0630095833455973,-0.9390607890803716,-0.5439928675890763,-0.3634064059942239,-0.0030020069607602,0.595974354130743,2.5586626201894913,train_oof,0.2526011564304778
RFERF_LR_SMOTE,RFERF,supervised,LR,SMOTE,139,FP,188,188,0.0,0.059699292831159614,-0.3428690929934642,1.0580638013435806,-1.0549741414088487,-0.953709216087593,-0.6587662300375574,-0.3428690929934642,0.498625856139675,1.7492653851711861,4.122434549400165,train_oof,0.2526011564304778
RFERF_LR_SMOTE,RFERF,supervised,LR,SMOTE,139,TN,982,982,0.0,-0.00444256924027121,-0.3086175797159625,0.9861106114143116,-1.1134096129512383,-0.9827813260030821,-0.668995606001677,-0.3086175797159625,0.2976246591040241,2.0412941640225752,3.655158118860957,train_oof,0.2526011564304778
RFERF_LR_SMOTE,RFERF,supervised,LR,SMOTE,139,FN,38,38,0.0,0.06106323295232316,-0.3229056658416133,1.226527889468067,-1.115214262935002,-1.0423194941314677,-0.7421107989737933,-0.3229056658416133,0.5064151029044777,3.2170134155050376,3.8994044450391896,train_oof,0.2526011564304778
RFERF_LR_SMOTE,RFERF,supervised,LR,SMOTE,139,pred_anomaly,233,233,0.0,0.01302689186342239,-0.3481848731771116,1.0114564747555697,-1.0549741414088487,-0.950349290879628,-0.6568979437278165,-0.3481848731771116,0.4081825606930844,1.636145612578937,3.9818467354144396,train_oof,0.2526011564304778
RFERF_LR_SMOTE,RFERF,supervised,LR,SMOTE,139,pred_normal,1020,1020,0.0,-0.0020021570017235662,-0.3086175797159625,0.9954543237317015,-1.1305345152615411,-0.9920017772145765,-0.6690021991886143,-0.3086175797159625,0.2985625631613024,2.0508984687203147,3.655158118860957,train_oof,0.2526011564304778
RFERF_LR_SMOTE,RFERF,supervised,LR,SMOTE,144,TP,45,45,0.0,-0.37506598130724156,-0.3343851746216024,0.44576242521587844,-1.1116814841254454,-0.9621713833943847,-0.73142984787344,-0.3343851746216024,-0.119590515321428,0.18763093676851814,0.7872985719601882,train_oof,0.2526011564304778
RFERF_LR_SMOTE,RFERF,supervised,LR,SMOTE,144,FP,188,188,0.0,-0.2832485350686757,-0.37913406197580546,0.5822681473112953,-1.2157592599499847,-1.0384072151232722,-0.6756971427141143,-0.37913406197580546,0.0382510146188515,0.8938497408312127,1.5243696998132688,train_oof,0.2526011564304778
RFERF_LR_SMOTE,RFERF,supervised,LR,SMOTE,144,TN,982,982,0.0,0.07190879858105645,-0.1565365711373263,1.0583629219787944,-1.1476107725902018,-0.9735620092663637,-0.5666725807966015,-0.1565365711373263,0.2815222385989731,2.148689903856429,4.264205757768373,train_oof,0.2526011564304778
RFERF_LR_SMOTE,RFERF,supervised,LR,SMOTE,144,FN,38,38,0.0,0.005620725466791578,-0.40842424278946554,1.211073925520033,-1.092626594273892,-1.0662328868962496,-0.6370503763627572,-0.40842424278946554,0.19161765582371093,2.1205387856299733,4.215649146908417,train_oof,0.2526011564304778
RFERF_LR_SMOTE,RFERF,supervised,LR,SMOTE,144,pred_anomaly,233,233,0.0,-0.3009815182477979,-0.3701842845049647,0.558819768313737,-1.1884868471479322,-1.038000407056416,-0.7005124347923544,-0.3701842845049647,-0.0040570243342131,0.8733466142616503,1.4903280007787272,train_oof,0.2526011564304778
RFERF_LR_SMOTE,RFERF,supervised,LR,SMOTE,144,pred_normal,1020,1020,0.0,0.06943924291601519,-0.1651530188093437,1.0638489117265442,-1.1460649019361475,-0.9773046434814425,-0.5674861969303143,-0.1651530188093437,0.2774541579304093,2.1552801945395075,4.4236094306853815,train_oof,0.2526011564304778
RFERF_LR_SMOTE,RFERF,supervised,LR,SMOTE,156,TP,45,45,0.0,-0.022264385287002624,-0.1379179011822242,0.419550788670798,-0.5050827637672837,-0.4242349147451799,-0.2388630021178817,-0.1379179011822242,0.0192352673198787,0.8313844884840312,1.3745150156546586,train_oof,0.2526011564304778
RFERF_LR_SMOTE,RFERF,supervised,LR,SMOTE,156,FP,188,188,0.0,0.21344963886134247,-0.1040783503003845,2.233205576485002,-0.48269130501428326,-0.4221127734186916,-0.24947370875032296,-0.1040783503003845,0.0857672656638347,0.6454963793178581,7.155205046940216,train_oof,0.2526011564304778
RFERF_LR_SMOTE,RFERF,supervised,LR,SMOTE,156,TN,982,982,0.0,-0.0428076083743859,-0.1230055567258203,0.5477332756626995,-0.4840678291179514,-0.41087115990540246,-0.2595108636729025,-0.1230055567258203,0.08548048980890385,0.4767001111055623,0.8925595138578779,train_oof,0.2526011564304778
RFERF_LR_SMOTE,RFERF,supervised,LR,SMOTE,156,FN,38,38,0.0,0.07659043830604773,-0.0599148686410344,0.4569462060668905,-0.42605880918253997,-0.3464613028879347,-0.22968617476009465,-0.0599148686410344,0.1758148841121201,1.075086610004263,1.340939298559354,train_oof,0.2526011564304778
RFERF_LR_SMOTE,RFERF,supervised,LR,SMOTE,156,pred_anomaly,233,233,0.0,0.16792547110737024,-0.1195642464666502,2.0154255467753486,-0.4942999916218839,-0.42905274910801805,-0.2468927260559453,-0.1195642464666502,0.0823259554046646,0.7276863393410375,5.460130323615032,train_oof,0.2526011564304778
RFERF_LR_SMOTE,RFERF,supervised,LR,SMOTE,156,pred_normal,1020,1020,0.0,-0.03835944585099719,-0.1207113498863735,0.5449011165887914,-0.48254218156971923,-0.4109285150763886,-0.2583637602531792,-0.1207113498863735,0.08720114493848895,0.49774945885748645,0.9413572933329102,train_oof,0.2526011564304778
RFERF_LR_SMOTE,RFERF,supervised,LR,SMOTE,173,TP,45,45,0.0,-0.13211410241275254,-0.1516814368670571,0.6538695328276622,-1.747623874202682,-1.3723070797478436,-0.3564072848942978,-0.1516814368670571,0.3110407604598199,0.7702115910352039,1.082606522810651,train_oof,0.2526011564304778
RFERF_LR_SMOTE,RFERF,supervised,LR,SMOTE,173,FP,188,188,0.0,-0.0766775861056587,-0.0315616790959715,1.0419077031495574,-2.071905439399301,-1.6411664332285167,-0.8692664245951934,-0.0315616790959715,0.5643367714118913,1.6554942058081044,2.4338075649867665,train_oof,0.2526011564304778
RFERF_LR_SMOTE,RFERF,supervised,LR,SMOTE,173,TN,982,982,0.0,0.016324546839158897,0.0634896074881053,1.0015176734144018,-2.733733969128998,-1.6965259737664948,-0.6217152716234776,0.0634896074881053,0.6390199251565226,1.686777568810223,2.5348230586740885,train_oof,0.2526011564304778
RFERF_LR_SMOTE,RFERF,supervised,LR,SMOTE,173,FN,38,38,0.0,0.11002570586486635,0.06140056822252085,1.0857285422978353,-1.9801443896585196,-1.471902026734565,-0.616492673459518,0.06140056822252085,0.7541782146718462,1.685733049177433,2.5962825938675755,train_oof,0.2526011564304778
RFERF_LR_SMOTE,RFERF,supervised,LR,SMOTE,173,pred_anomaly,233,233,0.0,-0.08738420942677123,-0.0378287968927237,0.9780467030999029,-1.8782723898723117,-1.6411664332285167,-0.6175371930923099,-0.0378287968927237,0.5209892066510216,1.5107760106847643,2.2923691615103996,train_oof,0.2526011564304778
RFERF_LR_SMOTE,RFERF,supervised,LR,SMOTE,173,pred_normal,1020,1020,0.0,0.019815374332273487,0.0634896074881053,1.004365828449895,-2.6273600897254563,-1.6965259737664948,-0.6217152716234776,0.0634896074881053,0.6494651214844431,1.6887621561125306,2.5348230586740885,train_oof,0.2526011564304778
RFERF_LR_SMOTE,RFERF,supervised,LR,SMOTE,182,TP,45,45,0.0,-0.2122893364957429,-0.3681812850136541,0.6384300024489804,-1.3509161313135707,-1.1963605498197416,-0.6049392223510148,-0.3681812850136541,0.1432158596350451,0.7720449412030752,1.2199909586453632,train_oof,0.2526011564304778
RFERF_LR_SMOTE,RFERF,supervised,LR,SMOTE,182,FP,188,188,0.0,-0.038861068983229295,-0.2367806297914187,0.9941517409992107,-1.49647491118858,-1.3212503617651994,-0.6558421788785471,-0.2367806297914187,0.4131199081996365,1.9518097429551438,2.8100099142156085,train_oof,0.2526011564304778
RFERF_LR_SMOTE,RFERF,supervised,LR,SMOTE,182,TN,982,982,0.0,0.016236127100385776,-0.09354207770231535,1.0204709171048258,-1.5059689044758082,-1.2748458060470766,-0.7464020899100877,-0.09354207770231535,0.6522454249103707,1.5180692017530983,2.5283626719590817,train_oof,0.2526011564304778
RFERF_LR_SMOTE,RFERF,supervised,LR,SMOTE,182,FN,38,38,0.0,0.04228221266490722,0.19056744710251722,0.8303606910139818,-1.4607244626506388,-1.305505958932265,-0.5788958492439048,0.19056744710251722,0.64514268679025,1.038752757613612,1.7968279971741103,train_oof,0.2526011564304778
RFERF_LR_SMOTE,RFERF,supervised,LR,SMOTE,182,pred_anomaly,233,233,0.0,-0.0723557987603242,-0.240331998851479,0.9373599033749068,-1.484447607971842,-1.3019545898722045,-0.6309825954581243,-0.240331998851479,0.3468276857451756,1.7938921987511214,2.66411967322833,train_oof,0.2526011564304778
RFERF_LR_SMOTE,RFERF,supervised,LR,SMOTE,182,pred_normal,1020,1020,0.0,0.017206471464554226,-0.0852555498955077,1.0136997370606375,-1.5032698639901625,-1.2774501433577876,-0.7452183002234009,-0.0852555498955077,0.6522454249103707,1.5052842731368807,2.5166668298546173,train_oof,0.2526011564304778
RFERF_LR_SMOTE,RFERF,supervised,LR,SMOTE,183,TP,45,45,0.0,0.0900705197116364,0.4088876851947259,0.9081012608288302,-1.448928803519131,-1.273605691687588,-0.6315539087129709,0.4088876851947259,0.7808605480243722,1.2821272578506289,1.3489273235199346,train_oof,0.2526011564304778
RFERF_LR_SMOTE,RFERF,supervised,LR,SMOTE,183,FP,188,188,0.0,0.10105813019197088,0.24359891799161937,1.0718233482865958,-1.656704097555702,-1.3600970616408594,-0.7266315181660857,0.24359891799161937,0.7572374189064062,1.4749709790057017,1.8980400118879028,train_oof,0.2526011564304778
RFERF_LR_SMOTE,RFERF,supervised,LR,SMOTE,183,TN,982,982,0.0,-0.03139903455319582,-0.0327112424036624,0.989150489863443,-1.869715973774459,-1.487325530413658,-0.8089467869656862,-0.0327112424036624,0.7100240721506696,1.516432130389524,1.9061596397351979,train_oof,0.2526011564304778
RFERF_LR_SMOTE,RFERF,supervised,LR,SMOTE,183,FN,38,38,0.0,0.20100645853418167,0.484437816398624,0.990388987831184,-1.554511757450588,-1.448533865756787,-0.5800291580516488,0.484437816398624,0.808798737879057,1.4432223711106271,2.1186522459331014,train_oof,0.2526011564304778
RFERF_LR_SMOTE,RFERF,supervised,LR,SMOTE,183,pred_anomaly,233,233,0.0,0.09893605949834407,0.2876271648306768,1.0403818105362654,-1.6518039438377337,-1.357244733357266,-0.7199029488817115,0.2876271648306768,0.7640391248134368,1.4096599749736776,1.8273227487091315,train_oof,0.2526011564304778
RFERF_LR_SMOTE,RFERF,supervised,LR,SMOTE,183,pred_normal,1020,1020,0.0,-0.022740790693077842,0.0066362605853957,0.9896902017808608,-1.8530130318922267,-1.4879471917062361,-0.8064235734840459,0.0066362605853957,0.7168294348888328,1.5173390245104623,1.9358150774898513,train_oof,0.2526011564304778
RFERF_LR_SMOTE,RFERF,supervised,LR,SMOTE,200,TP,45,45,0.0,0.15739279686941188,0.1407006629984204,0.4071986398614721,-0.6137979338465525,-0.5342698180645916,-0.0481467837623721,0.1407006629984204,0.4653485209130411,0.8201270950524177,0.9770190075635752,train_oof,0.2526011564304778
RFERF_LR_SMOTE,RFERF,supervised,LR,SMOTE,200,FP,188,188,0.0,0.16213592603249097,0.0293018882237955,1.5897362780392772,-0.9999697436581303,-0.7720266316550052,-0.28500179774746714,0.0293018882237955,0.3345875781418745,0.8048495487976124,2.2084210639222466,train_oof,0.2526011564304778
RFERF_LR_SMOTE,RFERF,supervised,LR,SMOTE,200,TN,982,982,0.0,-0.05110517833004742,-0.07891406441441125,0.7386371327820905,-1.1488197255712718,-0.7988684316721291,-0.3929525152076391,-0.07891406441441125,0.22955444764008542,0.7394425538942244,1.1216570548495224,train_oof,0.2526011564304778
RFERF_LR_SMOTE,RFERF,supervised,LR,SMOTE,200,FN,38,38,0.0,0.3350203302744576,-0.13302204073351476,2.42841459515782,-0.9822308149511614,-0.6497532145809528,-0.2903065013081635,-0.13302204073351476,0.21761886462851837,0.8607611243273519,9.627505198062472,train_oof,0.2526011564304778
RFERF_LR_SMOTE,RFERF,supervised,LR,SMOTE,200,pred_anomaly,233,233,0.0,0.16121987104391347,0.0409722360573276,1.4382316386676464,-0.9798224795346052,-0.7670402103079506,-0.2613958669023679,0.0409722360573276,0.3539497461384165,0.8281902444646759,1.2856254419106508,train_oof,0.2526011564304778
RFERF_LR_SMOTE,RFERF,supervised,LR,SMOTE,200,pred_normal,1020,1020,0.0,-0.036720110362428615,-0.0810359458386898,0.862971490616763,-1.1583575825734038,-0.7912296585447262,-0.3876478116469428,-0.0810359458386898,0.2298196828181202,0.752863453902787,1.1341549364385233,train_oof,0.2526011564304778
RFERF_LR_SMOTE,RFERF,supervised,LR,SMOTE,217,TP,45,45,0.0,0.0053963668033354725,-0.1080851985977258,0.720733008182872,-0.852980400987189,-0.7904919701200729,-0.5343307866316964,-0.1080851985977258,0.30574546939642,1.3353561713658555,1.8658043216007538,train_oof,0.2526011564304778
RFERF_LR_SMOTE,RFERF,supervised,LR,SMOTE,217,FP,188,188,0.0,0.06662618501235582,-0.0894628185379893,1.101525404860421,-1.2212690039685794,-0.9051230651544514,-0.500707044857172,-0.0894628185379893,0.4521380681993493,1.07847078420849,2.4544784468224106,train_oof,0.2526011564304778
RFERF_LR_SMOTE,RFERF,supervised,LR,SMOTE,217,TN,982,982,0.0,-0.019304663128262078,-0.22395778563608687,0.9878290369300988,-1.1732025718810593,-0.9046057768194606,-0.5420901116565867,-0.22395778563608687,0.2333251024974446,1.4209156619736454,2.628908073381945,train_oof,0.2526011564304778
RFERF_LR_SMOTE,RFERF,supervised,LR,SMOTE,217,FN,38,38,0.0,0.14162893869453114,-0.238441859015882,0.8574781885573186,-0.9249248626179712,-0.70586359851527,-0.4515646530328673,-0.238441859015882,0.49817673001369817,1.9634476677139712,2.145057256363202,train_oof,0.2526011564304778
RFERF_LR_SMOTE,RFERF,supervised,LR,SMOTE,217,pred_anomaly,233,233,0.0,0.05480068364151497,-0.099808585237843,1.0378404707287814,-1.213095848275695,-0.8807070557427968,-0.5053626398721062,-0.099808585237843,0.4485170498544005,1.2165867696515351,2.1170823032067987,train_oof,0.2526011564304778
RFERF_LR_SMOTE,RFERF,supervised,LR,SMOTE,217,pred_normal,1020,1020,0.0,-0.01330909757015801,-0.227061515646043,0.9833842127051364,-1.1688780414005204,-0.902743538813485,-0.5363999399716672,-0.227061515646043,0.2462573108722615,1.4422279413753434,2.56246755963549,train_oof,0.2526011564304778
RFERF_LR_SMOTE,RFERF,supervised,LR,SMOTE,227,TP,45,45,0.0,-0.03666356145938506,-0.1661189821338761,0.622537765811258,-0.8195796264014166,-0.7010950040891701,-0.498234968918203,-0.1661189821338761,0.2198536511560174,1.0223176840889576,1.901976243679879,train_oof,0.2526011564304778
RFERF_LR_SMOTE,RFERF,supervised,LR,SMOTE,227,FP,188,188,0.0,0.07354953097996147,-0.16163092825841224,0.9899530828701831,-0.8966843919818859,-0.8002809947369218,-0.383789595093874,-0.16163092825841224,0.20414546259189362,1.4832408170990996,3.8333653484469994,train_oof,0.2526011564304778
RFERF_LR_SMOTE,RFERF,supervised,LR,SMOTE,227,TN,982,982,0.0,-0.026372247278643367,-0.2738322751450091,0.9898007339168651,-0.9863557084136542,-0.8303509557025297,-0.5520916154237695,-0.2738322751450091,0.15477686996179096,1.5819780023593009,4.323371070570115,train_oof,0.2526011564304778
RFERF_LR_SMOTE,RFERF,supervised,LR,SMOTE,227,FN,38,38,0.0,0.3540228406962006,-0.1526548205074844,1.4987200803164549,-0.8776550435499192,-0.7060318633521805,-0.37930154121841025,-0.1526548205074844,0.41059594086323226,2.5285085646946324,6.0606069646847125,train_oof,0.2526011564304778
RFERF_LR_SMOTE,RFERF,supervised,LR,SMOTE,227,pred_anomaly,233,233,0.0,0.052263740594679954,-0.1661189821338761,0.9302268810023061,-0.8845666465181334,-0.7944465246988188,-0.4354022146617086,-0.1661189821338761,0.2108775434050894,1.4495804130331167,3.5514258039903663,train_oof,0.2526011564304778
RFERF_LR_SMOTE,RFERF,supervised,LR,SMOTE,227,pred_normal,1020,1020,0.0,-0.012200665569776616,-0.26036811351861755,1.014851852405862,-0.9812393269956253,-0.8303509557025297,-0.5520916154237695,-0.26036811351861755,0.15926492383725488,1.6035206609615291,4.718768616998497,train_oof,0.2526011564304778
RFERF_LR_SMOTE,RFERF,supervised,LR,SMOTE,252,TP,45,45,0.0,-0.026433190877036956,-0.0273436835184424,0.012608720638766186,-0.046446439434111,-0.04319819190953472,-0.0379544104280282,-0.0273436835184424,-0.0171625012983708,-0.0054585901045325815,-0.0005201884851376748,train_oof,0.2526011564304778
RFERF_LR_SMOTE,RFERF,supervised,LR,SMOTE,252,FP,188,188,0.0,0.1614523432095944,-0.0311651021316287,2.582163576555015,-0.05306971272172219,-0.04840805465180457,-0.039422021450535055,-0.0311651021316287,-0.015818957795407998,-0.0021909922172441954,0.021650239372038953,train_oof,0.2526011564304778
RFERF_LR_SMOTE,RFERF,supervised,LR,SMOTE,252,TN,982,982,0.0,-0.0285765856930687,-0.030370652972867,0.019807952384619524,-0.0556489270159768,-0.05016008264348493,-0.0403662552057212,-0.030370652972867,-0.0174704111648025,-0.004903657288823629,0.0053988539296323315,train_oof,0.2526011564304778
RFERF_LR_SMOTE,RFERF,supervised,LR,SMOTE,252,FN,38,38,0.0,-0.02898262587746262,-0.029950839069199348,0.013653622779874263,-0.05163198911288702,-0.04807213402325726,-0.0367561336566325,-0.029950839069199348,-0.02112953417119015,-0.007413713497954191,0.008884768947950648,train_oof,0.2526011564304778
RFERF_LR_SMOTE,RFERF,supervised,LR,SMOTE,252,pred_anomaly,233,233,0.0,0.12516543748470854,-0.0310719646099541,2.319449336660495,-0.052661464552089386,-0.04771272049745174,-0.0388899559815656,-0.0310719646099541,-0.0158627463317177,-0.002767610784268442,0.0030050806113686456,train_oof,0.2526011564304778
RFERF_LR_SMOTE,RFERF,supervised,LR,SMOTE,252,pred_normal,1020,1020,0.0,-0.028591712680330433,-0.0302914165738304,0.019608630438935945,-0.05552478999081945,-0.050166338148672024,-0.040332892511389995,-0.0302914165738304,-0.0175677190232685,-0.005013754180116585,0.0055298581093728445,train_oof,0.2526011564304778
RFERF_LR_SMOTE,RFERF,supervised,LR,SMOTE,271,TP,45,45,0.0,0.09311848399068491,-0.0117231535823837,1.0149001281347407,-1.5343835002432549,-1.145600108650265,-0.7997009639876497,-0.0117231535823837,0.8836392873840441,1.8024437171061536,1.8641008028072852,train_oof,0.2526011564304778
RFERF_LR_SMOTE,RFERF,supervised,LR,SMOTE,271,FP,188,188,0.0,0.06003924908069611,0.062271638354677944,0.9616117481387244,-1.555708402574102,-1.358776673071399,-0.8629668048460832,0.062271638354677944,0.8365410106151518,1.5849450779727976,1.985631590336123,train_oof,0.2526011564304778
RFERF_LR_SMOTE,RFERF,supervised,LR,SMOTE,271,TN,982,982,0.0,-0.023451082357892113,-0.0596047696738355,1.0020426646580656,-1.6081425070442261,-1.3760837161112207,-0.9253318054835733,-0.0596047696738355,0.7072844271119526,1.6549742145894017,2.2164240013485936,train_oof,0.2526011564304778
RFERF_LR_SMOTE,RFERF,supervised,LR,SMOTE,271,FN,38,38,0.0,0.1989203241154817,0.18765628749208274,1.0805659185656937,-1.5876389359930827,-1.4242115245611913,-0.6810810094286337,0.18765628749208274,1.2356272166952975,1.716467750230544,1.8502392218249328,train_oof,0.2526011564304778
RFERF_LR_SMOTE,RFERF,supervised,LR,SMOTE,271,pred_anomaly,233,233,0.0,0.0664279425182476,0.0588836957846076,0.9699783998941397,-1.5688273778786679,-1.3436820040897204,-0.8554579379112626,0.0588836957846076,0.8663386789172293,1.6791472267914531,1.9763298275503902,train_oof,0.2526011564304778
RFERF_LR_SMOTE,RFERF,supervised,LR,SMOTE,271,pred_normal,1020,1020,0.0,-0.01516665741084486,-0.052434417231977906,1.005394136924904,-1.6052094048565195,-1.3808441810800327,-0.9237329539734205,-0.052434417231977906,0.7238618455256192,1.6698087030103723,2.2106991897209016,train_oof,0.2526011564304778
RFERF_LR_SMOTE,RFERF,supervised,LR,SMOTE,273,TP,45,45,0.0,0.14453421376038428,-0.2662939358924575,1.138770509501314,-1.471157369287844,-0.7818675264880346,-0.4373305802073919,-0.2662939358924575,0.1802059939018367,2.572655827759764,3.8549328593371994,train_oof,0.2526011564304778
RFERF_LR_SMOTE,RFERF,supervised,LR,SMOTE,273,FP,188,188,0.0,0.10181360798169567,-0.16767159104518214,1.067792102567992,-1.7580741282160812,-0.9800804437778473,-0.4373305802073919,-0.16767159104518214,0.37031570799255553,1.7442991006046118,5.006668478652021,train_oof,0.2526011564304778
RFERF_LR_SMOTE,RFERF,supervised,LR,SMOTE,273,TN,982,982,0.0,-0.022593919155852123,-0.1502587020937358,0.9870522289266794,-2.796662974903808,-1.405308514689315,-0.4979842094079908,-0.1502587020937358,0.4952601564440181,1.4720547916854188,2.7135658930242075,train_oof,0.2526011564304778
RFERF_LR_SMOTE,RFERF,supervised,LR,SMOTE,273,FN,38,38,0.0,0.024717953522670155,-0.12398729103380249,0.794003215718482,-1.3880446618179774,-0.9434132592049068,-0.3794523678047313,-0.12398729103380249,0.3901745122042854,1.0550046954758194,2.482713567265206,train_oof,0.2526011564304778
RFERF_LR_SMOTE,RFERF,supervised,LR,SMOTE,273,pred_anomaly,233,233,0.0,0.11006436875440379,-0.1876444534814844,1.0794695476344183,-1.7580741282160812,-0.9648980267736021,-0.4373305802073919,-0.1876444534814844,0.3212579982901908,1.908466905173052,5.006668478652021,train_oof,0.2526011564304778
RFERF_LR_SMOTE,RFERF,supervised,LR,SMOTE,273,pred_normal,1020,1020,0.0,-0.020831319977632653,-0.1470650718056974,0.9802610977995939,-2.796662974903808,-1.3967085245565265,-0.4892650917962042,-0.1470650718056974,0.4907295103012662,1.4720547916854188,2.7135658930242075,train_oof,0.2526011564304778
RFERF_LR_SMOTE,RFERF,supervised,LR,SMOTE,280,TP,45,45,0.0,-0.24396554494402786,-0.4813311236600117,0.674789351678008,-1.1978196458458799,-1.102455149022542,-0.7793451762329427,-0.4813311236600117,0.2558615327046072,0.9867802090150597,1.052656999583813,train_oof,0.2526011564304778
RFERF_LR_SMOTE,RFERF,supervised,LR,SMOTE,280,FP,188,188,0.0,-0.2278690039185324,-0.3401665724412546,0.676253035480396,-1.3283184309725529,-1.1346092968001475,-0.747975275962108,-0.3401665724412546,0.1460668817566854,1.0754001772801687,1.5972384682855056,train_oof,0.2526011564304778
RFERF_LR_SMOTE,RFERF,supervised,LR,SMOTE,280,TN,982,982,0.0,0.05942674483309194,-0.1362622206808282,1.0648435768542308,-1.3970185125656813,-1.1236298317053552,-0.5440709242016813,-0.1362622206808282,0.4597658844650342,1.5106575435380016,4.972482887925974,train_oof,0.2526011564304778
RFERF_LR_SMOTE,RFERF,supervised,LR,SMOTE,280,FN,38,38,0.0,-0.12883250745878883,-0.1441046957485369,0.670906649147229,-1.0814373158410824,-1.0616742786704567,-0.7401328008943993,-0.1441046957485369,0.4048685589910729,0.8620848554384909,1.1075543250577742,train_oof,0.2526011564304778
RFERF_LR_SMOTE,RFERF,supervised,LR,SMOTE,280,pred_anomaly,233,233,0.0,-0.23097777793633198,-0.3715364727120899,0.6745461260557122,-1.2982033267125515,-1.1306880592662931,-0.747975275962108,-0.3715364727120899,0.1617518318921027,1.0150131192588108,1.5690055580417548,train_oof,0.2526011564304778
RFERF_LR_SMOTE,RFERF,supervised,LR,SMOTE,280,pred_normal,1020,1020,0.0,0.05241316484574735,-0.1362622206808282,1.0531968180980225,-1.3910582315142226,-1.093828426448062,-0.5597558743370987,-0.1362622206808282,0.4597658844650342,1.5106575435380016,4.865197828999704,train_oof,0.2526011564304778
RFERF_LR_SMOTE,RFERF,supervised,LR,SMOTE,281,TP,45,45,0.0,-0.1950797113910899,-0.3088216572105596,0.815842637482199,-1.326543227695605,-1.0979839576598265,-0.5880064333128946,-0.3088216572105596,0.0448123925190645,1.0424326591247413,2.6840391426064754,train_oof,0.2526011564304778
RFERF_LR_SMOTE,RFERF,supervised,LR,SMOTE,281,FP,188,188,0.0,-0.26377588659830364,-0.3832709308378492,0.6966961543704011,-1.2887602213297555,-1.10915134870392,-0.7369049805674733,-0.3832709308378492,0.0820370293327092,0.8497951636141314,2.1234361121929797,train_oof,0.2526011564304778
RFERF_LR_SMOTE,RFERF,supervised,LR,SMOTE,281,TN,982,982,0.0,0.06745272774543666,-0.1413107915491586,1.051750224296509,-1.276662214365321,-1.0160897566698086,-0.5647410353043668,-0.1413107915491586,0.3239971686213994,1.8474154302198045,5.127650426238164,train_oof,0.2526011564304778
RFERF_LR_SMOTE,RFERF,supervised,LR,SMOTE,281,FN,38,38,0.0,-0.20792329953147076,-0.3460462940242044,0.8209702939274869,-1.2753593520768436,-1.035632690996972,-0.8392727318049962,-0.3460462940242044,-0.015677642303107926,1.6249982252582804,1.7433725703256708,train_oof,0.2526011564304778
RFERF_LR_SMOTE,RFERF,supervised,LR,SMOTE,281,pred_anomaly,233,233,0.0,-0.25050838494884176,-0.3832709308378492,0.7198683063207514,-1.3332436623220612,-1.10915134870392,-0.6996803437538289,-0.3832709308378492,0.0820370293327092,0.927036285002443,2.4919600166480698,train_oof,0.2526011564304778
RFERF_LR_SMOTE,RFERF,supervised,LR,SMOTE,281,pred_normal,1020,1020,0.0,0.057193620846885194,-0.15061695075256976,1.0450467844348632,-1.276662214365321,-1.0170203725901497,-0.5693941149060724,-0.15061695075256976,0.3239971686213994,1.794370322760364,5.02156021131927,train_oof,0.2526011564304778
RFERF_LR_SMOTE,RFERF,supervised,LR,SMOTE,282,TP,45,45,0.0,0.2332009481743442,0.4358817780156345,0.7909707373730342,-0.991017932597467,-0.9442146620222676,-0.5841895037515027,0.4358817780156345,0.8559111293315566,1.485955156305394,1.6971699158242441,train_oof,0.2526011564304778
RFERF_LR_SMOTE,RFERF,supervised,LR,SMOTE,282,FP,188,188,0.0,0.047131208180742595,-0.0441517663453553,0.7630970944899584,-1.0981254171830193,-1.004218855067395,-0.6441936967966302,-0.0441517663453553,0.6758985501961742,1.3449453026493459,1.5498596218984555,train_oof,0.2526011564304778
RFERF_LR_SMOTE,RFERF,supervised,LR,SMOTE,282,TN,982,982,0.0,-0.025346252744594316,-0.1041559593904829,1.0445418268861237,-1.129927639496937,-1.0342209515899587,-0.6741957933191939,-0.1041559593904829,0.3758775849705368,1.0944277966859361,1.8444802097500226,train_oof,0.2526011564304778
RFERF_LR_SMOTE,RFERF,supervised,LR,SMOTE,282,FN,38,38,0.0,0.13270269736659848,0.1658629093125907,1.0438061185831502,-1.1209270105401679,-1.0642230481125223,-0.6666952691885529,0.1658629093125907,0.6158943571510468,1.2999421578654995,3.4204903400803124,train_oof,0.2526011564304778
RFERF_LR_SMOTE,RFERF,supervised,LR,SMOTE,282,pred_anomaly,233,233,0.0,0.08306742405933518,0.1058587162674632,0.7703512625977328,-1.0846244737478656,-1.004218855067395,-0.6441936967966302,0.1058587162674632,0.6758985501961742,1.377947608824165,1.5663607749858661,train_oof,0.2526011564304778
RFERF_LR_SMOTE,RFERF,supervised,LR,SMOTE,282,pred_normal,1020,1020,0.0,-0.019458154603196946,-0.1041559593904829,1.0444318714548502,-1.1485289393409264,-1.0342209515899587,-0.6741957933191939,-0.1041559593904829,0.4058796814931006,1.127430102860757,1.937486708969971,train_oof,0.2526011564304778
RFERF_LR_SMOTE,RFERF,supervised,LR,SMOTE,288,TP,45,45,0.0,0.1801560868642077,0.3290288088587416,0.7558798716859159,-1.0502815270685288,-0.8628662966803181,-0.6162673093274093,0.3290288088587416,0.7400271211135898,1.4633841506821212,1.718203104280129,train_oof,0.2526011564304778
RFERF_LR_SMOTE,RFERF,supervised,LR,SMOTE,288,FP,188,188,0.0,0.02733855837379941,0.00023015905486304875,0.7129364112922408,-0.9093091059651162,-0.9039661279058032,-0.6162673093274093,0.00023015905486305221,0.5756277962116505,1.3154247582703773,1.5209239143978013,train_oof,0.2526011564304778
RFERF_LR_SMOTE,RFERF,supervised,LR,SMOTE,288,TN,982,982,0.0,-0.018657506479378062,-0.1230693346215914,1.0451423581095003,-1.0272656215822575,-0.9450659591312875,-0.6162673093274093,-0.1230693346215914,0.3290288088587416,1.1921252645939229,1.8065677414149088,train_oof,0.2526011564304778
RFERF_LR_SMOTE,RFERF,supervised,LR,SMOTE,288,FN,38,38,0.0,0.11271390767197827,0.02078007466760535,1.2309079728737038,-1.0942583464797975,-1.0334305962660801,-0.7395668030038637,0.02078007466760535,0.5756277962116505,1.2928198510963254,4.323521405663623,train_oof,0.2526011564304778
RFERF_LR_SMOTE,RFERF,supervised,LR,SMOTE,288,pred_anomaly,233,233,0.0,0.05685267331829883,0.0824298215058328,0.7222915262220042,-1.0009617295979472,-0.9039661279058032,-0.6162673093274093,0.0824298215058328,0.6167276274371354,1.3154247582703773,1.5620237456232862,train_oof,0.2526011564304778
RFERF_LR_SMOTE,RFERF,supervised,LR,SMOTE,288,pred_normal,1020,1020,0.0,-0.01376327732471969,-0.1230693346215914,1.0522464323730247,-1.0272656215822575,-0.9450659591312875,-0.6162673093274093,-0.1230693346215914,0.3701286400842262,1.2332250958194075,1.9339772182139123,train_oof,0.2526011564304778
RFERF_LR_SMOTE,RFERF,supervised,LR,SMOTE,295,TP,45,45,0.0,0.3595295847200476,-0.0542768870766801,1.4183051809009526,-0.6291640128787815,-0.5797119650161032,-0.2867924442198093,-0.0542768870766801,0.15864638984291,3.8543096506199936,4.961303183940448,train_oof,0.2526011564304778
RFERF_LR_SMOTE,RFERF,supervised,LR,SMOTE,295,FP,188,188,0.0,0.1869300453209181,-0.17685859742865126,1.3992817934045407,-0.7699931808159151,-0.6737257292344045,-0.43752427805712435,-0.17685859742865126,0.14189892035805018,4.266272587925813,5.743446406607706,train_oof,0.2526011564304778
RFERF_LR_SMOTE,RFERF,supervised,LR,SMOTE,295,TN,982,982,0.0,-0.06404754936899235,-0.1990705183719288,0.8386009894374207,-0.8221318507966802,-0.6920927638051472,-0.4439476606973084,-0.1990705183719288,0.08479643030719189,0.5359178625335389,5.2972862026459095,train_oof,0.2526011564304778
RFERF_LR_SMOTE,RFERF,supervised,LR,SMOTE,295,FN,38,38,0.0,0.3142328431068221,-0.1572932306907982,1.5371524899609916,-0.7603966797794729,-0.6609999456023625,-0.3974460424141213,-0.1572932306907982,0.1401954441852893,4.872225128103422,5.477548224526084,train_oof,0.2526011564304778
RFERF_LR_SMOTE,RFERF,supervised,LR,SMOTE,295,pred_anomaly,233,233,0.0,0.2202647203121663,-0.1569241841268044,1.4015626325270376,-0.754491296942828,-0.6656192214407726,-0.414329922716841,-0.1569241841268044,0.1485486712203044,4.226878341931006,5.690055430017306,train_oof,0.2526011564304778
RFERF_LR_SMOTE,RFERF,supervised,LR,SMOTE,295,pred_normal,1020,1020,0.0,-0.04995475043361886,-0.19678010700448434,0.8763325238207625,-0.820689546038438,-0.6922080125123444,-0.44252567009059074,-0.19678010700448434,0.0849549617982182,0.5650318206165313,5.391844714248391,train_oof,0.2526011564304778
RFERF_LR_SMOTE,RFERF,supervised,LR,SMOTE,310,TP,45,45,0.0,0.21977127533089424,0.14226059883972,0.8509513626207573,-1.3864362507037236,-1.0911767697784922,-0.4478027156636367,0.14226059883972,0.7528280439628835,1.5283398287387224,2.1240531703462047,train_oof,0.2526011564304778
RFERF_LR_SMOTE,RFERF,supervised,LR,SMOTE,310,FP,188,188,0.0,0.11474061550984413,0.09897410086457,0.9746622574540529,-1.827411753233722,-1.3958909331561904,-0.5053281932358744,0.09897410086457,0.7459933337562807,1.6720965667509313,2.5651653670803323,train_oof,0.2526011564304778
RFERF_LR_SMOTE,RFERF,supervised,LR,SMOTE,310,TN,982,982,0.0,-0.03516114693418799,-0.1037889685979735,1.0130430038108749,-2.195210291818362,-1.6494586818211463,-0.66195696880385,-0.1037889685979735,0.5967688275787908,1.684626868796368,2.520739750737417,train_oof,0.2526011564304778
RFERF_LR_SMOTE,RFERF,supervised,LR,SMOTE,310,FN,38,38,0.0,0.07655145509904941,-0.017215972647673602,0.8955983154470298,-1.6782783765256537,-1.1745602342990435,-0.4403984462731497,-0.0172159726476736,0.6292337010601539,1.6657175038914342,2.0993798665003682,train_oof,0.2526011564304778
RFERF_LR_SMOTE,RFERF,supervised,LR,SMOTE,310,pred_anomaly,233,233,0.0,0.13502550689159204,0.09897410086457,0.9511913603718299,-1.7278983726255885,-1.3796015404971207,-0.4842545034321835,0.09897410086457,0.7528280439628835,1.6436186075567507,2.520739750737417,train_oof,0.2526011564304778
RFERF_LR_SMOTE,RFERF,supervised,LR,SMOTE,310,pred_normal,1020,1020,0.0,-0.03099930489765563,-0.1037889685979735,1.0087406947708326,-2.195210291818362,-1.6269041381393574,-0.66195696880385,-0.1037889685979735,0.5979079459465577,1.684626868796368,2.520739750737417,train_oof,0.2526011564304778
RFERF_LR_SMOTE,RFERF,supervised,LR,SMOTE,316,TP,45,45,0.0,-0.3308902338092375,-0.5038833490360002,0.8210892647668381,-1.7114439933990262,-1.1991855936655607,-0.7353022217058844,-0.5038833490360002,-0.0902689700484349,1.2769963439022056,2.19251544620575,train_oof,0.2526011564304778
RFERF_LR_SMOTE,RFERF,supervised,LR,SMOTE,316,FP,188,188,0.0,-0.2866393073259584,-0.45944421768997135,1.0822389804623087,-2.073558302035571,-1.6963415938228292,-0.8892362160798636,-0.45944421768997135,0.15094032168048013,1.5450466736760808,2.2988793480152205,train_oof,0.2526011564304778
RFERF_LR_SMOTE,RFERF,supervised,LR,SMOTE,316,TN,982,982,0.0,0.07960109582205434,-0.0673342352250128,0.9791020965380095,-1.8616087997403052,-1.278258640695475,-0.5844755139854011,-0.0673342352250128,0.7085009879415017,1.9363329785678107,2.7710823566846,train_oof,0.2526011564304778
RFERF_LR_SMOTE,RFERF,supervised,LR,SMOTE,316,FN,38,38,0.0,-0.24190559709714798,-0.2227478899101806,0.9601031391322773,-1.7654999303275734,-1.5679465364199636,-1.057029695368642,-0.2227478899101806,0.2684500113940349,1.2627965371158334,2.014783581826821,train_oof,0.2526011564304778
RFERF_LR_SMOTE,RFERF,supervised,LR,SMOTE,316,pred_anomaly,233,233,0.0,-0.2951856235995531,-0.4626501483642131,1.0354855979591402,-2.036468150235112,-1.6315423365948465,-0.8481509814391954,-0.4626501483642131,0.1054407671114329,1.5244350055412241,2.528374662280565,train_oof,0.2526011564304778
RFERF_LR_SMOTE,RFERF,supervised,LR,SMOTE,316,pred_normal,1020,1020,0.0,0.06762339549761345,-0.07078677595111965,0.9798333858659106,-1.8561547718332643,-1.305287102379852,-0.5895310200486283,-0.07078677595111965,0.6959731973067721,1.9338471492450144,2.742837614224433,train_oof,0.2526011564304778
RFERF_LR_SMOTE,RFERF,supervised,LR,SMOTE,333,TP,45,45,0.0,0.02669726857358416,-0.0334140756342098,0.26773666902065385,-0.49986865703303573,-0.37082856984361534,-0.1164196212577975,-0.0334140756342098,0.1624217485502173,0.44617293217154674,0.7138012628301044,train_oof,0.2526011564304778
RFERF_LR_SMOTE,RFERF,supervised,LR,SMOTE,333,FP,188,188,0.0,0.1607587602567313,-0.10288582022271556,2.234423545064504,-0.6184878499798118,-0.4588115320085088,-0.2395758851333567,-0.10288582022271556,0.052653475904269,0.3010881990968339,6.818810098328516,train_oof,0.2526011564304778
RFERF_LR_SMOTE,RFERF,supervised,LR,SMOTE,333,TN,982,982,0.0,-0.04858226780149878,-0.07856209358277874,0.3844673214154897,-0.6280415735430095,-0.4382841624855629,-0.21484786766915953,-0.07856209358277874,0.06923100266327765,0.38425280996275313,0.7194268702339126,train_oof,0.2526011564304778
RFERF_LR_SMOTE,RFERF,supervised,LR,SMOTE,333,FN,38,38,0.0,0.4177409968211004,-0.036741190286321,2.0230722623885007,-0.5651858826005666,-0.3743120986506864,-0.1763341958695214,-0.036741190286321,0.1323053960020234,1.8593867521266016,9.09104064829966,train_oof,0.2526011564304778
RFERF_LR_SMOTE,RFERF,supervised,LR,SMOTE,333,pred_anomaly,233,233,0.0,0.13486705585440678,-0.0691242225377463,2.010137986357843,-0.6102832647803266,-0.4579433008941132,-0.2256444209924449,-0.0691242225377463,0.0875285302855623,0.3726317684667112,3.556823119037807,train_oof,0.2526011564304778
RFERF_LR_SMOTE,RFERF,supervised,LR,SMOTE,333,pred_normal,1020,1020,0.0,-0.03120944029595098,-0.0769184194120148,0.5465536185245728,-0.6313782321096606,-0.4377353873995175,-0.21199132102561385,-0.0769184194120148,0.07223175614796723,0.3873996506735544,0.7435074921618169,train_oof,0.2526011564304778
RFERF_LR_SMOTE,RFERF,supervised,LR,SMOTE,338,TP,45,45,0.0,-0.04281949562169407,-0.0723784676738478,0.14353779075217998,-0.29036313739068903,-0.24452724446448587,-0.1429586386114731,-0.0723784676738478,0.0183492785528492,0.2003299447697025,0.3197926530358533,train_oof,0.2526011564304778
RFERF_LR_SMOTE,RFERF,supervised,LR,SMOTE,338,FP,188,188,0.0,0.06957755516466897,-0.1049074122953825,1.01278934033543,-0.3124379412480915,-0.28225938793338395,-0.18076717099141967,-0.1049074122953825,0.04709060633489,0.41611668271468466,5.107229255947811,train_oof,0.2526011564304778
RFERF_LR_SMOTE,RFERF,supervised,LR,SMOTE,338,TN,982,982,0.0,-0.016318685417645053,-0.08860315409344399,1.016940757816203,-0.3205104985667185,-0.2735995908610708,-0.19464051124280068,-0.08860315409344399,0.047512336781304176,0.298236657199322,0.5455448018578207,train_oof,0.2526011564304778
RFERF_LR_SMOTE,RFERF,supervised,LR,SMOTE,338,FN,38,38,0.0,0.11592103565869345,-0.07353225851781126,1.0010163597175636,-0.30757164932716546,-0.2512725444536432,-0.17651803781434056,-0.07353225851781126,0.03732317005237198,0.3348452471015467,4.02012895505756,train_oof,0.2526011564304778
RFERF_LR_SMOTE,RFERF,supervised,LR,SMOTE,338,pred_anomaly,233,233,0.0,0.04786997024884781,-0.0856828696814814,0.9125065704150921,-0.3113770902459039,-0.27915051839727,-0.1794980010630599,-0.0856828696814814,0.041743382561487,0.3996317965668289,3.7186300394704963,train_oof,0.2526011564304778
RFERF_LR_SMOTE,RFERF,supervised,LR,SMOTE,338,pred_normal,1020,1020,0.0,-0.011392107573624596,-0.08629557240551711,1.0161764790295806,-0.32039862064074515,-0.27375316440099146,-0.19349069898795437,-0.08629557240551711,0.04708264915665572,0.29858836447727544,0.5673815269424538,train_oof,0.2526011564304778
RFERF_LR_SMOTE,RFERF,supervised,LR,SMOTE,344,TP,45,45,0.0,-0.33211041960377247,-0.1899013113092602,1.0136424862499673,-2.234385793439248,-2.1388790138795835,-1.1089058429246816,-0.1899013113092602,0.3736423242583678,1.0375266105937107,1.7799076017312354,train_oof,0.2526011564304778
RFERF_LR_SMOTE,RFERF,supervised,LR,SMOTE,344,FP,188,188,0.0,0.0050271277991487074,-0.09751014898456836,1.1619522623539722,-2.166319249739464,-1.8563920839782357,-0.7956376645285979,-0.09751014898456836,0.7307655665161567,1.937351030233307,3.22755421752492,train_oof,0.2526011564304778
RFERF_LR_SMOTE,RFERF,supervised,LR,SMOTE,344,TN,982,982,0.0,0.010204116778271256,0.013263309406872599,0.9667030732285663,-2.074065375708732,-1.7723710967162114,-0.5824300467262069,0.013263309406872599,0.6048710982377745,1.6283156318883458,2.474956220523736,train_oof,0.2526011564304778
RFERF_LR_SMOTE,RFERF,supervised,LR,SMOTE,344,FN,38,38,0.0,0.10118034170350994,0.09232262053498361,0.8757487672977154,-1.973647755279022,-1.1364550272459535,-0.43139086902598583,0.09232262053498361,0.48020615966031766,1.4168084040400586,2.1490317155003877,train_oof,0.2526011564304778
RFERF_LR_SMOTE,RFERF,supervised,LR,SMOTE,344,pred_anomaly,233,233,0.0,-0.060085274059784526,-0.1069328676342609,1.1405733495495691,-2.2246761477687658,-1.9149921311546707,-0.8070480309683514,-0.1069328676342609,0.6436536628849,1.8370186498447447,3.1649464548820805,train_oof,0.2526011564304778
RFERF_LR_SMOTE,RFERF,supervised,LR,SMOTE,344,pred_normal,1020,1020,0.0,0.01359342711862328,0.01390288539479795,0.9632289879620789,-2.0717041273243453,-1.7731738748527797,-0.5776277132306645,0.01390288539479795,0.6029744246184099,1.6288664391400154,2.456005473729782,train_oof,0.2526011564304778
RFERF_LR_SMOTE,RFERF,supervised,LR,SMOTE,348,TP,45,45,0.0,0.8304637782332782,0.1324078261126312,2.697116729742037,-1.1403267470561762,-1.0201961878540182,-0.3059063763817283,0.1324078261126312,1.1876086839694229,2.280147418334993,12.250334477740047,train_oof,0.2526011564304778
RFERF_LR_SMOTE,RFERF,supervised,LR,SMOTE,348,FP,188,188,0.0,0.17169721975623523,-0.1760355015685849,1.2656311407476732,-1.1126480168616248,-0.963377680123268,-0.5899989150354799,-0.1760355015685849,0.5646343313501248,2.224952296539409,5.769209639486853,train_oof,0.2526011564304778
RFERF_LR_SMOTE,RFERF,supervised,LR,SMOTE,348,TN,982,982,0.0,-0.08101671077029118,-0.1841524312444063,0.7412913168345288,-1.0460891935198886,-0.8903253130408747,-0.5250634776289083,-0.1841524312444063,0.1324078261126312,1.2428038057650068,2.663266499033758,train_oof,0.2526011564304778
RFERF_LR_SMOTE,RFERF,supervised,LR,SMOTE,348,FN,38,38,0.0,0.16038987315296319,-0.19226936092022762,0.9516123158896754,-1.0055045451407814,-0.9114293301980105,-0.4134556945863629,-0.19226936092022762,0.6965344385822239,1.75376452885797,2.7187862980163886,train_oof,0.2526011564304778
RFERF_LR_SMOTE,RFERF,supervised,LR,SMOTE,348,pred_anomaly,233,233,0.0,0.2989268125951491,-0.1029831344861915,1.6548950303310013,-1.128638368322993,-0.9666244519935965,-0.5656481260080156,-0.1029831344861915,0.6762421143926699,2.3256022245195935,7.210695180616001,train_oof,0.2526011564304778
RFERF_LR_SMOTE,RFERF,supervised,LR,SMOTE,348,pred_normal,1020,1020,0.0,-0.07202313215354252,-0.1841524312444063,0.750995442778662,-1.0445469768814826,-0.898442242716696,-0.5250634776289083,-0.1841524312444063,0.14255398820740806,1.325596488458388,2.7639164270139456,train_oof,0.2526011564304778
RFERF_LR_SMOTE,RFERF,supervised,LR,SMOTE,377,TP,45,45,0.0,-0.49009482497604034,-0.3714959728317686,0.6509494883313365,-1.8658415098495904,-1.609667989217964,-0.7984518405511466,-0.3714959728317686,-0.1580180389720797,0.6105025229227989,0.6958936964666758,train_oof,0.2526011564304778
RFERF_LR_SMOTE,RFERF,supervised,LR,SMOTE,377,FP,188,188,0.0,-0.23033668986823955,-0.3714959728317686,0.8704856559440971,-1.89359364125135,-1.6523635759899018,-0.7984518405511466,-0.3714959728317686,0.2689378287472977,1.3363274980457427,2.0045134310265675,train_oof,0.2526011564304778
RFERF_LR_SMOTE,RFERF,supervised,LR,SMOTE,377,TN,982,982,0.0,0.0679223086299605,0.0554598948876092,1.0298394268601965,-1.6523635759899018,-1.225407708270524,-0.5849739066914577,0.0554598948876092,0.6958936964666758,1.549805431905431,2.617195101203876,train_oof,0.2526011564304778
RFERF_LR_SMOTE,RFERF,supervised,LR,SMOTE,377,FN,38,38,0.0,-0.0625147527716926,-0.1580180389720797,0.8270904547133425,-1.359898806602128,-1.225407708270524,-0.5849739066914577,-0.1580180389720797,0.2155683452823756,1.4003708782036486,1.8977744640967245,train_oof,0.2526011564304778
RFERF_LR_SMOTE,RFERF,supervised,LR,SMOTE,377,pred_anomaly,233,233,0.0,-0.280504570039274,-0.3714959728317686,0.8376708319238153,-1.8658415098495904,-1.6523635759899018,-0.7984518405511466,-0.3714959728317686,0.2689378287472977,1.1228495641860532,1.9084483607897098,train_oof,0.2526011564304778
RFERF_LR_SMOTE,RFERF,supervised,LR,SMOTE,377,pred_normal,1020,1020,0.0,0.06306288869538912,0.0554598948876092,1.022970610076585,-1.6523635759899018,-1.225407708270524,-0.5849739066914577,0.0554598948876092,0.6958936964666758,1.549805431905431,2.5766342937705233,train_oof,0.2526011564304778
RFERF_LR_SMOTE,RFERF,supervised,LR,SMOTE,405,TP,45,45,0.0,-0.08491661907859882,-0.1187533800712203,1.1099692991781538,-1.650692101840824,-1.567131807926118,-1.2793130177754657,-0.1187533800712203,0.8654011927019798,1.5914473020497548,1.7986768309582255,train_oof,0.2526011564304778
RFERF_LR_SMOTE,RFERF,supervised,LR,SMOTE,405,FP,188,188,0.0,-0.031933642067643264,-0.1001844258679525,1.0619507093906233,-1.650692101840824,-1.4209012935753835,-1.1121924299460542,-0.1001844258679525,0.8584378348757541,1.6972903410083826,1.8587473978057965,train_oof,0.2526011564304778
RFERF_LR_SMOTE,RFERF,supervised,LR,SMOTE,405,TN,982,982,0.0,0.005975623392151063,-0.0537620403597826,0.9748959477727583,-1.5207094224179487,-1.3350198803852693,-0.8986494566084732,-0.0537620403597826,0.7539874674823716,1.7283933392988555,2.0445297846094923,train_oof,0.2526011564304778
RFERF_LR_SMOTE,RFERF,supervised,LR,SMOTE,405,FN,38,38,0.0,0.08428347444082757,0.24798346544332103,1.1468920455037712,-1.4512615336977266,-1.4120810403288313,-1.167899292555858,0.24798346544332103,0.962888202269136,1.7209657576175492,1.7288575631539378,train_oof,0.2526011564304778
RFERF_LR_SMOTE,RFERF,supervised,LR,SMOTE,405,pred_anomaly,233,233,0.0,-0.04216640586804242,-0.1001844258679525,1.0691572948680388,-1.650692101840824,-1.557847330824485,-1.1121924299460542,-0.1001844258679525,0.8654011927019798,1.6880058639067477,1.8562405889883562,train_oof,0.2526011564304778
RFERF_LR_SMOTE,RFERF,supervised,LR,SMOTE,405,pred_normal,1020,1020,0.0,0.00889297470572921,-0.03983532470733175,0.9813055326190727,-1.5207094224179487,-1.344768581341985,-0.907933933710107,-0.03983532470733175,0.7586297060331887,1.7288575631539378,2.0445297846094923,train_oof,0.2526011564304778
RFERF_LR_SMOTE,RFERF,supervised,LR,SMOTE,416,TP,45,45,0.0,-0.21837719630332997,-0.4928619424418692,0.8391331905579401,-1.158188869075481,-1.1235717660800921,-0.8481886293592745,-0.4928619424418692,0.3478929204957168,1.624770170437839,1.7700954164223748,train_oof,0.2526011564304778
RFERF_LR_SMOTE,RFERF,supervised,LR,SMOTE,416,FP,188,188,0.0,-0.21065916795352052,-0.4534252382050796,0.847026905795354,-1.366559334752729,-1.1769302214356478,-0.8176450010150778,-0.4534252382050796,0.2986218119988738,1.3241990683476947,1.7067578894997657,train_oof,0.2526011564304778
RFERF_LR_SMOTE,RFERF,supervised,LR,SMOTE,416,TN,982,982,0.0,0.055538667640335763,-0.1280228846532786,1.037543911179564,-2.1572295833095927,-1.1509000148954351,-0.6976751777620803,-0.1280228846532786,0.6451545102202609,1.7907313159810487,2.4209952472346887,train_oof,0.2526011564304778
RFERF_LR_SMOTE,RFERF,supervised,LR,SMOTE,416,FN,38,38,0.0,-0.1979236867212246,-0.2707084477210596,0.7447043559964092,-1.3357739336488896,-1.2029505192562033,-0.8878482797883572,-0.2707084477210596,0.47586403487213325,0.8497794798669798,1.1994096438532984,train_oof,0.2526011564304778
RFERF_LR_SMOTE,RFERF,supervised,LR,SMOTE,416,pred_anomaly,233,233,0.0,-0.21214977428717469,-0.4534252382050796,0.8437103187581441,-1.288048585418614,-1.171311977389854,-0.8202460399251673,-0.4534252382050796,0.3362997184964598,1.4476815327192678,1.7404643811586322,train_oof,0.2526011564304778
RFERF_LR_SMOTE,RFERF,supervised,LR,SMOTE,416,pred_normal,1020,1020,0.0,0.046095952477846265,-0.1292119310121767,1.0289784748928734,-2.148948744977329,-1.152807443429501,-0.6981706137449543,-0.1292119310121767,0.64508019482283,1.7404643811586322,2.420938767532641,train_oof,0.2526011564304778
RFERF_LR_SMOTE,RFERF,supervised,LR,SMOTE,423,TP,45,45,0.0,0.14352600670460433,-0.2723032948288679,1.0400156864923986,-0.9700941240161979,-0.8986376297911318,-0.6252184033578978,-0.2723032948288679,0.7599261185849903,2.2790600316720115,2.9046175263590825,train_oof,0.2526011564304778
RFERF_LR_SMOTE,RFERF,supervised,LR,SMOTE,423,FP,188,188,0.0,0.20904358852207752,0.031057286015091654,1.2135803371378335,-1.3896545208080295,-1.161150040722488,-0.6042638781477224,0.031057286015091654,0.6771580698282219,1.9428615693035924,2.7549521158341554,train_oof,0.2526011564304778
RFERF_LR_SMOTE,RFERF,supervised,LR,SMOTE,423,TN,982,982,0.0,-0.05763914314164938,-0.2735447507421896,0.9421415609748948,-1.3568991488227713,-1.1274449702148397,-0.6939804197068168,-0.2735447507421896,0.35407069351637666,1.7357084837866577,3.539899372667537,train_oof,0.2526011564304778
RFERF_LR_SMOTE,RFERF,supervised,LR,SMOTE,423,FN,38,38,0.0,0.27435117918377017,0.1079543463955311,1.0544737527047552,-1.1927104122577172,-0.9552731840854907,-0.5237324327040821,0.1079543463955311,0.9842475938024904,1.7333915061164886,3.32798422088064,train_oof,0.2526011564304778
RFERF_LR_SMOTE,RFERF,supervised,LR,SMOTE,423,pred_anomaly,233,233,0.0,0.19638997829981877,-0.0300851802810569,1.1802195823353876,-1.3783352186153448,-1.1250438053623415,-0.6134443988728326,-0.0300851802810569,0.6861525246793454,1.9531976811165692,2.9713420908852464,train_oof,0.2526011564304778
RFERF_LR_SMOTE,RFERF,supervised,LR,SMOTE,423,pred_normal,1020,1020,0.0,-0.04527087623148669,-0.2687573673123165,0.9480825247041271,-1.3561920985016216,-1.1277991054274603,-0.681295912543308,-0.2687573673123165,0.37906910122553533,1.7371414960423806,3.568743365458173,train_oof,0.2526011564304778
RFERF_LR_SMOTE,RFERF,supervised,LR,SMOTE,425,TP,45,45,0.0,0.20344754282176203,-0.1577811387274507,1.1148335342410358,-0.8037437561982295,-0.6559852322751138,-0.3993430506054848,-0.1577811387274507,0.5369639704138967,1.3350754423246933,4.199999356684928,train_oof,0.2526011564304778
RFERF_LR_SMOTE,RFERF,supervised,LR,SMOTE,425,FP,188,188,0.0,0.023574003535309588,-0.21904135494396426,0.9710497957589198,-0.7338155393426002,-0.6814455801918463,-0.45756594258116207,-0.21904135494396426,0.22142924338255415,1.220844111091362,5.781672886494694,train_oof,0.2526011564304778
RFERF_LR_SMOTE,RFERF,supervised,LR,SMOTE,425,TN,982,982,0.0,-0.015482047812091776,-0.25292058883507423,1.0122560581623463,-0.7502848667365621,-0.6508650426572529,-0.42587232034703376,-0.25292058883507423,0.012444211233016176,1.2344552893362015,2.1258329844400197,train_oof,0.2526011564304778
RFERF_LR_SMOTE,RFERF,supervised,LR,SMOTE,425,FN,38,38,0.0,0.023180865436841176,-0.20467490141312375,0.5641388906114678,-0.7423638495783974,-0.6688348262518512,-0.38666199657920347,-0.20467490141312375,0.506374420047728,1.0219741798186506,1.248677898075103,train_oof,0.2526011564304778
RFERF_LR_SMOTE,RFERF,supervised,LR,SMOTE,425,pred_anomaly,233,233,0.0,0.05831352829020382,-0.2090280990639368,1.0004087056837976,-0.7489457402211215,-0.6813689711234572,-0.4513110374679856,-0.2090280990639368,0.3344095935932512,1.2650205050571155,5.841683022971731,train_oof,0.2526011564304778
RFERF_LR_SMOTE,RFERF,supervised,LR,SMOTE,425,pred_normal,1020,1020,0.0,-0.01404166476948447,-0.25292058883507423,0.9990298431935581,-0.7601084926402478,-0.6515842666169525,-0.4249530115263651,-0.25292058883507423,0.03169111306181775,1.2322976174571032,2.045242227317697,train_oof,0.2526011564304778
RFERF_LR_SMOTE,RFERF,supervised,LR,SMOTE,428,TP,45,45,0.0,-0.05860664236682408,-0.0432450611141641,0.11711726990844853,-0.254183015333985,-0.23658682359735725,-0.1653825618792073,-0.0432450611141641,0.0378302882932986,0.09676616695016836,0.1421709850016168,train_oof,0.2526011564304778
RFERF_LR_SMOTE,RFERF,supervised,LR,SMOTE,428,FP,188,188,0.0,-0.07849024615183339,-0.12574633142427843,0.25893078916778084,-0.27104952892594564,-0.25382353029415944,-0.20991390777005836,-0.12574633142427843,0.015824122025558673,0.10227808878421084,0.4198609404782577,train_oof,0.2526011564304778
RFERF_LR_SMOTE,RFERF,supervised,LR,SMOTE,428,TN,982,982,0.0,0.022244187804812653,-0.1582584206644275,1.1203564998627666,-0.2797403256121596,-0.2633176503885185,-0.21790125014429756,-0.1582584206644275,-0.06852374316998158,0.27678721200514766,6.441373360475646,train_oof,0.2526011564304778
RFERF_LR_SMOTE,RFERF,supervised,LR,SMOTE,428,FN,38,38,0.0,-0.10645616777312684,-0.12732522468430252,0.1166450534392328,-0.2650511549954585,-0.25429118864384137,-0.20008270215963184,-0.12732522468430252,-0.015734621630250398,0.10699619334945906,0.12372546888366262,train_oof,0.2526011564304778
RFERF_LR_SMOTE,RFERF,supervised,LR,SMOTE,428,pred_anomaly,233,233,0.0,-0.07465006516331227,-0.1210533580320271,0.2381259698428861,-0.26952483158681934,-0.25356675526571265,-0.2014621850252237,-0.1210533580320271,0.0221069152747893,0.10039161181989813,0.3515876243773054,train_oof,0.2526011564304778
RFERF_LR_SMOTE,RFERF,supervised,LR,SMOTE,428,pred_normal,1020,1020,0.0,0.017449468675438427,-0.1582584206644275,1.0997632499483954,-0.2797403256121596,-0.2633176503885185,-0.2175898421310748,-0.1582584206644275,-0.0681139957841622,0.17004692533950047,5.786739739292312,train_oof,0.2526011564304778
RFERF_LR_SMOTE,RFERF,supervised,LR,SMOTE,452,TP,45,45,0.0,-0.3578443070599411,-0.443400013111964,0.7495903592639855,-1.8813285083429325,-1.5346466141200907,-0.7473249251056407,-0.443400013111964,-0.0933894694756957,0.5744808833049474,1.6951567639695835,train_oof,0.2526011564304778
RFERF_LR_SMOTE,RFERF,supervised,LR,SMOTE,452,FP,188,188,0.0,-0.2691162089062644,-0.2964065055505236,1.1526718015220425,-2.3815159627690337,-1.7636332312484928,-0.9143034340665939,-0.2964065055505236,0.21138180186686778,1.3130741153551218,2.1350364734620593,train_oof,0.2526011564304778
RFERF_LR_SMOTE,RFERF,supervised,LR,SMOTE,452,TN,982,982,0.0,0.07472941270543212,0.009156521311966051,0.9666349970745169,-2.0591207595912064,-1.466872341614423,-0.5657125899832968,0.009156521311966051,0.7381722417624837,1.7521325832600363,2.2636317668935777,train_oof,0.2526011564304778
RFERF_LR_SMOTE,RFERF,supervised,LR,SMOTE,452,FN,38,38,0.0,-0.17370595410499864,-0.03359827676404005,0.9889669985993834,-2.1650292541662504,-1.7692574256314157,-0.9924142113944693,-0.03359827676404005,0.5808040066985639,1.2603049750477755,1.402878848693161,train_oof,0.2526011564304778
RFERF_LR_SMOTE,RFERF,supervised,LR,SMOTE,452,pred_anomaly,233,233,0.0,-0.2862525368758586,-0.3650981223827272,1.085696179214022,-2.3213043205743826,-1.7559450121308662,-0.893335563745794,-0.3650981223827272,0.1979765618570853,1.3046869672268018,2.1169910000672227,train_oof,0.2526011564304778
RFERF_LR_SMOTE,RFERF,supervised,LR,SMOTE,452,pred_normal,1020,1020,0.0,0.06547397747131804,0.00850127536444065,0.9681259715803676,-2.1055460270499315,-1.4819266172588093,-0.5832404190795903,0.00850127536444065,0.7352236349986212,1.7335618210305994,2.2513065906206307,train_oof,0.2526011564304778
RFERF_LR_SMOTE,RFERF,supervised,LR,SMOTE,460,TP,45,45,0.0,0.3020103018828391,0.0783976942280376,1.0280774381902198,-1.077569906282228,-0.9929281508937524,-0.3729056814433784,0.0783976942280376,0.7663254697685096,2.172560023112474,3.157697016148136,train_oof,0.2526011564304778
RFERF_LR_SMOTE,RFERF,supervised,LR,SMOTE,460,FP,188,188,0.0,0.20710669386292524,-0.09951991131031435,1.2180222733306427,-1.2451735338362055,-1.0436024001582846,-0.5801766841470825,-0.09951991131031435,0.6147200934918509,2.258829675947793,3.836001407607418,train_oof,0.2526011564304778
RFERF_LR_SMOTE,RFERF,supervised,LR,SMOTE,460,TN,982,982,0.0,-0.05516091598247535,-0.257708914806982,0.9452304746108721,-1.4435921015187585,-1.1757543276797806,-0.7050112423511791,-0.257708914806982,0.3967845801418607,1.7166967522204297,2.938911386827603,train_oof,0.2526011564304778
RFERF_LR_SMOTE,RFERF,supervised,LR,SMOTE,460,FN,38,38,0.0,0.03588779156134206,-0.25017097726799853,0.9925716023049711,-1.3538558886002416,-1.1179754794530135,-0.438155257027131,-0.25017097726799853,0.3555802826535208,1.693487331139808,3.308103674692609,train_oof,0.2526011564304778
RFERF_LR_SMOTE,RFERF,supervised,LR,SMOTE,460,pred_anomaly,233,233,0.0,0.22543571687106312,-0.0817556289524339,1.1822349891455772,-1.2331077837270077,-1.0412407606140515,-0.5597499873973544,-0.0817556289524339,0.6361976455733684,2.2504748190696082,3.5824424926329423,train_oof,0.2526011564304778
RFERF_LR_SMOTE,RFERF,supervised,LR,SMOTE,460,pred_normal,1020,1020,0.0,-0.051768905309274305,-0.257708914806982,0.9466849951442896,-1.4398613051620257,-1.1767346308868207,-0.6944804094149439,-0.257708914806982,0.3959936536907262,1.7200349817019802,3.0908748708364207,train_oof,0.2526011564304778
RFERF_LR_SMOTE,RFERF,supervised,LR,SMOTE,468,TP,45,45,0.0,-0.4299881789760773,-0.6468591228110918,0.7041317005316181,-0.9802319324172032,-0.9686947168923535,-0.8573490046644608,-0.6468591228110918,-0.3570547972017782,0.9832988387325399,2.144185638169196,train_oof,0.2526011564304778
RFERF_LR_SMOTE,RFERF,supervised,LR,SMOTE,468,FP,188,188,0.0,-0.20310137819243684,-0.6579706921590808,1.0231608993732424,-0.9802319324172032,-0.9802319324172032,-0.8805525318067895,-0.6579706921590808,0.07585933315483422,2.4822564477692444,3.176573952037264,train_oof,0.2526011564304778
RFERF_LR_SMOTE,RFERF,supervised,LR,SMOTE,468,TN,982,982,0.0,0.050639671858276246,-0.22664994763933105,0.9863603483957295,-0.9802319324172032,-0.9802319324172032,-0.7384941923281408,-0.22664994763933105,0.5812200423096476,2.071788549422645,2.9139567746815245,train_oof,0.2526011564304778
RFERF_LR_SMOTE,RFERF,supervised,LR,SMOTE,468,FN,38,38,0.0,0.21173771869407323,-0.2138162394174025,1.2204121058725275,-0.9802319324172032,-0.9500071516031847,-0.7605237190466327,-0.2138162394174025,0.8472730239411103,3.075503829945868,3.1557442792666905,train_oof,0.2526011564304778
RFERF_LR_SMOTE,RFERF,supervised,LR,SMOTE,468,pred_anomaly,233,233,0.0,-0.2469207173995777,-0.6489234595987277,0.972569591780245,-0.9802319324172032,-0.9802319324172032,-0.8761012788072348,-0.6489234595987277,0.0243852411537456,2.2478525492831776,3.1489475125722186,train_oof,0.2526011564304778
RFERF_LR_SMOTE,RFERF,supervised,LR,SMOTE,468,pred_normal,1020,1020,0.0,0.05664136379921771,-0.22664994763933105,0.9958101516543704,-0.9802319324172032,-0.9802319324172032,-0.7436502100785223,-0.22664994763933105,0.5924932765867887,2.1004851892777068,3.0555425508483105,train_oof,0.2526011564304778
RFERF_LR_SMOTE,RFERF,supervised,LR,SMOTE,477,TP,45,45,0.0,0.09137652440682721,0.0399887606317464,0.2629594817757973,-0.25286050577924735,-0.231769670388412,-0.1278169407253179,0.0399887606317464,0.2459393391136109,0.6195932876448045,0.6712882413800795,train_oof,0.2526011564304778
RFERF_LR_SMOTE,RFERF,supervised,LR,SMOTE,477,FP,188,188,0.0,0.19830861089835988,-0.1072315867080374,2.1067894165499204,-0.34423345370581593,-0.31067637140005466,-0.2101804109555898,-0.1072315867080374,0.026659225632770275,0.5374834402677562,6.21217833517053,train_oof,0.2526011564304778
RFERF_LR_SMOTE,RFERF,supervised,LR,SMOTE,477,TN,982,982,0.0,-0.05650007772840401,-0.1078799790458433,0.43326360649653933,-0.37145393442999913,-0.3167028914758657,-0.20421917119678237,-0.1078799790458433,0.010281805562883226,0.2945387707898904,0.6878015150826491,train_oof,0.2526011564304778
RFERF_LR_SMOTE,RFERF,supervised,LR,SMOTE,477,FN,38,38,0.0,0.36376682906911867,-0.06116485489820721,2.4046037859011395,-0.3573708528528546,-0.2735526019364932,-0.18642807939718925,-0.06116485489820721,0.06773068994215688,0.5469874604736772,9.507167666785444,train_oof,0.2526011564304778
RFERF_LR_SMOTE,RFERF,supervised,LR,SMOTE,477,pred_anomaly,233,233,0.0,0.1776564911896948,-0.0830117069332598,1.895399034983102,-0.34163961970465845,-0.2997176587246886,-0.1965906368550453,-0.0830117069332598,0.1200630089346627,0.6182065219917011,5.027735615689937,train_oof,0.2526011564304778
RFERF_LR_SMOTE,RFERF,supervised,LR,SMOTE,477,pred_normal,1020,1020,0.0,-0.04084307531830022,-0.10755798829305535,0.6300854478956558,-0.36953645744298563,-0.3167681717928693,-0.20411992747160795,-0.10755798829305535,0.013360566459403875,0.3024244566506355,0.6920129776958266,train_oof,0.2526011564304778
RFERF_LR_SMOTE,RFERF,supervised,LR,SMOTE,480,TP,45,45,0.0,-0.18318824216782276,-0.4030406208184361,0.9259128286437824,-1.5834379814013597,-1.509831536888298,-0.678789711798009,-0.4030406208184361,0.2475486145892721,1.6612799622112406,1.7582532910074222,train_oof,0.2526011564304778
RFERF_LR_SMOTE,RFERF,supervised,LR,SMOTE,480,FP,188,188,0.0,0.0817533397964714,-0.1263275174657092,1.173132773443704,-1.7057548907712103,-1.4952878312534827,-0.7229417555035222,-0.1263275174657092,0.6284297647149827,2.3897072409275837,3.192309177427049,train_oof,0.2526011564304778
RFERF_LR_SMOTE,RFERF,supervised,LR,SMOTE,480,TN,982,982,0.0,-0.010030767469115095,-0.12644663393710476,0.9665976561528443,-1.7027879210807884,-1.4793003231793342,-0.6216989876559722,-0.12644663393710476,0.4712167986016628,1.8246378146657944,2.916940538916813,train_oof,0.2526011564304778
RFERF_LR_SMOTE,RFERF,supervised,LR,SMOTE,480,FN,38,38,0.0,0.07472650651042315,0.0279477040449381,0.9647702329169969,-1.564506606691939,-1.264185671365814,-0.5853698489555954,0.0279477040449381,0.5787831274975397,1.8707858903123316,2.091011719107413,train_oof,0.2526011564304778
RFERF_LR_SMOTE,RFERF,supervised,LR,SMOTE,480,pred_anomaly,233,233,0.0,0.03058436473898971,-0.208246407979838,1.1326416550598732,-1.699607345085499,-1.5091317968726117,-0.688778874492245,-0.208246407979838,0.5870222476149364,2.2120917008770866,3.1663850564136036,train_oof,0.2526011564304778
RFERF_LR_SMOTE,RFERF,supervised,LR,SMOTE,480,pred_normal,1020,1020,0.0,-0.006873143536544068,-0.1196819264220397,0.9661904050283346,-1.7019379004006092,-1.4744785992232645,-0.6209884440533455,-0.1196819264220397,0.4768492071008463,1.8352015065732263,2.9077855793434124,train_oof,0.2526011564304778
RFERF_LR_SMOTE,RFERF,supervised,LR,SMOTE,484,TP,45,45,0.0,-0.29681813697639586,-0.4212884102733357,0.781277273256669,-1.0153846670981137,-1.0153846670981137,-1.0153846670981137,-0.4212884102733357,0.0479891919520622,1.3658427897930407,1.7025207368515398,train_oof,0.2526011564304778
RFERF_LR_SMOTE,RFERF,supervised,LR,SMOTE,484,FP,188,188,0.0,-0.04818682538863323,-0.5316794662119069,1.1116041076513654,-1.0153846670981137,-1.0153846670981137,-0.7581951804815634,-0.5316794662119069,0.2923291910088384,2.457280434517768,3.389156363355288,train_oof,0.2526011564304778
RFERF_LR_SMOTE,RFERF,supervised,LR,SMOTE,484,TN,982,982,0.0,0.023392979082906447,-0.3072208965427816,0.9801458136991474,-1.0153846670981137,-1.0153846670981137,-0.6200551086316053,-0.3072208965427816,0.40041778415336443,2.184388760205438,3.390392610766803,train_oof,0.2526011564304778
RFERF_LR_SMOTE,RFERF,supervised,LR,SMOTE,484,FN,38,38,0.0,-0.04168759403800924,-0.3307458694088068,0.918327112939728,-1.0153846670981137,-1.0153846670981137,-0.5954975971721279,-0.3307458694088068,0.20283730344992768,1.7490700866567745,2.7976962873134417,train_oof,0.2526011564304778
RFERF_LR_SMOTE,RFERF,supervised,LR,SMOTE,484,pred_anomaly,233,233,0.0,-0.0962057482274715,-0.5275287107928893,1.0589743486823235,-1.0153846670981137,-1.0153846670981137,-0.7929985152182087,-0.5275287107928893,0.2548326840000616,2.2893436028627274,3.376702060673077,train_oof,0.2526011564304778
RFERF_LR_SMOTE,RFERF,supervised,LR,SMOTE,484,pred_normal,1020,1020,0.0,0.020968408711735078,-0.3072208965427816,0.9775651950965447,-1.0153846670981137,-1.0153846670981137,-0.6193596457606113,-0.3072208965427816,0.3957910735519505,2.142100923668481,3.358039104967589,train_oof,0.2526011564304778
RFERF_LR_SMOTE,RFERF,supervised,LR,SMOTE,486,TP,45,45,0.0,0.08933691660650646,-0.0236321189492952,0.7630125972471883,-1.0674901188596386,-1.0674901188596386,-0.4249750349522057,-0.0236321189492952,0.4682183389769476,1.6330652469767297,2.0068615165885584,train_oof,0.2526011564304778
RFERF_LR_SMOTE,RFERF,supervised,LR,SMOTE,486,FP,188,188,0.0,0.17196734573831987,0.0102836119076722,0.9635225455687215,-1.0674901188596386,-1.0674901188596386,-0.586606701638902,0.0102836119076722,0.9523697785012364,1.9077193297896784,2.223762317278737,train_oof,0.2526011564304778
RFERF_LR_SMOTE,RFERF,supervised,LR,SMOTE,486,TN,982,982,0.0,-0.048994659995211014,-0.21771460679792415,1.0016592880274495,-1.0674901188596386,-1.0674901188596386,-1.0674901188596386,-0.21771460679792415,0.6368963913526122,1.9157049790651515,2.2839546827200574,train_oof,0.2526011564304778
RFERF_LR_SMOTE,RFERF,supervised,LR,SMOTE,486,FN,38,38,0.0,0.25538219773112236,0.03324444890569225,1.0628238424350653,-1.0674901188596386,-1.0674901188596386,-0.5907764537730924,0.03324444890569225,1.1323785828736643,2.0293411579954004,2.274203451121407,train_oof,0.2526011564304778
RFERF_LR_SMOTE,RFERF,supervised,LR,SMOTE,486,pred_anomaly,233,233,0.0,0.15600867916779798,-0.0036967143764026,0.9272466825522349,-1.0674901188596386,-1.0674901188596386,-0.5582245534951494,-0.0036967143764026,0.8032832014144605,1.8792944594513126,2.2062709102914617,train_oof,0.2526011564304778
RFERF_LR_SMOTE,RFERF,supervised,LR,SMOTE,486,pred_normal,1020,1020,0.0,-0.03765513000148487,-0.21120768601123605,1.0051108771295807,-1.0674901188596386,-1.0674901188596386,-1.0674901188596386,-0.21120768601123605,0.6531252724611669,1.9487288884477463,2.288272983846611,train_oof,0.2526011564304778
RFERF_LR_SMOTE,RFERF,supervised,LR,SMOTE,488,TP,45,45,0.0,-0.3147856988599422,-0.1687238193389359,0.966449810784842,-1.395282106447686,-1.395282106447686,-1.395282106447686,-0.1687238193389359,0.3257666427309373,1.4244587844459498,1.8187434565080025,train_oof,0.2526011564304778
RFERF_LR_SMOTE,RFERF,supervised,LR,SMOTE,488,FP,188,188,0.0,-0.029436507468032447,-0.05222077168821115,1.0321001987395286,-1.395282106447686,-1.395282106447686,-0.9400174140924245,-0.05222077168821115,0.557897547193249,1.998377273948974,2.340573531350784,train_oof,0.2526011564304778
RFERF_LR_SMOTE,RFERF,supervised,LR,SMOTE,488,TN,982,982,0.0,0.01801232345816477,0.0072289194437300495,0.9817145042304428,-1.395282106447686,-1.395282106447686,-0.7632641777384286,0.0072289194437300495,0.6152604889561613,1.8465332405470827,2.40788480299291,train_oof,0.2526011564304778
RFERF_LR_SMOTE,RFERF,supervised,LR,SMOTE,488,FN,38,38,0.0,-0.04270558967178621,-0.2457856473710926,1.1320963170917102,-1.395282106447686,-1.395282106447686,-1.0298281826890363,-0.2457856473710926,0.6935721644974575,1.970811073742081,2.392183036187682,train_oof,0.2526011564304778
RFERF_LR_SMOTE,RFERF,supervised,LR,SMOTE,488,pred_anomaly,233,233,0.0,-0.0845468663205472,-0.113635699236904,1.0239622684517693,-1.395282106447686,-1.395282106447686,-1.0113753745475549,-0.113635699236904,0.4824229263034526,1.9025096649676747,2.332309099197899,train_oof,0.2526011564304778
RFERF_LR_SMOTE,RFERF,supervised,LR,SMOTE,488,pred_normal,1020,1020,0.0,0.015750283557245025,0.0014500610161552999,0.9871636864453873,-1.395282106447686,-1.395282106447686,-0.7834322527948339,0.0014500610161552999,0.6251509489118177,1.8686588148689929,2.41591602153613,train_oof,0.2526011564304778
RFERF_LR_SMOTE,RFERF,supervised,LR,SMOTE,489,TP,45,45,0.0,0.06210693001042266,-0.1552947025392865,0.9620547118628426,-1.2020520219895654,-1.1470892205933696,-0.5667999949314463,-0.1552947025392865,0.2187231088486209,2.165493761659896,2.2358313318388148,train_oof,0.2526011564304778
RFERF_LR_SMOTE,RFERF,supervised,LR,SMOTE,489,FP,188,188,0.0,0.11241517405870363,-0.053643661290994,1.0109592441509598,-1.2020520219895654,-1.2020520219895654,-0.5899077970349035,-0.053643661290994,0.5920359589985119,2.1104420000772715,3.009710831382408,train_oof,0.2526011564304778
RFERF_LR_SMOTE,RFERF,supervised,LR,SMOTE,489,TN,982,982,0.0,-0.028583196949882945,-0.23965251343068739,0.9830682506966752,-1.2020520219895654,-1.2020520219895654,-0.7098871650999974,-0.23965251343068739,0.4506516966120874,1.9953760244281422,2.863485613371059,train_oof,0.2526011564304778
RFERF_LR_SMOTE,RFERF,supervised,LR,SMOTE,489,FN,38,38,0.0,0.11092947347861264,-0.24671188459470364,1.2003857821484392,-1.2020520219895654,-1.2020520219895654,-0.7458812194891218,-0.24671188459470364,0.982460614841869,2.459224527944881,2.832002530202535,train_oof,0.2526011564304778
RFERF_LR_SMOTE,RFERF,supervised,LR,SMOTE,489,pred_anomaly,233,233,0.0,0.10269898958585964,-0.0910646051326208,0.9998648183596425,-1.2020520219895654,-1.2020520219895654,-0.5769717527725381,-0.0910646051326208,0.5722723146886088,2.15731244085969,2.9416342206043673,train_oof,0.2526011564304778
RFERF_LR_SMOTE,RFERF,supervised,LR,SMOTE,489,pred_normal,1020,1020,0.0,-0.023385666090782128,-0.23965251343068739,0.991666689740727,-1.2020520219895654,-1.2020520219895654,-0.7111090091963423,-0.23965251343068739,0.45172405388306736,2.1023016661692413,2.8822564788564833,train_oof,0.2526011564304778
RFERF_LR_SMOTE,RFERF,supervised,LR,SMOTE,490,TP,45,45,0.0,-0.08316749777280576,-0.0871542866071567,0.9420484350662707,-1.4444484363702377,-1.356074327013282,-0.829933118301064,-0.0871542866071567,0.5159942806036599,1.5676095800062748,2.5096404465300113,train_oof,0.2526011564304778
RFERF_LR_SMOTE,RFERF,supervised,LR,SMOTE,490,FP,188,188,0.0,-0.11875266798462641,-0.3138764730411716,0.9701718166196698,-1.6536617969104386,-1.455845129186789,-0.7563612497160069,-0.3138764730411716,0.5315962794738647,1.7676145851268368,2.283620413007214,train_oof,0.2526011564304778
RFERF_LR_SMOTE,RFERF,supervised,LR,SMOTE,490,TN,982,982,0.0,0.030956408644009486,-0.1112953401903788,1.0086669518218245,-1.6856611314132708,-1.3694225639087645,-0.6902189044024758,-0.1112953401903788,0.601535936681731,1.8432457328740446,2.9168314897727794,train_oof,0.2526011564304778
RFERF_LR_SMOTE,RFERF,supervised,LR,SMOTE,490,FN,38,38,0.0,-0.11397774493503743,-0.31833698531793686,0.9790495659816882,-1.461890382563039,-1.3908755572077578,-0.8378705355363495,-0.31833698531793686,0.6230969448953312,1.3187367806304842,2.1778188527232034,train_oof,0.2526011564304778
RFERF_LR_SMOTE,RFERF,supervised,LR,SMOTE,490,pred_anomaly,233,233,0.0,-0.11187999562612026,-0.2960148357371599,0.9628993721163687,-1.6158440403520307,-1.4309269838474454,-0.7574903693544478,-0.2960148357371599,0.5266782428826378,1.7582654185542677,2.2926824725787815,train_oof,0.2526011564304778
RFERF_LR_SMOTE,RFERF,supervised,LR,SMOTE,490,pred_normal,1020,1020,0.0,0.02555690096165283,-0.1207228595507446,1.0074855470958763,-1.6795797797883572,-1.3739163761203441,-0.7047981195605363,-0.1207228595507446,0.6022243218888103,1.81423281487812,2.899592309401545,train_oof,0.2526011564304778
RFERF_LR_SMOTE,RFERF,supervised,LR,SMOTE,510,TP,45,45,0.0,0.6787152018211978,0.2587891267596156,1.156243661589316,-0.8335958128603146,-0.5413010439706827,-0.1594835349790708,0.2587891267596156,1.2008646061338444,2.931630372554353,4.086690197394603,train_oof,0.2526011564304778
RFERF_LR_SMOTE,RFERF,supervised,LR,SMOTE,510,FP,188,188,0.0,0.3362417187169861,0.0774219462023707,1.204825416408609,-0.8891210056226966,-0.7521118580324613,-0.4017343600103602,0.0774219462023707,0.5729742886201296,2.383568911542123,5.571856040529108,train_oof,0.2526011564304778
RFERF_LR_SMOTE,RFERF,supervised,LR,SMOTE,510,TN,982,982,0.0,-0.11407320129922074,-0.2929384475958905,0.8600223076814558,-1.0185340549821986,-0.8781126962331839,-0.5622272046921486,-0.2929384475958905,0.11794950326105252,1.047546667422855,3.2503569469893354,train_oof,0.2526011564304778
RFERF_LR_SMOTE,RFERF,supervised,LR,SMOTE,510,FN,38,38,0.0,0.4563419417264181,-0.10838397307415046,1.8954165527007318,-0.8212943614735067,-0.722401715586999,-0.4781522713035005,-0.10838397307415046,0.45676465395973814,4.367955715964573,7.563662738705874,train_oof,0.2526011564304778
RFERF_LR_SMOTE,RFERF,supervised,LR,SMOTE,510,pred_anomaly,233,233,0.0,0.40238466609762796,0.12042601880318,1.200811847464507,-0.8987687347801827,-0.7482760282087443,-0.3057509209757152,0.12042601880318,0.6787813711750508,2.4842371584122094,5.290634276371113,train_oof,0.2526011564304778
RFERF_LR_SMOTE,RFERF,supervised,LR,SMOTE,510,pred_normal,1020,1020,0.0,-0.09282244106885382,-0.2881489351097313,0.9242216305113898,-1.0082824410923579,-0.8751787242258999,-0.5560913011684429,-0.2881489351097313,0.12082954050493239,1.1145746550901843,3.829641097479448,train_oof,0.2526011564304778
RFERF_LR_SMOTE,RFERF,supervised,LR,SMOTE,525,TP,45,45,0.0,-0.05130329277811806,-0.1913602385371192,0.6943089642022747,-0.9164560156894316,-0.8387636794231186,-0.4476397180961336,-0.1913602385371192,0.1083564409471519,1.2618733209622714,2.2405652796782163,train_oof,0.2526011564304778
RFERF_LR_SMOTE,RFERF,supervised,LR,SMOTE,525,FP,188,188,0.0,-0.04406188373738703,-0.1111065086752134,0.6388239896629345,-1.154006355480674,-0.9860105326697478,-0.4557754355821345,-0.1111065086752134,0.24832756320630095,1.1319120211858993,1.8061410857257387,train_oof,0.2526011564304778
RFERF_LR_SMOTE,RFERF,supervised,LR,SMOTE,525,TN,982,982,0.0,0.013087424657375491,-0.09556126977394819,1.0716186475736014,-1.1712495226510031,-0.9205622322823661,-0.4799198630405885,-0.09556126977394819,0.3214351730805032,1.1812167461010592,2.179359462583529,train_oof,0.2526011564304778
RFERF_LR_SMOTE,RFERF,supervised,LR,SMOTE,525,FN,38,38,0.0,-0.06128463033989033,-0.1208098186585168,0.5424688220557915,-1.0009753486439976,-0.7200067251274661,-0.3537680757576606,-0.1208098186585168,0.1697202433415621,0.8645192741460063,1.3746576602682017,train_oof,0.2526011564304778
RFERF_LR_SMOTE,RFERF,supervised,LR,SMOTE,525,pred_anomaly,233,233,0.0,-0.04546043913151963,-0.1162909486662923,0.6483624266543306,-1.1342487349146715,-0.9442670332415767,-0.4515630780893828,-0.1162909486662923,0.2451135607118313,1.1747607171121677,2.0051244464833453,train_oof,0.2526011564304778
RFERF_LR_SMOTE,RFERF,supervised,LR,SMOTE,525,pred_normal,1020,1020,0.0,0.010316701039830295,-0.09556126977394819,1.0566105737440086,-1.170264479052698,-0.9145721022926734,-0.47483175554934387,-0.09556126977394819,0.31550634559070484,1.1821170170995094,2.139471852552164,train_oof,0.2526011564304778
RFERF_LR_SMOTE,RFERF,supervised,LR,SMOTE,551,TP,45,45,0.0,0.4615787411685397,0.0222538159660552,2.5895895739191532,-0.5987212001541561,-0.5031393856646305,-0.239101224091355,0.0222538159660552,0.1305522021112305,0.6957283567284374,11.905334017471466,train_oof,0.2526011564304778
RFERF_LR_SMOTE,RFERF,supervised,LR,SMOTE,551,FP,188,188,0.0,0.0820937115550092,-0.07737785012772386,1.8580341071284483,-0.6230787205592908,-0.46122332751487294,-0.23580074707168905,-0.07737785012772386,0.08599576234574018,0.5127474409885469,0.782264394414467,train_oof,0.2526011564304778
RFERF_LR_SMOTE,RFERF,supervised,LR,SMOTE,551,TN,982,982,0.0,-0.04101780892545578,-0.0468810483364034,0.2877062253645584,-0.5955527422152769,-0.4371298452713116,-0.2126974079340274,-0.0468810483364034,0.0645426617179117,0.4209941798418334,0.6928874767219133,train_oof,0.2526011564304778
RFERF_LR_SMOTE,RFERF,supervised,LR,SMOTE,551,FN,38,38,0.0,-0.07489223061938291,-0.02556067663242845,0.32956710837410746,-0.6486244126915053,-0.5929123605995441,-0.2584426653499001,-0.02556067663242845,0.0513407536392479,0.4371665172381963,0.7907796251252066,train_oof,0.2526011564304778
RFERF_LR_SMOTE,RFERF,supervised,LR,SMOTE,551,pred_anomaly,233,233,0.0,0.15538481169496146,-0.067476419068726,2.019164700807926,-0.6198442530800181,-0.48201633273876837,-0.239101224091355,-0.067476419068726,0.0964069550761526,0.5899786032487275,4.8528747218493,train_oof,0.2526011564304778
RFERF_LR_SMOTE,RFERF,supervised,LR,SMOTE,551,pred_normal,1020,1020,0.0,-0.042279797184641296,-0.0453557494882241,0.2892629883846306,-0.6115930605308534,-0.450661801051942,-0.21547975069130967,-0.0453557494882241,0.0645426617179117,0.4209941798418334,0.6969800682262992,train_oof,0.2526011564304778
RFERF_LR_SMOTE,RFERF,supervised,LR,SMOTE,552,TP,45,45,0.0,0.12941931505443363,-0.0917687254317226,1.3053817383414172,-0.6748082045789534,-0.6536389287126779,-0.4469296534269298,-0.0917687254317226,0.1710924752287618,1.016529901652135,5.391691395112789,train_oof,0.2526011564304778
RFERF_LR_SMOTE,RFERF,supervised,LR,SMOTE,552,FP,188,188,0.0,-0.09045011541507499,-0.25776785482078685,0.6576115845551227,-0.8531151341110927,-0.7877016505448607,-0.5675685555992147,-0.25776785482078685,0.19539573043001476,1.1562253634984716,1.7846145413764667,train_oof,0.2526011564304778
RFERF_LR_SMOTE,RFERF,supervised,LR,SMOTE,552,TN,982,982,0.0,0.06187923297105387,-0.14160355920180107,0.9654333329649082,-0.8553331351633947,-0.7877016505448607,-0.5778338294567839,-0.14160355920180107,0.3883302365222728,1.378015184406295,3.9139095895678153,train_oof,0.2526011564304778
RFERF_LR_SMOTE,RFERF,supervised,LR,SMOTE,552,FN,38,38,0.0,-0.07282202850487098,-0.0950769466441827,0.5604416588864818,-0.8355430909641361,-0.7894388507361416,-0.45570339176673236,-0.0950769466441827,0.20127413511768247,1.11718222788635,1.3409616884860187,train_oof,0.2526011564304778
RFERF_LR_SMOTE,RFERF,supervised,LR,SMOTE,552,pred_anomaly,233,233,0.0,-0.047986062320105494,-0.2423260753427343,0.824205276544989,-0.8460575389905556,-0.7834902561417556,-0.5462483714334947,-0.2423260753427343,0.1896928005091431,1.1512243326447835,2.8715227943878996,train_oof,0.2526011564304778
RFERF_LR_SMOTE,RFERF,supervised,LR,SMOTE,552,pred_normal,1020,1020,0.0,0.05686095068077431,-0.13806881517955222,0.9536035999803314,-0.8564386261942099,-0.7877016505448607,-0.5778338294567839,-0.13806881517955222,0.37541436421745245,1.371828829578946,3.89217177545712,train_oof,0.2526011564304778
RFERF_LR_SMOTE,RFERF,supervised,LR,SMOTE,563,TP,45,45,0.0,-0.006331134840516772,0.0119510897918226,0.6395916682262657,-0.9210746379817368,-0.9210746379817368,-0.3828789780554907,0.0119510897918226,0.4533942781375998,0.8602701970418424,1.4599692009978167,train_oof,0.2526011564304778
RFERF_LR_SMOTE,RFERF,supervised,LR,SMOTE,563,FP,188,188,0.0,0.04801710700720653,-0.02374779379457975,0.8727088434795232,-1.120786627480523,-0.9210746379817368,-0.7333271519997736,-0.02374779379457975,0.4503014310433034,1.6017796174217664,2.8260422648223016,train_oof,0.2526011564304778
RFERF_LR_SMOTE,RFERF,supervised,LR,SMOTE,563,TN,982,982,0.0,0.04504069849770717,-0.02601385585824085,0.9508002053504321,-1.216502655615098,-0.9210746379817368,-0.9210746379817368,-0.02601385585824085,0.6676375504543941,1.731608970462435,2.5111729639657567,train_oof,0.2526011564304778
RFERF_LR_SMOTE,RFERF,supervised,LR,SMOTE,563,FN,38,38,0.0,-0.035141987522770875,-0.1452448943649783,0.7543195197378025,-1.0061012723168545,-0.9210746379817368,-0.6451458631041653,-0.1452448943649783,0.29648954343602535,1.3087941800911462,1.794801420871008,train_oof,0.2526011564304778
RFERF_LR_SMOTE,RFERF,supervised,LR,SMOTE,563,pred_anomaly,233,233,0.0,0.037520665448633354,-0.0160779359826796,0.8318284099316752,-1.0852160343260129,-0.9210746379817368,-0.6445248681119425,-0.0160779359826796,0.4533942781375998,1.5564469829895156,2.630884238599819,train_oof,0.2526011564304778
RFERF_LR_SMOTE,RFERF,supervised,LR,SMOTE,563,pred_normal,1020,1020,0.0,0.04205350039106192,-0.028822746449521597,0.9440338793983063,-1.2109965000173912,-0.9210746379817368,-0.9210746379817368,-0.028822746449521597,0.657701630578833,1.7278830005090997,2.491193485082648,train_oof,0.2526011564304778
RFERF_LR_SMOTE,RFERF,supervised,LR,SMOTE,571,TP,45,45,0.0,-0.193454524865399,0.3687776556054301,1.3979062926667927,-3.74809892986009,-3.6272431692834997,-0.7659721300730905,0.3687776556054301,0.8007170165109347,1.050427414717923,1.3653650194454905,train_oof,0.2526011564304778
RFERF_LR_SMOTE,RFERF,supervised,LR,SMOTE,571,FP,188,188,0.0,0.03524227493487104,0.1179037843724347,1.064740927786055,-3.6870165959946655,-1.6752444791644485,-0.3479399076815879,0.1179037843724347,0.7880824266191281,1.3814900284153202,1.8007984352822226,train_oof,0.2526011564304778
RFERF_LR_SMOTE,RFERF,supervised,LR,SMOTE,571,TN,982,982,0.0,-0.0009730649804397667,0.0222808450473944,0.9581049584056089,-3.698622239429096,-1.6069449766845672,-0.4405632681114517,0.0222808450473944,0.669826301085024,1.2826857175347885,1.8692942738352456,train_oof,0.2526011564304778
RFERF_LR_SMOTE,RFERF,supervised,LR,SMOTE,571,FN,38,38,0.0,0.07988041426259718,0.41077176013790884,1.189322645284274,-3.6870165959946655,-1.8302590806139962,-0.26286094265474647,0.41077176013790884,0.7970811633046591,1.3907614540913216,1.583283517216806,train_oof,0.2526011564304778
RFERF_LR_SMOTE,RFERF,supervised,LR,SMOTE,571,pred_anomaly,233,233,0.0,-0.008926634897799166,0.142264000854479,1.1369161761304807,-3.7285525830231543,-2.0553911111465624,-0.4383817561876867,0.142264000854479,0.7938088954190117,1.354530176890789,1.7069316130558163,train_oof,0.2526011564304778
RFERF_LR_SMOTE,RFERF,supervised,LR,SMOTE,571,pred_normal,1020,1020,0.0,0.0020391234619478787,0.0280982101774342,0.9671234552217454,-3.6870165959946655,-1.6069449766845672,-0.4405632681114517,0.0280982101774342,0.6735530506214567,1.2988289057706512,1.8692942738352456,train_oof,0.2526011564304778
RFERF_LR_SMOTE,RFERF,supervised,LR,SMOTE,582,TP,45,45,0.0,0.34368926248091786,0.4084103207323855,1.1457963809591323,-2.462001974091196,-1.3750885319090371,-0.2221195766660836,0.4084103207323855,1.068965451340353,2.227939453225192,2.390075712556222,train_oof,0.2526011564304778
RFERF_LR_SMOTE,RFERF,supervised,LR,SMOTE,582,FP,188,188,0.0,0.14776574308439386,0.1081579886378668,0.9968618534274747,-2.09539387660378,-1.4726705398397593,-0.4923466755511537,0.1081579886378668,0.9188392852930772,1.7385281519111222,2.301201022256253,train_oof,0.2526011564304778
RFERF_LR_SMOTE,RFERF,supervised,LR,SMOTE,582,TN,982,982,0.0,-0.049330132625893156,-0.0419681774093758,0.9855707851618665,-2.269540229218612,-1.661829509059307,-0.7025233080173101,-0.0419681774093758,0.58856171998911,1.5193439494821144,2.335730040447118,train_oof,0.2526011564304778
RFERF_LR_SMOTE,RFERF,supervised,LR,SMOTE,582,FN,38,38,0.0,0.1508254253039433,0.0781327554284183,1.07959188400556,-2.41636361961283,-1.348065822020535,-0.49985298385351595,0.0781327554284183,0.7537005026411019,1.6709713771898433,2.5113776547224154,train_oof,0.2526011564304778
RFERF_LR_SMOTE,RFERF,supervised,LR,SMOTE,582,pred_anomaly,233,233,0.0,0.18560504940561098,0.1682084550567972,1.027608759020368,-2.2554283696101662,-1.465164231537393,-0.4322962091322567,0.1682084550567972,0.9488645185025256,1.9817325409076878,2.390075712556222,train_oof,0.2526011564304778
RFERF_LR_SMOTE,RFERF,supervised,LR,SMOTE,582,pred_normal,1020,1020,0.0,-0.04187335693831103,-0.0419681774093758,0.9893862483502184,-2.28815587380847,-1.6633307707197795,-0.7025233080173101,-0.0419681774093758,0.6185869531985585,1.5208452111425854,2.360050479346773,train_oof,0.2526011564304778
RFERF_LR_SMOTE,RFERF,supervised,LR,SMOTE,586,TP,45,45,0.0,0.12799700824890659,0.1071251793737314,1.0408453810452047,-1.988186736232011,-1.3050188216282512,-0.5190296868815233,0.1071251793737314,0.609696848341765,1.8026866461544075,2.882309457655575,train_oof,0.2526011564304778
RFERF_LR_SMOTE,RFERF,supervised,LR,SMOTE,586,FP,188,188,0.0,0.028811997262999288,-0.10296625601454484,1.2126593818505205,-1.92417064003723,-1.392350947711221,-0.7435391619533087,-0.10296625601454484,0.54378580978858,1.7178261840171833,5.033151423242365,train_oof,0.2526011564304778
RFERF_LR_SMOTE,RFERF,supervised,LR,SMOTE,586,TN,982,982,0.0,-0.01407065246338894,-0.0782496165571006,0.961010441813542,-1.9297730783142508,-1.3593954284346286,-0.6590906438070409,-0.0782496165571006,0.4778747712353954,1.6630376332198464,2.70237232240538,train_oof,0.2526011564304778
RFERF_LR_SMOTE,RFERF,supervised,LR,SMOTE,586,FN,38,38,0.0,0.060293651980678944,-0.12768289547198897,0.7753522285531824,-1.320425526890058,-1.1558950969016708,-0.4860741676049311,-0.12768289547198897,0.5952788086582559,1.3050583050778632,1.624644453262618,train_oof,0.2526011564304778
RFERF_LR_SMOTE,RFERF,supervised,LR,SMOTE,586,pred_anomaly,233,233,0.0,0.04796790067229471,-0.0658912968283785,1.1799629155843137,-2.009937378954562,-1.392350947711221,-0.7085239227219294,-0.0658912968283785,0.54378580978858,1.7499578153118602,4.2226104266345965,train_oof,0.2526011564304778
RFERF_LR_SMOTE,RFERF,supervised,LR,SMOTE,586,pred_normal,1020,1020,0.0,-0.011300217591943272,-0.0823690564666746,0.9545302509263572,-1.9031614964984025,-1.3593954284346286,-0.6508517639878928,-0.0823690564666746,0.4778747712353954,1.640792657708147,2.70237232240538,train_oof,0.2526011564304778
