artifact_key,feature_set,category,model,balance_method,feature,group,n,non_null_n,missing_rate,mean,median,std,p01,p05,p25,p50,p75,p95,p99,group_source,threshold
Base_LR_SMOTE,Base,supervised,LR,SMOTE,0,TP,28,28,0.0,-0.2233689035679216,-0.31703542224334047,1.2035541643279708,-2.075955742081369,-1.6882207808187781,-1.0748380756510743,-0.31703542224334047,0.43429399287629344,2.2132599963945307,2.296763435622749,train_oof,0.12060301142481507
Base_LR_SMOTE,Base,supervised,LR,SMOTE,0,FP,185,185,0.0,-0.02178289241023937,0.0222423453516487,0.978876293085328,-1.957063042397677,-1.5440410764739743,-0.812338252906208,0.0222423453516487,0.6077701055559126,1.7341669552180474,2.690545869603562,train_oof,0.12060301142481507
Base_LR_SMOTE,Base,supervised,LR,SMOTE,0,TN,985,985,0.0,0.01303240715859409,-0.0354161895032002,0.9855998669743106,-2.278167694006935,-1.4853948722720716,-0.5732955771537986,-0.0354161895032002,0.5765383991761986,1.5732302391810544,2.8275489549225665,train_oof,0.12060301142481507
Base_LR_SMOTE,Base,supervised,LR,SMOTE,0,FN,55,55,0.0,-0.06597084490545178,-0.4009873167426543,1.1796297314262187,-1.83051857465096,-1.405126717499599,-0.8829432643372659,-0.4009873167426543,0.44547200744595195,2.579344978632103,3.206976816163477,train_oof,0.12060301142481507
Base_LR_SMOTE,Base,supervised,LR,SMOTE,0,pred_anomaly,213,213,0.0,-0.04828246195209429,-0.0504981673703276,1.0103415473301474,-2.0932332822132222,-1.5886997472203492,-0.8478409618677651,-0.0504981673703276,0.5677294563511536,1.9325016376122868,2.6760404770849844,train_oof,0.12060301142481507
Base_LR_SMOTE,Base,supervised,LR,SMOTE,0,pred_normal,1040,1040,0.0,0.008854350559053203,-0.05530304527489735,0.9963031442270545,-2.238871800877385,-1.488678205506862,-0.5888113287206416,-0.05530304527489735,0.5741025930162393,1.6204381645934711,2.9119012559139175,train_oof,0.12060301142481507
Base_LR_SMOTE,Base,supervised,LR,SMOTE,1,TP,28,28,0.0,0.13474582613943104,0.21322581210871033,0.9361140099706203,-1.7888092104258064,-1.472459092879548,-0.3673667018424364,0.21322581210871033,0.6232208188392715,1.1787389975336842,2.34610499405155,train_oof,0.12060301142481507
Base_LR_SMOTE,Base,supervised,LR,SMOTE,1,FP,185,185,0.0,0.0899048836256669,0.1080875737773103,1.131491790598538,-3.0434273382553325,-1.9298041263694332,-0.4621045748712682,0.1080875737773103,0.7395473289355542,1.7468573763734505,2.8839135567737797,train_oof,0.12060301142481507
Base_LR_SMOTE,Base,supervised,LR,SMOTE,1,TN,985,985,0.0,-0.020472877625257187,0.050223723184854,0.9798117558473652,-2.8724024705695883,-1.670488351492111,-0.552241074160178,0.050223723184854,0.5328006732239305,1.3981867054178372,2.556381470714343,train_oof,0.12060301142481507
Base_LR_SMOTE,Base,supervised,LR,SMOTE,1,FN,55,55,0.0,0.012925488076807209,-0.1340833564800235,0.8819143616231288,-2.127418631020231,-1.177410184123289,-0.48605693132566175,-0.1340833564800235,0.5009692521463778,1.430471960617681,1.9562211421903002,train_oof,0.12060301142481507
Base_LR_SMOTE,Base,supervised,LR,SMOTE,1,pred_anomaly,213,213,0.0,0.09579946761808658,0.1370825315905279,1.1059010019028783,-2.9357425862377298,-1.807420191390873,-0.4556752581387698,0.1370825315905279,0.7133258018696909,1.7464539682647453,2.7617414110522933,train_oof,0.12060301142481507
Base_LR_SMOTE,Base,supervised,LR,SMOTE,1,pred_normal,1040,1040,0.0,-0.018706617900628775,0.04518112182603275,0.9745206485967467,-2.8509298133333942,-1.6668954980239508,-0.5528083668130447,0.04518112182603275,0.5313194090747764,1.3993149874718738,2.5257085872989795,train_oof,0.12060301142481507
Base_LR_SMOTE,Base,supervised,LR,SMOTE,2,TP,28,28,0.0,-0.06072744791773983,-0.16419207534709795,1.1124739145562303,-1.4557955685121795,-1.26906904477997,-0.9821066555889413,-0.16419207534709795,0.7253313769383629,2.0684049399718263,2.6501441385087476,train_oof,0.12060301142481507
Base_LR_SMOTE,Base,supervised,LR,SMOTE,2,FP,185,185,0.0,0.07159481233932934,-0.0138436830044993,0.9787958842746619,-2.4670460282898814,-1.2142387350526165,-0.6527842289499698,-0.0138436830044993,0.7253313769383629,1.5546049903166628,2.5906811204334685,train_oof,0.12060301142481507
Base_LR_SMOTE,Base,supervised,LR,SMOTE,2,TN,985,985,0.0,-0.011386381786811483,0.0469720803673646,0.9990455617681193,-2.5553411916221265,-1.5259769594433232,-0.6516557586740609,0.0469720803673646,0.5777990923052455,1.5546049903166628,2.241971777173737,train_oof,0.12060301142481507
Base_LR_SMOTE,Base,supervised,LR,SMOTE,2,FN,55,55,0.0,0.0038642086776591532,-0.1290929332477285,1.0089770585518096,-1.6569109329254958,-1.1916784518991212,-0.7933716912713746,-0.1290929332477285,0.4711839911340725,1.4830522039214942,2.776386919150564,train_oof,0.12060301142481507
Base_LR_SMOTE,Base,supervised,LR,SMOTE,2,pred_anomaly,213,213,0.0,0.054200336812578485,-0.0277299489744123,0.9955575291356135,-2.3736000400923216,-1.2522303424310255,-0.6790600173801276,-0.0277299489744123,0.7253313769383629,1.580732793722628,2.696904365369324,train_oof,0.12060301142481507
Base_LR_SMOTE,Base,supervised,LR,SMOTE,2,pred_normal,1040,1040,0.0,-0.010579860175709683,0.0372111503461785,0.9990893598723407,-2.5553411916221265,-1.5156352388819343,-0.6519378762430381,0.0372111503461785,0.5777990923052455,1.5546049903166628,2.241971777173737,train_oof,0.12060301142481507
Base_LR_SMOTE,Base,supervised,LR,SMOTE,3,TP,28,28,0.0,-0.2580893959909992,-0.4646424718330525,0.6035195777208126,-1.0389839493066353,-0.998442544108122,-0.7857284422889714,-0.4646424718330525,0.3176404642867285,0.5706273867200082,0.8099225732815241,train_oof,0.12060301142481507
Base_LR_SMOTE,Base,supervised,LR,SMOTE,3,FP,185,185,0.0,-0.21656587504092245,-0.4444979613207083,0.7496712477038461,-1.1894485113443343,-1.1148849506058645,-0.8472321676140616,-0.4444979613207083,0.3176404642867285,1.1717027305856027,1.7930721309756363,train_oof,0.12060301142481507
Base_LR_SMOTE,Base,supervised,LR,SMOTE,3,TN,985,985,0.0,0.054021460720327895,-0.2357824497247368,1.048813380121625,-1.2009619320121359,-1.0496430749911294,-0.696480347185405,-0.2357824497247368,0.4923482251522423,1.8222185940644475,4.325533145435331,train_oof,0.12060301142481507
Base_LR_SMOTE,Base,supervised,LR,SMOTE,3,FN,55,55,0.0,-0.09683598705926809,-0.3113419201464962,0.8247157944187943,-1.1150100737767992,-1.0422491542773282,-0.7717392544345849,-0.3113419201464962,0.4650659781962261,1.6404361872430204,2.099546106682572,train_oof,0.12060301142481507
Base_LR_SMOTE,Base,supervised,LR,SMOTE,3,pred_anomaly,213,213,0.0,-0.222024366057834,-0.4492491928399245,0.731003395276576,-1.1832943553826103,-1.1148849506058645,-0.8315604371198312,-0.4492491928399245,0.3176404642867285,1.0638423526890675,1.761153864309048,train_oof,0.12060301142481507
Base_LR_SMOTE,Base,supervised,LR,SMOTE,3,pred_normal,1040,1040,0.0,0.04604342261659927,-0.2357824497247368,1.0383981514888474,-1.1987688831014511,-1.049829401935343,-0.7083550925656351,-0.2357824497247368,0.4923482251522423,1.8222185940644475,4.091680965702069,train_oof,0.12060301142481507
Base_LR_SMOTE,Base,supervised,LR,SMOTE,6,TP,28,28,0.0,0.12756791473907253,-0.0955974285363066,0.7607517549696166,-0.920113857749636,-0.6703589788369623,-0.2687706377793195,-0.0955974285363066,0.4231063731684943,1.2461383221171318,2.5947383198536786,train_oof,0.12060301142481507
Base_LR_SMOTE,Base,supervised,LR,SMOTE,6,FP,185,185,0.0,0.13173060473128814,0.1207014751956478,0.828258405007915,-2.2268212699166403,-1.3407191842070163,-0.2668401187714798,0.1207014751956478,0.5520391949389556,1.142584151688646,2.568179547896449,train_oof,0.12060301142481507
Base_LR_SMOTE,Base,supervised,LR,SMOTE,6,TN,985,985,0.0,-0.03403253567189414,0.0426083464600983,1.0413845021427346,-2.826514463517873,-2.128975135312755,-0.590666507994499,0.0426083464600983,0.5647854668819328,1.5545359064996704,2.568179547896449,train_oof,0.12060301142481507
Base_LR_SMOTE,Base,supervised,LR,SMOTE,6,FN,55,55,0.0,0.057613377044426844,0.1903455542148767,0.7884847890060792,-2.157800449669984,-1.3488903684259739,-0.29673489219413823,0.1903455542148767,0.49002026212642547,1.4682231286328349,1.5545359064996704,train_oof,0.12060301142481507
Base_LR_SMOTE,Base,supervised,LR,SMOTE,6,pred_anomaly,213,213,0.0,0.13118339665719408,0.1124462851286495,0.8179954041368063,-2.188803454087939,-1.1734958507011382,-0.2668401187714798,0.1124462851286495,0.5245757446182225,1.145815145844027,2.568179547896449,train_oof,0.12060301142481507
Base_LR_SMOTE,Base,supervised,LR,SMOTE,6,pred_normal,1040,1040,0.0,-0.029185876826319478,0.0697163874237414,1.0294694029407874,-2.8013820139305374,-2.1192603436360646,-0.5588896804763308,0.0697163874237414,0.5562516035690339,1.5545359064996704,2.568179547896449,train_oof,0.12060301142481507
Base_LR_SMOTE,Base,supervised,LR,SMOTE,7,TP,28,28,0.0,0.03485405224763188,0.0184623226317328,0.2756284511512271,-0.6307693827369134,-0.39530467039991274,-0.09975681823445245,0.0184623226317328,0.13668146349791674,0.3703381183863748,0.6643560757876846,train_oof,0.12060301142481507
Base_LR_SMOTE,Base,supervised,LR,SMOTE,7,FP,185,185,0.0,-0.027262328495038807,0.0184623226317328,0.7625864895096109,-0.5239549119307602,-0.357057301296148,-0.1345271537833297,0.0184623226317328,0.185359933266345,0.4579593639695481,0.560879557194224,train_oof,0.12060301142481507
Base_LR_SMOTE,Base,supervised,LR,SMOTE,7,TN,985,985,0.0,-0.01703262724667445,0.0601867252903854,1.157666984589112,-0.6769443883458228,-0.36818380867178757,-0.1345271537833297,0.0601867252903854,0.2549006043641006,0.4774307518769188,0.6582364967310825,train_oof,0.12060301142481507
Base_LR_SMOTE,Base,supervised,LR,SMOTE,7,FN,55,55,0.0,0.030600330677885753,0.0323704568512843,0.24879705378137604,-0.5809782622309271,-0.3000339509959882,-0.1345271537833297,0.0323704568512843,0.213176201705448,0.36477486469855486,0.4526742729661183,train_oof,0.12060301142481507
Base_LR_SMOTE,Base,supervised,LR,SMOTE,7,pred_anomaly,213,213,0.0,-0.019096794876284004,0.0184623226317328,0.717530069628875,-0.5239549119307602,-0.36818380867178835,-0.1345271537833297,0.0184623226317328,0.1714517990467954,0.44683285659390676,0.560879557194224,train_oof,0.12060301142481507
Base_LR_SMOTE,Base,supervised,LR,SMOTE,7,pred_normal,1040,1040,0.0,-0.014513576587202504,0.0601867252903854,1.1280868463252518,-0.6769443883458228,-0.357057301296148,-0.1345271537833297,0.0601867252903854,0.2549006043641006,0.4774307518769188,0.6582364967310825,train_oof,0.12060301142481507
Base_LR_SMOTE,Base,supervised,LR,SMOTE,8,TP,28,28,0.0,-0.10060573916072761,-0.15870737929187062,0.8558525279460452,-1.5239169248146247,-1.256523598142808,-0.7506571450243144,-0.15870737929187062,0.5429630524001335,1.2702349728160365,1.5446043665210865,train_oof,0.12060301142481507
Base_LR_SMOTE,Base,supervised,LR,SMOTE,8,FP,185,185,0.0,0.013975449269375629,0.0092600599548636,0.9082007115364462,-2.090549662808994,-1.4078974798833126,-0.6273907178351784,0.0092600599548636,0.7000938826632073,1.5545605010248236,1.8829639362746478,train_oof,0.12060301142481507
Base_LR_SMOTE,Base,supervised,LR,SMOTE,8,TN,985,985,0.0,-0.006653395759875553,-0.0124131580124575,1.0336537111488049,-2.351495207135533,-1.6568685712829077,-0.7398205360406537,-0.0124131580124575,0.7569860798274236,1.7035638745501525,2.1345358138303228,train_oof,0.12060301142481507
Base_LR_SMOTE,Base,supervised,LR,SMOTE,8,FN,55,55,0.0,0.10144512228631983,0.090534627332316,0.7192366673823437,-1.485054135846973,-1.1243846973483003,-0.3165154976164245,0.090534627332316,0.5504132210764008,1.2549282626266167,1.5588951446182895,train_oof,0.12060301142481507
Base_LR_SMOTE,Base,supervised,LR,SMOTE,8,pred_anomaly,213,213,0.0,-0.0010868665805909973,-0.0218951908731593,0.9003793475855824,-2.0135013729351696,-1.4030210058406647,-0.6639642731550339,-0.0218951908731593,0.6811298169418039,1.5513095183297245,1.8686596124162165,train_oof,0.12060301142481507
Base_LR_SMOTE,Base,supervised,LR,SMOTE,8,pred_normal,1040,1040,0.0,-0.0009366472093556053,-0.0029311251517528,1.0194867133301866,-2.340902421854005,-1.6339085059987777,-0.7208564703192503,-0.0029311251517528,0.7508904872741153,1.6971973667722526,2.120028303553445,train_oof,0.12060301142481507
Base_LR_SMOTE,Base,supervised,LR,SMOTE,9,TP,28,28,0.0,-0.13836250474947712,-0.02574082551546705,0.7622392030202931,-1.6777426700983376,-1.19190643992348,-0.7248452117039441,-0.025740825515467053,0.3461232096911696,1.1047258415127086,1.1529855296373033,train_oof,0.12060301142481507
Base_LR_SMOTE,Base,supervised,LR,SMOTE,9,FP,185,185,0.0,-0.05579369312952417,-0.1315154844186882,1.0634046125947119,-2.3112667677668175,-1.6956582529500708,-0.7992180187452717,-0.1315154844186882,0.5824634631780544,1.898035783286867,2.6215344501848987,train_oof,0.12060301142481507
Base_LR_SMOTE,Base,supervised,LR,SMOTE,9,TN,985,985,0.0,0.015589579021099581,-0.0191299093340158,1.0004247728413518,-2.290905145927948,-1.5634399293210441,-0.6339451142089886,-0.0191299093340158,0.615518044085311,1.6653315336997803,2.750315097399563,train_oof,0.12060301142481507
Base_LR_SMOTE,Base,supervised,LR,SMOTE,9,FN,55,55,0.0,-0.025620627039440968,-0.1513482329630422,0.8724484588872838,-2.05833311466449,-1.5198078825234653,-0.5281704553057676,-0.1513482329630422,0.4766888042748299,1.4048614361505987,1.664538223758007,train_oof,0.12060301142481507
Base_LR_SMOTE,Base,supervised,LR,SMOTE,9,pred_anomaly,213,213,0.0,-0.06664780921102033,-0.1116827358743342,1.0277416978917815,-2.249653028955691,-1.6903695200049096,-0.7992180187452717,-0.1116827358743342,0.5427979660893465,1.858370286198158,2.542467892654742,train_oof,0.12060301142481507
Base_LR_SMOTE,Base,supervised,LR,SMOTE,9,pred_normal,1040,1040,0.0,0.013410193123667152,-0.02904628360619275,0.9937376470834817,-2.2712046157072225,-1.5683981164571326,-0.6207232818460859,-0.02904628360619275,0.6039489407677712,1.6600428007546195,2.6834787348050804,train_oof,0.12060301142481507
Base_LR_SMOTE,Base,supervised,LR,SMOTE,10,TP,28,28,0.0,0.1764646279351259,0.40417692777714304,1.209022447798474,-2.6067576261339234,-1.8813456106372013,-0.6018413715248989,0.40417692777714304,0.8114390274945917,1.7770008268247004,2.800496334114619,train_oof,0.12060301142481507
Base_LR_SMOTE,Base,supervised,LR,SMOTE,10,FP,185,185,0.0,-0.05578796379563324,0.0751307280054296,0.9819323992201748,-2.630599990117382,-1.6057019908284378,-0.7339992714332101,0.0751307280054296,0.6037623276386742,1.4538882470488697,1.8457229347770232,train_oof,0.12060301142481507
Base_LR_SMOTE,Base,supervised,LR,SMOTE,10,TN,985,985,0.0,0.0009104952528946493,0.0319771280353688,0.9897986640235351,-2.337587046320669,-1.7071129507580807,-0.6045384715230278,0.0319771280353688,0.6253391276237045,1.5315647269949813,2.302719558459966,train_oof,0.12060301142481507
Base_LR_SMOTE,Base,supervised,LR,SMOTE,10,FN,55,55,0.0,0.08297683709089518,0.1830147279305815,1.124803315020909,-2.3229148223308482,-1.6466979107999955,-0.5991442715267701,0.1830147279305815,0.9004433274328421,1.5229340070009687,2.557325798283326,train_oof,0.12060301142481507
Base_LR_SMOTE,Base,supervised,LR,SMOTE,10,pred_anomaly,213,213,0.0,-0.025257106666707142,0.09670752799046,1.014493672299499,-2.816160469988643,-1.8042085506907175,-0.7016340714556645,0.09670752799046,0.6792811275862806,1.5164609670054576,2.0420718146407992,train_oof,0.12060301142481507
Base_LR_SMOTE,Base,supervised,LR,SMOTE,10,pred_normal,1040,1040,0.0,0.005250542177019671,0.042765528027884,0.9969621118158669,-2.357006166307196,-1.674747750780535,-0.6045384715230278,0.042765528027884,0.6361275276162197,1.5331829869938571,2.3256988504440232,train_oof,0.12060301142481507
Base_LR_SMOTE,Base,supervised,LR,SMOTE,11,TP,28,28,0.0,-0.11675803165240972,0.0674061244341239,0.8547668779023395,-1.645187796247333,-1.5604833453578,-0.7513777587073553,0.0674061244341239,0.6113263872302348,0.9907156096787703,1.2619401905435097,train_oof,0.12060301142481507
Base_LR_SMOTE,Base,supervised,LR,SMOTE,11,FP,185,185,0.0,-0.08987404081260475,-0.017762884686979,0.8295731638744899,-1.6914113402885085,-1.5058977531483695,-0.8462250643194871,-0.017762884686979,0.6713318254746456,1.0182019717133102,1.1934952777589174,train_oof,0.12060301142481507
Base_LR_SMOTE,Base,supervised,LR,SMOTE,11,TN,985,985,0.0,0.02764331103964198,0.1525751335552269,1.0455580809913227,-1.493509533639842,-1.217871649575196,-0.4203800187139935,0.1525751335552269,0.5319643560037537,1.07394895950166,1.2545072588383963,train_oof,0.12060301142481507
Base_LR_SMOTE,Base,supervised,LR,SMOTE,11,FN,55,55,0.0,-0.1188394938587933,-0.1416450797722096,0.6933642895495107,-1.3597167629477909,-1.1427680688047714,-0.629431222920327,-0.1416450797722096,0.43518139109341536,0.9609064564863825,1.1843589658713762,train_oof,0.12060301142481507
Base_LR_SMOTE,Base,supervised,LR,SMOTE,11,pred_anomaly,213,213,0.0,-0.09340808655680445,0.0441782128556405,0.8309228520048662,-1.6892434018745173,-1.5182859726568936,-0.8307397899338343,0.0441782128556405,0.6635891882818192,1.0228475540290058,1.2436675667684385,train_oof,0.12060301142481507
Base_LR_SMOTE,Base,supervised,LR,SMOTE,11,pred_normal,1040,1040,0.0,0.019896624242128576,0.1370898591695656,1.0302354434514749,-1.5141823749446923,-1.210516144242011,-0.4358652930996462,0.1370898591695656,0.5261573781091339,1.07394895950166,1.261475632311939,train_oof,0.12060301142481507
Base_LR_SMOTE,Base,supervised,LR,SMOTE,14,TP,28,28,0.0,-0.35457864230690717,-0.4478313602934021,1.2131773531772734,-2.2653947676622535,-1.7613432401588545,-1.4011468032561127,-0.4478313602934021,0.574238008241452,1.5435734322842203,1.8049226080496001,train_oof,0.12060301142481507
Base_LR_SMOTE,Base,supervised,LR,SMOTE,14,FP,185,185,0.0,-0.21930165349737518,-0.2855341253333597,1.0755556685520617,-2.19036122648164,-1.9605008965972333,-0.9362780520503756,-0.2855341253333597,0.5033143335388263,1.370765570911268,2.4473386759789695,train_oof,0.12060301142481507
Base_LR_SMOTE,Base,supervised,LR,SMOTE,14,TN,985,985,0.0,0.06741985615936637,0.0317555225141032,0.9742893105316079,-2.0959380838213306,-1.5448203581795195,-0.5872739044123694,0.0317555225141032,0.7034375283402692,1.6213788279790236,2.5319863755567495,train_oof,0.12060301142481507
Base_LR_SMOTE,Base,supervised,LR,SMOTE,14,FN,55,55,0.0,-0.27272866046509764,-0.2576890114921759,0.8898088441527516,-1.7643208592155857,-1.5310460674495103,-0.9528766328985618,-0.2576890114921759,0.31617347103476634,1.0448981815012999,1.7755604779413543,train_oof,0.12060301142481507
Base_LR_SMOTE,Base,supervised,LR,SMOTE,14,pred_anomaly,213,213,0.0,-0.237084544045107,-0.3146087636818162,1.0925098744606723,-2.213976776017804,-1.9489144362404602,-1.007952098327293,-0.3146087636818162,0.5516997391485718,1.4876499565703252,2.290716058244847,train_oof,0.12060301142481507
Base_LR_SMOTE,Base,supervised,LR,SMOTE,14,pred_normal,1040,1040,0.0,0.04943123268403412,0.01774255937974115,0.9725955647080302,-2.078449182579937,-1.5470913622694238,-0.6138804531249031,0.01774255937974115,0.6924712546099588,1.615113677364757,2.4659110052861695,train_oof,0.12060301142481507
Base_LR_SMOTE,Base,supervised,LR,SMOTE,15,TP,28,28,0.0,0.056728457589578715,0.0711676273552438,0.4355146942778296,-0.8040546298215053,-0.60752016944714,-0.18900745807294855,0.0711676273552438,0.2779589926957835,0.7892537383823007,0.9156586243876971,train_oof,0.12060301142481507
Base_LR_SMOTE,Base,supervised,LR,SMOTE,15,FP,185,185,0.0,0.06166977706087058,-0.0613518936303505,1.6525646326944443,-1.0928092802888048,-0.8144158955410915,-0.4013176969294322,-0.0613518936303505,0.3351710485846561,0.6805572216273258,0.8545668510001335,train_oof,0.12060301142481507
Base_LR_SMOTE,Base,supervised,LR,SMOTE,15,TN,985,985,0.0,-0.009965764188496793,-0.0660428030056968,0.8634222710675339,-0.9666929304684805,-0.7484034593848258,-0.3777939311856407,-0.0660428030056968,0.3018927471136972,0.7356352065994676,1.0570456679417293,train_oof,0.12060301142481507
Base_LR_SMOTE,Base,supervised,LR,SMOTE,15,FN,55,55,0.0,-0.057383474331738925,-0.0985330742978244,0.37944192625543716,-0.8900316508226385,-0.6280100190024258,-0.30604058868601647,-0.0985330742978244,0.2706617267492308,0.45440054709480676,0.6561001725744416,train_oof,0.12060301142481507
Base_LR_SMOTE,Base,supervised,LR,SMOTE,15,pred_anomaly,213,213,0.0,0.061020213937883906,-0.0232868412758089,1.5473962020821077,-1.084588208693419,-0.8143413521457958,-0.3949122894622998,-0.0232868412758089,0.3351710485846561,0.7203229283002388,0.8568133759531944,train_oof,0.12060301142481507
Base_LR_SMOTE,Base,supervised,LR,SMOTE,15,pred_normal,1040,1040,0.0,-0.012473431551841337,-0.06807411052748419,0.8447664207708118,-0.9516855346560074,-0.7404206604279738,-0.3724853765349927,-0.06807411052748419,0.3013057178757493,0.7310409374115934,1.0431724498886663,train_oof,0.12060301142481507
Base_LR_SMOTE,Base,supervised,LR,SMOTE,16,TP,28,28,0.0,0.13509665303797808,0.06776463188278364,0.8372505101358649,-1.16788602356827,-0.9846267430503283,-0.4683927490921742,0.06776463188278364,0.663472907017521,1.6107058745397795,1.8575206599745582,train_oof,0.12060301142481507
Base_LR_SMOTE,Base,supervised,LR,SMOTE,16,FP,185,185,0.0,0.18683571206287014,0.1995240997978128,0.9920332479037377,-2.24219212755218,-1.2796503443931975,-0.3905031695342368,0.1995240997978128,0.7967273764595739,1.6672567989686669,2.2774247288727767,train_oof,0.12060301142481507
Base_LR_SMOTE,Base,supervised,LR,SMOTE,16,TN,985,985,0.0,-0.05299137942029877,-0.0647921701799896,0.992713852784875,-2.527589912396387,-1.5410563447317267,-0.5934247101355944,-0.0647921701799896,0.4917470649467242,1.4922818202458057,1.8828400058362318,train_oof,0.12060301142481507
Base_LR_SMOTE,Base,supervised,LR,SMOTE,16,FN,55,55,0.0,0.24773019752131076,0.2348061358355729,1.1156614867975139,-1.8906275684572722,-1.491840894462105,-0.18628596094278793,0.2348061358355729,0.8516437658855817,1.729568462615019,3.4290662651819463,train_oof,0.12060301142481507
Base_LR_SMOTE,Base,supervised,LR,SMOTE,16,pred_anomaly,213,213,0.0,0.18003433341171063,0.1925474260050337,0.9714599539566379,-2.169746346887978,-1.2145878779371226,-0.4042571835828553,0.1925474260050337,0.7781893575244799,1.6767849420342318,2.1931544827975,train_oof,0.12060301142481507
Base_LR_SMOTE,Base,supervised,LR,SMOTE,16,pred_normal,1040,1040,0.0,-0.03708783448588673,-0.04166947989535605,1.0012685561662806,-2.514575425769803,-1.5481825186772065,-0.586996203569393,-0.04166947989535605,0.5039064106998509,1.5032551314541576,1.901475698204425,train_oof,0.12060301142481507
Base_LR_SMOTE,Base,supervised,LR,SMOTE,17,TP,28,28,0.0,-0.03017789416929651,-0.09552818760053565,0.5368751636207324,-1.2378622084941995,-0.9475326382103416,-0.312817913259411,-0.09552818760053565,0.26090320448902293,0.7671501442697031,0.7976469478709484,train_oof,0.12060301142481507
Base_LR_SMOTE,Base,supervised,LR,SMOTE,17,FP,185,185,0.0,-0.029527334941895283,0.0455195290552231,0.5539239500862624,-1.2704175463385317,-1.027967957708628,-0.3509389177609703,0.0455195290552231,0.434353774971106,0.7057753270221969,0.7719533908368944,train_oof,0.12060301142481507
Base_LR_SMOTE,Base,supervised,LR,SMOTE,17,TN,985,985,0.0,0.009759688880205132,0.1065131362577163,1.0904167338210944,-1.179232103570807,-0.9532507888855756,-0.1984548997547414,0.1065131362577163,0.4191053731704848,0.7469460118838744,0.8472804957319786,train_oof,0.12060301142481507
Base_LR_SMOTE,Base,supervised,LR,SMOTE,17,FN,55,55,0.0,-0.0419508485465312,-0.0230982790475807,0.54019724554992,-1.1979876377855698,-0.894544441953178,-0.34331471686065973,-0.0230982790475807,0.4114811722701742,0.7050129069321661,0.7428289433977068,train_oof,0.12060301142481507
Base_LR_SMOTE,Base,supervised,LR,SMOTE,17,pred_anomaly,213,213,0.0,-0.029612854464746152,0.0455195290552231,0.5504689009954373,-1.2783467152748533,-1.0355921586089385,-0.3433147168606598,0.0455195290552231,0.434353774971106,0.7088250073823215,0.8033650985461812,train_oof,0.12060301142481507
Base_LR_SMOTE,Base,supervised,LR,SMOTE,17,pred_normal,1040,1040,0.0,0.007024996997060432,0.1065131362577163,1.068348419808392,-1.1929556651913662,-0.9532507888855756,-0.21560935178044024,0.1065131362577163,0.4191053731704848,0.7469460118838744,0.8460606235879292,train_oof,0.12060301142481507
Base_LR_SMOTE,Base,supervised,LR,SMOTE,18,TP,28,28,0.0,0.2389923192219067,0.23435055269393995,0.809252805980105,-1.1371519228148772,-0.6666669556942388,-0.3496985518973925,0.23435055269393995,0.7625127882885478,1.4039915648520838,2.1407860182858847,train_oof,0.12060301142481507
Base_LR_SMOTE,Base,supervised,LR,SMOTE,18,FP,185,185,0.0,0.05067486741297906,-0.1098534662967586,0.8790763318813855,-1.977006363036603,-1.1352395951509644,-0.5209309815338284,-0.1098534662967586,0.7283841164066566,1.4210858218204292,2.08387098798501,train_oof,0.12060301142481507
Base_LR_SMOTE,Base,supervised,LR,SMOTE,18,TN,985,985,0.0,-0.011975939180012059,-0.1584377345428622,1.0202488070623301,-2.3164753794407305,-1.489130546763477,-0.6809710768572318,-0.1584377345428622,0.8324718904858832,1.567870902004166,2.245416110986796,train_oof,0.12060301142481507
Base_LR_SMOTE,Base,supervised,LR,SMOTE,18,FN,55,55,0.0,-0.07812289675891157,-0.1832347860033508,1.085877959831587,-2.689758148913323,-1.6463244043551335,-0.659091325568566,-0.1832347860033508,0.680155160360963,1.5603719445112145,2.28359384590204,train_oof,0.12060301142481507
Base_LR_SMOTE,Base,supervised,LR,SMOTE,18,pred_anomaly,213,213,0.0,0.07543021319067847,-0.1013259734868223,0.8707379051284619,-1.9309668781711469,-1.126098721279255,-0.5066810922330127,-0.1013259734868223,0.7358643732574851,1.4311766883121926,2.196757040172181,train_oof,0.12060301142481507
Base_LR_SMOTE,Base,supervised,LR,SMOTE,18,pred_normal,1040,1040,0.0,-0.015474095590434625,-0.16053220646109356,1.0233811831092061,-2.400785354406374,-1.5030456945702309,-0.6810271787836122,-0.16053220646109356,0.8285728066023916,1.5729051148647726,2.249303974485011,train_oof,0.12060301142481507
Base_LR_SMOTE,Base,supervised,LR,SMOTE,19,TP,28,28,0.0,0.13954982468869145,0.09788997567397831,0.29316290759723973,-0.26668099276308993,-0.18400833599223426,-0.11123496010076928,0.09788997567397831,0.33630816564330895,0.6256939907135193,0.7081617260648999,train_oof,0.12060301142481507
Base_LR_SMOTE,Base,supervised,LR,SMOTE,19,FP,185,185,0.0,0.08593264249010742,0.0508631371015174,0.3681263914936961,-0.8193698242807548,-0.4486196868871264,-0.1346170195027194,0.0508631371015174,0.3193627405711107,0.6987300863735528,0.9060475101405987,train_oof,0.12060301142481507
Base_LR_SMOTE,Base,supervised,LR,SMOTE,19,TN,985,985,0.0,-0.026159685262915296,0.0692535209008085,1.109343007569967,-1.883994396816867,-0.6800232590358741,-0.1430240520966783,0.0692535209008085,0.31463378473701,0.6356773419188514,0.8456429809529966,train_oof,0.12060301142481507
Base_LR_SMOTE,Base,supervised,LR,SMOTE,19,FN,55,55,0.0,0.11006090558361284,-0.000629937536488,0.32241467095277543,-0.5660028794802882,-0.2812146503598985,-0.121743750843225,-0.000629937536488,0.33092241038780656,0.6786057521017597,0.7989839500565221,train_oof,0.12060301142481507
Base_LR_SMOTE,Base,supervised,LR,SMOTE,19,pred_anomaly,213,213,0.0,0.09298091057255038,0.0618973673810921,0.35901824763265705,-0.7761366591663157,-0.43233106123632786,-0.1172775147776802,0.0618973673810921,0.3256680150165846,0.6987300863735528,0.8593044089181823,train_oof,0.12060301142481507
Base_LR_SMOTE,Base,supervised,LR,SMOTE,19,pred_normal,1040,1040,0.0,-0.018955711708531577,0.0661008836780716,1.0825110781174965,-1.878025403675156,-0.6800232590358741,-0.1430240520966783,0.0661008836780716,0.31463378473701,0.6388299791415882,0.8480074588700462,train_oof,0.12060301142481507
Base_LR_SMOTE,Base,supervised,LR,SMOTE,20,TP,28,28,0.0,0.346152490957841,0.5317821645138588,0.8284532350165353,-1.5334711593323753,-0.7038050829654147,-0.24297531151142385,0.5317821645138588,0.8365105224310354,1.60983060054161,1.7927826071250965,train_oof,0.12060301142481507
Base_LR_SMOTE,Base,supervised,LR,SMOTE,20,FP,185,185,0.0,-0.1719833939619736,-0.1380452637380482,1.4105244846626728,-3.9946413648045858,-1.3144117171315408,-0.5002695382433717,-0.1380452637380482,0.4196651271669784,1.1832108994575603,1.718612874726392,train_oof,0.12060301142481507
Base_LR_SMOTE,Base,supervised,LR,SMOTE,20,TN,985,985,0.0,0.02736786156904544,0.0976879942733533,0.9134976227678492,-2.5291854428059057,-1.3914562453596515,-0.4830207632669296,0.0976879942733533,0.5921528769314127,1.326950690927925,1.9996529150092448,train_oof,0.12060301142481507
Base_LR_SMOTE,Base,supervised,LR,SMOTE,20,FN,55,55,0.0,-0.08786700926112379,-0.0862989388087218,0.830781881482771,-1.9857340392147398,-1.4156045303266744,-0.44564841748463824,-0.0862989388087218,0.34779523143179003,1.146988472007027,1.6704312966255197,train_oof,0.12060301142481507
Base_LR_SMOTE,Base,supervised,LR,SMOTE,20,pred_anomaly,213,213,0.0,-0.10387163444199803,-0.0805493471499077,1.3583121045681834,-3.0133010604780948,-1.2753144938516001,-0.4772711716081155,-0.0805493471499077,0.5461561436609004,1.2809539576574125,1.823485426583168,train_oof,0.12060301142481507
Base_LR_SMOTE,Base,supervised,LR,SMOTE,20,pred_normal,1040,1040,0.0,0.0212737097462961,0.0833140151263182,0.9093084586816758,-2.4767491668775095,-1.392031204525533,-0.4830207632669296,0.0833140151263182,0.5864032852725987,1.322638497183814,1.9928109009352564,train_oof,0.12060301142481507
Base_LR_SMOTE,Base,supervised,LR,SMOTE,21,TP,28,28,0.0,0.763548306741075,0.316897958511984,1.9470044941425302,-1.3597457017856336,-1.2310467870148476,0.049769514402404,0.316897958511984,0.615580888452153,5.843883088829729,6.6613375430677,train_oof,0.12060301142481507
Base_LR_SMOTE,Base,supervised,LR,SMOTE,21,FP,185,185,0.0,0.26846608688173673,0.2545778489965707,1.2744014386072184,-1.4916631741111397,-1.3143900727148907,-0.0487396460499659,0.2545778489965707,0.4762481119564584,1.1077322596411183,6.533163221623846,train_oof,0.12060301142481507
Base_LR_SMOTE,Base,supervised,LR,SMOTE,21,TN,985,985,0.0,-0.08518027193264698,0.118893559925038,0.8536267075848393,-1.5864212950603984,-1.3632995257523037,-0.8943998663097511,0.118893559925038,0.3851345341206327,0.8221641628742904,1.6893445424705356,train_oof,0.12060301142481507
Base_LR_SMOTE,Base,supervised,LR,SMOTE,21,FN,55,55,0.0,0.23574555813495102,0.2391950371541586,1.3189801162396468,-1.8004238179634529,-1.1981906786437466,-0.1388671462035858,0.2391950371541586,0.44706021256316364,1.2989524437744882,5.606636742801722,train_oof,0.12060301142481507
Base_LR_SMOTE,Base,supervised,LR,SMOTE,21,pred_anomaly,213,213,0.0,0.333547317661368,0.2557611422152178,1.3858233368804012,-1.4804613316412807,-1.313443438139973,-0.0380900070821422,0.2557611422152178,0.4900531995073411,1.439527678149762,6.687843311165394,train_oof,0.12060301142481507
Base_LR_SMOTE,Base,supervised,LR,SMOTE,21,pred_normal,1040,1040,0.0,-0.06820823284253362,0.1338819406945678,0.8863899949197852,-1.5869537770087896,-1.3610315470832302,-0.8672827300490887,0.1338819406945678,0.39055796137276516,0.8302697214220227,1.8843591535250184,train_oof,0.12060301142481507
Base_LR_SMOTE,Base,supervised,LR,SMOTE,22,TP,28,28,0.0,-0.6562382748208435,-0.22879797971612476,2.05025491979744,-6.978794495844106,-5.993526357359242,-0.510582518794367,-0.22879797971612476,0.06767376541980698,1.3088685676322043,1.4109068826318552,train_oof,0.12060301142481507
Base_LR_SMOTE,Base,supervised,LR,SMOTE,22,FP,185,185,0.0,-0.1369252527733299,-0.144451453499108,1.3726790036519767,-6.736405239757175,-1.192362623992312,-0.4574987597572893,-0.144451453499108,0.3012003417370695,1.4162530256368537,2.922069317562936,train_oof,0.12060301142481507
Base_LR_SMOTE,Base,supervised,LR,SMOTE,22,TN,985,985,0.0,0.05343196832319987,-0.1100414278782356,0.8290951766605038,-1.5682543867990528,-0.8910650825802825,-0.407142624702354,-0.1100414278782356,0.6024978831490992,1.3329975490126942,1.938949707507071,train_oof,0.12060301142481507
Base_LR_SMOTE,Base,supervised,LR,SMOTE,22,FN,55,55,0.0,-0.1602449685845196,-0.1637546386034999,1.330994716533735,-5.379173116999855,-1.3178333271708593,-0.44952570504025785,-0.1637546386034999,0.20090770608599,1.4931300584873881,2.134197228493419,train_oof,0.12060301142481507
Base_LR_SMOTE,Base,supervised,LR,SMOTE,22,pred_anomaly,213,213,0.0,-0.20519175332417672,-0.1671117142738289,1.4838054240685945,-7.001077085605916,-1.592526043895531,-0.4608558354276184,-0.1671117142738289,0.25671908910521,1.407188921326965,2.8547599503728383,train_oof,0.12060301142481507
Base_LR_SMOTE,Base,supervised,LR,SMOTE,22,pred_normal,1040,1040,0.0,0.0421317456982724,-0.1133985035485646,0.8633497577029465,-1.658568115020079,-0.9192645182110463,-0.407142624702354,-0.1133985035485646,0.5802572568331694,1.3404250789332972,2.148003202187621,train_oof,0.12060301142481507
Base_LR_SMOTE,Base,supervised,LR,SMOTE,23,TP,28,28,0.0,0.03625691226981002,0.19182227935833684,1.2038590438979226,-2.298109793513687,-1.7285583482171052,-0.7362320497369216,0.19182227935833684,0.5599565846217099,2.0730306316623817,2.637738903509855,train_oof,0.12060301142481507
Base_LR_SMOTE,Base,supervised,LR,SMOTE,23,FP,185,185,0.0,0.03874941610341174,-0.0363618493054089,0.8859012959267868,-1.6969165437274247,-1.375332770586617,-0.4134837671112029,-0.0363618493054089,0.308153802922877,2.030839557247529,2.5209798078935157,train_oof,0.12060301142481507
Base_LR_SMOTE,Base,supervised,LR,SMOTE,23,TN,985,985,0.0,-0.009706146766886381,0.0007232989063722,1.0176229071869494,-2.8819930376296155,-1.7221535353007762,-0.3993304979868999,0.0007232989063722,0.3147825492216011,1.553211513128646,3.400899892032124,train_oof,0.12060301142481507
Base_LR_SMOTE,Base,supervised,LR,SMOTE,23,FN,55,55,0.0,0.03404727106077765,-0.0164756104092363,0.9550036407035675,-2.889780352623324,-1.0439133783471577,-0.33734276232856036,-0.0164756104092363,0.3970446816607297,1.619230243157832,2.097413668723364,train_oof,0.12060301142481507
Base_LR_SMOTE,Base,supervised,LR,SMOTE,23,pred_anomaly,213,213,0.0,0.03842176301730447,-0.0188046293790583,0.9304535887836574,-1.915464517643307,-1.4036034777741486,-0.4423277712759215,-0.0188046293790583,0.3341313222016609,2.0404781126764844,2.715628464072916,train_oof,0.12060301142481507
Base_LR_SMOTE,Base,supervised,LR,SMOTE,23,pred_normal,1040,1040,0.0,-0.007392264093307982,0.0007232989063722,1.0140195918864827,-2.882127414857962,-1.7156591733966107,-0.39476203769994134,0.0007232989063722,0.3169772017123949,1.5798339915067663,3.3671500222439708,train_oof,0.12060301142481507
Base_LR_SMOTE,Base,supervised,LR,SMOTE,24,TP,28,28,0.0,-0.04810809085177714,0.1098744440434971,0.7001545153906731,-2.1758171948682357,-1.4955516751648257,-0.22440966497262377,0.1098744440434971,0.25091975757480706,0.7179396691166654,0.8599458414394723,train_oof,0.12060301142481507
Base_LR_SMOTE,Base,supervised,LR,SMOTE,24,FP,185,185,0.0,-0.14618653847113056,-0.0010110719791756,0.944511945862915,-2.891001294912754,-1.894375973777521,-0.4360982740018018,-0.0010110719791756,0.2328504128235029,1.0390102288455592,2.477150699550402,train_oof,0.12060301142481507
Base_LR_SMOTE,Base,supervised,LR,SMOTE,24,TN,985,985,0.0,0.03359952844897246,0.0919642391691288,1.0272018899241462,-2.6177446508595126,-1.830930688818761,-0.4180894177968233,0.0919642391691288,0.5942112176126021,1.6284099457783154,3.2613650958802585,train_oof,0.12060301142481507
Base_LR_SMOTE,Base,supervised,LR,SMOTE,24,FN,55,55,0.0,-0.08030230508623916,0.1336748807651001,0.757107001491575,-1.9010293752944678,-1.5102659489413555,-0.5447432515764374,0.1336748807651001,0.44282691228389776,0.6858196481200863,1.4661228191697553,train_oof,0.12060301142481507
Base_LR_SMOTE,Base,supervised,LR,SMOTE,24,pred_anomaly,213,213,0.0,-0.13329359700004184,0.0063446580200409,0.9153221300927958,-2.7423174725285895,-1.923731254877843,-0.4096345557287583,0.0063446580200409,0.2387688162711484,0.9484868479886598,2.3579844929710423,train_oof,0.12060301142481507
Base_LR_SMOTE,Base,supervised,LR,SMOTE,24,pred_normal,1040,1040,0.0,0.027575873790860315,0.0923728795626025,1.0147566791438245,-2.600478981426845,-1.8149200090586937,-0.42952461874388126,0.0923728795626025,0.5930909483885834,1.62063570010673,3.2317603963489216,train_oof,0.12060301142481507
Base_LR_SMOTE,Base,supervised,LR,SMOTE,25,TP,28,28,0.0,-0.31235832578209693,0.4359826712857007,1.7928455266723002,-5.494691830298992,-5.0295632620705195,0.02082229205585087,0.4359826712857007,0.523526960178384,0.7501865717095219,0.846611757966599,train_oof,0.12060301142481507
Base_LR_SMOTE,Base,supervised,LR,SMOTE,25,FP,185,185,0.0,-0.00022646846915475087,0.4562176273058397,1.2356233277819475,-5.451445232627062,-1.6858773002705127,0.2735409410129208,0.4562176273058397,0.5759411170916598,0.7799769236280591,0.8566449236599181,train_oof,0.12060301142481507
Base_LR_SMOTE,Base,supervised,LR,SMOTE,25,TN,985,985,0.0,0.014495270958716276,0.4382309997323825,0.8933206659709477,-3.167076080944667,-1.3165893529029808,-0.7157235755271956,0.4382309997323825,0.5573924074065335,0.7067938326885574,0.839625077318534,train_oof,0.12060301142481507
Base_LR_SMOTE,Base,supervised,LR,SMOTE,25,FN,55,55,0.0,-0.11172035800081181,0.4314860143923371,1.3322155313566268,-4.839112980173198,-3.0945112803280037,0.26679595567287406,0.4314860143923371,0.5829671434875419,0.7513669441440298,0.9236900779399777,train_oof,0.12060301142481507
Base_LR_SMOTE,Base,supervised,LR,SMOTE,25,pred_anomaly,213,213,0.0,-0.041257886331888934,0.4562176273058397,1.3212345268227579,-5.499919193937528,-2.246385582028354,0.2684822020078855,0.4562176273058397,0.5714444601982962,0.7743561025113535,0.8627154104659599,train_oof,0.12060301142481507
Base_LR_SMOTE,Base,supervised,LR,SMOTE,25,pred_normal,1040,1040,0.0,0.007820405965664304,0.4382309997323825,0.921313454616055,-3.3385448499308765,-1.3228284643425243,-0.7102432749384076,0.4382309997323825,0.5607649000765562,0.7108408238925847,0.8453302107519899,train_oof,0.12060301142481507
Base_LR_SMOTE,Base,supervised,LR,SMOTE,26,TP,28,28,0.0,-0.5804672569693929,0.24342093866320563,2.2963569486156024,-7.749112802567477,-6.933763400227758,0.011261713822991681,0.24342093866320563,0.32834778204851733,0.3751415679016122,0.3854827360459425,train_oof,0.12060301142481507
Base_LR_SMOTE,Base,supervised,LR,SMOTE,26,FP,185,185,0.0,-0.09089086052598111,0.2726347386709388,1.4103076021998386,-7.746548192867682,-0.830974725691985,0.1449213120884594,0.2726347386709388,0.3476082077173329,0.44191966119362436,0.49879608598744063,train_oof,0.12060301142481507
Base_LR_SMOTE,Base,supervised,LR,SMOTE,26,TN,985,985,0.0,0.04696525300678291,0.2457477014956797,0.7704343904988823,-5.413973623896264,-0.4021264827466103,-0.1787572508290771,0.2457477014956797,0.331062338686404,0.429303436057542,0.4936255019152759,train_oof,0.12060301142481507
Base_LR_SMOTE,Base,supervised,LR,SMOTE,26,FN,55,55,0.0,-0.24791146252879795,0.2571229864544428,1.628791722080457,-7.083400103276216,-3.773812650364764,0.05547020764000285,0.2571229864544428,0.3326135139080534,0.4680828165987807,0.5324462471290908,train_oof,0.12060301142481507
Base_LR_SMOTE,Base,supervised,LR,SMOTE,26,pred_anomaly,213,213,0.0,-0.15524832109131226,0.2710835634492883,1.5573575796021821,-7.753331999170363,-1.7832929001033542,0.1345801439441292,0.2710835634492883,0.3424376236451683,0.43602519535135503,0.49705876973919316,train_oof,0.12060301142481507
Base_LR_SMOTE,Base,supervised,LR,SMOTE,26,pred_normal,1040,1040,0.0,0.03137081131980507,0.24626475990289615,0.8392796067801801,-5.414604435153068,-0.4409058632878487,-0.17643048799660216,0.24626475990289615,0.33132086789001225,0.43152678720857257,0.5032944941302243,train_oof,0.12060301142481507
Base_LR_SMOTE,Base,supervised,LR,SMOTE,28,TP,28,28,0.0,-0.6361758206132342,-0.5141811932147193,0.834361048568888,-2.2513513703372694,-1.937297240076848,-1.1221467978700277,-0.5141811932147193,-0.1908159491501914,0.5178411275088841,0.7943446108352316,train_oof,0.12060301142481507
Base_LR_SMOTE,Base,supervised,LR,SMOTE,28,FP,185,185,0.0,-0.2833470752415774,-0.3979563740609511,1.0053155116610106,-2.524300171333161,-1.9107485432320066,-0.8672629955962079,-0.3979563740609511,0.2752572892933665,1.494813654582176,1.8513631775407857,train_oof,0.12060301142481507
Base_LR_SMOTE,Base,supervised,LR,SMOTE,28,TN,985,985,0.0,0.08824623041678867,-0.0160384847338562,0.9854916163149178,-2.2998043442058616,-1.5916223709542228,-0.5533044103496683,-0.0160384847338562,0.8513820711644043,1.6890205471261273,2.156780970692848,train_oof,0.12060301142481507
Base_LR_SMOTE,Base,supervised,LR,SMOTE,28,FN,55,55,0.0,-0.3125108494798844,-0.3299970699804001,0.9870312254545794,-2.4702945174200623,-1.9738606856327447,-0.888294550480974,-0.3299970699804001,0.29467215263227975,1.4792875898265274,1.7784617493580903,train_oof,0.12060301142481507
Base_LR_SMOTE,Base,supervised,LR,SMOTE,28,pred_anomaly,213,213,0.0,-0.32972831876461206,-0.4076565233360568,0.9900091492459285,-2.49154687450154,-1.9288904440384216,-0.9255221504016532,-0.4076565233360568,0.2137647513962193,1.4792701120800842,1.8432068958680239,train_oof,0.12060301142481507
Base_LR_SMOTE,Base,supervised,LR,SMOTE,28,pred_normal,1040,1040,0.0,0.06705234638379151,-0.02412194246311505,0.989175912279325,-2.355826638762551,-1.6189750441353794,-0.5630336892021776,-0.02412194246311505,0.841652792311895,1.683338823053726,2.1443857529164396,train_oof,0.12060301142481507
Base_LR_SMOTE,Base,supervised,LR,SMOTE,29,TP,28,28,0.0,0.064294276043065,0.35852489082440786,1.0159784538405006,-2.327333634171178,-1.4138894259815258,-0.5490163949584449,0.35852489082440786,0.8323563404300283,1.3903470785623808,1.6100813830997356,train_oof,0.12060301142481507
Base_LR_SMOTE,Base,supervised,LR,SMOTE,29,FP,185,185,0.0,0.14522582296296788,0.1316095382309192,0.9437831291223308,-2.0082322678734563,-1.224308796302837,-0.5891380083868331,0.1316095382309192,0.7723541071740999,1.8453550047421663,2.222382851361558,train_oof,0.12060301142481507
Base_LR_SMOTE,Base,supervised,LR,SMOTE,29,TN,985,985,0.0,-0.03257236254821936,-0.0017287578933655,1.0152956955799357,-2.457796147584457,-1.7370486009667052,-0.6958086452862603,-0.0017287578933655,0.6654432210924673,1.519769313016709,2.1338462227350328,train_oof,0.12060301142481507
Base_LR_SMOTE,Base,supervised,LR,SMOTE,29,FN,55,55,0.0,0.06419124953698947,-0.0017287578933655,0.8673950573798601,-1.5090665420042224,-1.2670491258172694,-0.5090149061211591,-0.0017287578933655,0.6121079026427537,1.8747615046441723,1.9816003159711437,train_oof,0.12060301142481507
Base_LR_SMOTE,Base,supervised,LR,SMOTE,29,pred_anomaly,213,213,0.0,0.13458693416598533,0.1316095382309192,0.9514703427144793,-2.027432982515353,-1.3312196823844697,-0.5891380083868331,0.1316095382309192,0.8256894256238141,1.7600184952226263,2.213849200409604,train_oof,0.12060301142481507
Base_LR_SMOTE,Base,supervised,LR,SMOTE,29,pred_normal,1040,1040,0.0,-0.027455056139866967,-0.0017287578933655,1.0078842663371241,-2.4369016762080085,-1.7370486009667052,-0.6958086452862603,-0.0017287578933655,0.6654432210924673,1.5464369722415654,2.102551364260882,train_oof,0.12060301142481507
Base_LR_SMOTE,Base,supervised,LR,SMOTE,30,TP,28,28,0.0,0.285412689114883,0.3845439786930389,1.0649208860297577,-2.0025568274562637,-1.1508179483506613,-0.3886868472067531,0.3845439786930389,0.8442825783793364,1.7415603282401617,2.736695651489355,train_oof,0.12060301142481507
Base_LR_SMOTE,Base,supervised,LR,SMOTE,30,FP,185,185,0.0,0.23265044795765538,0.2435474750372088,0.9663299847887733,-1.9508381099450613,-1.2966143329820086,-0.437435638364354,0.2435474750372088,0.8975312579514856,1.7603098633007757,2.3042563748513127,train_oof,0.12060301142481507
Base_LR_SMOTE,Base,supervised,LR,SMOTE,30,TN,985,985,0.0,-0.057544551054572776,0.0335526823583125,1.0015978222213147,-2.483864892276294,-1.7214037993153188,-0.6894293895790291,0.0335526823583125,0.6155382506398246,1.4249181801364832,2.144900326464127,train_oof,0.12060301142481507
Base_LR_SMOTE,Base,supervised,LR,SMOTE,30,FN,55,55,0.0,0.1031509565033183,0.0785515665037903,0.9257112398968925,-1.6822247708526559,-1.3479130609078536,-0.510933815801968,0.0785515665037903,0.8345328201478166,1.2563223608714278,2.025743281246904,train_oof,0.12060301142481507
Base_LR_SMOTE,Base,supervised,LR,SMOTE,30,pred_anomaly,213,213,0.0,0.23958632942433314,0.2855464335729884,0.9773502303670005,-2.1193139321857295,-1.2870145710309733,-0.437435638364354,0.2855464335729884,0.8885314811223893,1.7939090301294016,2.3301757321191086,train_oof,0.12060301142481507
Base_LR_SMOTE,Base,supervised,LR,SMOTE,30,pred_normal,1040,1040,0.0,-0.04904623094333816,0.0335526823583125,0.997960872730129,-2.458515520874341,-1.7185538699861047,-0.6864294639693309,0.0335526823583125,0.6215381018592218,1.4114185148928398,2.1516501590859476,train_oof,0.12060301142481507
Base_LR_SMOTE,Base,supervised,LR,SMOTE,31,TP,28,28,0.0,-0.1842013299717274,-0.42210975833819825,0.7233116548637174,-0.774486776755045,-0.7058978975497758,-0.5139424501849666,-0.42210975833819825,-0.3056208726318624,1.7624476260677127,1.7803601183010862,train_oof,0.12060301142481507
Base_LR_SMOTE,Base,supervised,LR,SMOTE,31,FP,185,185,0.0,-0.16780167598270185,-0.4714221460573344,0.8540961162747098,-0.8581801333609261,-0.786723692288669,-0.591446636920891,-0.4714221460573344,-0.3540028379412037,1.8617795225374278,1.9200165220113172,train_oof,0.12060301142481507
Base_LR_SMOTE,Base,supervised,LR,SMOTE,31,TN,985,985,0.0,0.04728560808867742,-0.4513250220057618,1.0337057686458802,-0.8685264305578464,-0.7458967569468637,-0.577490300773966,-0.4513250220057618,-0.1098599976109914,1.8746937855853827,1.951137290774142,train_oof,0.12060301142481507
Base_LR_SMOTE,Base,supervised,LR,SMOTE,31,FN,55,55,0.0,-0.1805619506927604,-0.4745855822506375,0.8844520825911745,-1.6764233740517753,-0.680729971364821,-0.5500428396850134,-0.4745855822506375,-0.2825463968689461,1.805023755539932,1.8641837340443386,train_oof,0.12060301142481507
Base_LR_SMOTE,Base,supervised,LR,SMOTE,31,pred_anomaly,213,213,0.0,-0.16995749904229207,-0.4595127392119579,0.8365380880776283,-0.8448713712112182,-0.779801349559794,-0.5815841593770644,-0.4595127392119579,-0.3370691500829342,1.8588766046188676,1.9183640918115212,train_oof,0.12060301142481507
Base_LR_SMOTE,Base,supervised,LR,SMOTE,31,pred_normal,1040,1040,0.0,0.035235977576197536,-0.45262761337947466,1.027249964778268,-0.8769002322460017,-0.7458967569468637,-0.5753038081109478,-0.45262761337947466,-0.19169064855246312,1.8736610167105103,1.9487349401120508,train_oof,0.12060301142481507
Base_LR_SMOTE,Base,supervised,LR,SMOTE,32,TP,28,28,0.0,0.4883932140920381,-0.0734437598648058,2.207794180583255,-0.8132673329919285,-0.6865285912034755,-0.2891163929333202,-0.0734437598648058,0.1796083056193929,5.405224277460963,8.327765314746422,train_oof,0.12060301142481507
Base_LR_SMOTE,Base,supervised,LR,SMOTE,32,FP,185,185,0.0,0.04997632031581595,-0.0413223038758783,1.0843939313021063,-0.9653170173030879,-0.7849531299338341,-0.3924595296119836,-0.0413223038758783,0.2037949971824857,0.7518960198649851,7.050967075053678,train_oof,0.12060301142481507
Base_LR_SMOTE,Base,supervised,LR,SMOTE,32,TN,985,985,0.0,-0.027425972452449092,-0.1222951408479649,0.9158252195316188,-0.9531185119930076,-0.8142448386094525,-0.4223343956731143,-0.1222951408479649,0.1957168333995527,0.7288756430729186,3.3446366997540915,train_oof,0.12060301142481507
Base_LR_SMOTE,Base,supervised,LR,SMOTE,32,FN,55,55,0.0,0.07152864472158485,-0.0860629032890252,1.1431866755008293,-0.768176361149616,-0.6242454704392311,-0.3321362000613499,-0.0860629032890252,0.10621173468040584,0.7411410680829766,4.055156614259207,train_oof,0.12060301142481507
Base_LR_SMOTE,Base,supervised,LR,SMOTE,32,pred_anomaly,213,213,0.0,0.10760858804226771,-0.0413223038758783,1.2897444768919368,-0.9467993803237572,-0.7833470571343888,-0.3347651882747284,-0.0413223038758783,0.2015006074689894,0.75593032177788,7.908690253598023,train_oof,0.12060301142481507
Base_LR_SMOTE,Base,supervised,LR,SMOTE,32,pred_normal,1040,1040,0.0,-0.022192795582668456,-0.11875795670633185,0.9288434603255349,-0.9508088263480888,-0.8097946785609872,-0.4179248654424928,-0.11875795670633185,0.1897657600801766,0.7288756430729186,3.730373800367498,train_oof,0.12060301142481507
Base_LR_SMOTE,Base,supervised,LR,SMOTE,33,TP,28,28,0.0,0.6456518785610807,-0.0955486913520491,2.557999763050007,-0.29611851689836916,-0.2795316199956243,-0.2343263613764449,-0.0955486913520491,0.15270914058048013,6.420823736486716,9.694536443573806,train_oof,0.12060301142481507
Base_LR_SMOTE,Base,supervised,LR,SMOTE,33,FP,185,185,0.0,0.09939127542768965,-0.1130356944613504,1.221281274811657,-0.513203393520705,-0.4561198508127465,-0.2202622018990022,-0.1130356944613504,0.0944360749865982,0.5166997547189459,8.71161368810617,train_oof,0.12060301142481507
Base_LR_SMOTE,Base,supervised,LR,SMOTE,33,TN,985,985,0.0,-0.04586295608328556,-0.1528220154891013,0.8354200476403195,-0.5931691542507574,-0.4796798596530291,-0.2834323061543078,-0.1528220154891013,0.0138467467038114,0.4893847847458902,3.088305898013492,train_oof,0.12060301142481507
Base_LR_SMOTE,Base,supervised,LR,SMOTE,33,FN,55,55,0.0,0.15807200638604066,-0.1057833327067178,1.3415202456135331,-0.39461168964364346,-0.2836491992161278,-0.2131453983080085,-0.1057833327067178,0.14787988100087646,0.45359742954546034,5.077650416615411,train_oof,0.12060301142481507
Base_LR_SMOTE,Base,supervised,LR,SMOTE,33,pred_anomaly,213,213,0.0,0.17120018100391007,-0.1130356944613504,1.4704139098452562,-0.5127967190297911,-0.4538966969290828,-0.225481191199066,-0.1130356944613504,0.1074496586958453,0.5166997547189459,9.602011218982692,train_oof,0.12060301142481507
Base_LR_SMOTE,Base,supervised,LR,SMOTE,33,pred_normal,1040,1040,0.0,-0.03507793402961927,-0.15166977109817803,0.8698283523393592,-0.5931149309853022,-0.4776193755657316,-0.2798400148179009,-0.15166977109817803,0.0328926686949496,0.4893847847458902,3.088305898013492,train_oof,0.12060301142481507
Base_LR_SMOTE,Base,supervised,LR,SMOTE,34,TP,28,28,0.0,0.22643665872469582,-0.2244940672307216,1.591745159995053,-0.5165002617529566,-0.4062798454138368,-0.32352022253539753,-0.2244940672307216,0.014173318670260426,3.84052755779528,5.842003204194237,train_oof,0.12060301142481507
Base_LR_SMOTE,Base,supervised,LR,SMOTE,34,FP,185,185,0.0,0.010994795744520749,-0.1779128198493064,1.1321345166864607,-0.5498247157554871,-0.3887585716408795,-0.2821465617890576,-0.1779128198493064,-0.0371849668448983,0.0739375511160433,6.844279110658915,train_oof,0.12060301142481507
Base_LR_SMOTE,Base,supervised,LR,SMOTE,34,TN,985,985,0.0,-0.005593651389970962,-0.159460741221111,0.9616126075445186,-0.5855807436750265,-0.4161496572489642,-0.2680409727932755,-0.159460741221111,-0.0104499551435983,0.20935120547552916,6.071210824451802,train_oof,0.12060301142481507
Base_LR_SMOTE,Base,supervised,LR,SMOTE,34,FN,55,55,0.0,-0.05540891068278756,-0.1624950830399665,0.8190495215934134,-0.5181839114162307,-0.3668211003829107,-0.2717313885189157,-0.1624950830399665,-0.06515011712141744,0.126833509850218,2.7535812131986757,train_oof,0.12060301142481507
Base_LR_SMOTE,Base,supervised,LR,SMOTE,34,pred_anomaly,213,213,0.0,0.03931579181703203,-0.1786509029944356,1.2001876035139842,-0.5498247157554871,-0.39574575874809265,-0.2867390791365218,-0.1786509029944356,-0.0371849668448983,0.16841219369242869,6.612294657590876,train_oof,0.12060301142481507
Base_LR_SMOTE,Base,supervised,LR,SMOTE,34,pred_normal,1040,1040,0.0,-0.00822811221795646,-0.159460741221111,0.9543267400391587,-0.5855807436750265,-0.4161496572489642,-0.2680409727932755,-0.159460741221111,-0.0104499551435983,0.2071533578878151,5.94604504451625,train_oof,0.12060301142481507
Base_LR_SMOTE,Base,supervised,LR,SMOTE,35,TP,28,28,0.0,0.1033821407245035,-0.17386558222100915,1.012855617157771,-0.300804320386254,-0.2792192005301121,-0.2058391193873363,-0.17386558222100915,-0.13490630615429794,2.3881997972469353,3.6932659592082007,train_oof,0.12060301142481507
Base_LR_SMOTE,Base,supervised,LR,SMOTE,35,FP,185,185,0.0,-0.044127165268266454,-0.175293456407638,0.7650401103405188,-0.32148319199280795,-0.2619925310709685,-0.2175513025890215,-0.175293456407638,-0.1194436939181253,0.024211293870439094,4.456791134842983,train_oof,0.12060301142481507
Base_LR_SMOTE,Base,supervised,LR,SMOTE,35,TN,985,985,0.0,0.010779916254835807,-0.1479288802234516,1.0575992169647674,-0.31673469697622264,-0.2793656028201329,-0.2005252584902792,-0.1479288802234516,-0.086006133851588,0.0441292350560151,4.937327552122658,train_oof,0.12060301142481507
Base_LR_SMOTE,Base,supervised,LR,SMOTE,35,FN,55,55,0.0,-0.10019417530920448,-0.1567853150518869,0.5215488857131962,-0.3128075007323005,-0.2912006916480084,-0.21771397180015625,-0.1567853150518869,-0.13126432326056287,0.0016364222363255132,1.7184328170644527,train_oof,0.12060301142481507
Base_LR_SMOTE,Base,supervised,LR,SMOTE,35,pred_anomaly,213,213,0.0,-0.024736270583770852,-0.1750404154125366,0.8007087665558242,-0.3191205120728633,-0.2701187618849762,-0.2167921796037276,-0.1750404154125366,-0.1232393088445947,0.0345859746694592,4.224213203531315,train_oof,0.12060301142481507
Base_LR_SMOTE,Base,supervised,LR,SMOTE,35,pred_normal,1040,1040,0.0,0.0049110941048144474,-0.1479288802234516,1.0363694677386353,-0.31894699824765255,-0.2805946590820378,-0.2020073557472802,-0.1479288802234516,-0.0861507287059294,0.0441292350560151,4.937327552122658,train_oof,0.12060301142481507
Base_LR_SMOTE,Base,supervised,LR,SMOTE,37,TP,28,28,0.0,0.45727437932708864,0.3634933734285014,0.9722196184710712,-1.2508279075076052,-1.2268231899462518,0.0332876342044145,0.3634933734285014,0.9656237803997411,1.8142412603852043,2.8187750963405023,train_oof,0.12060301142481507
Base_LR_SMOTE,Base,supervised,LR,SMOTE,37,FP,185,185,0.0,0.033757572663377935,0.1121763773637626,1.154056286810057,-3.342506583275159,-1.5207240075735513,-0.4187931633290942,0.1121763773637626,0.5430055134747368,1.504482195408519,2.686126089679587,train_oof,0.12060301142481507
Base_LR_SMOTE,Base,supervised,LR,SMOTE,37,TN,985,985,0.0,-0.01620924231214733,0.0049520856410351,0.9765990692631502,-2.8282807758243367,-1.232796194785467,-0.6342077313846042,0.0049520856410351,0.3594684375530058,1.604300605120353,2.9052242790483267,train_oof,0.12060301142481507
Base_LR_SMOTE,Base,supervised,LR,SMOTE,37,FN,55,55,0.0,-0.0456889257376701,0.0616231827677481,0.8257357515901141,-1.6935708538099732,-1.3462993864739083,-0.8275656508424805,0.0616231827677481,0.44222111915280227,1.263243638775996,1.7240440573901346,train_oof,0.12060301142481507
Base_LR_SMOTE,Base,supervised,LR,SMOTE,37,pred_anomaly,213,213,0.0,0.08943114349241028,0.1285981157357024,1.1388143512549775,-3.342506583275159,-1.4229663650299655,-0.4162172043687953,0.1285981157357024,0.5822888876193636,1.504482195408519,3.0654102869948856,train_oof,0.12060301142481507
Base_LR_SMOTE,Base,supervised,LR,SMOTE,37,pred_normal,1040,1040,0.0,-0.017768264031766325,0.0052740805110839,0.9688857371690699,-2.546107011363821,-1.232796194785467,-0.6342077313846042,0.0052740805110839,0.3630103811234511,1.604300605120353,2.86555451105964,train_oof,0.12060301142481507
Base_LR_SMOTE,Base,supervised,LR,SMOTE,38,TP,28,28,0.0,0.3176619407732174,0.2059165029382131,1.9988912485441066,-4.708096531783788,-3.398081633530985,-0.43047284479522435,0.2059165029382131,0.9054123593064246,3.158191418883129,3.305311409492912,train_oof,0.12060301142481507
Base_LR_SMOTE,Base,supervised,LR,SMOTE,38,FP,185,185,0.0,0.1755783617029302,0.003930839421569,1.1763842743555208,-1.8820099733714764,-1.2345708216926992,-0.5650365457118393,0.003930839421569,0.4502720781137013,3.154548503198156,3.3674651555639215,train_oof,0.12060301142481507
Base_LR_SMOTE,Base,supervised,LR,SMOTE,38,TN,985,985,0.0,-0.05087168486009207,-0.0491996847220744,0.8866603153080514,-1.494663792627212,-1.2610688299365078,-0.5751246199163168,-0.0491996847220744,0.3345954939021949,1.2853404428189703,3.279210198834487,train_oof,0.12060301142481507
Base_LR_SMOTE,Base,supervised,LR,SMOTE,38,FN,55,55,0.0,0.15856165602596392,0.0115529399316286,1.3840197401890668,-2.927833900768471,-1.286445941046472,-0.63318709144886,0.0115529399316286,0.46394702314646663,3.183579738964417,3.3833370589789924,train_oof,0.12060301142481507
Base_LR_SMOTE,Base,supervised,LR,SMOTE,38,pred_anomaly,213,213,0.0,0.19425601528963463,0.0115529399316286,1.3085444016043146,-1.958087503638944,-1.2390544102280319,-0.5650365457118393,0.0115529399316286,0.4619294083055647,3.156790297465832,3.3590001404092176,train_oof,0.12060301142481507
Base_LR_SMOTE,Base,supervised,LR,SMOTE,38,pred_normal,1040,1040,0.0,-0.039795883178617944,-0.0406808665049508,0.9199480425602207,-1.6944076618761832,-1.286445941046472,-0.5753487993430828,-0.0406808665049508,0.3407043832815781,1.4247800462677518,3.352274757606222,train_oof,0.12060301142481507
Base_LR_SMOTE,Base,supervised,LR,SMOTE,39,TP,28,28,0.0,0.20344108911179118,-0.22036085555578344,1.2304472236614565,-0.5122957349385113,-0.44334407349743055,-0.27981767844500666,-0.22036085555578344,0.09337790107139371,2.91429411271593,4.55518216867215,train_oof,0.12060301142481507
Base_LR_SMOTE,Base,supervised,LR,SMOTE,39,FP,185,185,0.0,0.03160461627642804,-0.1439125342968708,1.0790123073254823,-1.0874523177627369,-0.6798023817733391,-0.3615540331617886,-0.1439125342968708,0.0778090716015265,0.9022054348402233,5.190217543349832,train_oof,0.12060301142481507
Base_LR_SMOTE,Base,supervised,LR,SMOTE,39,TN,985,985,0.0,-0.005387694093168809,-0.1503548085602628,0.9926900583380247,-1.5225592266627026,-0.6799097530110658,-0.3631646017276366,-0.1503548085602628,0.1583374998939264,0.9171300368837484,4.675230728433325,train_oof,0.12060301142481507
Base_LR_SMOTE,Base,supervised,LR,SMOTE,39,FN,55,55,0.0,-0.11508628527467564,-0.2304537519017632,0.6822912538941618,-1.0399362502207112,-0.6798345931446571,-0.34367672208087807,-0.2304537519017632,0.03099521195421545,0.3514124595677772,2.2305701765802857,train_oof,0.12060301142481507
Base_LR_SMOTE,Base,supervised,LR,SMOTE,39,pred_anomaly,213,213,0.0,0.054193448386241024,-0.1774123604665061,1.0985009815837272,-1.0216724026839985,-0.6790293088617338,-0.3562928425133528,-0.1774123604665061,0.0778090716015265,0.9262780663377657,4.675230728433325,train_oof,0.12060301142481507
Base_LR_SMOTE,Base,supervised,LR,SMOTE,39,pred_normal,1040,1040,0.0,-0.011189061896036962,-0.1530390895033402,0.9788089755920015,-1.5112949101131632,-0.6799097530110658,-0.3619835181126804,-0.1530390895033402,0.14013807509984322,0.9061137478933518,4.675230728433325,train_oof,0.12060301142481507
Base_LR_SMOTE,Base,supervised,LR,SMOTE,40,TP,28,28,0.0,-0.12837715704609245,0.3617287118830703,0.9910661352028709,-2.179877115840215,-2.1713414173943186,-0.08598899469572327,0.3617287118830703,0.47665579452960133,0.5632524875723725,0.5946841809448083,train_oof,0.12060301142481507
Base_LR_SMOTE,Base,supervised,LR,SMOTE,40,FP,185,185,0.0,-0.2123634773203986,0.3861164217284885,1.1048890877202957,-2.5199621037872424,-2.3907739013467726,-0.1081411644719781,0.3861164217284885,0.4739121771719922,0.5742269570028105,0.6056058103372478,train_oof,0.12060301142481507
Base_LR_SMOTE,Base,supervised,LR,SMOTE,40,TN,985,985,0.0,0.054372737649882284,0.4478986200035466,0.9575164518256174,-2.6377157220048573,-2.3233581420974225,0.3588834790677719,0.4478986200035466,0.5255328296781263,0.5828439478148578,0.6400575151122077,train_oof,0.12060301142481507
Base_LR_SMOTE,Base,supervised,LR,SMOTE,40,FN,55,55,0.0,-0.19621257493888605,0.4275755284656985,1.1283676301151955,-2.5260882965004114,-2.3963058468633744,-0.13313856706353105,0.4275755284656985,0.5064291236325491,0.6054025794218695,0.714537580980114,train_oof,0.12060301142481507
Base_LR_SMOTE,Base,supervised,LR,SMOTE,40,pred_anomaly,213,213,0.0,-0.201323022073072,0.3857099598977313,1.08878235585508,-2.4876402590054485,-2.3502821737667636,-0.1081411644719781,0.3857099598977313,0.4755380244950197,0.5726011096797825,0.6053619332387936,train_oof,0.12060301142481507
Base_LR_SMOTE,Base,supervised,LR,SMOTE,40,pred_normal,1040,1040,0.0,0.04112062977259165,0.4470856963420329,0.9683106215498875,-2.6377157220048573,-2.3233581420974225,0.3377474638684095,0.4470856963420329,0.5247199060166126,0.5828642709063957,0.6462926395960195,train_oof,0.12060301142481507
Base_LR_SMOTE,Base,supervised,LR,SMOTE,41,TP,28,28,0.0,0.14360040267289048,0.09695370082619024,0.49536592695136406,-0.6267763750804948,-0.5984849555078172,-0.1962611001621378,0.09695370082619024,0.3831195224964586,0.9315073747985528,0.9512445168891206,train_oof,0.12060301142481507
Base_LR_SMOTE,Base,supervised,LR,SMOTE,41,FP,185,185,0.0,0.20009127878115943,-0.0451628176830806,1.6948110682024098,-1.1261560849805636,-0.6152660740133918,-0.2438985571664454,-0.0451628176830806,0.2840927323991984,0.9526088354668096,3.6238536560099814,train_oof,0.12060301142481507
Base_LR_SMOTE,Base,supervised,LR,SMOTE,41,TN,985,985,0.0,-0.04118650554515856,-0.131114888077488,0.8282589069176558,-1.2725038101721071,-0.5872520658848444,-0.2948331174001682,-0.131114888077488,0.0339676598228812,0.8858481797318922,1.286939650658091,train_oof,0.12060301142481507
Base_LR_SMOTE,Base,supervised,LR,SMOTE,41,FN,55,55,0.0,-0.009406921770956232,-0.1242932951890429,0.5000434422502891,-0.8763520820428626,-0.6650182248131176,-0.3698706391730634,-0.1242932951890429,0.30819569393837076,0.9289606467868667,1.003443345671502,train_oof,0.12060301142481507
Base_LR_SMOTE,Base,supervised,LR,SMOTE,41,pred_anomaly,213,213,0.0,0.1926652481190396,-0.0274266761731237,1.5889088257140511,-1.098280327801222,-0.6167213471629268,-0.2425342385887564,-0.0274266761731237,0.3077409210791412,0.9517902443201962,1.3204291240117645,train_oof,0.12060301142481507
Base_LR_SMOTE,Base,supervised,LR,SMOTE,41,pred_normal,1040,1040,0.0,-0.039505854480176704,-0.131114888077488,0.8140912297484276,-1.2725038101721071,-0.5876158841722281,-0.30222317636265034,-0.131114888077488,0.04227202427569435,0.8948526823446417,1.2832287041267776,train_oof,0.12060301142481507
Base_LR_SMOTE,Base,supervised,LR,SMOTE,43,TP,28,28,0.0,-0.15889101515518908,-0.29971183434803345,0.7732063043277461,-1.4423785507499662,-1.1371843632338876,-0.6985419597764205,-0.29971183434803345,0.30084026350469517,1.1353523922294138,1.5618057921236137,train_oof,0.12060301142481507
Base_LR_SMOTE,Base,supervised,LR,SMOTE,43,FP,185,185,0.0,-0.03792969898450789,-0.25819549757836,0.9618942636782913,-1.5742323464470869,-1.3713381102174262,-0.776583027287895,-0.25819549757836,0.8131912455058063,1.5541545683783493,2.052595608248447,train_oof,0.12060301142481507
Base_LR_SMOTE,Base,supervised,LR,SMOTE,43,TN,985,985,0.0,0.010243677501372343,-0.3292354558301215,1.0113745194449462,-1.6612898138194117,-1.2827141948858283,-0.7661979145857747,-0.3292354558301215,0.8706308858845174,1.7296661882492421,2.432497177794513,train_oof,0.12060301142481507
Base_LR_SMOTE,Base,supervised,LR,SMOTE,43,FN,55,55,0.0,0.024601965310364658,-0.1276903196901872,1.0363066241286645,-1.6887116556812607,-1.439312370338705,-0.7896608743206629,-0.1276903196901872,0.8920361143100087,1.6010547662067443,1.7918742994169676,train_oof,0.12060301142481507
Base_LR_SMOTE,Base,supervised,LR,SMOTE,43,pred_anomaly,213,213,0.0,-0.05383071707267256,-0.2605425973531368,0.9385405970904627,-1.5408462989931517,-1.3492946635655085,-0.7665033590770188,-0.2605425973531368,0.7747534676873007,1.5515245305485248,2.025663763654643,train_oof,0.12060301142481507
Base_LR_SMOTE,Base,supervised,LR,SMOTE,43,pred_normal,1040,1040,0.0,0.011003010029732516,-0.31483133666434765,1.012204352537755,-1.6725226153648403,-1.2972236120209604,-0.7690875802331565,-0.31483133666434765,0.8741033074691307,1.730536705049271,2.402017354294583,train_oof,0.12060301142481507
Base_LR_SMOTE,Base,supervised,LR,SMOTE,44,TP,28,28,0.0,-0.05257131547262535,-0.15365581617667579,0.998169294433533,-1.8050181597734365,-1.5732292003991666,-0.7758630923677003,-0.15365581617667579,0.6210742058389516,1.5846758523570053,2.041673911341755,train_oof,0.12060301142481507
Base_LR_SMOTE,Base,supervised,LR,SMOTE,44,FP,185,185,0.0,-0.0493578423433334,-0.0199489604911796,0.9739060618369172,-2.510214915047716,-1.6492910108402916,-0.7132860031929346,-0.0199489604911796,0.6733880822105651,1.5124627467170613,1.884857721494501,train_oof,0.12060301142481507
Base_LR_SMOTE,Base,supervised,LR,SMOTE,44,TN,985,985,0.0,0.0177970805091199,0.0621567419340286,1.0119091323484477,-2.7426424743297426,-1.6697034007487856,-0.5644694175472388,0.0621567419340286,0.72869539564977,1.4947872135560774,2.021175994659904,train_oof,0.12060301142481507
Base_LR_SMOTE,Base,supervised,LR,SMOTE,44,FN,55,55,0.0,-0.1259710588122164,-0.2178008961963714,0.8743937458880107,-1.5542422567133327,-1.381136067433523,-0.8412910739877844,-0.2178008961963714,0.4410403479170145,1.2201892532228866,1.8370311498318186,train_oof,0.12060301142481507
Base_LR_SMOTE,Base,supervised,LR,SMOTE,44,pred_anomaly,213,213,0.0,-0.049780270735916406,-0.04389645703187,0.9747379877747971,-2.4419987606161073,-1.6651419728362686,-0.7332422503101664,-0.04389645703187,0.6733880822105651,1.5165680318383226,1.9842056214290034,train_oof,0.12060301142481507
Base_LR_SMOTE,Base,supervised,LR,SMOTE,44,pred_normal,1040,1040,0.0,0.01019395775654923,0.052463707619938946,1.005250843770715,-2.7260331749433093,-1.632584781110719,-0.5727370056386694,0.052463707619938946,0.7040351759977539,1.4780239659775951,2.0481169282681724,train_oof,0.12060301142481507
Base_LR_SMOTE,Base,supervised,LR,SMOTE,45,TP,28,28,0.0,-0.16577115843421275,-0.02437093850328,1.0821987920098746,-2.14237757117831,-2.0607433119074337,-0.9412612822212016,-0.02437093850328,0.4807736447862379,1.4083086676121757,1.462113524543095,train_oof,0.12060301142481507
Base_LR_SMOTE,Base,supervised,LR,SMOTE,45,FP,185,185,0.0,-0.00422696932817304,-0.2630494133446102,1.1519215204418323,-1.9622537818738806,-1.4691552250356221,-0.8408163660868446,-0.2630494133446102,0.672163946799627,1.9390007346742009,3.901458320075698,train_oof,0.12060301142481507
Base_LR_SMOTE,Base,supervised,LR,SMOTE,45,TN,985,985,0.0,-0.00011505154065283466,0.003445260346577,0.9638096919817919,-1.8445060728365184,-1.4462598653798322,-0.7476809782445053,0.003445260346577,0.6623501988713096,1.5913503012715404,2.4445979183694693,train_oof,0.12060301142481507
Base_LR_SMOTE,Base,supervised,LR,SMOTE,45,FN,55,55,0.0,0.10058070552985225,0.0849260290450713,1.0613545715342183,-1.933510291757935,-1.255286615914236,-0.7484300223942729,0.0849260290450713,0.7350011335670295,1.9804431892180625,2.4049785611121663,train_oof,0.12060301142481507
Base_LR_SMOTE,Base,supervised,LR,SMOTE,45,pred_anomaly,213,213,0.0,-0.025462825173098436,-0.2510520112847655,1.1418490441394058,-2.153457076763099,-1.4802436175848996,-0.8597456004479315,-0.2510520112847655,0.6712371633600853,1.8669579222627877,3.809947977168447,train_oof,0.12060301142481507
Base_LR_SMOTE,Base,supervised,LR,SMOTE,45,pred_normal,1040,1040,0.0,0.005210204842883497,0.003445260346577,0.9689222921244207,-1.8614909663240973,-1.4453076906131774,-0.7481411960483881,0.003445260346577,0.6633595041239633,1.6266632894508566,2.47024950658313,train_oof,0.12060301142481507
Base_LR_SMOTE,Base,supervised,LR,SMOTE,46,TP,28,28,0.0,-0.25425238994703914,-0.45244864232699933,0.924407581524873,-1.8483994705105031,-1.4152924402346871,-0.8830264603859032,-0.45244864232699933,0.5501931138748563,1.237290992234203,1.2954273554070728,train_oof,0.12060301142481507
Base_LR_SMOTE,Base,supervised,LR,SMOTE,46,FP,185,185,0.0,-0.03762660749522144,-0.0826787164365494,1.062872660218147,-1.9763675425767944,-1.5468867667365427,-0.8127580624004549,-0.0826787164365494,0.6534075596914345,1.7043339044056391,2.8338024159426043,train_oof,0.12060301142481507
Base_LR_SMOTE,Base,supervised,LR,SMOTE,46,TN,985,985,0.0,0.009715336598346442,-0.0084677590416331,0.9932413641595912,-1.8766894927581717,-1.5123526469730797,-0.7296758348449578,-0.0084677590416331,0.6349121071426349,1.7992630421866338,2.3949927302486307,train_oof,0.12060301142481507
Base_LR_SMOTE,Base,supervised,LR,SMOTE,46,FN,55,55,0.0,0.08230191067380761,0.0368542835314893,0.9406661889284809,-1.8630766760056878,-1.155635927638091,-0.6598555014732415,0.0368542835314893,0.6440452598171711,1.8529694171209254,1.955041236793758,train_oof,0.12060301142481507
Base_LR_SMOTE,Base,supervised,LR,SMOTE,46,pred_anomaly,213,213,0.0,-0.06610323617433361,-0.1143828682834706,1.046282731923674,-1.984796231288768,-1.5376030316164695,-0.848185856242816,-0.1143828682834706,0.5746545774449282,1.695924202175931,2.757256121229399,train_oof,0.12060301142481507
Base_LR_SMOTE,Base,supervised,LR,SMOTE,46,pred_normal,1040,1040,0.0,0.013554049650414103,-0.0067737065294173,0.9902316291514631,-1.8862903512349982,-1.498849329846742,-0.7260544907065333,-0.0067737065294173,0.6382756606813721,1.8087579200835948,2.3932152845233783,train_oof,0.12060301142481507
Base_LR_SMOTE,Base,supervised,LR,SMOTE,47,TP,28,28,0.0,0.1962932201977891,0.5520005851979198,0.9266569702866376,-1.3144595344247756,-1.264628978299794,-0.739474604123087,0.5520005851979198,0.914669726544065,1.2103744606977922,1.3915645416731182,train_oof,0.12060301142481507
Base_LR_SMOTE,Base,supervised,LR,SMOTE,47,FP,185,185,0.0,0.05994606718628143,0.4863234498581618,0.9895813825419358,-1.7150690433139921,-1.4815736917540832,-0.9927256379931944,0.4863234498581618,0.8940471060473806,1.2631000649485506,1.378397589580203,train_oof,0.12060301142481507
Base_LR_SMOTE,Base,supervised,LR,SMOTE,47,TN,985,985,0.0,-0.017827208631830124,0.3402575008625391,1.005347444667847,-1.8703823329654525,-1.6129279624336001,-1.0195219092118155,0.3402575008625391,0.8472849856854732,1.2255852852424811,1.4013057743867101,train_oof,0.12060301142481507
Base_LR_SMOTE,Base,supervised,LR,SMOTE,47,FN,55,55,0.0,0.025599539579490824,0.3234441542155616,0.9829416019457151,-1.8018048953290902,-1.4529910024542207,-0.8461342719148544,0.3234441542155616,0.8748693825281715,1.2429240489721765,1.4242244675348732,train_oof,0.12060301142481507
Base_LR_SMOTE,Base,supervised,LR,SMOTE,47,pred_anomaly,213,213,0.0,0.0778696365962449,0.4884251181890338,0.9805243698319572,-1.7080915044554963,-1.4677026807703264,-0.9922002209104764,0.4884251181890338,0.9129621210252312,1.265622066945597,1.3874767967695711,train_oof,0.12060301142481507
Base_LR_SMOTE,Base,supervised,LR,SMOTE,47,pred_normal,1040,1040,0.0,-0.015530601755269876,0.3389439581557441,1.0037578830062266,-1.8639985154104277,-1.6117457739974843,-1.0195219092118155,0.3389439581557441,0.8491239454749862,1.2256378269507529,1.4152555979328727,train_oof,0.12060301142481507
Base_LR_SMOTE,Base,supervised,LR,SMOTE,48,TP,28,28,0.0,-0.03917688626352778,-0.15399442568748278,1.1866208504378832,-1.8739020738774228,-1.5964350166913452,-1.1201603861494107,-0.15399442568748278,0.739274332699728,1.991371061320761,2.24999694443527,train_oof,0.12060301142481507
Base_LR_SMOTE,Base,supervised,LR,SMOTE,48,FP,185,185,0.0,0.014771476076212315,0.0711541850771904,1.041579921519539,-2.366687602542104,-1.6276211866931674,-0.6545755009136148,0.0711541850771904,0.7129815430026393,1.7536935378898229,2.2680973612078796,train_oof,0.12060301142481507
Base_LR_SMOTE,Base,supervised,LR,SMOTE,48,TN,985,985,0.0,0.0012233555654015684,-0.0125489551874301,0.9890123724040882,-2.3506250982907964,-1.6375230335875044,-0.6920006754740231,-0.0125489551874301,0.7153939285893292,1.603116413324943,2.1166535483900213,train_oof,0.12060301142481507
Base_LR_SMOTE,Base,supervised,LR,SMOTE,48,FN,55,55,0.0,-0.048748018174423875,-0.1262409254516723,0.9782583820311904,-1.8075789545060872,-1.3736235427886327,-0.6810342804446425,-0.1262409254516723,0.5610676469750455,1.811451360509757,2.05741996548642,train_oof,0.12060301142481507
Base_LR_SMOTE,Base,supervised,LR,SMOTE,48,pred_anomaly,213,213,0.0,0.007679672576152595,0.0558609883762789,1.0588979906547002,-2.344420176978105,-1.6493459361600498,-0.8604028950069432,0.0558609883762789,0.7129815430026393,1.778242327731578,2.321072463412375,train_oof,0.12060301142481507
Base_LR_SMOTE,Base,supervised,LR,SMOTE,48,pred_normal,1040,1040,0.0,-0.0014193613150699771,-0.0143637773719094,0.9880433681018838,-2.3458109504667988,-1.61749359362466,-0.692050472424207,-0.0143637773719094,0.7121183958661217,1.6310458627847388,2.1053823960255134,train_oof,0.12060301142481507
Base_LR_SMOTE,Base,supervised,LR,SMOTE,51,TP,28,28,0.0,0.08171685782664258,0.6732580202384905,1.0711223447155807,-1.81326248029157,-1.776767094233826,-0.6464973412500314,0.6732580202384905,0.9341913056826399,1.1229187355493209,1.153350836812998,train_oof,0.12060301142481507
Base_LR_SMOTE,Base,supervised,LR,SMOTE,51,FP,185,185,0.0,0.05610190169661292,0.4517565393770975,0.9752801035715596,-1.8046406209420707,-1.6986696636332497,-0.6563174576899438,0.4517565393770975,0.8093136840476716,1.1936209347655513,1.3959400424802837,train_oof,0.12060301142481507
Base_LR_SMOTE,Base,supervised,LR,SMOTE,51,TN,985,985,0.0,-0.012067800787217451,0.3807848168508331,1.0012866936517588,-1.8741777009093727,-1.7736238652277128,-0.6976861517880383,0.3807848168508331,0.826572083024879,1.2086146121719183,1.4668897940733183,train_oof,0.12060301142481507
Base_LR_SMOTE,Base,supervised,LR,SMOTE,51,FN,55,55,0.0,-0.002749492477319211,0.4582043155026735,1.0448806987361754,-1.8933206517359007,-1.816871799883461,-0.7940646524320434,0.4582043155026735,0.7598774348126641,1.1895474049830694,1.291776870712038,train_oof,0.12060301142481507
Base_LR_SMOTE,Base,supervised,LR,SMOTE,51,pred_anomaly,213,213,0.0,0.059469125976616834,0.4812556512291834,0.9857681976583225,-1.8155192019355217,-1.7049990078514796,-0.6563174576899438,0.4812556512291834,0.8161012508823468,1.174215586337065,1.3881361385421203,train_oof,0.12060301142481507
Base_LR_SMOTE,Base,supervised,LR,SMOTE,51,pred_normal,1040,1040,0.0,-0.011575005636213217,0.38126893613782653,1.003120373100129,-1.8750476311034454,-1.781205321714279,-0.6996152063234338,0.38126893613782653,0.8240624152389838,1.2070830797767795,1.4580574294311222,train_oof,0.12060301142481507
Base_LR_SMOTE,Base,supervised,LR,SMOTE,53,TP,28,28,0.0,0.009482218059120208,-0.039332797764317605,0.5870553512290972,-1.5744980709620449,-0.6569784443131793,-0.3156941310922894,-0.039332797764317605,0.3379223556675199,0.8967863852863098,1.0801499366055043,train_oof,0.12060301142481507
Base_LR_SMOTE,Base,supervised,LR,SMOTE,53,FP,185,185,0.0,0.002637134452799991,0.0220808318641101,0.5826119979743225,-1.1535515067374131,-0.9780839935133072,-0.3814944485513214,0.0220808318641101,0.3379223556675199,1.0924326625311949,1.1794645490903457,train_oof,0.12060301142481507
Base_LR_SMOTE,Base,supervised,LR,SMOTE,53,TN,985,985,0.0,-0.0011079222952206022,0.0922678371537619,1.0852966448506047,-2.040715253598513,-0.9745746432488238,-0.3113074432616852,0.0922678371537619,0.4432028636019897,1.0046989059191418,1.3584414125789401,train_oof,0.12060301142481507
Base_LR_SMOTE,Base,supervised,LR,SMOTE,53,FN,55,55,0.0,0.006448271595063471,0.0922678371537619,0.6014787091916767,-1.5697604481050007,-0.8921049120334974,-0.3902678242125376,0.0922678371537619,0.3554691069899289,1.0538298096218837,1.1355976707843247,train_oof,0.12060301142481507
Base_LR_SMOTE,Base,supervised,LR,SMOTE,53,pred_anomaly,213,213,0.0,0.0035369576498749536,0.0220808318641101,0.5818100306018711,-1.1535515067374131,-0.9780839935133072,-0.328854194584102,0.0220808318641101,0.3379223556675199,1.0924326625311949,1.1605140576621427,train_oof,0.12060301142481507
Base_LR_SMOTE,Base,supervised,LR,SMOTE,53,pred_normal,1040,1040,0.0,-0.0007083158875613555,0.0922678371537619,1.0650461087267002,-1.9957955702131407,-0.9780839935133072,-0.3113074432616852,0.0922678371537619,0.4432028636019897,1.022245657241543,1.355633932367354,train_oof,0.12060301142481507
Base_LR_SMOTE,Base,supervised,LR,SMOTE,55,TP,28,28,0.0,-0.21918869582136427,-0.8171652248507822,1.1970660199105625,-1.5330338682179325,-1.32154492733199,-1.0605917221872725,-0.8171652248507822,0.5654972800204819,1.8352098901276146,2.8221582809286816,train_oof,0.12060301142481507
Base_LR_SMOTE,Base,supervised,LR,SMOTE,55,FP,185,185,0.0,0.07780216124860784,0.0007478061998248,1.095754248946146,-1.5634134950855265,-1.4325474101174294,-0.8561134644246207,0.0007478061998248,0.8576090768242702,1.9793183765508164,2.376590420203969,train_oof,0.12060301142481507
Base_LR_SMOTE,Base,supervised,LR,SMOTE,55,TN,985,985,0.0,-0.014640179629174284,-0.077148672947852,0.9599199729052271,-2.063508891213612,-1.4013888184583587,-0.700320506129267,-0.077148672947852,0.6628678789550781,1.7923668265963926,2.298693941056292,train_oof,0.12060301142481507
Base_LR_SMOTE,Base,supervised,LR,SMOTE,55,FN,55,55,0.0,0.1310473713195752,0.1175925249213401,1.2215106038941432,-1.6677947771434136,-1.4481267059469647,-0.972958183146136,0.1175925249213401,0.8576090768242703,2.076688975485413,2.6539018859696992,train_oof,0.12060301142481507
Base_LR_SMOTE,Base,supervised,LR,SMOTE,55,pred_anomaly,213,213,0.0,0.03876110961499648,-0.0382004333740136,1.1111777533243048,-1.5914562275786903,-1.416968114287894,-0.8950617039984591,-0.0382004333740136,0.8576090768242702,2.0026873202951196,2.376590420203969,train_oof,0.12060301142481507
Base_LR_SMOTE,Base,supervised,LR,SMOTE,55,pred_normal,1040,1040,0.0,-0.006935549530923107,-0.077148672947852,0.975336670860575,-2.063508891213612,-1.4013888184583587,-0.7392687457031054,-0.077148672947852,0.6628678789550781,1.831315066170231,2.298693941056292,train_oof,0.12060301142481507
Base_LR_SMOTE,Base,supervised,LR,SMOTE,56,TP,28,28,0.0,0.3085264564818286,0.6724907558314797,0.8414918817748137,-2.050980385611773,-1.6724723606106462,0.36991486983894495,0.6724907558314797,0.7629360317026727,0.9231964899395764,1.1217439046527786,train_oof,0.12060301142481507
Base_LR_SMOTE,Base,supervised,LR,SMOTE,56,FP,185,185,0.0,0.17213070961294,0.420344184171032,0.7100360691667956,-1.6999923578604432,-1.2625540769683752,-0.2712578409547593,0.420344184171032,0.6364698170228489,1.0600760574123913,1.197820127416615,train_oof,0.12060301142481507
Base_LR_SMOTE,Base,supervised,LR,SMOTE,56,TN,985,985,0.0,-0.050684915060425585,0.2618520534130405,1.0590451977810489,-3.397875329544249,-1.6371718405781834,-0.5882421024707424,0.2618520534130405,0.6220614414993966,1.0399043316795618,1.183988086914101,train_oof,0.12060301142481507
Base_LR_SMOTE,Base,supervised,LR,SMOTE,56,FN,55,55,0.0,0.18719047115514637,0.3483023065537704,0.6459180148190619,-1.4985632680425507,-0.9095488766437613,-0.19201177557575555,0.3483023065537704,0.6148572537376704,1.0427860067842412,1.2370109088404058,train_oof,0.12060301142481507
Base_LR_SMOTE,Base,supervised,LR,SMOTE,56,pred_anomaly,213,213,0.0,0.19006066694781737,0.4491609352179367,0.7279305983608719,-1.988736203350464,-1.4383362583545254,-0.256849465431291,0.4491609352179367,0.6796949435932058,1.0427860067842418,1.183988086914101,train_oof,0.12060301142481507
Base_LR_SMOTE,Base,supervised,LR,SMOTE,56,pred_normal,1040,1040,0.0,-0.03810496675094821,0.2690562411747667,1.042461559397092,-3.229297335919838,-1.6256451401594216,-0.5738337269472901,0.2690562411747667,0.6220614414993966,1.0406247504557338,1.183988086914101,train_oof,0.12060301142481507
Base_LR_SMOTE,Base,supervised,LR,SMOTE,57,TP,28,28,0.0,-0.4546806242745127,-0.6309267402534293,0.9905772018707164,-2.7275266258099404,-1.6937797773670296,-1.102112991274615,-0.6309267402534293,0.35319644225915536,1.0021213044250292,1.1106730736476276,train_oof,0.12060301142481507
Base_LR_SMOTE,Base,supervised,LR,SMOTE,57,FP,185,185,0.0,0.10207980119148836,0.1325142740593609,1.0092894211515344,-2.308588369205805,-1.451625830639694,-0.6070692085561571,0.1325142740593609,0.8482402249776068,1.869342581620963,1.9218291513549888,train_oof,0.12060301142481507
Base_LR_SMOTE,Base,supervised,LR,SMOTE,57,TN,985,985,0.0,-0.003183192172659366,0.0132266155729998,0.98941209633964,-2.426921726424271,-1.5613704764471514,-0.5832116768588849,0.0132266155729998,0.6335224397021304,1.6498532900060303,2.3035496585113706,train_oof,0.12060301142481507
Base_LR_SMOTE,Base,supervised,LR,SMOTE,57,FN,55,55,0.0,-0.05053806005427181,0.0847992106648165,1.097360538259849,-2.61157902176119,-1.5017266472039603,-0.7502143987398036,0.0847992106648165,0.5261635470644054,2.160404468327737,2.204302326650718,train_oof,0.12060301142481507
Base_LR_SMOTE,Base,supervised,LR,SMOTE,57,pred_anomaly,213,213,0.0,0.028890637280464745,0.0847992106648165,1.0220827901052754,-2.772378785400815,-1.513655413052607,-0.6786418036479738,0.0847992106648165,0.7766676298857901,1.8216275182264177,1.9218291513549888,train_oof,0.12060301142481507
Base_LR_SMOTE,Base,supervised,LR,SMOTE,57,pred_normal,1040,1040,0.0,-0.005687536147167714,0.0132266155729998,0.9948940569616603,-2.5128088405344626,-1.5613704764471514,-0.6070692085561571,0.0132266155729998,0.6335224397021304,1.6593963026849414,2.3035496585113706,train_oof,0.12060301142481507
Base_LR_SMOTE,Base,supervised,LR,SMOTE,58,TP,28,28,0.0,0.13381820587005683,0.0142408426987796,1.0337580327765752,-1.384148752750069,-1.1623109850815556,-0.7525882840005234,0.014240842698779607,0.9497723772719376,1.8183538303986462,1.956678007484022,train_oof,0.12060301142481507
Base_LR_SMOTE,Base,supervised,LR,SMOTE,58,FP,185,185,0.0,0.07866405477761569,-0.1043227376601092,0.979607469188285,-1.327757318509722,-1.1033241291816034,-0.7095278791935657,-0.1043227376601092,0.8253101113230521,1.903589837174068,2.03100144591796,train_oof,0.12060301142481507
Base_LR_SMOTE,Base,supervised,LR,SMOTE,58,TN,985,985,0.0,-0.027435838759189375,-0.2895414651859396,1.0117002149222374,-1.674128136354209,-1.2439487936470837,-0.730763147317539,-0.2895414651859396,0.9008132868749756,1.528433433650412,2.2115012249717947,train_oof,0.12060301142481507
Base_LR_SMOTE,Base,supervised,LR,SMOTE,58,FN,55,55,0.0,0.1823533820136305,0.1882520676036252,0.8116846672684782,-1.0462484474128186,-0.8357597508194508,-0.5089725691337431,0.1882520676036252,0.726212193411137,1.610897058198536,1.883203979775053,train_oof,0.12060301142481507
Base_LR_SMOTE,Base,supervised,LR,SMOTE,58,pred_anomaly,213,213,0.0,0.08591436571934503,-0.0583129900581533,0.9845498631824533,-1.4043930416949302,-1.1035600766052025,-0.7118873534295581,-0.0583129900581533,0.8512643279190205,1.907364995951668,2.03100144591796,train_oof,0.12060301142481507
Base_LR_SMOTE,Base,supervised,LR,SMOTE,58,pred_normal,1040,1040,0.0,-0.01634121650678062,-0.2836427795959482,1.0028977624108166,-1.6664716424583959,-1.2058432847357172,-0.7166063019015534,-0.2836427795959482,0.8312087969130435,1.528433433650412,2.2115012249717947,train_oof,0.12060301142481507
Base_LR_SMOTE,Base,supervised,LR,SMOTE,59,TP,28,28,0.0,0.7726718717220634,0.43215506364631806,1.2956598302475804,-0.8507235666310528,-0.674697031118508,-0.0344554751166696,0.43215506364631806,1.0968399808934348,2.4866021558340696,4.412454217404856,train_oof,0.12060301142481507
Base_LR_SMOTE,Base,supervised,LR,SMOTE,59,FP,185,185,0.0,0.42768719284042017,-0.0611837548574045,1.6762844959454328,-1.645073455939551,-1.0172600942488377,-0.3022345535802122,-0.0611837548574045,0.9823028708070248,2.467757148748203,3.623795456428704,train_oof,0.12060301142481507
Base_LR_SMOTE,Base,supervised,LR,SMOTE,59,TN,985,985,0.0,-0.13089334912414213,-0.2688115436732682,0.7466934156412486,-1.459166977416666,-0.9186298048319282,-0.5236670583061258,-0.2688115436732682,0.0144130166412104,1.7880789731023772,2.4534723568776733,train_oof,0.12060301142481507
Base_LR_SMOTE,Base,supervised,LR,SMOTE,59,FN,55,55,0.0,0.4975058871575094,0.191656250996216,1.001923866092833,-1.2474384891307646,-0.8459448864691453,-0.2161449826077808,0.191656250996216,1.3363740839394047,2.1427426850467435,2.475045390544883,train_oof,0.12060301142481507
Base_LR_SMOTE,Base,supervised,LR,SMOTE,59,pred_anomaly,213,213,0.0,0.47303729147274876,0.00271496317378,1.632868810483264,-1.5499199698077493,-0.904709627614927,-0.2569311828790727,0.00271496317378,0.988562089025962,2.4898001301910755,4.828348579653188,train_oof,0.12060301142481507
Base_LR_SMOTE,Base,supervised,LR,SMOTE,59,pred_normal,1040,1040,0.0,-0.09766069720540095,-0.2501604913267115,0.7746018505637614,-1.4701054170225747,-0.9181512480991695,-0.5186738631897247,-0.2501604913267115,0.03646713908738323,1.9290840685796407,2.458941576680627,train_oof,0.12060301142481507
Base_LR_SMOTE,Base,supervised,LR,SMOTE,60,TP,28,28,0.0,-0.21170916973895823,-0.373058436097205,0.9343593558662397,-1.4876167690594202,-1.4407497556760358,-0.9543173963819394,-0.373058436097205,0.585445263524695,1.2959650282444144,1.5544655301891737,train_oof,0.12060301142481507
Base_LR_SMOTE,Base,supervised,LR,SMOTE,60,FP,185,185,0.0,-0.14292579886795714,-0.2837694945436463,1.0784826064024933,-4.134526239641466,-1.3428219324436388,-0.8341782737657811,-0.2837694945436463,0.6372735677098541,1.500762864565501,1.8032899195863468,train_oof,0.12060301142481507
Base_LR_SMOTE,Base,supervised,LR,SMOTE,60,TN,985,985,0.0,0.032143824205241645,-0.2073192141999656,0.9843120519783776,-1.4667252341891526,-1.2308089760392271,-0.7258515504440204,-0.2073192141999656,0.7765626545707965,1.713460840182533,2.4047229454799433,train_oof,0.12060301142481507
Base_LR_SMOTE,Base,supervised,LR,SMOTE,60,FN,55,55,0.0,0.04511296364437989,-0.198394474951151,0.9847996658044817,-1.3781050663923355,-1.2271476723958143,-0.8209490513410884,-0.198394474951151,0.9934570857936538,1.5911005045298654,1.8485405081292474,train_oof,0.12060301142481507
Base_LR_SMOTE,Base,supervised,LR,SMOTE,60,pred_anomaly,213,213,0.0,-0.15196774433456764,-0.3147318580828279,1.0588836876681518,-3.6913246857228357,-1.4077348683058812,-0.8423385102111525,-0.3147318580828279,0.6279000985546738,1.4914558739149637,1.7835637529025397,train_oof,0.12060301142481507
Base_LR_SMOTE,Base,supervised,LR,SMOTE,60,pred_normal,1040,1040,0.0,0.03282969215634991,-0.20361303756591337,0.9838679020216577,-1.4644935507881638,-1.2320687437022828,-0.7311698308157537,-0.20361303756591337,0.8041429241860868,1.7069492706523897,2.3889163514300984,train_oof,0.12060301142481507
Base_LR_SMOTE,Base,supervised,LR,SMOTE,61,TP,28,28,0.0,0.5069113715544937,0.501325920926144,1.6272909383990857,-2.5092246767231385,-1.8470969762959975,-0.4414044033105319,0.501325920926144,1.5927932800771893,2.43286588609846,4.319347278929069,train_oof,0.12060301142481507
Base_LR_SMOTE,Base,supervised,LR,SMOTE,61,FP,185,185,0.0,0.0039711886768355725,0.0707905330980283,1.18722561064791,-3.1709039787362028,-2.2196868942720585,-0.5230639518909701,0.0707905330980283,0.6478756465035376,1.9426169533708888,2.5547573444170117,train_oof,0.12060301142481507
Base_LR_SMOTE,Base,supervised,LR,SMOTE,61,TN,985,985,0.0,-0.009103914212654707,0.0460010272789659,0.9275407914420167,-2.8150579137346945,-1.6641832329913728,-0.4745785949213373,0.0460010272789659,0.562206030805308,1.3048704610199082,1.9928813219346013,train_oof,0.12060301142481507
Base_LR_SMOTE,Base,supervised,LR,SMOTE,61,FN,55,55,0.0,-0.09118303741010673,-0.0305547995151985,1.0760095171840454,-2.3436490054296155,-2.147432775840616,-0.7804373505418175,-0.0305547995151985,0.7282592646374078,1.7239953851401382,1.9974746715422542,train_oof,0.12060301142481507
Base_LR_SMOTE,Base,supervised,LR,SMOTE,61,pred_anomaly,213,213,0.0,0.07008539112084701,0.0748006002158149,1.26079943891421,-3.126530763320082,-2.190522769779045,-0.5230639518909701,0.0748006002158149,0.8279641152479,2.0224537441705177,2.7460594190289354,train_oof,0.12060301142481507
Base_LR_SMOTE,Base,supervised,LR,SMOTE,61,pred_normal,1040,1040,0.0,-0.013444637074058428,0.04581875150088175,0.9355756451570625,-2.7872389844839196,-1.7206340414631665,-0.48268986704595407,0.04581875150088175,0.5632085475847595,1.3416719406145292,2.0015758765490803,train_oof,0.12060301142481507
Base_LR_SMOTE,Base,supervised,LR,SMOTE,62,TP,28,28,0.0,-0.36599224954731885,-0.5978904327636032,1.6918431851362326,-3.2902962914709213,-2.6726567942672808,-1.236771691278221,-0.5978904327636032,0.5196311519714473,1.1445321094596275,4.564597165209277,train_oof,0.12060301142481507
Base_LR_SMOTE,Base,supervised,LR,SMOTE,62,FP,185,185,0.0,0.0605330831409662,-0.110614720123272,1.837809157737034,-2.9828820283848816,-1.5553168301229499,-0.5930976671751501,-0.110614720123272,0.5665385934266252,1.5969506826161235,3.943790967261491,train_oof,0.12060301142481507
Base_LR_SMOTE,Base,supervised,LR,SMOTE,62,TN,985,985,0.0,-0.00023491144865752623,-0.0309146720102556,0.7145529503265676,-1.76827661432946,-1.0545911037364966,-0.4496958785391113,-0.0309146720102556,0.4594272894919279,1.2341355247833117,1.6823782818024255,train_oof,0.12060301142481507
Base_LR_SMOTE,Base,supervised,LR,SMOTE,62,FN,55,55,0.0,-0.013135218829111011,-0.0421258195855844,0.8775541227915974,-2.2121378306531825,-1.259419891052523,-0.4588722028295188,-0.0421258195855844,0.39032177583759664,1.5961008776299144,2.08448470009659,train_oof,0.12060301142481507
Base_LR_SMOTE,Base,supervised,LR,SMOTE,62,pred_anomaly,213,213,0.0,0.004464025322787899,-0.1178459103093606,1.8212258369908765,-3.132287162324559,-2.0260661901224877,-0.6671921415005022,-0.1178459103093606,0.5339253651299924,1.5961345110726406,5.4662791582601304,train_oof,0.12060301142481507
Base_LR_SMOTE,Base,supervised,LR,SMOTE,62,pred_normal,1040,1040,0.0,-0.0009171392428161272,-0.03126782315887825,0.7235956362374949,-1.8207688889492888,-1.0551241938037035,-0.45145322592154435,-0.03126782315887825,0.45598826997319497,1.2551412914378288,1.7455699151107693,train_oof,0.12060301142481507
Base_LR_SMOTE,Base,supervised,LR,SMOTE,63,TP,28,28,0.0,0.6995238871185719,0.23439101472474663,1.450727153629239,-0.7605073088483336,-0.5909353875430372,-0.39309936987718047,0.23439101472474663,1.297447185129642,2.807895975973848,4.666676422543343,train_oof,0.12060301142481507
Base_LR_SMOTE,Base,supervised,LR,SMOTE,63,FP,185,185,0.0,0.24761806154523017,-0.0550180371936445,2.014081385440736,-1.058248037355869,-0.884849614782234,-0.5036437020686809,-0.0550180371936445,0.3826960837282946,1.7593039297358362,4.522541721657232,train_oof,0.12060301142481507
Base_LR_SMOTE,Base,supervised,LR,SMOTE,63,TN,985,985,0.0,-0.06960491161700552,-0.1289074422777459,0.6241479733865922,-1.2345871143633593,-0.970066241684313,-0.4854711184886749,-0.1289074422777459,0.269450511565499,1.0034816643077589,1.9856288029154787,train_oof,0.12060301142481507
Base_LR_SMOTE,Base,supervised,LR,SMOTE,63,FN,55,55,0.0,0.04875269580428347,-0.0849281912531121,0.7434481801084458,-1.0039522479372893,-0.8154860356820974,-0.4638079066843564,-0.0849281912531121,0.3018587297167933,1.5326062787786578,2.1467308880335927,train_oof,0.12060301142481507
Base_LR_SMOTE,Base,supervised,LR,SMOTE,63,pred_anomaly,213,213,0.0,0.3070235221839793,-0.0384308916239172,1.9524914952187131,-1.0514282557701404,-0.8732532681927638,-0.498301175664295,-0.0384308916239172,0.4992191159795664,2.3496144606958707,5.095566448482348,train_oof,0.12060301142481507
Base_LR_SMOTE,Base,supervised,LR,SMOTE,63,pred_normal,1040,1040,0.0,-0.06334561507068734,-0.1222992300668347,0.6311637852531976,-1.2263173897636923,-0.9679672016967547,-0.4841088408705988,-0.1222992300668347,0.27515275919910814,1.047333680601316,2.0253841273285196,train_oof,0.12060301142481507
Base_LR_SMOTE,Base,supervised,LR,SMOTE,64,TP,28,28,0.0,0.8742476933425161,0.8874244739432295,1.8201273005977534,-1.738145474096297,-1.662424135024592,-0.8280260204397654,0.8874244739432295,2.334885274107581,3.4386251011624833,4.20577364535296,train_oof,0.12060301142481507
Base_LR_SMOTE,Base,supervised,LR,SMOTE,64,FP,185,185,0.0,0.10779374834759388,-0.2243950060680941,1.2330852725827302,-1.842861265490879,-1.5134353750788683,-0.6585013913741987,-0.2243950060680941,0.639030423098685,2.3557994649136815,3.8031280046279323,train_oof,0.12060301142481507
Base_LR_SMOTE,Base,supervised,LR,SMOTE,64,TN,985,985,0.0,-0.05638831208548007,-0.1218525865483573,0.8798268048043939,-1.8621437031365131,-1.3540615327052263,-0.6197766675634814,-0.1218525865483573,0.3911637912269417,1.2913706081431142,2.9927795866425155,train_oof,0.12060301142481507
Base_LR_SMOTE,Base,supervised,LR,SMOTE,64,FN,55,55,0.0,0.1597349277327031,-0.2564864220285729,1.2770229799054014,-2.0889517125449863,-1.3189131152370068,-0.7005529117825895,-0.2564864220285729,0.8316397748968842,2.5339839078057524,3.341311026490822,train_oof,0.12060301142481507
Base_LR_SMOTE,Base,supervised,LR,SMOTE,64,pred_anomaly,213,213,0.0,0.20854825754880435,-0.1316301228902988,1.3449864340444282,-1.8046874916532882,-1.6310538630826936,-0.6632887328196309,-0.1316301228902988,0.8787626315822152,2.830728078714646,4.14238336186536,train_oof,0.12060301142481507
Base_LR_SMOTE,Base,supervised,LR,SMOTE,64,pred_normal,1040,1040,0.0,-0.044958717672018464,-0.12537209392455406,0.905658272782156,-1.865712909608224,-1.354993644312928,-0.6250762139728843,-0.12537209392455406,0.39665604841486807,1.4294357097483052,3.0304490668007236,train_oof,0.12060301142481507
Base_LR_SMOTE,Base,supervised,LR,SMOTE,65,TP,28,28,0.0,0.7013424861841041,0.7043557467302433,1.4992949234539674,-1.5915278853488535,-1.326684598366227,-0.6305045146915167,0.7043557467302433,1.6480878554923182,2.7920414837443692,3.7375963734314683,train_oof,0.12060301142481507
Base_LR_SMOTE,Base,supervised,LR,SMOTE,65,FP,185,185,0.0,0.10403569135719266,-0.237188806166218,1.320806604906685,-1.6789899236343786,-1.2175118884479337,-0.6206126605116934,-0.237188806166218,0.566259446601286,1.8372622178609441,3.9619767130123007,train_oof,0.12060301142481507
Base_LR_SMOTE,Base,supervised,LR,SMOTE,65,TN,985,985,0.0,-0.0450074159341397,-0.1484560713672542,0.8971926731149686,-1.5451618184437172,-1.141551745459323,-0.5461537277358606,-0.1484560713672542,0.3333394358100466,1.1350868638920355,2.5700343688332237,train_oof,0.12060301142481507
Base_LR_SMOTE,Base,supervised,LR,SMOTE,65,FN,55,55,0.0,0.06330579965741036,-0.1254730625541483,1.0100447228460963,-1.7071177903989252,-1.0411128523344928,-0.7107467982870663,-0.1254730625541483,0.5882102024903058,1.8208774244274957,2.527869502968003,train_oof,0.12060301142481507
Base_LR_SMOTE,Base,supervised,LR,SMOTE,65,pred_anomaly,213,213,0.0,0.1825548944330308,-0.1550734278607363,1.3569578701970824,-1.6697781258842785,-1.2398659749496754,-0.6243998666040379,-0.1550734278607363,0.6457634300921913,2.521942593794603,3.9608501217415224,train_oof,0.12060301142481507
Base_LR_SMOTE,Base,supervised,LR,SMOTE,65,pred_normal,1040,1040,0.0,-0.03927931318650966,-0.14732811287404696,0.9033020479710652,-1.5687897460704545,-1.1434104843338868,-0.5515405840549347,-0.14732811287404696,0.34053444377429204,1.2666697164311271,2.551182149105608,train_oof,0.12060301142481507
Base_LR_SMOTE,Base,supervised,LR,SMOTE,66,TP,28,28,0.0,-0.6553132475046859,-0.5795772800615125,1.1355797717844331,-3.012047995367189,-2.5314687397645375,-1.306857011506527,-0.5795772800615125,0.13948423857176118,0.8679513305553048,1.5077473305555318,train_oof,0.12060301142481507
Base_LR_SMOTE,Base,supervised,LR,SMOTE,66,FP,185,185,0.0,-0.06693770504363332,-0.0698511910518125,1.1880077670168216,-2.6587091029627077,-1.8357379568463323,-0.8403000815139022,-0.0698511910518125,0.6059598425001067,1.8236267529002779,2.7789970740946184,train_oof,0.12060301142481507
Base_LR_SMOTE,Base,supervised,LR,SMOTE,66,TN,985,985,0.0,0.02981639477543533,0.0090607732175596,0.9543985479895047,-1.9783705190025902,-1.3663256259335452,-0.6420870612607916,0.0090607732175596,0.6719366822293432,1.6295399603297371,2.1436175930232553,train_oof,0.12060301142481507
Base_LR_SMOTE,Base,supervised,LR,SMOTE,66,FN,55,55,0.0,0.05244157456173505,-0.0559487143786184,0.9055153332298076,-2.0526321733098922,-1.322443793774202,-0.42296040152948594,-0.0559487143786184,0.734741805451543,1.558537169827819,1.7847342319814976,train_oof,0.12060301142481507
Base_LR_SMOTE,Base,supervised,LR,SMOTE,66,pred_anomaly,213,213,0.0,-0.1442828467756027,-0.1355284084389519,1.1953670155862008,-3.0654856400797623,-1.9317352431257808,-0.8829834243048671,-0.1355284084389519,0.5744909359418234,1.7125576067496429,2.6338469994137035,train_oof,0.12060301142481507
Base_LR_SMOTE,Base,supervised,LR,SMOTE,66,pred_normal,1040,1040,0.0,0.031012918706441572,-0.01187854817568025,0.9514726752148772,-1.994892979041439,-1.3634043080981262,-0.629021386985885,-0.01187854817568025,0.6797910679113892,1.6310517690615634,2.133949978533227,train_oof,0.12060301142481507
Base_LR_SMOTE,Base,supervised,LR,SMOTE,67,TP,28,28,0.0,0.6035897456634115,-0.0573264927406841,3.497340262652323,-0.057990910940665344,-0.05789521624522502,-0.05761101445916478,-0.0573264927406841,-0.0569807475908308,-0.05678848274850869,13.452332743643623,train_oof,0.12060301142481507
Base_LR_SMOTE,Base,supervised,LR,SMOTE,67,FP,185,185,0.0,0.15718581416678457,-0.0572044821494215,2.0605961841291682,-0.05875945841808121,-0.057775241587547224,-0.057518306769141,-0.0572044821494215,-0.0569793660644697,-0.05581737151330788,2.9067293511561942,train_oof,0.12060301142481507
Base_LR_SMOTE,Base,supervised,LR,SMOTE,67,TN,985,985,0.0,-0.04384602950434462,-0.0573202395161021,0.3472504350181049,-0.058703976319417955,-0.05776384035947212,-0.0575389569526443,-0.0573202395161021,-0.0570555681500735,-0.056418146429427156,-0.05569241172682379,train_oof,0.12060301142481507
Base_LR_SMOTE,Base,supervised,LR,SMOTE,67,FN,55,55,0.0,-0.05699491848180216,-0.0571617275441399,0.0006942960264061484,-0.05787420541062944,-0.057782919965638606,-0.05746217317173055,-0.0571617275441399,-0.0568982195687313,-0.05571301537470229,-0.05523640332249243,train_oof,0.12060301142481507
Base_LR_SMOTE,Base,supervised,LR,SMOTE,67,pred_anomaly,213,213,0.0,0.21586802112408765,-0.0572044821494215,2.2947521913422437,-0.058736213873495494,-0.05779658980542248,-0.0575372118667145,-0.0572044821494215,-0.0569793660644697,-0.05581783686955584,16.22817743440954,train_oof,0.12060301142481507
Base_LR_SMOTE,Base,supervised,LR,SMOTE,67,pred_normal,1040,1040,0.0,-0.04454140344065247,-0.057308605609903,0.3379473950621588,-0.05870098640552482,-0.05777223131431815,-0.05753728457862825,-0.057308605609903,-0.05704560661789057,-0.056110487779993085,-0.05567954462656763,train_oof,0.12060301142481507
Base_LR_SMOTE,Base,supervised,LR,SMOTE,68,TP,28,28,0.0,-0.4802375341129001,-0.0031877467981671495,2.809071971653864,-10.661385619621786,-1.6363321714480443,-0.6717369607326974,-0.0031877467981671504,0.4927516056749967,1.655845263068805,2.113840775162521,train_oof,0.12060301142481507
Base_LR_SMOTE,Base,supervised,LR,SMOTE,68,FP,185,185,0.0,-0.04152467087955198,-0.0526520307512506,1.1618329238043974,-2.736891305308675,-1.4949347014733936,-0.5670435406363576,-0.0526520307512506,0.6061386080902647,1.3925570548979544,1.880300593414001,train_oof,0.12060301142481507
Base_LR_SMOTE,Base,supervised,LR,SMOTE,68,TN,985,985,0.0,0.021980364496375682,0.0679699769227741,0.8690026977679634,-2.0836423332151215,-1.373400504336347,-0.4858031135868114,0.0679699769227741,0.5669885476340675,1.3113119974450416,1.8322573802538253,train_oof,0.12060301142481507
Base_LR_SMOTE,Base,supervised,LR,SMOTE,68,FN,55,55,0.0,-0.019617049357978197,-0.1488255086548765,0.8134244980974823,-1.5038005347975165,-1.2336641915691058,-0.5548308517595726,-0.1488255086548765,0.5583644213656274,1.448705326109289,1.7704831689532883,train_oof,0.12060301142481507
Base_LR_SMOTE,Base,supervised,LR,SMOTE,68,pred_anomaly,213,213,0.0,-0.0991958453891001,-0.0488550999914531,1.482775415636105,-4.32275630183353,-1.565608548042629,-0.6085088027753555,-0.0488550999914531,0.5941458633733433,1.4236594743047255,1.9138589787658922,train_oof,0.12060301142481507
Base_LR_SMOTE,Base,supervised,LR,SMOTE,68,pred_normal,1040,1040,0.0,0.019780501263693507,0.0586975941831474,0.8658324406411569,-2.0180725802757915,-1.3727753998819894,-0.49036406090193285,0.0586975941831474,0.5675152560169061,1.3120493891810132,1.826400151516504,train_oof,0.12060301142481507
Base_LR_SMOTE,Base,supervised,LR,SMOTE,70,TP,28,28,0.0,-0.691861230362898,-0.5593436629961268,1.1306278773156868,-3.4685789922771724,-2.376727262623437,-1.3323758776354873,-0.5593436629961268,-0.13026620948844392,0.8621838621498816,1.3408201863668636,train_oof,0.12060301142481507
Base_LR_SMOTE,Base,supervised,LR,SMOTE,70,FP,185,185,0.0,-0.052575218803644644,-0.1091606967258043,1.3098352769066515,-2.5420939877103,-1.7906350423483097,-0.713019403267803,-0.1091606967258043,0.5037331457145587,1.7130421649139724,2.452755851901392,train_oof,0.12060301142481507
Base_LR_SMOTE,Base,supervised,LR,SMOTE,70,TN,985,985,0.0,0.030027888433291176,0.0173362401592626,0.9224632492625899,-2.058055405154075,-1.3793836819068137,-0.6382076414425081,0.0173362401592626,0.6534717000305164,1.582402883983214,2.1629655801738674,train_oof,0.12060301142481507
Base_LR_SMOTE,Base,supervised,LR,SMOTE,70,FN,55,55,0.0,0.006920835568670273,0.0243167044396944,0.923004873964215,-2.2624899951215496,-1.4227711574188506,-0.48842725779369206,0.0243167044396944,0.7293762531768535,1.3258583568684632,1.6532914726792987,train_oof,0.12060301142481507
Base_LR_SMOTE,Base,supervised,LR,SMOTE,70,pred_anomaly,213,213,0.0,-0.1366128165673024,-0.1797895252648134,1.3033638811733335,-3.011257222913816,-1.892073266007474,-0.8016243876046233,-0.1797895252648134,0.4832995166110391,1.5977417003440362,2.375090492988196,train_oof,0.12060301142481507
Base_LR_SMOTE,Base,supervised,LR,SMOTE,70,pred_normal,1040,1040,0.0,0.028805880829873717,0.01780701451289965,0.9220619110726653,-2.099117797198931,-1.3822599714077983,-0.6227072592834955,0.01780701451289965,0.6569879783243007,1.5668580581580458,2.1594525436533787,train_oof,0.12060301142481507
Base_LR_SMOTE,Base,supervised,LR,SMOTE,71,TP,28,28,0.0,-0.2172178838055218,-0.0865210137763866,0.6190015561918564,-1.3387427425042406,-1.2303421913226655,-0.7290689190190198,-0.0865210137763866,0.18919987067398913,0.5180776540330152,0.9438300311014186,train_oof,0.12060301142481507
Base_LR_SMOTE,Base,supervised,LR,SMOTE,71,FP,185,185,0.0,-0.07889746891878835,-0.1310221528667607,1.1386539726362925,-2.0199370410252637,-1.6165829972872028,-0.7677251228699097,-0.1310221528667607,0.2911541749678457,2.542894612586396,3.692697914124622,train_oof,0.12060301142481507
Base_LR_SMOTE,Base,supervised,LR,SMOTE,71,TN,985,985,0.0,0.021815473402577317,-0.0170729903287143,0.9538128702223968,-1.7431351780069184,-1.3191691214462293,-0.4760325945369264,-0.0170729903287143,0.3785701982443634,1.8210830149947308,3.649956944632795,train_oof,0.12060301142481507
Base_LR_SMOTE,Base,supervised,LR,SMOTE,71,FN,55,55,0.0,-0.0026364491179840894,-0.1644003961226501,1.3796673615763282,-2.623454921381745,-1.9062395133013421,-0.7988529864273273,-0.1644003961226501,0.29781134916431573,2.5615987238778284,3.9147103416357916,train_oof,0.12060301142481507
Base_LR_SMOTE,Base,supervised,LR,SMOTE,71,pred_anomaly,213,213,0.0,-0.09708043425601151,-0.1240528240907433,1.0845674207651008,-1.9098004962987996,-1.5878144490060173,-0.7677251228699097,-0.1240528240907433,0.2808658148460286,2.3965489010926277,3.6679517005684605,train_oof,0.12060301142481507
Base_LR_SMOTE,Base,supervised,LR,SMOTE,71,pred_normal,1040,1040,0.0,0.020522342884662998,-0.02749990886084075,0.9800817187738053,-1.7778749885747809,-1.3294484036032332,-0.49178206717541717,-0.02749990886084075,0.3781497451372179,1.9401000708367413,3.7246171213936963,train_oof,0.12060301142481507
Base_LR_SMOTE,Base,supervised,LR,SMOTE,75,TP,28,28,0.0,0.5802765296212,0.1510762018882904,2.243957762800324,-1.5644727503157982,-1.0971604404017965,-0.3841655557903597,0.1510762018882904,0.9197979032456934,3.167372757300401,8.747939886598658,train_oof,0.12060301142481507
Base_LR_SMOTE,Base,supervised,LR,SMOTE,75,FP,185,185,0.0,-0.16806040040977213,-0.0846063827685637,1.0731241354594483,-3.1760570483534982,-2.136586717967867,-0.7365881122865905,-0.0846063827685637,0.4924855534940138,1.3012953206528621,2.0863165652482167,train_oof,0.12060301142481507
Base_LR_SMOTE,Base,supervised,LR,SMOTE,75,TN,985,985,0.0,0.020771854715235048,0.0563626398299284,0.9159861579837759,-3.1053963257760038,-1.400904631281985,-0.5075134505640406,0.0563626398299284,0.6158334482676946,1.3664934936046653,1.987814460707519,train_oof,0.12060301142481507
Base_LR_SMOTE,Base,supervised,LR,SMOTE,75,FN,55,55,0.0,-0.1086351934387613,-0.0449588451627378,0.9335532956312772,-2.3572913439736314,-2.145397281880272,-0.619848140447214,-0.0449588451627378,0.4836749895816081,1.2647314804163792,1.468607929349449,train_oof,0.12060301142481507
Base_LR_SMOTE,Base,supervised,LR,SMOTE,75,pred_anomaly,213,213,0.0,-0.06968747064044244,-0.0537694090751435,1.3057689254624425,-3.086717930281704,-1.935705860765015,-0.7233722664179818,-0.0537694090751435,0.5409436550122455,1.394687298124364,2.78323217071951,train_oof,0.12060301142481507
Base_LR_SMOTE,Base,supervised,LR,SMOTE,75,pred_normal,1040,1040,0.0,0.013928212745552547,0.04755207591752265,0.9169249449153134,-2.966277521599117,-1.4077328183140996,-0.5207292964326492,0.04755207591752265,0.6037189228881368,1.3559208169097787,1.969444434950151,train_oof,0.12060301142481507
Base_LR_SMOTE,Base,supervised,LR,SMOTE,76,TP,28,28,0.0,-0.4117162512657702,-0.1793335171586776,1.1867587388092793,-4.100730664156449,-2.154854109501209,-0.7145730865125655,-0.1793335171586776,0.18597684626047936,1.054487263553319,1.6059262514817785,train_oof,0.12060301142481507
Base_LR_SMOTE,Base,supervised,LR,SMOTE,76,FP,185,185,0.0,-0.15415472565524252,-0.1864500907202956,0.9526522147255085,-2.1254196761207966,-1.5675128981514743,-0.8021577433159288,-0.1864500907202956,0.4704398341688394,1.4453992958842288,1.9191050294326748,train_oof,0.12060301142481507
Base_LR_SMOTE,Base,supervised,LR,SMOTE,76,TN,985,985,0.0,0.0535859128715655,0.1141125124731043,0.9927747201331256,-2.4201832185386802,-1.6309930596636555,-0.574587352989241,0.1141125124731043,0.7369367386303556,1.5681675327709945,2.1853623861149,train_oof,0.12060301142481507
Base_LR_SMOTE,Base,supervised,LR,SMOTE,76,FN,55,55,0.0,-0.07790680969967764,-0.1523843919884119,0.9999547537457807,-2.4598882629562056,-1.5741004620819838,-0.5596156167835378,-0.1523843919884119,0.34467725004093286,1.607094046905823,1.791126628346326,train_oof,0.12060301142481507
Base_LR_SMOTE,Base,supervised,LR,SMOTE,76,pred_anomaly,213,213,0.0,-0.18801257878714286,-0.1864500907202956,0.9872500821493762,-2.5125288874554577,-1.5836823732536338,-0.7991633960747884,-0.1864500907202956,0.4015698476226048,1.4430038180913163,1.8228068221575935,train_oof,0.12060301142481507
Base_LR_SMOTE,Base,supervised,LR,SMOTE,76,pred_normal,1040,1040,0.0,0.04663197081250936,0.0931520817851198,0.9931080159244658,-2.4484797999674592,-1.6407246881973627,-0.5693472453172449,0.0931520817851198,0.733942391389215,1.5753539661497324,2.176049966194954,train_oof,0.12060301142481507
Base_LR_SMOTE,Base,supervised,LR,SMOTE,77,TP,28,28,0.0,-0.15043386159022445,0.1409228713979443,1.302222951620612,-2.572262099917901,-2.2423706484369417,-1.0869213747367152,0.1409228713979443,0.7859397513479052,1.8240262503526632,1.9367008924719815,train_oof,0.12060301142481507
Base_LR_SMOTE,Base,supervised,LR,SMOTE,77,FP,185,185,0.0,-0.042322855053090004,-0.1700246974283655,1.061419094400522,-1.9627410809016508,-1.5005613714215607,-0.7855414234127533,-0.1700246974283655,0.4646272635607183,2.005651522605569,2.699750280342575,train_oof,0.12060301142481507
Base_LR_SMOTE,Base,supervised,LR,SMOTE,77,TN,985,985,0.0,0.010996956805134515,-0.0871053457413496,0.9751776988603048,-1.8802044339147286,-1.3289820975461195,-0.6866760425551575,-0.0871053457413496,0.5220329685748063,2.011392093106978,2.544372172104443,train_oof,0.12060301142481507
Base_LR_SMOTE,Base,supervised,LR,SMOTE,77,FN,55,55,0.0,-0.027902088348032667,-0.0711593165707695,0.9451490602095965,-1.6476475444909902,-1.3525822207185778,-0.6069458967022575,-0.0711593165707695,0.3848971177078183,1.5700060056653196,2.8159649409377625,train_oof,0.12060301142481507
Base_LR_SMOTE,Base,supervised,LR,SMOTE,77,pred_anomaly,213,213,0.0,-0.056534630560318946,-0.1636462857601336,1.0932182856212884,-2.013002964847319,-1.6121835756156202,-0.8046766584174495,-0.1636462857601336,0.4997085277359943,1.9839649229335798,2.6764052936368454,train_oof,0.12060301142481507
Base_LR_SMOTE,Base,supervised,LR,SMOTE,77,pred_normal,1040,1040,0.0,0.008939795763380493,-0.0855107428242916,0.9732086701698719,-1.868085451745088,-1.331055081338295,-0.6818922338039834,-0.0855107428242916,0.5188437627406903,2.011392093106978,2.5650701179678563,train_oof,0.12060301142481507
Base_LR_SMOTE,Base,supervised,LR,SMOTE,78,TP,28,28,0.0,-0.046295703129993,-0.371904142855899,1.3551688923330285,-1.775565031881906,-1.506278608976943,-1.093703864463485,-0.371904142855899,0.31434655606009276,2.6456411601102903,2.9521664722927663,train_oof,0.12060301142481507
Base_LR_SMOTE,Base,supervised,LR,SMOTE,78,FP,185,185,0.0,-0.2167043448615217,-0.3162621942951429,0.9250074105940568,-1.788177206889011,-1.4538309204261566,-0.8788641186316768,-0.3162621942951429,0.3864750078981099,1.6748952390160596,2.4953460746089586,train_oof,0.12060301142481507
Base_LR_SMOTE,Base,supervised,LR,SMOTE,78,TN,985,985,0.0,0.056531125226058895,0.1144477038233023,1.001411139099582,-1.854617815096373,-1.5531621026716547,-0.6068368145568692,0.1144477038233023,0.6028603634121614,1.7025101320054743,2.1957863100611252,train_oof,0.12060301142481507
Base_LR_SMOTE,Base,supervised,LR,SMOTE,78,FN,55,55,0.0,-0.21487019913998748,-0.0565997676782811,0.749148604814501,-1.4492146995085233,-1.321938894208068,-0.8819553379961632,-0.0565997676782811,0.32671143351803855,0.8544856196813578,1.3478854465115893,train_oof,0.12060301142481507
Base_LR_SMOTE,Base,supervised,LR,SMOTE,78,pred_anomaly,213,213,0.0,-0.19430320885925506,-0.3162621942951429,0.9898750765068963,-1.80895020101836,-1.5032904302579395,-0.9303844413731176,-0.3162621942951429,0.3864750078981099,1.7713412831880386,2.7142044056146,train_oof,0.12060301142481507
Base_LR_SMOTE,Base,supervised,LR,SMOTE,78,pred_normal,1040,1040,0.0,0.04217817057208528,0.0959003876363836,0.9912621799529177,-1.8365444858786755,-1.5425489161869177,-0.6222929113793014,0.0959003876363836,0.5791610149510986,1.6952972868216727,2.1930042126330873,train_oof,0.12060301142481507
Base_LR_SMOTE,Base,supervised,LR,SMOTE,79,TP,28,28,0.0,0.45189191917801474,0.38031056191999074,1.0875543547639173,-1.438701312946263,-1.0272195832325082,-0.28274261371575743,0.38031056191999074,1.059562105038697,2.339665092658593,2.427697820472642,train_oof,0.12060301142481507
Base_LR_SMOTE,Base,supervised,LR,SMOTE,79,FP,185,185,0.0,0.20840541260741552,0.1427345055032731,1.129424933426487,-1.8311337625000594,-1.4157644245903944,-0.5872719223953683,0.1427345055032731,0.7215561702276397,2.465796380792559,3.282885232279583,train_oof,0.12060301142481507
Base_LR_SMOTE,Base,supervised,LR,SMOTE,79,TN,985,985,0.0,-0.07104210960017934,-0.1812328441558872,0.9480784500700993,-1.9002467970940136,-1.428723118576761,-0.6131893103681011,-0.1812328441558872,0.2939192686775481,1.8610573280954574,2.94820536225836,train_oof,0.12060301142481507
Base_LR_SMOTE,Base,supervised,LR,SMOTE,79,FN,55,55,0.0,0.26124765232404235,0.2248062340835938,1.079436960140582,-1.3946849490392386,-1.1963305397545898,-0.5894317047264293,0.2248062340835938,0.7409942112071892,2.3323218327329855,2.7938241212341155,train_oof,0.12060301142481507
Base_LR_SMOTE,Base,supervised,LR,SMOTE,79,pred_anomaly,213,213,0.0,0.24041302849463048,0.1600127641517617,1.1245276139360652,-1.8098815043624183,-1.370840952104324,-0.5743132284090019,0.1600127641517617,0.8165865927943267,2.4597489902655885,3.231914369266541,train_oof,0.12060301142481507
Base_LR_SMOTE,Base,supervised,LR,SMOTE,79,pred_normal,1040,1040,0.0,-0.05346909334457147,-0.16976359847772965,0.9577920104029088,-1.8927307545819212,-1.4166283375228188,-0.6131893103681011,-0.16976359847772965,0.3198366566502809,1.9401053614122947,2.954036774552224,train_oof,0.12060301142481507
Base_LR_SMOTE,Base,supervised,LR,SMOTE,80,TP,28,28,0.0,-0.3916065190358898,-0.7582390326888944,1.2596508929996748,-1.9942330035426241,-1.8521362079598285,-1.5443886389406907,-0.7582390326888944,0.5379416570496753,1.9232125220892249,2.0493625830975986,train_oof,0.12060301142481507
Base_LR_SMOTE,Base,supervised,LR,SMOTE,80,FP,185,185,0.0,-0.12408730688813567,0.110288475382301,1.187476576311831,-2.0350354902215657,-1.7903019310386006,-1.299288955749639,0.110288475382301,0.5353991292157433,2.1321066089250835,2.4645472082673696,train_oof,0.12060301142481507
Base_LR_SMOTE,Base,supervised,LR,SMOTE,80,TN,985,985,0.0,0.04499932053398384,0.2180916555410208,0.9323574293982643,-1.927801836297647,-1.6548360480467,-0.268039666306791,0.2180916555410208,0.5679434854900738,1.4018926150197926,2.2469068256827835,train_oof,0.12060301142481507
Base_LR_SMOTE,Base,supervised,LR,SMOTE,80,FN,55,55,0.0,-0.09951167591801378,0.1936833883352729,1.1372636556920102,-1.9853239860125262,-1.7288744585708018,-1.3318333120239698,0.1936833883352729,0.619811053302288,1.7399471158194002,2.4844399460400544,train_oof,0.12060301142481507
Base_LR_SMOTE,Base,supervised,LR,SMOTE,80,pred_anomaly,213,213,0.0,-0.1592541516775118,0.0940162972451357,1.1975612172140575,-2.028038453622585,-1.8114557626169152,-1.3135271116196587,0.0940162972451357,0.5353991292157433,2.1133936040673436,2.4213445753131957,train_oof,0.12060301142481507
Base_LR_SMOTE,Base,supervised,LR,SMOTE,80,pred_normal,1040,1040,0.0,0.03735691206777242,0.2160576332738751,0.9442146833601781,-1.927801836297647,-1.663480642682069,-0.3082116060829178,0.2160576332738751,0.5679434854900738,1.4184698964970297,2.2684878019371983,train_oof,0.12060301142481507
Base_LR_SMOTE,Base,supervised,LR,SMOTE,81,TP,28,28,0.0,-0.10651761931111547,0.055575900026701,1.194071971357456,-2.769092007636069,-2.5719050297512775,-0.40954362413063644,0.055575900026701,0.6688226611768211,1.4103476095626908,1.5750058462038679,train_oof,0.12060301142481507
Base_LR_SMOTE,Base,supervised,LR,SMOTE,81,FP,185,185,0.0,0.07215828135103071,0.1444522422223705,1.0702654071033755,-3.110080907193455,-2.2931295697308602,-0.2406785739588642,0.1444522422223705,0.6658601164369654,1.4894475541168368,2.288860626719485,train_oof,0.12060301142481507
Base_LR_SMOTE,Base,supervised,LR,SMOTE,81,TN,985,985,0.0,-0.014259433741669847,0.0792762579455461,0.9663172170779318,-2.9136049400462287,-1.9826548809939877,-0.3651054530328017,0.0792762579455461,0.5177328794441828,1.3472454066037642,2.2680043117508992,train_oof,0.12060301142481507
Base_LR_SMOTE,Base,supervised,LR,SMOTE,81,FN,55,55,0.0,0.04555711236100749,0.0615009895064123,1.1144418980400184,-3.235929807742523,-2.321569999233471,-0.3088171029755444,0.0615009895064123,0.6658601164369654,1.611504397398889,1.8709048148206506,train_oof,0.12060301142481507
Base_LR_SMOTE,Base,supervised,LR,SMOTE,81,pred_anomaly,213,213,0.0,0.048670369526898793,0.1385271527426592,1.0860160144459903,-2.9583986165128455,-2.3191999634415903,-0.2525287529182869,0.1385271527426592,0.6658601164369654,1.4894475541168368,2.2144415028543114,train_oof,0.12060301142481507
Base_LR_SMOTE,Base,supervised,LR,SMOTE,81,pred_normal,1040,1040,0.0,-0.011096058707393653,0.07340498296582715,0.974201385432678,-2.9629016845174263,-2.002503930751021,-0.3651054530328017,0.07340498296582715,0.5192141518141106,1.4011637208691379,2.251473312102507,train_oof,0.12060301142481507
Base_LR_SMOTE,Base,supervised,LR,SMOTE,82,TP,28,28,0.0,-0.2725694830544412,-0.0549087841781741,0.8052289771363018,-1.6869539403754823,-1.5670788877208195,-0.9754321565090535,-0.0549087841781741,0.39983252194330215,0.7621074623283932,0.8067949387842762,train_oof,0.12060301142481507
Base_LR_SMOTE,Base,supervised,LR,SMOTE,82,FP,185,185,0.0,-0.08672737826169007,-0.110112584617807,0.9341740645218647,-1.8605146889576885,-1.3510940185007556,-0.7946397100692555,-0.110112584617807,0.4998894102401369,1.3456116329753134,2.4686777491192062,train_oof,0.12060301142481507
Base_LR_SMOTE,Base,supervised,LR,SMOTE,82,TN,985,985,0.0,0.02222699458766626,0.0554988167010917,1.0123424592597465,-2.145697522028832,-1.566388840215324,-0.5959060284865769,0.0554988167010917,0.5799349208776047,1.610037837081154,3.0703991739112046,train_oof,0.12060301142481507
Base_LR_SMOTE,Base,supervised,LR,SMOTE,82,FN,55,55,0.0,0.006869287041087785,0.0361774865472202,0.9539839020593374,-1.8134258471826812,-1.6268370016967222,-0.7421960996516042,0.0361774865472202,0.7303652770756044,1.4438743977578596,1.7201142151577837,train_oof,0.12060301142481507
Base_LR_SMOTE,Base,supervised,LR,SMOTE,82,pred_anomaly,213,213,0.0,-0.11115732630956343,-0.0769903043540273,0.9186739022269054,-1.803875589706625,-1.4294834151250342,-0.8084406601791638,-0.0769903043540273,0.466767129976357,1.2975843265928313,2.408174383837366,train_oof,0.12060301142481507
Base_LR_SMOTE,Base,supervised,LR,SMOTE,82,pred_normal,1040,1040,0.0,0.021414808130876043,0.0554988167010917,1.0089096595016682,-2.142219682601135,-1.5792237238175386,-0.607636836079999,0.0554988167010917,0.5937358709875128,1.590440487925085,3.0657896565744958,train_oof,0.12060301142481507
Base_LR_SMOTE,Base,supervised,LR,SMOTE,83,TP,28,28,0.0,-0.08629102306022561,-0.1655100740095721,1.0742506594574308,-2.1133611286572513,-1.7740061206319528,-0.43137558533213893,-0.1655100740095721,0.1766704828075933,2.181053860158464,2.7247507714372863,train_oof,0.12060301142481507
Base_LR_SMOTE,Base,supervised,LR,SMOTE,83,FP,185,185,0.0,0.03625347401192898,0.1231577713132881,1.018973858891258,-2.011668540888455,-1.7725991681085307,-0.6913221929354817,0.1231577713132881,0.6923428404440086,1.606299199659161,2.5138359741191687,train_oof,0.12060301142481507
Base_LR_SMOTE,Base,supervised,LR,SMOTE,83,TN,985,985,0.0,0.0027405639174206105,0.024574063465211,0.9956972243794997,-2.3810779954382255,-1.5804385627715927,-0.6528978343647749,0.024574063465211,0.688655654520557,1.6536504294129624,2.1547584026517463,train_oof,0.12060301142481507
Base_LR_SMOTE,Base,supervised,LR,SMOTE,83,FN,55,55,0.0,-0.12709453645782115,-0.1196143123834511,0.9990289554737795,-2.1203551381667882,-1.6381139131110571,-0.7816582480600462,-0.1196143123834511,0.601521629276885,1.3657200212747926,1.9941018900944465,train_oof,0.12060301142481507
Base_LR_SMOTE,Base,supervised,LR,SMOTE,83,pred_anomaly,213,213,0.0,0.020144338246575324,0.0715371683849646,1.0246311307287865,-2.1572619286363697,-1.7812155394243854,-0.6715278263990566,0.0715371683849646,0.6539184818733018,1.6196506939503976,2.737908203311498,train_oof,0.12060301142481507
Base_LR_SMOTE,Base,supervised,LR,SMOTE,83,pred_normal,1040,1040,0.0,-0.004125715429346981,0.0022568855074784496,0.9958159074891981,-2.37694834720396,-1.6037939746604033,-0.669781264645842,0.0022568855074784496,0.6887526857290691,1.65044839953207,2.1433067794231717,train_oof,0.12060301142481507
Base_LR_SMOTE,Base,supervised,LR,SMOTE,84,TP,28,28,0.0,0.06224411806372514,0.18557909444235665,0.8874184356426975,-1.458348552778189,-1.10546875599464,-0.707536251747729,0.18557909444235665,0.7164865502331286,1.3376978910275612,1.4008113754916616,train_oof,0.12060301142481507
Base_LR_SMOTE,Base,supervised,LR,SMOTE,84,FP,185,185,0.0,-0.029297486734436502,0.0367265367440068,1.0282279706111357,-2.404455409508883,-1.6383609125547236,-0.6976127479011681,0.0367265367440068,0.6122897598442847,1.5967013414226863,2.3985204522244508,train_oof,0.12060301142481507
Base_LR_SMOTE,Base,supervised,LR,SMOTE,84,TN,985,985,0.0,0.00543138311058971,-0.0029674786422147,1.0024296891354576,-2.4370045021255886,-1.5470646771664018,-0.6579187325149466,-0.0029674786422147,0.6321367675373954,1.699905781426873,2.3985204522244508,train_oof,0.12060301142481507
Base_LR_SMOTE,Base,supervised,LR,SMOTE,84,FN,55,55,0.0,-0.04554833151107752,-0.0823555094146687,0.8592429073361983,-1.6883753719413683,-1.455768441778085,-0.618224717128717,-0.0823555094146687,0.5031312175321618,1.4101394691074227,1.749523300659657,train_oof,0.12060301142481507
Base_LR_SMOTE,Base,supervised,LR,SMOTE,84,pred_anomaly,213,213,0.0,-0.01726384854500682,0.056573544437123,1.0093924703411963,-2.344914386429544,-1.5788198894753847,-0.6976127479011681,0.056573544437123,0.6321367675373954,1.5530379244978354,2.3270712245292415,train_oof,0.12060301142481507
Base_LR_SMOTE,Base,supervised,LR,SMOTE,84,pred_normal,1040,1040,0.0,0.0027353405104053735,-0.0029674786422147,0.9950749417608171,-2.416562084201682,-1.551034078705024,-0.6579187325149466,-0.0029674786422147,0.6321367675373954,1.6850205256570359,2.3985204522244508,train_oof,0.12060301142481507
Base_LR_SMOTE,Base,supervised,LR,SMOTE,86,TP,28,28,0.0,0.005473313210643831,0.03650091884845555,0.807555961435208,-1.6795274003892622,-1.4752447188122952,-0.5337153878574967,0.03650091884845555,0.5098880413967837,1.3321291968685207,1.4444779474869576,train_oof,0.12060301142481507
Base_LR_SMOTE,Base,supervised,LR,SMOTE,86,FP,185,185,0.0,0.07315352744625062,0.165606497725272,0.9908536575841064,-2.1568952782863042,-1.4449855987630484,-0.6466827693747186,0.165606497725272,0.7412022035510853,1.5411188526753805,2.141244618487786,train_oof,0.12060301142481507
Base_LR_SMOTE,Base,supervised,LR,SMOTE,86,TN,985,985,0.0,-0.02019303268793892,0.0418803179683224,1.0099938644993278,-3.285278037669704,-1.7559148678913834,-0.668200365854186,0.0418803179683224,0.7035464097120173,1.4507449474616059,1.9721163101591561,train_oof,0.12060301142481507
Base_LR_SMOTE,Base,supervised,LR,SMOTE,86,FN,55,55,0.0,0.11279057909384425,0.2140210898040738,0.9514521677533323,-1.887333588389744,-1.4428338391150943,-0.5821299799363044,0.2140210898040738,0.6699251652128465,1.4956629301125004,2.2907919140201076,train_oof,0.12060301142481507
Base_LR_SMOTE,Base,supervised,LR,SMOTE,86,pred_anomaly,213,213,0.0,0.06425659787537273,0.1010537082868578,0.9673170800679262,-2.1178408406760667,-1.4465994184990072,-0.6197857737753724,0.1010537082868578,0.7412022035510853,1.4970077798924604,2.0734641895774546,train_oof,0.12060301142481507
Base_LR_SMOTE,Base,supervised,LR,SMOTE,86,pred_normal,1040,1040,0.0,-0.0131602455264023,0.0553288157679836,1.006987869568681,-3.1363224760405717,-1.7387007907078096,-0.668200365854186,0.0553288157679836,0.6995118603721172,1.451282887373594,1.9769577693670355,train_oof,0.12060301142481507
Base_LR_SMOTE,Base,supervised,LR,SMOTE,87,TP,28,28,0.0,-0.0760314587750942,0.26913351114449285,0.7778848229076556,-1.4205527547175885,-1.3804909844383988,-0.8889609780938963,0.26913351114449285,0.5275357017400233,0.715773209925681,0.7798267748353471,train_oof,0.12060301142481507
Base_LR_SMOTE,Base,supervised,LR,SMOTE,87,FP,185,185,0.0,-0.04820823612229409,0.4087084170136116,1.4444239410494117,-2.7108284521087884,-1.3989752287291755,-0.1873141539950709,0.4087084170136116,0.56714479664883,0.6697512139363971,0.7442917582600161,train_oof,0.12060301142481507
Base_LR_SMOTE,Base,supervised,LR,SMOTE,87,TN,985,985,0.0,0.01786038317140912,0.3785300589878589,0.7705639197389735,-1.9334339493653152,-1.3567255274931131,-0.6098111663556505,0.3785300589878589,0.5445110281295155,0.6803136392454192,0.7633041238162476,train_oof,0.12060301142481507
Base_LR_SMOTE,Base,supervised,LR,SMOTE,87,FN,55,55,0.0,-0.11900132537313068,0.4087084170136116,2.2228547345462424,-7.953111024762864,-1.2978777293428894,0.1069248367560512,0.4087084170136116,0.570917091402049,0.6659789191831808,0.736596276963448,train_oof,0.12060301142481507
Base_LR_SMOTE,Base,supervised,LR,SMOTE,87,pred_anomaly,213,213,0.0,-0.05186574895928189,0.4011638275071734,1.3740296606885154,-1.8827343078820442,-1.405010900334326,-0.2929384070852137,0.4011638275071734,0.5596002071423918,0.6757868855415511,0.7633041238162476,train_oof,0.12060301142481507
Base_LR_SMOTE,Base,supervised,LR,SMOTE,87,pred_normal,1040,1040,0.0,0.0106225043541498,0.3785300589878589,0.9055824489751424,-1.9639895368663935,-1.3567255274931131,-0.5966081347193836,0.3785300589878589,0.546397175506125,0.6803136392454192,0.7633041238162476,train_oof,0.12060301142481507
Base_LR_SMOTE,Base,supervised,LR,SMOTE,88,TP,28,28,0.0,0.32352857632803717,0.45896645539251013,0.7802141760696804,-1.2728397874028667,-0.8941775250811266,-0.235470002902484,0.45896645539251013,0.8630639853941988,1.3806817994264595,1.4398439654426989,train_oof,0.12060301142481507
Base_LR_SMOTE,Base,supervised,LR,SMOTE,88,FP,185,185,0.0,-0.004815672790540596,-0.0184711298277049,0.9665813058980547,-2.7138147229110845,-1.7835677188690493,-0.5238908218670609,-0.0184711298277049,0.6692756929413055,1.431034920210092,1.6929026731806407,train_oof,0.12060301142481507
Base_LR_SMOTE,Base,supervised,LR,SMOTE,88,TN,985,985,0.0,-0.007381275886060698,0.0399044749941283,1.007006161494237,-2.755945150235627,-1.8089309645767528,-0.6167237395527984,0.0399044749941283,0.6188734790922371,1.5272449141290203,2.2266600864050954,train_oof,0.12060301142481507
Base_LR_SMOTE,Base,supervised,LR,SMOTE,88,FN,55,55,0.0,-0.016315344057651896,-0.0909915565686715,1.0871042066216159,-2.9942776123970694,-1.9167011527819562,-0.5051254208196936,-0.0909915565686715,0.6990212000994337,1.6421817494079014,2.2580863821231327,train_oof,0.12060301142481507
Base_LR_SMOTE,Base,supervised,LR,SMOTE,88,pred_anomaly,213,213,0.0,0.038346951506737226,0.0768107982488148,0.9490936408343752,-2.662698346031928,-1.6774164732470647,-0.4851731337841639,0.0768107982488148,0.6895693742824609,1.427740230040738,1.657550399376697,train_oof,0.12060301142481507
Base_LR_SMOTE,Base,supervised,LR,SMOTE,88,pred_normal,1040,1040,0.0,-0.007853750645135237,0.02726912376517205,1.010844730353826,-2.774427842940648,-1.8097274572418665,-0.6045181877664625,0.02726912376517205,0.6278752851427,1.5307025895137054,2.2266600864050954,train_oof,0.12060301142481507
Base_LR_SMOTE,Base,supervised,LR,SMOTE,89,TP,28,28,0.0,-0.22302845252749964,-0.33479756605062017,0.33889056054583233,-0.6702342776584499,-0.6582873598367909,-0.508080120460978,-0.33479756605062017,0.04093822404018128,0.3375213297294673,0.3994502506825563,train_oof,0.12060301142481507
Base_LR_SMOTE,Base,supervised,LR,SMOTE,89,FP,185,185,0.0,-0.05934984657098047,-0.0204508216177593,0.38612140414851176,-0.7247965131325856,-0.6101339665760234,-0.3896558621704839,-0.0204508216177593,0.1833085639702996,0.47658275656029253,1.1193478337640599,train_oof,0.12060301142481507
Base_LR_SMOTE,Base,supervised,LR,SMOTE,89,TN,985,985,0.0,-0.0007132639792355405,0.0196044422157906,0.8673900916053761,-0.7094710208832274,-0.6073475134397762,-0.3165114673439995,0.0196044422157906,0.2007238960718431,0.45916742445874875,0.8650839850815253,train_oof,0.12060301142481507
Base_LR_SMOTE,Base,supervised,LR,SMOTE,89,FN,55,55,0.0,0.26683882957733934,-0.0239338880380681,2.847418337072582,-0.7390074241274451,-0.6458353973841873,-0.4297111260040323,-0.0239338880380681,0.17634243112968223,0.4791950563755239,9.913602915744713,train_oof,0.12060301142481507
Base_LR_SMOTE,Base,supervised,LR,SMOTE,89,pred_anomaly,213,213,0.0,-0.08086628303474824,-0.0448322865599205,0.38353436547099,-0.7197808974873411,-0.618493325984764,-0.4053296610618713,-0.0448322865599205,0.1728593647093737,0.4602123443848416,1.0527516038077582,train_oof,0.12060301142481507
Base_LR_SMOTE,Base,supervised,LR,SMOTE,89,pred_normal,1040,1040,0.0,0.013436125583852567,0.01699214240055915,1.0665431550100017,-0.7185095782439287,-0.6110047331811005,-0.322171450277001,0.01699214240055915,0.19767621295407303,0.4604735743663645,0.8674350549152335,train_oof,0.12060301142481507
Base_LR_SMOTE,Base,supervised,LR,SMOTE,90,TP,28,28,0.0,-0.34453682225377374,-0.4248919311329148,0.806923206387523,-1.9602439391236075,-1.7351156267400802,-0.7903346152813724,-0.4248919311329148,0.12797170683206138,0.9767725652938423,1.4057765510082534,train_oof,0.12060301142481507
Base_LR_SMOTE,Base,supervised,LR,SMOTE,90,FP,185,185,0.0,-0.12040158932986995,-0.1340844158060902,1.0258431910021286,-2.533574272709057,-1.6592261597234053,-0.7081949743554209,-0.1340844158060902,0.4619282832870134,1.400515338874312,2.828887229166065,train_oof,0.12060301142481507
Base_LR_SMOTE,Base,supervised,LR,SMOTE,90,TN,985,985,0.0,0.03602005827839345,0.0370371863285813,0.9887739387670086,-2.2036794901906904,-1.4988090825108504,-0.627403803197443,0.0370371863285813,0.6466086077576131,1.6467559410886186,2.5041785377465193,train_oof,0.12060301142481507
Base_LR_SMOTE,Base,supervised,LR,SMOTE,90,FN,55,55,0.0,-0.05835773828169958,-0.0452800120201273,0.8206700160343708,-1.9097391649244781,-1.4960848479728108,-0.4583682463999311,-0.0452800120201273,0.3637252919671303,1.2205892543072305,1.7551062119290521,train_oof,0.12060301142481507
Base_LR_SMOTE,Base,supervised,LR,SMOTE,90,pred_anomaly,213,213,0.0,-0.1498653758175193,-0.1590388651115895,1.0010260668754545,-2.4935480574454596,-1.6767174991551597,-0.7163351427340603,-0.1590388651115895,0.4054813031863976,1.3959363924092243,2.6540720358048,train_oof,0.12060301142481507
Base_LR_SMOTE,Base,supervised,LR,SMOTE,90,pred_normal,1040,1040,0.0,0.03102892480646546,0.0249785937264314,0.9804950856114171,-2.2102844736891685,-1.5014304838280468,-0.6097628500146943,0.0249785937264314,0.6356955673348745,1.6205327066321675,2.495686874353488,train_oof,0.12060301142481507
Base_LR_SMOTE,Base,supervised,LR,SMOTE,91,TP,28,28,0.0,0.13474947044941527,0.11115665372964256,0.518537026202923,-0.9441980303712498,-0.6722458501704988,-0.11864141408106553,0.11115665372964256,0.5029990592840196,0.8523824606630518,1.0485972629371978,train_oof,0.12060301142481507
Base_LR_SMOTE,Base,supervised,LR,SMOTE,91,FP,185,185,0.0,0.16536574172291968,0.1427750610942609,1.0123321921911101,-3.003708163219042,-1.51651378824753,-0.3043995573481981,0.1427750610942609,0.6633495537760125,1.7666061250343006,2.418622854046109,train_oof,0.12060301142481507
Base_LR_SMOTE,Base,supervised,LR,SMOTE,91,TN,985,985,0.0,-0.03733251803095428,-0.0209631199010839,1.0088157668591375,-2.722033322753671,-1.745521395874123,-0.5720267911130033,-0.0209631199010839,0.5154205764629768,1.6168703815861436,2.525041379404737,train_oof,0.12060301142481507
Base_LR_SMOTE,Base,supervised,LR,SMOTE,91,FN,55,55,0.0,0.04711911309961368,0.0874428482061788,0.9041941973840107,-2.491354456452091,-1.9177287931278482,-0.2343873696122575,0.0874428482061788,0.5267128648074832,1.382216629787298,1.823225658793658,train_oof,0.12060301142481507
Base_LR_SMOTE,Base,supervised,LR,SMOTE,91,pred_anomaly,213,213,0.0,0.16134106756490033,0.1348704592531063,0.9611530105909947,-2.9424136220850605,-1.3728758805054069,-0.2953657266725929,0.1348704592531063,0.652057265431506,1.7110480663793293,2.3885853670497212,train_oof,0.12060301142481507
Base_LR_SMOTE,Base,supervised,LR,SMOTE,91,pred_normal,1040,1040,0.0,-0.032866326000010784,-0.0209631199010839,1.0033370925896692,-2.7377860649942574,-1.761217676672987,-0.558758352308208,-0.0209631199010839,0.5171144197146528,1.6209920668318896,2.5086788535935467,train_oof,0.12060301142481507
Base_LR_SMOTE,Base,supervised,LR,SMOTE,92,TP,28,28,0.0,-0.12460439438111656,-0.2978759422726548,1.0398751498231786,-2.353857282612854,-1.085117239108172,-0.5343534636089051,-0.2978759422726548,0.3657867788968219,1.275080989970403,2.859938081351675,train_oof,0.12060301142481507
Base_LR_SMOTE,Base,supervised,LR,SMOTE,92,FP,185,185,0.0,-0.03307059928723208,-0.0385134995167673,0.8988382543568729,-2.6675332722046803,-1.228529413337898,-0.4046722422309614,-0.0385134995167673,0.4191849288759751,1.2979659113900401,2.369590498400247,train_oof,0.12060301142481507
Base_LR_SMOTE,Base,supervised,LR,SMOTE,92,TN,985,985,0.0,0.011983994312412182,-0.0385134995167673,1.0295880253934155,-2.1536905032624283,-1.3505823275759627,-0.5267251564690261,-0.0385134995167673,0.4496981574354913,1.5115585113066525,3.3728654534371354,train_oof,0.12060301142481507
Base_LR_SMOTE,Base,supervised,LR,SMOTE,92,FN,55,55,0.0,-0.043506573281051855,-0.0995399566357997,0.7353194198461674,-1.204118830490285,-0.902037867751075,-0.5724949993083004,-0.0995399566357997,0.3276452431974266,1.0080902400746372,2.2878150458607465,train_oof,0.12060301142481507
Base_LR_SMOTE,Base,supervised,LR,SMOTE,92,pred_anomaly,213,213,0.0,-0.045103210848869466,-0.0690267280762835,0.9164518955025339,-2.7822630115884612,-1.228529413337898,-0.4351854707904776,-0.0690267280762835,0.4191849288759751,1.3406844313733615,2.633224793154467,train_oof,0.12060301142481507
Base_LR_SMOTE,Base,supervised,LR,SMOTE,92,pred_normal,1040,1040,0.0,0.009049396987757825,-0.0476827024298581,1.0159690249062134,-2.143926270123383,-1.3505823275759627,-0.5267251564690261,-0.0476827024298581,0.4191849288759751,1.4886735898870156,3.3127543931748846,train_oof,0.12060301142481507
Base_LR_SMOTE,Base,supervised,LR,SMOTE,95,TP,28,28,0.0,0.5174978895992605,0.3830604694868797,1.015309963376776,-1.2449766880740514,-0.5580014712997856,-0.5580014712997856,0.3830604694868797,1.324122410273545,1.9358126717848758,2.9521595678344767,train_oof,0.12060301142481507
Base_LR_SMOTE,Base,supervised,LR,SMOTE,95,FP,185,185,0.0,0.17958761742489798,0.3830604694868797,0.9546485178493617,-1.6496333226123174,-1.499063412086451,-0.5580014712997856,0.3830604694868797,0.3830604694868797,1.324122410273545,2.26518435106021,train_oof,0.12060301142481507
Base_LR_SMOTE,Base,supervised,LR,SMOTE,95,TN,985,985,0.0,-0.05823040240064226,-0.5580014712997856,0.9933371136448672,-2.440125352873116,-1.499063412086451,-0.5580014712997856,-0.5580014712997856,0.3830604694868797,1.324122410273545,2.26518435106021,train_oof,0.12060301142481507
Base_LR_SMOTE,Base,supervised,LR,SMOTE,95,FN,55,55,0.0,0.1777378642243345,0.3830604694868797,1.0819697844470149,-2.797728890372049,-1.499063412086451,-0.5580014712997856,0.3830604694868797,1.324122410273545,1.324122410273545,1.7570109030354115,train_oof,0.12060301142481507
Base_LR_SMOTE,Base,supervised,LR,SMOTE,95,pred_anomaly,213,213,0.0,0.22400774710040106,0.3830604694868797,0.9671466930380899,-1.499063412086451,-1.499063412086451,-0.5580014712997856,0.3830604694868797,0.3830604694868797,1.324122410273545,2.26518435106021,train_oof,0.12060301142481507
Base_LR_SMOTE,Base,supervised,LR,SMOTE,95,pred_normal,1040,1040,0.0,-0.045751311377205985,-0.5580014712997856,0.9990598024893618,-2.440125352873116,-1.499063412086451,-0.5580014712997856,-0.5580014712997856,0.3830604694868797,1.324122410273545,2.26518435106021,train_oof,0.12060301142481507
Base_LR_SMOTE,Base,supervised,LR,SMOTE,96,TP,28,28,0.0,-0.0692383574077877,0.0112248301114711,0.769333789087838,-2.4108901429757403,-1.0277117381054797,-0.3717979194939693,0.0112248301114711,0.339867113067151,0.8455605103755014,0.9652424795393955,train_oof,0.12060301142481507
Base_LR_SMOTE,Base,supervised,LR,SMOTE,96,FP,185,185,0.0,0.05364207996352124,-0.0698964445189565,1.1480742715004157,-3.0716442725444235,-1.3712524712218173,-0.4590987926073242,-0.0698964445189565,0.521996733809427,1.5474055991655689,3.0976533814935316,train_oof,0.12060301142481507
Base_LR_SMOTE,Base,supervised,LR,SMOTE,96,TN,985,985,0.0,-0.006651216617169235,-0.0622562136673373,0.9807843910013495,-2.1948154259850643,-1.4136782237155148,-0.4932551187675043,-0.0622562136673373,0.4523358054564282,1.3885786825207314,2.791253158822948,train_oof,0.12060301142481507
Base_LR_SMOTE,Base,supervised,LR,SMOTE,96,FN,55,55,0.0,-0.020753825971750118,-0.0685481684863178,0.8848645672727972,-2.291064357701698,-1.4845526004978882,-0.47010971354054015,-0.0685481684863178,0.5071656974504015,1.3571189084258297,1.8331052904817082,train_oof,0.12060301142481507
Base_LR_SMOTE,Base,supervised,LR,SMOTE,96,pred_anomaly,213,213,0.0,0.03748878303208157,-0.0694470191747436,1.1050346531736976,-3.022620955997681,-1.366398677504318,-0.433930973331402,-0.0694470191747436,0.4936829371240146,1.4566216796345635,2.9797421481858333,train_oof,0.12060301142481507
Base_LR_SMOTE,Base,supervised,LR,SMOTE,96,pred_normal,1040,1040,0.0,-0.007397027688805714,-0.0622562136673373,0.9755621166466719,-2.2429488803502657,-1.4163972470480026,-0.4859519569240447,-0.0622562136673373,0.46020074898015384,1.3720623011209074,2.7490116707203684,train_oof,0.12060301142481507
Base_LR_SMOTE,Base,supervised,LR,SMOTE,98,TP,28,28,0.0,-0.16986627386685096,-0.1679941956529355,0.5248187764288034,-1.0016034543247976,-0.8986480987739203,-0.6107075591162647,-0.1679941956529355,0.2496117825609345,0.6284027869041623,0.7172910485485298,train_oof,0.12060301142481507
Base_LR_SMOTE,Base,supervised,LR,SMOTE,98,FP,185,185,0.0,-0.15515669131428805,0.0065398219010423,1.1086724023328949,-2.8168801644998602,-1.7900124613808204,-0.6619080699136609,0.0065398219010423,0.4184632972178061,1.113120284027326,2.4829885007935726,train_oof,0.12060301142481507
Base_LR_SMOTE,Base,supervised,LR,SMOTE,98,TN,985,985,0.0,0.039592841235917116,0.0526956617591707,0.991191923083462,-2.3396426967004387,-1.269216869333376,-0.4023684477968487,0.0526956617591707,0.5107749769340629,1.5070453011883571,2.539358929532862,train_oof,0.12060301142481507
Base_LR_SMOTE,Base,supervised,LR,SMOTE,98,FN,55,55,0.0,-0.10964047851845844,0.0526956617591707,0.8640338011229286,-1.9638831336986462,-1.6882840625779305,-0.6310601970436556,0.0526956617591707,0.35897097096851,1.158186011084784,1.9818010228245542,train_oof,0.12060301142481507
Base_LR_SMOTE,Base,supervised,LR,SMOTE,98,pred_anomaly,213,213,0.0,-0.15709034535875643,-0.041239590213402,1.049722396830483,-2.749107619743352,-1.7333265957460133,-0.6619080699136609,-0.041239590213402,0.3727713351471967,1.0951682136503451,2.349317477542134,train_oof,0.12060301142481507
Base_LR_SMOTE,Base,supervised,LR,SMOTE,98,pred_normal,1040,1040,0.0,0.03170069451813764,0.0526956617591707,0.9850744114443555,-2.3096205262922167,-1.3247894282781376,-0.4105442938018689,0.0526956617591707,0.5046285962494377,1.5012352318996836,2.529394834656959,train_oof,0.12060301142481507
Base_LR_SMOTE,Base,supervised,LR,SMOTE,100,TP,28,28,0.0,0.4467299819668626,0.1876042319693517,1.1898464822538246,-1.0681590180185856,-1.0681590180185856,-0.2309835180266273,0.1876042319693517,0.8852504819626501,2.5456485569466993,3.857223506934102,train_oof,0.12060301142481507
Base_LR_SMOTE,Base,supervised,LR,SMOTE,100,FP,185,185,0.0,0.20495111169891486,0.048074981970692,1.0452624861110318,-2.1843930180078632,-1.347217518015905,-0.2309835180266273,0.048074981970692,0.6061919819653308,1.7224259819546082,2.727036581944949,train_oof,0.12060301142481507
Base_LR_SMOTE,Base,supervised,LR,SMOTE,100,TN,985,985,0.0,-0.06796390987435366,0.048074981970692,0.958650278412516,-2.5081008780047536,-1.5704643180137594,-0.5100420180239468,0.048074981970692,0.3271334819680114,1.1643089819599697,2.2805429819492478,train_oof,0.12060301142481507
Base_LR_SMOTE,Base,supervised,LR,SMOTE,100,FN,55,55,0.0,0.30683831833184266,0.048074981970692,1.23036184522568,-1.7546429280119913,-1.1518765680177814,-0.37051276802528704,0.048074981970692,0.7457212319639904,1.7224259819546082,4.379062901929092,train_oof,0.12060301142481507
Base_LR_SMOTE,Base,supervised,LR,SMOTE,100,pred_anomaly,213,213,0.0,0.2367342495745136,0.048074981970692,1.0654966527056557,-2.150905998008185,-1.179782418017513,-0.2309835180266273,0.048074981970692,0.6061919819653308,1.8340493819535297,4.066517381932084,train_oof,0.12060301142481507
Base_LR_SMOTE,Base,supervised,LR,SMOTE,100,pred_normal,1040,1040,0.0,-0.04814263819037212,0.048074981970692,0.9777941065743962,-2.4634515180051824,-1.36117044301577,-0.5100420180239468,0.048074981970692,0.3271334819680114,1.443367481957289,2.2805429819492478,train_oof,0.12060301142481507
Base_LR_SMOTE,Base,supervised,LR,SMOTE,101,TP,28,28,0.0,-0.1786948211340431,-0.17869482113404314,0.47225329795188603,-0.8397950289659181,-0.8397950289659181,-0.3990615570780014,-0.17869482113404317,0.0416719148099151,0.4824053866978318,0.4824053866978318,train_oof,0.12060301142481507
Base_LR_SMOTE,Base,supervised,LR,SMOTE,101,FP,185,185,0.0,-0.16082724794939787,0.0416719148099151,1.1027655069035769,-2.9553156940279175,-1.721261972741751,-0.3990615570780014,0.0416719148099151,0.4824053866978318,0.9231388585857484,2.7565901016394796,train_oof,0.12060301142481507
Base_LR_SMOTE,Base,supervised,LR,SMOTE,101,TN,985,985,0.0,0.04255453229252267,0.0416719148099151,0.9972630289948368,-2.161995444629668,-1.2805285008538343,-0.3990615570780014,0.0416719148099151,0.4824053866978318,1.3638723304736649,2.6860727461374143,train_oof,0.12060301142481507
Base_LR_SMOTE,Base,supervised,LR,SMOTE,101,FN,55,55,0.0,-0.13462147394525142,0.0416719148099151,0.7614855621144273,-1.721261972741751,-1.2805285008538343,-0.3990615570780014,0.0416719148099151,0.4824053866978318,1.0553589001521222,1.769347124610549,train_oof,0.12060301142481507
Base_LR_SMOTE,Base,supervised,LR,SMOTE,101,pred_anomaly,213,213,0.0,-0.16317603691263763,0.0416719148099151,1.0411130522110952,-2.6027289165175844,-1.721261972741751,-0.3990615570780014,0.0416719148099151,0.4824053866978318,0.9231388585857484,2.5802967128843104,train_oof,0.12060301142481507
Base_LR_SMOTE,Base,supervised,LR,SMOTE,101,pred_normal,1040,1040,0.0,0.03318464734725577,0.0416719148099151,0.9867108734452106,-2.161995444629668,-1.2805285008538343,-0.3990615570780014,0.0416719148099151,0.4824053866978318,1.3638723304736649,2.6860727461374143,train_oof,0.12060301142481507
Base_LR_SMOTE,Base,supervised,LR,SMOTE,102,TP,28,28,0.0,-0.21003240264255765,-0.45221014052891007,1.6271967171340829,-3.2906409649855513,-2.06313335837749,-0.9448177682788119,-0.45221014052891007,-0.0310065500261438,2.9627481127568482,4.438854089942413,train_oof,0.12060301142481507
Base_LR_SMOTE,Base,supervised,LR,SMOTE,102,FP,185,185,0.0,-0.2876881264964421,-0.244416369214212,1.0650654650169096,-4.184892290787824,-1.513643188595881,-0.8268807629380374,-0.244416369214212,0.3171884181228096,1.1361686565708546,1.665425008157264,train_oof,0.12060301142481507
Base_LR_SMOTE,Base,supervised,LR,SMOTE,102,TN,985,985,0.0,0.07007183532137923,-0.0310065500261438,0.9514493587542694,-1.9801923542133448,-1.3974712268724514,-0.5155912522426596,-0.0310065500261438,0.5642945245510992,1.826782086484722,2.8996718722133683,train_oof,0.12060301142481507
Base_LR_SMOTE,Base,supervised,LR,SMOTE,102,FN,55,55,0.0,-0.1897729527631866,-0.2604622202809841,0.9979202864430641,-2.0428353567780233,-1.502732009870476,-0.733012534197421,-0.2604622202809841,0.1029763063814027,1.9115041801172794,2.7877039234694356,train_oof,0.12060301142481507
Base_LR_SMOTE,Base,supervised,LR,SMOTE,102,pred_anomaly,213,213,0.0,-0.2774798623278564,-0.2652759756010157,1.1499784250094784,-4.040543814591142,-1.5948351949937474,-0.8381128586847777,-0.2652759756010157,0.2770737904558794,1.254907954464968,1.7785803498801405,train_oof,0.12060301142481507
Base_LR_SMOTE,Base,supervised,LR,SMOTE,102,pred_normal,1040,1040,0.0,0.05633004364383007,-0.0310065500261438,0.9552371144177308,-2.0111929384743483,-1.4128752438965524,-0.5316371033094317,-0.0310065500261438,0.5566727452943824,1.8369712019121236,2.924222024345526,train_oof,0.12060301142481507
Base_LR_SMOTE,Base,supervised,LR,SMOTE,103,TP,28,28,0.0,1.150173637586574,1.1536762212841918,0.8870723006975368,-0.6253560904097385,-0.28962176771409964,0.6633145036177279,1.1536762212841918,1.6031744624784503,2.4367893825114377,3.4198011725268103,train_oof,0.12060301142481507
Base_LR_SMOTE,Base,supervised,LR,SMOTE,103,FP,185,185,0.0,0.4729127916229124,0.3527520824289679,1.1989012287177507,-1.5315445446573632,-1.0791041331571063,-0.1703004164152602,0.3527520824289679,1.170021611873074,2.0657490161438123,2.7444096333942,train_oof,0.12060301142481507
Base_LR_SMOTE,Base,supervised,LR,SMOTE,103,TN,985,985,0.0,-0.14964367806873985,-0.2029911975930242,0.8863116664406038,-1.902911818836765,-1.3798593199925044,-0.7260436964372524,-0.2029911975930242,0.3200613012512033,1.464238642472952,2.1232847910166783,train_oof,0.12060301142481507
Base_LR_SMOTE,Base,supervised,LR,SMOTE,103,FN,55,55,0.0,0.47578829522528043,0.3854428636067319,1.2216222115242563,-1.6629614849919756,-1.2687106639881387,-0.36644510348184567,0.3854428636067319,1.3007847365841307,2.1409378128526715,3.899701840216391,train_oof,0.12060301142481507
Base_LR_SMOTE,Base,supervised,LR,SMOTE,103,pred_anomaly,213,213,0.0,0.5619423863974783,0.4508244259622606,1.1833675141647835,-1.4910079759969355,-1.0529515082148946,-0.1049188540597315,0.4508244259622606,1.300784736584131,2.144206890970447,2.7679469958421903,train_oof,0.12060301142481507
Base_LR_SMOTE,Base,supervised,LR,SMOTE,103,pred_normal,1040,1040,0.0,-0.11656794871184453,-0.2029911975930242,0.917136293045712,-1.902911818836765,-1.3798593199925044,-0.6933529152594884,-0.2029911975930242,0.3527520824289679,1.5296202048284806,2.2033772049021985,train_oof,0.12060301142481507
Base_LR_SMOTE,Base,supervised,LR,SMOTE,104,TP,28,28,0.0,-0.35705345343867834,0.0742376990413215,2.6940887073527446,-10.37795961759398,-1.3173950862941444,-0.2707952229426782,0.0742376990413215,0.5055288515213214,1.0863342701943874,1.5866320070711877,train_oof,0.12060301142481507
Base_LR_SMOTE,Base,supervised,LR,SMOTE,104,FP,185,185,0.0,-0.0684380768061162,0.0167322120439882,1.2547804841923527,-2.53651141063761,-1.363399475892011,-0.4433116839346782,0.0167322120439882,0.5917870820173214,1.0518309779959878,1.4152656558191339,train_oof,0.12060301142481507
Base_LR_SMOTE,Base,supervised,LR,SMOTE,104,TN,985,985,0.0,0.02628403047016153,0.0167322120439882,0.8278636861714469,-2.0534653198600106,-1.2483885018973444,-0.4433116839346782,0.0167322120439882,0.4767761080226547,1.281852925985321,2.123733255626273,train_oof,0.12060301142481507
Base_LR_SMOTE,Base,supervised,LR,SMOTE,104,FN,55,55,0.0,-0.06691213267940561,0.2467541600333214,1.2595815835795994,-4.337583263394089,-1.6624280082781442,-0.4433116839346782,0.2467541600333214,0.5917870820173214,1.201345244189054,1.8822102102374814,train_oof,0.12060301142481507
Base_LR_SMOTE,Base,supervised,LR,SMOTE,104,pred_anomaly,213,213,0.0,-0.10637812631649994,0.0167322120439882,1.5167275936683644,-4.192669436160809,-1.4094038654898775,-0.4433116839346782,0.0167322120439882,0.5917870820173214,1.0518309779959878,1.4980735570952934,train_oof,0.12060301142481507
Base_LR_SMOTE,Base,supervised,LR,SMOTE,104,pred_normal,1040,1040,0.0,0.02135538722667481,0.0167322120439882,0.8555533712806248,-2.0534653198600106,-1.2483885018973444,-0.4433116839346782,0.0167322120439882,0.4767761080226547,1.281852925985321,2.227243132221458,train_oof,0.12060301142481507
Base_LR_SMOTE,Base,supervised,LR,SMOTE,106,TP,28,28,0.0,-0.03579547190996974,-0.1753978123588522,1.4557580309797828,-3.4271695700560953,-1.855199077863594,-0.6640060039299407,-0.1753978123588522,0.43115028752249895,3.0207737028492665,3.3873983321108847,train_oof,0.12060301142481507
Base_LR_SMOTE,Base,supervised,LR,SMOTE,106,FP,185,185,0.0,-0.033505629233455035,-0.1417006956987771,1.0000771608431016,-2.3764934725949556,-1.2806632388093147,-0.5123689789596029,-0.1417006956987771,0.2963618208821987,2.0418724638740806,3.024480385681876,train_oof,0.12060301142481507
Base_LR_SMOTE,Base,supervised,LR,SMOTE,106,TN,985,985,0.0,0.013292365903448872,-0.108003579038702,0.9895925907879708,-2.0004336506685174,-1.1863113121611042,-0.4786718622995278,-0.108003579038702,0.3637560542023488,1.9407811138938604,3.5528511749118485,train_oof,0.12060301142481507
Base_LR_SMOTE,Base,supervised,LR,SMOTE,106,FN,55,55,0.0,-0.1196444011576371,-0.1753978123588522,0.8843241769958707,-2.3212302012724324,-1.2705541038112917,-0.5292175372896404,-0.1753978123588522,0.24581614589208606,0.8557339574394447,2.811514608390203,train_oof,0.12060301142481507
Base_LR_SMOTE,Base,supervised,LR,SMOTE,106,pred_anomaly,213,213,0.0,-0.03380664141628327,-0.1753978123588522,1.066752638851722,-2.425017320585464,-1.3008815088053596,-0.546066095619678,-0.1753978123588522,0.2963618208821987,2.2979705504906573,3.3425811669529844,train_oof,0.12060301142481507
Base_LR_SMOTE,Base,supervised,LR,SMOTE,106,pred_normal,1040,1040,0.0,0.006262056106949131,-0.108003579038702,0.9843701284213003,-2.090404952150918,-1.2200084288211792,-0.4786718622995278,-0.108003579038702,0.3637560542023488,1.9155082763988038,3.531285020249405,train_oof,0.12060301142481507
Base_LR_SMOTE,Base,supervised,LR,SMOTE,107,TP,28,28,0.0,-0.26527007881501236,-0.1504056615530453,0.8234777385291592,-1.7129549585930597,-1.5393747198155192,-0.8193670029131647,-0.1504056615530453,0.33044555557132366,1.0632007651505229,1.2711879531885761,train_oof,0.12060301142481507
Base_LR_SMOTE,Base,supervised,LR,SMOTE,107,FP,185,185,0.0,-0.0014145769705516623,0.0735215328145493,1.0960803636948864,-3.2807160623735188,-1.7095481065679201,-0.6055926788191637,0.0735215328145493,0.6398260747416655,1.662784159641085,2.5993751614131337,train_oof,0.12060301142481507
Base_LR_SMOTE,Base,supervised,LR,SMOTE,107,TN,985,985,0.0,0.01688858564304888,0.0069638276876572,0.9712304655617612,-2.5932990590494,-1.5017526949683688,-0.523241619933348,0.0069638276876572,0.5743964663118394,1.4464152131438324,2.8293715160109434,train_oof,0.12060301142481507
Base_LR_SMOTE,Base,supervised,LR,SMOTE,107,FN,55,55,0.0,-0.16110206932613447,0.0069638276876572,1.1953110154591444,-4.469098246930693,-1.653707320063155,-0.49785944424936357,0.0069638276876572,0.4926094557745567,1.1399113405510088,1.7285747590139737,train_oof,0.12060301142481507
Base_LR_SMOTE,Base,supervised,LR,SMOTE,107,pred_anomaly,213,213,0.0,-0.03609980725996432,0.05095959887323,1.0663338232019424,-3.2118570399846122,-1.6838275018748161,-0.6439479665194066,0.05095959887323,0.589061723373697,1.611117330915464,2.476412621432943,train_oof,0.12060301142481507
Base_LR_SMOTE,Base,supervised,LR,SMOTE,107,pred_normal,1040,1040,0.0,0.007475618312947834,0.0069638276876572,0.9844800385235559,-2.6153195065761277,-1.504008888362501,-0.5246517408046805,0.0069638276876572,0.5600132334242484,1.4318063609168286,2.7527399073792354,train_oof,0.12060301142481507
Base_LR_SMOTE,Base,supervised,LR,SMOTE,108,TP,28,28,0.0,-0.377845845922537,-0.44455322693482924,0.8811693678333368,-2.09194942161928,-1.9031604853403397,-0.7887450710392732,-0.44455322693482924,0.1143957543005495,0.951426206885741,1.4123066316626263,train_oof,0.12060301142481507
Base_LR_SMOTE,Base,supervised,LR,SMOTE,108,FP,185,185,0.0,0.04608761128207309,0.0424230921269389,1.0718895026851427,-2.110163148546763,-1.510561221677193,-0.6134568131648347,0.0424230921269389,0.6042741968370601,1.8038959563565617,3.286532797132938,train_oof,0.12060301142481507
Base_LR_SMOTE,Base,supervised,LR,SMOTE,108,TN,985,985,0.0,-0.002218753817340356,0.0354579957875573,0.9807628212332821,-2.247421980408178,-1.5354033986209878,-0.6192610601143194,0.0354579957875573,0.5613227694108731,1.4438004756105287,2.887618512788754,train_oof,0.12060301142481507
Base_LR_SMOTE,Base,supervised,LR,SMOTE,108,FN,55,55,0.0,0.07243632544391082,0.1132349049106525,1.0946957335184069,-1.9852557541938518,-1.4647076707762638,-0.7034226408818478,0.1132349049106525,0.6124001425663387,1.6275629340312145,3.0898152595210044,train_oof,0.12060301142481507
Base_LR_SMOTE,Base,supervised,LR,SMOTE,108,pred_anomaly,213,213,0.0,-0.009640730510082211,-0.0992005334404882,1.0567423193803571,-2.1015264290859297,-1.5430650045943077,-0.6227436082840102,-0.0992005334404882,0.5485534261220067,1.7790537794127674,3.185910372016672,train_oof,0.12060301142481507
Base_LR_SMOTE,Base,supervised,LR,SMOTE,108,pred_normal,1040,1040,0.0,0.001729351335898891,0.0424230921269389,0.9866808269981192,-2.2688396516517764,-1.5374348850533073,-0.6244848823688556,0.0424230921269389,0.5642248928856154,1.4515781665228387,2.890752806141475,train_oof,0.12060301142481507
Base_LR_SMOTE,Base,supervised,LR,SMOTE,113,TP,28,28,0.0,0.03114150862944089,0.3653210893595493,1.1518271914706095,-3.4315790133258366,-2.1604922483835853,-0.3462637984216874,0.3653210893595493,0.6804217288169299,1.277234860504418,1.3819901724299861,train_oof,0.12060301142481507
Base_LR_SMOTE,Base,supervised,LR,SMOTE,113,FP,185,185,0.0,0.058533647370579714,0.1357775771720558,1.014335785049862,-2.741279069401981,-1.5403074136370039,-0.4485149993052063,0.1357775771720558,0.5614764543197744,1.7300616072742987,2.42253178076792,train_oof,0.12060301142481507
Base_LR_SMOTE,Base,supervised,LR,SMOTE,113,TN,985,985,0.0,-0.008596500064250895,0.0606542459106926,0.9999222590841956,-2.2902052003615374,-1.525282747384733,-0.6154557354415668,0.0606542459106926,0.5865175647402258,1.5130386502970263,2.2626025555492846,train_oof,0.12060301142481507
Base_LR_SMOTE,Base,supervised,LR,SMOTE,113,FN,55,55,0.0,-0.05878426257959701,0.0856953563311439,0.8933364232558095,-1.9546543207274552,-1.7473139264460922,-0.807437581998388,0.0856953563311439,0.507220715075454,1.3936760239595238,1.8505928187647465,train_oof,0.12060301142481507
Base_LR_SMOTE,Base,supervised,LR,SMOTE,113,pred_anomaly,213,213,0.0,0.054932802841228125,0.15247165078569,1.0305537295839993,-3.19702727905425,-1.5603403019733686,-0.4485149993052063,0.15247165078569,0.6449468223879548,1.7100287189379313,2.381464359678374,train_oof,0.12060301142481507
Base_LR_SMOTE,Base,supervised,LR,SMOTE,113,pred_normal,1040,1040,0.0,-0.011250660581889399,0.0690012827175097,0.9942437398679257,-2.284863096805173,-1.542394172838708,-0.6175424946432712,0.0690012827175097,0.5781705279334087,1.5147080576583882,2.2429035486851903,train_oof,0.12060301142481507
Base_LR_SMOTE,Base,supervised,LR,SMOTE,115,TP,28,28,0.0,-0.4085495867842244,-0.14107181096331115,0.9284376788255002,-2.394507946709284,-2.0838872401786195,-0.8548432870219737,-0.14107181096331115,0.2461568771078551,0.858666328081342,1.0679378855197525,train_oof,0.12060301142481507
Base_LR_SMOTE,Base,supervised,LR,SMOTE,115,FP,185,185,0.0,-0.0980017790621019,0.020544349923455,1.0160289791967432,-2.527648848980651,-1.8297157136292521,-0.5968099258071455,0.020544349923455,0.4688833831116085,1.4104964404402718,2.288550842974977,train_oof,0.12060301142481507
Base_LR_SMOTE,Base,supervised,LR,SMOTE,115,TN,985,985,0.0,0.0323465655888188,0.1024622413537116,0.9957790872030683,-2.820208927233477,-1.7013495924322046,-0.5426060395475084,0.1024622413537116,0.6406113830409077,1.534177262598043,2.2866964077666063,train_oof,0.12060301142481507
Base_LR_SMOTE,Base,supervised,LR,SMOTE,115,FN,55,55,0.0,-0.041666355428020684,0.0627038394405493,1.0228222363233936,-2.3936184575525052,-1.9201899658301849,-0.4050581675548457,0.0627038394405493,0.46991066311978225,1.2126033521430981,2.643141040782456,train_oof,0.12060301142481507
Base_LR_SMOTE,Base,supervised,LR,SMOTE,115,pred_anomaly,213,213,0.0,-0.13882496505374245,-0.0175572810384016,1.0083734150849317,-2.4586648434497147,-1.8560919992842349,-0.6760970782144742,-0.0175572810384016,0.4203674703902429,1.2796447527244421,2.0446642347206225,train_oof,0.12060301142481507
Base_LR_SMOTE,Base,supervised,LR,SMOTE,115,pred_normal,1040,1040,0.0,0.02843242072735134,0.10149237420028451,0.9968618006658541,-2.7899076117636294,-1.7711217944404685,-0.5257410134652101,0.10149237420028451,0.6328452692066584,1.5307340291574725,2.3827243284348696,train_oof,0.12060301142481507
Base_LR_SMOTE,Base,supervised,LR,SMOTE,116,TP,28,28,0.0,0.06400489819224954,0.3437632813118004,0.8289113026625249,-2.580027560095273,-2.0668581669336086,0.3052138978110784,0.3437632813118004,0.3746027881123894,0.4018443524528995,0.4054422949129669,train_oof,0.12060301142481507
Base_LR_SMOTE,Base,supervised,LR,SMOTE,116,FP,185,185,0.0,0.012141341517450426,0.3643229525121969,1.0405055527024116,-2.717982953849876,-2.44207216634068,0.2512447609100677,0.3643229525121969,0.3951624593127744,0.45478550579390004,0.47904591781035677,train_oof,0.12060301142481507
Base_LR_SMOTE,Base,supervised,LR,SMOTE,116,TN,985,985,0.0,-0.0009086481623015427,0.3540431169120043,1.002825108822772,-2.8581999114365115,-2.3803931527395155,0.2409649253098637,0.3540431169120043,0.3951624593127744,0.456841472913941,0.489325753410549,train_oof,0.12060301142481507
Base_LR_SMOTE,Base,supervised,LR,SMOTE,116,FN,55,55,0.0,-0.057150307095746485,0.3540431169120043,0.9164184999308949,-2.4854530725734945,-2.3238540569384485,0.2101254185092861,0.3540431169120043,0.3848826237125819,0.4352538181535286,0.4813074816423992,train_oof,0.12060301142481507
Base_LR_SMOTE,Base,supervised,LR,SMOTE,116,pred_anomaly,213,213,0.0,0.018959086056860638,0.3540431169120043,1.013644841587472,-2.72373966178598,-2.400952823939905,0.2512447609100677,0.3540431169120043,0.3848826237125819,0.446561637313737,0.477401144114326,train_oof,0.12060301142481507
Base_LR_SMOTE,Base,supervised,LR,SMOTE,116,pred_normal,1040,1040,0.0,-0.0038829666635895087,0.3540431169120043,0.9981131737063527,-2.813174231507662,-2.3803931527395155,0.2409649253098637,0.3540431169120043,0.3951624593127744,0.456841472913941,0.49395167943063495,train_oof,0.12060301142481507
Base_LR_SMOTE,Base,supervised,LR,SMOTE,118,TP,28,28,0.0,-0.1584703536061681,-0.14713685773837226,0.8156205238246838,-2.140399576592796,-1.357463548452055,-0.5882365169129998,-0.14713685773837226,0.3923375455687249,1.115867921768821,1.3159177240304616,train_oof,0.12060301142481507
Base_LR_SMOTE,Base,supervised,LR,SMOTE,118,FP,185,185,0.0,-0.09173400358867821,0.0623061458984972,1.1003980491581054,-2.9988620211965284,-1.66655064775858,-0.6866112610454695,0.0623061458984972,0.5827402761476921,1.2681901062320078,1.9257142024980627,train_oof,0.12060301142481507
Base_LR_SMOTE,Base,supervised,LR,SMOTE,118,TN,985,985,0.0,0.019565950278489546,0.0623061458984972,0.9844836145392649,-2.3535236996875275,-1.549770306336808,-0.4962085304664882,0.0623061458984972,0.6208208222634968,1.4839798675548357,1.987150816898206,train_oof,0.12060301142481507
Base_LR_SMOTE,Base,supervised,LR,SMOTE,118,FN,55,55,0.0,-0.012239408013024507,0.0369191151546368,0.8678443627995951,-2.033647112314847,-1.401256176485219,-0.5787163803840416,0.0369191151546368,0.48753891085820844,1.635032700480823,1.744450802986878,train_oof,0.12060301142481507
Base_LR_SMOTE,Base,supervised,LR,SMOTE,118,pred_anomaly,213,213,0.0,-0.10050685711210414,0.0369191151546368,1.0659190067197801,-2.695740874114803,-1.6462410231634916,-0.6866112610454695,0.0369191151546368,0.5446597300319015,1.2681901062320078,1.9125129465112538,train_oof,0.12060301142481507
Base_LR_SMOTE,Base,supervised,LR,SMOTE,118,pred_normal,1040,1040,0.0,0.017883936138072935,0.0623061458984972,0.9783132846518076,-2.3649478635222647,-1.5504049821054045,-0.4962085304664882,0.0623061458984972,0.6208208222634968,1.4839798675548357,1.974076496065116,train_oof,0.12060301142481507
Base_LR_SMOTE,Base,supervised,LR,SMOTE,119,TP,28,28,0.0,0.04667945888763614,0.0081391137613885,0.7607546619517415,-1.3888530001712902,-1.070456327167893,-0.5100568137776944,0.0081391137613885,0.7694063268986999,1.010340722074081,1.0178198385540258,train_oof,0.12060301142481507
Base_LR_SMOTE,Base,supervised,LR,SMOTE,119,FP,185,185,0.0,-0.06448628371762082,0.0241657919326985,1.5691456194435907,-3.6675261025683987,-1.005815391876941,-0.584847978577153,0.0241657919326985,0.793446344155662,1.0391887427824391,1.1208179569349916,train_oof,0.12060301142481507
Base_LR_SMOTE,Base,supervised,LR,SMOTE,119,TN,985,985,0.0,0.013221007990327514,-0.1895232503514586,0.8757612099582616,-1.3075443195821652,-1.033594967373881,-0.6275857870339796,-0.1895232503514586,0.8361841526125005,1.0797896608164357,1.167402168152943,train_oof,0.12060301142481507
Base_LR_SMOTE,Base,supervised,LR,SMOTE,119,FN,55,55,0.0,-0.043631913301093166,-0.2002077024656653,0.7268924595470391,-1.2620285535756428,-1.2024093107783613,-0.6703235954908122,-0.2002077024656653,0.6759173708993766,1.0210251741882879,1.101585943129418,train_oof,0.12060301142481507
Base_LR_SMOTE,Base,supervised,LR,SMOTE,119,pred_anomaly,213,213,0.0,-0.049872946661530713,0.0241657919326985,1.48732827939054,-1.8507418650684988,-1.0164998439911501,-0.5741635264629463,0.0241657919326985,0.793446344155662,1.0391887427824391,1.1126977733281929,train_oof,0.12060301142481507
Base_LR_SMOTE,Base,supervised,LR,SMOTE,119,pred_normal,1040,1040,0.0,0.010214363114338921,-0.1895232503514586,0.8683211314301086,-1.2923723975799897,-1.033594967373881,-0.6382702391481864,-0.1895232503514586,0.8254997004982819,1.071776321730781,1.167402168152943,train_oof,0.12060301142481507
Base_LR_SMOTE,Base,supervised,LR,SMOTE,120,TP,28,28,0.0,-0.19653395097985982,-0.452141233398098,1.0391553328443104,-2.2056983880669065,-1.2638763248033702,-0.8365575928731923,-0.452141233398098,0.18405892006017077,1.8552292452583905,2.370969687516523,train_oof,0.12060301142481507
Base_LR_SMOTE,Base,supervised,LR,SMOTE,120,FP,185,185,0.0,0.04805066207602712,-0.0187558998176148,1.057023017560587,-1.8751835859998034,-1.4089196505341501,-0.4937747741354708,-0.0187558998176148,0.4792605493837461,1.3539614147804009,2.434466784789691,train_oof,0.12060301142481507
Base_LR_SMOTE,Base,supervised,LR,SMOTE,120,TN,985,985,0.0,-0.004207810262392509,0.0240671706551122,0.9867427981155111,-2.6980843965209282,-1.3992448086866063,-0.5072561111361413,0.0240671706551122,0.4856047079722977,1.2196238566678055,2.097179593429305,train_oof,0.12060301142481507
Base_LR_SMOTE,Base,supervised,LR,SMOTE,120,FN,55,55,0.0,0.013786750033210823,0.0732343997163981,1.0420966116136476,-2.8837144768219676,-1.2616558692973758,-0.5647500483449004,0.0732343997163981,0.7056677090127053,1.365380900239794,2.65389536997125,train_oof,0.12060301142481507
Base_LR_SMOTE,Base,supervised,LR,SMOTE,120,pred_anomaly,213,213,0.0,0.01589869416257721,-0.0322372368182853,1.0555186718156473,-1.8928837884618641,-1.4041615315927356,-0.6087626485529819,-0.0322372368182853,0.4602280736180911,1.4215267037484804,2.3956405342277565,train_oof,0.12060301142481507
Base_LR_SMOTE,Base,supervised,LR,SMOTE,120,pred_normal,1040,1040,0.0,-0.0032561748621442676,0.02803226977295875,0.9892306361100204,-2.770883616324565,-1.4028530488838462,-0.5084456408714957,0.02803226977295875,0.508007517988122,1.2291004435594552,2.122159717871728,train_oof,0.12060301142481507
Base_LR_SMOTE,Base,supervised,LR,SMOTE,122,TP,28,28,0.0,-0.45468327052410545,-0.7248366795077467,0.7358854728041411,-1.5948414399068271,-1.3997849811849483,-0.9671755239753509,-0.7248366795077467,0.2747071944163487,0.6888158118425912,0.7914345417307476,train_oof,0.12060301142481507
Base_LR_SMOTE,Base,supervised,LR,SMOTE,122,FP,185,185,0.0,-0.2603988306064159,-0.3232465943900025,0.8177677365595574,-1.827907707788403,-1.410918720096488,-0.9070754905473852,-0.3232465943900025,0.4079243192036836,0.9314870067254641,1.5676943283293734,train_oof,0.12060301142481507
Base_LR_SMOTE,Base,supervised,LR,SMOTE,122,TN,985,985,0.0,0.08079239299524842,0.000241143139325,1.0326857414792279,-1.74902987589769,-1.2294553933591463,-0.7386846134773241,0.000241143139325,0.5774230309913103,2.324478380593193,2.734377226092684,train_oof,0.12060301142481507
Base_LR_SMOTE,Base,supervised,LR,SMOTE,122,FN,55,55,0.0,-0.33666146569725847,-0.398579355184503,0.7221092107818239,-1.5248484424509954,-1.2827422432740803,-0.9059676558298189,-0.398579355184503,0.2666753927139939,0.8205927514970897,0.8676757269936528,train_oof,0.12060301142481507
Base_LR_SMOTE,Base,supervised,LR,SMOTE,122,pred_anomaly,213,213,0.0,-0.285938569187145,-0.3753148261156136,0.8085279974253303,-1.74902987589769,-1.4082599167743295,-0.9159381682879147,-0.3753148261156136,0.3924146331577567,0.8676757269936528,1.3874717764757074,train_oof,0.12060301142481507
Base_LR_SMOTE,Base,supervised,LR,SMOTE,122,pred_normal,1040,1040,0.0,0.05871550623747163,-0.0185920470593,1.0226560071500324,-1.716193654869028,-1.233332814870628,-0.7431159523475888,-0.0185920470593,0.5674525185332152,2.324478380593193,2.734377226092684,train_oof,0.12060301142481507
Base_LR_SMOTE,Base,supervised,LR,SMOTE,123,TP,28,28,0.0,0.12146689392579242,-0.1909908993944805,1.1576809012885152,-1.8339268669664972,-1.2316398026211457,-0.5823853983956611,-0.19099089939448052,0.799006951020274,2.3876081528485944,2.454835913853514,train_oof,0.12060301142481507
Base_LR_SMOTE,Base,supervised,LR,SMOTE,123,FP,185,185,0.0,0.18520213611628264,0.1773803937831016,0.8472577129071702,-1.3403093341085357,-1.0935005676795448,-0.3751765459832757,0.1773803937831016,0.7299373335494789,1.6324470018345631,2.3876081528485944,train_oof,0.12060301142481507
Base_LR_SMOTE,Base,supervised,LR,SMOTE,123,TN,985,985,0.0,-0.05362595352670218,-0.0068052528056853,1.0199718812438063,-2.677497128343162,-1.480290425516014,-0.6514550158664562,-0.0068052528056853,0.6378445102550854,1.4482613552457604,1.9271440363766104,train_oof,0.12060301142481507
Base_LR_SMOTE,Base,supervised,LR,SMOTE,123,FN,55,55,0.0,0.2560778973255872,0.1773803937831016,0.8619813523560831,-1.2040119556328337,-1.1119191323384237,-0.3751765459832757,0.1773803937831016,0.6378445102550854,2.2586782002364436,2.3876081528485944,train_oof,0.12060301142481507
Base_LR_SMOTE,Base,supervised,LR,SMOTE,123,pred_anomaly,213,213,0.0,0.17682379441988016,0.1773803937831016,0.8911738664307742,-1.539229832424426,-1.1119191323384237,-0.4672693692776692,0.1773803937831016,0.7299373335494789,1.6508655664934466,2.3876081528485944,train_oof,0.12060301142481507
Base_LR_SMOTE,Base,supervised,LR,SMOTE,123,pred_normal,1040,1040,0.0,-0.037247384491244574,-0.0068052528056853,1.014247026338022,-2.677497128343162,-1.480290425516014,-0.6514550158664562,-0.0068052528056853,0.6378445102550854,1.4666799199046432,2.3516919517637653,train_oof,0.12060301142481507
Base_LR_SMOTE,Base,supervised,LR,SMOTE,124,TP,28,28,0.0,0.29598927036940637,0.12484700307778696,1.1440076211152244,-2.062911274874848,-1.3127480421718514,-0.41969657466829013,0.12484700307778696,1.039680213691186,2.39014828650145,2.39014828650145,train_oof,0.12060301142481507
Base_LR_SMOTE,Base,supervised,LR,SMOTE,124,FP,185,185,0.0,0.21539087945670896,0.0377200306384171,0.9246171350903639,-1.5445057888605862,-1.0078036386340523,-0.4850418039978175,0.0377200306384171,0.8218627825927614,1.8673864518652308,2.564402231380189,train_oof,0.12060301142481507
Base_LR_SMOTE,Base,supervised,LR,SMOTE,124,TN,985,985,0.0,-0.06942094688019161,-0.2236608866797079,1.0008133329405409,-2.4157755132543,-1.6176924457096569,-0.6592957488765573,-0.2236608866797079,0.6476088377140061,1.6060055345471056,2.1287673691833247,train_oof,0.12060301142481507
Base_LR_SMOTE,Base,supervised,LR,SMOTE,124,FN,55,55,0.0,0.3434564975620246,0.2991009479565267,0.9163873800180682,-1.0008334808389026,-0.7725608130477427,-0.3107878591190778,0.2991009479565267,0.8654262688124463,2.416286378233256,2.564402231380189,train_oof,0.12060301142481507
Base_LR_SMOTE,Base,supervised,LR,SMOTE,124,pred_anomaly,213,213,0.0,0.2259859730978147,0.0377200306384171,0.9536400542415328,-1.6176924457096569,-1.0426544276098,-0.4850418039978175,0.0377200306384171,0.8218627825927614,1.9022372408409705,2.5539469946874624,train_oof,0.12060301142481507
Base_LR_SMOTE,Base,supervised,LR,SMOTE,124,pred_normal,1040,1040,0.0,-0.047586082029882106,-0.2236608866797079,1.0003986411096604,-2.401835197664001,-1.6176924457096569,-0.6592957488765573,-0.2236608866797079,0.6476088377140061,1.6931325069864755,2.39014828650145,train_oof,0.12060301142481507
Base_LR_SMOTE,Base,supervised,LR,SMOTE,125,TP,28,28,0.0,-0.41333400161201705,-0.6240351334555115,0.7784742063185379,-1.9791813907325149,-1.489341847371776,-0.900468687699902,-0.6240351334555115,0.1890047319691672,0.8796418923793602,1.2853755887383223,train_oof,0.12060301142481507
Base_LR_SMOTE,Base,supervised,LR,SMOTE,125,FP,185,185,0.0,-0.33166053172880844,-0.4364105491267392,0.8553043921038164,-2.2427099473766923,-1.5678761376693908,-0.8581191386656936,-0.4364105491267392,0.0532002709311981,0.975241085346878,2.0402339640130496,train_oof,0.12060301142481507
Base_LR_SMOTE,Base,supervised,LR,SMOTE,125,TN,985,985,0.0,0.09495183432755214,-0.0826041901067694,1.0203775685172654,-1.5678761376693908,-1.0405974486814473,-0.7230294379489777,-0.0826041901067694,0.6428775359644822,2.1974812346885915,3.0627700795968096,train_oof,0.12060301142481507
Base_LR_SMOTE,Base,supervised,LR,SMOTE,125,FN,55,55,0.0,-0.3598402252572936,-0.4364105491267392,0.7543775195587274,-1.6379083539457073,-1.3194611880180966,-0.8834931300701558,-0.4364105491267392,-0.1237029085787863,0.7994100463187706,2.0402339640130496,train_oof,0.12060301142481507
Base_LR_SMOTE,Base,supervised,LR,SMOTE,125,pred_anomaly,213,213,0.0,-0.34239695030500483,-0.4542795571580504,0.8443184432082778,-2.074998585598014,-1.5678761376693908,-0.8581191386656936,-0.4542795571580504,0.0853644853875594,0.9838182092019071,2.0402339640130496,train_oof,0.12060301142481507
Base_LR_SMOTE,Base,supervised,LR,SMOTE,125,pred_normal,1040,1040,0.0,0.07090033117643048,-0.0826041901067694,1.0129178286860112,-1.5678761376693908,-1.0607536897407672,-0.7272286548363359,-0.0826041901067694,0.6294757799409982,2.0990230004360595,2.9872913896725644,train_oof,0.12060301142481507
Base_LR_SMOTE,Base,supervised,LR,SMOTE,126,TP,28,28,0.0,0.2079129287021044,0.184694026401868,0.978889500363542,-1.0088414755735415,-0.9359956664291856,-0.567262713152779,0.184694026401868,0.6399803335540958,1.5245086128687682,2.949740785219454,train_oof,0.12060301142481507
Base_LR_SMOTE,Base,supervised,LR,SMOTE,126,FP,185,185,0.0,0.004406724338277888,-0.048334234033036,0.8017009611565433,-1.4621695620498476,-1.086974480542892,-0.612301788699022,-0.048334234033036,0.5234662033366432,1.2245092053172788,2.393018647054384,train_oof,0.12060301142481507
Base_LR_SMOTE,Base,supervised,LR,SMOTE,126,TN,985,985,0.0,-0.013079156958856258,-0.0953315302551998,1.040909565821201,-1.446503796642459,-1.2937625839204208,-0.7532936773655167,-0.0953315302551998,0.4451373762997007,1.8041425253906531,4.717974891164911,train_oof,0.12060301142481507
Base_LR_SMOTE,Base,supervised,LR,SMOTE,126,FN,55,55,0.0,0.08083712255333994,0.0299945930039064,0.7872954517832145,-1.0462434904836826,-0.8868443274635048,-0.5026414308473025,0.0299945930039064,0.5273826446884908,1.5194172391113656,2.231034632741988,train_oof,0.12060301142481507
Base_LR_SMOTE,Base,supervised,LR,SMOTE,126,pred_anomaly,213,213,0.0,0.03115871364432082,-0.0209191445701057,0.8274207971141792,-1.4443105894854247,-1.0564262379984852,-0.5966360232916318,-0.0209191445701057,0.5508812927995735,1.2644569071061174,2.7342190176273045,train_oof,0.12060301142481507
Base_LR_SMOTE,Base,supervised,LR,SMOTE,126,pred_normal,1040,1040,0.0,-0.008112430638499717,-0.0639999994404245,1.0289773384370302,-1.446503796642459,-1.2937625839204208,-0.7376279119581299,-0.0639999994404245,0.4461164866376628,1.8041425253906531,4.717974891164911,train_oof,0.12060301142481507
Base_LR_SMOTE,Base,supervised,LR,SMOTE,128,TP,28,28,0.0,0.2621272652523984,0.39821095812912854,0.6932501088101629,-1.0145704418754191,-0.8979118168884483,-0.32711783034505565,0.39821095812912854,0.8195834266291452,1.2466373216707343,1.2996639693920848,train_oof,0.12060301142481507
Base_LR_SMOTE,Base,supervised,LR,SMOTE,128,FP,185,185,0.0,0.08006246638890357,-0.0373650767248204,0.775955417011303,-1.6042267645368349,-1.0266908184974406,-0.4085516107742721,-0.0373650767248204,0.5459280482100327,1.4284429710010778,2.3483795566126187,train_oof,0.12060301142481507
Base_LR_SMOTE,Base,supervised,LR,SMOTE,128,TN,985,985,0.0,-0.03067360384931391,0.0194491886909125,1.054852612884958,-1.5334740660057755,-1.1130485019293548,-0.4388525523293294,0.0194491886909125,0.3716976342684538,1.1693699207053323,2.515489249288759,train_oof,0.12060301142481507
Base_LR_SMOTE,Base,supervised,LR,SMOTE,128,FN,55,55,0.0,0.09623452922247812,-0.0222146059472917,0.7282978301842457,-1.2493269865732257,-1.0236607243419364,-0.30628593302595314,-0.0222146059472917,0.6216804020976769,1.1898230562550005,1.877957438970354,train_oof,0.12060301142481507
Base_LR_SMOTE,Base,supervised,LR,SMOTE,128,pred_anomaly,213,213,0.0,0.10399586717847097,0.0194491886909125,0.7665465981258257,-1.5684716535018672,-1.0145704418754191,-0.4085516107742721,0.0194491886909125,0.5800166074594735,1.4284429710010778,2.319290652719763,train_oof,0.12060301142481507
Base_LR_SMOTE,Base,supervised,LR,SMOTE,128,pred_normal,1040,1040,0.0,-0.023962116042632594,0.01566157099653075,1.040282099702937,-1.5334740660057755,-1.1130485019293548,-0.4388525523293294,0.01566157099653075,0.3982109581291294,1.1898230562550005,2.515489249288759,train_oof,0.12060301142481507
Base_LR_SMOTE,Base,supervised,LR,SMOTE,129,TP,28,28,0.0,0.604719096359824,0.47985349008139,0.6063183690844391,-0.4600959342058783,-0.3436839621413259,0.412277481191574,0.47985349008139,0.6922352323065263,1.7192844377892578,2.2798530455113024,train_oof,0.12060301142481507
Base_LR_SMOTE,Base,supervised,LR,SMOTE,129,FP,185,185,0.0,0.28377202110641475,0.421931196747262,0.8399328845971564,-1.8533087338566596,-1.6543728009509464,0.0357009363332241,0.421931196747262,0.7308500945292784,1.618991925652575,1.8487544377872749,train_oof,0.12060301142481507
Base_LR_SMOTE,Base,supervised,LR,SMOTE,129,TN,985,985,0.0,-0.08958231578637728,0.2563185342876394,1.0273844080204426,-2.592330253487189,-2.3935249416799045,-0.3504476858942962,0.2563185342876394,0.499160921192766,1.078465492720564,1.811658045833748,train_oof,0.12060301142481507
Base_LR_SMOTE,Base,supervised,LR,SMOTE,129,FN,55,55,0.0,0.33398163624668525,0.460546058970014,0.7378229426352304,-1.7956231912634322,-1.1569513305001469,0.07431579855597614,0.460546058970014,0.8081614571613,1.2715398038343244,1.4730718310712925,train_oof,0.12060301142481507
Base_LR_SMOTE,Base,supervised,LR,SMOTE,129,pred_anomaly,213,213,0.0,0.3259622469613231,0.460546058970014,0.819112786934921,-1.81634296300156,-1.6236768428203867,0.0357009363332241,0.460546058970014,0.6922352323065263,1.618991925652575,2.015688201578149,train_oof,0.12060301142481507
Base_LR_SMOTE,Base,supervised,LR,SMOTE,129,pred_normal,1040,1040,0.0,-0.06718229909232108,0.2674717478562538,1.0182987046942444,-2.586191061861077,-2.3935249416799045,-0.3504476858942962,0.2674717478562538,0.499160921192766,1.078465492720564,1.811658045833748,train_oof,0.12060301142481507
Base_LR_SMOTE,Base,supervised,LR,SMOTE,130,TP,28,28,0.0,0.39266720971635605,0.5275029761285533,0.7849164952614317,-0.9990835307048599,-0.8093744851425616,-0.18434799351206746,0.5275029761285533,0.9713809255061738,1.4421476352787852,1.5936514716267953,train_oof,0.12060301142481507
Base_LR_SMOTE,Base,supervised,LR,SMOTE,130,FP,185,185,0.0,0.19211860029240435,0.2293486941977067,0.8297809810100711,-1.7156659466190665,-1.1298446090338763,-0.5193904841480605,0.2293486941977067,0.932968410656188,1.331726898146523,1.642051240337778,train_oof,0.12060301142481507
Base_LR_SMOTE,Base,supervised,LR,SMOTE,130,TN,985,985,0.0,-0.06600260358114661,0.1049653127787032,1.0347512268524397,-2.5924468411314554,-2.0522327433999004,-0.7791322512289209,0.1049653127787032,0.8122433639848018,1.250511866749407,1.577664548779705,train_oof,0.12060301142481507
Base_LR_SMOTE,Base,supervised,LR,SMOTE,130,FN,55,55,0.0,0.3069719060244321,0.2939792747389533,0.7316167103634945,-0.842714109142518,-0.8257150470152544,-0.3413515264306638,0.2939792747389533,0.9415045250672958,1.2486826993756,1.5860787186992267,train_oof,0.12060301142481507
Base_LR_SMOTE,Base,supervised,LR,SMOTE,130,pred_anomaly,213,213,0.0,0.21848179777536514,0.2988570544024432,0.8250310487827583,-1.6114277952102778,-1.0942368174903971,-0.4462237891957054,0.2988570544024432,0.9500406394784036,1.3385557896754092,1.619467120495818,train_oof,0.12060301142481507
Base_LR_SMOTE,Base,supervised,LR,SMOTE,130,pred_normal,1040,1040,0.0,-0.046277990092390024,0.1488653297501155,1.0241216658846715,-2.5387059036889505,-2.0522327433999004,-0.7580968264301191,0.1488653297501155,0.8238280906855917,1.2597796481100378,1.5902858036589842,train_oof,0.12060301142481507
Base_LR_SMOTE,Base,supervised,LR,SMOTE,131,TP,28,28,0.0,0.04262070031591682,0.10486077056786851,0.6336871500740209,-1.1498990457115754,-0.8318522867240757,-0.4833078933131073,0.10486077056786851,0.4751891885670194,0.9544377295070828,1.2724844884945474,train_oof,0.12060301142481507
Base_LR_SMOTE,Base,supervised,LR,SMOTE,131,FP,185,185,0.0,-0.024462291224262866,0.039508696803321,0.8436494812231354,-1.5725091227223775,-1.345955267005231,-0.6140120408422507,0.039508696803321,0.4751891885670194,1.3901182212707328,1.895507591716662,train_oof,0.12060301142481507
Base_LR_SMOTE,Base,supervised,LR,SMOTE,131,TN,985,985,0.0,-0.0032120952574092813,-0.0476274015494089,1.0285984443990364,-1.5725091227223775,-1.3982369260168692,-0.6575800900186157,-0.0476274015494089,0.5187572377433844,1.3901182212707328,2.2614792047981296,train_oof,0.12060301142481507
Base_LR_SMOTE,Base,supervised,LR,SMOTE,131,FN,55,55,0.0,0.1258526488073907,-0.0040593523730439,1.0659257241899456,-1.223964729311409,-1.162969460464498,-0.5268759424894723,-0.0040593523730439,0.4751891885670194,1.5208223687998557,3.9344922931707327,train_oof,0.12060301142481507
Base_LR_SMOTE,Base,supervised,LR,SMOTE,131,pred_anomaly,213,213,0.0,-0.01564386980114065,0.039508696803321,0.8181678851512392,-1.5725091227223775,-1.28495999815832,-0.6140120408422507,0.039508696803321,0.4751891885670194,1.3901182212707328,1.8257987130344795,train_oof,0.12060301142481507
Base_LR_SMOTE,Base,supervised,LR,SMOTE,131,pred_normal,1040,1040,0.0,0.003613444092171485,-0.0476274015494089,1.0304829031309564,-1.5725091227223775,-1.3546688768405042,-0.6575800900186157,-0.0476274015494089,0.5187572377433844,1.3901182212707328,2.2614792047981296,train_oof,0.12060301142481507
Base_LR_SMOTE,Base,supervised,LR,SMOTE,132,TP,28,28,0.0,0.24595262899451684,0.2915072948730967,1.1710932656435313,-2.3334152490769764,-2.217534317162704,-0.19498718963403006,0.2915072948730967,1.0483283691399472,1.6063496818874665,1.8914485225970956,train_oof,0.12060301142481507
Base_LR_SMOTE,Base,supervised,LR,SMOTE,132,FP,185,185,0.0,0.047046005912370605,-0.008233068901931,0.9760847359820602,-2.219401858370029,-1.7487814741251309,-0.5965085492080532,-0.008233068901931,0.7462535788557653,1.6703129682382172,1.9759921130525226,train_oof,0.12060301142481507
Base_LR_SMOTE,Base,supervised,LR,SMOTE,132,TN,985,985,0.0,-0.012733366569883251,-0.1949871896340301,0.9905056426373686,-1.9859592074548964,-1.3640679854169997,-0.7963354583914022,-0.1949871896340301,0.727578166782557,1.8238248554800016,2.0748223937439434,train_oof,0.12060301142481507
Base_LR_SMOTE,Base,supervised,LR,SMOTE,132,FN,55,55,0.0,-0.06269736156634476,0.0440580849030603,1.1166572408667608,-2.2846910989779725,-2.2180945795249016,-0.8271498883121979,0.0440580849030603,0.8769814633682397,1.5317414106549914,1.7598428937171826,train_oof,0.12060301142481507
Base_LR_SMOTE,Base,supervised,LR,SMOTE,132,pred_anomaly,213,213,0.0,0.07319335542551657,0.0197800492078855,1.0030519173174417,-2.219401858370029,-1.8066752515520808,-0.5890383843787699,0.0197800492078855,0.7649289909289818,1.6658308693406472,1.9800260020603329,train_oof,0.12060301142481507
Base_LR_SMOTE,Base,supervised,LR,SMOTE,132,pred_normal,1040,1040,0.0,-0.015375693228349963,-0.1912521072193884,0.9970445785448292,-2.217534317162704,-1.3640679854169997,-0.7963354583914022,-0.1912521072193884,0.727578166782557,1.8238248554800016,2.032821391991293,train_oof,0.12060301142481507
Base_LR_SMOTE,Base,supervised,LR,SMOTE,133,TP,28,28,0.0,0.2495137223510006,0.2518007183996857,1.1197377076793515,-2.4600525841703638,-1.6919278390443822,-0.4730158886304416,0.2518007183996857,1.2496730036269783,1.552953286257291,1.5583930596057873,train_oof,0.12060301142481507
Base_LR_SMOTE,Base,supervised,LR,SMOTE,133,FP,185,185,0.0,0.14878711290311702,0.2163530962349759,0.8563917728839595,-1.754888333978898,-1.3797273463556723,-0.420774279056582,0.2163530962349759,0.8410269315099562,1.3824739265272157,1.9072560424388005,train_oof,0.12060301142481507
Base_LR_SMOTE,Base,supervised,LR,SMOTE,133,TN,985,985,0.0,-0.048744086727418354,-0.0320165255890551,1.0249252259757509,-2.6562667194328986,-1.84581899201431,-0.6414930788609178,-0.0320165255890551,0.6614032894592412,1.5575368596758867,2.1469719020373548,train_oof,0.12060301142481507
Base_LR_SMOTE,Base,supervised,LR,SMOTE,133,FN,55,55,0.0,0.23876780539089615,0.102884122081413,0.7754887085044692,-1.1086639297009324,-0.8558875533863418,-0.34628930562813465,0.102884122081413,0.8954063733816364,1.4311387635614192,1.6471535701599784,train_oof,0.12060301142481507
Base_LR_SMOTE,Base,supervised,LR,SMOTE,133,pred_anomaly,213,213,0.0,0.1620281695441534,0.2163530962349759,0.8929665993962379,-1.754888333978898,-1.4864497638246035,-0.4322522663668445,0.2163530962349759,0.885856626967447,1.497744624585241,1.9033532218930878,train_oof,0.12060301142481507
Base_LR_SMOTE,Base,supervised,LR,SMOTE,133,pred_normal,1040,1040,0.0,-0.03353913089423826,-0.0294709427460056,1.0150194841010296,-2.640431060127601,-1.7568234342299454,-0.6297712033740678,-0.0294709427460056,0.6735214832330199,1.5574027211787602,2.1469719020373548,train_oof,0.12060301142481507
Base_LR_SMOTE,Base,supervised,LR,SMOTE,134,TP,28,28,0.0,-0.30887744778190784,-0.5358306496095748,0.9357879644026271,-1.568196137484387,-1.4130483861760754,-0.8646538777844035,-0.5358306496095748,0.12020612235084817,1.427512590256952,1.7292728059592002,train_oof,0.12060301142481507
Base_LR_SMOTE,Base,supervised,LR,SMOTE,134,FP,185,185,0.0,-0.15114312040616135,-0.3154674391049766,0.8586025383669457,-1.8088937075558122,-1.3482271705360844,-0.7096765636467178,-0.3154674391049766,0.2627105344564573,1.6587114730030756,1.993999606866085,train_oof,0.12060301142481507
Base_LR_SMOTE,Base,supervised,LR,SMOTE,134,TN,985,985,0.0,0.03842653997794553,-0.0751682444000431,1.023509913737332,-1.760430328485589,-1.3211500410453323,-0.6768631043325172,-0.0751682444000431,0.5200534462238564,1.8210571819920116,2.388473167260419,train_oof,0.12060301142481507
Base_LR_SMOTE,Base,supervised,LR,SMOTE,134,FN,55,55,0.0,-0.02090693397252657,-0.2017393634336219,0.9409760014092594,-1.3701753463023414,-1.214091395666902,-0.8010928642544828,-0.2017393634336219,0.5907762640951769,1.9463887579665025,2.1309360604137724,train_oof,0.12060301142481507
Base_LR_SMOTE,Base,supervised,LR,SMOTE,134,pred_anomaly,213,213,0.0,-0.1718781493569637,-0.3944883091218599,0.8684551251800467,-1.758302446234154,-1.3565665407836176,-0.7998188894437523,-0.3944883091218599,0.2627105344564573,1.6056865754754064,1.969083414108344,train_oof,0.12060301142481507
Base_LR_SMOTE,Base,supervised,LR,SMOTE,134,pred_normal,1040,1040,0.0,0.03528871202864172,-0.0952419556069471,1.018976965061672,-1.760430328485589,-1.3211500410453323,-0.6768631043325172,-0.0952419556069471,0.5200534462238564,1.827840237065356,2.3230700550176935,train_oof,0.12060301142481507
Base_LR_SMOTE,Base,supervised,LR,SMOTE,137,TP,28,28,0.0,0.1916553645190162,0.2893806800682005,0.9188298054158736,-1.5908736473179224,-1.3385401428929935,-0.5213061740442463,0.2893806800682005,0.8198895359066309,1.3288314255548963,2.214829355354607,train_oof,0.12060301142481507
Base_LR_SMOTE,Base,supervised,LR,SMOTE,137,FP,185,185,0.0,0.19005713398497626,0.0910416159979347,1.0787365782024914,-1.707258239865562,-1.4348212419562294,-0.6137360291449528,0.0910416159979347,1.0788856923867356,1.847208862911359,2.7714303890391743,train_oof,0.12060301142481507
Base_LR_SMOTE,Base,supervised,LR,SMOTE,137,TN,985,985,0.0,-0.0504267095247526,-0.1515867536414201,0.9842336780390027,-1.847366495222383,-1.5068395040555298,-0.8390338009529251,-0.1515867536414201,0.6802819422649389,1.6877673628626395,2.1276564482627522,train_oof,0.12060301142481507
Base_LR_SMOTE,Base,supervised,LR,SMOTE,137,FN,55,55,0.0,0.17370330095457948,0.3529262054499365,0.9136381984029447,-1.7867864276917949,-1.3185136742878403,-0.5001243322503344,0.3529262054499365,0.7765630413281748,1.4869249902167299,2.036921140505559,train_oof,0.12060301142481507
Base_LR_SMOTE,Base,supervised,LR,SMOTE,137,pred_anomaly,213,213,0.0,0.19026723001762005,0.1218515676981701,1.0571198928212822,-1.7014813739217678,-1.4486857202213352,-0.5829260774447171,0.1218515676981701,0.9826045933234996,1.8395063749863,2.753406567294536,train_oof,0.12060301142481507
Base_LR_SMOTE,Base,supervised,LR,SMOTE,137,pred_normal,1040,1040,0.0,-0.03857368012440329,-0.14003302175383175,0.9814981993756806,-1.8508326147886596,-1.5053952875695813,-0.8221846086168587,-0.14003302175383175,0.6850959972181005,1.6747694144891023,2.1256730576220497,train_oof,0.12060301142481507
Base_LR_SMOTE,Base,supervised,LR,SMOTE,139,TP,28,28,0.0,-0.31947049605355116,-0.3634064059942239,0.5473818510376004,-1.1316921043075703,-1.0643009936568606,-0.7084083774478449,-0.3634064059942239,-0.15347218355283,0.561902379833869,0.9840344422296303,train_oof,0.12060301142481507
Base_LR_SMOTE,Base,supervised,LR,SMOTE,139,FP,185,185,0.0,0.003947801367043292,-0.3086175797159625,0.9418196191286863,-1.0549741414088487,-0.928376780375299,-0.617417197452943,-0.3086175797159625,0.3125382622326279,1.636145612578937,3.7533915376876266,train_oof,0.12060301142481507
Base_LR_SMOTE,Base,supervised,LR,SMOTE,139,TN,985,985,0.0,0.006223878990262611,-0.3089518821522202,1.0084604034856988,-1.112580988645901,-0.981345441322283,-0.6773609672982968,-0.3089518821522202,0.3048901653853565,2.2333802579775384,3.767018269589136,train_oof,0.12060301142481507
Base_LR_SMOTE,Base,supervised,LR,SMOTE,139,FN,55,55,0.0,0.05595228170194762,-0.2970102276819467,1.1551256268684582,-1.044347261275661,-1.0072350106169576,-0.6157975021492749,-0.2970102276819467,0.3604623737059147,3.2704199569264456,3.8851926132992487,train_oof,0.12060301142481507
Base_LR_SMOTE,Base,supervised,LR,SMOTE,139,pred_anomaly,213,213,0.0,-0.03856727998402078,-0.3092832130112667,0.9055545487591726,-1.0676012644523107,-0.950349290879628,-0.6191514842028173,-0.3092832130112667,0.3048901653853565,1.636145612578937,3.6207587399014254,train_oof,0.12060301142481507
Base_LR_SMOTE,Base,supervised,LR,SMOTE,139,pred_normal,1040,1040,0.0,0.008853746441361332,-0.3087847309340913,1.0161839324657602,-1.1063711351688401,-0.9842416704788008,-0.6712404468611469,-0.3087847309340913,0.30680218959717437,2.3175726921815514,3.9510931511050145,train_oof,0.12060301142481507
Base_LR_SMOTE,Base,supervised,LR,SMOTE,144,TP,28,28,0.0,-0.17735726081503556,-0.34170771982501746,0.7582672801666799,-0.9580707580804723,-0.9004992804589559,-0.7058009396614874,-0.34170771982501746,0.11432412312099657,1.259977001001964,2.1136393208160897,train_oof,0.12060301142481507
Base_LR_SMOTE,Base,supervised,LR,SMOTE,144,FP,185,185,0.0,-0.21997755244644407,-0.4059833943883272,0.7705153168482597,-1.217126135054622,-1.0376749606029307,-0.6826128798506731,-0.4059833943883272,-0.0105659534039153,1.4864877326275998,2.4331463765250967,train_oof,0.12060301142481507
Base_LR_SMOTE,Base,supervised,LR,SMOTE,144,TN,985,985,0.0,0.058943718595206654,-0.1456262316002371,1.0382894364529545,-1.1450072009623211,-0.9725856699059083,-0.5670793888634579,-0.1456262316002371,0.2595546029887282,1.996787771692254,4.256492676820782,train_oof,0.12060301142481507
Base_LR_SMOTE,Base,supervised,LR,SMOTE,144,FN,55,55,0.0,-0.21269778705939626,-0.399474465318625,0.9665640801548839,-1.1111933144452177,-1.0824238479571338,-0.6964443541237904,-0.399474465318625,-0.006497872735351452,0.8938497408312085,3.55375614981039,train_oof,0.12060301142481507
Base_LR_SMOTE,Base,supervised,LR,SMOTE,144,pred_anomaly,213,213,0.0,-0.21437488500193963,-0.373438749039816,0.7672789920209316,-1.2030017589733681,-1.0158700482194285,-0.6907490411878009,-0.373438749039816,0.0317420855491493,1.4386471039652882,2.381595658293057,train_oof,0.12060301142481507
Base_LR_SMOTE,Base,supervised,LR,SMOTE,144,pred_normal,1040,1040,0.0,0.044578062046165164,-0.1651530188093437,1.035969692660183,-1.144746843799533,-0.980396384789551,-0.5739951260000167,-0.1651530188093437,0.24246866418075952,1.9028151082484275,4.372188891034723,train_oof,0.12060301142481507
Base_LR_SMOTE,Base,supervised,LR,SMOTE,154,TP,28,28,0.0,0.4853113208436808,0.22227685897064514,1.5928137726561507,-1.3918757556784553,-1.264495946880893,-0.3265134178419976,0.22227685897064514,1.1088191284795832,2.0919253072448645,5.719980580330001,train_oof,0.12060301142481507
Base_LR_SMOTE,Base,supervised,LR,SMOTE,154,FP,185,185,0.0,0.02818380545095795,-0.0131060476501582,0.9824199918871609,-2.032908333029074,-1.5270714153266645,-0.6553256444597824,-0.0131060476501582,0.6408270142865574,1.7490115534195012,2.4308523584674666,train_oof,0.12060301142481507
Base_LR_SMOTE,Base,supervised,LR,SMOTE,154,TN,985,985,0.0,-0.011254002224440552,-0.0617334257657927,0.9789762244759942,-2.0170671087825487,-1.6465735063803033,-0.684444328895438,-0.0617334257657927,0.5926120821261023,1.7367041661169524,2.2643479263615984,train_oof,0.12060301142481507
Base_LR_SMOTE,Base,supervised,LR,SMOTE,154,FN,55,55,0.0,-0.1284319359321724,-0.2887024349009391,0.9929786126483172,-1.6909106216701633,-1.362526101507899,-0.9488428084631022,-0.2887024349009391,0.49442932249567917,1.5152454349430007,2.2680525159310205,train_oof,0.12060301142481507
Base_LR_SMOTE,Base,supervised,LR,SMOTE,154,pred_anomaly,213,213,0.0,0.08827568540868677,0.0130017813126892,1.0884683138880762,-1.9527733835053858,-1.4696424405275046,-0.6455919199175518,0.0130017813126892,0.6766685677916351,1.760180589885756,2.4683882399564205,train_oof,0.12060301142481507
Base_LR_SMOTE,Base,supervised,LR,SMOTE,154,pred_normal,1040,1040,0.0,-0.017450912180137917,-0.0660434859974158,0.9795894615858572,-2.0073226606454835,-1.6416571505945665,-0.7058296516714828,-0.0660434859974158,0.5922099473198024,1.7320950825678239,2.2817758301976956,train_oof,0.12060301142481507
Base_LR_SMOTE,Base,supervised,LR,SMOTE,156,TP,28,28,0.0,0.008255848873954976,-0.132755935793469,0.4253161326311445,-0.47276886043367605,-0.40421796007100685,-0.245745622636222,-0.132755935793469,0.0473393011031015,0.9637028679491232,1.0287206897790444,train_oof,0.12060301142481507
Base_LR_SMOTE,Base,supervised,LR,SMOTE,156,FP,185,185,0.0,0.25369080519328646,-0.067944592579098,2.2474479137933985,-0.44988414721019454,-0.38660992257825294,-0.2205093474023076,-0.067944592579098,0.1236216785147062,0.7210331395066405,7.469121368781728,train_oof,0.12060301142481507
Base_LR_SMOTE,Base,supervised,LR,SMOTE,156,TN,985,985,0.0,-0.04958511500352545,-0.1287410738244372,0.5462063249710821,-0.48796798074501085,-0.41368156328372474,-0.2618050705123493,-0.1287410738244372,0.0788846451454944,0.4705057526390559,0.8923186221397362,train_oof,0.12060301142481507
Base_LR_SMOTE,Base,supervised,LR,SMOTE,156,FN,55,55,0.0,0.030497737258981004,-0.1126816259483099,0.4467707305225943,-0.47142674943259977,-0.3633237231578683,-0.2337010367291265,-0.1126816259483099,0.12706298877387634,1.1134572193940098,1.495488542298685,train_oof,0.12060301142481507
Base_LR_SMOTE,Base,supervised,LR,SMOTE,156,pred_anomaly,213,213,0.0,0.2214270550668016,-0.0840040404552254,2.1009175383455774,-0.4548396339833996,-0.39280428104475923,-0.2296861747600946,-0.0840040404552254,0.1201803682555361,0.782288462119869,5.669361987372565,train_oof,0.12060301142481507
Base_LR_SMOTE,Base,supervised,LR,SMOTE,156,pred_normal,1040,1040,0.0,-0.04534996416271982,-0.1264468669849904,0.5415201431482691,-0.4884841772838864,-0.4143698253355588,-0.2606579670926259,-0.1264468669849904,0.07917142100042525,0.484500414359681,0.9351629348664026,train_oof,0.12060301142481507
Base_LR_SMOTE,Base,supervised,LR,SMOTE,159,TP,28,28,0.0,0.4478776749487041,-0.13149433433905966,1.7953149250165488,-0.832587007320096,-0.7666424326732489,-0.45185530751264746,-0.13149433433905966,0.18913721398078964,5.130109959861607,5.41003618317788,train_oof,0.12060301142481507
Base_LR_SMOTE,Base,supervised,LR,SMOTE,159,FP,185,185,0.0,0.1667672309425774,-0.1991381209044287,1.353554506498132,-0.827824884745894,-0.6824935621859298,-0.4318327466892983,-0.1991381209044287,0.1818316850317298,2.0726108071069183,7.275186427399189,train_oof,0.12060301142481507
Base_LR_SMOTE,Base,supervised,LR,SMOTE,159,TN,985,985,0.0,-0.06198811174155577,-0.2759814624426879,0.8296018362297637,-0.76383927415798,-0.6941824085044256,-0.4978530823770984,-0.2759814624426879,0.0606140195065884,1.2355595346324226,4.552507783634308,train_oof,0.12060301142481507
Base_LR_SMOTE,Base,supervised,LR,SMOTE,159,FN,55,55,0.0,0.32357370528783264,-0.2013027220745205,1.553676615828932,-0.7581680190923396,-0.6695059551653789,-0.4367030993220048,-0.2013027220745205,0.09795338969067216,3.1618381158971167,6.262391185924934,train_oof,0.12060301142481507
Base_LR_SMOTE,Base,supervised,LR,SMOTE,159,pred_anomaly,213,213,0.0,0.20372071653962684,-0.1948089185642451,1.417636867251051,-0.8408990758132485,-0.6907190466322788,-0.4372442496145278,-0.1948089185642451,0.1839962862018216,3.2698517142846857,7.067471299117171,train_oof,0.12060301142481507
Base_LR_SMOTE,Base,supervised,LR,SMOTE,159,pred_normal,1040,1040,0.0,-0.04159782334096309,-0.2716522601025043,0.8858432988107405,-0.7639150351989332,-0.6917472321880723,-0.497041356938314,-0.2716522601025043,0.066025522431818,1.3888674125041731,4.969345030958879,train_oof,0.12060301142481507
Base_LR_SMOTE,Base,supervised,LR,SMOTE,162,TP,28,28,0.0,-0.05695357986874594,-0.4991078139239174,0.9455968753669446,-0.7337218351231416,-0.7254148553864539,-0.6677237440805324,-0.4991078139239174,0.005014045796660968,2.1065373422906672,2.315394473473445,train_oof,0.12060301142481507
Base_LR_SMOTE,Base,supervised,LR,SMOTE,162,FP,185,185,0.0,-0.023333403402692406,-0.4470297295764804,1.027507286141233,-0.7350830692010414,-0.7270507375748892,-0.6340305742361532,-0.4470297295764804,0.0453858172360284,2.0006102185661114,4.489696517640659,train_oof,0.12060301142481507
Base_LR_SMOTE,Base,supervised,LR,SMOTE,162,TN,985,985,0.0,0.006728777613235364,-0.4654896845468976,1.0066920059770232,-0.7332580850348603,-0.7279512231832023,-0.68610865858359,-0.4654896845468976,0.3248365176825056,2.178876352825148,3.357774101516401,train_oof,0.12060301142481507
Base_LR_SMOTE,Base,supervised,LR,SMOTE,162,FN,55,55,0.0,-0.024093469305990843,-0.4629383086566773,0.8219717855360501,-0.7325497030229874,-0.7253848391995101,-0.6653224491250309,-0.4629383086566773,0.5131880907546479,1.7573590395738181,1.9138424269677627,train_oof,0.12060301142481507
Base_LR_SMOTE,Base,supervised,LR,SMOTE,162,pred_anomaly,213,213,0.0,-0.027752957116539804,-0.4708925981967757,1.0150553862038056,-0.7349990238775989,-0.7278311584354272,-0.634180655170872,-0.4708925981967757,0.0453858172360284,2.0120163696047437,4.341080372844671,train_oof,0.12060301142481507
Base_LR_SMOTE,Base,supervised,LR,SMOTE,162,pred_normal,1040,1040,0.0,0.005098754939622443,-0.4642139966017874,0.9974692967128422,-0.7333256214554839,-0.7278386624821631,-0.684195126665925,-0.4642139966017874,0.333053448858362,2.14937794510616,3.3493620651254092,train_oof,0.12060301142481507
Base_LR_SMOTE,Base,supervised,LR,SMOTE,165,TP,28,28,0.0,0.6035701239624284,-0.20675650821347386,2.3590822522351713,-0.4789999842522604,-0.4088234019543619,-0.3297933732812181,-0.20675650821347386,-0.06093503850355453,7.243939407518526,7.367314786712382,train_oof,0.12060301142481507
Base_LR_SMOTE,Base,supervised,LR,SMOTE,165,FP,185,185,0.0,0.12671861344361182,-0.1676971859697454,1.4178403919295615,-0.5542282388936813,-0.4416332326390937,-0.2978949267821733,-0.1676971859697454,0.0171836059839022,0.3416363760884724,7.339504549274847,train_oof,0.12060301142481507
Base_LR_SMOTE,Base,supervised,LR,SMOTE,165,TN,985,985,0.0,-0.055203694298857214,-0.152073457072254,0.7506907380220565,-0.5196477189339005,-0.45361142479383704,-0.3004988815984218,-0.152073457072254,0.0223915156163993,0.31872157370548504,0.9963747750859732,train_oof,0.12060301142481507
Base_LR_SMOTE,Base,supervised,LR,SMOTE,165,FN,55,55,0.0,0.2656955847200601,-0.1442615926235083,1.70841830691902,-0.5010554815458858,-0.41793724381123176,-0.29398899455780036,-0.1442615926235083,0.031505357473269296,2.5562999473078523,7.31836043616691,train_oof,0.12060301142481507
Base_LR_SMOTE,Base,supervised,LR,SMOTE,165,pred_anomaly,213,213,0.0,0.18940331905171914,-0.1703011407859939,1.5746848864082374,-0.5479787473346848,-0.43746690493309603,-0.305706791230919,-0.1703011407859939,0.0171836059839022,0.5534324619484841,7.339504549274847,train_oof,0.12060301142481507
Base_LR_SMOTE,Base,supervised,LR,SMOTE,165,pred_normal,1040,1040,0.0,-0.038233059350741394,-0.1494695022560055,0.8310004194845686,-0.5208194986012123,-0.4516584586816506,-0.3004988815984218,-0.1494695022560055,0.0223915156163993,0.33525668678866316,7.076635310574554,train_oof,0.12060301142481507
Base_LR_SMOTE,Base,supervised,LR,SMOTE,168,TP,28,28,0.0,0.17160802734563171,-0.23255534285342994,1.502169735258577,-1.3286907840972575,-1.282332447369329,-0.7107913096277434,-0.23255534285342994,0.4428750609987899,3.306931206792732,4.847552095860609,train_oof,0.12060301142481507
Base_LR_SMOTE,Base,supervised,LR,SMOTE,168,FP,185,185,0.0,-0.03443902430431795,-0.0757456010259819,0.8823531571008844,-1.4974012606824587,-1.2526969809679132,-0.7107913096277435,-0.0757456010259819,0.4534591561421526,1.4822332040770039,2.657491128796,train_oof,0.12060301142481507
Base_LR_SMOTE,Base,supervised,LR,SMOTE,168,TN,985,985,0.0,0.00372644738042455,-0.1180819815994327,1.011310094885534,-1.6421916822436604,-1.3035006376560545,-0.7107913096277435,-0.1180819815994327,0.5593001075757796,1.6769805547148788,2.6371696661207435,train_oof,0.12060301142481507
Base_LR_SMOTE,Base,supervised,LR,SMOTE,168,FN,55,55,0.0,-0.042261372754252916,-0.1392501718861602,0.8642039857791104,-1.58673102369244,-1.4305097793764088,-0.5626139776206658,-0.1392501718861602,0.4111227755687018,1.6790973737435506,1.8391288923111964,train_oof,0.12060301142481507
Base_LR_SMOTE,Base,supervised,LR,SMOTE,168,pred_anomaly,213,213,0.0,-0.00735302690432458,-0.0969137913127073,0.9838579819313925,-1.4863938017333618,-1.2696315331972936,-0.7107913096277435,-0.0969137913127073,0.4534591561421526,1.6600460024854973,3.3221723037991744,train_oof,0.12060301142481507
Base_LR_SMOTE,Base,supervised,LR,SMOTE,168,pred_normal,1040,1040,0.0,0.0012943992002252612,-0.1180819815994327,1.0037581574633128,-1.6339360880318374,-1.3257272374571158,-0.7107913096277435,-0.1180819815994327,0.5593001075757796,1.6822726022865608,2.633782755674868,train_oof,0.12060301142481507
Base_LR_SMOTE,Base,supervised,LR,SMOTE,173,TP,28,28,0.0,-0.013804845338506637,-0.009626766807338,0.6705151961739636,-1.4277501818564453,-1.3237891428046529,-0.2989587050907358,-0.009626766807338,0.44630605290639047,1.093438191402703,1.2145293524322855,train_oof,0.12060301142481507
Base_LR_SMOTE,Base,supervised,LR,SMOTE,173,FP,185,185,0.0,0.0040931397206868106,-0.0440959146894753,1.060834851969537,-1.9537284881452086,-1.6854540656588992,-0.8055507269948786,-0.0440959146894753,0.6808007104682046,1.951354391796451,2.7212489227348122,train_oof,0.12060301142481507
Base_LR_SMOTE,Base,supervised,LR,SMOTE,173,TN,985,985,0.0,0.0008711552892011614,0.0593115289569364,0.9986153179084708,-2.733733969128998,-1.685454065658899,-0.6217152716234776,0.0593115289569364,0.6087288558055531,1.5937108695284543,2.5348230586740885,train_oof,0.12060301142481507
Base_LR_SMOTE,Base,supervised,LR,SMOTE,173,FN,55,55,0.0,-0.025047674840559205,-0.1516814368670571,0.9765253708049704,-1.9763736737841402,-1.6577742953899102,-0.5997803593348447,-0.1516814368670571,0.4342940771292818,1.4816339129298672,2.4066396093378497,train_oof,0.12060301142481507
Base_LR_SMOTE,Base,supervised,LR,SMOTE,173,pred_anomaly,213,213,0.0,0.001740352952342131,-0.0378287968927237,1.016873966329794,-1.9132011263928772,-1.6411664332285167,-0.6217152716234776,-0.0378287968927237,0.5669480704938712,1.858601048404514,2.6506393955580703,train_oof,0.12060301142481507
Base_LR_SMOTE,Base,supervised,LR,SMOTE,173,pred_normal,1040,1040,0.0,-0.0004995520734304016,0.0582670093241444,0.9970149498029955,-2.733733969128998,-1.6965259737664948,-0.6185817127251019,0.0582670093241444,0.6087288558055531,1.5937108695284543,2.5348230586740885,train_oof,0.12060301142481507
Base_LR_SMOTE,Base,supervised,LR,SMOTE,181,TP,28,28,0.0,-0.27464467108023,-0.4266429149206659,0.8484766609791493,-1.6086564746497143,-1.388180671470855,-0.828106317723962,-0.4266429149206659,0.17006771656838604,1.1386255981949172,1.732440428089978,train_oof,0.12060301142481507
Base_LR_SMOTE,Base,supervised,LR,SMOTE,181,FP,185,185,0.0,-0.03924347890882508,-0.1129310755716423,0.8816095549911435,-1.6029526230251867,-1.3405754482969126,-0.6394404562972763,-0.1129310755716423,0.5452056503354004,1.4341289881271788,2.1605364304016454,train_oof,0.12060301142481507
Base_LR_SMOTE,Base,supervised,LR,SMOTE,181,TN,985,985,0.0,0.01730690358139212,-0.0822180283626469,1.0309423446288528,-1.6441958578486946,-1.3633908547950233,-0.7447423324424032,-0.0822180283626469,0.6461199483078132,1.6456102560519752,2.6414149981310557,train_oof,0.12060301142481507
Base_LR_SMOTE,Base,supervised,LR,SMOTE,181,FN,55,55,0.0,-0.035071506543124444,-0.1568068572987785,0.8711751100116168,-1.263441824020607,-1.1817451184446797,-0.8324938958966757,-0.1568068572987785,0.5627559630262543,1.5784803100094564,2.1163096424206924,train_oof,0.12060301142481507
Base_LR_SMOTE,Base,supervised,LR,SMOTE,181,pred_anomaly,213,213,0.0,-0.07018823656515998,-0.1217062319170695,0.8789911038072237,-1.634543185868725,-1.3712884955059077,-0.7052541288879807,-0.1217062319170695,0.5188801812991186,1.4306189255890078,2.1503572490409497,train_oof,0.12060301142481507
Base_LR_SMOTE,Base,supervised,LR,SMOTE,181,pred_normal,1040,1040,0.0,0.014536891507499409,-0.0822180283626469,1.0228207634810584,-1.6424847023613363,-1.3508862570027895,-0.7447423324424032,-0.0822180283626469,0.6461199483078132,1.646926529503789,2.5977585953125475,train_oof,0.12060301142481507
Base_LR_SMOTE,Base,supervised,LR,SMOTE,182,TP,28,28,0.0,-0.27635302788923477,-0.4995819402358892,0.733726209484695,-1.280480644955706,-1.1140871665950087,-0.6540664943485169,-0.4995819402358892,0.10119132575766378,0.8263808878219995,1.8529159525293286,train_oof,0.12060301142481507
Base_LR_SMOTE,Base,supervised,LR,SMOTE,182,FP,185,185,0.0,0.010669807905150867,-0.2308616813579848,1.1488114810280832,-1.4873834063948255,-1.1674760814645837,-0.6641287066853547,-0.2308616813579848,0.4746769719073502,1.6954008968187786,2.738272259202388,train_oof,0.12060301142481507
Base_LR_SMOTE,Base,supervised,LR,SMOTE,182,TN,985,985,0.0,0.00676556485409016,-0.1172178714360516,0.989802444737917,-1.5057558223322047,-1.2948518517520837,-0.7540967228735518,-0.1172178714360516,0.6498778455369971,1.6068534282546076,2.5043554171130755,train_oof,0.12060301142481507
Base_LR_SMOTE,Base,supervised,LR,SMOTE,182,FN,55,55,0.0,-0.003789296002606933,0.0603505815669689,0.7311424991820984,-1.4438199459247512,-1.3211319827965307,-0.5599552142569162,0.0603505815669689,0.6013424683828381,0.9687907871304218,1.2725985723217237,train_oof,0.12060301142481507
Base_LR_SMOTE,Base,supervised,LR,SMOTE,182,pred_anomaly,213,213,0.0,-0.027060893513829364,-0.2947863244390721,1.1061072138705166,-1.4786707143008104,-1.1797874942061264,-0.6641287066853547,-0.2947863244390721,0.4533687575469877,1.6082739758786284,2.6962240495312724,train_oof,0.12060301142481507
Base_LR_SMOTE,Base,supervised,LR,SMOTE,182,pred_normal,1040,1040,0.0,0.006207375097245601,-0.1101151333159307,0.9775665048051659,-1.5018493163661382,-1.2963907783447766,-0.7493615641268047,-0.1101151333159307,0.64514268679025,1.5735889380587094,2.4976314916926943,train_oof,0.12060301142481507
Base_LR_SMOTE,Base,supervised,LR,SMOTE,183,TP,28,28,0.0,0.32359941268414966,0.5496756838079919,0.7639311169113394,-1.217659100820469,-1.002546740799024,-0.2685402821587148,0.5496756838079919,0.7825061220341379,1.3129828675830713,1.6106832960066244,train_oof,0.12060301142481507
Base_LR_SMOTE,Base,supervised,LR,SMOTE,183,FP,185,185,0.0,0.07752169846296883,0.2876271648306768,1.048029922464641,-1.610344255186363,-1.4106052132472602,-0.8307780688285741,0.2876271648306768,0.8743291517790498,1.601160907736781,2.1596029036907827,train_oof,0.12060301142481507
Base_LR_SMOTE,Base,supervised,LR,SMOTE,183,TN,985,985,0.0,-0.026575063625174623,-0.0052118722849156,0.9947200957693089,-1.9288220667403277,-1.4715133925953785,-0.7829467176113917,-0.0052118722849156,0.6949835257014131,1.4729085262467958,1.8724977777914384,train_oof,0.12060301142481507
Base_LR_SMOTE,Base,supervised,LR,SMOTE,183,FN,55,55,0.0,0.04782973193029731,0.3853376926994163,1.0152748344902187,-1.5541636271267443,-1.45454569613913,-1.052016352363706,0.3853376926994163,0.8074822786712446,1.2867904489111905,1.8366579072249758,train_oof,0.12060301142481507
Base_LR_SMOTE,Base,supervised,LR,SMOTE,183,pred_anomaly,213,213,0.0,0.10986994258594095,0.3999650172306644,1.0171386524807873,-1.6084602557867382,-1.3690636115785146,-0.8101535412395141,0.3999650172306644,0.8532658044540524,1.5754168165617832,2.1041594927875384,train_oof,0.12060301142481507
Base_LR_SMOTE,Base,supervised,LR,SMOTE,183,pred_normal,1040,1040,0.0,-0.022640194629452545,0.013730512983051002,0.9954599745398661,-1.8996961381337059,-1.472456855027644,-0.7942097575004533,0.013730512983051002,0.7076032499407476,1.466509071764375,1.8856623698695596,train_oof,0.12060301142481507
Base_LR_SMOTE,Base,supervised,LR,SMOTE,184,TP,28,28,0.0,-0.10154766106404818,-0.16481392686752872,0.42597862058942126,-0.7352742885030437,-0.634658288228612,-0.4031347332204702,-0.16481392686752872,0.17942723786449777,0.6927656676465991,0.8194864491593408,train_oof,0.12060301142481507
Base_LR_SMOTE,Base,supervised,LR,SMOTE,184,FP,185,185,0.0,-0.02934451596681296,-0.0776589863115098,0.4390401165751996,-0.7770669590414371,-0.6314473167344429,-0.333702687275125,-0.0776589863115098,0.2150815317283237,0.7561927798885629,1.1423767385015662,train_oof,0.12060301142481507
Base_LR_SMOTE,Base,supervised,LR,SMOTE,184,TN,985,985,0.0,0.008038054626576821,-0.1101857105381581,1.104527209118882,-0.8167996037121427,-0.6589699295416068,-0.3678974486416013,-0.1101857105381581,0.1958991046203004,0.8477680188651262,1.843786355799287,train_oof,0.12060301142481507
Base_LR_SMOTE,Base,supervised,LR,SMOTE,184,FN,55,55,0.0,0.006076478107861311,-0.0801610420212521,0.4442957471051992,-0.5897630686101384,-0.5741502409813474,-0.3516340865282772,-0.0801610420212521,0.2767989059019639,0.766367806441514,0.9348729183069506,train_oof,0.12060301142481507
Base_LR_SMOTE,Base,supervised,LR,SMOTE,184,pred_anomaly,213,213,0.0,-0.038836009219031686,-0.0943393577097909,0.4370424227464803,-0.7621880677541703,-0.635784213297996,-0.3512170772433202,-0.0943393577097909,0.2067413460291831,0.7558591724605973,1.0886325818563056,train_oof,0.12060301142481507
Base_LR_SMOTE,Base,supervised,LR,SMOTE,184,pred_normal,1040,1040,0.0,0.007934317406837052,-0.109768701253201,1.0796572018697073,-0.8136303331464693,-0.6573435933302744,-0.3660209068592946,-0.109768701253201,0.1975671417601276,0.8491024485769879,1.8011429863195734,train_oof,0.12060301142481507
Base_LR_SMOTE,Base,supervised,LR,SMOTE,185,TP,28,28,0.0,-0.027983858218308264,-0.14946967793152116,0.38430233113041756,-0.5165782276257904,-0.4195821493768396,-0.31514034022190995,-0.14946967793152116,0.108800175829161,0.5343785007089584,1.0079824198587914,train_oof,0.12060301142481507
Base_LR_SMOTE,Base,supervised,LR,SMOTE,185,FP,185,185,0.0,-0.022936177132566515,-0.0732485747484906,0.3440817967368816,-0.5027072466994241,-0.42953498764371467,-0.2458484282373367,-0.0732485747484906,0.152265102437666,0.43296033862244576,0.8641324105788167,train_oof,0.12060301142481507
Base_LR_SMOTE,Base,supervised,LR,SMOTE,185,TN,985,985,0.0,0.006595001327841923,-0.0883668100905792,1.1138866217154428,-0.5649439821910226,-0.461283281862101,-0.2609666635794254,-0.0883668100905792,0.1283278964793589,0.5624732213863397,1.0168265875339122,train_oof,0.12060301142481507
Base_LR_SMOTE,Base,supervised,LR,SMOTE,185,FN,55,55,0.0,-0.02571775908965106,-0.0593901923515759,0.3085589616311068,-0.5420146585888548,-0.39325122282270175,-0.2345097517307702,-0.0593901923515759,0.08423304339826684,0.501496338839915,0.9002397959875053,train_oof,0.12060301142481507
Base_LR_SMOTE,Base,supervised,LR,SMOTE,185,pred_anomaly,213,213,0.0,-0.023599722064025528,-0.0820675453647089,0.3486658080023713,-0.5190349408688799,-0.4302908994108191,-0.2471082811825108,-0.0820675453647089,0.110689955246922,0.48033080936099104,0.8813671988687979,train_oof,0.12060301142481507
Base_LR_SMOTE,Base,supervised,LR,SMOTE,185,pred_normal,1040,1040,0.0,0.004886153421147575,-0.0864770306728182,1.0863078043778736,-0.5694794527936492,-0.461283281862101,-0.2609666635794254,-0.0864770306728182,0.1283278964793589,0.564111030215065,0.9987728948295647,train_oof,0.12060301142481507
Base_LR_SMOTE,Base,supervised,LR,SMOTE,200,TP,28,28,0.0,0.7162609993339818,0.23989861958344344,2.7742830409101105,-0.6623571902411675,-0.6172353817538837,-0.027458439875655972,0.23989861958344344,0.5576503628691588,0.9830345414014047,10.989562103121097,train_oof,0.12060301142481507
Base_LR_SMOTE,Base,supervised,LR,SMOTE,200,FP,185,185,0.0,0.1070430357576342,0.0367284732087705,1.5014960117068994,-1.0228966724474602,-0.772344913868647,-0.3080772582364965,0.0367284732087705,0.3136339990771235,0.8197027187675621,1.3628619257543888,train_oof,0.12060301142481507
Base_LR_SMOTE,Base,supervised,LR,SMOTE,200,TN,985,985,0.0,-0.0401083174021935,-0.0746703015658542,0.7787791070068744,-1.1243650421564613,-0.7903809059750148,-0.3844649895105249,-0.0746703015658542,0.2351243863788167,0.7261277479568771,1.1210523186436034,train_oof,0.12060301142481507
Base_LR_SMOTE,Base,supervised,LR,SMOTE,200,FN,55,55,0.0,-0.004397446759973934,-0.0354154952167006,0.4013047343384672,-0.8836163757578149,-0.4973490812821446,-0.2804927997208751,-0.0354154952167006,0.23830720851523446,0.7491501614102994,0.9193038328231979,train_oof,0.12060301142481507
Base_LR_SMOTE,Base,supervised,LR,SMOTE,200,pred_anomaly,213,213,0.0,0.18712802627471278,0.0430941174816065,1.7261332995371146,-1.0016778582046746,-0.7700108443019406,-0.2985287918272428,0.0430941174816065,0.344401279729163,0.8977879551810132,1.5393175849973937,train_oof,0.12060301142481507
Base_LR_SMOTE,Base,supervised,LR,SMOTE,200,pred_normal,1040,1040,0.0,-0.03821976174322997,-0.07042653871729679,0.7634301763769946,-1.1315263919634013,-0.7866676134825273,-0.3794255211278634,-0.07042653871729679,0.23538962155685156,0.7270295475621948,1.1037589850357301,train_oof,0.12060301142481507
Base_LR_SMOTE,Base,supervised,LR,SMOTE,212,TP,28,28,0.0,0.08828643240577778,-0.13121450382369926,0.954285655009801,-1.3077038308045532,-1.103086128787709,-0.6051268402256544,-0.13121450382369926,0.5901940609792771,1.7438231685040368,2.1242646895616066,train_oof,0.12060301142481507
Base_LR_SMOTE,Base,supervised,LR,SMOTE,212,FP,185,185,0.0,0.10826514358868126,-0.2358343606241309,1.4886928979257839,-1.0817873997316212,-0.8223301548665507,-0.5169026326252905,-0.2358343606241309,0.419991607378575,1.6360803309035914,2.7709715536282693,train_oof,0.12060301142481507
Base_LR_SMOTE,Base,supervised,LR,SMOTE,212,TN,985,985,0.0,-0.020177266203440805,-0.3232778230244916,0.8854758756880264,-1.0696702342275712,-0.869174866866744,-0.5981001334256256,-0.3232778230244916,0.3231792025781754,1.653569023383663,3.2311740043181736,train_oof,0.12060301142481507
Base_LR_SMOTE,Base,supervised,LR,SMOTE,212,FN,55,55,0.0,-0.05634813682702683,-0.3732455158246977,0.7513033959024565,-1.1097693076997366,-0.7586213465462879,-0.6433833550258123,-0.3732455158246977,0.41686862657856205,1.6495091483436477,1.7573144455600926,train_oof,0.12060301142481507
Base_LR_SMOTE,Base,supervised,LR,SMOTE,212,pred_anomaly,213,213,0.0,0.10563883413740757,-0.2233424374240792,1.4281198240741213,-1.2581733553163488,-0.8279515203065738,-0.5418864790253936,-0.2233424374240792,0.423114588178588,1.7366403126640066,2.497148597083145,train_oof,0.12060301142481507
Base_LR_SMOTE,Base,supervised,LR,SMOTE,212,pred_normal,1040,1040,0.0,-0.02209014878449584,-0.3264008038245061,0.8786151856437492,-1.071575252515579,-0.8668326312667342,-0.6012231142256383,-0.3264008038245061,0.32474069297818187,1.6613764753836953,3.196571377054022,train_oof,0.12060301142481507
Base_LR_SMOTE,Base,supervised,LR,SMOTE,213,TP,28,28,0.0,0.3725432351952561,-0.0731016380401791,1.7927566551645842,-0.7414971694910895,-0.6892944701219778,-0.3347215386288241,-0.0731016380401791,0.3305899966429616,1.3825272326853175,6.909724092704298,train_oof,0.12060301142481507
Base_LR_SMOTE,Base,supervised,LR,SMOTE,213,FP,185,185,0.0,0.08304492077085461,0.0074634306841386,0.6203920144307403,-0.8033850029283502,-0.7299235209087572,-0.3009361872283037,0.0074634306841386,0.3661079301665857,1.0033516350440919,1.7720636714227018,train_oof,0.12060301142481507
Base_LR_SMOTE,Base,supervised,LR,SMOTE,213,TN,985,985,0.0,-0.032527446889775276,-0.1207476464255284,1.037376597763536,-0.9180126361928852,-0.7808614353280033,-0.4586011604307321,-0.1207476464255284,0.182454225117603,0.8685567458666318,1.7343626844239597,train_oof,0.12060301142481507
Base_LR_SMOTE,Base,supervised,LR,SMOTE,213,FN,55,55,0.0,0.05893687048688949,-0.0375837045165552,0.4926786562611727,-0.7495016988998281,-0.5779760687125709,-0.29313956767433746,-0.0375837045165552,0.3695730944127928,0.7372270209353786,1.3424179565354704,train_oof,0.12060301142481507
Base_LR_SMOTE,Base,supervised,LR,SMOTE,213,pred_anomaly,213,213,0.0,0.12110103722101069,-0.011594972670001,0.8677519544496611,-0.796038854726391,-0.7146767982254455,-0.3026687693514074,-0.011594972670001,0.3661079301665857,1.1457698855632084,1.8693654834562003,train_oof,0.12060301142481507
Base_LR_SMOTE,Base,supervised,LR,SMOTE,213,pred_normal,1040,1040,0.0,-0.02769039164389396,-0.1094858626253549,1.0159815945748776,-0.9170597160251781,-0.7759235762771581,-0.4501190080994305,-0.1094858626253549,0.1859193893638103,0.8517506992725269,1.8450746820902633,train_oof,0.12060301142481507
Base_LR_SMOTE,Base,supervised,LR,SMOTE,217,TP,28,28,0.0,-0.14599504371933256,-0.4319076963031453,0.7224630622440233,-0.8700095329751482,-0.7886297321140993,-0.657445410359955,-0.4319076963031453,0.14073049053375442,1.228794774357362,1.9769592390239803,train_oof,0.12060301142481507
Base_LR_SMOTE,Base,supervised,LR,SMOTE,217,FP,185,185,0.0,0.03737335196031885,-0.0894628185379893,0.9467814496611199,-1.0773593891736148,-0.8546357236591655,-0.4598412663927501,-0.0894628185379893,0.3616126095756299,1.1569951534603786,1.9319344623462162,train_oof,0.12060301142481507
Base_LR_SMOTE,Base,supervised,LR,SMOTE,217,TN,985,985,0.0,-0.013548757890649188,-0.2218886322961161,1.0181226046527263,-1.200929226636667,-0.9105028638383752,-0.5488148600114916,-0.2218886322961161,0.254016635897152,1.42060528897265,2.8128144222385543,train_oof,0.12060301142481507
Base_LR_SMOTE,Base,supervised,LR,SMOTE,217,FN,55,55,0.0,0.17659268001242895,-0.0398031383786918,0.798376230490516,-0.8971361332621643,-0.7414530359627666,-0.4184581995933355,-0.0398031383786918,0.5002458833536688,1.6755249804570427,2.11550974666842,train_oof,0.12060301142481507
Base_LR_SMOTE,Base,supervised,LR,SMOTE,217,pred_anomaly,213,213,0.0,0.013268586331068892,-0.1411916520372576,0.9210513327102717,-1.0573299848426982,-0.8413931422833528,-0.476394493112516,-0.1411916520372576,0.353335996215747,1.1673409201602318,2.0243014674425095,train_oof,0.12060301142481507
Base_LR_SMOTE,Base,supervised,LR,SMOTE,217,pred_normal,1040,1040,0.0,-0.0034932010784671733,-0.2177503256161747,1.0082869371325116,-1.1973702828919173,-0.9049161498204562,-0.5389863816466306,-0.2177503256161747,0.27936376431179333,1.4279507833295453,2.7192886912718577,train_oof,0.12060301142481507
Base_LR_SMOTE,Base,supervised,LR,SMOTE,221,TP,28,28,0.0,-0.05090111202764188,-0.23541710935835988,0.9715720324557741,-1.443389991701073,-1.29909756455897,-0.9309827993788798,-0.2354171093583599,0.7319542503009473,1.4138226467333705,1.5198482599137293,train_oof,0.12060301142481507
Base_LR_SMOTE,Base,supervised,LR,SMOTE,221,FP,185,185,0.0,-0.0829768748901623,-0.1391080138170574,0.908336206689027,-1.4131275336798763,-1.2562935220961688,-0.8967395654086386,-0.1391080138170574,0.6527667717447655,1.4095422424870903,2.0053745135692838,train_oof,0.12060301142481507
Base_LR_SMOTE,Base,supervised,LR,SMOTE,221,TN,985,985,0.0,0.007568620218163919,0.0749121984969488,0.9880445409485176,-1.5173981811192565,-1.363303628253172,-0.8753375441772383,0.0749121984969488,0.6870100057150063,1.6244185356503529,2.527583831615458,train_oof,0.12060301142481507
Base_LR_SMOTE,Base,supervised,LR,SMOTE,221,FN,55,55,0.0,0.1694702195738641,-0.0363783119063342,1.4408389739494594,-1.3420728231916224,-1.2109212370855995,-0.8646365335615378,-0.0363783119063342,0.6185235377745244,1.8157526054590711,5.547922675875641,train_oof,0.12060301142481507
Base_LR_SMOTE,Base,supervised,LR,SMOTE,221,pred_anomaly,213,213,0.0,-0.07876034268288264,-0.1391080138170574,0.9145714250484497,-1.464834816974937,-1.2639982497394733,-0.9010199696549188,-0.1391080138170574,0.6784491972224458,1.445497638155842,1.996642488906872,train_oof,0.12060301142481507
Base_LR_SMOTE,Base,supervised,LR,SMOTE,221,pred_normal,1040,1040,0.0,0.016130724030244237,0.0706317942506686,1.0167427293066709,-1.5173981811192565,-1.363303628253172,-0.8753375441772383,0.0706317942506686,0.682729601468726,1.625488636711922,2.527583831615458,train_oof,0.12060301142481507
Base_LR_SMOTE,Base,supervised,LR,SMOTE,222,TP,28,28,0.0,-0.05407390455379424,-0.1070127956167822,0.11054189949218639,-0.14869992915553515,-0.14676182738102575,-0.12899589444802295,-0.1070127956167822,-0.0074158988711607,0.1714098806009323,0.26420547574897013,train_oof,0.12060301142481507
Base_LR_SMOTE,Base,supervised,LR,SMOTE,222,FP,185,185,0.0,0.11698928260072582,-0.1186772970374406,1.8374226675162497,-0.1491844545991625,-0.1473899159190612,-0.1384172225185547,-0.1186772970374406,-0.0612520592741994,0.15911729064223817,3.292381826099029,train_oof,0.12060301142481507
Base_LR_SMOTE,Base,supervised,LR,SMOTE,222,TN,985,985,0.0,-0.03466920254185636,-0.1168827583573393,0.5673789375275046,-0.1491844545991625,-0.1455953772389599,-0.1330336064782509,-0.1168827583573393,-0.0612520592741994,0.15337476686591434,1.0387283700806822,train_oof,0.12060301142481507
Base_LR_SMOTE,Base,supervised,LR,SMOTE,222,FN,55,55,0.0,0.2549130281836456,-0.1258554517578457,2.3856194336563283,-0.1509789932792638,-0.1473899159190612,-0.1384172225185547,-0.1258554517578457,-0.0827865234354148,0.37446193225439167,8.495862073694397,train_oof,0.12060301142481507
Base_LR_SMOTE,Base,supervised,LR,SMOTE,222,pred_anomaly,213,213,0.0,0.09450210306867625,-0.1168827583573393,1.7132227582058368,-0.1491844545991625,-0.1473899159190612,-0.1384172225185547,-0.1168827583573393,-0.0433066724731865,0.16844889177876515,0.5691334882717808,train_oof,0.12060301142481507
Base_LR_SMOTE,Base,supervised,LR,SMOTE,222,pred_normal,1040,1040,0.0,-0.019354757647719236,-0.1168827583573393,0.7777340242104688,-0.1491844545991625,-0.1455953772389599,-0.1330336064782509,-0.1168827583573393,-0.0630465979543007,0.19240598315811697,1.083950744819228,train_oof,0.12060301142481507
Base_LR_SMOTE,Base,supervised,LR,SMOTE,223,TP,28,28,0.0,-0.03251765068826615,-0.2563443841346015,0.6277518939002582,-1.0304581027897308,-0.8954867729317284,-0.491835169844049,-0.2563443841346015,0.5872955292539963,0.9135325930460577,0.9768752169389506,train_oof,0.12060301142481507
Base_LR_SMOTE,Base,supervised,LR,SMOTE,223,FP,185,185,0.0,0.02080492841143964,-0.168554770432517,2.1565070413226097,-1.1812336351059198,-0.9936256460603358,-0.575115229237212,-0.168554770432517,0.2476319585248816,0.8996898195574113,1.9103833084706667,train_oof,0.12060301142481507
Base_LR_SMOTE,Base,supervised,LR,SMOTE,223,TN,985,985,0.0,-0.0015676777057758357,-0.0489278137024533,0.6059114843495906,-1.087553722322252,-0.8572821311335478,-0.4350349959635681,-0.0489278137024533,0.3878990107323291,1.116697674051024,1.6902257546872883,train_oof,0.12060301142481507
Base_LR_SMOTE,Base,supervised,LR,SMOTE,223,FN,55,55,0.0,-0.025350090848290555,-0.0771867249711264,0.6839667284279896,-1.1678123590990135,-1.0075626781928548,-0.40600757953538574,-0.0771867249711264,0.2415688349459911,1.0287108814560804,2.1687572566615185,train_oof,0.12060301142481507
Base_LR_SMOTE,Base,supervised,LR,SMOTE,223,pred_anomaly,213,213,0.0,0.01379538749692429,-0.1786429928578984,2.021587813152014,-1.1714533582176043,-0.98863656151542,-0.5678785430832474,-0.1786429928578984,0.2703406491056517,0.9147508223298496,1.8412242978598203,train_oof,0.12060301142481507
Base_LR_SMOTE,Base,supervised,LR,SMOTE,223,pred_normal,1040,1040,0.0,-0.0028254014777357476,-0.049907763927949,0.6099479272886263,-1.1052638855101793,-0.8624624503325206,-0.4326708872739839,-0.049907763927949,0.38005601222047536,1.1016710629459452,1.739133779692781,train_oof,0.12060301142481507
Base_LR_SMOTE,Base,supervised,LR,SMOTE,227,TP,28,28,0.0,0.03904919503018654,-0.13919065888109272,0.5815218372805446,-0.6166298301529399,-0.5906888787527588,-0.34115308327696725,-0.13919065888109272,0.3410311057935419,1.1596521326781524,1.603969466349077,train_oof,0.12060301142481507
Base_LR_SMOTE,Base,supervised,LR,SMOTE,227,FP,185,185,0.0,0.12106794639445563,-0.1661189821338761,1.0582077033068258,-0.8705639184266862,-0.7998321893493754,-0.4623305379145009,-0.1661189821338761,0.381423590672717,1.8176008308211566,3.807065352736783,train_oof,0.12060301142481507
Base_LR_SMOTE,Base,supervised,LR,SMOTE,227,TN,985,985,0.0,-0.034992695519156666,-0.2648561673940814,0.9753521278790235,-0.9754048569575224,-0.8303509557025297,-0.5431155076728417,-0.2648561673940814,0.1300925736467398,1.483689622486645,4.570034511565635,train_oof,0.12060301142481507
Base_LR_SMOTE,Base,supervised,LR,SMOTE,227,FN,55,55,0.0,0.19472054945341946,-0.1661189821338761,1.3174388636843477,-0.9012622069348591,-0.7378970458679739,-0.5072110766691307,-0.1661189821338761,0.31410278254075874,2.1003482249753813,5.61808485256397,train_oof,0.12060301142481507
Base_LR_SMOTE,Base,supervised,LR,SMOTE,227,pred_anomaly,213,213,0.0,0.11028613870337801,-0.1571428743829484,1.0078418374022458,-0.8662553867062409,-0.7854704169478911,-0.4533544301635642,-0.1571428743829484,0.381423590672717,1.733225417962435,3.662729540101864,train_oof,0.12060301142481507
Base_LR_SMOTE,Base,supervised,LR,SMOTE,227,pred_normal,1040,1040,0.0,-0.022844398910030036,-0.2558800596431537,0.9968981675976306,-0.973968679717374,-0.8303509557025297,-0.5431155076728417,-0.2558800596431537,0.1390686813976675,1.539341490542397,4.6871727177152245,train_oof,0.12060301142481507
Base_LR_SMOTE,Base,supervised,LR,SMOTE,248,TP,28,28,0.0,0.2715551233794605,0.00031695754142269973,1.4963875333997758,-0.4506775687328352,-0.42514484901099137,-0.3172759987631619,0.00031695754142269973,0.22018900421382748,0.7089188355922037,5.853348424926084,train_oof,0.12060301142481507
Base_LR_SMOTE,Base,supervised,LR,SMOTE,248,FP,185,185,0.0,-0.07262496329351914,-0.0961511199159856,0.26749896169630927,-0.4903422353861023,-0.4258965483158543,-0.2615249669858311,-0.0961511199159856,0.0667170628043141,0.3769183092777467,0.8024803424041421,train_oof,0.12060301142481507
Base_LR_SMOTE,Base,supervised,LR,SMOTE,248,TN,985,985,0.0,0.007341721096004624,-0.0786114694691841,1.0888323088815024,-0.479918671692003,-0.4268988140556715,-0.2439853165390271,-0.0786114694691841,0.0767397202024864,0.5087162540637122,1.255003323931621,train_oof,0.12060301142481507
Base_LR_SMOTE,Base,supervised,LR,SMOTE,248,FN,55,55,0.0,-0.025445827725242932,-0.0961511199159856,0.4229494928458444,-0.4896406493682301,-0.4384248700635714,-0.2890872748308024,-0.0961511199159856,0.06045290193045645,0.5335223311241886,1.5396467940397165,train_oof,0.12060301142481507
Base_LR_SMOTE,Base,supervised,LR,SMOTE,248,pred_anomaly,213,213,0.0,-0.027380632651061727,-0.0936454555664426,0.6007261600512964,-0.48683430529674193,-0.4268988140556715,-0.2640306313353717,-0.0936454555664426,0.0917737062997449,0.4285349948783338,0.9041100884216092,train_oof,0.12060301142481507
Base_LR_SMOTE,Base,supervised,LR,SMOTE,248,pred_normal,1040,1040,0.0,0.00560776418718864,-0.0786114694691841,1.0640248836964679,-0.48104622064929736,-0.4268988140556715,-0.2464909808885701,-0.0786114694691841,0.07486047194032916,0.5103449358909155,1.27078900933374,train_oof,0.12060301142481507
Base_LR_SMOTE,Base,supervised,LR,SMOTE,249,TP,28,28,0.0,0.7306593855756208,-0.0713974120796145,4.244085647889214,-0.0713974120796145,-0.0713974120796145,-0.0713974120796145,-0.0713974120796145,-0.0713974120796145,-0.0713974120796145,16.322643531993414,train_oof,0.12060301142481507
Base_LR_SMOTE,Base,supervised,LR,SMOTE,249,FP,185,185,0.0,-0.07139741207961448,-0.0713974120796145,2.783089617640479e-17,-0.0713974120796145,-0.0713974120796145,-0.0713974120796145,-0.0713974120796145,-0.0713974120796145,-0.0713974120796145,-0.0713974120796145,train_oof,0.12060301142481507
Base_LR_SMOTE,Base,supervised,LR,SMOTE,249,TN,985,985,0.0,-0.025103336390208238,-0.0713974120796145,0.547364755202259,-0.0713974120796145,-0.0713974120796145,-0.0713974120796145,-0.0713974120796145,-0.0713974120796145,-0.0713974120796145,1.3327723870548531,train_oof,0.12060301142481507
Base_LR_SMOTE,Base,supervised,LR,SMOTE,249,FN,55,55,0.0,0.31776081423575486,-0.0713974120796145,2.886074649240875,-0.0713974120796145,-0.0713974120796145,-0.0713974120796145,-0.0713974120796145,-0.0713974120796145,-0.0713974120796145,9.774305713699253,train_oof,0.12060301142481507
Base_LR_SMOTE,Base,supervised,LR,SMOTE,249,pred_anomaly,213,213,0.0,0.03403728432576853,-0.0713974120796145,1.5387687347026195,-0.0713974120796145,-0.0713974120796145,-0.0713974120796145,-0.0713974120796145,-0.0713974120796145,-0.0713974120796145,-0.0713974120796145,train_oof,0.12060301142481507
Base_LR_SMOTE,Base,supervised,LR,SMOTE,249,pred_normal,1040,1040,0.0,-0.00697109765518136,-0.0713974120796145,0.8500281019080312,-0.0713974120796145,-0.0713974120796145,-0.0713974120796145,-0.0713974120796145,-0.0713974120796145,-0.0713974120796145,1.4012207755920385,train_oof,0.12060301142481507
Base_LR_SMOTE,Base,supervised,LR,SMOTE,252,TP,28,28,0.0,-0.024029457294076767,-0.02701909230484505,0.014889117134077612,-0.04479256726937753,-0.04447605260803291,-0.034710583460450695,-0.02701909230484505,-0.0111912740692176,-0.005550963064462091,0.011965591351474823,train_oof,0.12060301142481507
Base_LR_SMOTE,Base,supervised,LR,SMOTE,252,FP,185,185,0.0,-0.027678925997628515,-0.0307564091260715,0.020381659609661776,-0.054064365848716364,-0.0499941727448004,-0.0395168966125394,-0.0307564091260715,-0.0177950023783998,-0.0038129752066461578,0.013236862917842278,train_oof,0.12060301142481507
Base_LR_SMOTE,Base,supervised,LR,SMOTE,252,TN,985,985,0.0,0.007524299169920358,-0.0304061008355939,1.1282805876207516,-0.05528282705018242,-0.0496480347911142,-0.0403495738585556,-0.0304061008355939,-0.0170860451238618,-0.004196090146549447,0.005392515017709409,train_oof,0.12060301142481507
Base_LR_SMOTE,Base,supervised,LR,SMOTE,252,FN,55,55,0.0,-0.029418337610474417,-0.0302629192724225,0.011786905067171454,-0.051605285056299424,-0.0475510504411718,-0.0382136663652269,-0.0302629192724225,-0.0211396124851027,-0.012000736440428442,-0.0012857233088123653,train_oof,0.12060301142481507
Base_LR_SMOTE,Base,supervised,LR,SMOTE,252,pred_anomaly,213,213,0.0,-0.027199183632842367,-0.0304561448770907,0.019756206647819966,-0.0535793834821218,-0.048992735869958885,-0.0388899559815656,-0.0304561448770907,-0.01762679879448,-0.004226672616353044,0.01607424886173005,train_oof,0.12060301142481507
Base_LR_SMOTE,Base,supervised,LR,SMOTE,252,pred_normal,1040,1040,0.0,0.005570602032495631,-0.0303894194884283,1.0980459524980064,-0.055215601221105054,-0.0496376089491357,-0.04023454206872615,-0.0303894194884283,-0.0171527705125242,-0.0046759569000131805,0.005088719883578495,train_oof,0.12060301142481507
Base_LR_SMOTE,Base,supervised,LR,SMOTE,254,TP,28,28,0.0,-0.04487690540346873,0.21239564111323425,0.969874550395468,-1.257819804923637,-1.1907890363085298,-1.0961189572579728,0.21239564111323425,0.7564765551968963,1.239620406903188,1.4673726775386091,train_oof,0.12060301142481507
Base_LR_SMOTE,Base,supervised,LR,SMOTE,254,FP,185,185,0.0,0.005056698178649488,-0.0052367245202414,1.1181484259901444,-1.256622826912653,-1.21309635378596,-0.9954639881524954,-0.0052367245202414,0.6803052272251835,1.5725979263223897,2.7169089048231396,train_oof,0.12060301142481507
Base_LR_SMOTE,Base,supervised,LR,SMOTE,254,TN,985,985,0.0,0.0011375838539069288,0.1144610765781752,0.9850502971084789,-1.2910087406827404,-1.2000384118479521,-1.0063456064341685,0.1144610765781752,0.8000030283235892,1.4833686564126682,1.8916469743410476,train_oof,0.12060301142481507
Base_LR_SMOTE,Base,supervised,LR,SMOTE,254,FN,55,55,0.0,-0.014535561960933295,0.1035794582965018,0.8890513690777113,-1.2381240758338086,-1.1260434075325745,-0.9410558967441292,0.1035794582965018,0.7020684637885299,1.3614945316579283,1.719064508393711,train_oof,0.12060301142481507
Base_LR_SMOTE,Base,supervised,LR,SMOTE,254,pred_anomaly,213,213,0.0,-0.001507343606793319,0.0709346034514821,1.097822570898536,-1.256622826912653,-1.21309635378596,-0.9954639881524954,0.0709346034514821,0.7129500820702034,1.5660689553533853,2.3617328841093324,train_oof,0.12060301142481507
Base_LR_SMOTE,Base,supervised,LR,SMOTE,254,pred_normal,1040,1040,0.0,0.00030871556562211196,0.1144610765781752,0.9798224018170298,-1.2892676817576727,-1.1918771981366971,-1.0063456064341685,0.1144610765781752,0.8000030283235892,1.4752074427014132,1.8839210253610592,train_oof,0.12060301142481507
Base_LR_SMOTE,Base,supervised,LR,SMOTE,269,TP,28,28,0.0,-0.05217786083441871,-0.07282539483716954,0.8744507438856279,-1.4715875050467264,-1.4179635890938649,-0.6235199902131545,-0.07282539483716954,0.4969600618209404,1.30330355883266,1.393819753446185,train_oof,0.12060301142481507
Base_LR_SMOTE,Base,supervised,LR,SMOTE,269,FP,185,185,0.0,-0.0811446644059592,-0.1446485445305078,1.0682627466756762,-1.8495649379783399,-1.5519671657944405,-0.8425568142779382,-0.1446485445305078,0.4585621347121594,1.8600345850919595,3.013404537258352,train_oof,0.12060301142481507
Base_LR_SMOTE,Base,supervised,LR,SMOTE,269,TN,985,985,0.0,0.011624311209215758,-0.0406109177019877,0.9840236723206316,-1.838453754025781,-1.4353204899288474,-0.6867165785796895,-0.0406109177019877,0.5770422251153791,1.6834906022093843,2.890863260690657,train_oof,0.12060301142481507
Base_LR_SMOTE,Base,supervised,LR,SMOTE,269,FN,55,55,0.0,0.11675925997320008,0.0351471547018226,1.0659068205540105,-1.3605811733388693,-1.09577557683314,-0.7001212603406375,0.0351471547018226,0.664042933834823,1.566852574525572,3.407111283213719,train_oof,0.12060301142481507
Base_LR_SMOTE,Base,supervised,LR,SMOTE,269,pred_anomaly,213,213,0.0,-0.07733682168293979,-0.1429189081742567,1.0430462257005795,-1.83709771912248,-1.5174090313965378,-0.8425568142779382,-0.1429189081742567,0.4850255709628052,1.7249153929416043,2.886639488708691,train_oof,0.12060301142481507
Base_LR_SMOTE,Base,supervised,LR,SMOTE,269,pred_normal,1040,1040,0.0,0.017184332538080306,-0.0406109177019877,0.9882553956858344,-1.8107899501438964,-1.4291629845005926,-0.6894191353863321,-0.0406109177019877,0.5770422251153791,1.6834906022093843,2.890863260690657,train_oof,0.12060301142481507
Base_LR_SMOTE,Base,supervised,LR,SMOTE,271,TP,28,28,0.0,0.10940108883130462,0.0217674000974742,0.9963588767610495,-1.418900148237385,-1.2786164411377063,-0.8136402074685529,0.0217674000974742,1.0274240176802854,1.4538389743762263,1.7428676842210196,train_oof,0.12060301142481507
Base_LR_SMOTE,Base,supervised,LR,SMOTE,271,FP,185,185,0.0,0.07975989488189149,0.1278902948212275,1.0055745338042084,-1.5047403735989568,-1.376224157661194,-0.8693957825719468,0.1278902948212275,0.8204238040534895,1.6184854296524467,2.1845819293202533,train_oof,0.12060301142481507
Base_LR_SMOTE,Base,supervised,LR,SMOTE,271,TN,985,985,0.0,-0.02690067472226306,-0.060458050007338,0.9934751908024109,-1.6224561307685041,-1.3760719660213823,-0.9234573863903058,-0.060458050007338,0.7176888518998059,1.6523089025443924,2.169189087820722,train_oof,0.12060301142481507
Base_LR_SMOTE,Base,supervised,LR,SMOTE,271,FN,55,55,0.0,0.1579286110671381,0.1485872387794257,1.0707060055288262,-1.6101139483078732,-1.312438515209433,-0.6737595844031399,0.1485872387794257,1.0278464613863796,1.798479460605915,1.8896086811677912,train_oof,0.12060301142481507
Base_LR_SMOTE,Base,supervised,LR,SMOTE,271,pred_anomaly,213,213,0.0,0.08365638986115712,0.0934681268756115,1.0020786192109126,-1.4906324323996596,-1.3799114477580992,-0.8608238122707954,0.0934681268756115,0.8630654396051053,1.614794782387016,2.1666166014854373,train_oof,0.12060301142481507
Base_LR_SMOTE,Base,supervised,LR,SMOTE,271,pred_normal,1040,1040,0.0,-0.017126049031477426,-0.0573162997957865,0.9980186424566349,-1.6201309558479122,-1.3762907415036114,-0.9200064969103875,-0.0573162997957865,0.7262020717517655,1.6867084096024636,2.155294047058735,train_oof,0.12060301142481507
Base_LR_SMOTE,Base,supervised,LR,SMOTE,273,TP,28,28,0.0,0.20108408034268524,-0.26640799411703,1.2795424219669804,-1.4937099753012615,-0.7564946407750132,-0.4373305802073919,-0.26640799411703,0.16975699321736237,2.986366552616592,3.9588454781028806,train_oof,0.12060301142481507
Base_LR_SMOTE,Base,supervised,LR,SMOTE,273,FP,185,185,0.0,0.22610261244929966,-0.0832178123170608,1.1554674694196099,-1.540225960834702,-0.9149050396297408,-0.4373305802073919,-0.0832178123170608,0.6610754687007327,1.7432649727018183,5.006668478652021,train_oof,0.12060301142481507
Base_LR_SMOTE,Base,supervised,LR,SMOTE,273,TN,985,985,0.0,-0.04555863311026236,-0.1580146613646852,0.9639135503995655,-2.796662974903808,-1.4432582206318956,-0.4892650917962042,-0.1580146613646852,0.4756421418174985,1.4639204299381374,2.7135658930242075,train_oof,0.12060301142481507
Base_LR_SMOTE,Base,supervised,LR,SMOTE,273,FN,55,55,0.0,0.032963047336064956,-0.1562150760436484,0.815947585385801,-1.3549482600623293,-0.9524124531237003,-0.39903236302306083,-0.1562150760436484,0.3633454831575515,1.0996622923368866,2.9247155476077875,train_oof,0.12060301142481507
Base_LR_SMOTE,Base,supervised,LR,SMOTE,273,pred_anomaly,213,213,0.0,0.2228137913273034,-0.1047367973531271,1.1693405118931652,-1.6639928214831312,-0.9123704124170118,-0.4373305802073919,-0.1047367973531271,0.6245007980210568,2.041915027923218,5.006668478652021,train_oof,0.12060301142481507
Base_LR_SMOTE,Base,supervised,LR,SMOTE,273,pred_normal,1040,1040,0.0,-0.04140604424050466,-0.1580146613646852,0.9564813833404402,-2.796662974903808,-1.4057862919189144,-0.4892650917962042,-0.1580146613646852,0.4544399851830224,1.4334165733858397,2.7135658930242075,train_oof,0.12060301142481507
Base_LR_SMOTE,Base,supervised,LR,SMOTE,275,TP,28,28,0.0,-0.049294158103201736,-0.04946292423266785,0.00038101113350812676,-0.04967462960915213,-0.049664538195029945,-0.04956227689901025,-0.04946292423266785,-0.049158283545423676,-0.0485195790854639,-0.04824738645855557,train_oof,0.12060301142481507
Base_LR_SMOTE,Base,supervised,LR,SMOTE,275,FP,185,185,0.0,0.0611482126521517,-0.049283507707316,1.5002850078485133,-0.04966938182887139,-0.04963903410533402,-0.0495376300896403,-0.049283507707316,-0.048859153945989,-0.04828440872177326,-0.047116939880221136,train_oof,0.12060301142481507
Base_LR_SMOTE,Base,supervised,LR,SMOTE,275,TN,985,985,0.0,0.012633058874646847,-0.0493275964097916,0.9893435470427688,-0.049690691368401235,-0.0496478518458291,-0.0495333436880107,-0.0493275964097916,-0.0489203882549828,-0.0481972110657661,-0.0404014711877658,train_oof,0.12060301142481507
Base_LR_SMOTE,Base,supervised,LR,SMOTE,275,FN,55,55,0.0,-0.04916891048141183,-0.0492283968292216,0.0003739887135640109,-0.04966685897534081,-0.04963499264094042,-0.049483437726180746,-0.0492283968292216,-0.0488772180671422,-0.04851397614619097,-0.048444842611336976,train_oof,0.12060301142481507
Base_LR_SMOTE,Base,supervised,LR,SMOTE,275,pred_anomaly,213,213,0.0,0.046629966731260186,-0.0492994286276544,1.3982029869494421,-0.04967366823050095,-0.0496398913856599,-0.0495400794620001,-0.0492994286276544,-0.0488726254939677,-0.04830081951658358,-0.04723874716767159,train_oof,0.12060301142481507
Base_LR_SMOTE,Base,supervised,LR,SMOTE,275,pred_normal,1040,1040,0.0,0.009364685495239899,-0.0493263717236117,0.9629012610305908,-0.04968914826381458,-0.0496478518458291,-0.0495290572863812,-0.0493263717236117,-0.0489203882549828,-0.0481972110657661,-0.0404014711877658,train_oof,0.12060301142481507
Base_LR_SMOTE,Base,supervised,LR,SMOTE,277,TP,28,28,0.0,-0.0033852648261480526,-0.08614401830056914,0.594150985098644,-0.8115602524590755,-0.8115602524590755,-0.36203207270711935,-0.08614401830056914,0.25025498887786474,1.2466244036246314,1.4219472902906842,train_oof,0.12060301142481507
Base_LR_SMOTE,Base,supervised,LR,SMOTE,277,FP,185,185,0.0,0.07637627973865897,-0.154700960993577,1.579637692057825,-1.2159583470293196,-0.9130367882007977,-0.5275240368308153,-0.154700960993577,0.4088759330371719,1.2207086532310674,2.193922986126096,train_oof,0.12060301142481507
Base_LR_SMOTE,Base,supervised,LR,SMOTE,277,TN,985,985,0.0,-0.00033382676684814294,-0.1255821403266513,0.8998020106252659,-1.565993135983922,-0.9400917485958924,-0.5108701148353453,-0.1255821403266513,0.3190673598223373,1.4570308714858025,2.298329794768617,train_oof,0.12060301142481507
Base_LR_SMOTE,Base,supervised,LR,SMOTE,277,FN,55,55,0.0,-0.02725619596299003,-0.1214952883032231,0.7264862073206565,-1.320179203904774,-1.0805670697711784,-0.4469108806686938,-0.1214952883032231,0.3363343096213216,1.403002687736083,1.8898509784529793,train_oof,0.12060301142481507
Base_LR_SMOTE,Base,supervised,LR,SMOTE,277,pred_anomaly,213,213,0.0,0.06589119406816792,-0.1184301492856518,1.487071796878175,-1.1877713286237352,-0.880055892371732,-0.5203720457898158,-0.1184301492856518,0.3679052415023044,1.2256333099192989,2.1408225177856925,train_oof,0.12060301142481507
Base_LR_SMOTE,Base,supervised,LR,SMOTE,277,pred_normal,1040,1040,0.0,-0.0017576059070287125,-0.1255821403266513,0.8912079136581292,-1.565993135983922,-0.9426102711553299,-0.5103337155072702,-0.1255821403266513,0.33247734302421117,1.4366476970189541,2.298329794768617,train_oof,0.12060301142481507
Base_LR_SMOTE,Base,supervised,LR,SMOTE,280,TP,28,28,0.0,-0.15754893872175188,-0.3244816223058373,0.7496540110732092,-1.1545291834721276,-1.0922599314345207,-0.7715027011652341,-0.3244816223058373,0.5460331102098297,1.008739139204644,1.0659892071989179,train_oof,0.12060301142481507
Base_LR_SMOTE,Base,supervised,LR,SMOTE,280,FP,185,185,0.0,-0.09675310304242558,-0.2774267718995853,0.8497392140070749,-1.4224281317850576,-1.0710852487517069,-0.6695505252850208,-0.2774267718995853,0.2401765825691899,1.2565613513442393,2.4994368000747116,train_oof,0.12060301142481507
Base_LR_SMOTE,Base,supervised,LR,SMOTE,280,TN,985,985,0.0,0.03392590330178775,-0.1519471708162455,1.0453984414007575,-1.377882873400472,-1.1400990293475437,-0.5754408244725163,-0.1519471708162455,0.4440809343296164,1.5106575435380016,4.589926954123137,train_oof,0.12060301142481507
Base_LR_SMOTE,Base,supervised,LR,SMOTE,280,FN,55,55,0.0,-0.20841299130374874,-0.2460568716287501,0.634514627880844,-1.1507647954396274,-1.066379763711082,-0.7322903258266906,-0.2460568716287501,0.2793889579077335,0.8032662924306755,1.072420036754439,train_oof,0.12060301142481507
Base_LR_SMOTE,Base,supervised,LR,SMOTE,280,pred_anomaly,213,213,0.0,-0.10474504388290039,-0.2774267718995853,0.8358754774591084,-1.4017239976063065,-1.089907188914208,-0.6852354754204382,-0.2774267718995853,0.3186013332462771,1.2251914510734037,2.190129583404282,train_oof,0.12060301142481507
Base_LR_SMOTE,Base,supervised,LR,SMOTE,280,pred_normal,1040,1040,0.0,0.0211099040678411,-0.1519471708162455,1.0290170602682094,-1.375373281378805,-1.125198326718897,-0.5754408244725163,-0.1519471708162455,0.416632271592636,1.4502704855166428,4.503816577879705,train_oof,0.12060301142481507
Base_LR_SMOTE,Base,supervised,LR,SMOTE,281,TP,28,28,0.0,-0.05024337648720654,-0.2529847019900928,1.0696682564762001,-1.3360355100830845,-1.2301314183482652,-0.7508642193725902,-0.2529847019900928,0.20767017857876002,1.8176357207688922,2.9371666729392567,train_oof,0.12060301142481507
Base_LR_SMOTE,Base,supervised,LR,SMOTE,281,FP,185,185,0.0,-0.0564989838899631,-0.2529847019900926,0.8590552746280807,-1.2580498959584987,-0.9937549745816215,-0.6624557069401841,-0.2529847019900926,0.3239971686213994,1.5933572839666803,2.591722043308629,train_oof,0.12060301142481507
Base_LR_SMOTE,Base,supervised,LR,SMOTE,281,TN,985,985,0.0,0.02751372993419379,-0.1785354283628034,1.0361126965397751,-1.3228207640142409,-1.034702075076631,-0.5880064333128946,-0.1785354283628034,0.2681602134009327,1.7348109038585318,4.791698078995022,train_oof,0.12060301142481507
Base_LR_SMOTE,Base,supervised,LR,SMOTE,281,FN,55,55,0.0,-0.2776883246027846,-0.3460462940242044,0.6436946190885261,-1.2405543166560857,-1.0272571477139019,-0.6810680253470065,-0.3460462940242044,-0.04824919951504705,1.0163754133551905,1.6596171374949702,train_oof,0.12060301142481507
Base_LR_SMOTE,Base,supervised,LR,SMOTE,281,pred_anomaly,213,213,0.0,-0.055676650522464566,-0.2529847019900926,0.8866985194243807,-1.2580498959584987,-1.0272571477139016,-0.6624557069401841,-0.2529847019900926,0.3053848502145772,1.6715290212753362,3.2319857965033174,train_oof,0.12060301142481507
Base_LR_SMOTE,Base,supervised,LR,SMOTE,281,pred_normal,1040,1040,0.0,0.01137323666541128,-0.1971477467696444,1.021227901207213,-1.3365938796352892,-1.034702075076631,-0.5880064333128946,-0.1971477467696444,0.2681602134009327,1.7022393466465924,4.582681743286379,train_oof,0.12060301142481507
Base_LR_SMOTE,Base,supervised,LR,SMOTE,282,TP,28,28,0.0,0.16479140586535626,0.0608555714836176,0.8949920410802116,-1.1299276394969369,-1.0432215805467278,-0.6441936967966302,0.0608555714836176,0.923415846507325,1.5459593493505224,1.7430731235037662,train_oof,0.12060301142481507
Base_LR_SMOTE,Base,supervised,LR,SMOTE,282,FP,185,185,0.0,0.18516155518386126,0.1058587162674632,1.5511599456925556,-1.12902757660126,-1.0282205322854459,-0.6741957933191939,0.1058587162674632,0.7659048397638654,1.3899484474331907,2.0847970028957614,train_oof,0.12060301142481507
Base_LR_SMOTE,Base,supervised,LR,SMOTE,282,TN,985,985,0.0,-0.05104999062561052,-0.1341580559130465,0.8605204742516196,-1.12422724115765,-1.0342209515899587,-0.6441936967966302,-0.1341580559130465,0.3758775849705368,1.119929578730116,1.6551669806926506,train_oof,0.12060301142481507
Base_LR_SMOTE,Base,supervised,LR,SMOTE,282,FN,55,55,0.0,0.19859246915538648,0.2858712954028456,0.9269641358776961,-1.048021915990338,-0.9712165488925749,-0.5391863589676571,0.2858712954028456,0.6158943571510468,1.2459383841248852,2.930856124832067,train_oof,0.12060301142481507
Base_LR_SMOTE,Base,supervised,LR,SMOTE,282,pred_anomaly,213,213,0.0,0.1824837890762644,0.1058587162674632,1.479991174819154,-1.150629086097506,-1.046221790198984,-0.6741957933191939,0.1058587162674632,0.7659048397638654,1.4919555756099057,1.815978218053596,train_oof,0.12060301142481507
Base_LR_SMOTE,Base,supervised,LR,SMOTE,282,pred_normal,1040,1040,0.0,-0.03784774515642317,-0.1041559593904829,0.8654940884083804,-1.12422724115765,-1.0342209515899587,-0.6441936967966302,-0.1041559593904829,0.38337810910117776,1.155932094557194,1.7091707544332573,train_oof,0.12060301142481507
Base_LR_SMOTE,Base,supervised,LR,SMOTE,285,TP,28,28,0.0,-0.0036842682811141702,-0.24752430118008728,1.0048704969753937,-1.3293330203128038,-1.0403670296828873,-0.4590229162890719,-0.24752430118008728,0.012298845383079737,2.192213206614788,2.873883249440658,train_oof,0.12060301142481507
Base_LR_SMOTE,Base,supervised,LR,SMOTE,285,FP,185,185,0.0,0.00814171478797746,-0.2245701487393506,1.0564113873822807,-1.3250668046120335,-1.1403620411278081,-0.7364950221659404,-0.2245701487393506,0.411212599870894,2.339550500885422,3.056035217024149,train_oof,0.12060301142481507
Base_LR_SMOTE,Base,supervised,LR,SMOTE,285,TN,985,985,0.0,0.0015696489279278508,-0.2575568941232926,0.9895971310346156,-1.4890844665006988,-1.153955941932528,-0.6982556103195874,-0.2575568941232926,0.4964108498912024,1.8823584119971561,3.150566404814869,train_oof,0.12060301142481507
Base_LR_SMOTE,Base,supervised,LR,SMOTE,285,FN,55,55,0.0,-0.05244122379640346,-0.097875833665994,0.9979863552005602,-1.307022844780359,-1.1617508989627463,-0.7991593330625053,-0.097875833665994,0.22437525380292944,1.7445494546893374,2.9153204846293272,train_oof,0.12060301142481507
Base_LR_SMOTE,Base,supervised,LR,SMOTE,285,pred_anomaly,213,213,0.0,0.006587125464341007,-0.2245701487393506,1.0474856959279293,-1.393897745935469,-1.1366641639382706,-0.7263048492288627,-0.2245701487393506,0.4090064799566809,2.3470092872620456,3.0029286580225896,train_oof,0.12060301142481507
Base_LR_SMOTE,Base,supervised,LR,SMOTE,285,pred_normal,1040,1040,0.0,-0.001286695302685835,-0.2529870743009949,0.9896326628672835,-1.4697893215176778,-1.154848895231138,-0.7235209360037849,-0.2529870743009949,0.495176473272536,1.8803098720768159,3.1847927794839355,train_oof,0.12060301142481507
Base_LR_SMOTE,Base,supervised,LR,SMOTE,288,TP,28,28,0.0,0.07362271481465735,0.0413299902803478,0.7745301809405074,-0.9828778038587339,-0.8628662966803181,-0.6984669717783788,0.0413299902803478,0.6167276274371354,1.3750195135473295,1.5920266224178898,train_oof,0.12060301142481507
Base_LR_SMOTE,Base,supervised,LR,SMOTE,288,FP,185,185,0.0,0.18240238394620092,0.0413299902803478,1.7881697361272197,-1.0272656215822575,-0.9039661279058032,-0.6984669717783788,0.0413299902803478,0.6167276274371354,1.4222843194566361,2.1160494705428143,train_oof,0.12060301142481507
Base_LR_SMOTE,Base,supervised,LR,SMOTE,288,TN,985,985,0.0,-0.047641079612712835,-0.1230693346215914,0.7613362342678546,-0.99274176335285,-0.9450659591312875,-0.6162673093274093,-0.1230693346215914,0.3290288088587416,1.151025433368438,1.6853232392997408,train_oof,0.12060301142481507
Base_LR_SMOTE,Base,supervised,LR,SMOTE,288,FN,55,55,0.0,0.18779484337480212,0.1235296527313173,1.0959031246206072,-1.087271375171465,-1.039595570949903,-0.6779170561656365,0.1235296527313173,0.6372775430498776,1.3113147751477996,3.7559327364396693,train_oof,0.12060301142481507
Base_LR_SMOTE,Base,supervised,LR,SMOTE,288,pred_anomaly,213,213,0.0,0.16810270913078673,0.0413299902803478,1.6890803209055187,-1.0272656215822575,-0.9039661279058032,-0.6984669717783788,0.0413299902803478,0.6167276274371354,1.4387242519468315,1.7625909220036522,train_oof,0.12060301142481507
Base_LR_SMOTE,Base,supervised,LR,SMOTE,288,pred_normal,1040,1040,0.0,-0.035190141377796184,-0.1230693346215914,0.7836763148499736,-1.0272656215822575,-0.9450659591312875,-0.6162673093274093,-0.1230693346215914,0.3701286400842262,1.1921252645939229,1.7103941363472823,train_oof,0.12060301142481507
Base_LR_SMOTE,Base,supervised,LR,SMOTE,295,TP,28,28,0.0,0.3861207305746341,-0.015051956401073601,1.3818482080866716,-0.5052792289722567,-0.483226621117124,-0.24080494724879947,-0.0150519564010736,0.19282310639351452,3.790620545794877,4.747838245470588,train_oof,0.12060301142481507
Base_LR_SMOTE,Base,supervised,LR,SMOTE,295,FP,185,185,0.0,0.19449617710315217,-0.1537203732965279,1.357229107116487,-0.8432877049955387,-0.6747279247661055,-0.3905583099763844,-0.1537203732965279,0.1396823367372988,4.168423209583798,5.715548119612806,train_oof,0.12060301142481507
Base_LR_SMOTE,Base,supervised,LR,SMOTE,295,TN,985,985,0.0,-0.06470420073512796,-0.2020687912807002,0.8533579034343712,-0.8114462347301082,-0.6901366695448252,-0.4493838161279674,-0.2020687912807002,0.0848724701212016,0.5353385221033093,5.428120129665659,train_oof,0.12060301142481507
Base_LR_SMOTE,Base,supervised,LR,SMOTE,295,FN,55,55,0.0,0.31469634353402953,-0.1464740094450797,1.517343789603997,-0.7517874206996713,-0.6460169869143089,-0.4148228450505671,-0.1464740094450797,0.07597018954430046,4.796329098469278,5.4563536517756255,train_oof,0.12060301142481507
Base_LR_SMOTE,Base,supervised,LR,SMOTE,295,pred_anomaly,213,213,0.0,0.21968625924963808,-0.1475402258917033,1.3587429314942883,-0.8359885022294535,-0.6677401515839734,-0.3693512206116935,-0.1475402258917033,0.1485486712203044,4.071460925537459,5.681180365241957,train_oof,0.12060301142481507
Base_LR_SMOTE,Base,supervised,LR,SMOTE,295,pred_normal,1040,1040,0.0,-0.04463974887473982,-0.19936933179861915,0.9036299433713705,-0.8101697022965755,-0.6881994515922719,-0.4479808124323843,-0.19936933179861915,0.0846443506791725,0.5650318206165313,5.4755732318373065,train_oof,0.12060301142481507
Base_LR_SMOTE,Base,supervised,LR,SMOTE,296,TP,28,28,0.0,-0.04789695647905327,-0.25460638527795953,0.8953776265976533,-0.8954920617342483,-0.8386302571155827,-0.6389770621359292,-0.25460638527795953,0.22169981436527897,0.838094036510645,2.8902773165230764,train_oof,0.12060301142481507
Base_LR_SMOTE,Base,supervised,LR,SMOTE,296,FP,185,185,0.0,-0.0871585123367738,-0.3165049123528943,0.8182015317782385,-0.8953565317176022,-0.8248402016987265,-0.625806718839368,-0.3165049123528943,0.1121257753488967,1.4359050019644939,2.8143808002847086,train_oof,0.12060301142481507
Base_LR_SMOTE,Base,supervised,LR,SMOTE,296,TN,985,985,0.0,0.025121843846941282,-0.3709307244487728,1.0467548289128636,-0.9049165905912784,-0.860062055854518,-0.6555203875611121,-0.3709307244487728,0.3064638496727055,2.3047902481970373,3.5675388683542786,train_oof,0.12060301142481507
Base_LR_SMOTE,Base,supervised,LR,SMOTE,296,FN,55,55,0.0,-0.11708661115017284,-0.258662660332648,0.7054033239053894,-0.8867263253900476,-0.8392059802618436,-0.5896953658755222,-0.258662660332648,0.10070998805540729,1.146587046674685,2.0979540231118157,train_oof,0.12060301142481507
Base_LR_SMOTE,Base,supervised,LR,SMOTE,296,pred_anomaly,213,213,0.0,-0.0819973688437401,-0.314573646921696,0.8266290557328919,-0.9088520060324552,-0.8255488380056213,-0.6287645171945306,-0.314573646921696,0.1557244445182261,1.3822100813104772,2.9670820805751146,train_oof,0.12060301142481507
Base_LR_SMOTE,Base,supervised,LR,SMOTE,296,pred_normal,1040,1040,0.0,0.01760120439997852,-0.37060376568305087,1.031779938359372,-0.9042640027349722,-0.8596228331752824,-0.6550117905268706,-0.37060376568305087,0.28538528696586835,2.280036205973668,3.542708394763524,train_oof,0.12060301142481507
Base_LR_SMOTE,Base,supervised,LR,SMOTE,298,TP,28,28,0.0,0.733228744017528,-0.0429925099910567,2.158467117793537,-0.4428910933379312,-0.4256215627786281,-0.11901421937405271,-0.0429925099910567,0.25052446420425406,6.4359271821843835,7.248993592697711,train_oof,0.12060301142481507
Base_LR_SMOTE,Base,supervised,LR,SMOTE,298,FP,185,185,0.0,0.12766353714533496,-0.1763354013152423,1.39162990581377,-0.7441159371049083,-0.6183183020702865,-0.3568361444492007,-0.1763354013152423,0.1635263582793283,0.6243723997582808,7.279353492466278,train_oof,0.12060301142481507
Base_LR_SMOTE,Base,supervised,LR,SMOTE,298,TN,985,985,0.0,-0.056561226393105526,-0.1747092684942156,0.7869096862837978,-0.8031770811645964,-0.646287786591945,-0.3617145429122807,-0.1747092684942156,0.0822197172279955,0.5583514072245994,2.248944133276611,train_oof,0.12060301142481507
Base_LR_SMOTE,Base,supervised,LR,SMOTE,298,FN,55,55,0.0,0.22251063060565854,-0.1405604792526559,1.5931468231475916,-0.7233014369957672,-0.6337665638700397,-0.40480706266948696,-0.1405604792526559,0.11230317441698856,2.416370768529638,6.850672358187233,train_oof,0.12060301142481507
Base_LR_SMOTE,Base,supervised,LR,SMOTE,298,pred_anomaly,213,213,0.0,0.20726835307219596,-0.1161684869372561,1.52193270104421,-0.7143251838237,-0.6170173958134653,-0.3405748162389342,-0.1161684869372561,0.1716570223844615,0.6919270475160741,7.293403280039948,train_oof,0.12060301142481507
Base_LR_SMOTE,Base,supervised,LR,SMOTE,298,pred_normal,1040,1040,0.0,-0.04180261857105551,-0.1730831356731889,0.8498623923676362,-0.7966888112087,-0.646287786591945,-0.3665929413753606,-0.1730831356731889,0.08425238325427883,0.5668886045349892,6.078096654917467,train_oof,0.12060301142481507
Base_LR_SMOTE,Base,supervised,LR,SMOTE,302,TP,28,28,0.0,0.4023556913045446,-0.0875421799601558,2.2849553138402947,-1.061697402247511,-0.9715081868140522,-0.6356734071688123,-0.0875421799601558,0.6154171082430765,1.6510697371728182,8.772337785111276,train_oof,0.12060301142481507
Base_LR_SMOTE,Base,supervised,LR,SMOTE,302,FP,185,185,0.0,-0.03760664317091423,-0.1251895828751011,0.6439751617893225,-1.1289142222863802,-1.008781608905339,-0.4961785599442304,-0.1251895828751011,0.3235874055149744,1.0809235054781374,1.6932348284375573,train_oof,0.12060301142481507
Base_LR_SMOTE,Base,supervised,LR,SMOTE,302,TN,985,985,0.0,0.0009676274415661866,-0.1037480156520198,1.0150229030147804,-1.1613657849579648,-0.952036251928905,-0.561500543809897,-0.1037480156520198,0.386416183889585,1.229917465623643,1.7925441895572967,train_oof,0.12060301142481507
Base_LR_SMOTE,Base,supervised,LR,SMOTE,302,FN,55,55,0.0,-0.10352136060737831,-0.132669199348269,0.5399130526505348,-1.126989467647285,-0.8850687524391415,-0.44830901451595573,-0.132669199348269,0.2565201778055687,0.878874132482961,1.202163102097208,train_oof,0.12060301142481507
Base_LR_SMOTE,Base,supervised,LR,SMOTE,302,pred_anomaly,213,213,0.0,0.020228781079380833,-0.1162140431072994,1.0232682089401328,-1.1128180876361227,-1.0184552462106362,-0.5236038203458462,-0.1162140431072994,0.3370507151666768,1.1588112450187251,1.6978422721850286,train_oof,0.12060301142481507
Base_LR_SMOTE,Base,supervised,LR,SMOTE,302,pred_normal,1040,1040,0.0,-0.004558232503329916,-0.1092330677323429,0.995706475811589,-1.1669754973128408,-0.9449306162793953,-0.5464166505890082,-0.1092330677323429,0.3764433619253614,1.1996499509622218,1.7664951785867413,train_oof,0.12060301142481507
Base_LR_SMOTE,Base,supervised,LR,SMOTE,304,TP,28,28,0.0,0.04256746863465213,0.029123109538877753,1.0425558810380167,-1.72472310321133,-1.6644677522880165,-0.6145943346367418,0.02912310953887775,0.9740400776838934,1.4028246307808387,1.6511829459553988,train_oof,0.12060301142481507
Base_LR_SMOTE,Base,supervised,LR,SMOTE,304,FP,185,185,0.0,-0.006181732792503923,0.0963137725782046,0.9449988934513343,-1.7042724278402794,-1.5629094512573096,-0.6574573438170022,0.0963137725782046,0.6724544004786392,1.4608248468067397,1.9582519991098388,train_oof,0.12060301142481507
Base_LR_SMOTE,Base,supervised,LR,SMOTE,304,TN,985,985,0.0,0.007104142386378567,0.0994029984650703,1.014857789863775,-1.650890604515242,-1.515644295188266,-1.0127183208065462,0.0994029984650703,0.7373281441028166,1.6100344571423484,2.35015119511761,train_oof,0.12060301142481507
Base_LR_SMOTE,Base,supervised,LR,SMOTE,304,FN,55,55,0.0,-0.13560283991030575,-0.0396121664438818,0.9019592973866668,-1.6311813433570397,-1.531708269799967,-0.8041955734431182,-0.0396121664438818,0.3735717959243922,1.3187204560109231,1.836814529497153,train_oof,0.12060301142481507
Base_LR_SMOTE,Base,supervised,LR,SMOTE,304,pred_anomaly,213,213,0.0,0.00022661293500957335,0.0855014819741749,0.9559173312462054,-1.7401074481279204,-1.5786645032803244,-0.6574573438170022,0.0855014819741749,0.6894451428563999,1.4654586856370388,1.917041725779052,train_oof,0.12060301142481507
Base_LR_SMOTE,Base,supervised,LR,SMOTE,304,pred_normal,1040,1040,0.0,-0.00044286148508070847,0.0816399496155929,1.0093160179872849,-1.6515856803397868,-1.516493832307154,-1.0069260222686731,0.0816399496155929,0.7191789420174814,1.6042421586044753,2.3390608741837595,train_oof,0.12060301142481507
Base_LR_SMOTE,Base,supervised,LR,SMOTE,309,TP,28,28,0.0,-0.16538447933130418,-0.08887160346414724,0.9270588736442151,-2.238519815681837,-1.7762094010063547,-0.5539652557438225,-0.08887160346414726,0.5465122443352518,1.192699448624611,1.406569285578415,train_oof,0.12060301142481507
Base_LR_SMOTE,Base,supervised,LR,SMOTE,309,FP,185,185,0.0,0.10608369913114447,0.2462155554617602,1.0673196057549506,-2.4195401245966743,-1.8521991119103172,-0.5118504762066868,0.2462155554617602,0.7845523025886291,1.7396422593960206,2.4398462461351893,train_oof,0.12060301142481507
Base_LR_SMOTE,Base,supervised,LR,SMOTE,309,TN,985,985,0.0,-0.02567192292724506,-0.0247838954728533,0.9953640566003563,-2.4195401245966743,-1.76577225999063,-0.5704449520844408,-0.0247838954728533,0.6820119698025581,1.5169832510605583,2.1205063526014274,train_oof,0.12060301142481507
Base_LR_SMOTE,Base,supervised,LR,SMOTE,309,FN,55,55,0.0,0.18502427894851461,0.3048100313395111,0.8490042529835569,-2.1732235966255646,-1.3340042158664274,-0.2884590369227479,0.3048100313395111,0.6911673566584577,1.332410652045632,1.4535547309228893,train_oof,0.12060301142481507
Base_LR_SMOTE,Base,supervised,LR,SMOTE,309,pred_anomaly,213,213,0.0,0.07039774139899159,0.1070536752520936,1.0519625111296331,-2.412508787491344,-1.929836792448342,-0.5118504762066868,0.1070536752520936,0.6929984340296378,1.5228426986483334,2.4398462461351893,train_oof,0.12060301142481507
Base_LR_SMOTE,Base,supervised,LR,SMOTE,309,pred_normal,1040,1040,0.0,-0.014529335328046206,-0.0046420443898755,0.9889348061650446,-2.412508787491344,-1.775843185532119,-0.5484720236302832,-0.0046420443898755,0.6820119698025581,1.4787137340028946,2.1175766288075404,train_oof,0.12060301142481507
Base_LR_SMOTE,Base,supervised,LR,SMOTE,310,TP,28,28,0.0,0.15633684724141325,0.0386008273729143,0.8694877898611422,-1.4276039885148264,-0.9769231974914518,-0.4478027156636367,0.0386008273729143,0.720363170481521,1.5068104915879246,1.7167044420326898,train_oof,0.12060301142481507
Base_LR_SMOTE,Base,supervised,LR,SMOTE,310,FP,185,185,0.0,0.07709071341027678,-0.0445548134740834,1.0440120987153574,-2.172154536054756,-1.583731552000985,-0.4956456871098545,-0.0445548134740834,0.759662754169484,2.05825769342397,2.5754174323902363,train_oof,0.12060301142481507
Base_LR_SMOTE,Base,supervised,LR,SMOTE,310,TN,985,985,0.0,-0.02763329193342448,-0.1037889685979735,1.0008561788131791,-2.195210291818362,-1.6179051030339975,-0.66195696880385,-0.1037889685979735,0.5933514724754898,1.5980538728460694,2.520739750737417,train_oof,0.12060301142481507
Base_LR_SMOTE,Base,supervised,LR,SMOTE,310,FN,55,55,0.0,0.15311329019808265,0.0648005498315571,0.8771684779026991,-1.5737073103646342,-1.1381084465304965,-0.43755065035373203,0.0648005498315571,0.6560029827026801,1.733381134936799,2.252545722230332,train_oof,0.12060301142481507
Base_LR_SMOTE,Base,supervised,LR,SMOTE,310,pred_anomaly,213,213,0.0,0.08750804555709282,-0.0445548134740834,1.0212779622923978,-2.151650405434948,-1.5773524891414892,-0.4865327401677175,-0.0445548134740834,0.7528280439628835,1.775756338217736,2.520739750737417,train_oof,0.12060301142481507
Base_LR_SMOTE,Base,supervised,LR,SMOTE,310,pred_normal,1040,1040,0.0,-0.018074578455315928,-0.0627807073583575,0.9951452878399335,-2.1836596315692036,-1.5804281087344598,-0.639174601448508,-0.0627807073583575,0.5979079459465577,1.5980538728460694,2.520739750737417,train_oof,0.12060301142481507
Base_LR_SMOTE,Base,supervised,LR,SMOTE,316,TP,28,28,0.0,-0.3537506724614787,-0.4997403001646723,0.6972424013139473,-1.6823824784470764,-1.1675257952071636,-0.7541185686631651,-0.4997403001646723,-0.07870295861597798,0.9649606452777332,1.121530407886043,train_oof,0.12060301142481507
Base_LR_SMOTE,Base,supervised,LR,SMOTE,316,FP,185,185,0.0,-0.1543555908778941,-0.2907136202041073,1.0074310735466083,-2.0581382687125718,-1.673919807907285,-0.7750557620664829,-0.2907136202041073,0.4395480653778012,1.8543203397196673,2.2876753601389024,train_oof,0.12060301142481507
Base_LR_SMOTE,Base,supervised,LR,SMOTE,316,TN,985,985,0.0,0.053640477799378264,-0.08582998911487,1.0015896492593708,-1.8394839323272063,-1.3042612045640947,-0.6059799105080077,-0.08582998911487,0.6357510226413992,1.8971318447233894,2.879046264510581,train_oof,0.12060301142481507
Base_LR_SMOTE,Base,supervised,LR,SMOTE,316,FN,55,55,0.0,-0.25777189785792565,-0.31784072590923,0.9683608540300227,-1.7471708848327774,-1.5364396361937225,-0.8877072337583021,-0.31784072590923,0.2346151122781907,1.4545950388531264,2.5297024107998025,train_oof,0.12060301142481507
Base_LR_SMOTE,Base,supervised,LR,SMOTE,316,pred_anomaly,213,213,0.0,-0.18056715089827144,-0.3078776798138936,0.9733177509070916,-2.041183334426766,-1.6540331733249114,-0.7750557620664829,-0.3078776798138936,0.3761199600381864,1.732692262139969,2.2239671057803694,train_oof,0.12060301142481507
Base_LR_SMOTE,Base,supervised,LR,SMOTE,316,pred_normal,1040,1040,0.0,0.03717155408673239,-0.10008405011265245,1.0018364473728805,-1.8348802158789952,-1.3559358748318353,-0.6228726990607433,-0.10008405011265245,0.582039353345256,1.8849986301716437,2.845746015987172,train_oof,0.12060301142481507
Base_LR_SMOTE,Base,supervised,LR,SMOTE,323,TP,28,28,0.0,0.05266419570525565,0.0009136127883629004,0.41876466860830014,-0.7519128336633814,-0.6670020885681986,-0.1157091062352596,0.0009136127883629004,0.28665567959272426,0.7790540065387732,0.8597179931034584,train_oof,0.12060301142481507
Base_LR_SMOTE,Base,supervised,LR,SMOTE,323,FP,185,185,0.0,-0.022660211179191016,-0.0386411387404369,0.5217749124645003,-1.0730857501597335,-0.8343077507373636,-0.4266787196367911,-0.0386411387404369,0.3491777062027628,0.7717536941022365,1.1707703616072667,train_oof,0.12060301142481507
Base_LR_SMOTE,Base,supervised,LR,SMOTE,323,TN,985,985,0.0,0.005033630083691398,0.0237715198930239,1.0964567348232341,-1.0747948070737154,-0.8288903902975668,-0.4269703675743306,0.0237715198930239,0.3468080667102541,0.6813428334649801,0.9826384847783242,train_oof,0.12060301142481507
Base_LR_SMOTE,Base,supervised,LR,SMOTE,323,FN,55,55,0.0,-0.04354148692732276,0.0068194835235383,0.50756042831721,-1.0438072137101393,-0.8991666064469375,-0.41703610970189015,0.0068194835235383,0.28465060002214004,0.7102816000673403,0.8983967071398739,train_oof,0.12060301142481507
Base_LR_SMOTE,Base,supervised,LR,SMOTE,323,pred_anomaly,213,213,0.0,-0.012758411213160478,-0.0352871874587319,0.5091920742984304,-1.0487885604833147,-0.8201263697745037,-0.4223040005736979,-0.0352871874587319,0.3438186753504737,0.7779512127749516,1.1407291658010064,train_oof,0.12060301142481507
Base_LR_SMOTE,Base,supervised,LR,SMOTE,323,pred_normal,1040,1040,0.0,0.00246475370330123,0.0218393523068246,1.0733521537220054,-1.0808483245772702,-0.8316555773053635,-0.4277359434103719,0.0218393523068246,0.34639793679808917,0.6815232906263328,0.9713571779943718,train_oof,0.12060301142481507
Base_LR_SMOTE,Base,supervised,LR,SMOTE,324,TP,28,28,0.0,0.10641000169136161,0.1793392170895975,0.8511708467951741,-1.2634902502624885,-1.1661119907338218,-0.5041485744268766,0.1793392170895975,0.5032248867087696,0.94668416834896,2.467655413048937,train_oof,0.12060301142481507
Base_LR_SMOTE,Base,supervised,LR,SMOTE,324,FP,185,185,0.0,0.11009794218843452,-0.0438698588862854,1.016506493781032,-1.4168000840428485,-1.2071281585053846,-0.8054508257744295,-0.0438698588862854,0.8582068207431301,1.9211830427604806,2.6238878156648053,train_oof,0.12060301142481507
Base_LR_SMOTE,Base,supervised,LR,SMOTE,324,TN,985,985,0.0,-0.029855455225338706,-0.167654892149255,0.9966153487211277,-1.4572429285023283,-1.3088412942958463,-0.8968945439968073,-0.167654892149255,0.6806145996088235,1.7002030574223694,2.491895648688938,train_oof,0.12060301142481507
Base_LR_SMOTE,Base,supervised,LR,SMOTE,324,FN,55,55,0.0,0.11596382198049685,0.1746140249570436,1.0618633464530596,-1.4502400437557839,-1.3172671369017372,-0.7033416738814299,0.1746140249570436,0.6671815534034202,1.8141476905616716,2.8615916810179733,train_oof,0.12060301142481507
Base_LR_SMOTE,Base,supervised,LR,SMOTE,324,pred_anomaly,213,213,0.0,0.10961314249867841,-0.0118435566545307,0.9945277935038129,-1.4032005310670599,-1.2128253901623496,-0.7868200682232166,-0.0118435566545307,0.7929691680939956,1.8561763995044929,2.726038369241252,train_oof,0.12060301142481507
Base_LR_SMOTE,Base,supervised,LR,SMOTE,324,pred_normal,1040,1040,0.0,-0.022143858834645484,-0.1563894340808486,1.0001664029824704,-1.4643652181040319,-1.3120851761963697,-0.8962195165492998,-0.1563894340808486,0.6807983570806451,1.7405111964045472,2.4956150499247047,train_oof,0.12060301142481507
Base_LR_SMOTE,Base,supervised,LR,SMOTE,332,TP,28,28,0.0,0.2863847035144829,-0.07177547496927056,1.8393637534820781,-0.24635475974156804,-0.2232255521761842,-0.17694869815190914,-0.07177547496927056,0.09390036753459785,0.24676594773016314,7.11211646509714,train_oof,0.12060301142481507
Base_LR_SMOTE,Base,supervised,LR,SMOTE,332,FP,185,185,0.0,0.19539936623500087,-0.0905322804337176,2.291174720291861,-0.2811103254872957,-0.24239564318476306,-0.1627141902761361,-0.0905322804337176,0.0455340371727791,0.344151917525485,4.750690132759721,train_oof,0.12060301142481507
Base_LR_SMOTE,Base,supervised,LR,SMOTE,332,TN,985,985,0.0,-0.04949310681949364,-0.1023745008328812,0.36043325862915715,-0.291872916880404,-0.24907815252141863,-0.1809305454136414,-0.1023745008328812,0.0146329949499953,0.24445790692216504,0.5011699047477268,train_oof,0.12060301142481507
Base_LR_SMOTE,Base,supervised,LR,SMOTE,332,FN,55,55,0.0,0.07352040477138826,-0.0874485344505797,0.9517176307465128,-0.28449290871003663,-0.23819761579225424,-0.15753222537663625,-0.0874485344505797,0.0513438781874024,0.24348509633367,3.4832451007335288,train_oof,0.12060301142481507
Base_LR_SMOTE,Base,supervised,LR,SMOTE,332,pred_anomaly,213,213,0.0,0.20735988005577788,-0.0894672753776854,2.233380898573878,-0.28030092164471127,-0.24118121950892937,-0.1661476394120009,-0.0894672753776854,0.0478230032633558,0.3215865268158839,8.833609235516974,train_oof,0.12060301142481507
Base_LR_SMOTE,Base,supervised,LR,SMOTE,332,pred_normal,1040,1040,0.0,-0.04298758457189893,-0.10108695740693174,0.4133633859872489,-0.29372554880996443,-0.24903046572786494,-0.17865350102145314,-0.10108695740693174,0.015447644339870625,0.24480840485478458,0.5235830156299115,train_oof,0.12060301142481507
Base_LR_SMOTE,Base,supervised,LR,SMOTE,333,TP,28,28,0.0,0.3990710628296662,-0.045688610167496646,1.9846380340390073,-0.46204082153658593,-0.30855585301431937,-0.11919000756174666,-0.045688610167496646,0.09796055909516987,0.9224858470726361,7.856215316315095,train_oof,0.12060301142481507
Base_LR_SMOTE,Base,supervised,LR,SMOTE,333,FP,185,185,0.0,0.1631965825730004,-0.0745589516507565,2.2536452945272347,-0.7004372023943146,-0.4917340605401768,-0.2599760024624372,-0.0745589516507565,0.0890131392139944,0.34926508436814097,7.276828919709018,train_oof,0.12060301142481507
Base_LR_SMOTE,Base,supervised,LR,SMOTE,333,TN,985,985,0.0,-0.04840254601909787,-0.0810276048389252,0.3826160015814707,-0.6140117540605889,-0.42787997009336315,-0.2127866472372738,-0.0810276048389252,0.0620780915124405,0.3834216940715685,0.7259824790878884,train_oof,0.12060301142481507
Base_LR_SMOTE,Base,supervised,LR,SMOTE,333,FN,55,55,0.0,0.1073008219233171,-0.0110388982128402,0.9604403279015601,-0.5547811599908924,-0.39833625241756443,-0.1761486197534674,-0.0110388982128402,0.1476551918870624,0.4587205287041702,3.4673749008822776,train_oof,0.12060301142481507
Base_LR_SMOTE,Base,supervised,LR,SMOTE,333,pred_anomaly,213,213,0.0,0.19420355650345414,-0.0687000485581941,2.2172363734325464,-0.6862825166966635,-0.49009038636941266,-0.243433217259908,-0.0687000485581941,0.0897554436782104,0.43592382839062066,9.732688096950504,train_oof,0.12060301142481507
Base_LR_SMOTE,Base,supervised,LR,SMOTE,333,pred_normal,1040,1040,0.0,-0.040168233291373985,-0.0778197891185628,0.4333627789734619,-0.6202272284047122,-0.4282219603643771,-0.20983731253570131,-0.0778197891185628,0.06987891610513962,0.38587660097822557,0.7381151804467605,train_oof,0.12060301142481507
Base_LR_SMOTE,Base,supervised,LR,SMOTE,334,TP,28,28,0.0,0.41277692064726956,-0.2628247894420569,2.8195309369403825,-0.6618105875968873,-0.5826079529127246,-0.41797027533640674,-0.2628247894420569,0.023536287350084974,1.1491187816715098,10.954887807674346,train_oof,0.12060301142481507
Base_LR_SMOTE,Base,supervised,LR,SMOTE,334,FP,185,185,0.0,0.15337572963170867,-0.2035318273950303,1.87174849272145,-0.6557962073210858,-0.5953439748053371,-0.4470849809155522,-0.2035318273950303,0.2000857348802449,0.9760524633019596,11.771476862291316,train_oof,0.12060301142481507
Base_LR_SMOTE,Base,supervised,LR,SMOTE,334,TN,985,985,0.0,-0.043876832060423754,-0.2242710697253805,0.598442340450359,-0.6674952670971807,-0.5821559437850119,-0.4359176965838252,-0.2242710697253805,0.2117847946563398,0.9659487298589684,1.5069770669589224,train_oof,0.12060301142481507
Base_LR_SMOTE,Base,supervised,LR,SMOTE,334,FN,55,55,0.0,0.03938319559224995,-0.0870730050784489,0.6740804634633857,-0.6215498687037897,-0.5826345416849431,-0.39071678381254926,-0.0870730050784489,0.330636606472577,1.0105115120970032,2.271276642131207,train_oof,0.12060301142481507
Base_LR_SMOTE,Base,supervised,LR,SMOTE,334,pred_anomaly,213,213,0.0,0.18747541671356643,-0.2184215398373329,2.0151702953643253,-0.6760887582781667,-0.6009807945156374,-0.4449578791380803,-0.2184215398373329,0.1836006961048384,1.077089797731869,13.010853983953037,train_oof,0.12060301142481507
Base_LR_SMOTE,Base,supervised,LR,SMOTE,334,pred_normal,1040,1040,0.0,-0.03947365752109967,-0.2197509784482528,0.602609798812046,-0.664751305804242,-0.5822357101016671,-0.42820695264048986,-0.2197509784482528,0.22321796671025076,0.9712930730748667,1.515352530207716,train_oof,0.12060301142481507
Base_LR_SMOTE,Base,supervised,LR,SMOTE,337,TP,28,28,0.0,0.6740993691095959,-0.06864889745329565,3.7520181316785424,-0.667754513483628,-0.5883817622157668,-0.4295729827301581,-0.06864889745329565,0.4999026796372231,1.0244931412853442,14.643317228807952,train_oof,0.12060301142481507
Base_LR_SMOTE,Base,supervised,LR,SMOTE,337,FP,185,185,0.0,0.08747238082198419,-0.1330168292339497,0.9147632638113157,-0.7870255636184436,-0.6541679704593845,-0.3807242684000092,-0.1330168292339497,0.3316869087655351,1.2002612343223134,2.8945452067975252,train_oof,0.12060301142481507
Base_LR_SMOTE,Base,supervised,LR,SMOTE,337,TN,985,985,0.0,-0.03607217886938036,-0.1787289706171601,0.8319293492693124,-0.8364034041674674,-0.6819770989524161,-0.4455831420332276,-0.1787289706171601,0.2188793808652024,0.9842904584697996,1.556999222069644,train_oof,0.12060301142481507
Base_LR_SMOTE,Base,supervised,LR,SMOTE,337,FN,55,55,0.0,-0.0024292718570101362,-0.1224343048564523,0.5415891670263293,-0.798633610976853,-0.6397615545413584,-0.3629412635182352,-0.1224343048564523,0.2846928636561847,0.8959209250082242,1.5912178691933776,train_oof,0.12060301142481507
Base_LR_SMOTE,Base,supervised,LR,SMOTE,337,pred_anomaly,213,213,0.0,0.164587665667304,-0.1293620398870821,1.5995798254086162,-0.7842479237148242,-0.6500004196220607,-0.3925068728615526,-0.1293620398870821,0.333923421649439,1.1931480323696038,4.553339538241816,train_oof,0.12060301142481507
Base_LR_SMOTE,Base,supervised,LR,SMOTE,337,pred_normal,1040,1040,0.0,-0.034292986671610785,-0.17428321939671654,0.8190060145170712,-0.8380235122809295,-0.6790314478370302,-0.4427465891073004,-0.17428321939671654,0.22151137468589435,0.9747989159868896,1.5573919755516956,train_oof,0.12060301142481507
Base_LR_SMOTE,Base,supervised,LR,SMOTE,338,TP,28,28,0.0,0.16359904167062037,-0.07258535430793786,1.1576211945681059,-0.3088417741169133,-0.28624513851091005,-0.12437862743454467,-0.07258535430793786,0.031005170534392848,0.2592639896437079,4.475163216109753,train_oof,0.12060301142481507
Base_LR_SMOTE,Base,supervised,LR,SMOTE,338,FP,185,185,0.0,0.07714018024218693,-0.0783145226365839,1.0181860590744156,-0.3189357729941642,-0.27028622184433715,-0.1756944698670977,-0.0783145226365839,0.0523423439694822,0.40652907866026006,5.111943406620899,train_oof,0.12060301142481507
Base_LR_SMOTE,Base,supervised,LR,SMOTE,338,TN,985,985,0.0,-0.017477464014187045,-0.098748556342088,1.0158048081955422,-0.32010897935301913,-0.2770752863137827,-0.1964945337713764,-0.098748556342088,0.0433348182083332,0.2988748228937077,0.5454416768279051,train_oof,0.12060301142481507
Base_LR_SMOTE,Base,supervised,LR,SMOTE,338,FN,55,55,0.0,-0.038230020267695494,-0.0723784676738478,0.1701190333615969,-0.2852940965683548,-0.23898109123522718,-0.16381440276339143,-0.0723784676738478,0.0286219956532408,0.2638473243066247,0.47433951499811455,train_oof,0.12060301142481507
Base_LR_SMOTE,Base,supervised,LR,SMOTE,338,pred_anomaly,213,213,0.0,0.08850566437362418,-0.0758796260969093,1.0350404664377848,-0.3153263969471172,-0.276989348788853,-0.1748032659048639,-0.0758796260969093,0.0507509083226361,0.4056633376683758,5.225083022775,train_oof,0.12060301142481507
Base_LR_SMOTE,Base,supervised,LR,SMOTE,338,pred_normal,1040,1040,0.0,-0.018574954969901438,-0.09434027960032425,0.9893245759590535,-0.31775365459568683,-0.27582760076665536,-0.19358618512676515,-0.09434027960032425,0.04239587117669395,0.29858836447727544,0.5469885522766393,train_oof,0.12060301142481507
Base_LR_SMOTE,Base,supervised,LR,SMOTE,339,TP,28,28,0.0,0.3126303283701253,0.0864297942758533,1.6026537303541581,-0.509716971262531,-0.4560775672136423,-0.21102510979298492,0.0864297942758533,0.26190116459411017,0.4405036391657231,6.220894309626516,train_oof,0.12060301142481507
Base_LR_SMOTE,Base,supervised,LR,SMOTE,339,FP,185,185,0.0,0.08400622759542073,0.0158868938840242,1.2009758739261973,-0.6656313721040712,-0.5758724546245026,-0.2831238846235953,0.0158868938840242,0.1523125157266432,0.3526763881903409,4.893892425202499,train_oof,0.12060301142481507
Base_LR_SMOTE,Base,supervised,LR,SMOTE,339,TN,985,985,0.0,-0.024204307118971546,0.0083829635764088,0.9471754595837281,-0.746256934409228,-0.5856186307740364,-0.2329339063161121,0.0083829635764088,0.13891264017733,0.30946625616898904,0.41648064005592644,train_oof,0.12060301142481507
Base_LR_SMOTE,Base,supervised,LR,SMOTE,339,FN,55,55,0.0,-0.011863030208098917,-0.0065355645351597,0.6814588825415162,-0.5969820230148662,-0.5726118182408364,-0.4267035511344867,-0.0065355645351597,0.17658117922151054,0.3452677458866317,2.243073062335088,train_oof,0.12060301142481507
Base_LR_SMOTE,Base,supervised,LR,SMOTE,339,pred_anomaly,213,213,0.0,0.11406009999772931,0.0239565967148328,1.2589523495637196,-0.6626833994832223,-0.5649679336774838,-0.2831238846235953,0.0239565967148328,0.1735140965957789,0.3883200571515142,7.811805254119145,train_oof,0.12060301142481507
Base_LR_SMOTE,Base,supervised,LR,SMOTE,339,pred_normal,1040,1040,0.0,-0.023551643436185012,0.0071844191522758005,0.9347694453923513,-0.7354085440520101,-0.5794219327700096,-0.24741693847232815,0.0071844191522758005,0.14331226598268784,0.31325618763685303,0.4220325062710189,train_oof,0.12060301142481507
Base_LR_SMOTE,Base,supervised,LR,SMOTE,344,TP,28,28,0.0,0.01845513837782051,0.1045848360276202,0.9949882887269129,-1.950103639902827,-1.8362823813854776,-0.453842191636605,0.1045848360276202,0.6209735264510143,1.2981527229560488,2.0439629441060734,train_oof,0.12060301142481507
Base_LR_SMOTE,Base,supervised,LR,SMOTE,344,FP,185,185,0.0,-0.04868609231117527,-0.0372190849504036,1.1544947966843748,-2.1877510000079523,-1.9507466343141364,-0.793451527638836,-0.0372190849504036,0.6436536628849,1.8538417037616208,3.2395201329003926,train_oof,0.12060301142481507
Base_LR_SMOTE,Base,supervised,LR,SMOTE,344,TN,985,985,0.0,0.02027661906606067,0.0105506250442931,0.9686401558599352,-2.0541868026454035,-1.7538388311074653,-0.5732719802094493,0.0105506250442931,0.6074735108782983,1.628188268049371,2.4833013639054946,train_oof,0.12060301142481507
Base_LR_SMOTE,Base,supervised,LR,SMOTE,344,FN,55,55,0.0,-0.2112156322184611,-0.0390385683643287,0.9597888954907771,-2.2301359212712066,-2.0721535948634453,-0.6311039848417634,-0.0390385683643287,0.2896483535682469,1.2947497376133983,1.993346679878221,train_oof,0.12060301142481507
Base_LR_SMOTE,Base,supervised,LR,SMOTE,344,pred_anomaly,213,213,0.0,-0.03986001503750447,-0.0050197421100263,1.1328824293584836,-2.14849823673798,-1.9472708696349283,-0.7738562426294697,-0.0050197421100263,0.6436536628849,1.8341030655135817,3.1697168095782264,train_oof,0.12060301142481507
Base_LR_SMOTE,Base,supervised,LR,SMOTE,344,pred_normal,1040,1040,0.0,0.008034240392359995,0.01029700008356395,0.9691028327562098,-2.076981180583339,-1.7731738748527797,-0.5776277132306645,0.01029700008356395,0.5908886438810629,1.627551448854497,2.4753174706851913,train_oof,0.12060301142481507
Base_LR_SMOTE,Base,supervised,LR,SMOTE,348,TP,28,28,0.0,1.1676062501254343,0.4692604076592224,3.2894809922415957,-0.8868350332802714,-0.8278249545370493,-0.13139238835156672,0.4692604076592224,1.0902055278595655,5.701433276693738,13.639871668943911,train_oof,0.12060301142481507
Base_LR_SMOTE,Base,supervised,LR,SMOTE,348,FP,185,185,0.0,0.09798779695824564,-0.0705154157829055,0.8636704869347686,-1.1133785405324488,-0.935780119225475,-0.5575311963321942,-0.0705154157829055,0.5057865912004191,1.5431302037704029,3.065866210954512,train_oof,0.12060301142481507
Base_LR_SMOTE,Base,supervised,LR,SMOTE,348,TN,985,985,0.0,-0.06640312192845602,-0.2085032202718706,0.8477795985438965,-1.055261324053567,-0.898442242716696,-0.5331804073047296,-0.2085032202718706,0.1324078261126312,1.3191029447177294,3.0538531550342936,train_oof,0.12060301142481507
Base_LR_SMOTE,Base,supervised,LR,SMOTE,348,FN,55,55,0.0,0.19586745812359915,-0.1679185718927632,0.9921254554020917,-1.1362682822182655,-1.0388651261084076,-0.3911341379778538,-0.1679185718927632,0.9684515827222433,1.8937815657658905,2.6911887371185936,train_oof,0.12060301142481507
Base_LR_SMOTE,Base,supervised,LR,SMOTE,348,pred_anomaly,213,213,0.0,0.23859491756238319,-0.0299307674037981,1.4685897959217205,-1.1075343511658573,-0.9227930317441604,-0.5169465479530868,-0.0299307674037981,0.5707220286069911,1.6583906051670658,4.346717713799135,train_oof,0.12060301142481507
Base_LR_SMOTE,Base,supervised,LR,SMOTE,348,pred_normal,1040,1040,0.0,-0.05253304317570312,-0.2085032202718706,0.8574906926876043,-1.0688977659089471,-0.914676102068339,-0.5331804073047296,-0.2085032202718706,0.1405247557884527,1.463584292947353,3.0778792668747217,train_oof,0.12060301142481507
Base_LR_SMOTE,Base,supervised,LR,SMOTE,349,TP,28,28,0.0,0.1593246684479401,0.05551660839195205,0.7380264945562752,-1.0166947208971595,-0.7326077977249221,-0.17081899795962915,0.05551660839195205,0.3652390170835824,1.4635623279054726,2.1354217067596406,train_oof,0.12060301142481507
Base_LR_SMOTE,Base,supervised,LR,SMOTE,349,FP,185,185,0.0,-0.07612934004888111,-0.1874963584276403,0.8623804110587948,-1.7237195055381618,-1.277719237022204,-0.5591632488576054,-0.1874963584276403,0.3175894157464144,1.5869747953687523,2.5967651469061677,train_oof,0.12060301142481507
Base_LR_SMOTE,Base,supervised,LR,SMOTE,349,TN,985,985,0.0,0.008231427476818813,-0.1207869165555954,1.0260260951501798,-1.6741639201474998,-1.2167277473106202,-0.5305734880553001,-0.1207869165555954,0.2985295752115445,1.4764277202665015,4.414311540311365,train_oof,0.12060301142481507
Base_LR_SMOTE,Base,supervised,LR,SMOTE,349,FN,55,55,0.0,-0.028779868155450215,-0.2256160394973804,0.9377981337302492,-1.735155409859084,-1.1157105924758088,-0.5162786076541477,-0.2256160394973804,0.35094413668243696,1.3696926132712375,3.175612503950172,train_oof,0.12060301142481507
Base_LR_SMOTE,Base,supervised,LR,SMOTE,349,pred_anomaly,213,213,0.0,-0.04517763940141169,-0.1303168368230303,0.8492379043333813,-1.6897929893860932,-1.249129476219899,-0.5305734880553001,-0.1303168368230303,0.3175894157464144,1.6212825083315217,2.534248869951794,train_oof,0.12060301142481507
Base_LR_SMOTE,Base,supervised,LR,SMOTE,349,pred_normal,1040,1040,0.0,0.006274099342419976,-0.1303168368230303,1.0211659719908033,-1.6741639201474998,-1.2172042433239918,-0.5305734880553001,-0.1303168368230303,0.3009106182120176,1.4802396883734743,4.3459820119938515,train_oof,0.12060301142481507
Base_LR_SMOTE,Base,supervised,LR,SMOTE,352,TP,28,28,0.0,-0.09212073539604092,-0.0913299930579627,0.5393049208145121,-1.0947503903856073,-0.7422690857638928,-0.4621881496166135,-0.0913299930579627,0.1005568143156672,0.489127599247268,1.5055372573817438,train_oof,0.12060301142481507
Base_LR_SMOTE,Base,supervised,LR,SMOTE,352,FP,185,185,0.0,-0.09854872357612612,-0.1208510403462136,0.6573264144261868,-1.1292900157128605,-0.8943024792983845,-0.5193851787375992,-0.1208510403462136,0.2038804798245452,0.6540764509703699,2.026805149874031,train_oof,0.12060301142481507
Base_LR_SMOTE,Base,supervised,LR,SMOTE,352,TN,985,985,0.0,0.02301092749237182,-0.1208510403462136,1.0697896005814387,-1.0974072846415497,-0.8883982698407342,-0.54890622602585,-0.1208510403462136,0.2703028362231093,1.107224526845017,6.354590682331582,train_oof,0.12060301142481507
Base_LR_SMOTE,Base,supervised,LR,SMOTE,352,FN,55,55,0.0,-0.05362356447615158,0.0119936724509149,0.6093566700451377,-1.2287759450742657,-1.0699527106634765,-0.4935542623603799,0.0119936724509149,0.2739929671341408,0.8415351012507618,1.3733567681486005,train_oof,0.12060301142481507
Base_LR_SMOTE,Base,supervised,LR,SMOTE,352,pred_anomaly,213,213,0.0,-0.09770372982475344,-0.1060905167020883,0.6419174701635882,-1.1505451697604012,-0.8913503745695593,-0.5120049169155365,-0.1060905167020883,0.1965002180024825,0.6540764509703699,1.9786858427941822,train_oof,0.12060301142481507
Base_LR_SMOTE,Base,supervised,LR,SMOTE,352,pred_normal,1040,1040,0.0,0.01895814185942108,-0.1134707785241509,1.0504573260774448,-1.1261903057475942,-0.8961475447539001,-0.54890622602585,-0.1134707785241509,0.27214790167862496,1.0629429559126404,5.972735935657996,train_oof,0.12060301142481507
Base_LR_SMOTE,Base,supervised,LR,SMOTE,353,TP,28,28,0.0,0.24589615059456463,0.34056159708147704,0.8671413434723481,-1.4682402167736457,-1.346667937612184,-0.1580249251608909,0.34056159708147704,0.7133067926236946,1.1832206075166605,2.2054982002139836,train_oof,0.12060301142481507
Base_LR_SMOTE,Base,supervised,LR,SMOTE,353,FP,185,185,0.0,-0.06636538286979414,0.0952506564254876,0.9084060244812986,-2.0741900987576605,-1.8723342390178752,-0.6311245964260128,0.0952506564254876,0.5667573995045322,1.2370615802060916,1.8321795505247775,train_oof,0.12060301142481507
Base_LR_SMOTE,Base,supervised,LR,SMOTE,353,TN,985,985,0.0,0.01768768943158518,0.1143657946584219,1.013470774204485,-2.02117744872499,-1.7270591884475754,-0.6247528836817015,0.1143657946584219,0.6495896651805801,1.456248498610404,2.113299516803793,train_oof,0.12060301142481507
Base_LR_SMOTE,Base,supervised,LR,SMOTE,353,FN,55,55,0.0,-0.18475715635634274,-0.0895290131595432,0.9548954912366683,-1.8149888243190726,-1.6690766024743415,-0.8987365316870921,-0.0895290131595432,0.29595960787129694,1.0312552585648331,2.308019058269955,train_oof,0.12060301142481507
Base_LR_SMOTE,Base,supervised,LR,SMOTE,353,pred_anomaly,213,213,0.0,-0.025316918376826796,0.1525960711242906,0.9072834254349081,-2.066544043464487,-1.8341039625520066,-0.5928943199601443,0.1525960711242906,0.5731291122488433,1.2498050056947145,1.8780558822838196,train_oof,0.12060301142481507
Base_LR_SMOTE,Base,supervised,LR,SMOTE,353,pred_normal,1040,1040,0.0,0.00698147162549283,0.0828143555565809,1.0110375086901062,-2.0127030707750557,-1.7270591884475754,-0.6374963091703244,0.0828143555565809,0.6384391678780353,1.4466909294939367,2.1620431192977683,train_oof,0.12060301142481507
Base_LR_SMOTE,Base,supervised,LR,SMOTE,354,TP,28,28,0.0,-0.14258608442022175,0.21960293054374805,1.0947137192697338,-2.3081576891786937,-1.7961774529626597,-1.0811444938160424,0.21960293054374805,0.6601176832702469,1.2870476918715639,1.5589190285328116,train_oof,0.12060301142481507
Base_LR_SMOTE,Base,supervised,LR,SMOTE,354,FP,185,185,0.0,0.07952104161633879,0.1931342329550317,0.9956557261834031,-2.3251732804857257,-1.8033618137367398,-0.3211147487686064,0.1931342329550317,0.6166333943744985,1.2942320526456443,2.272212616123598,train_oof,0.12060301142481507
Base_LR_SMOTE,Base,supervised,LR,SMOTE,354,TN,985,985,0.0,-0.008805950111026209,0.1704467778789887,0.981267779534014,-2.425603081622342,-1.8018493167316705,-0.5404268145036873,0.1704467778789887,0.6090709093491506,1.2428071544732806,2.0659080246321144,train_oof,0.12060301142481507
Base_LR_SMOTE,Base,supervised,LR,SMOTE,354,FN,55,55,0.0,-0.017377850205099427,0.0343220474227313,1.155325049912461,-1.9959026824820902,-1.7473994245491675,-0.8429262155175923,0.0343220474227313,0.677133274577279,1.4787566872641256,3.240815698170124,train_oof,0.12060301142481507
Base_LR_SMOTE,Base,supervised,LR,SMOTE,354,pred_anomaly,213,213,0.0,0.050323860728903616,0.2158216880310741,1.0092992995010148,-2.3251732804857257,-1.8457117298786867,-0.3664896589206924,0.2158216880310741,0.6241958793998458,1.3365819687875893,2.1772278042052324,train_oof,0.12060301142481507
Base_LR_SMOTE,Base,supervised,LR,SMOTE,354,pred_normal,1040,1040,0.0,-0.009259271750616617,0.1666655353663148,0.9906016496735975,-2.410024362470126,-1.80336181373674,-0.5555517845543825,0.1666655353663148,0.6166333943744985,1.2821320766050883,2.105157321913668,train_oof,0.12060301142481507
Base_LR_SMOTE,Base,supervised,LR,SMOTE,357,TP,28,28,0.0,0.10948750094366334,-0.0031696133441091,0.9377446982658062,-0.7917694133585171,-0.7917694133585171,-0.397469513351313,-0.0031696133441091,0.3911302866630945,1.2388750716785826,3.247833062215288,train_oof,0.12060301142481507
Base_LR_SMOTE,Base,supervised,LR,SMOTE,357,FP,185,185,0.0,0.0982776159313009,-0.2003195633477112,1.1582646514033932,-1.186069313365721,-0.9889193633621188,-0.5946194633549151,-0.2003195633477112,0.1939803366594929,2.756929686706318,5.122729086749541,train_oof,0.12060301142481507
Base_LR_SMOTE,Base,supervised,LR,SMOTE,357,TN,985,985,0.0,-0.02462422830602827,-0.2003195633477112,0.9702712820660887,-1.186069313365721,-0.9889193633621188,-0.5946194633549151,-0.2003195633477112,0.1939803366594929,1.3768800366811045,3.9713733787285,train_oof,0.12060301142481507
Base_LR_SMOTE,Base,supervised,LR,SMOTE,357,FN,55,55,0.0,0.05059855483869135,-0.0031696133441091,0.9093741909779787,-1.186069313365721,-1.0480643483631995,-0.5946194633549151,-0.0031696133441091,0.3911302866630945,1.3768800366811045,3.4075245217182055,train_oof,0.12060301142481507
Base_LR_SMOTE,Base,supervised,LR,SMOTE,357,pred_anomaly,213,213,0.0,0.09975121583902928,-0.0031696133441091,1.129777241997013,-1.186069313365721,-0.8706293933599576,-0.5946194633549151,-0.0031696133441091,0.1939803366594929,2.756929686706318,5.122729086749541,train_oof,0.12060301142481507
Base_LR_SMOTE,Base,supervised,LR,SMOTE,357,pred_normal,1040,1040,0.0,-0.02064610035125944,-0.2003195633477112,0.9668789338881039,-1.186069313365721,-0.9889193633621188,-0.5946194633549151,-0.2003195633477112,0.1939803366594929,1.3768800366811045,3.9398293867279297,train_oof,0.12060301142481507
Base_LR_SMOTE,Base,supervised,LR,SMOTE,362,TP,28,28,0.0,-0.08678923196805657,-0.2204005691877645,0.5554313282626835,-0.5861744670616287,-0.5113521182185937,-0.3797363762339041,-0.2204005691877645,-0.010863069510649302,0.49857497657933675,1.8581241203176861,train_oof,0.12060301142481507
Base_LR_SMOTE,Base,supervised,LR,SMOTE,362,FP,185,185,0.0,0.09356233167441952,-0.2422273920707973,1.0135247160789185,-0.5610736207461409,-0.5172453603970109,-0.3775536939456008,-0.2422273920707973,0.1113671386343344,1.7466327090311533,4.395885163282139,train_oof,0.12060301142481507
Base_LR_SMOTE,Base,supervised,LR,SMOTE,362,TN,985,985,0.0,-0.025982311153834037,-0.2596888503772236,0.9179185072287297,-0.5958219227759292,-0.5259760895502241,-0.3993805168286337,-0.2596888503772236,0.0032986009935242,1.1669122932578022,3.479333216777826,train_oof,0.12060301142481507
Base_LR_SMOTE,Base,supervised,LR,SMOTE,362,FN,55,55,0.0,0.1743871290675274,-0.2946117669900761,1.8535382626827965,-0.5498109801384959,-0.5120069229050831,-0.4124766105584534,-0.2946117669900761,-0.11999718392581345,1.8535841411580145,7.494595554340557,train_oof,0.12060301142481507
Base_LR_SMOTE,Base,supervised,LR,SMOTE,362,pred_anomaly,213,213,0.0,0.06985414490451658,-0.2378620274941907,0.9667378133098933,-0.6054257248444637,-0.5163722874816896,-0.3775536939456008,-0.2378620274941907,0.0851749511746951,1.7344096882166549,4.0419414034108865,train_oof,0.12060301142481507
Base_LR_SMOTE,Base,supervised,LR,SMOTE,362,pred_normal,1040,1040,0.0,-0.015385850372896645,-0.2596888503772236,0.9892138095463362,-0.5941194305910527,-0.5259760895502241,-0.3993805168286337,-0.2596888503772236,-0.00540636378989115,1.2031448192436363,3.5716606775730404,train_oof,0.12060301142481507
Base_LR_SMOTE,Base,supervised,LR,SMOTE,366,TP,28,28,0.0,0.10113027072131829,-0.1297480531568414,0.9022783459034768,-0.6238570775075528,-0.6238570775075528,-0.5209176974344879,-0.1297480531568414,0.37465490920117633,1.986685601145371,2.728260895191732,train_oof,0.12060301142481507
Base_LR_SMOTE,Base,supervised,LR,SMOTE,366,FP,185,185,0.0,0.11374531289706735,-0.2120995572152933,1.2185571957640657,-0.9532630937413604,-0.8709115896829084,-0.5003298214198749,-0.2120995572152933,0.2820094671354178,1.5172820280121964,7.000245168223922,train_oof,0.12060301142481507
Base_LR_SMOTE,Base,supervised,LR,SMOTE,366,TN,985,985,0.0,-0.029179541904324317,-0.2532753092445194,0.9508282929138296,-0.9532630937413604,-0.7885600856244566,-0.5003298214198749,-0.2532753092445194,0.199657963076966,1.2702275158368408,2.6619679344246707,train_oof,0.12060301142481507
Base_LR_SMOTE,Base,supervised,LR,SMOTE,366,FN,55,55,0.0,0.07912530713686838,-0.2120995572152933,1.0755102268743033,-0.96232175918779,-0.8297358376536824,-0.5415055734491009,-0.2120995572152933,0.28200946713541797,1.3896371967215928,4.2431168123469565,train_oof,0.12060301142481507
Base_LR_SMOTE,Base,supervised,LR,SMOTE,366,pred_anomaly,213,213,0.0,0.11208699749368248,-0.2120995572152933,1.1800283006523948,-0.9532630937413604,-0.8462061384653727,-0.5003298214198749,-0.2120995572152933,0.3231852191646439,1.5749280808531114,6.776249077184926,train_oof,0.12060301142481507
Base_LR_SMOTE,Base,supervised,LR,SMOTE,366,pred_normal,1040,1040,0.0,-0.023451881618492005,-0.2532753092445194,0.9575611069962982,-0.9532630937413604,-0.7906188732259177,-0.5003298214198749,-0.2532753092445194,0.199657963076966,1.2722863034383003,2.885140510423074,train_oof,0.12060301142481507
Base_LR_SMOTE,Base,supervised,LR,SMOTE,367,TP,28,28,0.0,-0.10718995839345699,-0.15133365825982253,0.6063353772649448,-1.3343848146784203,-1.0748198594641907,-0.42502459743128923,-0.15133365825982253,0.1311860208849173,0.7827470309124732,1.490105677571116,train_oof,0.12060301142481507
Base_LR_SMOTE,Base,supervised,LR,SMOTE,367,FP,185,185,0.0,0.06981434734097548,-0.2396210579925537,1.210887230180677,-1.3343848146784203,-0.7199045125386112,-0.4161958574580161,-0.2396210579925537,0.1488435008314634,1.3424891452179883,3.6407867350604297,train_oof,0.12060301142481507
Base_LR_SMOTE,Base,supervised,LR,SMOTE,367,TN,985,985,0.0,-0.014623277806981807,-0.2043060980994612,0.9310438030542157,-1.3343848146784203,-0.7975974243034146,-0.4161958574580161,-0.2043060980994612,0.1841584607245559,1.278922217410423,3.279161545755175,train_oof,0.12060301142481507
Base_LR_SMOTE,Base,supervised,LR,SMOTE,367,FN,55,55,0.0,0.0672980479874136,-0.1689911382063688,1.4521639365684853,-1.3343848146784203,-0.8399753761751256,-0.3808808975649235,-0.1689911382063688,0.1665009807780098,0.9752135623298265,5.335198510731031,train_oof,0.12060301142481507
Base_LR_SMOTE,Base,supervised,LR,SMOTE,367,pred_anomaly,213,213,0.0,0.04654617569513456,-0.2396210579925537,1.1502212572901087,-1.3343848146784203,-0.7340304964958483,-0.4161958574580161,-0.2396210579925537,0.1488435008314634,1.3283631612607512,2.781926910460436,train_oof,0.12060301142481507
Base_LR_SMOTE,Base,supervised,LR,SMOTE,367,pred_normal,1040,1040,0.0,-0.010290900000547437,-0.2043060980994612,0.9648274506724094,-1.3343848146784203,-0.8046604162820332,-0.4161958574580161,-0.2043060980994612,0.1841584607245559,1.278922217410423,3.3427284735627323,train_oof,0.12060301142481507
Base_LR_SMOTE,Base,supervised,LR,SMOTE,368,TP,28,28,0.0,0.05302885765725,0.056291528449808,0.6809102372815367,-1.451062377712023,-1.1473077269248662,-0.28628890476879,0.056291528449808,0.23900109283306029,1.195942436290344,1.5773486519403834,train_oof,0.12060301142481507
Base_LR_SMOTE,Base,supervised,LR,SMOTE,368,FP,185,185,0.0,0.16369512372915232,-0.080740644837631,1.1103998120432572,-1.451062377712023,-0.628869337987388,-0.3548049914125096,-0.080740644837631,0.3303558750246864,1.6184583039266116,6.01993170991916,train_oof,0.12060301142481507
Base_LR_SMOTE,Base,supervised,LR,SMOTE,368,TN,985,985,0.0,-0.03596276556510398,-0.1720954270292572,0.9793663846270342,-1.451062377712023,-0.8115789023706402,-0.4461597736041355,-0.1720954270292572,0.1476463106414342,1.0611941325576957,3.030803236609145,train_oof,0.12060301142481507
Base_LR_SMOTE,Base,supervised,LR,SMOTE,368,FN,55,55,0.0,0.04881704627049319,-0.080740644837631,1.0422264241617758,-1.451062377712023,-0.9075014236718475,-0.4004823825083226,-0.080740644837631,0.3075171794767799,1.0200844805714628,3.854823371977626,train_oof,0.12060301142481507
Base_LR_SMOTE,Base,supervised,LR,SMOTE,368,pred_anomaly,213,213,0.0,0.14914744556007592,-0.035063253741818,1.0632937197497456,-1.451062377712023,-0.6471402944257131,-0.3548049914125096,-0.035063253741818,0.3303558750246864,1.5453744781733099,5.8372221455359075,train_oof,0.12060301142481507
Base_LR_SMOTE,Base,supervised,LR,SMOTE,368,pred_normal,1040,1040,0.0,-0.03147921782379836,-0.1720954270292572,0.9824460895699474,-1.451062377712023,-0.8115789023706402,-0.4461597736041355,-0.1720954270292572,0.1476463106414342,1.0634780021124843,3.174687018560934,train_oof,0.12060301142481507
Base_LR_SMOTE,Base,supervised,LR,SMOTE,376,TP,28,28,0.0,0.12911332581727114,0.10222680553472324,0.7549356709951554,-0.9329042253433704,-0.8670322506511281,-0.3682872994098647,0.10222680553472324,0.43158667899593484,0.9491521944349816,2.18566326222936,train_oof,0.12060301142481507
Base_LR_SMOTE,Base,supervised,LR,SMOTE,376,FP,185,185,0.0,-0.061054305478479724,0.0081239845458058,0.8012572977145613,-1.497521151276876,-1.309315509299041,-0.5564929413877001,0.0081239845458058,0.384535268501476,1.3255634783906525,1.8901804043241577,train_oof,0.12060301142481507
Base_LR_SMOTE,Base,supervised,LR,SMOTE,376,TN,985,985,0.0,0.013024818862768467,-0.1800816574320294,1.0439737112365561,-1.715839695971165,-1.309315509299041,-0.5564929413877001,-0.1800816574320294,0.5727409104793113,1.513769120368487,2.643002972235499,train_oof,0.12060301142481507
Base_LR_SMOTE,Base,supervised,LR,SMOTE,376,FN,55,55,0.0,-0.09795555911442871,-0.1800816574320294,0.8951325348060889,-1.8588759838743196,-1.497521151276876,-0.6505957623766178,-0.1800816574320294,0.384535268501476,1.5702308129618372,2.0783860463019934,train_oof,0.12060301142481507
Base_LR_SMOTE,Base,supervised,LR,SMOTE,376,pred_anomaly,213,213,0.0,-0.036055743618005426,0.0081239845458058,0.7962114492064564,-1.497521151276876,-1.309315509299041,-0.5564929413877001,0.0081239845458058,0.384535268501476,1.3255634783906525,1.8901804043241577,train_oof,0.12060301142481507
Base_LR_SMOTE,Base,supervised,LR,SMOTE,376,pred_normal,1040,1040,0.0,0.007155664258205147,-0.1800816574320294,1.0365564354302677,-1.8005322348611905,-1.3187257913979322,-0.5564929413877001,-0.1800816574320294,0.5727409104793113,1.513769120368487,2.569602771864124,train_oof,0.12060301142481507
Base_LR_SMOTE,Base,supervised,LR,SMOTE,377,TP,28,28,0.0,-0.4934833636087336,-0.3714959728317686,0.7954337318544362,-1.8658415098495904,-1.7911242329986994,-1.225407708270524,-0.3714959728317686,0.0554598948876092,0.6211764196157843,1.1634103716193949,train_oof,0.12060301142481507
Base_LR_SMOTE,Base,supervised,LR,SMOTE,377,FP,185,185,0.0,-0.25494856029215474,-0.3714959728317686,0.8445584790538723,-1.8658415098495904,-1.438885642130213,-0.7984518405511466,-0.3714959728317686,0.2689378287472977,1.3363274980457427,2.0109177690423583,train_oof,0.12060301142481507
Base_LR_SMOTE,Base,supervised,LR,SMOTE,377,TN,985,985,0.0,0.07163643962785869,0.0554598948876092,1.0321550867713596,-1.686520045407452,-1.438885642130213,-0.5849739066914577,0.0554598948876092,0.6958936964666758,1.549805431905431,2.43787363676173,train_oof,0.12060301142481507
Base_LR_SMOTE,Base,supervised,LR,SMOTE,377,FN,55,55,0.0,-0.1929507917854834,-0.3714959728317686,0.7323576241990575,-1.438885642130213,-1.225407708270524,-0.5849739066914577,-0.3714959728317686,0.0554598948876092,1.1868929443439595,1.861483215340577,train_oof,0.12060301142481507
Base_LR_SMOTE,Base,supervised,LR,SMOTE,377,pred_anomaly,213,213,0.0,-0.2863052480520806,-0.3714959728317686,0.8403457791593902,-1.8658415098495904,-1.5242768156740882,-0.7984518405511466,-0.3714959728317686,0.0554598948876092,1.3363274980457427,1.9511439475616452,train_oof,0.12060301142481507
Base_LR_SMOTE,Base,supervised,LR,SMOTE,377,pred_normal,1040,1040,0.0,0.05764384565888386,0.0554598948876092,1.0199681627991495,-1.6523635759899018,-1.438885642130213,-0.5849739066914577,0.0554598948876092,0.6958936964666758,1.549805431905431,2.403717167344187,train_oof,0.12060301142481507
Base_LR_SMOTE,Base,supervised,LR,SMOTE,393,TP,28,28,0.0,0.10792400034790259,-0.0838744938899459,0.7300380517484972,-1.2157114712124597,-0.8479100849142062,-0.38851183418730406,-0.0838744938899459,0.655867233287816,1.3297970118443765,1.563660799581513,train_oof,0.12060301142481507
Base_LR_SMOTE,Base,supervised,LR,SMOTE,393,FP,185,185,0.0,0.08827739071599879,-0.0337442986511403,0.9886826543998056,-1.7387879237888602,-1.393172362357832,-0.5633248227123704,-0.0337442986511403,0.7426310327395953,1.704102469627459,1.822461145975901,train_oof,0.12060301142481507
Base_LR_SMOTE,Base,supervised,LR,SMOTE,393,TN,985,985,0.0,-0.018236105491750067,-0.0157488439500304,1.0134315154206344,-1.952368263298603,-1.5988347017990865,-0.8204027470139383,-0.0157488439500304,0.6989277856083286,1.6552576640101622,1.9780447057632098,train_oof,0.12060301142481507
Base_LR_SMOTE,Base,supervised,LR,SMOTE,393,FN,55,55,0.0,-0.02528409786957939,0.0690868710694869,0.9230598072677751,-1.7632617421823693,-1.494975220381253,-0.7047176810782327,0.0690868710694869,0.5318271348123099,1.5529406501381378,1.7010175345358416,train_oof,0.12060301142481507
Base_LR_SMOTE,Base,supervised,LR,SMOTE,393,pred_anomaly,213,213,0.0,0.09086004362535702,-0.0414566363801872,0.9572414448992502,-1.7253170405554579,-1.3397001541031057,-0.5221923548241194,-0.0414566363801872,0.7426310327395953,1.6568001315559715,1.7903778210230659,train_oof,0.12060301142481507
Base_LR_SMOTE,Base,supervised,LR,SMOTE,393,pred_normal,1040,1040,0.0,-0.018608835857885277,-0.009321895842490751,1.0084453090613565,-1.954681964617317,-1.5894513575620792,-0.8210454418246923,-0.009321895842490751,0.6860738893932502,1.6552576640101622,1.9654478874724326,train_oof,0.12060301142481507
Base_LR_SMOTE,Base,supervised,LR,SMOTE,405,TP,28,28,0.0,0.19227660283351738,0.252625703994138,1.1513985587777,-1.5102179632931025,-1.3456970290521484,-0.8197314012445844,0.252625703994138,1.3574784790885797,1.722358429182794,1.8305225874168296,train_oof,0.12060301142481507
Base_LR_SMOTE,Base,supervised,LR,SMOTE,405,FP,185,185,0.0,-0.08379726535839009,-0.1280378571728545,0.9964430852829341,-1.650692101840824,-1.4427198147642233,-1.0936234757427865,-0.1280378571728545,0.6332892651611305,1.6434403738189054,1.8116750989005124,train_oof,0.12060301142481507
Base_LR_SMOTE,Base,supervised,LR,SMOTE,405,TN,985,985,0.0,0.01560104726261683,-0.0073396548516127,0.9873415936469886,-1.5266514877629944,-1.3350198803852693,-0.907933933710107,-0.0073396548516127,0.7725564216856401,1.7288575631539378,2.0445297846094923,train_oof,0.12060301142481507
Base_LR_SMOTE,Base,supervised,LR,SMOTE,405,FN,55,55,0.0,-0.10913128562043611,-0.1187533800712203,1.1054377238285895,-1.650692101840824,-1.567131807926118,-1.19575272386076,-0.1187533800712203,0.6147203109578623,1.6842920730660949,1.7238439455190557,train_oof,0.12060301142481507
Base_LR_SMOTE,Base,supervised,LR,SMOTE,405,pred_anomaly,213,213,0.0,-0.047505864844899916,-0.1187533800712203,1.0194831317416992,-1.6406648665710593,-1.435292233082916,-1.0936234757427865,-0.1187533800712203,0.8189788071938099,1.6731507005441344,1.8592116216608783,train_oof,0.12060301142481507
Base_LR_SMOTE,Base,supervised,LR,SMOTE,405,pred_normal,1040,1040,0.0,0.009004625812070762,-0.030550847605697647,0.9937455861602729,-1.5954494630861018,-1.381442265893439,-0.945071842116643,-0.03055084760569765,0.7725564216856401,1.7288575631539378,2.0445297846094923,train_oof,0.12060301142481507
Base_LR_SMOTE,Base,supervised,LR,SMOTE,406,TP,28,28,0.0,0.008483581892579223,-0.25334923127782727,1.0226199213177922,-1.2263202754996776,-1.0653461900896413,-0.7878829312295474,-0.25334923127782727,0.5645718980589041,2.288382830887877,2.5981748842249277,train_oof,0.12060301142481507
Base_LR_SMOTE,Base,supervised,LR,SMOTE,406,FP,185,185,0.0,0.021590005448714783,-0.2033267973189058,1.0801165167237496,-1.6324218144401599,-1.3866605798263378,-0.8458013380330712,-0.2033267973189058,0.8259715406879707,2.0708255555695487,2.37665577605023,train_oof,0.12060301142481507
Base_LR_SMOTE,Base,supervised,LR,SMOTE,406,TN,985,985,0.0,-0.008569485837205543,-0.2929956032522776,0.9751579972186828,-1.4697321733763395,-1.2381987632160898,-0.7506640669997755,-0.2929956032522776,0.5292722547536244,2.076672606714853,2.334461660207431,train_oof,0.12060301142481507
Base_LR_SMOTE,Base,supervised,LR,SMOTE,406,FN,55,55,0.0,0.06208050364912596,-0.26176225450848,1.1199603735924148,-1.4810862493113743,-1.2552211135527767,-0.8294660512602208,-0.26176225450848,1.0458494082474208,2.1900696435850096,2.6048828680808347,train_oof,0.12060301142481507
Base_LR_SMOTE,Base,supervised,LR,SMOTE,406,pred_anomaly,213,213,0.0,0.019867095309880053,-0.2033267973189058,1.0704067711616043,-1.61061385605577,-1.3320039722378654,-0.8406133070408354,-0.2033267973189058,0.7777368741655626,2.111825022113594,2.5981748842249277,train_oof,0.12060301142481507
Base_LR_SMOTE,Base,supervised,LR,SMOTE,406,pred_normal,1040,1040,0.0,-0.004833188316293795,-0.29199655674363756,0.9828711091836337,-1.4697321733763395,-1.2381987632160898,-0.7506640669997755,-0.29199655674363756,0.6552923318961074,2.0775139090379175,2.334461660207431,train_oof,0.12060301142481507
Base_LR_SMOTE,Base,supervised,LR,SMOTE,408,TP,28,28,0.0,-0.23745169561572096,-0.28678472870299176,0.35247364324501795,-0.909014343990911,-0.7680972527965169,-0.48094335936348304,-0.28678472870299176,0.0099024180504639,0.35775319301053243,0.4190132219055892,train_oof,0.12060301142481507
Base_LR_SMOTE,Base,supervised,LR,SMOTE,408,FP,185,185,0.0,0.04765446451359516,-0.1770412429590409,1.1858749151932522,-0.9577769062447248,-0.8152622688755043,-0.5076007735476539,-0.1770412429590409,0.1956309262766448,0.8857921389753135,7.372110612851233,train_oof,0.12060301142481507
Base_LR_SMOTE,Base,supervised,LR,SMOTE,408,TN,985,985,0.0,-0.00469678612122617,-0.1375867510254893,0.9484995721958704,-0.932334644843878,-0.7379177942169304,-0.4408433175137902,-0.1375867510254893,0.1676444387357132,0.8791163933719279,3.652852996465921,train_oof,0.12060301142481507
Base_LR_SMOTE,Base,supervised,LR,SMOTE,408,FN,55,55,0.0,0.03518795235937049,-0.1974709991286763,1.3528859993778382,-0.8277517610766065,-0.6901395057176091,-0.5430490586486842,-0.1974709991286763,0.1447274167127118,0.6611483628631813,5.7574512894832885,train_oof,0.12060301142481507
Base_LR_SMOTE,Base,supervised,LR,SMOTE,408,pred_anomaly,213,213,0.0,0.010175720459037155,-0.1888889825964501,1.116113315453701,-0.9577769062447248,-0.8152622688755043,-0.4870950703290609,-0.1888889825964501,0.185719836387658,0.8483198650195595,7.013098279841077,train_oof,0.12060301142481507
Base_LR_SMOTE,Base,supervised,LR,SMOTE,408,pred_normal,1040,1040,0.0,-0.002587497066963843,-0.1409663947041091,0.9732594643852224,-0.9254481461796339,-0.7343862564403949,-0.4457039286470864,-0.1409663947041091,0.16842289598753019,0.8791163933719279,3.957123456057762,train_oof,0.12060301142481507
Base_LR_SMOTE,Base,supervised,LR,SMOTE,412,TP,28,28,0.0,-0.18722816087279642,-0.2690023746947532,0.7700010924117386,-1.1941188792964483,-1.1379937554497999,-0.7585395358691053,-0.2690023746947532,0.22490061380793328,1.4567051177657582,1.53451274223546,train_oof,0.12060301142481507
Base_LR_SMOTE,Base,supervised,LR,SMOTE,412,FP,185,185,0.0,0.15239138712915926,-0.1455336670633917,1.1188846718192729,-1.1495381506787032,-0.9857108556226416,-0.6310844631741261,-0.1455336670633917,0.6417043789140463,2.851064015305645,3.7680872736375184,train_oof,0.12060301142481507
Base_LR_SMOTE,Base,supervised,LR,SMOTE,412,TN,985,985,0.0,-0.028975920942237023,-0.2704585443749042,0.9705478113269627,-1.223635143724775,-1.07578205687709,-0.6889933546532777,-0.2704585443749042,0.3722298550104603,1.7591738185436885,3.81116093367911,train_oof,0.12060301142481507
Base_LR_SMOTE,Base,supervised,LR,SMOTE,412,FN,55,55,0.0,0.11904746360061774,-0.1105534141943515,1.11270005357473,-1.1640589781875323,-1.0938932678381716,-0.7319007485435447,-0.1105534141943515,0.6895890304955845,2.2767185129086984,3.2881990735669677,train_oof,0.12060301142481507
Base_LR_SMOTE,Base,supervised,LR,SMOTE,412,pred_anomaly,213,213,0.0,0.10774656391763458,-0.1834316227169702,1.0841123178673668,-1.171492362373567,-1.0017882561133244,-0.6448523731886655,-0.1834316227169702,0.5727790140535687,2.673894022508496,3.698834096287716,train_oof,0.12060301142481507
Base_LR_SMOTE,Base,supervised,LR,SMOTE,412,pred_normal,1040,1040,0.0,-0.02114776118275913,-0.24218793522545445,0.9785428909155124,-1.2219300038915757,-1.07578205687709,-0.6907954651966689,-0.24218793522545445,0.3725194799192197,1.7591738185436885,3.794362206262885,train_oof,0.12060301142481507
Base_LR_SMOTE,Base,supervised,LR,SMOTE,416,TP,28,28,0.0,-0.1598617242098466,-0.6040377769988489,0.8559932531108256,-1.1599417215828902,-1.1193506515060037,-0.8593111671748013,-0.6040377769988489,0.503583678113947,1.331784193245499,1.6163913570954702,train_oof,0.12060301142481507
Base_LR_SMOTE,Base,supervised,LR,SMOTE,416,FP,185,185,0.0,-0.045695817706008016,-0.2328571386294678,0.8570887333330731,-1.2691150038970922,-1.1291999188455435,-0.6981706137449543,-0.2328571386294678,0.5646957066014844,1.3761207593529154,1.8038326251121777,train_oof,0.12060301142481507
Base_LR_SMOTE,Base,supervised,LR,SMOTE,416,TN,985,985,0.0,0.023744948551430813,-0.144570446481278,1.0405750092885486,-2.1572295833095927,-1.179635301902141,-0.7121419084620079,-0.144570446481278,0.6257334196915911,1.7404643811586322,2.4209952472346887,train_oof,0.12060301142481507
Base_LR_SMOTE,Base,supervised,LR,SMOTE,416,FN,55,55,0.0,-0.23403537547601233,-0.363057714928818,0.7652761107628524,-1.3277052632317998,-1.1544770626917873,-0.8773698087505672,-0.363057714928818,0.3598329276829859,1.076887334416531,1.7648041601252777,train_oof,0.12060301142481507
Base_LR_SMOTE,Base,supervised,LR,SMOTE,416,pred_anomaly,213,213,0.0,-0.06070354250463471,-0.2334516618089168,0.8557991286121545,-1.1841695320174066,-1.1291999188455435,-0.7279958599139836,-0.2334516618089168,0.5646957066014844,1.3830568631131543,1.7404643811586322,train_oof,0.12060301142481507
Base_LR_SMOTE,Base,supervised,LR,SMOTE,416,pred_normal,1040,1040,0.0,0.010112335261517945,-0.1530919453867149,1.029197469444247,-2.1402320730486304,-1.179635301902141,-0.7260141159824869,-0.1530919453867149,0.6122575609574115,1.7404643811586322,2.420879315214696,train_oof,0.12060301142481507
Base_LR_SMOTE,Base,supervised,LR,SMOTE,418,TP,28,28,0.0,-0.18685108109264878,-0.28586413057842053,1.0015533373623706,-1.117143565828484,-1.117143565828484,-1.117143565828484,-0.28586413057842053,0.46587122637818346,1.6131426535023197,2.1156006873668844,train_oof,0.12060301142481507
Base_LR_SMOTE,Base,supervised,LR,SMOTE,418,FP,185,185,0.0,-0.07396234178956186,-0.1178301921785401,0.9231935690686522,-1.117143565828484,-1.117143565828484,-1.117143565828484,-0.1178301921785401,0.532345745789731,1.649348447949412,2.208069928143988,train_oof,0.12060301142481507
Base_LR_SMOTE,Base,supervised,LR,SMOTE,418,TN,985,985,0.0,0.018897509136510626,-0.0399573315422211,1.01228443861897,-1.117143565828484,-1.117143565828484,-1.117143565828484,-0.0399573315422211,0.7792091375626603,1.8636632556455262,2.19203583059018,train_oof,0.12060301142481507
Base_LR_SMOTE,Base,supervised,LR,SMOTE,418,FN,55,55,0.0,0.007654363109894953,-0.1081074065065047,1.0226440729705473,-1.117143565828484,-1.117143565828484,-1.117143565828484,-0.1081074065065047,0.7342992514936088,1.6504951793258873,2.0553369968235344,train_oof,0.12060301142481507
Base_LR_SMOTE,Base,supervised,LR,SMOTE,418,pred_anomaly,213,213,0.0,-0.08880217606414607,-0.1712158056938196,0.9321676857078928,-1.117143565828484,-1.117143565828484,-1.117143565828484,-0.1712158056938196,0.532345745789731,1.677921090439174,2.1928743423384836,train_oof,0.12060301142481507
Base_LR_SMOTE,Base,supervised,LR,SMOTE,418,pred_normal,1040,1040,0.0,0.018302919683179982,-0.0499395233708703,1.0123416006253594,-1.117143565828484,-1.117143565828484,-1.117143565828484,-0.0499395233708703,0.7814625008087233,1.8436189332481931,2.1954200658664194,train_oof,0.12060301142481507
Base_LR_SMOTE,Base,supervised,LR,SMOTE,419,TP,28,28,0.0,0.25456616431075707,0.2200932678632196,1.041681837958564,-0.9583445383293242,-0.9583445383293242,-0.9583445383293242,0.2200932678632196,1.1897341930033152,1.8624273800968412,1.9964076540960745,train_oof,0.12060301142481507
Base_LR_SMOTE,Base,supervised,LR,SMOTE,419,FP,185,185,0.0,0.10045410882872319,0.1375806039880872,0.9992251145671854,-0.9583445383293242,-0.9583445383293242,-0.9583445383293242,0.1375806039880872,0.930507707495966,1.7372963193658773,2.045799283412792,train_oof,0.12060301142481507
Base_LR_SMOTE,Base,supervised,LR,SMOTE,419,TN,985,985,0.0,-0.025848633178644564,-0.1816861916126299,1.0046477397460964,-0.9583445383293242,-0.9583445383293242,-0.9583445383293242,-0.1816861916126299,0.8206091808982785,1.7973988211373284,2.0442763230972107,train_oof,0.12060301142481507
Base_LR_SMOTE,Base,supervised,LR,SMOTE,419,FN,55,55,0.0,-0.0014265755834844281,0.0651472968356543,0.8663930040043848,-0.9583445383293242,-0.9583445383293242,-0.9583445383293242,0.0651472968356543,0.548169024641688,1.7794921669705168,1.902171324609411,train_oof,0.12060301142481507
Base_LR_SMOTE,Base,supervised,LR,SMOTE,419,pred_anomaly,213,213,0.0,0.12071297058223,0.1376679226917294,1.0037436434568088,-0.9583445383293242,-0.9583445383293242,-0.9583445383293242,0.1376679226917294,1.003233501774585,1.7786844689618246,2.041035394765383,train_oof,0.12060301142481507
Base_LR_SMOTE,Base,supervised,LR,SMOTE,419,pred_normal,1040,1040,0.0,-0.024557082055823597,-0.15643994243946174,0.9974623557829918,-0.9583445383293242,-0.9583445383293242,-0.9583445383293242,-0.15643994243946174,0.800103253481841,1.7962019290116176,2.0429682370139246,train_oof,0.12060301142481507
Base_LR_SMOTE,Base,supervised,LR,SMOTE,423,TP,28,28,0.0,0.3245332807103014,0.1694811454805705,1.0533448988506502,-0.8318252482729694,-0.734226468250158,-0.5771790924417282,0.1694811454805705,0.7921673692086016,2.303322259074831,2.999143992771143,train_oof,0.12060301142481507
Base_LR_SMOTE,Base,supervised,LR,SMOTE,423,FP,185,185,0.0,0.232850549062499,0.1291048508254387,1.0674920400918464,-1.3612668164450936,-1.080774158550542,-0.5751666832554533,0.1291048508254387,0.6758822984873206,1.9637894047367621,3.3956601310697088,train_oof,0.12060301142481507
Base_LR_SMOTE,Base,supervised,LR,SMOTE,423,TN,985,985,0.0,-0.06129826954265121,-0.2989808707942517,0.9743906163613527,-1.3619057849579255,-1.1438834326425376,-0.6886760171680789,-0.2989808707942517,0.351282755666804,1.703067191533977,3.5385036955970235,train_oof,0.12060301142481507
Base_LR_SMOTE,Base,supervised,LR,SMOTE,423,FN,55,55,0.0,0.14176515001458218,-0.1906203761486702,1.0409046565958315,-1.1893834324204244,-0.9637646510248042,-0.5889279322799018,-0.1906203761486702,0.9763436069833388,1.8324070710106002,3.12323132413293,train_oof,0.12060301142481507
Base_LR_SMOTE,Base,supervised,LR,SMOTE,423,pred_anomaly,213,213,0.0,0.24490273913826646,0.1291048508254387,1.0636292040977666,-1.3484399841392862,-1.0601214565900545,-0.5751666832554533,0.1291048508254387,0.752797660429136,1.9696666461465606,3.242266692492552,train_oof,0.12060301142481507
Base_LR_SMOTE,Base,supervised,LR,SMOTE,423,pred_normal,1040,1040,0.0,-0.05055933870068214,-0.29417061041265896,0.9785486046033876,-1.3579163496040352,-1.1393720977634152,-0.6795473508668666,-0.29417061041265896,0.35670459322437004,1.703920196807098,3.5594388516547397,train_oof,0.12060301142481507
Base_LR_SMOTE,Base,supervised,LR,SMOTE,424,TP,28,28,0.0,-0.03325601358050399,-0.07200357429325975,0.19228087127279606,-0.33372918193892187,-0.29485151336272825,-0.1469579949292889,-0.07200357429325975,0.07551446004120288,0.2894002457063553,0.35434715321500965,train_oof,0.12060301142481507
Base_LR_SMOTE,Base,supervised,LR,SMOTE,424,FP,185,185,0.0,-0.05955047410220237,-0.1006482893888405,0.3239302228338408,-0.3749588349450723,-0.3310081588456195,-0.2008223506048355,-0.1006482893888405,0.0382583431547214,0.21213221346645234,0.3567480030406813,train_oof,0.12060301142481507
Base_LR_SMOTE,Base,supervised,LR,SMOTE,424,TN,985,985,0.0,0.01823839487518243,-0.1075583959608252,1.1166443027198893,-0.36794080479972907,-0.3293023668111469,-0.215212160385975,-0.1075583959608252,0.0144102313195205,0.217399483421757,3.351608576902688,train_oof,0.12060301142481507
Base_LR_SMOTE,Base,supervised,LR,SMOTE,424,FN,55,55,0.0,-0.11689269491923482,-0.115757589659037,0.13911239473359424,-0.3475276604743676,-0.30716154594893735,-0.2282154520371609,-0.115757589659037,-0.0359990710700337,0.10656047464401107,0.21753438788845525,train_oof,0.12060301142481507
Base_LR_SMOTE,Base,supervised,LR,SMOTE,424,pred_anomaly,213,213,0.0,-0.05609392530122793,-0.0940829386761956,0.3096126743728685,-0.3733267906857281,-0.3297250674734679,-0.1967002696779466,-0.0940829386761956,0.0448986407933098,0.24146943815775038,0.3691268369049067,train_oof,0.12060301142481507
Base_LR_SMOTE,Base,supervised,LR,SMOTE,424,pred_normal,1040,1040,0.0,0.011092039164900747,-0.1076933004275234,1.0875710538139274,-0.3674211228152373,-0.32881895913881176,-0.21587169333427716,-0.1076933004275234,0.012026919074519301,0.21504914782417092,2.935579689929126,train_oof,0.12060301142481507
Base_LR_SMOTE,Base,supervised,LR,SMOTE,425,TP,28,28,0.0,0.04330865296222773,-0.19230929649197376,0.6605379680879455,-0.802802996838412,-0.686530619766564,-0.4209423014754091,-0.19230929649197376,0.4295535501166622,1.3106245315443816,1.4655381621984034,train_oof,0.12060301142481507
Base_LR_SMOTE,Base,supervised,LR,SMOTE,425,FP,185,185,0.0,0.1370958129485102,-0.2071714557594493,1.210008731127596,-0.6926472680433773,-0.6529569208658527,-0.458755636349086,-0.2071714557594493,0.3887209166652993,1.4009736616697965,6.593048903147949,train_oof,0.12060301142481507
Base_LR_SMOTE,Base,supervised,LR,SMOTE,425,TN,985,985,0.0,-0.03668445043889372,-0.2546150011712085,0.9604273573274834,-0.7631333791735104,-0.6579788706195443,-0.42531803120516,-0.2546150011712085,0.0032961871842062,1.200661677345056,1.8567265974718223,train_oof,0.12060301142481507
Base_LR_SMOTE,Base,supervised,LR,SMOTE,425,FN,55,55,0.0,0.1604249096479433,-0.1577811387274507,1.0100929534353944,-0.761583532655842,-0.5804486908435117,-0.3846701608010882,-0.1577811387274507,0.5140984167076592,1.0813317872896429,3.6423783512345005,train_oof,0.12060301142481507
Base_LR_SMOTE,Base,supervised,LR,SMOTE,425,pred_anomaly,213,213,0.0,0.12476698440571253,-0.2071714557594493,1.1520952645093057,-0.7343427899897482,-0.6651927410123202,-0.458755636349086,-0.2071714557594493,0.3937500766842507,1.398493330420306,6.425030975896875,train_oof,0.12060301142481507
Base_LR_SMOTE,Base,supervised,LR,SMOTE,425,pred_normal,1040,1040,0.0,-0.026260397741993693,-0.2537407565084159,0.9636219448123475,-0.7631739369155988,-0.6560320989993049,-0.4235064520585484,-0.2537407565084159,0.027815595484489426,1.1998910802453782,1.900820974670237,train_oof,0.12060301142481507
Base_LR_SMOTE,Base,supervised,LR,SMOTE,428,TP,28,28,0.0,-0.07008390512093962,-0.0863887291917069,0.12027114848091365,-0.254183015333985,-0.24461077007139637,-0.1658387473020862,-0.0863887291917069,0.032451670942109476,0.09127609831003632,0.13534328236223117,train_oof,0.12060301142481507
Base_LR_SMOTE,Base,supervised,LR,SMOTE,428,FP,185,185,0.0,0.001059452190524853,-0.1239379796281956,0.6284879751607109,-0.2634251681025576,-0.245736755887628,-0.2017025701582378,-0.1239379796281956,0.0188398627851894,0.2715191903726147,2.927051981779921,train_oof,0.12060301142481507
Base_LR_SMOTE,Base,supervised,LR,SMOTE,428,TN,985,985,0.0,0.006996576134552525,-0.1589249430786937,1.0917296123444549,-0.2797403256121596,-0.2689229946265278,-0.2187043550205036,-0.1589249430786937,-0.0722770292240871,0.1503523837377801,3.547203666823729,train_oof,0.12060301142481507
Base_LR_SMOTE,Base,supervised,LR,SMOTE,428,FN,55,55,0.0,-0.08582334433635627,-0.1042045455271339,0.11855330827924292,-0.26216270909035566,-0.2421429981490681,-0.18438937728274926,-0.1042045455271339,0.0022642152041758,0.10740102376664862,0.13220330619522,train_oof,0.12060301142481507
Base_LR_SMOTE,Base,supervised,LR,SMOTE,428,pred_anomaly,213,213,0.0,-0.008292726235395363,-0.1212391101802652,0.5875802664820039,-0.2623779630503728,-0.2459072108001289,-0.2017025701582378,-0.1212391101802652,0.026073269969521,0.187370869580765,2.927051981779921,train_oof,0.12060301142481507
Base_LR_SMOTE,Base,supervised,LR,SMOTE,428,pred_normal,1040,1040,0.0,0.002087830340417929,-0.15787598977099604,1.062988020096421,-0.2797403256121596,-0.26359791760041895,-0.2180050528153718,-0.15787598977099604,-0.0681139957841622,0.1503523837377801,2.9690695547752557,train_oof,0.12060301142481507
Base_LR_SMOTE,Base,supervised,LR,SMOTE,432,TP,28,28,0.0,-0.05035631990098377,-0.29412690798460955,0.7700230494830702,-0.7754687519917823,-0.7257140690505846,-0.5010898950942676,-0.29412690798460955,0.1523334853662846,1.7800841475654712,2.321565303448575,train_oof,0.12060301142481507
Base_LR_SMOTE,Base,supervised,LR,SMOTE,432,FP,185,185,0.0,0.004769945142911867,-0.2824484730785209,1.103545785735878,-0.7844014268941629,-0.732788490647702,-0.5197093891509896,-0.2824484730785209,0.1151618579063046,1.554731624410885,6.318497567846848,train_oof,0.12060301142481507
Base_LR_SMOTE,Base,supervised,LR,SMOTE,432,TN,985,985,0.0,-0.0021419782799277733,-0.3517099781817987,0.9916319221970925,-0.7844014268941629,-0.7413205812559535,-0.5499428693041459,-0.3517099781817987,0.1850748395312719,1.90443055500014,4.48613147031213,train_oof,0.12060301142481507
Base_LR_SMOTE,Base,supervised,LR,SMOTE,432,FN,55,55,0.0,0.05195495493078988,-0.3145820283789642,0.9040324787371374,-0.7584044853611942,-0.7245181553856501,-0.5329035358214855,-0.3145820283789642,0.3268455262002423,2.0059732264727224,2.817242558306558,train_oof,0.12060301142481507
Base_LR_SMOTE,Base,supervised,LR,SMOTE,432,pred_anomaly,213,213,0.0,-0.0024767000271776673,-0.2824484730785209,1.064346751832061,-0.7844014268941629,-0.7382473824746159,-0.5197093891509896,-0.2824484730785209,0.1205320743830673,1.793165353520728,6.141217435108387,train_oof,0.12060301142481507
Base_LR_SMOTE,Base,supervised,LR,SMOTE,432,pred_normal,1040,1040,0.0,0.0007189172264082547,-0.3483310746250271,0.9868655264516957,-0.7844014268941629,-0.7392970827557194,-0.5494641621818319,-0.3483310746250271,0.18594567495329176,1.934622376374527,4.269806858764742,train_oof,0.12060301142481507
Base_LR_SMOTE,Base,supervised,LR,SMOTE,433,TP,28,28,0.0,0.24473968533778542,-0.10822655773433486,1.205790582712029,-0.9137081353743344,-0.9137081353743344,-0.8708100822279959,-0.10822655773433487,0.9057512132748071,2.6365442740594247,3.2899440362171526,train_oof,0.12060301142481507
Base_LR_SMOTE,Base,supervised,LR,SMOTE,433,FP,185,185,0.0,0.012444945090596205,-0.1486962060222151,0.9841098665627279,-0.9137081353743344,-0.9137081353743344,-0.8696940599337813,-0.1486962060222151,0.3964337977556821,1.9263519970096699,3.2062791054397852,train_oof,0.12060301142481507
Base_LR_SMOTE,Base,supervised,LR,SMOTE,433,TN,985,985,0.0,-0.013330306761629612,-0.2502259896475837,0.9944817463974228,-0.9137081353743344,-0.9137081353743344,-0.868894609260177,-0.2502259896475837,0.4118348602236069,2.164895695340224,3.159940323247934,train_oof,0.12060301142481507
Base_LR_SMOTE,Base,supervised,LR,SMOTE,433,FN,55,55,0.0,0.06643656596053946,-0.2258389027625041,1.0484079912037685,-0.9137081353743344,-0.9137081353743344,-0.7893266711180242,-0.2258389027625041,0.5180011414102209,2.4464205553410694,3.1629994038514697,train_oof,0.12060301142481507
Base_LR_SMOTE,Base,supervised,LR,SMOTE,433,pred_anomaly,213,213,0.0,0.04298134286956941,-0.1486962060222151,1.015835265029361,-0.9137081353743344,-0.9137081353743344,-0.8696940599337813,-0.1486962060222151,0.4923321767209137,2.0031280039384485,3.218110396948494,train_oof,0.12060301142481507
Base_LR_SMOTE,Base,supervised,LR,SMOTE,433,pred_normal,1040,1040,0.0,-0.00911186637728415,-0.24963871652697955,0.9970389695180232,-0.9137081353743344,-0.9137081353743344,-0.8681867858472134,-0.24963871652697955,0.41288072156978484,2.2042728212971605,3.163182369142433,train_oof,0.12060301142481507
Base_LR_SMOTE,Base,supervised,LR,SMOTE,434,TP,28,28,0.0,0.9281978218134969,-0.08329374960926095,3.123357603095274,-0.25043601124148485,-0.24363488472199846,-0.160345447812695,-0.08329374960926095,-0.01403408492436515,9.290829790194078,11.321923040158756,train_oof,0.12060301142481507
Base_LR_SMOTE,Base,supervised,LR,SMOTE,434,FP,185,185,0.0,0.12938459040121206,-0.1345367231478723,1.4680024336008717,-0.3481757787165149,-0.295776306452589,-0.2125716038693353,-0.1345367231478723,-0.0485512073963743,0.11696650482771756,6.605301942922494,train_oof,0.12060301142481507
Base_LR_SMOTE,Base,supervised,LR,SMOTE,434,TN,985,985,0.0,-0.06417122589846515,-0.1274613334960975,0.627089458632481,-0.35477653865981035,-0.3038285639325831,-0.2034520169582681,-0.1274613334960975,-0.052284217046605,0.08340701240799613,1.7098343799185198,train_oof,0.12060301142481507
Base_LR_SMOTE,Base,supervised,LR,SMOTE,434,FN,55,55,0.0,0.24994329878370117,-0.1395855379305211,1.7776015887404,-0.33963485235720897,-0.28975708538478195,-0.21372733895774265,-0.1395855379305211,-0.056727996433543704,1.5118926446144814,8.218692559894574,train_oof,0.12060301142481507
Base_LR_SMOTE,Base,supervised,LR,SMOTE,434,pred_anomaly,213,213,0.0,0.23439290251174721,-0.121563706920438,1.7849458258153028,-0.34142464104380027,-0.29493924291968915,-0.2123601351873395,-0.121563706920438,-0.0406622507319214,0.2689125685236742,11.321923040158756,train_oof,0.12060301142481507
Base_LR_SMOTE,Base,supervised,LR,SMOTE,434,pred_normal,1040,1040,0.0,-0.047559400073927505,-0.12761406087753896,0.7359344630232735,-0.3528858030482163,-0.30369419320756497,-0.20454827647986423,-0.12761406087753896,-0.053047853953811924,0.09122988510932532,3.588689534104842,train_oof,0.12060301142481507
Base_LR_SMOTE,Base,supervised,LR,SMOTE,437,TP,28,28,0.0,0.6108947881421235,0.021767311644629996,3.3358777168398777,-1.1549465807236992,-1.0717008282202198,-0.5896660201586783,0.02176731164463,0.5553180038003633,2.008115337810559,13.096914412175295,train_oof,0.12060301142481507
Base_LR_SMOTE,Base,supervised,LR,SMOTE,437,FP,185,185,0.0,-0.01902319583220057,-0.126792731407797,0.7274960092934203,-1.4636165590157568,-1.0390747847557178,-0.5416865444755873,-0.126792731407797,0.4176002595604746,1.229842835786957,1.8356931458156955,train_oof,0.12060301142481507
Base_LR_SMOTE,Base,supervised,LR,SMOTE,437,TN,985,985,0.0,-0.01815261308174726,-0.1459239797558814,0.8807535411335145,-1.3863287373665025,-1.0728450706055956,-0.5672957788149532,-0.1459239797558814,0.3931413217989998,1.4757883525251136,2.3507426765012154,train_oof,0.12060301142481507
Base_LR_SMOTE,Base,supervised,LR,SMOTE,437,FN,55,55,0.0,0.07951763807665035,-0.1127470047724948,1.2145882599432987,-1.3254041872473754,-1.147469047548155,-0.5431698216418153,-0.1127470047724948,0.41088010586858437,1.449077255147978,4.370352281782788,train_oof,0.12060301142481507
Base_LR_SMOTE,Base,supervised,LR,SMOTE,437,pred_anomaly,213,213,0.0,0.06378292412686551,-0.0987618200623444,1.3864064487215038,-1.446873084195674,-1.0661249169137053,-0.5473774854398907,-0.0987618200623444,0.4316459861957771,1.3347014501505075,2.1659929377068665,train_oof,0.12060301142481507
Base_LR_SMOTE,Base,supervised,LR,SMOTE,437,pred_normal,1040,1040,0.0,-0.012987359414716614,-0.14556072820496846,0.9010069365974012,-1.3844719165220856,-1.0758630855744316,-0.5652978952849318,-0.14556072820496846,0.39438243126461925,1.4795389247882904,2.361068101835915,train_oof,0.12060301142481507
Base_LR_SMOTE,Base,supervised,LR,SMOTE,438,TP,28,28,0.0,0.4792149216646894,-0.06448839134758849,2.798351655290261,-1.1818272173547049,-1.0626801979231775,-0.711934063665626,-0.06448839134758849,0.4209029262386374,2.712636009331406,10.92045991482328,train_oof,0.12060301142481507
Base_LR_SMOTE,Base,supervised,LR,SMOTE,438,FP,185,185,0.0,-0.08038865171772737,-0.2380541149500115,0.7921944448405668,-1.356934729050701,-1.0997197723530785,-0.6614010903508076,-0.2380541149500115,0.27042832298838,1.6173199363912112,2.127962057038622,train_oof,0.12060301142481507
Base_LR_SMOTE,Base,supervised,LR,SMOTE,438,TN,985,985,0.0,0.008652280672553865,-0.1709325859235628,0.9519892222003528,-1.2925314532135106,-1.0672186718837064,-0.6487405383820188,-0.1709325859235628,0.4627770624535895,1.6247592539930742,2.47721823189318,train_oof,0.12060301142481507
Base_LR_SMOTE,Base,supervised,LR,SMOTE,438,FN,55,55,0.0,-0.13763692311198036,-0.2710518330302809,0.6780019076395685,-1.1395215779838468,-1.031892037453623,-0.5510173469158585,-0.2710518330302809,0.203821883758641,1.0718547615177276,1.7068995936948226,train_oof,0.12060301142481507
Base_LR_SMOTE,Base,supervised,LR,SMOTE,438,pred_anomaly,213,213,0.0,-0.006825740662761768,-0.2101291432814797,1.256154323818915,-1.3401342760537343,-1.0976707806652004,-0.6670741828014687,-0.2101291432814797,0.2773198692340171,1.6767755083052456,2.3238924112392456,train_oof,0.12060301142481507
Base_LR_SMOTE,Base,supervised,LR,SMOTE,438,pred_normal,1040,1040,0.0,0.0009158323954871509,-0.1768330283534612,0.939826126937045,-1.2917386767312224,-1.0571131429237701,-0.6452397039361037,-0.1768330283534612,0.45205431382345784,1.6078012545651816,2.463255426348004,train_oof,0.12060301142481507
Base_LR_SMOTE,Base,supervised,LR,SMOTE,439,TP,28,28,0.0,-0.04035480039082547,-0.16890348161537455,0.8683030082474069,-1.0987057188759464,-1.0050778230597075,-0.6658879515491809,-0.16890348161537455,0.26840370419904286,1.2963873233944265,2.4791860211477394,train_oof,0.12060301142481507
Base_LR_SMOTE,Base,supervised,LR,SMOTE,439,FP,185,185,0.0,-0.12232076808394717,-0.2112889198494459,0.6768148251758457,-1.130992973721603,-0.9958673146870813,-0.6681037111660819,-0.2112889198494459,0.2415203338219673,1.1076937324899256,1.7019552975351848,train_oof,0.12060301142481507
Base_LR_SMOTE,Base,supervised,LR,SMOTE,439,TN,985,985,0.0,0.030246660836983,-0.117777441524584,1.0675425766089581,-1.1835461519119583,-0.990511218799176,-0.5849940478780293,-0.117777441524584,0.4131948461570444,1.4134090532711088,2.1901165666358797,train_oof,0.12060301142481507
Base_LR_SMOTE,Base,supervised,LR,SMOTE,439,FN,55,55,0.0,-0.11307598699266576,-0.1840863909590811,0.6318774793113546,-1.0722073572121913,-0.9373335122785863,-0.5258075106045731,-0.1840863909590811,0.25595127933044354,0.8492752130242973,1.7669155237246126,train_oof,0.12060301142481507
Base_LR_SMOTE,Base,supervised,LR,SMOTE,439,pred_anomaly,213,213,0.0,-0.11154589909142414,-0.2095194578661176,0.7031145287695233,-1.1258977620656692,-1.0018656597393056,-0.6681037111660819,-0.2095194578661176,0.2415203338219673,1.1231486066660885,1.7611128942748693,train_oof,0.12060301142481507
Base_LR_SMOTE,Base,supervised,LR,SMOTE,439,pred_normal,1040,1040,0.0,0.02266709773060733,-0.12061906639855105,1.04933333282686,-1.1827264584785258,-0.98722106808025,-0.5819374661409024,-0.12061906639855105,0.40611306608599096,1.4043317132966355,2.162960908827382,train_oof,0.12060301142481507
Base_LR_SMOTE,Base,supervised,LR,SMOTE,441,TP,28,28,0.0,0.36823011488778995,0.22915111588017112,1.292092183291224,-1.9548929614452926,-1.6205727734261688,-0.5560154873805678,0.22915111588017112,1.3659008534337729,2.376380794585852,2.555709631071206,train_oof,0.12060301142481507
Base_LR_SMOTE,Base,supervised,LR,SMOTE,441,FP,185,185,0.0,0.19135940537547097,0.2318308653793545,1.0756137014483491,-2.0902042326570593,-1.6037975415612808,-0.4552569062112714,0.2318308653793545,1.1472332943004069,1.929934528021897,2.1026390237452692,train_oof,0.12060301142481507
Base_LR_SMOTE,Base,supervised,LR,SMOTE,441,TN,985,985,0.0,-0.05064834661258074,0.0238823042427217,0.9689571769468918,-2.15957758769192,-1.7463602149178383,-0.7296632549276526,0.0238823042427217,0.6343292401567023,1.500960228192617,1.9404391460586967,train_oof,0.12060301142481507
Base_LR_SMOTE,Base,supervised,LR,SMOTE,441,FN,55,55,0.0,0.07667824164845172,0.0463922000358622,1.0253283338568477,-1.655430954911547,-1.4732937409510487,-0.6302445485079484,0.0463922000358622,0.6311135407576826,1.715983328007093,2.2790308547795184,train_oof,0.12060301142481507
Base_LR_SMOTE,Base,supervised,LR,SMOTE,441,pred_anomaly,213,213,0.0,0.2146100150766209,0.2318308653793545,1.1046966508304212,-2.072432133978475,-1.6496748529873009,-0.4627602048089853,0.2318308653793545,1.170279139993384,1.986423647464681,2.32850974953244,train_oof,0.12060301142481507
Base_LR_SMOTE,Base,supervised,LR,SMOTE,441,pred_normal,1040,1040,0.0,-0.04391472896416077,0.0238823042427217,0.9719207801487667,-2.15957758769192,-1.7463602149178383,-0.7296632549276526,0.0238823042427217,0.6343292401567023,1.5033184077518964,1.945343087642201,train_oof,0.12060301142481507
Base_LR_SMOTE,Base,supervised,LR,SMOTE,442,TP,28,28,0.0,-0.3991268154074196,-0.4504173169157169,0.8014265088638358,-1.4622771229726508,-1.4089697746253833,-1.1731060953014525,-0.4504173169157169,0.06028686137222005,1.0140712061654427,1.153198424665675,train_oof,0.12060301142481507
Base_LR_SMOTE,Base,supervised,LR,SMOTE,442,FP,185,185,0.0,-0.03356395741714921,-0.2222565663744091,0.9707308513332197,-1.331299603124434,-1.0922869665141666,-0.6622478584378627,-0.2222565663744091,0.2385326334021276,1.8781780540713606,3.0634246246821237,train_oof,0.12060301142481507
Base_LR_SMOTE,Base,supervised,LR,SMOTE,442,TN,985,985,0.0,0.014461454815668753,-0.0812929696523994,1.0104705753339704,-1.481993539484654,-1.2016685552274202,-0.7053842596205543,-0.0812929696523994,0.3742582385519535,1.7824460551609158,3.395457829271349,train_oof,0.12060301142481507
Base_LR_SMOTE,Base,supervised,LR,SMOTE,442,FN,55,55,0.0,0.0530461083165541,-0.1484625086368764,0.9773147217629622,-1.3938288978102586,-1.2189077098429315,-0.513427274357577,-0.1484625086368764,0.3080130510213914,2.216490686204186,2.8336339344104156,train_oof,0.12060301142481507
Base_LR_SMOTE,Base,supervised,LR,SMOTE,442,pred_anomaly,213,213,0.0,-0.0816191687961519,-0.228110792249203,0.9565518734928151,-1.4316102229032703,-1.224315165848333,-0.7391230876884451,-0.228110792249203,0.2385326334021276,1.7906727831007596,2.957395350575067,train_oof,0.12060301142481507
Base_LR_SMOTE,Base,supervised,LR,SMOTE,442,pred_normal,1040,1040,0.0,0.016501989375811724,-0.08506740475588485,1.0083240189382452,-1.4742428525435782,-1.2041797100105553,-0.6640195320578661,-0.08506740475588485,0.3742582385519535,1.9018722630067109,3.367924480630745,train_oof,0.12060301142481507
Base_LR_SMOTE,Base,supervised,LR,SMOTE,447,TP,28,28,0.0,-0.3301089373011007,-0.38911825110189735,0.8922709392346536,-2.0710916678023303,-1.73975082106445,-0.8176770467308965,-0.38911825110189735,0.2689212093079778,1.1149301823982396,1.4967392354644904,train_oof,0.12060301142481507
Base_LR_SMOTE,Base,supervised,LR,SMOTE,447,FP,185,185,0.0,-0.004750581458520459,-0.0242878439088613,1.0475684695386802,-2.205786586406708,-1.8086827201158264,-0.6463704613021152,-0.0242878439088613,0.6597691695780814,1.9125874332531416,2.5844834331669837,train_oof,0.12060301142481507
Base_LR_SMOTE,Base,supervised,LR,SMOTE,447,TN,985,985,0.0,0.010827203982407756,-0.0383197826470547,0.99083021289303,-2.1898837225034216,-1.6262675165193083,-0.6463704613021152,-0.0383197826470547,0.6796477494571895,1.6511256414314661,2.447672030469596,train_oof,0.12060301142481507
Base_LR_SMOTE,Base,supervised,LR,SMOTE,447,FN,55,55,0.0,-0.007895988201062229,0.0318399110439137,1.048662151275696,-2.2356044562253694,-1.6758470333942597,-0.6475397895302981,0.0318399110439137,0.6346286126721512,1.6254004204114434,2.447672030469596,train_oof,0.12060301142481507
Base_LR_SMOTE,Base,supervised,LR,SMOTE,447,pred_anomaly,213,213,0.0,-0.04752069396364835,-0.0874315682307331,1.0324725625162607,-2.1898837225034216,-1.820609868043291,-0.648709117758481,-0.0874315682307331,0.5861014912025648,1.7456073622686312,2.5827996005184004,train_oof,0.12060301142481507
Base_LR_SMOTE,Base,supervised,LR,SMOTE,447,pred_normal,1040,1040,0.0,0.009837035165012708,-0.031303813277958,0.993452213026013,-2.1898837225034216,-1.6262675165193083,-0.6463704613021152,-0.031303813277958,0.6743857724303658,1.6525288353052858,2.447672030469596,train_oof,0.12060301142481507
Base_LR_SMOTE,Base,supervised,LR,SMOTE,448,TP,28,28,0.0,0.11364014494712896,-0.37501459218955546,1.1608583667219696,-0.9707868998598531,-0.8349591243970956,-0.6050734279398922,-0.37501459218955546,0.10750297536018603,2.460271187331478,2.539352559469929,train_oof,0.12060301142481507
Base_LR_SMOTE,Base,supervised,LR,SMOTE,448,FP,185,185,0.0,0.005473042791049888,-0.4053139684878124,1.0248041333414324,-0.9883605381128422,-0.8434429497606076,-0.6182752990412754,-0.4053139684878124,0.0634606676695053,2.4352092746504903,2.6298178401318677,train_oof,0.12060301142481507
Base_LR_SMOTE,Base,supervised,LR,SMOTE,448,TN,985,985,0.0,0.0003961660521690844,-0.3035946337722356,0.9952762565102037,-1.1675597065053904,-0.9217884799032434,-0.6213052366711012,-0.3035946337722356,0.1197309379376968,2.2969575490838734,2.687386655098555,train_oof,0.12060301142481507
Base_LR_SMOTE,Base,supervised,LR,SMOTE,448,FN,55,55,0.0,-0.08455768802338187,-0.3732831992582265,0.9318646516462006,-1.028338400897228,-0.9137375027725636,-0.5912222844892603,-0.3732831992582265,0.043549648959222254,2.445900626001448,2.5753568754769147,train_oof,0.12060301142481507
Base_LR_SMOTE,Base,supervised,LR,SMOTE,448,pred_anomaly,213,213,0.0,0.019692192370252774,-0.4053139684878124,1.0413857157882829,-0.9883605381128422,-0.8481177106751958,-0.6182752990412754,-0.4053139684878124,0.0651920606008343,2.4756372995970213,2.618962006452435,train_oof,0.12060301142481507
Base_LR_SMOTE,Base,supervised,LR,SMOTE,448,pred_normal,1040,1040,0.0,-0.004096585846057169,-0.31484868782587383,0.9917822372435853,-1.1675597065053904,-0.9204899352047468,-0.6161110578771142,-0.31484868782587383,0.1197309379376968,2.297779960726254,2.687386655098555,train_oof,0.12060301142481507
Base_LR_SMOTE,Base,supervised,LR,SMOTE,452,TP,28,28,0.0,-0.37660002892588906,-0.4802029938312846,0.7889840054202738,-1.8612408517449746,-1.4412194627688186,-0.9181530040083035,-0.4802029938312846,-0.08186806156504756,1.1542261165263745,1.418257471081572,train_oof,0.12060301142481507
Base_LR_SMOTE,Base,supervised,LR,SMOTE,452,FP,185,185,0.0,-0.13019008894835868,-0.2088219638980154,0.9663979232584228,-2.3454566862001536,-1.7730687728928527,-0.7283227926274165,-0.2088219638980154,0.4519935741809415,1.337645838387309,2.181143946636236,train_oof,0.12060301142481507
Base_LR_SMOTE,Base,supervised,LR,SMOTE,452,TN,985,985,0.0,0.04758944411959695,-0.0310318968029002,1.0116088761598476,-2.1140718689038107,-1.4887575562617574,-0.594324996358555,-0.0310318968029002,0.6884281535795439,1.766242212663407,2.278749382979559,train_oof,0.12060301142481507
Base_LR_SMOTE,Base,supervised,LR,SMOTE,452,FN,55,55,0.0,-0.2210730775229528,-0.1269162204573918,0.90628883816078,-2.1488588762579126,-1.728239029316351,-0.8386225271274569,-0.1269162204573918,0.494529956941106,1.0761481014958756,1.6660092400705115,train_oof,0.12060301142481507
Base_LR_SMOTE,Base,supervised,LR,SMOTE,452,pred_anomaly,213,213,0.0,-0.1625820059407101,-0.226950435112874,0.9470066753011623,-2.2983139244288884,-1.7268957751239244,-0.7378238588665281,-0.226950435112874,0.4226167142002381,1.3255893129528489,2.1572973624526424,train_oof,0.12060301142481507
Base_LR_SMOTE,Base,supervised,LR,SMOTE,452,pred_normal,1040,1040,0.0,0.03338132999426981,-0.04320855066107325,1.0077143343809456,-2.1377590099068393,-1.5180688916477088,-0.6079486516841783,-0.04320855066107325,0.6529902685842344,1.7335618210305994,2.270374247693609,train_oof,0.12060301142481507
Base_LR_SMOTE,Base,supervised,LR,SMOTE,460,TP,28,28,0.0,0.27606697712707107,-0.23144867132141994,1.248112339576675,-1.0280877651297726,-0.8407100851126934,-0.44387554903639415,-0.23144867132141994,0.3226899960764045,3.113668554238783,3.600869964963463,train_oof,0.12060301142481507
Base_LR_SMOTE,Base,supervised,LR,SMOTE,460,FP,185,185,0.0,0.04109687619596217,-0.1647620603546197,0.9692459184931205,-1.44287633164683,-1.1665042014712281,-0.6641597054865847,-0.1647620603546197,0.521123416837852,1.9298859642096688,2.8793764590831437,train_oof,0.12060301142481507
Base_LR_SMOTE,Base,supervised,LR,SMOTE,460,TN,985,985,0.0,-0.023182622482044526,-0.2256374042039275,1.0036860679753137,-1.4153800149356637,-1.1587672326750575,-0.6937990244206568,-0.2256374042039275,0.4056927142088666,1.7989679562173373,3.106116134947875,train_oof,0.12060301142481507
Base_LR_SMOTE,Base,supervised,LR,SMOTE,460,FN,55,55,0.0,0.13135135099092307,-0.0537278690784206,0.8815829216519945,-1.316202739479405,-1.0796129472841731,-0.3931912739436084,-0.0537278690784206,0.6167141193334441,1.6459626772548654,2.5737618842415335,train_oof,0.12060301142481507
Base_LR_SMOTE,Base,supervised,LR,SMOTE,460,pred_anomaly,213,213,0.0,0.07198496458127225,-0.1924036401773749,1.009995786500581,-1.4264812061014494,-1.100880328299333,-0.6157386682903557,-0.1924036401773749,0.521123416837852,2.162774814736745,3.3872418444928907,train_oof,0.12060301142481507
Base_LR_SMOTE,Base,supervised,LR,SMOTE,460,pred_normal,1040,1040,0.0,-0.015010152731070274,-0.2225256841755196,0.9978223199123452,-1.4171445607083362,-1.158293790785294,-0.6825143977305232,-0.2225256841755196,0.4169272117577309,1.7991673588014967,3.090677324887123,train_oof,0.12060301142481507
Base_LR_SMOTE,Base,supervised,LR,SMOTE,467,TP,28,28,0.0,0.4232329745662699,-0.01862234353417255,2.3483836252189105,-0.34530077871040005,-0.17864304563762345,-0.0973912412181766,-0.01862234353417255,0.05754074754110998,0.26059351149536863,9.120683208875779,train_oof,0.12060301142481507
Base_LR_SMOTE,Base,supervised,LR,SMOTE,467,FP,185,185,0.0,0.137617033403061,-0.0646763783710127,1.6454311884224762,-0.546786027165137,-0.5171262567483604,-0.1557613092535386,-0.0646763783710127,0.0568341423134689,0.3633793133782348,12.531581745813124,train_oof,0.12060301142481507
Base_LR_SMOTE,Base,supervised,LR,SMOTE,467,TN,985,985,0.0,-0.04220456747661217,-0.0644589613778924,0.6635190418180682,-0.5551256314518371,-0.5337420307167088,-0.1956637221085626,-0.0644589613778924,0.0330077977144594,0.3535699702180414,2.030967650611112,train_oof,0.12060301142481507
Base_LR_SMOTE,Base,supervised,LR,SMOTE,467,FN,55,55,0.0,0.10057518588766967,-0.0488433055778974,1.7257667599415911,-0.5656818659295733,-0.5519641325871698,-0.297856103492559,-0.0488433055778974,0.05029244866752505,0.23179343344785935,5.934964730636642,train_oof,0.12060301142481507
Base_LR_SMOTE,Base,supervised,LR,SMOTE,467,pred_anomaly,213,213,0.0,0.17516279092686307,-0.0497257627852681,1.7497385106348788,-0.5436997290016197,-0.5115834023472811,-0.1409385860166883,-0.0497257627852681,0.0568341423134689,0.3633793133782348,12.51423800859487,train_oof,0.12060301142481507
Base_LR_SMOTE,Base,supervised,LR,SMOTE,467,pred_normal,1040,1040,0.0,-0.03465371513523188,-0.06353813646585335,0.7568118409100569,-0.5591814815123223,-0.5347574959669297,-0.1980553090328861,-0.06353813646585335,0.0347599228943114,0.31752159329694574,2.030967650611112,train_oof,0.12060301142481507
Base_LR_SMOTE,Base,supervised,LR,SMOTE,468,TP,28,28,0.0,-0.28645143750960095,-0.47361199497470957,0.6753505748188762,-0.9211930666796981,-0.9070130926882061,-0.7364871029358415,-0.47361199497470957,-0.18206312467567864,1.2671907090980397,1.5279081820258185,train_oof,0.12060301142481507
Base_LR_SMOTE,Base,supervised,LR,SMOTE,468,FP,185,185,0.0,-0.11882183432985237,-0.5346417921879876,1.033313562365901,-0.9802319324172032,-0.9802319324172032,-0.8526114074833641,-0.5346417921879876,0.2705190237393694,2.2857713371484705,3.1298596271823573,train_oof,0.12060301142481507
Base_LR_SMOTE,Base,supervised,LR,SMOTE,468,TN,985,985,0.0,0.03403770356920998,-0.2490047339036106,0.9878533229709024,-0.9802319324172032,-0.9802319324172032,-0.7700833908386487,-0.2490047339036106,0.5455809657961007,2.07129377755194,3.0237032476871955,train_oof,0.12060301142481507
Base_LR_SMOTE,Base,supervised,LR,SMOTE,468,FN,55,55,0.0,-0.059687172605088594,-0.553504272927027,1.1558133654069187,-0.9802319324172032,-0.9802319324172032,-0.8466385959032674,-0.553504272927027,0.33705078878683137,2.860405254035282,3.147703413034407,train_oof,0.12060301142481507
Base_LR_SMOTE,Base,supervised,LR,SMOTE,468,pred_anomaly,213,213,0.0,-0.14085765071028883,-0.5310808755522319,0.9939952092569406,-0.9802319324172032,-0.9802319324172032,-0.8520749543630208,-0.5310808755522319,0.236947607364124,2.1466473876617096,3.105796492877352,train_oof,0.12060301142481507
Base_LR_SMOTE,Base,supervised,LR,SMOTE,468,pred_normal,1040,1040,0.0,0.029081099540761504,-0.2698164134104519,0.9970297342703653,-0.9802319324172032,-0.9802319324172032,-0.7804672535957324,-0.2698164134104519,0.5431206142549583,2.095863652078241,3.0631953054693795,train_oof,0.12060301142481507
Base_LR_SMOTE,Base,supervised,LR,SMOTE,471,TP,28,28,0.0,0.4633194895035731,-0.15059215529465003,2.584730472274622,-0.5038052241396167,-0.4595309391914345,-0.23676939778078265,-0.15059215529465003,0.15260178186178006,1.2417084644838443,10.276232833803267,train_oof,0.12060301142481507
Base_LR_SMOTE,Base,supervised,LR,SMOTE,471,FP,185,185,0.0,0.10639179593545527,-0.1843936527558793,1.29199143217374,-0.5938242023186623,-0.4935853915644722,-0.3272473279057414,-0.1843936527558793,0.0170165867181919,1.6445239479130818,4.897055443269149,train_oof,0.12060301142481507
Base_LR_SMOTE,Base,supervised,LR,SMOTE,471,TN,985,985,0.0,-0.04120278089415705,-0.2243850522780591,0.805220116019575,-0.5989225380851374,-0.5122976971051477,-0.3617618221560896,-0.2243850522780591,-9.533622066488418e-05,1.175499219335786,1.8906478963437134,train_oof,0.12060301142481507
Base_LR_SMOTE,Base,supervised,LR,SMOTE,471,FN,55,55,0.0,0.1171659240131246,-0.2595353398435452,1.4361038224012774,-0.5856740586395248,-0.5562146662102224,-0.35158458773305934,-0.2595353398435452,-0.009900177416257202,1.3462006416886916,5.555890089803005,train_oof,0.12060301142481507
Base_LR_SMOTE,Base,supervised,LR,SMOTE,471,pred_anomaly,213,213,0.0,0.15331186832938626,-0.1780811334127235,1.5212661752777024,-0.589513160331561,-0.4918705661659285,-0.3205896636200822,-0.1780811334127235,0.0186151527676817,1.6439517339294587,9.690279447466521,train_oof,0.12060301142481507
Base_LR_SMOTE,Base,supervised,LR,SMOTE,471,pred_normal,1040,1040,0.0,-0.03282751284617582,-0.2252252077302057,0.8500020580386322,-0.5997676890561887,-0.5137763707009259,-0.3609920581066904,-0.2252252077302057,0.0008265640862851869,1.184251822594825,1.9224786161832457,train_oof,0.12060301142481507
Base_LR_SMOTE,Base,supervised,LR,SMOTE,472,TP,28,28,0.0,-0.0736050604328365,-0.17887810671963578,1.222590558033223,-2.0083746912252147,-1.7794108209263924,-0.9041809949887103,-0.17887810671963578,0.7255209078976708,1.7078778008924271,2.7742820486944253,train_oof,0.12060301142481507
Base_LR_SMOTE,Base,supervised,LR,SMOTE,472,FP,185,185,0.0,-0.028505723388636394,-0.0478415737043933,1.0485350525552957,-2.2847637751279657,-1.776931830531993,-0.7390512842305605,-0.0478415737043933,0.6350532378109414,1.7326500291391536,2.5026233997403713,train_oof,0.12060301142481507
Base_LR_SMOTE,Base,supervised,LR,SMOTE,472,TN,985,985,0.0,0.008769329721903195,0.0208405380243309,0.9858724477717264,-1.9863700588110071,-1.4963220829733583,-0.6495913380679744,0.0208405380243309,0.5979991193007805,1.5159727556503755,2.4428290051218826,train_oof,0.12060301142481507
Base_LR_SMOTE,Base,supervised,LR,SMOTE,472,FN,55,55,0.0,-0.013207780149069906,0.0528680647551131,0.936287224883141,-2.1698104531880915,-1.5637440952897237,-0.649023414777046,0.0528680647551131,0.6145034094128488,1.386668231787578,1.8639309260543828,train_oof,0.12060301142481507
Base_LR_SMOTE,Base,supervised,LR,SMOTE,472,pred_anomaly,213,213,0.0,-0.03443427473716976,-0.0539726350882295,1.0699617575723612,-2.2766902696632587,-1.795895238952774,-0.7711206469312085,-0.0539726350882295,0.6828654759720995,1.7319070223143365,2.6800127649439713,train_oof,0.12060301142481507
Base_LR_SMOTE,Base,supervised,LR,SMOTE,472,pred_normal,1040,1040,0.0,0.007607078719111339,0.02299404457317435,0.9828935082046029,-1.9874356209634898,-1.4972822184817791,-0.6507491485340111,0.02299404457317435,0.5996061434932517,1.4975370033995272,2.4154963318474225,train_oof,0.12060301142481507
Base_LR_SMOTE,Base,supervised,LR,SMOTE,473,TP,28,28,0.0,-0.016440685974073187,-0.40782478942281364,1.3231500198255466,-1.1748872954893093,-0.9919099254899404,-0.6983877474275734,-0.40782478942281364,-0.03927335698788498,2.823891318265955,4.466822971078807,train_oof,0.12060301142481507
Base_LR_SMOTE,Base,supervised,LR,SMOTE,473,FP,185,185,0.0,0.12611067487675923,-0.1646808925028174,1.167619678169917,-1.2399017889649546,-1.0556274302867286,-0.6088677313544384,-0.1646808925028174,0.5004917861418973,2.0162830369241735,4.009106163535626,train_oof,0.12060301142481507
Base_LR_SMOTE,Base,supervised,LR,SMOTE,473,TN,985,985,0.0,-0.023516682575288102,-0.2373631123696293,0.959997008404791,-1.1585058048530723,-0.9912274926695485,-0.6383888227323016,-0.2373631123696293,0.3486327063051433,1.553988779454563,3.032093534273309,train_oof,0.12060301142481507
Base_LR_SMOTE,Base,supervised,LR,SMOTE,473,FN,55,55,0.0,0.00975118524223694,-0.0890465634982188,0.8438814767868917,-1.0922178102822218,-0.9611935531349018,-0.4854049246693252,-0.0890465634982188,0.3040666324455107,1.414295836984188,2.783310979610693,train_oof,0.12060301142481507
Base_LR_SMOTE,Base,supervised,LR,SMOTE,473,pred_anomaly,213,213,0.0,0.10737152884941975,-0.2101950890052427,1.1868333506713233,-1.2301807737013686,-1.0598931202496205,-0.6098891180196286,-0.2101950890052427,0.476930938468499,2.151364655631867,4.608135048444163,train_oof,0.12060301142481507
Base_LR_SMOTE,Base,supervised,LR,SMOTE,473,pred_normal,1040,1040,0.0,-0.02175732418109207,-0.23384428447035566,0.953874496806965,-1.154979952226945,-0.9903677178184703,-0.6356101769416627,-0.23384428447035566,0.34773091238239606,1.5594437168869013,3.069129144042555,train_oof,0.12060301142481507
Base_LR_SMOTE,Base,supervised,LR,SMOTE,474,TP,28,28,0.0,0.10002452176028184,-0.3553789728467725,1.7008976421673676,-0.8942041991441361,-0.8889968237456146,-0.6500430116030028,-0.3553789728467725,0.020384629602693927,2.844655092037307,6.450657688603889,train_oof,0.12060301142481507
Base_LR_SMOTE,Base,supervised,LR,SMOTE,474,FP,185,185,0.0,0.14978065411718985,-0.1641131963641942,1.398459230019293,-1.0385155960124286,-0.8630274888179162,-0.540986137961141,-0.1641131963641942,0.3317947809055797,2.078211889670246,6.338650679665289,train_oof,0.12060301142481507
Base_LR_SMOTE,Base,supervised,LR,SMOTE,474,TN,985,985,0.0,-0.03215436946208166,-0.2038412818688288,0.8882913206536082,-0.9983668648105265,-0.8929816092320068,-0.58118544717444,-0.2038412818688288,0.2973129860240737,1.4433478944438645,2.3853704250617054,train_oof,0.12060301142481507
Base_LR_SMOTE,Base,supervised,LR,SMOTE,474,FN,55,55,0.0,0.019487341124112392,-0.1347088369435452,0.7067085810205226,-0.9753859913745341,-0.8282916258201553,-0.48032982949545544,-0.1347088369435452,0.2736909341951589,1.201413788687163,2.241410482542796,train_oof,0.12060301142481507
Base_LR_SMOTE,Base,supervised,LR,SMOTE,474,pred_anomaly,213,213,0.0,0.14323994188247893,-0.1657192838378915,1.4374034240305273,-1.019748797665736,-0.8802986231133086,-0.5579894601154426,-0.1657192838378915,0.247979790591166,2.173278131401863,6.755570568143065,train_oof,0.12060301142481507
Base_LR_SMOTE,Base,supervised,LR,SMOTE,474,pred_normal,1040,1040,0.0,-0.029423317459927163,-0.19945301108189306,0.879422007268187,-1.0067693725656457,-0.8912052921935544,-0.5750791732829992,-0.19945301108189306,0.29839876398612086,1.435348871989289,2.356778416046155,train_oof,0.12060301142481507
Base_LR_SMOTE,Base,supervised,LR,SMOTE,476,TP,28,28,0.0,0.33632907856555233,-0.2258221796555127,1.8470607820225484,-0.9641802586361682,-0.87791826704762,-0.5601232496673534,-0.2258221796555127,0.4791660164219873,2.128401189311164,6.99188176226964,train_oof,0.12060301142481507
Base_LR_SMOTE,Base,supervised,LR,SMOTE,476,FP,185,185,0.0,0.16339039610239367,-0.1656299293782982,1.176549544263067,-0.9544719811647374,-0.7945707905870449,-0.50533078565178,-0.1656299293782982,0.4588726291856693,1.9513869279588916,4.297404150499933,train_oof,0.12060301142481507
Base_LR_SMOTE,Base,supervised,LR,SMOTE,476,TN,985,985,0.0,-0.04308586237662696,-0.2895049434937763,0.9349832641886027,-0.9199880002196784,-0.8199343398572955,-0.5625102386399868,-0.2895049434937763,0.1650452741287483,1.6383808569670808,2.9231739293762313,train_oof,0.12060301142481507
Base_LR_SMOTE,Base,supervised,LR,SMOTE,476,FN,55,55,0.0,0.03434453410833759,-0.1771014894575853,0.754666081073928,-0.9903075806821586,-0.8295135065442694,-0.5350702159739297,-0.1771014894575853,0.41503101451285784,1.4491281416801367,1.9299565759951154,train_oof,0.12060301142481507
Base_LR_SMOTE,Base,supervised,LR,SMOTE,476,pred_anomaly,213,213,0.0,0.18612411961867745,-0.1730504554706743,1.2803797068222316,-0.9839604512053078,-0.8043544198384525,-0.513260875767667,-0.1730504554706743,0.4588726291856693,1.9698267760596884,6.999570701211381,train_oof,0.12060301142481507
Base_LR_SMOTE,Base,supervised,LR,SMOTE,476,pred_normal,1040,1040,0.0,-0.03899098563944133,-0.28734885071929617,0.9261847212353865,-0.9234619529499634,-0.8258749009388875,-0.5607713514097562,-0.28734885071929617,0.18279561841023254,1.6444357514764492,2.852454532241806,train_oof,0.12060301142481507
Base_LR_SMOTE,Base,supervised,LR,SMOTE,477,TP,28,28,0.0,0.649691798591911,0.17010831141592797,2.7720112426111996,-0.25967647660757887,-0.2323064686707996,-0.06640712900352917,0.17010831141592797,0.30147833313730654,0.6726353095431127,10.94323222134,train_oof,0.12060301142481507
Base_LR_SMOTE,Base,supervised,LR,SMOTE,477,FP,185,185,0.0,0.1964006385957104,-0.0895397386336187,2.098628259892826,-0.34571028855305524,-0.300610411168035,-0.1853783013264558,-0.0895397386336187,0.0452376509854134,0.5280791048702302,6.423975030690008,train_oof,0.12060301142481507
Base_LR_SMOTE,Base,supervised,LR,SMOTE,477,TN,985,985,0.0,-0.055365660528535525,-0.1116115431123999,0.4554929081583327,-0.3660558697303145,-0.3173468729814417,-0.2087557121453088,-0.1116115431123999,0.0084865968452845,0.2930329126665781,0.6987687847725407,train_oof,0.12060301142481507
Base_LR_SMOTE,Base,supervised,LR,SMOTE,477,FN,55,55,0.0,-0.0046597683207232204,-0.0579670015314773,0.23943685429998943,-0.35565071649980995,-0.24774658689181753,-0.1796486302597219,-0.0579670015314773,0.07534599178720394,0.5586055925674239,0.6253631855014758,train_oof,0.12060301142481507
Base_LR_SMOTE,Base,supervised,LR,SMOTE,477,pred_anomaly,213,213,0.0,0.25598820892384944,-0.0647067531788749,2.196530779188946,-0.3437321185145573,-0.29618899294071077,-0.1786209063501384,-0.0647067531788749,0.1075362454015415,0.6181006620181818,11.507095723157274,train_oof,0.12060301142481507
Base_LR_SMOTE,Base,supervised,LR,SMOTE,477,pred_normal,1040,1040,0.0,-0.052684098921391594,-0.10907531458016584,0.4467656847224019,-0.3651715860848497,-0.31680434061715507,-0.20745672205358193,-0.10907531458016584,0.0122975558919806,0.29822534436770193,0.6906544413689949,train_oof,0.12060301142481507
Base_LR_SMOTE,Base,supervised,LR,SMOTE,480,TP,28,28,0.0,0.006272166806972813,-0.26017703428252703,0.9751374920091224,-1.6249362763332114,-1.453338334208587,-0.6043529977778157,-0.26017703428252703,0.6395796204677004,1.64746092794659,1.8150761138948386,train_oof,0.12060301142481507
Base_LR_SMOTE,Base,supervised,LR,SMOTE,480,FP,185,185,0.0,0.05031458795649294,-0.208246407979838,1.1722502799470682,-1.7020778761052515,-1.5141441071829143,-0.6982832608494064,-0.208246407979838,0.7571593508746675,2.248643282662419,3.1941698875162663,train_oof,0.12060301142481507
Base_LR_SMOTE,Base,supervised,LR,SMOTE,480,TN,985,985,0.0,-0.003846481771457449,-0.1221778320203499,0.9679524809411935,-1.7051653750438225,-1.460158860256178,-0.6206331722520323,-0.1221778320203499,0.4702964160988452,1.8358144023708136,2.916847794278154,train_oof,0.12060301142481507
Base_LR_SMOTE,Base,supervised,LR,SMOTE,480,FN,55,55,0.0,-0.10144516946820333,-0.2801899865522186,0.9392849265390153,-1.545591575870454,-1.46438527887032,-0.6907692276247488,-0.2801899865522186,0.39883899893878816,1.728252782730782,2.040211563521277,train_oof,0.12060301142481507
Base_LR_SMOTE,Base,supervised,LR,SMOTE,480,pred_anomaly,213,213,0.0,0.04452497390866869,-0.208246407979838,1.1462998299393918,-1.6942830050231503,-1.5184395025444455,-0.6706897917431154,-0.208246407979838,0.7571593508746675,2.1685526914766857,3.1775482088887093,train_oof,0.12060301142481507
Base_LR_SMOTE,Base,supervised,LR,SMOTE,480,pred_normal,1040,1040,0.0,-0.009007950832343056,-0.1286724498619018,0.9662640132776726,-1.7011229221242241,-1.4603603887048762,-0.6268743213230566,-0.1286724498619018,0.466648127893546,1.8352015065732263,2.9025224042040487,train_oof,0.12060301142481507
Base_LR_SMOTE,Base,supervised,LR,SMOTE,482,TP,28,28,0.0,0.0425398863539983,-0.05364441908011615,1.0855611600819157,-1.1305600011941446,-1.1305600011941446,-1.1305600011941446,-0.05364441908011615,0.9233997230585088,1.9041302334602501,2.054772278440857,train_oof,0.12060301142481507
Base_LR_SMOTE,Base,supervised,LR,SMOTE,482,FP,185,185,0.0,-0.06528310217056442,-0.1573143712381568,0.9186687248933136,-1.1305600011941446,-1.1305600011941446,-1.1305600011941446,-0.1573143712381568,0.5536513478861803,1.727091890633043,1.9765966683873173,train_oof,0.12060301142481507
Base_LR_SMOTE,Base,supervised,LR,SMOTE,482,TN,985,985,0.0,0.018371648025995894,-0.065027392230083,1.0053960725605011,-1.1305600011941446,-1.1305600011941446,-1.1305600011941446,-0.065027392230083,0.7047197037088511,1.8089895632561976,2.365584517120424,train_oof,0.12060301142481507
Base_LR_SMOTE,Base,supervised,LR,SMOTE,482,FN,55,55,0.0,-0.1408026610189471,-0.302368690836501,0.984237514294464,-1.1305600011941446,-1.1305600011941446,-1.1305600011941446,-0.302368690836501,0.41672652688086526,1.7515956845464546,2.206036576938356,train_oof,0.12060301142481507
Base_LR_SMOTE,Base,supervised,LR,SMOTE,482,pred_anomaly,213,213,0.0,-0.051109188186114866,-0.1412121937711157,0.9401623257069622,-1.1305600011941446,-1.1305600011941446,-1.1305600011941446,-0.1412121937711157,0.5638282348335206,1.779718877574791,2.057190812736984,train_oof,0.12060301142481507
Base_LR_SMOTE,Base,supervised,LR,SMOTE,482,pred_normal,1040,1040,0.0,0.009953775913042168,-0.0802248268409281,1.0044554263802403,-1.1305600011941446,-1.1305600011941446,-1.1305600011941446,-0.0802248268409281,0.7012866883940609,1.8111838631745525,2.359167746473153,train_oof,0.12060301142481507
Base_LR_SMOTE,Base,supervised,LR,SMOTE,483,TP,28,28,0.0,-0.14855049184291394,-0.33835536722320947,0.7588685555594528,-1.0170836489995414,-0.8240992412054993,-0.527295942757187,-0.33835536722320947,-0.17707413049560944,1.6786423849463628,2.206123805839313,train_oof,0.12060301142481507
Base_LR_SMOTE,Base,supervised,LR,SMOTE,483,FP,185,185,0.0,-0.14299471326478186,-0.4155275345918631,0.8349574578225889,-1.0627729969763844,-1.0627729969763844,-0.6572303228580465,-0.4155275345918631,0.1006509529326873,1.4859162832786639,2.8089945113560026,train_oof,0.12060301142481507
Base_LR_SMOTE,Base,supervised,LR,SMOTE,483,TN,985,985,0.0,0.0398330789901586,-0.2631407964228853,1.0349647446406616,-1.0627729969763844,-1.0627729969763844,-0.6388893544322208,-0.2631407964228853,0.3616490957699806,2.540968118874424,3.511433507020281,train_oof,0.12060301142481507
Base_LR_SMOTE,Base,supervised,LR,SMOTE,483,FN,55,55,0.0,-0.09625543433901342,-0.2993519644489684,0.7963867161843391,-1.0627729969763844,-0.8803881086113402,-0.6291468552598565,-0.2993519644489684,0.20400449682591915,1.4083813772232354,2.5523714452366972,train_oof,0.12060301142481507
Base_LR_SMOTE,Base,supervised,LR,SMOTE,483,pred_anomaly,213,213,0.0,-0.14372505035486496,-0.3929588976517089,0.8236649538419896,-1.0627729969763844,-1.0627729969763844,-0.6371774210719936,-0.3929588976517089,0.0419153467863176,1.6192886891405232,2.715506976639679,train_oof,0.12060301142481507
Base_LR_SMOTE,Base,supervised,LR,SMOTE,483,pred_normal,1040,1040,0.0,0.032636090304481245,-0.2673882516182012,1.0238855034686878,-1.0627729969763844,-1.0627729969763844,-0.6384719068573651,-0.2673882516182012,0.35645714776987436,2.436861653224142,3.494369663494537,train_oof,0.12060301142481507
Base_LR_SMOTE,Base,supervised,LR,SMOTE,484,TP,28,28,0.0,-0.38202246291607295,-0.5837534622449041,0.6570827021815201,-1.0153846670981137,-1.0153846670981137,-0.8988739167645918,-0.5837534622449041,-0.06800369072777762,0.9029693895007274,1.2909733915184818,train_oof,0.12060301142481507
Base_LR_SMOTE,Base,supervised,LR,SMOTE,484,FP,185,185,0.0,-0.056747619991037175,-0.4463193905821672,1.0187695650087887,-1.0153846670981137,-1.0153846670981137,-0.6857068510121677,-0.4463193905821672,0.2812687976682663,2.1952557405146784,3.3301364242024443,train_oof,0.12060301142481507
Base_LR_SMOTE,Base,supervised,LR,SMOTE,484,TN,985,985,0.0,0.024782834502226347,-0.3080616882928316,0.9991373591721521,-1.0153846670981137,-1.0153846670981137,-0.6403892874265906,-0.3080616882928316,0.4158324570319938,2.2674149031686275,3.3898406590390167,train_oof,0.12060301142481507
Base_LR_SMOTE,Base,supervised,LR,SMOTE,484,FN,55,55,0.0,-0.07716937774058398,-0.3554057941102677,0.9231548159978292,-1.0153846670981137,-1.0153846670981137,-0.737231722633236,-0.3554057941102677,0.32650277310489495,1.7523379096934035,2.5850882581540064,train_oof,0.12060301142481507
Base_LR_SMOTE,Base,supervised,LR,SMOTE,484,pred_anomaly,213,213,0.0,-0.09950675427226253,-0.4495947199766478,0.9838376602884149,-1.0153846670981137,-1.0153846670981137,-0.7106791065024747,-0.4495947199766478,0.2402447760564254,2.067336131344853,3.2622089340843923,train_oof,0.12060301142481507
Base_LR_SMOTE,Base,supervised,LR,SMOTE,484,pred_normal,1040,1040,0.0,0.019391130970154647,-0.30827388658187216,0.9951103293560284,-1.0153846670981137,-1.0153846670981137,-0.6433552459525136,-0.30827388658187216,0.40874818381341554,2.217353676611194,3.384141107569502,train_oof,0.12060301142481507
Base_LR_SMOTE,Base,supervised,LR,SMOTE,485,TP,28,28,0.0,-0.31383572860617165,-0.6185797300527927,0.8940970628950308,-0.9144555869241014,-0.9144555869241014,-0.7650822370113717,-0.6185797300527927,-0.2971233214087945,0.9276474801710914,2.765210370994234,train_oof,0.12060301142481507
Base_LR_SMOTE,Base,supervised,LR,SMOTE,485,FP,185,185,0.0,0.025967323830068202,-0.3349697506350074,0.9608693108745937,-0.9144555869241014,-0.9144555869241014,-0.6474238450783701,-0.3349697506350074,0.5084105804338476,1.9174728607015261,3.0827545178577376,train_oof,0.12060301142481507
Base_LR_SMOTE,Base,supervised,LR,SMOTE,485,TN,985,985,0.0,-0.0021702705838591357,-0.4018755629551198,0.9996028832347693,-0.9144555869241014,-0.9144555869241014,-0.6925965002627197,-0.4018755629551198,0.3868282591233202,2.309020710427509,3.1357665339575043,train_oof,0.12060301142481507
Base_LR_SMOTE,Base,supervised,LR,SMOTE,485,FN,55,55,0.0,0.08762205120095155,-0.1921911442038929,1.0403628399167,-0.9144555869241014,-0.9144555869241014,-0.5793828803224705,-0.1921911442038929,0.33293854532755907,2.2339070777287136,3.0253401241415907,train_oof,0.12060301142481507
Base_LR_SMOTE,Base,supervised,LR,SMOTE,485,pred_anomaly,213,213,0.0,-0.018701622030094785,-0.3816279473920459,0.9572803369533625,-0.9144555869241014,-0.9144555869241014,-0.6835690131311793,-0.3816279473920459,0.3416736652346873,1.8840096144496719,3.3582031847333105,train_oof,0.12060301142481507
Base_LR_SMOTE,Base,supervised,LR,SMOTE,485,pred_normal,1040,1040,0.0,0.00257836181822219,-0.39777339116549115,1.0014838776584434,-0.9144555869241014,-0.9144555869241014,-0.6892429691805434,-0.39777339116549115,0.38497550883209364,2.3134793670413405,3.1247446688843747,train_oof,0.12060301142481507
Base_LR_SMOTE,Base,supervised,LR,SMOTE,486,TP,28,28,0.0,-0.11788940480018144,-0.23569627786496555,0.7802640709918681,-1.0674901188596386,-1.0674901188596386,-0.5924277307996204,-0.23569627786496555,0.38265707973569474,1.3807816470663878,1.6879250738975002,train_oof,0.12060301142481507
Base_LR_SMOTE,Base,supervised,LR,SMOTE,486,FP,185,185,0.0,0.23656828476707525,0.1405203654511855,0.9284774965461904,-1.0674901188596386,-1.0674901188596386,-0.4921443200022868,0.1405203654511855,0.9510117610559224,1.9274802362354282,2.221661839454869,train_oof,0.12060301142481507
Base_LR_SMOTE,Base,supervised,LR,SMOTE,486,TN,985,985,0.0,-0.06045485055675331,-0.2296597851939776,1.004667487988785,-1.0674901188596386,-1.0674901188596386,-1.0674901188596386,-0.2296597851939776,0.6268589314616406,1.9115501675522288,2.2839570183851245,train_oof,0.12060301142481507
Base_LR_SMOTE,Base,supervised,LR,SMOTE,486,FN,55,55,0.0,0.3095561471905549,0.1970025078457591,0.9442942582656645,-1.0674901188596386,-1.0674901188596386,-0.3803523794324776,0.1970025078457591,1.0040341344976884,2.033937142975352,2.233689154102831,train_oof,0.12060301142481507
Base_LR_SMOTE,Base,supervised,LR,SMOTE,486,pred_anomaly,213,213,0.0,0.18997290773475983,0.0544023468215745,0.9166035697849221,-1.0674901188596386,-1.0674901188596386,-0.516063196141066,0.0544023468215745,0.8555236649905757,1.8814986609332134,2.2078028011689512,train_oof,0.12060301142481507
Base_LR_SMOTE,Base,supervised,LR,SMOTE,486,pred_normal,1040,1040,0.0,-0.04088696125280912,-0.21382935116278723,1.0045565732785355,-1.0674901188596386,-1.0674901188596386,-1.0674901188596386,-0.21382935116278723,0.6409520498923363,1.9429874558372662,2.2876855102890956,train_oof,0.12060301142481507
Base_LR_SMOTE,Base,supervised,LR,SMOTE,487,TP,28,28,0.0,-0.05920751972549953,-0.5108128586070156,1.0155888233762096,-0.915088955541793,-0.915088955541793,-0.6186856787718793,-0.5108128586070156,-0.18498979037589647,1.8379126261714729,2.5694663571580394,train_oof,0.12060301142481507
Base_LR_SMOTE,Base,supervised,LR,SMOTE,487,FP,185,185,0.0,-0.03477551921603594,-0.5265204765487769,1.0279661071054707,-0.915088955541793,-0.915088955541793,-0.6463165486503175,-0.5265204765487769,0.4247633295376581,2.2536732413174825,2.7260423891817016,train_oof,0.12060301142481507
Base_LR_SMOTE,Base,supervised,LR,SMOTE,487,TN,985,985,0.0,0.014921248745279916,-0.4502356547523923,0.9909598895079301,-0.915088955541793,-0.915088955541793,-0.7262425850040984,-0.4502356547523923,0.5978819013629689,2.1220157798284642,2.5915322041343125,train_oof,0.12060301142481507
Base_LR_SMOTE,Base,supervised,LR,SMOTE,487,FN,55,55,0.0,-0.09257872566998444,-0.5211388119791742,0.9321123606488191,-0.915088955541793,-0.915088955541793,-0.6340257049197751,-0.5211388119791742,0.35487053107934063,1.7993726729525457,2.593432267067666,train_oof,0.12060301142481507
Base_LR_SMOTE,Base,supervised,LR,SMOTE,487,pred_anomaly,213,213,0.0,-0.03798723759286687,-0.5265204765487769,1.0240004534444078,-0.915088955541793,-0.915088955541793,-0.6420031446863862,-0.5265204765487769,0.3866575080740528,2.222841248565488,2.7627249193609424,train_oof,0.12060301142481507
Base_LR_SMOTE,Base,supervised,LR,SMOTE,487,pred_normal,1040,1040,0.0,0.009236153944472655,-0.45361659395035603,0.9878026407796725,-0.915088955541793,-0.915088955541793,-0.7105505270023031,-0.45361659395035603,0.5954508598465572,2.1232727589302574,2.614302111046276,train_oof,0.12060301142481507
Base_LR_SMOTE,Base,supervised,LR,SMOTE,488,TP,28,28,0.0,-0.22382008753980864,-0.3223030973770463,1.1081419413759743,-1.395282106447686,-1.395282106447686,-1.2361048010938391,-0.3223030973770463,0.3923339178446871,1.7706408134899463,2.103684985134572,train_oof,0.12060301142481507
Base_LR_SMOTE,Base,supervised,LR,SMOTE,488,FP,185,185,0.0,0.05862572724784311,0.0396170313408818,1.0177581912144547,-1.395282106447686,-1.395282106447686,-0.6460009053805574,0.0396170313408818,0.6906911667946446,2.01088112536854,2.342439863167979,train_oof,0.12060301142481507
Base_LR_SMOTE,Base,supervised,LR,SMOTE,488,TN,985,985,0.0,0.0013282017168291527,-0.0033102708857174,0.9845869697246165,-1.395282106447686,-1.395282106447686,-0.7895516450715256,-0.0033102708857174,0.5796261461396369,1.8438066684476213,2.4151932565443293,train_oof,0.12060301142481507
Base_LR_SMOTE,Base,supervised,LR,SMOTE,488,FN,55,55,0.0,-0.17311284372928412,-0.1497408179485377,1.0259583185875136,-1.395282106447686,-1.395282106447686,-1.123248629925139,-0.1497408179485377,0.5134235090769663,1.6940885463033801,2.259441933988289,train_oof,0.12060301142481507
Base_LR_SMOTE,Base,supervised,LR,SMOTE,488,pred_anomaly,213,213,0.0,0.02149669995181378,0.0065365436013655,1.031779339074147,-1.395282106447686,-1.395282106447686,-0.920684852176454,0.0065365436013655,0.6608594890249164,1.9797147691698456,2.3322221256823426,train_oof,0.12060301142481507
Base_LR_SMOTE,Base,supervised,LR,SMOTE,488,pred_normal,1040,1040,0.0,-0.007897045878878758,-0.0089796188648723,0.9870801212850457,-1.395282106447686,-1.395282106447686,-0.8255808801843901,-0.0089796188648723,0.5804688012658384,1.8480485913770928,2.416898941295016,train_oof,0.12060301142481507
Base_LR_SMOTE,Base,supervised,LR,SMOTE,489,TP,28,28,0.0,0.22874574423452376,-0.14121366460340856,1.0184012424270075,-1.0945675834134951,-0.7989059929495266,-0.42552485349172775,-0.14121366460340856,0.6961130560913987,2.159621990132527,2.2111491451365586,train_oof,0.12060301142481507
Base_LR_SMOTE,Base,supervised,LR,SMOTE,489,FP,185,185,0.0,0.03161815468203079,-0.1464820771400902,0.935532111972323,-1.2020520219895654,-1.2020520219895654,-0.6745502760870701,-0.1464820771400902,0.4817968552748838,1.814797758069503,2.547334391615783,train_oof,0.12060301142481507
Base_LR_SMOTE,Base,supervised,LR,SMOTE,489,TN,985,985,0.0,-0.012978685581649205,-0.2308951138764702,0.9984586885201182,-1.2020520219895654,-1.2020520219895654,-0.7146358115013035,-0.2308951138764702,0.4733936552163759,2.108891839441477,2.9220481462382666,train_oof,0.12060301142481507
Base_LR_SMOTE,Base,supervised,LR,SMOTE,489,FN,55,55,0.0,0.01100456371072065,-0.3161589391322874,1.0988634868613831,-1.2020520219895654,-1.2020520219895654,-0.7221236819926273,-0.3161589391322874,0.1734572117429135,2.2941098752243128,2.805928811895995,train_oof,0.12060301142481507
Base_LR_SMOTE,Base,supervised,LR,SMOTE,489,pred_anomaly,213,213,0.0,0.057531640632593244,-0.1464820771400902,0.9466634039756759,-1.2020520219895654,-1.2020520219895654,-0.6582211692166209,-0.1464820771400902,0.5391691891202884,1.9177224093266632,2.476479126825152,train_oof,0.12060301142481507
Base_LR_SMOTE,Base,supervised,LR,SMOTE,489,pred_normal,1040,1040,0.0,-0.011710340667148877,-0.2333702963261362,1.0034608310422892,-1.2020520219895654,-1.2020520219895654,-0.7152950838876505,-0.2333702963261362,0.46035436745667,2.1357678628549537,2.9126878357102552,train_oof,0.12060301142481507
Base_LR_SMOTE,Base,supervised,LR,SMOTE,490,TP,28,28,0.0,-0.08059064159261879,0.033970728386441745,0.7280514706139676,-1.3333277291877499,-1.1588925407359016,-0.5910186784229664,0.033970728386441745,0.4967334863746905,0.776877163191905,1.5976884317139122,train_oof,0.12060301142481507
Base_LR_SMOTE,Base,supervised,LR,SMOTE,490,FP,185,185,0.0,-0.1437261187225912,-0.3427075006368525,0.9504233752316581,-1.6719068032118884,-1.4682788771161193,-0.7789366467002014,-0.3427075006368525,0.5638566406926172,1.5493455451706466,2.006714049516689,train_oof,0.12060301142481507
Base_LR_SMOTE,Base,supervised,LR,SMOTE,490,TN,985,985,0.0,0.03519088697562123,-0.113016303208077,1.0113339914623383,-1.6853698269414945,-1.3671634851377277,-0.6846446632134439,-0.113016303208077,0.5929982811256386,1.9028688464114285,2.9149755360949627,train_oof,0.12060301142481507
Base_LR_SMOTE,Base,supervised,LR,SMOTE,490,FN,55,55,0.0,-0.10576643168571553,-0.3406871180372132,1.0559368744784627,-1.4896059462918663,-1.396704165125747,-0.9427219563357635,-0.3406871180372132,0.6057697855366535,1.5283593106218192,2.7798089180001524,train_oof,0.12060301142481507
Base_LR_SMOTE,Base,supervised,LR,SMOTE,490,pred_anomaly,213,213,0.0,-0.13542661938156195,-0.2979736554321011,0.9230194889601889,-1.6545364378873681,-1.4210981862810017,-0.7559848765031933,-0.2979736554321011,0.5454773153263712,1.539911869519811,1.9536445870158101,train_oof,0.12060301142481507
Base_LR_SMOTE,Base,supervised,LR,SMOTE,490,pred_normal,1040,1040,0.0,0.027736413392569766,-0.12207724345410381,1.0137062831719437,-1.6751203868371316,-1.3739163761203441,-0.7047981195605363,-0.12207724345410381,0.5946366938847641,1.8902638416744832,2.9428148412622295,train_oof,0.12060301142481507
Base_LR_SMOTE,Base,supervised,LR,SMOTE,496,TP,28,28,0.0,-0.015832606864882658,-0.1416103906701537,0.8016843530628991,-0.809101974538076,-0.7616584739564453,-0.5215226467047598,-0.1416103906701537,0.12223301750972883,0.9425844915264902,2.7145013406527063,train_oof,0.12060301142481507
Base_LR_SMOTE,Base,supervised,LR,SMOTE,496,FP,185,185,0.0,0.16684720089032995,-0.2669376975842172,1.2567495442003453,-0.8050001960046482,-0.7047496375901348,-0.5227843851114533,-0.2669376975842172,0.4192020977567169,2.5678007091739565,5.758222608423197,train_oof,0.12060301142481507
Base_LR_SMOTE,Base,supervised,LR,SMOTE,496,TN,985,985,0.0,-0.031085187987645868,-0.3152304327669278,0.9295675462789712,-0.8383649130797952,-0.7484517411513038,-0.547027499417699,-0.3152304327669278,0.0802765956498609,1.7298782177322238,3.9960329561899615,train_oof,0.12060301142481507
Base_LR_SMOTE,Base,supervised,LR,SMOTE,496,FN,55,55,0.0,0.016831557719658552,-0.3031935289893341,0.9983642442674858,-0.8107076072050731,-0.7012357162830589,-0.5607695640452334,-0.3031935289893341,-0.05290977756828655,2.100945808469304,3.587635726134759,train_oof,0.12060301142481507
Base_LR_SMOTE,Base,supervised,LR,SMOTE,496,pred_anomaly,213,213,0.0,0.1428329538614757,-0.2461935894665017,1.20685462300825,-0.8230805445723857,-0.7167091439958163,-0.5227843851114533,-0.2461935894665017,0.3923145732434713,2.508348240428656,5.280124046380786,train_oof,0.12060301142481507
Base_LR_SMOTE,Base,supervised,LR,SMOTE,496,pred_normal,1040,1040,0.0,-0.028551129320432668,-0.31365426753684106,0.9328840970240928,-0.838627943210903,-0.7481252209885492,-0.5489493325978623,-0.31365426753684106,0.07965196854847545,1.7676003665348954,4.032048896053277,train_oof,0.12060301142481507
Base_LR_SMOTE,Base,supervised,LR,SMOTE,497,TP,28,28,0.0,0.1766672068538348,0.15303521484563165,1.104475081013056,-1.3368606509270133,-1.2385399569477362,-0.5350112781365609,0.15303521484563165,0.6872172285203509,1.8093950725733576,2.722919613702497,train_oof,0.12060301142481507
Base_LR_SMOTE,Base,supervised,LR,SMOTE,497,FP,185,185,0.0,0.15183285259322793,0.0042007743184819,1.025744600061368,-1.4424006916028835,-1.2505553164511876,-0.6382663743078708,0.0042007743184819,0.73626643850008,1.8899314135284013,2.8131575976319887,train_oof,0.12060301142481507
Base_LR_SMOTE,Base,supervised,LR,SMOTE,497,TN,985,985,0.0,-0.04488570461000076,-0.2001819091744543,0.9625856178615777,-1.5061197842707972,-1.2861434740091326,-0.7435071454055517,-0.2001819091744543,0.4200578374699658,1.8023631492754266,3.030289124631786,train_oof,0.12060301142481507
Base_LR_SMOTE,Base,supervised,LR,SMOTE,497,FN,55,55,0.0,0.12787442944974184,-0.1685326822867804,1.1537396740524635,-1.4829185910953813,-1.1886488613232042,-0.5976512172679588,-0.1685326822867804,0.5907144401981561,1.6024543129635376,4.01273988699342,train_oof,0.12060301142481507
Base_LR_SMOTE,Base,supervised,LR,SMOTE,497,pred_anomaly,213,213,0.0,0.15509746254297907,0.0066119510147898,1.0337405162818394,-1.434380185859467,-1.259312548116266,-0.6382663743078708,0.0066119510147898,0.73626643850008,1.8528681831680083,2.956476319501416,train_oof,0.12060301142481507
Base_LR_SMOTE,Base,supervised,LR,SMOTE,497,pred_normal,1040,1040,0.0,-0.03574935136645668,-0.1958458435189085,0.9737561493673866,-1.513277331900804,-1.2766902430203722,-0.7311118736075144,-0.1958458435189085,0.4301231741638005,1.80335497363916,3.1134352097757643,train_oof,0.12060301142481507
Base_LR_SMOTE,Base,supervised,LR,SMOTE,499,TP,28,28,0.0,-0.2322021444875582,-0.8068866385758996,0.8611372130789162,-0.8068866385758996,-0.8068866385758996,-0.8068866385758996,-0.8068866385758996,0.2951320937953237,1.5066821498794116,1.6312735665279192,train_oof,0.12060301142481507
Base_LR_SMOTE,Base,supervised,LR,SMOTE,499,FP,185,185,0.0,-0.027297766835101517,-0.8068866385758996,1.0254213410381823,-0.8068866385758996,-0.8068866385758996,-0.8068866385758996,-0.8068866385758996,0.835337294098227,1.9469229145881943,2.1751003638567274,train_oof,0.12060301142481507
Base_LR_SMOTE,Base,supervised,LR,SMOTE,499,TN,985,985,0.0,0.013829553886963915,-0.8068866385758996,0.9943077538536857,-0.8068866385758996,-0.8068866385758996,-0.8068866385758996,-0.8068866385758996,0.8477825447644783,1.8717765691766122,2.2085418222442272,train_oof,0.12060301142481507
Base_LR_SMOTE,Base,supervised,LR,SMOTE,499,FN,55,55,0.0,-0.03937612210810275,-0.8068866385758996,1.0791362902052293,-0.8068866385758996,-0.8068866385758996,-0.8068866385758996,-0.8068866385758996,0.9153626752592474,2.0039592638791195,2.2081132274385555,train_oof,0.12060301142481507
Base_LR_SMOTE,Base,supervised,LR,SMOTE,499,pred_anomaly,213,213,0.0,-0.05423355356875782,-0.8068866385758996,1.0059189753470832,-0.8068866385758996,-0.8068866385758996,-0.8068866385758996,-0.8068866385758996,0.8109127239421622,1.9096381489492524,2.1676788412988763,train_oof,0.12060301142481507
Base_LR_SMOTE,Base,supervised,LR,SMOTE,499,pred_normal,1040,1040,0.0,0.011015792175686363,-0.8068866385758996,0.9984887051881055,-0.8068866385758996,-0.8068866385758996,-0.8068866385758996,-0.8068866385758996,0.8490671813696327,1.8850578507336528,2.2091087361138846,train_oof,0.12060301142481507
Base_LR_SMOTE,Base,supervised,LR,SMOTE,500,TP,28,28,0.0,0.09082157879390616,-0.5538563420510734,1.0273900913392173,-0.7451791565961735,-0.7451791565961735,-0.7451791565961735,-0.5538563420510734,0.6926045611824538,1.9591934169587644,2.1669536463871,train_oof,0.12060301142481507
Base_LR_SMOTE,Base,supervised,LR,SMOTE,500,FP,185,185,0.0,-0.08351388886859261,-0.7451791565961735,0.9668192283593884,-0.7451791565961735,-0.7451791565961735,-0.7451791565961735,-0.7451791565961735,0.5632593390565708,1.8922421398948497,2.1543174561821874,train_oof,0.12060301142481507
Base_LR_SMOTE,Base,supervised,LR,SMOTE,500,TN,985,985,0.0,0.017344526886407422,-0.7451791565961735,1.0068895176632484,-0.7451791565961735,-0.7451791565961735,-0.7451791565961735,-0.7451791565961735,0.8379003211743749,2.048747532579391,2.278259271059122,train_oof,0.12060301142481507
Base_LR_SMOTE,Base,supervised,LR,SMOTE,500,FN,55,55,0.0,-0.0702893890937456,-0.7451791565961735,0.971481562215854,-0.7451791565961735,-0.7451791565961735,-0.7451791565961735,-0.7451791565961735,0.580501096161672,1.7320711804677098,2.2122594554498782,train_oof,0.12060301142481507
Base_LR_SMOTE,Base,supervised,LR,SMOTE,500,pred_anomaly,213,213,0.0,-0.06059655039652703,-0.7451791565961735,0.9742692122047546,-0.7451791565961735,-0.7451791565961735,-0.7451791565961735,-0.7451791565961735,0.6026349308693097,1.9078597322015387,2.1672712729747765,train_oof,0.12060301142481507
Base_LR_SMOTE,Base,supervised,LR,SMOTE,500,pred_normal,1040,1040,0.0,0.012710040945149326,-0.7451791565961735,1.004786068351446,-0.7451791565961735,-0.7451791565961735,-0.7451791565961735,-0.7451791565961735,0.8327414960809179,2.0490824178383527,2.276677062739242,train_oof,0.12060301142481507
Base_LR_SMOTE,Base,supervised,LR,SMOTE,510,TP,28,28,0.0,1.008653015323856,0.5428288438421559,1.330583654728565,-0.27003489866600067,-0.21614035556217745,0.17397176618767815,0.5428288438421559,1.396960328805052,3.844607189918095,4.782989707250203,train_oof,0.12060301142481507
Base_LR_SMOTE,Base,supervised,LR,SMOTE,510,FP,185,185,0.0,0.32042711303494076,-0.0268594023364474,1.4303049947545061,-0.8951966446308136,-0.7669377200862584,-0.4717275728363838,-0.0268594023364474,0.5281490935679475,2.5260082480354424,6.424352181267239,train_oof,0.12060301142481507
Base_LR_SMOTE,Base,supervised,LR,SMOTE,510,TN,985,985,0.0,-0.10973142788680754,-0.2689275876432507,0.7962000787393225,-1.0181250738691872,-0.874955996070913,-0.5508863986951855,-0.2689275876432507,0.1501679418794014,1.149557744844885,3.1283649782127023,train_oof,0.12060301142481507
Base_LR_SMOTE,Base,supervised,LR,SMOTE,510,FN,55,55,0.0,0.35710715342708765,-0.0726947203413821,1.593330948724413,-0.9170231071046338,-0.7301267825184883,-0.4665820117898548,-0.0726947203413821,0.4254633700589344,2.491830487376361,6.815637469836539,train_oof,0.12060301142481507
Base_LR_SMOTE,Base,supervised,LR,SMOTE,510,pred_anomaly,213,213,0.0,0.41089812366446954,0.0274472340085444,1.433664120861285,-0.8898740615148623,-0.7596679997025307,-0.3833352209786594,0.0274472340085444,0.6094943213270938,2.839418542732714,6.055881271243942,train_oof,0.12060301142481507
Base_LR_SMOTE,Base,supervised,LR,SMOTE,510,pred_normal,1040,1040,0.0,-0.0850428490673227,-0.26209804877600984,0.8621181133554676,-1.0063718317694788,-0.8711983650606402,-0.5489452746919844,-0.26209804877600984,0.16560330632061676,1.233205683700764,3.485331431771048,train_oof,0.12060301142481507
Base_LR_SMOTE,Base,supervised,LR,SMOTE,511,TP,28,28,0.0,0.3129458003856022,0.3304886963531945,1.1017643958512722,-0.8374816063277984,-0.8374816063277984,-0.8374816063277984,0.3304886963531945,1.4441194029551725,1.751984058501767,1.78366504183958,train_oof,0.12060301142481507
Base_LR_SMOTE,Base,supervised,LR,SMOTE,511,FP,185,185,0.0,0.13346226002150377,-0.2206847659643505,1.0570057894451497,-0.8374816063277984,-0.8374816063277984,-0.8374816063277984,-0.2206847659643505,1.1101147533635776,1.9250955262832448,2.111986648213678,train_oof,0.12060301142481507
Base_LR_SMOTE,Base,supervised,LR,SMOTE,511,TN,985,985,0.0,-0.04623529611190643,-0.8374816063277984,0.9783130213928662,-0.8374816063277984,-0.8374816063277984,-0.8374816063277984,-0.8374816063277984,0.7463490276967018,1.9059706187219838,2.1118729445804045,train_oof,0.12060301142481507
Base_LR_SMOTE,Base,supervised,LR,SMOTE,511,FN,55,55,0.0,0.20349200098852868,0.0057615609068684,1.0628761350116447,-0.8374816063277984,-0.8374816063277984,-0.8374816063277984,0.0057615609068684,1.1631256847398312,2.0220637160636166,2.0932592738648332,train_oof,0.12060301142481507
Base_LR_SMOTE,Base,supervised,LR,SMOTE,511,pred_anomaly,213,213,0.0,0.15705634044495337,-0.1461270989217669,1.0620698590118984,-0.8374816063277984,-0.8374816063277984,-0.8374816063277984,-0.1461270989217669,1.198173668220666,1.896328555459874,2.100775503849288,train_oof,0.12060301142481507
Base_LR_SMOTE,Base,supervised,LR,SMOTE,511,pred_normal,1040,1040,0.0,-0.03302856405371035,-0.8374816063277984,0.9840085872395691,-0.8374816063277984,-0.8374816063277984,-0.8374816063277984,-0.8374816063277984,0.760855451078551,1.9124137691550815,2.1127029460170554,train_oof,0.12060301142481507
Base_LR_SMOTE,Base,supervised,LR,SMOTE,521,TP,28,28,0.0,0.18986754698073757,-0.1161003982103422,1.619030184266076,-0.1161003982103422,-0.1161003982103422,-0.1161003982103422,-0.1161003982103422,-0.1161003982103422,-0.1161003982103422,6.137884401495333,train_oof,0.12060301142481507
Base_LR_SMOTE,Base,supervised,LR,SMOTE,521,FP,185,185,0.0,-0.1161003982103422,-0.1161003982103422,0.0,-0.1161003982103422,-0.1161003982103422,-0.1161003982103422,-0.1161003982103422,-0.1161003982103422,-0.1161003982103422,-0.1161003982103422,train_oof,0.12060301142481507
Base_LR_SMOTE,Base,supervised,LR,SMOTE,521,TN,985,985,0.0,0.013311405165471387,-0.1161003982103422,1.052947227225632,-0.1161003982103422,-0.1161003982103422,-0.1161003982103422,-0.1161003982103422,-0.1161003982103422,-0.1161003982103422,9.31996976882189,train_oof,0.12060301142481507
Base_LR_SMOTE,Base,supervised,LR,SMOTE,521,FN,55,55,0.0,0.055464513917516556,-0.1161003982103422,1.2723594417613262,-0.1161003982103422,-0.1161003982103422,-0.1161003982103422,-0.1161003982103422,-0.1161003982103422,-0.1161003982103422,4.224491878624493,train_oof,0.12060301142481507
Base_LR_SMOTE,Base,supervised,LR,SMOTE,521,pred_anomaly,213,213,0.0,-0.07587925987536456,-0.1161003982103422,0.5870081885193595,-0.1161003982103422,-0.1161003982103422,-0.1161003982103422,-0.1161003982103422,-0.1161003982103422,-0.1161003982103422,-0.1161003982103422,train_oof,0.12060301142481507
Base_LR_SMOTE,Base,supervised,LR,SMOTE,521,pred_normal,1040,1040,0.0,0.015540656109089158,-0.1161003982103422,1.0650054243363911,-0.1161003982103422,-0.1161003982103422,-0.1161003982103422,-0.1161003982103422,-0.1161003982103422,-0.1161003982103422,9.31996976882189,train_oof,0.12060301142481507
Base_LR_SMOTE,Base,supervised,LR,SMOTE,522,TP,28,28,0.0,0.17253450847325189,-0.02368987167456315,0.9637703381725163,-1.3452675091101596,-1.1969774362097398,-0.4535287931942764,-0.02368987167456315,0.6662543028313712,1.9893949486601392,2.398497298157167,train_oof,0.12060301142481507
Base_LR_SMOTE,Base,supervised,LR,SMOTE,522,FP,185,185,0.0,0.07296531386570594,-0.0015469946957835,0.9281710871587996,-1.3855325501751943,-1.2548245409770997,-0.6344771321136993,-0.0015469946957835,0.5475963543779525,1.7278705385584596,2.5716925332281453,train_oof,0.12060301142481507
Base_LR_SMOTE,Base,supervised,LR,SMOTE,522,TN,985,985,0.0,-0.02426353811644294,-0.1813998031632842,1.0129163584538035,-1.5148655331664949,-1.2190955379415502,-0.7068053687345943,-0.1813998031632842,0.4386162367719024,1.6873010716462908,2.6793316905919844,train_oof,0.12060301142481507
Base_LR_SMOTE,Base,supervised,LR,SMOTE,522,FN,55,55,0.0,0.10127337713253308,-0.0541479409174022,1.0261280650977054,-1.3497391314975244,-1.058061078000141,-0.5380627100798729,-0.0541479409174022,0.5889400477579116,1.75080157808145,3.3426904766469656,train_oof,0.12060301142481507
Base_LR_SMOTE,Base,supervised,LR,SMOTE,522,pred_anomaly,213,213,0.0,0.08605422207702652,-0.0135784740052323,0.9312104825399521,-1.380057220594987,-1.264232941013678,-0.5936599127318368,-0.0135784740052323,0.553914042355115,1.7992232498299388,2.5437522484585577,train_oof,0.12060301142481507
Base_LR_SMOTE,Base,supervised,LR,SMOTE,522,pred_normal,1040,1040,0.0,-0.017624566636929778,-0.16929864347173434,1.0135098898589276,-1.521485169466095,-1.2152909890788326,-0.7009677011674614,-0.16929864347173434,0.4403427617950729,1.6908803206068825,2.6797985491520615,train_oof,0.12060301142481507
Base_LR_SMOTE,Base,supervised,LR,SMOTE,523,TP,28,28,0.0,-0.029231216134323706,-0.08797883154804255,0.21121409375815445,-0.09960350336534138,-0.0983249780896525,-0.0938164257566102,-0.08797883154804255,-0.08352881776416698,0.4274650183839802,0.7372265211072575,train_oof,0.12060301142481507
Base_LR_SMOTE,Base,supervised,LR,SMOTE,523,FP,185,185,0.0,0.058854835237433796,-0.0878921077714993,1.4676752974156042,-0.09972383260529522,-0.09782198018570168,-0.0936592389116256,-0.0878921077714993,-0.0792847729495816,0.27274438079478597,0.8017394712400169,train_oof,0.12060301142481507
Base_LR_SMOTE,Base,supervised,LR,SMOTE,523,TN,985,985,0.0,-0.006605163639742294,-0.087003189061931,0.9317089337648053,-0.10071248365788826,-0.0976051707443435,-0.0927920011461931,-0.087003189061931,-0.0795666252233471,0.16093575188639833,0.6862398784019489,train_oof,0.12060301142481507
Base_LR_SMOTE,Base,supervised,LR,SMOTE,523,FN,55,55,0.0,-0.06479244149123563,-0.0891496025313765,0.07645192304416627,-0.1011595447259687,-0.09800843630526965,-0.0935074723026749,-0.0891496025313765,-0.0803362987401685,0.03005006023290923,0.2825558752540069,train_oof,0.12060301142481507
Base_LR_SMOTE,Base,supervised,LR,SMOTE,523,pred_anomaly,213,213,0.0,0.047275448202648764,-0.0878921077714993,1.3697235426396024,-0.09976025659144332,-0.0980517981935413,-0.0936592389116256,-0.0878921077714993,-0.0806940343184094,0.3387064852335797,0.7958448561483721,train_oof,0.12060301142481507
Base_LR_SMOTE,Base,supervised,LR,SMOTE,523,pred_normal,1040,1040,0.0,-0.009682375449196283,-0.0870357104781347,0.906974486831446,-0.10073199650761049,-0.0976170952636182,-0.09288414515877025,-0.0870357104781347,-0.07959914663955088,0.15595997520722923,0.6474316388271579,train_oof,0.12060301142481507
Base_LR_SMOTE,Base,supervised,LR,SMOTE,525,TP,28,28,0.0,-0.17571183713547422,-0.14562857361581036,0.39956570060965707,-0.8620498718830495,-0.7597500115590791,-0.48481530553216495,-0.14562857361581036,0.0881528884819168,0.4322963653897418,0.4792120443090131,train_oof,0.12060301142481507
Base_LR_SMOTE,Base,supervised,LR,SMOTE,525,FP,185,185,0.0,0.1299875705014105,-0.1183927486626758,2.059493167494062,-1.1813038332337025,-0.9176792632873269,-0.5056493979963153,-0.1183927486626758,0.2831911706463106,1.301555304893988,2.8341500298568185,train_oof,0.12060301142481507
Base_LR_SMOTE,Base,supervised,LR,SMOTE,525,TN,985,985,0.0,-0.01977612555517459,-0.0924705487072807,0.6528901990440708,-1.169034926054814,-0.9346688132580925,-0.4735619180515287,-0.0924705487072807,0.3141576905930255,1.0779868392786882,1.9486743021804787,train_oof,0.12060301142481507
Base_LR_SMOTE,Base,supervised,LR,SMOTE,525,FN,55,55,0.0,0.005135769306584241,-0.1913602385371192,0.7095060055442345,-1.0061419233351072,-0.8526110383992912,-0.38388511820583765,-0.1913602385371192,0.20714104077717135,1.3217500998592397,2.212828525725943,train_oof,0.12060301142481507
Base_LR_SMOTE,Base,supervised,LR,SMOTE,525,pred_anomaly,213,213,0.0,0.08980173287778248,-0.1183927486626758,1.9267500467664793,-1.1664595204592456,-0.9063225373068685,-0.5056493979963153,-0.1183927486626758,0.2451135607118313,1.2312641070149415,2.597407481864189,train_oof,0.12060301142481507
Base_LR_SMOTE,Base,supervised,LR,SMOTE,525,pred_normal,1040,1040,0.0,-0.0184586695769085,-0.0956663597737673,0.6556640198664665,-1.1621336657666892,-0.9253683482740959,-0.46835996306047983,-0.0956663597737673,0.31194204309683815,1.1685306316228883,2.0101565059746753,train_oof,0.12060301142481507
Base_LR_SMOTE,Base,supervised,LR,SMOTE,542,TP,28,28,0.0,-0.34494305071503384,-0.6121175618220817,0.6852329364681885,-1.3441496564494329,-0.7069970955225352,-0.6121175618220817,-0.6121175618220817,-0.6121175618220817,1.0026591175029524,1.5726661622726041,train_oof,0.12060301142481507
Base_LR_SMOTE,Base,supervised,LR,SMOTE,542,FP,185,185,0.0,-0.1517249804148892,-0.6121175618220817,0.8900238399998353,-1.2689758720559934,-0.9332482912697726,-0.6121175618220817,-0.6121175618220817,0.2636935184897671,1.7963629090355986,2.167122933034297,train_oof,0.12060301142481507
Base_LR_SMOTE,Base,supervised,LR,SMOTE,542,TN,985,985,0.0,0.045266111853503904,-0.6121175618220817,1.0289651231457377,-1.7243976338181757,-1.232483743709669,-0.6121175618220817,-0.6121175618220817,0.957043957070044,1.942331422420912,2.45322121926951,train_oof,0.12060301142481507
Base_LR_SMOTE,Base,supervised,LR,SMOTE,542,FN,55,55,0.0,-0.10056427173082225,-0.6121175618220817,0.895868631837746,-1.074837749253528,-0.6121175618220817,-0.6121175618220817,-0.6121175618220817,0.4826462885677749,1.5664625004537287,2.205074746514481,train_oof,0.12060301142481507
Base_LR_SMOTE,Base,supervised,LR,SMOTE,542,pred_anomaly,213,213,0.0,-0.17712453895199742,-0.6121175618220817,0.8669503503073438,-1.2689758720559934,-0.9186514399312428,-0.6121175618220817,-0.6121175618220817,0.227201390143473,1.7744676320278001,2.1481470262942057,train_oof,0.12060301142481507
Base_LR_SMOTE,Base,supervised,LR,SMOTE,542,pred_normal,1040,1040,0.0,0.03755392810625589,-0.6121175618220817,1.022497682862893,-1.7068814122119382,-1.232483743709669,-0.6121175618220817,-0.6121175618220817,0.9205518287237144,1.8729963785628871,2.45322121926951,train_oof,0.12060301142481507
Base_LR_SMOTE,Base,supervised,LR,SMOTE,544,TP,28,28,0.0,-0.15245340465340582,0.3018890646394068,0.8410989455309446,-2.041561566449837,-2.041561566449837,-0.11658426234081506,0.3018890646394068,0.3018890646394068,0.3018890646394068,0.3018890646394068,train_oof,0.12060301142481507
Base_LR_SMOTE,Base,supervised,LR,SMOTE,544,FP,185,185,0.0,0.12816608349302275,0.3018890646394068,0.959734585407908,-2.041561566449837,-1.7067829048656595,0.3018890646394068,0.3018890646394068,0.3018890646394068,1.30622504939194,2.417690205851409,train_oof,0.12060301142481507
Base_LR_SMOTE,Base,supervised,LR,SMOTE,544,TN,985,985,0.0,-0.028219239184797674,0.3018890646394068,1.0223132012621519,-2.376340228034016,-2.041561566449837,-0.7024469201131264,0.3018890646394068,0.3018890646394068,1.6410037109761186,2.645339695728652,train_oof,0.12060301142481507
Base_LR_SMOTE,Base,supervised,LR,SMOTE,544,FN,55,55,0.0,0.14971694573750782,0.3018890646394068,0.7369023492698809,-2.0147792735231036,-1.4724378417567354,0.3018890646394068,0.3018890646394068,0.3018890646394068,1.30622504939194,1.975782372560296,train_oof,0.12060301142481507
Base_LR_SMOTE,Base,supervised,LR,SMOTE,544,pred_anomaly,213,213,0.0,0.0912771366944312,0.3018890646394068,0.9479292306616965,-2.041561566449837,-1.7067829048656595,-0.0328895969447704,0.3018890646394068,0.3018890646394068,1.30622504939194,2.3105610341444747,train_oof,0.12060301142481507
Base_LR_SMOTE,Base,supervised,LR,SMOTE,544,pred_normal,1040,1040,0.0,-0.01880915248217575,0.3018890646394068,1.0097574613648197,-2.376340228034016,-2.041561566449837,-0.3676682585289491,0.3018890646394068,0.3018890646394068,1.6410037109761186,2.645339695728652,train_oof,0.12060301142481507
Base_LR_SMOTE,Base,supervised,LR,SMOTE,545,TP,28,28,0.0,-0.400233671328361,-0.3737353644723715,0.3193193814510088,-1.0670634037950593,-0.9872871182265529,-0.3737353644723715,-0.3737353644723715,-0.3737353644723715,0.02276696006692977,0.5467080566326561,train_oof,0.12060301142481507
Base_LR_SMOTE,Base,supervised,LR,SMOTE,545,FP,185,185,0.0,-0.08677382676502947,-0.3737353644723715,1.0540853003258224,-1.4029079020179336,-1.0576065612438847,-0.3737353644723715,-0.3737353644723715,-0.3737353644723715,1.6263496034373452,2.446601873195677,train_oof,0.12060301142481507
Base_LR_SMOTE,Base,supervised,LR,SMOTE,545,TN,985,985,0.0,0.03498741198013378,-0.3737353644723715,1.0158900445358277,-1.852502578832725,-1.2929106751156167,-0.3737353644723715,-0.3737353644723715,0.5266007243956999,2.1921219633099454,2.900137149284549,train_oof,0.12060301142481507
Base_LR_SMOTE,Base,supervised,LR,SMOTE,545,FN,55,55,0.0,-0.12241892750074965,-0.3737353644723715,0.6324231076063845,-0.8930783505850662,-0.653382389676577,-0.3737353644723715,-0.3737353644723715,-0.27194399622469534,1.158623106455539,2.0752309215778046,train_oof,0.12060301142481507
Base_LR_SMOTE,Base,supervised,LR,SMOTE,545,pred_anomaly,213,213,0.0,-0.1279798157217115,-0.3737353644723715,0.9942860826522705,-1.3955062472967785,-1.058321409184761,-0.3737353644723715,-0.3737353644723715,-0.3737353644723715,1.4610410171097306,2.354600943204919,train_oof,0.12060301142481507
Base_LR_SMOTE,Base,supervised,LR,SMOTE,545,pred_normal,1040,1040,0.0,0.026663038257587056,-0.3737353644723715,0.99971531131625,-1.852502578832725,-1.2413075893836198,-0.3737353644723715,-0.3737353644723715,0.5248136045435084,2.1921219633099454,2.8456538220574275,train_oof,0.12060301142481507
Base_LR_SMOTE,Base,supervised,LR,SMOTE,546,TP,28,28,0.0,-0.025113484231938217,-0.1187580286884006,0.8441611418892212,-1.2355794226072458,-1.2109920281936932,-0.5961670905094523,-0.1187580286884006,0.32987150579961366,1.2719935282244428,1.8238091290751137,train_oof,0.12060301142481507
Base_LR_SMOTE,Base,supervised,LR,SMOTE,546,FP,185,185,0.0,0.022424525882094568,-0.1177392843580277,1.0513937220823246,-1.2935230532580368,-1.2102407042500434,-0.6014870466925072,-0.1177392843580277,0.584430245351569,1.404010059136655,2.633461279360703,train_oof,0.12060301142481507
Base_LR_SMOTE,Base,supervised,LR,SMOTE,546,TN,985,985,0.0,0.03874608697861472,-0.1014710574947624,0.9108513004034879,-1.4166179306970073,-1.2198678381720682,-0.5838148155036798,-0.1014710574947624,0.6106715183841082,1.568129770759747,2.8251482125636995,train_oof,0.12060301142481507
Base_LR_SMOTE,Base,supervised,LR,SMOTE,546,FN,55,55,0.0,-0.0947881295202888,-0.2089169019264122,0.8465744400730725,-1.315889585031376,-1.1546682010281955,-0.6744830609068774,-0.2089169019264122,0.4410281612659809,1.4331461469853233,1.983094898850586,train_oof,0.12060301142481507
Base_LR_SMOTE,Base,supervised,LR,SMOTE,546,pred_anomaly,213,213,0.0,0.01617539779198697,-0.1177392843580277,1.024912022652083,-1.2902834462874506,-1.2210393941519972,-0.6014870466925072,-0.1177392843580277,0.5823927566908231,1.4019725704759092,2.0779298085650084,train_oof,0.12060301142481507
Base_LR_SMOTE,Base,supervised,LR,SMOTE,546,pred_normal,1040,1040,0.0,0.031684181298384254,-0.10219915087949169,0.9076753871646104,-1.411758520241128,-1.2154745032473344,-0.5923148739769173,-0.10219915087949169,0.6023856141743935,1.5576876413734235,2.8101522960206062,train_oof,0.12060301142481507
Base_LR_SMOTE,Base,supervised,LR,SMOTE,547,TP,28,28,0.0,0.30296553584921976,0.3685695259070086,0.8944590525067498,-1.5385681657412353,-0.6655791306100493,-0.4503329381437576,0.3685695259070086,0.7307982208255439,1.8393709618029337,1.8922226388391554,train_oof,0.12060301142481507
Base_LR_SMOTE,Base,supervised,LR,SMOTE,547,FP,185,185,0.0,0.20560701144072965,0.2611470136559703,0.886244066258798,-1.898492395983189,-1.0343263391088808,-0.5185033740540844,0.2611470136559703,0.8135626149982744,1.661148368150017,1.9868620095201888,train_oof,0.12060301142481507
Base_LR_SMOTE,Base,supervised,LR,SMOTE,547,TN,985,985,0.0,-0.022602339051451977,-0.0545559521449752,0.9412423992502008,-2.529515562044158,-1.5876038655029427,-0.5185033740540844,-0.0545559521449752,0.6517609729162843,1.3626088729565196,1.9943059076942968,train_oof,0.12060301142481507
Base_LR_SMOTE,Base,supervised,LR,SMOTE,547,FN,55,55,0.0,0.1780024456460786,0.2376399667903394,0.7055684612082359,-0.9096527982158805,-0.8651539584992468,-0.5185033740540844,0.2376399667903394,0.7242358369088882,1.2254452544955585,1.5296264409368139,train_oof,0.12060301142481507
Base_LR_SMOTE,Base,supervised,LR,SMOTE,547,pred_anomaly,213,213,0.0,0.21840531511884104,0.2611470136559703,0.885818312692298,-1.8506947340230702,-0.9627082029916048,-0.5185033740540844,0.2611470136559703,0.7861377269883755,1.6844987013698685,1.9755472842955293,train_oof,0.12060301142481507
Base_LR_SMOTE,Base,supervised,LR,SMOTE,547,pred_normal,1040,1040,0.0,-0.011993432168409474,-0.0348458847937479,0.9310912299160713,-2.4744150441911206,-1.5614718650706483,-0.5185033740540844,-0.0348458847937479,0.6535659946480412,1.354381406553543,1.9153457372726248,train_oof,0.12060301142481507
Base_LR_SMOTE,Base,supervised,LR,SMOTE,548,TP,28,28,0.0,0.07124850185314595,-0.3798559745238552,1.0755936484224413,-1.27165543214166,-1.169726889057721,-0.7004670069830294,-0.3798559745238552,1.3558890403657657,1.8158229091143046,1.8710197559350679,train_oof,0.12060301142481507
Base_LR_SMOTE,Base,supervised,LR,SMOTE,548,FP,185,185,0.0,0.17146526902108938,-0.251503160320059,0.9896213907127835,-1.0758988254974655,-0.8777808244533818,-0.6819345446041284,-0.251503160320059,0.8891400080327275,1.9818379027472006,2.2016926886976327,train_oof,0.12060301142481507
Base_LR_SMOTE,Base,supervised,LR,SMOTE,548,TN,985,985,0.0,0.007887595092443219,-0.2909593705461002,0.9012070239253475,-1.2298258710883863,-1.0247253164770258,-0.7004670069830294,-0.2909593705461002,0.4819539317653626,1.8464911452445454,2.2155143187040878,train_oof,0.12060301142481507
Base_LR_SMOTE,Base,supervised,LR,SMOTE,548,FN,55,55,0.0,0.05926518440892858,-0.3310134021392013,0.9904356765451867,-1.1502558471325388,-1.085822660190682,-0.7004670069830294,-0.3310134021392013,0.6879734164717393,1.8547410801099884,2.181665672901083,train_oof,0.12060301142481507
Base_LR_SMOTE,Base,supervised,LR,SMOTE,548,pred_anomaly,213,213,0.0,0.15829123390042077,-0.2772094791036905,0.9992475593696045,-1.1908240051013115,-0.9661388225050273,-0.6891084010088632,-0.2772094791036905,1.0379737838233258,1.9448925422628218,2.1894014813908544,train_oof,0.12060301142481507
Base_LR_SMOTE,Base,supervised,LR,SMOTE,548,pred_normal,1040,1040,0.0,0.010604679142834268,-0.29242455295856334,0.9057026106246179,-1.2260416618348893,-1.0318991728817606,-0.7004670069830294,-0.29242455295856334,0.48919751346877766,1.850018291310207,2.2149344319780395,train_oof,0.12060301142481507
Base_LR_SMOTE,Base,supervised,LR,SMOTE,551,TP,28,28,0.0,0.5900464045176694,0.0513407536392479,3.0407614788661106,-0.6556874335135904,-0.5757498800972811,-0.21929836197335928,0.0513407536392479,0.18170959591605262,0.8464256676767732,11.918931982792476,train_oof,0.12060301142481507
Base_LR_SMOTE,Base,supervised,LR,SMOTE,551,FP,185,185,0.0,-0.014706202813862567,-0.0083483957938572,0.25658912570493025,-0.5765419945820011,-0.43448946365557883,-0.1730916836980361,-0.0083483957938572,0.1041483859539029,0.46720085811715606,0.6066130074278461,train_oof,0.12060301142481507
Base_LR_SMOTE,Base,supervised,LR,SMOTE,551,TN,985,985,0.0,-0.022462155402935294,-0.0542745109900623,0.8536438628369883,-0.5997773528004493,-0.4437307993106435,-0.2325002700520231,-0.0542745109900623,0.0583229935494336,0.4209941798418334,0.7365197829218966,train_oof,0.12060301142481507
Base_LR_SMOTE,Base,supervised,LR,SMOTE,551,FN,55,55,0.0,0.02552435022823615,-0.0306062462366187,0.9569417107688076,-0.6010975436083157,-0.5711292122697489,-0.2629971083292716,-0.0306062462366187,0.0513407536392479,0.4229744660536325,3.439478442947523,train_oof,0.12060301142481507
Base_LR_SMOTE,Base,supervised,LR,SMOTE,551,pred_anomaly,213,213,0.0,0.06479179251610409,0.0051340753639247,1.1299035334786545,-0.6211644438878845,-0.45033175334997533,-0.1730916836980361,0.0051340753639247,0.1305522021112305,0.5028460099295479,0.7571147595246129,train_oof,0.12060301142481507
Base_LR_SMOTE,Base,supervised,LR,SMOTE,551,pred_normal,1040,1040,0.0,-0.01992440750897911,-0.0542745109900623,0.8589775530522004,-0.6076324881072542,-0.4569327073893072,-0.239101224091355,-0.0542745109900623,0.0579417076785798,0.4209941798418334,0.7513719295103911,train_oof,0.12060301142481507
Base_LR_SMOTE,Base,supervised,LR,SMOTE,552,TP,28,28,0.0,0.03271582501062839,-0.09577884571136694,0.6775785210841774,-0.8412986633150465,-0.750764212134292,-0.33700158313305034,-0.09577884571136694,0.18618330517322218,1.08740415996106,1.9308762689963184,train_oof,0.12060301142481507
Base_LR_SMOTE,Base,supervised,LR,SMOTE,552,FP,185,185,0.0,0.08969260969573843,-0.196351686442169,1.0644059972650473,-0.8250847948630915,-0.6814341317731724,-0.5206290554812713,-0.196351686442169,0.358499526166944,1.3682975447801402,5.034508997804078,train_oof,0.12060301142481507
Base_LR_SMOTE,Base,supervised,LR,SMOTE,552,TN,985,985,0.0,0.027581372879014406,-0.1580981872806299,0.8959126828044399,-0.8580600130394054,-0.7877016505448607,-0.5901170631325074,-0.1580981872806299,0.362009021502865,1.2785403286129542,3.6108471198343537,train_oof,0.12060301142481507
Base_LR_SMOTE,Base,supervised,LR,SMOTE,552,FN,55,55,0.0,0.03891979989030585,-0.0731684001513413,1.1788598522774512,-0.7704559904641449,-0.7068779729585997,-0.49044739559235045,-0.0731684001513413,0.19916843791612984,0.7925890042670133,4.407979852454121,train_oof,0.12060301142481507
Base_LR_SMOTE,Base,supervised,LR,SMOTE,552,pred_anomaly,213,213,0.0,0.08220270372774274,-0.1798925204559634,1.0208663862811445,-0.8369609270798481,-0.7067726880985221,-0.5041344274024424,-0.1798925204559634,0.3563938289653914,1.3619223479411227,4.771788176957024,train_oof,0.12060301142481507
Base_LR_SMOTE,Base,supervised,LR,SMOTE,552,pred_normal,1040,1040,0.0,0.028181001230573086,-0.15388679287752471,0.9123619250431871,-0.8566597244003729,-0.7877016505448607,-0.5879236285475568,-0.15388679287752471,0.34175551487936534,1.2516608337217483,3.6831778187076747,train_oof,0.12060301142481507
Base_LR_SMOTE,Base,supervised,LR,SMOTE,553,TP,28,28,0.0,0.6368124712002091,0.07105532945723475,2.5156474858184024,-0.9614432115481982,-0.7161556815164631,-0.2658049375000843,0.07105532945723475,0.5708204680722846,1.5133293640673995,9.971880857082692,train_oof,0.12060301142481507
Base_LR_SMOTE,Base,supervised,LR,SMOTE,553,FP,185,185,0.0,-0.0066795759297724475,-0.0362349206766773,0.6191977267729492,-1.5334088262724974,-1.0035656653836298,-0.4309161464865074,-0.0362349206766773,0.4487539998892947,1.106536182589521,1.341775385661373,train_oof,0.12060301142481507
Base_LR_SMOTE,Base,supervised,LR,SMOTE,553,TN,985,985,0.0,-0.026888819739179295,-0.1046942720851995,0.8847389871158698,-1.605232808499663,-0.9563094616808873,-0.4309161464865074,-0.1046942720851995,0.2718836985667098,1.032094043255193,1.4541007943473152,train_oof,0.12060301142481507
Base_LR_SMOTE,Base,supervised,LR,SMOTE,553,FN,55,55,0.0,-0.015902429145300594,-0.1168819902162101,0.7080837282567829,-1.455312672483993,-0.8729259242936542,-0.48387935389650677,-0.1168819902162101,0.27643557590663803,1.222999913725081,1.7040301058432608,train_oof,0.12060301142481507
Base_LR_SMOTE,Base,supervised,LR,SMOTE,553,pred_anomaly,213,213,0.0,0.07791092791830023,-0.015922218711656,1.0891529006473752,-1.4768562922952346,-0.997590547408247,-0.4309161464865074,-0.015922218711656,0.4636492370074143,1.203295642908826,1.609549191224824,train_oof,0.12060301142481507
Base_LR_SMOTE,Base,supervised,LR,SMOTE,553,pred_normal,1040,1040,0.0,-0.026307808698156864,-0.1059062674307107,0.8760088709715496,-1.6058839431508265,-0.9461594215303973,-0.4309161464865074,-0.1059062674307107,0.272052418973569,1.0503151740326877,1.4744110885251756,train_oof,0.12060301142481507
Base_LR_SMOTE,Base,supervised,LR,SMOTE,555,TP,28,28,0.0,0.18145696921547708,0.06859788516087084,0.9018398537554281,-1.2369929734078096,-0.8726873070357689,-0.3770002641556792,0.06859788516087084,0.6645618655705361,1.7979369767504192,2.6300795964189714,train_oof,0.12060301142481507
Base_LR_SMOTE,Base,supervised,LR,SMOTE,555,FP,185,185,0.0,0.12483187454181911,-0.0022182934657631,0.9556737161331302,-1.1881006504706715,-1.0544688096438943,-0.502721964166942,-0.0022182934657631,0.4904288098106609,1.7133389883178585,4.247698549526232,train_oof,0.12060301142481507
Base_LR_SMOTE,Base,supervised,LR,SMOTE,555,TN,985,985,0.0,0.02420295395704102,-0.0142743004697673,0.9194004220166297,-1.2523109159631391,-1.1820939500860053,-0.7278397364728515,-0.0142743004697673,0.4791209148906423,1.4827109114505095,3.5411101903700537,train_oof,0.12060301142481507
Base_LR_SMOTE,Base,supervised,LR,SMOTE,555,FN,55,55,0.0,0.13129946470101025,0.0227669814878637,1.1048917882622675,-1.0958914141930152,-0.9888332376717145,-0.35571933020669977,0.0227669814878637,0.47743696743022124,0.9136338689611834,3.890793630614025,train_oof,0.12060301142481507
Base_LR_SMOTE,Base,supervised,LR,SMOTE,555,pred_anomaly,213,213,0.0,0.13227554895901358,0.0151940848161443,0.9469089232059907,-1.2151308022016696,-1.03846421700107,-0.502721964166942,0.0151940848161443,0.5276091460589957,1.7459449946192076,4.0667800178462095,train_oof,0.12060301142481507
Base_LR_SMOTE,Base,supervised,LR,SMOTE,555,pred_normal,1040,1040,0.0,0.029866711736770163,-0.0085531713548984,0.9298246642738184,-1.2473846952280983,-1.1506537749579158,-0.70552152281492,-0.0085531713548984,0.47984260665939404,1.4770560800035997,3.63707558895904,train_oof,0.12060301142481507
Base_LR_SMOTE,Base,supervised,LR,SMOTE,558,TP,28,28,0.0,0.4875270279434173,-0.13272648749727825,1.6282510217818493,-0.7623166210610147,-0.6785359435198199,-0.3051564533810935,-0.13272648749727825,0.17454490499464162,3.8060751138127458,5.581280394412867,train_oof,0.12060301142481507
Base_LR_SMOTE,Base,supervised,LR,SMOTE,558,FP,185,185,0.0,-0.021283160627077868,-0.2920302968086232,1.039411539007492,-1.064086960662109,-0.7614693873186096,-0.4841494975511445,-0.2920302968086232,-0.0593393393875575,2.847507697934069,4.31644394708962,train_oof,0.12060301142481507
Base_LR_SMOTE,Base,supervised,LR,SMOTE,558,TN,985,985,0.0,-0.009223096342027982,-0.2490719662078104,0.950674410168067,-0.9130168313825859,-0.7693450812620926,-0.4769897757843419,-0.2490719662078104,0.1053342612488896,1.4310760750683995,4.1625099291033765,train_oof,0.12060301142481507
Base_LR_SMOTE,Base,supervised,LR,SMOTE,558,FN,55,55,0.0,-0.004708492694201045,-0.2204330791406027,1.2591863398197383,-0.9375985427819394,-0.7953587370148061,-0.5175615324628876,-0.2204330791406027,-0.03070045232034855,0.8227383822824514,6.050743350662076,train_oof,0.12060301142481507
Base_LR_SMOTE,Base,supervised,LR,SMOTE,558,pred_anomaly,213,213,0.0,0.04560268575777599,-0.2753242793527523,1.1423817441679094,-1.0506266837405214,-0.7595601281807962,-0.4757964888232083,-0.2753242793527523,-0.0008682782920073,2.9818718097577124,4.31644394708962,train_oof,0.12060301142481507
Base_LR_SMOTE,Base,supervised,LR,SMOTE,558,pred_normal,1040,1040,0.0,-0.008984343264498668,-0.2484753227272436,0.9686829113072584,-0.9210715183702385,-0.7693450812620926,-0.4769897757843419,-0.2484753227272436,0.1053342612488896,1.4310760750683995,4.1625099291033765,train_oof,0.12060301142481507
Base_LR_SMOTE,Base,supervised,LR,SMOTE,560,TP,28,28,0.0,0.40824846147849797,0.0890887679887066,1.3169295583565304,-0.9800330620972669,-0.953633503997275,-0.5432750761492272,0.0890887679887066,0.9695763126859253,3.3380024212228694,3.9373768632297645,train_oof,0.12060301142481507
Base_LR_SMOTE,Base,supervised,LR,SMOTE,560,FP,185,185,0.0,-0.002971396565010564,-0.2665217178331021,0.9161439851523212,-1.0219428628557017,-0.8571967620794962,-0.6603050806640316,-0.2665217178331021,0.3161169312534773,1.6417203128649427,3.7456485657044793,train_oof,0.12060301142481507
Base_LR_SMOTE,Base,supervised,LR,SMOTE,560,TN,985,985,0.0,-0.008797997833129944,-0.2825945081527318,1.0148825050675527,-1.0067540760036513,-0.9114424294082468,-0.7085234516229209,-0.2825945081527318,0.3060714373037087,1.991705322074881,3.689393799585776,train_oof,0.12060301142481507
Base_LR_SMOTE,Base,supervised,LR,SMOTE,560,FN,55,55,0.0,-0.02480886886721526,-0.3087127924221302,0.7838366627460258,-0.9850558090721513,-0.92128701347902,-0.642223191554448,-0.3087127924221302,0.4436947044155386,1.5611554513877985,1.6260091603275049,train_oof,0.12060301142481507
Base_LR_SMOTE,Base,supervised,LR,SMOTE,560,pred_anomaly,213,213,0.0,0.05108567397592012,-0.2142851492943052,0.9842473060538511,-1.0219428628557017,-0.8845205056228668,-0.6482504879243092,-0.2142851492943052,0.3703625985822277,1.6710531551982655,3.998795013238648,train_oof,0.12060301142481507
Base_LR_SMOTE,Base,supervised,LR,SMOTE,560,pred_normal,1040,1040,0.0,-0.009644726589740223,-0.2825945081527318,1.0036975260213852,-1.014890926102964,-0.9114424294082468,-0.7045052540430135,-0.2825945081527318,0.3221442276233384,1.9016976962849506,3.689393799585776,train_oof,0.12060301142481507
Base_LR_SMOTE,Base,supervised,LR,SMOTE,561,TP,28,28,0.0,0.28473451145134177,0.1816382392108958,1.0368560091679935,-1.2914766500753432,-1.2028606618748114,-0.5183154915171079,0.1816382392108958,1.1631037718674393,1.887633858923517,2.00745891534448,train_oof,0.12060301142481507
Base_LR_SMOTE,Base,supervised,LR,SMOTE,561,FP,185,185,0.0,0.03856947917435656,0.0169088844342699,0.9600242617906892,-1.2540376342625823,-1.0917524481776186,-0.8454891478037919,0.0169088844342699,0.7113433326568714,1.7474108215641906,2.7244401058375343,train_oof,0.12060301142481507
Base_LR_SMOTE,Base,supervised,LR,SMOTE,561,TN,985,985,0.0,-0.017575491298019493,-0.1999196848201034,1.0021910043995799,-1.2723842593347294,-1.1581060683106714,-0.88951360600465,-0.1999196848201034,0.5721416735446252,1.8801494306088664,2.7244401058375343,train_oof,0.12060301142481507
Base_LR_SMOTE,Base,supervised,LR,SMOTE,561,FN,55,55,0.0,0.05060455769868967,-0.3769423557503596,1.075129008533999,-1.2255350967076868,-1.1715324463799135,-0.7710748332601056,-0.3769423557503596,0.69794940504822,1.9345867007721431,3.1341053208134397,train_oof,0.12060301142481507
Base_LR_SMOTE,Base,supervised,LR,SMOTE,561,pred_anomaly,213,213,0.0,0.07092920172719967,0.0290074978243583,0.9714887200183472,-1.2625188866424664,-1.129264098938001,-0.8000098272864681,0.0290074978243583,0.7113433326568714,1.835994088883626,2.671251204893162,train_oof,0.12060301142481507
Base_LR_SMOTE,Base,supervised,LR,SMOTE,561,pred_normal,1040,1040,0.0,-0.013969815629924298,-0.1999196848201034,1.0057474376461513,-1.2639324287057805,-1.1583929844663907,-0.8887347949504824,-0.1999196848201034,0.5733180027410241,1.880725155863839,2.7244401058375343,train_oof,0.12060301142481507
Base_LR_SMOTE,Base,supervised,LR,SMOTE,562,TP,28,28,0.0,-0.3076893312773129,0.0818746857997669,1.1561414432570651,-2.586669737375875,-2.499116184574012,-0.47695862602942385,0.0818746857997669,0.21482667150987564,0.9690294356886231,1.840905637503651,train_oof,0.12060301142481507
Base_LR_SMOTE,Base,supervised,LR,SMOTE,562,FP,185,185,0.0,-0.1887272704969889,0.1050852931649826,0.8650438039124557,-2.1198737919324957,-1.797206543225142,-0.6186618074236904,0.1050852931649826,0.2015115996973538,1.0765171746090128,1.6336780740867118,train_oof,0.12060301142481507
Base_LR_SMOTE,Base,supervised,LR,SMOTE,562,TN,985,985,0.0,0.015784644664395265,0.1887927251301679,0.9247917487586109,-2.0785374495891444,-1.7899991809704014,-0.3173124920224183,0.1887927251301679,0.3125367756067463,1.3550605276303755,2.6261954509370313,train_oof,0.12060301142481507
Base_LR_SMOTE,Base,supervised,LR,SMOTE,562,FN,55,55,0.0,-0.18409910354849393,-0.0002208576750326,0.8611278383166967,-2.42818991050321,-2.044350174658762,-0.25477221713826526,-0.0002208576750326,0.1887927251301679,0.9259045016092597,1.3194688769665384,train_oof,0.12060301142481507
Base_LR_SMOTE,Base,supervised,LR,SMOTE,562,pred_anomaly,213,213,0.0,-0.2043654756699892,0.0920762831088671,0.9062711580735283,-2.4895796784141595,-1.949833038031367,-0.6186618074236904,0.0920762831088671,0.2015115996973538,1.0610425438856046,1.6704992159587162,train_oof,0.12060301142481507
Base_LR_SMOTE,Base,supervised,LR,SMOTE,562,pred_normal,1040,1040,0.0,0.005213869518521317,0.1887927251301679,0.9222312549858743,-2.0901434226316997,-1.8137145825071348,-0.3114955651403719,0.1887927251301679,0.3097470540187274,1.3348163189442739,2.611823122676111,train_oof,0.12060301142481507
Base_LR_SMOTE,Base,supervised,LR,SMOTE,563,TP,28,28,0.0,-0.0828125253370866,-0.0968072849716164,0.6270333134211007,-1.019597563481159,-0.9210746379817368,-0.5416466977337334,-0.0968072849716164,0.4800970628031713,0.7904820130959288,0.909858717154124,train_oof,0.12060301142481507
Base_LR_SMOTE,Base,supervised,LR,SMOTE,563,FP,185,185,0.0,0.07176161628173267,0.0004819304765895,0.8546535979507776,-1.0329530957805593,-0.9210746379817368,-0.7115923272719825,0.0004819304765895,0.5449491668295249,1.5104105542327477,2.1688308446532854,train_oof,0.12060301142481507
Base_LR_SMOTE,Base,supervised,LR,SMOTE,563,TN,985,985,0.0,0.040590135055820036,-0.0293258291500953,0.9535546143761282,-1.21600585962132,-0.9210746379817368,-0.9210746379817368,-0.0293258291500953,0.6496286956799393,1.7667572870222328,2.5495090548189663,train_oof,0.12060301142481507
Base_LR_SMOTE,Base,supervised,LR,SMOTE,563,FN,55,55,0.0,0.012699165740906864,-0.0790054285279027,0.7237321436333299,-0.9210746379817368,-0.9210746379817368,-0.45408640383034793,-0.0790054285279027,0.31944650981340045,1.3403407256960536,1.9139910597115963,train_oof,0.12060301142481507
Base_LR_SMOTE,Base,supervised,LR,SMOTE,563,pred_anomaly,213,213,0.0,0.051442010810714194,-0.0011740561693372,0.8287189048354449,-1.0515663856807782,-0.9210746379817368,-0.7115923272719825,-0.0011740561693372,0.5449491668295249,1.4761316306620609,2.0093262109176084,train_oof,0.12060301142481507
Base_LR_SMOTE,Base,supervised,LR,SMOTE,563,pred_normal,1040,1040,0.0,0.03911513187089675,-0.03035412087612825,0.9425475002188045,-1.2085125200485007,-0.9210746379817368,-0.9210746379817368,-0.03035412087612825,0.6388647824814138,1.7487484322477775,2.5299518525305658,train_oof,0.12060301142481507
Base_LR_SMOTE,Base,supervised,LR,SMOTE,566,TP,28,28,0.0,0.008655501111717983,-0.2767599903698412,0.938996887138088,-1.5531831023996863,-1.2785847771236825,-0.5364148265097679,-0.2767599903698412,0.6548598326569828,1.5533730131722985,1.8697093801941118,train_oof,0.12060301142481507
Base_LR_SMOTE,Base,supervised,LR,SMOTE,566,FP,185,185,0.0,0.12442617633619149,-0.1577368616874274,1.2265219710172843,-1.517163406840435,-1.1725666008544777,-0.5101915009115517,-0.1577368616874274,0.4794127320709077,1.9798900644360937,3.692033537684195,train_oof,0.12060301142481507
Base_LR_SMOTE,Base,supervised,LR,SMOTE,566,TN,985,985,0.0,-0.0325478958317705,-0.2794289651515542,0.849131634801784,-1.6981646315197285,-1.14029173857975,-0.5101915009115517,-0.2794289651515542,0.3320874783933273,1.713869258439933,2.6230293464632877,train_oof,0.12060301142481507
Base_LR_SMOTE,Base,supervised,LR,SMOTE,566,FN,55,55,0.0,0.08747514096452744,-0.0144875867979397,0.9070145545933415,-1.7679125074167255,-1.2659738493201604,-0.5101915009115517,-0.0144875867979397,0.5194804428325788,1.6965737293033,2.39597189331796,train_oof,0.12060301142481507
Base_LR_SMOTE,Base,supervised,LR,SMOTE,566,pred_anomaly,213,213,0.0,0.1092074960249931,-0.159154910641131,1.191427293596777,-1.5876289237927168,-1.1799708339645623,-0.5101915009115517,-0.159154910641131,0.5640797964877826,1.7717741584034092,3.393969489013157,train_oof,0.12060301142481507
Base_LR_SMOTE,Base,supervised,LR,SMOTE,566,pred_normal,1040,1040,0.0,-0.026200523693504757,-0.2685325628324168,0.852253433631669,-1.7031624888690355,-1.1526036492769034,-0.5101915009115517,-0.2685325628324168,0.337901699906054,1.716394291782603,2.5931589614280233,train_oof,0.12060301142481507
Base_LR_SMOTE,Base,supervised,LR,SMOTE,567,TP,28,28,0.0,0.09334313882624323,-0.10945117343066975,1.0281039275607609,-0.8539154779837728,-0.6947882572396106,-0.6661459767982116,-0.10945117343066975,0.4369688780394561,1.2530416359130478,3.50999140544029,train_oof,0.12060301142481507
Base_LR_SMOTE,Base,supervised,LR,SMOTE,567,FP,185,185,0.0,0.04850009517915084,-0.1459402347273956,0.8865778546619166,-1.1286336532011703,-0.7615170295111945,-0.6661459767982116,-0.1459402347273956,0.4516770761039585,1.5942718310095,2.9952354378102095,train_oof,0.12060301142481507
Base_LR_SMOTE,Base,supervised,LR,SMOTE,567,TN,985,985,0.0,-0.028915719932745707,-0.2636058192434135,0.9046268456519669,-1.2332940941654176,-0.8383093057216483,-0.6661459767982116,-0.2636058192434135,0.2848428969034668,1.7416634579295622,3.0590225704688936,train_oof,0.12060301142481507
Base_LR_SMOTE,Base,supervised,LR,SMOTE,567,FN,55,55,0.0,0.12027472708573102,-0.0620820279128063,1.1757514359987362,-1.1301199553213728,-0.9584520604380056,-0.6661459767982116,-0.0620820279128063,0.42690537410058604,2.292833827504596,4.224778866747595,train_oof,0.12060301142481507
Base_LR_SMOTE,Base,supervised,LR,SMOTE,567,pred_anomaly,213,213,0.0,0.05439495537689068,-0.1431456309126627,0.9039107247887023,-1.0752506353839033,-0.7602784444110258,-0.6661459767982116,-0.1431456309126627,0.4485806133535369,1.5880789055086568,4.090392383379292,train_oof,0.12060301142481507
Base_LR_SMOTE,Base,supervised,LR,SMOTE,567,pred_normal,1040,1040,0.0,-0.02102584052311473,-0.2511478045559182,0.9208653450779621,-1.231591039652686,-0.864319592825189,-0.6661459767982116,-0.2511478045559182,0.29853533966112034,1.8056054137257687,3.1203325329272307,train_oof,0.12060301142481507
Base_LR_SMOTE,Base,supervised,LR,SMOTE,570,TP,28,28,0.0,0.17052415129650053,0.1623336731214049,0.1412427566498855,-0.13296100402999628,-0.02920352213953739,0.08573636529131683,0.1623336731214049,0.2762361432599572,0.38404244424997463,0.42642756391811476,train_oof,0.12060301142481507
Base_LR_SMOTE,Base,supervised,LR,SMOTE,570,FP,185,185,0.0,0.024529280951195914,0.1053046386401117,1.0368411537579865,-2.115770588562418,-0.23259542001918876,0.0406581466846436,0.1053046386401117,0.2397971018392884,0.3793072828685207,0.4607615322570354,train_oof,0.12060301142481507
Base_LR_SMOTE,Base,supervised,LR,SMOTE,570,TN,985,985,0.0,-0.001821493974363991,0.1182207180160678,0.9632282510481135,-2.588325483990192,-0.3305758618182766,0.0184281695582679,0.1182207180160678,0.2157109546703944,0.37963555507782154,0.4870512892496974,train_oof,0.12060301142481507
Base_LR_SMOTE,Base,supervised,LR,SMOTE,570,FN,55,55,0.0,-0.13669857540945196,0.0978909743160041,1.6086215667493393,-6.050675045475091,-0.3160514689336758,0.0138703632966019,0.0978909743160041,0.1942300550685941,0.3097758140266832,0.32622434472330913,train_oof,0.12060301142481507
Base_LR_SMOTE,Base,supervised,LR,SMOTE,570,pred_anomaly,213,213,0.0,0.043721094893301726,0.1141668867066029,0.9685241446939574,-1.0476842998634488,-0.2000248682998853,0.0442162649263738,0.1141668867066029,0.2430027130106309,0.3818111846528756,0.45454639197224805,train_oof,0.12060301142481507
Base_LR_SMOTE,Base,supervised,LR,SMOTE,570,pred_normal,1040,1040,0.0,-0.008954416550258073,0.1157421526774007,1.007023067994442,-3.0810865804057053,-0.3305758618182766,0.0184281695582679,0.1157421526774007,0.2157109546703944,0.3783929676547034,0.4866511937248067,train_oof,0.12060301142481507
Base_LR_SMOTE,Base,supervised,LR,SMOTE,571,TP,28,28,0.0,-0.2256194176704695,0.37750370330049066,1.4704502479813983,-3.74809892986009,-3.704068747532096,-0.8232368180719268,0.37750370330049066,0.7317267019218607,1.0421922072057093,1.4323665223307311,train_oof,0.12060301142481507
Base_LR_SMOTE,Base,supervised,LR,SMOTE,571,FP,185,185,0.0,-0.01116114314610911,0.0710012780114829,1.1209006469192486,-3.6967897694131335,-2.201843278295331,-0.4383817561876867,0.0710012780114829,0.7058212478271495,1.4005600784822332,1.7810448448125304,train_oof,0.12060301142481507
Base_LR_SMOTE,Base,supervised,LR,SMOTE,571,TN,985,985,0.0,0.007852598334004146,0.0222808450473944,0.946479546801307,-3.6870165959946655,-1.6069449766845672,-0.434745902981411,0.0222808450473944,0.6730985689706721,1.2707601190182054,1.8692942738352456,train_oof,0.12060301142481507
Base_LR_SMOTE,Base,supervised,LR,SMOTE,571,FN,55,55,0.0,0.011769923960161596,0.3615059491928787,1.2204425376480332,-3.6870165959946655,-2.605350267127764,-0.38093527552853645,0.3615059491928787,0.857618119189143,1.3310425651782491,1.5479284806389848,train_oof,0.12060301142481507
Base_LR_SMOTE,Base,supervised,LR,SMOTE,571,pred_anomaly,213,213,0.0,-0.03935284120564945,0.1240847348231028,1.1709524938549178,-3.74809892986009,-2.655161456053735,-0.4521979983715322,0.1240847348231028,0.7087299303921694,1.396051620506452,1.7145378179633433,train_oof,0.12060301142481507
Base_LR_SMOTE,Base,supervised,LR,SMOTE,571,pred_normal,1040,1040,0.0,0.00805976459307977,0.0280982101774342,0.962193453149321,-3.6870165959946655,-1.6069449766845672,-0.434745902981411,0.0280982101774342,0.6749164955738104,1.283212916249699,1.8692942738352456,train_oof,0.12060301142481507
Base_LR_SMOTE,Base,supervised,LR,SMOTE,574,TP,28,28,0.0,-0.07862537547095354,-0.22658773422715878,0.7835281675611782,-0.2758474105840424,-0.2668553072173936,-0.24274906795209655,-0.22658773422715878,-0.2055447293001664,-0.17066114440379201,2.8143644615845114,train_oof,0.12060301142481507
Base_LR_SMOTE,Base,supervised,LR,SMOTE,574,FP,185,185,0.0,-0.10674788189102553,-0.2300811981073601,0.7242407753509489,-0.2791732570347207,-0.26681247547633363,-0.2456382983423451,-0.2300811981073601,-0.2088335951315546,-0.18370130621211633,4.934546734413021,train_oof,0.12060301142481507
Base_LR_SMOTE,Base,supervised,LR,SMOTE,574,TN,985,985,0.0,0.02812523563486621,-0.2248037157267605,1.0651468200641923,-0.2732773149073163,-0.26207344926905896,-0.2406667569693165,-0.2248037157267605,-0.2054911896238415,2.134441242843984,4.953217243311552,train_oof,0.12060301142481507
Base_LR_SMOTE,Base,supervised,LR,SMOTE,574,FN,55,55,0.0,-0.10460888067848569,-0.219545354659134,0.6065132409166754,-0.2791732570347207,-0.265764627525403,-0.239116018487191,-0.219545354659134,-0.19807212019024484,-0.18024914436793715,2.964532928166916,train_oof,0.12060301142481507
Base_LR_SMOTE,Base,supervised,LR,SMOTE,574,pred_anomaly,213,213,0.0,-0.10305102658697848,-0.2297178931608695,0.7304286701221216,-0.2791732570347207,-0.2668553072173936,-0.2456038799789934,-0.2297178931608695,-0.2086270849514442,-0.1807979260502677,4.810258047116796,train_oof,0.12060301142481507
Base_LR_SMOTE,Base,supervised,LR,SMOTE,574,pred_normal,1040,1040,0.0,0.021105642945217787,-0.2244863019314056,1.046175148465961,-0.2737045615243892,-0.2621820583267467,-0.2405826231922345,-0.2244863019314056,-0.2054605955230844,2.113202244459016,4.953217243311552,train_oof,0.12060301142481507
Base_LR_SMOTE,Base,supervised,LR,SMOTE,577,TP,28,28,0.0,-0.06636872654783675,-0.22200475747645987,0.7774618326606131,-0.6722951205173041,-0.6150405967502546,-0.4014773271775772,-0.22200475747645987,-0.014296854494179223,0.5070636244490103,2.7617646018202078,train_oof,0.12060301142481507
Base_LR_SMOTE,Base,supervised,LR,SMOTE,577,FP,185,185,0.0,-0.0971060962433006,-0.2195732715529488,0.7423506236959709,-0.8746108272570935,-0.7121527189083632,-0.3837738128110357,-0.2195732715529488,-0.0054916281897379,0.7176956466591716,4.154011582009815,train_oof,0.12060301142481507
Base_LR_SMOTE,Base,supervised,LR,SMOTE,577,TN,985,985,0.0,0.03102509390823174,-0.2187099752478586,1.0683539579747412,-0.7716472985833824,-0.6657469784424466,-0.3927156616958698,-0.2187099752478586,0.0587249446696373,1.8870154436197097,6.359077219517601,train_oof,0.12060301142481507
Base_LR_SMOTE,Base,supervised,LR,SMOTE,577,FN,55,55,0.0,-0.19521391547742503,-0.2326177579243586,0.36642428575472685,-0.8738859751668011,-0.7435450238152971,-0.41458715478308794,-0.2326177579243586,-0.0322815341710941,0.5266679747166684,0.7382544541536806,train_oof,0.12060301142481507
Base_LR_SMOTE,Base,supervised,LR,SMOTE,577,pred_anomaly,213,213,0.0,-0.09306550304389691,-0.2195732715529488,0.745244613954593,-0.8638061591891655,-0.6916743801336714,-0.385136078540169,-0.2195732715529488,-0.0054916281897379,0.6399482902436832,4.084336442054398,train_oof,0.12060301142481507
Base_LR_SMOTE,Base,supervised,LR,SMOTE,577,pred_normal,1040,1040,0.0,0.019060530911874887,-0.21914162340040372,1.0442724992077692,-0.7852483338663399,-0.6704911480456491,-0.3927770428551767,-0.21914162340040372,0.041969868216256825,1.356339680738628,6.178394450959394,train_oof,0.12060301142481507
Base_LR_SMOTE,Base,supervised,LR,SMOTE,582,TP,28,28,0.0,0.28509239862215346,0.3183346211040398,1.3094668693815852,-2.2452197903189544,-1.8614973099021603,-0.6049413000866024,0.3183346211040398,1.249116850597053,2.390075712556222,2.5435046542565285,train_oof,0.12060301142481507
Base_LR_SMOTE,Base,supervised,LR,SMOTE,582,FP,185,185,0.0,0.11497452806921747,0.0180822890095212,1.0915454406862617,-2.1413324834142418,-1.4711692781792893,-0.582422375179516,0.0180822890095212,0.9188392852930772,1.8075861882928526,2.1690899961346517,train_oof,0.12060301142481507
Base_LR_SMOTE,Base,supervised,LR,SMOTE,582,TN,985,985,0.0,-0.042571084499052045,-0.0119429441999272,0.9678550413641555,-2.2386142390128665,-1.6633307707197795,-0.6724980748078616,-0.0119429441999272,0.6185869531985585,1.5193439494821144,2.3792666286008166,train_oof,0.12060301142481507
Base_LR_SMOTE,Base,supervised,LR,SMOTE,582,FN,55,55,0.0,0.24026901475947005,0.3183346211040398,1.012163300475714,-2.594113000212784,-1.2399749824665054,-0.2221195766660836,0.3183346211040398,0.9188392852930771,1.6844827321341,2.3114096015474668,train_oof,0.12060301142481507
Base_LR_SMOTE,Base,supervised,LR,SMOTE,582,pred_anomaly,213,213,0.0,0.13733744063016678,0.1081579886378668,1.1206289126511255,-2.2722425002074607,-1.5192096513144102,-0.582422375179516,0.1081579886378668,0.9488645185025256,1.8496215147860813,2.390075712556222,train_oof,0.12060301142481507
Base_LR_SMOTE,Base,supervised,LR,SMOTE,582,pred_normal,1040,1040,0.0,-0.027613194634418674,-0.0119429441999272,0.9718087594187869,-2.2821508271665807,-1.6633307707197795,-0.6724980748078616,-0.0119429441999272,0.6185869531985585,1.5208452111425854,2.360050479346773,train_oof,0.12060301142481507
Base_LR_SMOTE,Base,supervised,LR,SMOTE,585,TP,28,28,0.0,0.08308558546234844,-0.01980857770343585,0.5645054895482046,-0.42314510295082836,-0.3826556862004666,-0.2503523512811646,-0.019808577703435852,0.13207099607720252,1.264512325125984,1.9488143735345829,train_oof,0.12060301142481507
Base_LR_SMOTE,Base,supervised,LR,SMOTE,585,FP,185,185,0.0,0.1538176134293131,-0.0977422566895624,2.4601201207051457,-0.4800896298835894,-0.39294141921883846,-0.2479373354237427,-0.0977422566895624,0.10309080578814,0.5887616673869053,1.7640194227716561,train_oof,0.12060301142481507
Base_LR_SMOTE,Base,supervised,LR,SMOTE,585,TN,985,985,0.0,-0.032038419912118296,-0.0916574480523571,0.33707518605163217,-0.5124044328156401,-0.414599212673298,-0.2397898797908747,-0.0916574480523571,0.0893398258170545,0.5682795827199737,1.2786180803803224,train_oof,0.12060301142481507
Base_LR_SMOTE,Base,supervised,LR,SMOTE,585,FN,55,55,0.0,0.012029941285980053,-0.1532618383228197,0.47947886866581974,-0.4117768240342327,-0.3904456163540865,-0.28042402560543206,-0.1532618383228197,0.1288738932339252,1.025516855483527,1.7538567610240265,train_oof,0.12060301142481507
Base_LR_SMOTE,Base,supervised,LR,SMOTE,585,pred_anomaly,213,213,0.0,0.1445195064665197,-0.0913480510030076,2.3008702304662565,-0.47765845662470147,-0.3922538702202842,-0.2479373354237427,-0.0913480510030076,0.1086599526764296,0.7154219439005721,1.8952780269876548,train_oof,0.12060301142481507
Base_LR_SMOTE,Base,supervised,LR,SMOTE,585,pred_normal,1040,1040,0.0,-0.02970788157952656,-0.09365134014816445,0.3459062497563567,-0.5113576394653412,-0.41000466649045914,-0.2413540537625857,-0.09365134014816445,0.09020785642772927,0.5729411649301716,1.5114524234467082,train_oof,0.12060301142481507
Base_LR_SMOTE,Base,supervised,LR,SMOTE,586,TP,28,28,0.0,-0.018811983576103666,1.974172480634362e-05,1.056212770495923,-2.0190001467556247,-1.6848311812909782,-0.5272685667006713,1.974172480634362e-05,0.519069170331136,1.4797225572438022,2.4220856309579624,train_oof,0.12060301142481507
Base_LR_SMOTE,Base,supervised,LR,SMOTE,586,FP,185,185,0.0,0.0026472763698318427,-0.0823690564666746,1.0760439788199936,-2.0850759629051923,-1.3824642919282433,-0.6426128841687447,-0.0823690564666746,0.4943525308736916,1.6428523776629333,2.7887157829100424,train_oof,0.12060301142481507
Base_LR_SMOTE,Base,supervised,LR,SMOTE,586,TN,985,985,0.0,-0.009025859250784736,-0.0823690564666746,0.9919421458441384,-1.9031614964984025,-1.3593954284346286,-0.6838072832644851,-0.0823690564666746,0.4778747712353954,1.6642734651927202,2.711599867802824,train_oof,0.12060301142481507
Base_LR_SMOTE,Base,supervised,LR,SMOTE,586,FN,55,55,0.0,0.15595926702904536,0.1071251793737314,0.8532945106294364,-1.279807849381658,-0.9532186533506278,-0.490193607514505,0.1071251793737314,0.6302940478896353,1.5892996588384722,2.383033340615201,train_oof,0.12060301142481507
Base_LR_SMOTE,Base,supervised,LR,SMOTE,586,pred_anomaly,213,213,0.0,-0.00017365920991555857,-0.0823690564666746,1.071016541938588,-2.0679390928813643,-1.387407619819732,-0.6426128841687447,-0.0823690564666746,0.5108302905119879,1.6642734651927202,2.660848368116872,train_oof,0.12060301142481507
Base_LR_SMOTE,Base,supervised,LR,SMOTE,586,pred_normal,1040,1040,0.0,-0.00030068430329371643,-0.0782496165571006,0.9854289659583629,-1.896735170239467,-1.3593954284346286,-0.6755684034453371,-0.0782496165571006,0.48817337100933056,1.6642734651927202,2.7375523392331362,train_oof,0.12060301142481507
Base_LR_SMOTE,Base,supervised,LR,SMOTE,588,TP,28,28,0.0,0.16816246710352095,0.0430020772038354,0.7808901735727262,-1.1498991448047755,-0.7867376840723151,-0.32634377926484437,0.0430020772038354,0.5326000729878995,1.7437109046642685,1.9192790280647294,train_oof,0.12060301142481507
Base_LR_SMOTE,Base,supervised,LR,SMOTE,588,FP,185,185,0.0,-0.00259159106168931,-0.2833965866522073,1.087085177458911,-1.3306209313187527,-1.0736249307247316,-0.6956896357335244,-0.2833965866522073,0.3694007410598782,1.8605272685706402,3.0025790145258604,train_oof,0.12060301142481507
Base_LR_SMOTE,Base,supervised,LR,SMOTE,588,TN,985,985,0.0,-0.00916168128501552,-0.2490388325620975,0.9860963135360004,-1.2454137011752804,-1.1079826848148415,-0.6613318816434146,-0.2490388325620975,0.3694007410598782,1.7780686587543784,3.358525346899427,train_oof,0.12060301142481507
Base_LR_SMOTE,Base,supervised,LR,SMOTE,588,FN,55,55,0.0,0.09578808121500407,-0.0085345539313291,1.055046921015204,-1.2454137011752804,-1.1251615618598962,-0.7644051439137439,-0.0085345539313291,0.6099050196906466,1.7540182308913013,3.2870612183919987,train_oof,0.12060301142481507
Base_LR_SMOTE,Base,supervised,LR,SMOTE,588,pred_anomaly,213,213,0.0,0.019854951795709203,-0.2490388325620975,1.051988593699266,-1.310006278864687,-1.0736249307247316,-0.6956896357335244,-0.2490388325620975,0.4037584951499878,1.819297963662508,2.922869025036803,train_oof,0.12060301142481507
Base_LR_SMOTE,Base,supervised,LR,SMOTE,588,pred_normal,1040,1040,0.0,-0.0036114534604952567,-0.2146810784719876,0.9896043961730793,-1.2454137011752804,-1.1079826848148415,-0.6613318816434146,-0.2146810784719876,0.3694007410598782,1.7780686587543784,3.3451258228042806,train_oof,0.12060301142481507
Base_LR_SMOTE,Base,supervised,LR,SMOTE,589,TP,28,28,0.0,0.09023677473901538,-0.1922824717672581,0.8848142534332992,-1.0362441706256833,-0.8841387961511203,-0.49936865656775675,-0.1922824717672581,0.3620791656850955,1.852406126448372,2.020883883230354,train_oof,0.12060301142481507
Base_LR_SMOTE,Base,supervised,LR,SMOTE,589,FP,185,185,0.0,-0.05601498960810044,-0.313645975102765,0.857062888934134,-1.0811525882152582,-0.8535431953770157,-0.5681827337799954,-0.313645975102765,0.1653913736832459,1.9207693293669217,2.4235119842504886,train_oof,0.12060301142481507
Base_LR_SMOTE,Base,supervised,LR,SMOTE,589,TN,985,985,0.0,0.015115900469445581,-0.2802007835272708,1.041462992956042,-1.0811525882152582,-0.8347576729355162,-0.58404437177895,-0.2802007835272708,0.181826258371643,2.0725026156155697,4.075687609638256,train_oof,0.12060301142481507
Base_LR_SMOTE,Base,supervised,LR,SMOTE,589,FN,55,55,0.0,-0.12187236185403609,-0.2909325706962247,0.7029645941534792,-0.8605824471724426,-0.7463537875091524,-0.6038295407244297,-0.2909325706962247,-0.0282517931122482,1.073628526197367,2.1406148952963213,train_oof,0.12060301142481507
Base_LR_SMOTE,Base,supervised,LR,SMOTE,589,pred_anomaly,213,213,0.0,-0.036789405562470186,-0.3030458062439108,0.8600593111814656,-1.0811525882152582,-0.859912651382137,-0.5675844687340879,-0.3030458062439108,0.167042585209951,1.9010457273334387,2.106909512813586,train_oof,0.12060301142481507
Base_LR_SMOTE,Base,supervised,LR,SMOTE,589,pred_normal,1040,1040,0.0,0.007871328904261439,-0.2862274880488185,1.0265732900466948,-1.0811525882152582,-0.8335132816400282,-0.5874120601100955,-0.2862274880488185,0.167042585209951,2.0725026156155697,4.075687609638256,train_oof,0.12060301142481507
Base_LR_SMOTE,Base,supervised,LR,SMOTE,NA_72,TP,28,28,0.0,0.35714285714285715,0.0,0.4879500364742666,0.0,0.0,0.0,0.0,1.0,1.0,1.0,train_oof,0.12060301142481507
Base_LR_SMOTE,Base,supervised,LR,SMOTE,NA_72,FP,185,185,0.0,0.3945945945945946,0.0,0.49008980207820846,0.0,0.0,0.0,0.0,1.0,1.0,1.0,train_oof,0.12060301142481507
Base_LR_SMOTE,Base,supervised,LR,SMOTE,NA_72,TN,985,985,0.0,0.5461928934010152,1.0,0.4981145582703109,0.0,0.0,0.0,1.0,1.0,1.0,1.0,train_oof,0.12060301142481507
Base_LR_SMOTE,Base,supervised,LR,SMOTE,NA_72,FN,55,55,0.0,0.36363636363636365,0.0,0.48547938750294606,0.0,0.0,0.0,0.0,1.0,1.0,1.0,train_oof,0.12060301142481507
Base_LR_SMOTE,Base,supervised,LR,SMOTE,NA_72,pred_anomaly,213,213,0.0,0.38967136150234744,0.0,0.4888245286288069,0.0,0.0,0.0,0.0,1.0,1.0,1.0,train_oof,0.12060301142481507
Base_LR_SMOTE,Base,supervised,LR,SMOTE,NA_72,pred_normal,1040,1040,0.0,0.5365384615384615,1.0,0.49890306860054096,0.0,0.0,0.0,1.0,1.0,1.0,1.0,train_oof,0.12060301142481507
Base_LR_SMOTE,Base,supervised,LR,SMOTE,NA_85,TP,28,28,0.0,0.8571428571428571,1.0,0.3563483225498991,0.0,0.0,1.0,1.0,1.0,1.0,1.0,train_oof,0.12060301142481507
Base_LR_SMOTE,Base,supervised,LR,SMOTE,NA_85,FP,185,185,0.0,0.8810810810810811,1.0,0.3245714882715746,0.0,0.0,1.0,1.0,1.0,1.0,1.0,train_oof,0.12060301142481507
Base_LR_SMOTE,Base,supervised,LR,SMOTE,NA_85,TN,985,985,0.0,0.8568527918781725,1.0,0.3504008210914572,0.0,0.0,1.0,1.0,1.0,1.0,1.0,train_oof,0.12060301142481507
Base_LR_SMOTE,Base,supervised,LR,SMOTE,NA_85,FN,55,55,0.0,0.9090909090909091,1.0,0.29012942659282964,0.0,0.0,1.0,1.0,1.0,1.0,1.0,train_oof,0.12060301142481507
Base_LR_SMOTE,Base,supervised,LR,SMOTE,NA_85,pred_anomaly,213,213,0.0,0.8779342723004695,1.0,0.32813287604069297,0.0,0.0,1.0,1.0,1.0,1.0,1.0,train_oof,0.12060301142481507
Base_LR_SMOTE,Base,supervised,LR,SMOTE,NA_85,pred_normal,1040,1040,0.0,0.8596153846153847,1.0,0.34755276173337313,0.0,0.0,1.0,1.0,1.0,1.0,1.0,train_oof,0.12060301142481507
Base_LR_SMOTE,Base,supervised,LR,SMOTE,NA_109,TP,28,28,0.0,0.7857142857142857,1.0,0.41785544701867255,0.0,0.0,1.0,1.0,1.0,1.0,1.0,train_oof,0.12060301142481507
Base_LR_SMOTE,Base,supervised,LR,SMOTE,NA_109,FP,185,185,0.0,0.7135135135135136,1.0,0.45334635127964407,0.0,0.0,0.0,1.0,1.0,1.0,1.0,train_oof,0.12060301142481507
Base_LR_SMOTE,Base,supervised,LR,SMOTE,NA_109,TN,985,985,0.0,0.6375634517766497,1.0,0.4809481576741791,0.0,0.0,0.0,1.0,1.0,1.0,1.0,train_oof,0.12060301142481507
Base_LR_SMOTE,Base,supervised,LR,SMOTE,NA_109,FN,55,55,0.0,0.6727272727272727,1.0,0.4735424207422438,0.0,0.0,0.0,1.0,1.0,1.0,1.0,train_oof,0.12060301142481507
Base_LR_SMOTE,Base,supervised,LR,SMOTE,NA_109,pred_anomaly,213,213,0.0,0.7230046948356808,1.0,0.4485683568115027,0.0,0.0,0.0,1.0,1.0,1.0,1.0,train_oof,0.12060301142481507
Base_LR_SMOTE,Base,supervised,LR,SMOTE,NA_109,pred_normal,1040,1040,0.0,0.6394230769230769,1.0,0.4803989097200428,0.0,0.0,0.0,1.0,1.0,1.0,1.0,train_oof,0.12060301142481507
Base_LR_SMOTE,Base,supervised,LR,SMOTE,NA_112,TP,28,28,0.0,0.25,0.0,0.44095855184409843,0.0,0.0,0.0,0.0,0.25,1.0,1.0,train_oof,0.12060301142481507
Base_LR_SMOTE,Base,supervised,LR,SMOTE,NA_112,FP,185,185,0.0,0.3567567567567568,0.0,0.4803421224935391,0.0,0.0,0.0,0.0,1.0,1.0,1.0,train_oof,0.12060301142481507
Base_LR_SMOTE,Base,supervised,LR,SMOTE,NA_112,TN,985,985,0.0,0.4761421319796954,0.0,0.4996841889844623,0.0,0.0,0.0,0.0,1.0,1.0,1.0,train_oof,0.12060301142481507
Base_LR_SMOTE,Base,supervised,LR,SMOTE,NA_112,FN,55,55,0.0,0.34545454545454546,0.0,0.47989897926858555,0.0,0.0,0.0,0.0,1.0,1.0,1.0,train_oof,0.12060301142481507
Base_LR_SMOTE,Base,supervised,LR,SMOTE,NA_112,pred_anomaly,213,213,0.0,0.3427230046948357,0.0,0.4757378611528889,0.0,0.0,0.0,0.0,1.0,1.0,1.0,train_oof,0.12060301142481507
Base_LR_SMOTE,Base,supervised,LR,SMOTE,NA_112,pred_normal,1040,1040,0.0,0.46923076923076923,0.0,0.4992924585914927,0.0,0.0,0.0,0.0,1.0,1.0,1.0,train_oof,0.12060301142481507
Base_LR_SMOTE,Base,supervised,LR,SMOTE,NA_157,TP,28,28,0.0,0.9285714285714286,1.0,0.262265264156481,0.0,0.3500000000000001,1.0,1.0,1.0,1.0,1.0,train_oof,0.12060301142481507
Base_LR_SMOTE,Base,supervised,LR,SMOTE,NA_157,FP,185,185,0.0,0.9135135135135135,1.0,0.2818438533955056,0.0,0.0,1.0,1.0,1.0,1.0,1.0,train_oof,0.12060301142481507
Base_LR_SMOTE,Base,supervised,LR,SMOTE,NA_157,TN,985,985,0.0,0.9116751269035533,1.0,0.2839109416797758,0.0,0.0,1.0,1.0,1.0,1.0,1.0,train_oof,0.12060301142481507
Base_LR_SMOTE,Base,supervised,LR,SMOTE,NA_157,FN,55,55,0.0,0.9090909090909091,1.0,0.29012942659282975,0.0,0.0,1.0,1.0,1.0,1.0,1.0,train_oof,0.12060301142481507
Base_LR_SMOTE,Base,supervised,LR,SMOTE,NA_157,pred_anomaly,213,213,0.0,0.9154929577464789,1.0,0.27880196223894466,0.0,0.0,1.0,1.0,1.0,1.0,1.0,train_oof,0.12060301142481507
Base_LR_SMOTE,Base,supervised,LR,SMOTE,NA_157,pred_normal,1040,1040,0.0,0.9115384615384615,1.0,0.2841015733946761,0.0,0.0,1.0,1.0,1.0,1.0,1.0,train_oof,0.12060301142481507
Base_LR_SMOTE,Base,supervised,LR,SMOTE,NA_578,TP,28,28,0.0,0.5,0.5,0.5091750772173156,0.0,0.0,0.0,0.5,1.0,1.0,1.0,train_oof,0.12060301142481507
Base_LR_SMOTE,Base,supervised,LR,SMOTE,NA_578,FP,185,185,0.0,0.5945945945945946,1.0,0.49230267838448316,0.0,0.0,0.0,1.0,1.0,1.0,1.0,train_oof,0.12060301142481507
Base_LR_SMOTE,Base,supervised,LR,SMOTE,NA_578,TN,985,985,0.0,0.6121827411167513,1.0,0.487500059523239,0.0,0.0,0.0,1.0,1.0,1.0,1.0,train_oof,0.12060301142481507
Base_LR_SMOTE,Base,supervised,LR,SMOTE,NA_578,FN,55,55,0.0,0.5818181818181818,1.0,0.4978066369700667,0.0,0.0,0.0,1.0,1.0,1.0,1.0,train_oof,0.12060301142481507
Base_LR_SMOTE,Base,supervised,LR,SMOTE,NA_578,pred_anomaly,213,213,0.0,0.5821596244131455,1.0,0.4943654526915819,0.0,0.0,0.0,1.0,1.0,1.0,1.0,train_oof,0.12060301142481507
Base_LR_SMOTE,Base,supervised,LR,SMOTE,NA_578,pred_normal,1040,1040,0.0,0.6105769230769231,1.0,0.4878540681056497,0.0,0.0,0.0,1.0,1.0,1.0,1.0,train_oof,0.12060301142481507
