artifact_key,feature_set,category,model,balance_method,feature,group,n,non_null_n,missing_rate,mean,median,std,p01,p05,p25,p50,p75,p95,p99,group_source,threshold
RFERF_RF_SMOTE,RFERF,supervised,RF,SMOTE,0,TP,65,65,0.0,-0.18980266600362314,-0.4009873167426543,1.0829074469798639,-1.8840022044820617,-1.5118483945133483,-0.963424969238834,-0.4009873167426543,0.3165411170066299,2.220527374225195,2.740431179759468,train_oof,0.1755144641265648
RFERF_RF_SMOTE,RFERF,supervised,RF,SMOTE,0,FP,319,319,0.0,-0.0779510637454038,-0.0545022322908059,1.0066279858997065,-2.402902324409603,-1.6627349075999511,-0.7284530928222399,-0.0545022322908059,0.5002609624411307,1.2622211699246273,2.7624215043027176,train_oof,0.1755144641265648
RFERF_RF_SMOTE,RFERF,supervised,RF,SMOTE,0,TN,851,851,0.0,0.0395693011634603,-0.0202007428053935,0.9743342065344671,-2.0170279186467237,-1.4119469747474764,-0.5614168512230522,-0.0202007428053935,0.6244537093912258,1.6654438542996202,2.769898428197556,train_oof,0.1755144641265648
RFERF_RF_SMOTE,RFERF,supervised,RF,SMOTE,0,FN,18,18,0.0,0.136358195585214,0.02290968950506389,1.4982555239382211,-1.8828650500446478,-1.7866607168886812,-0.8928199578077732,0.02290968950506389,0.7005643100879384,2.8389151605434892,3.0262413337830325,train_oof,0.1755144641265648
RFERF_RF_SMOTE,RFERF,supervised,RF,SMOTE,0,pred_anomaly,384,384,0.0,-0.09688427766932113,-0.1397220806815982,1.019339089755657,-2.2800576126493994,-1.6610532003333514,-0.7489739255396776,-0.1397220806815982,0.46439121419520235,1.3327127328496051,2.8821136822822053,train_oof,0.1755144641265648
RFERF_RF_SMOTE,RFERF,supervised,RF,SMOTE,0,pred_normal,869,869,0.0,0.041574134419607084,-0.0202007428053935,0.9868106532713162,-2.013760601671615,-1.4166050369382952,-0.5671560109424019,-0.0202007428053935,0.6285912431423866,1.800287413938173,2.804042424462758,train_oof,0.1755144641265648
RFERF_RF_SMOTE,RFERF,supervised,RF,SMOTE,2,TP,65,65,0.0,0.012615956156476028,-0.1290929332477285,1.0905010850612065,-1.7188906424352373,-1.280387365141503,-0.9290803779089426,-0.1290929332477285,0.7253313769383629,1.4720151564655535,3.1335619518177977,train_oof,0.1755144641265648
RFERF_RF_SMOTE,RFERF,supervised,RF,SMOTE,2,FP,319,319,0.0,0.001803091451449968,-0.0945529583060222,0.9175225032692793,-1.811324250891865,-1.2233982647471224,-0.6681739957365753,-0.0945529583060222,0.6115856275118416,1.5546049903166628,1.905369703659162,train_oof,0.1755144641265648
RFERF_RF_SMOTE,RFERF,supervised,RF,SMOTE,2,TN,851,851,0.0,0.001708893125445445,0.0908979547894733,1.0242742717736406,-2.5553411916221265,-1.60969154705146,-0.605483079660732,0.0908979547894733,0.5875600223264316,1.5842594322674923,2.2828923392892086,train_oof,0.1755144641265648
RFERF_RF_SMOTE,RFERF,supervised,RF,SMOTE,2,FN,18,18,0.0,-0.12821523414424454,-0.16738321359735503,0.8429126116002169,-1.2499118765986164,-1.0676455471655597,-0.8619786296618906,-0.16738321359735503,0.28338660316848785,1.5536669071666604,1.780862841409725,train_oof,0.1755144641265648
RFERF_RF_SMOTE,RFERF,supervised,RF,SMOTE,2,pred_anomaly,384,384,0.0,0.0036333940707903183,-0.0956814285819158,0.9474745320204329,-1.8552502604600996,-1.2233982647471224,-0.6745545829103297,-0.0956814285819158,0.6335956259196196,1.5546049903166628,2.516440817881827,train_oof,0.1755144641265648
RFERF_RF_SMOTE,RFERF,supervised,RF,SMOTE,2,pred_normal,869,869,0.0,-0.0009822855751925538,0.0668723496040478,1.0206074792546656,-2.5553411916221265,-1.5710245468342707,-0.610361855344569,0.0668723496040478,0.5856814909689401,1.5842594322674923,2.2681609369276337,train_oof,0.1755144641265648
RFERF_RF_SMOTE,RFERF,supervised,RF,SMOTE,8,TP,65,65,0.0,0.04047782968087015,0.0810525944716143,0.7504628862727564,-1.493019043449963,-1.26729247832032,-0.3388660036452244,0.0810525944716143,0.5849549122118172,1.2446334840921378,1.5487629152185665,train_oof,0.1755144641265648
RFERF_RF_SMOTE,RFERF,supervised,RF,SMOTE,8,FP,319,319,0.0,0.22497312279575096,0.1799366514475127,0.8914686940064723,-1.539399729900031,-1.2400654982488748,-0.40253108142422767,0.1799366514475127,0.9418857206111282,1.6743050302942695,1.9784344614206968,train_oof,0.1755144641265648
RFERF_RF_SMOTE,RFERF,supervised,RF,SMOTE,8,TN,851,851,0.0,-0.08899478599352233,-0.1397433135704641,1.0446433770884682,-2.398498998602162,-1.7340794102914887,-0.8075493421885322,-0.1397433135704641,0.6689386318351843,1.697061909159957,2.1163032192153155,train_oof,0.1755144641265648
RFERF_RF_SMOTE,RFERF,supervised,RF,SMOTE,8,FN,18,18,0.0,0.007303449999480926,-0.0076721415821052,0.8543602250680883,-1.4426694489596321,-0.992245796553792,-0.6107971603289496,-0.0076721415821052,0.4799752626826089,1.3534059467656303,1.5763149935595229,train_oof,0.1755144641265648
RFERF_RF_SMOTE,RFERF,supervised,RF,SMOTE,8,pred_anomaly,384,384,0.0,0.19374345078411748,0.1569088573572356,0.8710640942595883,-1.5528100335173107,-1.2431132945255288,-0.39575820080944074,0.1569088573572356,0.8917664040616989,1.600480631593083,1.937932635344266,train_oof,0.1755144641265648
RFERF_RF_SMOTE,RFERF,supervised,RF,SMOTE,8,pred_normal,869,869,0.0,-0.08700011597295379,-0.1397433135704641,1.040737129105726,-2.3836257527720877,-1.7262228687783345,-0.8021310376967027,-0.1397433135704641,0.6689386318351843,1.6883926219730265,2.1102076266620045,train_oof,0.1755144641265648
RFERF_RF_SMOTE,RFERF,supervised,RF,SMOTE,9,TP,65,65,0.0,-0.11320833191620774,-0.2174573947775554,0.7921554359050115,-1.84374277541458,-1.211739188467834,-0.6207232818460859,-0.2174573947775554,0.3510813968272581,1.1668684536183511,1.562730114563656,train_oof,0.1755144641265648
RFERF_RF_SMOTE,RFERF,supervised,RF,SMOTE,9,FP,319,319,0.0,-0.07483568580969334,-0.0918499873299803,0.9811645971237771,-2.3624352590112507,-1.6850807870597484,-0.6967488179327761,-0.0918499873299803,0.5527143403615236,1.576745256868332,2.184288453943709,train_oof,0.1755144641265648
RFERF_RF_SMOTE,RFERF,supervised,RF,SMOTE,9,TN,851,851,0.0,0.03396766848426943,-0.0059080769711131,1.0202779948365757,-2.2304813720294825,-1.5528624634307222,-0.6405560303904398,-0.0059080769711131,0.625434418357488,1.8087884148372741,2.8433967972344063,train_oof,0.1755144641265648
RFERF_RF_SMOTE,RFERF,supervised,RF,SMOTE,9,FN,18,18,0.0,0.11529205302216068,0.2122521570167804,0.974057292435841,-2.183081103008477,-1.9538145298357446,-0.18109735577957312,0.2122521570167804,0.7510418258050631,1.44882402875725,1.4802919897809583,train_oof,0.1755144641265648
RFERF_RF_SMOTE,RFERF,supervised,RF,SMOTE,9,pred_anomaly,384,384,0.0,-0.08133105559334812,-0.09515544542070595,0.9509836400220001,-2.3495439724574205,-1.6669007675607574,-0.688485172705962,-0.09515544542070595,0.4849524495016457,1.482209155473578,2.1198320211745605,train_oof,0.1755144641265648
RFERF_RF_SMOTE,RFERF,supervised,RF,SMOTE,9,pred_normal,869,869,0.0,0.03565217817550309,0.0073137553917894,1.018870386308785,-2.2425132394797243,-1.5607955628484635,-0.6339451142089886,0.0073137553917894,0.6287398764482137,1.789616757911065,2.8386369375837597,train_oof,0.1755144641265648
RFERF_RF_SMOTE,RFERF,supervised,RF,SMOTE,14,TP,65,65,0.0,-0.28627350907551613,-0.2963467085002608,1.0637776679061157,-2.0489847126377034,-1.6937881009813018,-1.215090815317294,-0.2963467085002608,0.4273731139719617,1.5523880381268027,1.8875911347955237,train_oof,0.1755144641265648
RFERF_RF_SMOTE,RFERF,supervised,RF,SMOTE,14,FP,319,319,0.0,-0.05962231715970211,-0.1622562122364825,1.1473486125727066,-2.1464426110818464,-1.7622762322849614,-0.940237844213505,-0.1622562122364825,0.6694267107199661,1.8230714746515146,2.9797408688709557,train_oof,0.1755144641265648
RFERF_RF_SMOTE,RFERF,supervised,RF,SMOTE,14,TN,851,851,0.0,0.05271124746640002,0.0317555225141032,0.9318954273114619,-2.115862166836835,-1.5341705061974047,-0.5751413905244249,0.0317555225141032,0.6933301136407747,1.5526050130398508,2.2431095925729467,train_oof,0.1755144641265648
RFERF_RF_SMOTE,RFERF,supervised,RF,SMOTE,14,FN,18,18,0.0,-0.35113890112584567,-0.29665408962707923,0.7721144867384047,-1.4915479542782188,-1.4388751243866413,-1.028085562133889,-0.29665408962707923,0.27848312051402124,0.755999701026192,0.7891968627225643,train_oof,0.1755144641265648
RFERF_RF_SMOTE,RFERF,supervised,RF,SMOTE,14,pred_anomaly,384,384,0.0,-0.09798775329128522,-0.16569164835974545,1.135489410883746,-2.1539535593218644,-1.761157003358488,-0.9898889368160313,-0.16569164835974545,0.6190252465431481,1.7588053135309163,2.9586563316955,train_oof,0.1755144641265648
RFERF_RF_SMOTE,RFERF,supervised,RF,SMOTE,14,pred_normal,869,869,0.0,0.04434611205252152,0.0185562153036719,0.9302732106134497,-2.1120998218445797,-1.530984591224147,-0.5866591421587329,0.0185562153036719,0.689044859108073,1.524108974459517,2.229850255636568,train_oof,0.1755144641265648
RFERF_RF_SMOTE,RFERF,supervised,RF,SMOTE,15,TP,65,65,0.0,-0.028952139318224372,-0.0520925390290708,0.41705799661186554,-0.8826092584625558,-0.6581548356068804,-0.3051407434142422,-0.0520925390290708,0.2561231024025991,0.6832524978200618,0.8758296090740649,train_oof,0.1755144641265648
RFERF_RF_SMOTE,RFERF,supervised,RF,SMOTE,15,FP,319,319,0.0,0.04642059715048512,-0.0448245579878127,1.3193362407830367,-1.0968962816716963,-0.764662438804302,-0.3759303463032657,-0.0448245579878127,0.30736636213963914,0.7503000222652799,0.9267834274562323,train_oof,0.1755144641265648
RFERF_RF_SMOTE,RFERF,supervised,RF,SMOTE,15,TN,851,851,0.0,-0.015529423572753292,-0.0697220520163255,0.8960378024218065,-0.9539558070049976,-0.75813030756517,-0.3826206160309876,-0.0697220520163255,0.31810327332622934,0.7230496192095635,1.0392840001636738,train_oof,0.1755144641265648
RFERF_RF_SMOTE,RFERF,supervised,RF,SMOTE,15,FN,18,18,0.0,0.01745526555261932,0.052728786076214194,0.3408587473601934,-0.6151676296157313,-0.5800506620545404,-0.1453915850330506,0.0527287860762142,0.2983239820639508,0.43130034757213764,0.43530843944658254,train_oof,0.1755144641265648
RFERF_RF_SMOTE,RFERF,supervised,RF,SMOTE,15,pred_anomaly,384,384,0.0,0.033662191237812965,-0.04845854850844175,1.214538619896412,-1.0928712045521818,-0.7631169944839907,-0.36342302947842,-0.04845854850844175,0.30298161313782457,0.7391736218382732,0.9368477442361332,train_oof,0.1755144641265648
RFERF_RF_SMOTE,RFERF,supervised,RF,SMOTE,15,pred_normal,869,869,0.0,-0.014846196410202414,-0.0691789501363196,0.887993063973922,-0.949807786528528,-0.7516950827399212,-0.37989179531037,-0.0691789501363196,0.3148313507256058,0.718708531339279,1.0329210824318598,train_oof,0.1755144641265648
RFERF_RF_SMOTE,RFERF,supervised,RF,SMOTE,16,TP,65,65,0.0,0.18766835435478882,0.1449067106772109,1.0647531272181692,-1.6553860881770284,-1.3565930896506888,-0.4427285562115992,0.1449067106772109,0.6763299201499273,1.7401331400726536,3.1939523583653386,train_oof,0.1755144641265648
RFERF_RF_SMOTE,RFERF,supervised,RF,SMOTE,16,FP,319,319,0.0,0.10692461127549137,0.1181960167277181,1.05965350039723,-2.271099477078714,-1.4039946047341894,-0.4498048967728444,0.1181960167277181,0.8033053831784773,1.5910117210904542,2.2318690423413092,train_oof,0.1755144641265648
RFERF_RF_SMOTE,RFERF,supervised,RF,SMOTE,16,TN,851,851,0.0,-0.0608000622729084,-0.0582141634610861,0.9678069246292911,-2.5276576857989457,-1.5859063905424393,-0.6020957189923315,-0.0582141634610861,0.4686243746620907,1.465890059955413,1.8577797935725773,train_oof,0.1755144641265648
RFERF_RF_SMOTE,RFERF,supervised,RF,SMOTE,16,FN,18,18,0.0,0.28941245087078926,0.19792943150231915,0.8968319318297397,-1.858504968979954,-1.2370228675193256,-0.04715115216110862,0.19792943150231915,0.7967772098438088,1.6995288985986865,1.7339577870983585,train_oof,0.1755144641265648
RFERF_RF_SMOTE,RFERF,supervised,RF,SMOTE,16,pred_anomaly,384,384,0.0,0.1205921719529766,0.12616935820517905,1.059558052411795,-2.2476478864581333,-1.3963401969158276,-0.4495557298516735,0.12616935820517905,0.7979233776811919,1.5998521634535896,2.3751599553681193,train_oof,0.1755144641265648
RFERF_RF_SMOTE,RFERF,supervised,RF,SMOTE,16,pred_normal,869,869,0.0,-0.05354594807660627,-0.0454568170971478,0.9671969359482506,-2.5276218057622972,-1.586544257860636,-0.5908333741554188,-0.0454568170971478,0.4726110454008221,1.4741026016771956,1.8569186726930114,train_oof,0.1755144641265648
RFERF_RF_SMOTE,RFERF,supervised,RF,SMOTE,19,TP,65,65,0.0,0.08146379160171567,-0.0237492771698798,0.30189515507760245,-0.5607484841090633,-0.26618707959819476,-0.1314643822799918,-0.0237492771698798,0.279429335749801,0.6256939907135193,0.7940868535705414,train_oof,0.1755144641265648
RFERF_RF_SMOTE,RFERF,supervised,RF,SMOTE,19,FP,319,319,0.0,0.0029510358347875146,-0.000629937536488,0.852351687500117,-0.9744480492670842,-0.46853384534406917,-0.1679824301099992,-0.000629937536488,0.2555218368107273,0.6987300863735528,0.7685399832756474,train_oof,0.1755144641265648
RFERF_RF_SMOTE,RFERF,supervised,RF,SMOTE,19,TN,851,851,0.0,-0.012704032379082134,0.0834403884031107,1.0883115638760616,-1.8966785072430028,-0.6800232590358741,-0.1335661404284768,0.0834403884031107,0.3183118614968682,0.6256939907135239,0.8500566730648234,train_oof,0.1755144641265648
RFERF_RF_SMOTE,RFERF,supervised,RF,SMOTE,19,FN,18,18,0.0,0.2591999135705861,0.3054385928373644,0.31358377674417837,-0.25968739252398937,-0.17357836118035283,-0.01087600851037375,0.3054385928373644,0.5270427176187772,0.700017413239499,0.7153812653049629,train_oof,0.1755144641265648
RFERF_RF_SMOTE,RFERF,supervised,RF,SMOTE,19,pred_anomaly,384,384,0.0,0.016240955430751918,-0.000629937536488,0.7869595428509512,-0.8251969487474424,-0.4488298627019749,-0.1430240520966783,-0.000629937536488,0.266030627553176,0.694552842053428,0.7914386383034469,train_oof,0.1755144641265648
RFERF_RF_SMOTE,RFERF,supervised,RF,SMOTE,19,pred_normal,869,869,0.0,-0.007071959850780615,0.0834403884031107,1.078558118133007,-1.889963389958578,-0.6800232590358741,-0.1335661404284768,0.0834403884031107,0.3214644987196051,0.6375689242524932,0.8500566730648234,train_oof,0.1755144641265648
RFERF_RF_SMOTE,RFERF,supervised,RF,SMOTE,21,TP,65,65,0.0,0.4735657302382965,0.2600998840169238,1.7578383828637612,-1.7675913754567252,-1.2340839062760418,-0.2009900401825579,0.2600998840169238,0.6111435388822264,4.714567762506596,6.645686518095728,train_oof,0.1755144641265648
RFERF_RF_SMOTE,RFERF,supervised,RF,SMOTE,21,FP,319,319,0.0,0.11503085562508664,0.1579422361403919,1.25141265421056,-1.4953077172245728,-1.3446034928976796,-0.4717669717162997,0.1579422361403919,0.39637581969778,1.431954601550413,4.799023343832168,train_oof,0.1755144641265648
RFERF_RF_SMOTE,RFERF,supervised,RF,SMOTE,21,TN,851,851,0.0,-0.0833503933313027,0.1350652339132149,0.788298677952023,-1.5868236147547385,-1.3602229633838212,-0.5770800681758905,0.1350652339132149,0.40505330330119205,0.7866653663148777,1.3627319482595681,train_oof,0.1755144641265648
RFERF_RF_SMOTE,RFERF,supervised,RF,SMOTE,21,FN,18,18,0.0,0.1979769900379517,0.2297286914049819,0.39369989141568196,-0.9575403924567598,-0.2934446836661836,0.14324967867552388,0.2297286914049819,0.4204361151436041,0.5765322122367987,0.7361190243250025,train_oof,0.1755144641265648
RFERF_RF_SMOTE,RFERF,supervised,RF,SMOTE,21,pred_anomaly,384,384,0.0,0.17572035262992683,0.18397468695062785,1.3545201781792784,-1.5042810241326465,-1.3428482746233532,-0.31241681827182527,0.18397468695062785,0.4159001578054569,1.7766281945886735,6.545552301623084,train_oof,0.1755144641265648
RFERF_RF_SMOTE,RFERF,supervised,RF,SMOTE,21,pred_normal,869,869,0.0,-0.07752312877359663,0.1449260107352739,0.7830525472065752,-1.586610621975382,-1.357856376946527,-0.5453283668088603,0.1449260107352739,0.4056449499105156,0.784614324735889,1.3589690758242692,train_oof,0.1755144641265648
RFERF_RF_SMOTE,RFERF,supervised,RF,SMOTE,24,TP,65,65,0.0,-0.06463950834982564,0.127418282834732,0.6889273650316674,-2.2379928341582924,-1.3793846908915983,-0.4690722360672554,0.127418282834732,0.3665217821196109,0.6570646622265974,0.8122079992307634,train_oof,0.1755144641265648
RFERF_RF_SMOTE,RFERF,supervised,RF,SMOTE,24,FP,319,319,0.0,0.0033745011273537016,0.151599188349398,0.8899758401889032,-2.73385584657087,-1.8419389192313815,-0.31468645470438805,0.151599188349398,0.5877432481305324,0.9733864167791136,2.2654584380208105,train_oof,0.1755144641265648
RFERF_RF_SMOTE,RFERF,supervised,RF,SMOTE,24,TN,851,851,0.0,0.005845546469392344,0.0488726142224079,1.0602813403178084,-2.6359124584713705,-1.8361388838526893,-0.46957952779133927,0.0488726142224079,0.5829380625519407,1.6824647029033863,3.2674413177832666,train_oof,0.1755144641265648
RFERF_RF_SMOTE,RFERF,supervised,RF,SMOTE,24,FN,18,18,0.0,-0.0867825156030137,0.030652386465727856,0.9018222287224547,-1.614604580504971,-1.5728263040707886,-0.4947116137435247,0.03065238646572785,0.3749977813428461,1.337833247914029,1.6192426300233618,train_oof,0.1755144641265648
RFERF_RF_SMOTE,RFERF,supervised,RF,SMOTE,24,pred_anomaly,384,384,0.0,-0.008138286935189684,0.1405233190402328,0.8588346742703642,-2.4663271010131567,-1.8314633468200214,-0.34364435728751075,0.1405233190402328,0.5815289245105045,0.8904442198913953,2.183847881908816,train_oof,0.1755144641265648
RFERF_RF_SMOTE,RFERF,supervised,RF,SMOTE,24,pred_normal,869,869,0.0,0.00392689846328957,0.0488726142224079,1.0568757210235937,-2.62629420738274,-1.8286816955086558,-0.4730460212392459,0.0488726142224079,0.5808525355450593,1.6751202516901653,3.26729927812969,train_oof,0.1755144641265648
RFERF_RF_SMOTE,RFERF,supervised,RF,SMOTE,25,TP,65,65,0.0,-0.32926571870223315,0.4112510583721981,1.5980716002356836,-5.48179766665727,-4.289441641528363,-1.2047350126805478,0.4112510583721981,0.5253537270413136,0.7470389118841667,0.9253763242749888,train_oof,0.1755144641265648
RFERF_RF_SMOTE,RFERF,supervised,RF,SMOTE,25,FP,319,319,0.0,-0.2102003155886876,0.4241789469406198,1.260345926902234,-4.311272910745646,-2.9984514474435118,-1.2227216402540044,0.4241789469406198,0.5557061610715215,0.7057820848875506,0.8522831664733551,train_oof,0.1755144641265648
RFERF_RF_SMOTE,RFERF,supervised,RF,SMOTE,25,TN,851,851,0.0,0.09552273313787689,0.448348477742452,0.796604090946385,-1.3716733998466921,-1.2943871094919956,0.2367245626985014,0.448348477742452,0.5627321874674028,0.713651234450937,0.8409628327443102,train_oof,0.1755144641265648
RFERF_RF_SMOTE,RFERF,supervised,RF,SMOTE,25,FN,18,18,0.0,0.36175660576121027,0.5711634191424609,0.8810251158931764,-2.5354925161660873,-0.20970915449580935,0.4293782064735719,0.5711634191424609,0.6374891083195822,0.7695503004565707,0.8394957984328502,train_oof,0.1755144641265648
RFERF_RF_SMOTE,RFERF,supervised,RF,SMOTE,25,pred_anomaly,384,384,0.0,-0.2303546155948867,0.4202443721589267,1.3219821039346955,-5.463187127939859,-3.1025771586304756,-1.2227216402540044,0.4202443721589267,0.5554251200156859,0.7178949543940503,0.8582580993204126,train_oof,0.1755144641265648
RFERF_RF_SMOTE,RFERF,supervised,RF,SMOTE,25,pred_normal,869,869,0.0,0.10103735880786541,0.449472641965793,0.798786721600902,-1.3762824731623906,-1.294668150547831,0.2459989175410646,0.449472641965793,0.5646994748582495,0.7164616450092903,0.8441891840652991,train_oof,0.1755144641265648
RFERF_RF_SMOTE,RFERF,supervised,RF,SMOTE,28,TP,65,65,0.0,-0.6385540677530747,-0.508007917488434,0.7923919333673711,-2.477684691207133,-1.9495840958253159,-1.064703271231861,-0.508007917488434,-0.113127366217132,0.46428494297510975,0.8807703192144652,train_oof,0.1755144641265648
RFERF_RF_SMOTE,RFERF,supervised,RF,SMOTE,28,FP,319,319,0.0,-0.5838769519596557,-0.5468376441662645,0.9295046387213882,-2.7014645133218744,-2.0266289150977763,-1.2119678497913233,-0.5468376441662645,0.0503041278008438,1.0504390383459081,1.669077273253126,train_oof,0.1755144641265648
RFERF_RF_SMOTE,RFERF,supervised,RF,SMOTE,28,TN,851,851,0.0,0.25941254490713894,0.1360761684631589,0.9225126252664673,-2.087471863418843,-1.040438333255393,-0.4173858021885661,0.1360761684631589,0.9873006793255064,1.7365862340670337,2.1654464373786118,train_oof,0.1755144641265648
RFERF_RF_SMOTE,RFERF,supervised,RF,SMOTE,28,FN,18,18,0.0,0.36138859474364726,0.36589396938193425,1.0591073979474575,-2.1207416276578135,-1.4252589849706665,-0.07994877755543107,0.36589396938193425,1.0593308418480887,1.7142482176357547,1.8551037065750706,train_oof,0.1755144641265648
RFERF_RF_SMOTE,RFERF,supervised,RF,SMOTE,28,pred_anomaly,384,384,0.0,-0.593132192914271,-0.5371374948911567,0.9070241563291107,-2.68423553347126,-2.0164321065279536,-1.19416239560391,-0.5371374948911567,-0.004714361518548749,0.9805222266638896,1.5596753194017263,train_oof,0.1755144641265648
RFERF_RF_SMOTE,RFERF,supervised,RF,SMOTE,28,pred_normal,869,869,0.0,0.2615248221189423,0.1425429346465627,0.9249657256143409,-2.1361485524418877,-1.0737742216350683,-0.4141524190968642,0.1425429346465627,0.9873006793255064,1.7375562489945433,2.164282419465598,train_oof,0.1755144641265648
RFERF_RF_SMOTE,RFERF,supervised,RF,SMOTE,31,TP,65,65,0.0,-0.06314159191588742,-0.4187602376629362,0.8585053916314033,-0.7802553956957742,-0.7080471733164023,-0.5207345337764702,-0.4187602376629362,-0.2259767143534096,1.7974687255723965,1.8550283775319554,train_oof,0.1755144641265648
RFERF_RF_SMOTE,RFERF,supervised,RF,SMOTE,31,FP,319,319,0.0,0.022527736232625273,-0.4226680117840752,0.9885057518988162,-0.8517304452162269,-0.7648401572102899,-0.5606496551566762,-0.4226680117840752,-0.21667249025545932,1.8593418158237647,1.893343172367314,train_oof,0.1755144641265648
RFERF_RF_SMOTE,RFERF,supervised,RF,SMOTE,31,TN,851,851,0.0,0.009808068216615687,-0.4678865409001133,1.0187138877996442,-0.8748533029444525,-0.7485949819352691,-0.5831658774737156,-0.4678865409001133,-0.2543545978521572,1.885523902435397,1.9593994417731206,train_oof,0.1755144641265648
RFERF_RF_SMOTE,RFERF,supervised,RF,SMOTE,31,FN,18,18,0.0,-0.6102411695987504,-0.4928218614826194,0.5411631046193625,-2.3831703756872487,-0.9551952780302522,-0.5706982171824623,-0.4928218614826194,-0.47491123009406544,-0.3382042654228841,-0.2159690909136543,train_oof,0.1755144641265648
RFERF_RF_SMOTE,RFERF,supervised,RF,SMOTE,31,pred_anomaly,384,384,0.0,0.00802641766581974,-0.4206210824825264,0.9672144974991181,-0.8508837608233132,-0.7605136930047433,-0.5526015013119495,-0.4206210824825264,-0.22360413720843228,1.858076441346444,1.896558712215566,train_oof,0.1755144641265648
RFERF_RF_SMOTE,RFERF,supervised,RF,SMOTE,31,pred_normal,869,869,0.0,-0.003035299194979936,-0.4716082305392929,1.0147908575950888,-0.8850507325558061,-0.7486135903834651,-0.5828867507507769,-0.4716082305392929,-0.2698926520957345,1.8833653224446723,1.956987786886931,train_oof,0.1755144641265648
RFERF_RF_SMOTE,RFERF,supervised,RF,SMOTE,33,TP,65,65,0.0,0.4455400608498392,-0.0639636392243969,2.065669605182211,-0.30801984587496645,-0.26789734060139314,-0.2183643876080711,-0.0639636392243969,0.1686541695783998,0.9950574025646945,9.728758101984218,train_oof,0.1755144641265648
RFERF_RF_SMOTE,RFERF,supervised,RF,SMOTE,33,FP,319,319,0.0,0.11395496323519412,-0.0951420168611349,1.0948748431399462,-0.466534784525054,-0.3227441736093256,-0.21480598581257304,-0.0951420168611349,0.144389258287199,0.5476747951102274,7.245007204543405,train_oof,0.1755144641265648
RFERF_RF_SMOTE,RFERF,supervised,RF,SMOTE,33,TN,851,851,0.0,-0.07419419395997721,-0.1591932491800866,0.8225287903586649,-0.5932843786898498,-0.4933441225477395,-0.3056638449909386,-0.1591932491800866,-0.0172533620155857,0.43438205984977507,3.088305898013492,train_oof,0.1755144641265648
RFERF_RF_SMOTE,RFERF,supervised,RF,SMOTE,33,FN,18,18,0.0,-0.12154950023872539,-0.14377350806626477,0.19457604757171162,-0.4558528012303798,-0.3433015691250265,-0.2629969129858801,-0.14377350806626477,-0.0183144276193026,0.22823537145138761,0.25989904731394986,train_oof,0.1755144641265648
RFERF_RF_SMOTE,RFERF,supervised,RF,SMOTE,33,pred_anomaly,384,384,0.0,0.17008264902933976,-0.09402366201112164,1.31294732942409,-0.45979415483815483,-0.32083619245612066,-0.2178052101830639,-0.09402366201112164,0.14735459311677984,0.5476747951102274,9.623558189092954,train_oof,0.1755144641265648
RFERF_RF_SMOTE,RFERF,supervised,RF,SMOTE,33,pred_normal,869,869,0.0,-0.07517508638002032,-0.1591932491800866,0.8144389066240564,-0.5932233775162127,-0.4911209686640763,-0.3021393327363506,-0.1591932491800866,-0.0154128369709503,0.4215379238450751,3.088305898013492,train_oof,0.1755144641265648
RFERF_RF_SMOTE,RFERF,supervised,RF,SMOTE,35,TP,65,65,0.0,-0.0008570047999864391,-0.1750404154125366,0.8173291271747916,-0.3109190919345973,-0.29694833710809365,-0.2141171747984058,-0.1750404154125366,-0.1345538561968397,0.0409192292896299,3.6741396748501414,train_oof,0.1755144641265648
RFERF_RF_SMOTE,RFERF,supervised,RF,SMOTE,35,FP,319,319,0.0,0.047993974481821765,-0.167810672695449,1.0203319660777908,-0.2987854147325057,-0.26412892004386807,-0.2167921796037276,-0.167810672695449,-0.1175639608116814,0.0425025429446726,5.307707271519133,train_oof,0.1755144641265648
RFERF_RF_SMOTE,RFERF,supervised,RF,SMOTE,35,TN,851,851,0.0,-0.015106211425754596,-0.1465913778207919,1.0156398500278185,-0.3208643260162251,-0.2805946590820378,-0.1999107303593267,-0.1465913778207919,-0.0819936266436039,0.04362315306582005,4.213196521579018,train_oof,0.1755144641265648
RFERF_RF_SMOTE,RFERF,supervised,RF,SMOTE,35,FN,18,18,0.0,-0.14223746609561264,-0.14603107276021948,0.08431117568688763,-0.28979992899657236,-0.24911816672751178,-0.18627362815921555,-0.14603107276021948,-0.10791225428436557,-0.003249076404747746,0.05400036427479394,train_oof,0.1755144641265648
RFERF_RF_SMOTE,RFERF,supervised,RF,SMOTE,35,pred_anomaly,384,384,0.0,0.03972492850964068,-0.16960003401792884,0.988108367886417,-0.29960996688939007,-0.2793656028201329,-0.21511126442200446,-0.16960003401792884,-0.1238899856891338,0.0425025429446726,5.307707271519133,train_oof,0.1755144641265648
RFERF_RF_SMOTE,RFERF,supervised,RF,SMOTE,35,pred_normal,869,869,0.0,-0.01773954006103359,-0.1465913778207919,1.0052863715958877,-0.3208643260162251,-0.2805946590820378,-0.1999107303593267,-0.1465913778207919,-0.0819936266436039,0.043724369463858964,4.213196521579018,train_oof,0.1755144641265648
RFERF_RF_SMOTE,RFERF,supervised,RF,SMOTE,37,TP,65,65,0.0,0.2908637151659694,0.2992553968558932,0.8993347575015668,-1.6935708538099732,-1.2508279075076052,-0.0001998322795626,0.2992553968558932,0.6763113896705021,1.504997387200597,2.3941669011186506,train_oof,0.1755144641265648
RFERF_RF_SMOTE,RFERF,supervised,RF,SMOTE,37,FP,319,319,0.0,-0.010348222321451318,0.0831968390603314,1.2436540546081687,-3.737916283681955,-2.1605922133132567,-0.7211463462948978,0.0831968390603314,0.6763113896705021,1.5131760568995622,2.7946705603694495,train_oof,0.1755144641265648
RFERF_RF_SMOTE,RFERF,supervised,RF,SMOTE,37,TN,851,851,0.0,-0.007543912825143632,0.0049520856410351,0.902343163449531,-2.0864045952564703,-1.1503655080557196,-0.5443711626439628,0.0049520856410351,0.3266249608091262,2.233478581174845,3.1134905609889807,train_oof,0.1755144641265648
RFERF_RF_SMOTE,RFERF,supervised,RF,SMOTE,37,FN,18,18,0.0,-0.47863054334452126,-0.6327587544694303,0.6381759926718157,-1.2770157502877983,-1.2220576658696736,-1.0592409598348944,-0.6327587544694303,0.05317081742925305,0.4513496737183699,0.5321446265083393,train_oof,0.1755144641265648
RFERF_RF_SMOTE,RFERF,supervised,RF,SMOTE,37,pred_anomaly,384,384,0.0,0.04063817334699229,0.08577279802060744,1.1967157862728572,-3.737916283681955,-1.615004105520674,-0.5063757679794855,0.08577279802060744,0.6763113896705021,1.5119685761369202,2.86555451105964,train_oof,0.1755144641265648
RFERF_RF_SMOTE,RFERF,supervised,RF,SMOTE,37,pred_normal,869,869,0.0,-0.017301748670194038,-0.0001998322795626,0.8999008765076648,-2.0864045952564703,-1.1822430001894526,-0.5997542802905264,-0.0001998322795626,0.3114912019173358,1.9453575714646663,3.1134905609889807,train_oof,0.1755144641265648
RFERF_RF_SMOTE,RFERF,supervised,RF,SMOTE,39,TP,65,65,0.0,0.03861526610217088,-0.2304537519017632,0.9966535016795275,-0.6799870603022263,-0.5334983332517156,-0.3017482537499669,-0.2304537519017632,-0.0259115440390752,0.5154112880661823,4.390671179369799,train_oof,0.1755144641265648
RFERF_RF_SMOTE,RFERF,supervised,RF,SMOTE,39,FP,319,319,0.0,0.06569463402117366,-0.2418351031004259,1.5492042554765502,-1.5561041487521834,-0.881338194979777,-0.3947317456182589,-0.2418351031004259,0.0575159076718479,1.209254963357236,7.893898321661565,train_oof,0.1755144641265648
RFERF_RF_SMOTE,RFERF,supervised,RF,SMOTE,39,TN,851,851,0.0,-0.023991319533944178,-0.117713952292411,0.7021210823527518,-1.4780001630075774,-0.6436182746606264,-0.3563465281322124,-0.117713952292411,0.2127747174195856,0.9113319900466978,3.891635435529438,train_oof,0.1755144641265648
RFERF_RF_SMOTE,RFERF,supervised,RF,SMOTE,39,FN,18,18,0.0,-0.17463263842322835,-0.0718664337846065,0.46559732756338146,-1.3292952936104585,-0.7971806188523365,-0.4344054179569788,-0.0718664337846065,0.1358163827814861,0.3207042855789442,0.4585517754174921,train_oof,0.1755144641265648
RFERF_RF_SMOTE,RFERF,supervised,RF,SMOTE,39,pred_anomaly,384,384,0.0,0.06111088684738414,-0.2319032636110287,1.4692875995568329,-1.529513661730034,-0.6801244954865118,-0.3821693108046399,-0.2319032636110287,0.0496778073180538,1.1665802649241586,7.893898321661565,train_oof,0.1755144641265648
RFERF_RF_SMOTE,RFERF,supervised,RF,SMOTE,39,pred_normal,869,869,0.0,-0.02711162303222624,-0.117713952292411,0.6981816381269909,-1.4723567307528456,-0.6436182746606264,-0.356400213751072,-0.117713952292411,0.2127747174195856,0.9055339432096472,3.891635435529438,train_oof,0.1755144641265648
RFERF_RF_SMOTE,RFERF,supervised,RF,SMOTE,41,TP,65,65,0.0,0.07053839421047324,-0.0569869120230521,0.5015043203055751,-0.6730404180499289,-0.6568323133469836,-0.3025642560070726,-0.0569869120230521,0.3277509268852464,0.9144988698633633,0.9512445168891206,train_oof,0.1755144641265648
RFERF_RF_SMOTE,RFERF,supervised,RF,SMOTE,41,FP,319,319,0.0,0.1147699351838186,-0.0938235136206551,1.3343332523898854,-0.9383367132101478,-0.5872520658848444,-0.3221194889539483,-0.0938235136206551,0.28204625453266496,0.9237762361916472,1.3064221199474908,train_oof,0.1755144641265648
RFERF_RF_SMOTE,RFERF,supervised,RF,SMOTE,41,TN,851,851,0.0,-0.04719557075335465,-0.1242932951890429,0.8679617632320901,-1.2725038101721071,-0.5799757001371697,-0.2757326573125221,-0.1242932951890429,0.0244174297790584,0.8498301692809048,1.294825412037134,train_oof,0.1755144641265648
RFERF_RF_SMOTE,RFERF,supervised,RF,SMOTE,41,FN,18,18,0.0,-0.060086947013467715,-0.15339875817974158,0.49854113072737266,-1.002746648035705,-0.6206119289736366,-0.28175839769731525,-0.15339875817974158,0.08581176577506336,0.9762342855037908,1.0359186755490921,train_oof,0.1755144641265648
RFERF_RF_SMOTE,RFERF,supervised,RF,SMOTE,41,pred_anomaly,384,384,0.0,0.10728282538364299,-0.0929139679021958,1.2331195936559594,-0.9383367132101478,-0.6304327488687013,-0.3221194889539483,-0.0929139679021958,0.3077409210791412,0.9194104167430438,1.3064221199474908,train_oof,0.1755144641265648
RFERF_RF_SMOTE,RFERF,supervised,RF,SMOTE,41,pred_normal,869,869,0.0,-0.047462595808224664,-0.131114888077488,0.8617459930576393,-1.2725038101721071,-0.5799757001371697,-0.2757326573125221,-0.131114888077488,0.0244174297790584,0.8768436771191428,1.2906505971894044,train_oof,0.1755144641265648
RFERF_RF_SMOTE,RFERF,supervised,RF,SMOTE,43,TP,65,65,0.0,-0.028907592635813762,-0.1276903196901872,0.9018166046232742,-1.6858758447204978,-1.3868900576292273,-0.687730832389158,-0.1276903196901872,0.7747534676873007,1.516771377855906,1.753983427998037,train_oof,0.1755144641265648
RFERF_RF_SMOTE,RFERF,supervised,RF,SMOTE,43,FP,319,319,0.0,0.1018458484011879,0.0476830463583514,0.9756833023125449,-1.6198487128507315,-1.3825205938019316,-0.7588270567314104,0.0476830463583514,0.8904285117245391,1.5589468316856245,2.0111721909082125,train_oof,0.1755144641265648
RFERF_RF_SMOTE,RFERF,supervised,RF,SMOTE,43,TN,851,851,0.0,-0.03456615465718114,-0.3868037044156833,1.0117415874154996,-1.6655149149345336,-1.2823187246498042,-0.7707313538767946,-0.3868037044156833,0.786223712134599,1.7610899959873543,2.3976282777157465,train_oof,0.1755144641265648
RFERF_RF_SMOTE,RFERF,supervised,RF,SMOTE,43,FN,18,18,0.0,-0.06760260060818579,-0.6158227687412385,1.1552518479579326,-1.4511425570048966,-1.2819964003314164,-1.0157460639277471,-0.6158227687412385,1.2458212152936228,1.566247758827515,1.7615206727200006,train_oof,0.1755144641265648
RFERF_RF_SMOTE,RFERF,supervised,RF,SMOTE,43,pred_anomaly,384,384,0.0,0.07971310447565377,-0.01662909507323085,0.9636951062472806,-1.6804878038950481,-1.3837262957410303,-0.7503107820349055,-0.01662909507323085,0.8792476357426207,1.5544833231070774,2.009646576054608,train_oof,0.1755144641265648
RFERF_RF_SMOTE,RFERF,supervised,RF,SMOTE,43,pred_normal,869,869,0.0,-0.03525045388286363,-0.3917711964047707,1.0141768348841356,-1.6632780966971161,-1.2824505480618122,-0.7742359275131091,-0.3917711964047707,0.7953629328329802,1.7615288714931858,2.3904461524049134,train_oof,0.1755144641265648
RFERF_RF_SMOTE,RFERF,supervised,RF,SMOTE,47,TP,65,65,0.0,-0.04670005554971532,0.1332431702716216,0.9272103097357738,-1.5791961857231,-1.4000289605162395,-0.8886930556150177,0.1332431702716216,0.7789807649321251,1.107366441630916,1.3694024491240693,train_oof,0.1755144641265648
RFERF_RF_SMOTE,RFERF,supervised,RF,SMOTE,47,FP,319,319,0.0,0.0853511561205453,0.4442900832407164,0.9374339481786949,-1.7818285378441492,-1.4301879010642566,-0.8014738198838184,0.4442900832407164,0.8701406287837088,1.275079574434522,1.4217655155877524,train_oof,0.1755144641265648
RFERF_RF_SMOTE,RFERF,supervised,RF,SMOTE,47,TN,851,851,0.0,-0.03959670608148596,0.337104998366231,1.0247551963352355,-1.8664942465533385,-1.6255905141271054,-1.0830973762207021,0.337104998366231,0.8517510308885762,1.2071956873473484,1.3569395559219972,train_oof,0.1755144641265648
RFERF_RF_SMOTE,RFERF,supervised,RF,SMOTE,47,FN,18,18,0.0,0.5522049140634215,0.8514883223472178,0.9646857814086095,-1.7351347217029949,-1.3231867121687226,0.5350558842802629,0.8514883223472178,1.15517939615826,1.3316407233891223,1.4170315076724627,train_oof,0.1755144641265648
RFERF_RF_SMOTE,RFERF,supervised,RF,SMOTE,47,pred_anomaly,384,384,0.0,0.06299873747844391,0.4227479828492757,0.935820941505608,-1.7739052482367608,-1.4278497950461613,-0.820651543403028,0.4227479828492757,0.8664627092046828,1.2696940493366622,1.4490504246933038,train_oof,0.1755144641265648
RFERF_RF_SMOTE,RFERF,supervised,RF,SMOTE,47,pred_normal,869,869,0.0,-0.027338444674571888,0.3486641741860284,1.0264917167616914,-1.8627112435577684,-1.6258532226684643,-1.0794194566416755,0.3486641741860284,0.8588441615052705,1.2227480329958027,1.3612059426336673,train_oof,0.1755144641265648
RFERF_RF_SMOTE,RFERF,supervised,RF,SMOTE,48,TP,65,65,0.0,-0.20686976374562513,-0.4161698354110992,1.0210977736913627,-2.0194784780449515,-1.5188203835358718,-0.9563892829835904,-0.4161698354110992,0.4005001476043837,1.7107265160733962,1.9653513802304623,train_oof,0.1755144641265648
RFERF_RF_SMOTE,RFERF,supervised,RF,SMOTE,48,FP,319,319,0.0,0.05938066664834983,0.122256921954776,1.0756236794219842,-2.4059705353240437,-1.6840953545972452,-0.7298352916248363,0.122256921954776,0.8415462023884673,1.7780542059197737,2.247931145621864,train_oof,0.1755144641265648
RFERF_RF_SMOTE,RFERF,supervised,RF,SMOTE,48,TN,851,851,0.0,-0.017631850005644854,-0.0202066195268127,0.9657985749519141,-2.2565433883287414,-1.6244651666504013,-0.6686625048211844,-0.0202066195268127,0.6888244891689971,1.5240078716639514,2.0667503647124272,train_oof,0.1755144641265648
RFERF_RF_SMOTE,RFERF,supervised,RF,SMOTE,48,FN,18,18,0.0,0.5371356015829747,0.28783731431061077,0.9444893709643113,-0.9073981581135812,-0.6511461509442826,0.0880962141286388,0.28783731431061077,0.7375203734543578,2.1296627249758346,2.293163154052434,train_oof,0.1755144641265648
RFERF_RF_SMOTE,RFERF,supervised,RF,SMOTE,48,pred_anomaly,384,384,0.0,0.014312234420203027,0.00022119603749967817,1.0699700136334571,-2.3854420192604633,-1.6555008392027737,-0.7789793484618512,0.00022119603749967817,0.791135089818995,1.7730922164836747,2.2305387308209763,train_oof,0.1755144641265648
RFERF_RF_SMOTE,RFERF,supervised,RF,SMOTE,48,pred_normal,869,869,0.0,-0.006140694506686119,0.0007302315282693,0.9680625416032247,-2.2513286517054865,-1.6111682743524147,-0.6571870743010342,0.0007302315282693,0.689831494161603,1.5997390735035826,2.0804031392143947,train_oof,0.1755144641265648
RFERF_RF_SMOTE,RFERF,supervised,RF,SMOTE,55,TP,65,65,0.0,0.051080915802939116,-0.3887345895385595,1.293283961017121,-1.596130016327551,-1.3624405788845202,-1.0508546622938129,-0.3887345895385595,0.9355055559719472,2.096163095272332,3.1166069721068994,train_oof,0.1755144641265648
RFERF_RF_SMOTE,RFERF,supervised,RF,SMOTE,55,FP,319,319,0.0,0.10697027776483872,0.1175925249213401,1.2145987482861529,-2.134394687237998,-1.5571817767537124,-0.972958183146136,0.1175925249213401,1.0718243944803816,2.065004503613262,2.298693941056292,train_oof,0.1755144641265648
RFERF_RF_SMOTE,RFERF,supervised,RF,SMOTE,55,TN,851,851,0.0,-0.04013007721589631,-0.077148672947852,0.8777032841293602,-2.0245606516397734,-1.3624405788845202,-0.62242402698159,-0.077148672947852,0.5849713998074013,1.3444620714972508,2.298693941056292,train_oof,0.1755144641265648
RFERF_RF_SMOTE,RFERF,supervised,RF,SMOTE,55,FN,18,18,0.0,-0.12499653264514476,0.05697006359717075,0.9093131756215543,-1.6923321680749317,-1.4539689418830406,-0.8269022847442419,0.05697006359717075,0.6044455195943205,1.067929570522997,1.4916864170863589,train_oof,0.1755144641265648
RFERF_RF_SMOTE,RFERF,supervised,RF,SMOTE,55,pred_anomaly,384,384,0.0,0.09750983889107967,0.1175925249213401,1.226708371485958,-2.109078331515003,-1.5571817767537124,-0.972958183146136,0.1175925249213401,1.042613214800003,2.065004503613262,3.1166069721068994,train_oof,0.1755144641265648
RFERF_RF_SMOTE,RFERF,supervised,RF,SMOTE,55,pred_normal,869,869,0.0,-0.04188795546414312,-0.077148672947852,0.8779112272767163,-2.0245606516397734,-1.3624405788845202,-0.6613722665554285,-0.077148672947852,0.5849713998074013,1.3561465433693916,2.298693941056292,train_oof,0.1755144641265648
RFERF_RF_SMOTE,RFERF,supervised,RF,SMOTE,56,TP,65,65,0.0,0.2771470981994802,0.506794437311762,0.7324965602221939,-2.144346659003753,-1.3317142794809653,0.0313180450377873,0.506794437311762,0.7085116946401104,1.0716027578311538,1.2254842084216437,train_oof,0.1755144641265648
RFERF_RF_SMOTE,RFERF,supervised,RF,SMOTE,56,FP,319,319,0.0,0.1632066234969824,0.463569310741405,0.8272908633026463,-2.144346659003753,-1.3475634925567612,-0.28566621647821167,0.463569310741405,0.7013075068783843,1.1263545848202758,1.183988086914101,train_oof,0.1755144641265648
RFERF_RF_SMOTE,RFERF,supervised,RF,SMOTE,56,TN,851,851,0.0,-0.08242464506658365,0.2330353023661358,1.069626721951911,-2.9656240638406315,-1.640053515682874,-0.6170588535176471,0.2330353023661358,0.5932446904524759,0.9894750173474627,1.183988086914101,train_oof,0.1755144641265648
RFERF_RF_SMOTE,RFERF,supervised,RF,SMOTE,56,FN,18,18,0.0,0.05109196178100187,0.25464786565131436,0.6353240695664502,-0.9435526428791087,-0.9239572521672135,-0.5198023187343359,0.25464786565131436,0.5248049067160734,0.7949269879596074,0.9448020612605103,train_oof,0.1755144641265648
RFERF_RF_SMOTE,RFERF,supervised,RF,SMOTE,56,pred_anomaly,384,384,0.0,0.18249342260026982,0.4779776862648573,0.8122475182740663,-2.144346659003753,-1.4232074640548977,-0.2424410899078387,0.4779776862648573,0.7085116946401104,1.1263545848202758,1.183988086914101,train_oof,0.1755144641265648
RFERF_RF_SMOTE,RFERF,supervised,RF,SMOTE,56,pred_normal,869,869,0.0,-0.07965905367043111,0.2330353023661358,1.0623761423544362,-2.9656240638406315,-1.634290165473493,-0.6170588535176471,0.2330353023661358,0.5932446904524759,0.9822708295857364,1.183988086914101,train_oof,0.1755144641265648
RFERF_RF_SMOTE,RFERF,supervised,RF,SMOTE,57,TP,65,65,0.0,-0.2466369604527132,-0.2253487013997487,1.1169660522405886,-3.088252505072732,-1.7522307300253557,-1.0126472474098376,-0.2253487013997487,0.4665197178211984,1.1822456687394445,2.194759313971809,train_oof,0.1755144641265648
RFERF_RF_SMOTE,RFERF,supervised,RF,SMOTE,57,FP,319,319,0.0,0.06453152699722224,0.1802293374539053,0.9454683427551509,-2.1692603840937177,-1.4015250140754039,-0.5832116768588849,0.1802293374539053,0.7766676298857901,1.8025414928686008,1.9218291513549888,train_oof,0.1755144641265648
RFERF_RF_SMOTE,RFERF,supervised,RF,SMOTE,57,TN,851,851,0.0,-0.005683006089022359,0.0132266155729998,1.0099656542076525,-2.4918142126408602,-1.5732992422957874,-0.6070692085561571,0.0132266155729998,0.6573799713994025,1.683253834382227,2.3035496585113706,train_oof,0.1755144641265648
RFERF_RF_SMOTE,RFERF,supervised,RF,SMOTE,57,FN,18,18,0.0,0.028930647041947324,-0.0243685889359746,0.8955172795464538,-1.3187393790858666,-1.3025162575317215,-0.3565651257347724,-0.024368588935974596,0.39494712272939503,1.8562209391874707,2.099567762499683,train_oof,0.1755144641265648
RFERF_RF_SMOTE,RFERF,supervised,RF,SMOTE,57,pred_anomaly,384,384,0.0,0.01185977781949879,0.0847992106648165,0.9820039829277528,-3.088252505072732,-1.4659403496580627,-0.6368911231777474,0.0847992106648165,0.6812375030966747,1.8025414928686008,2.1406027170189796,train_oof,0.1755144641265648
RFERF_RF_SMOTE,RFERF,supervised,RF,SMOTE,57,pred_normal,869,869,0.0,-0.004966037439589156,0.0132266155729998,1.0072778475893962,-2.4574593669967837,-1.5613704764471514,-0.6070692085561571,0.0132266155729998,0.6573799713994025,1.7071113660795123,2.3035496585113706,train_oof,0.1755144641265648
RFERF_RF_SMOTE,RFERF,supervised,RF,SMOTE,58,TP,65,65,0.0,0.2157671671557227,0.1882520676036252,0.8959461461438647,-1.337006457514833,-0.8666688633110199,-0.5762175848596828,0.1882520676036252,0.8170519514970579,1.8099187100049572,1.960500355746341,train_oof,0.1755144641265648
RFERF_RF_SMOTE,RFERF,supervised,RF,SMOTE,58,FP,319,319,0.0,0.3407414111348158,0.415941331377423,0.9092220468619797,-1.3005761753110263,-0.923060297551378,-0.4547046617057929,0.415941331377423,1.0364830554448614,1.963284535344814,2.2115012249717947,train_oof,0.1755144641265648
RFERF_RF_SMOTE,RFERF,supervised,RF,SMOTE,58,TN,851,851,0.0,-0.1423830331327249,-0.432289656463813,1.0107909575570326,-2.590028845283867,-1.2640043246530608,-0.8121650084594747,-0.432289656463813,0.6955390283431682,1.5166360624704187,2.0646239537809294,train_oof,0.1755144641265648
RFERF_RF_SMOTE,RFERF,supervised,RF,SMOTE,58,FN,18,18,0.0,-0.013806671667261556,-0.2063699983670148,0.8525861267631641,-1.0798591579046113,-1.0180881224061815,-0.6983203765725705,-0.2063699983670148,0.500882403873342,1.465319904709099,1.5158107278621493,train_oof,0.1755144641265648
RFERF_RF_SMOTE,RFERF,supervised,RF,SMOTE,58,pred_anomaly,384,384,0.0,0.3195869167112715,0.3215623619375083,0.9070411451710646,-1.3206317063170077,-0.923060297551378,-0.49776506651275837,0.3215623619375083,1.0258654213828644,1.948714781937527,2.2115012249717947,train_oof,0.1755144641265648
RFERF_RF_SMOTE,RFERF,supervised,RF,SMOTE,58,pred_normal,869,869,0.0,-0.13971977133021818,-0.432289656463813,1.0075134610056693,-2.325437404459067,-1.2564540070978683,-0.7921094774534873,-0.432289656463813,0.6955390283431682,1.5166360624704187,2.0295857613763495,train_oof,0.1755144641265648
RFERF_RF_SMOTE,RFERF,supervised,RF,SMOTE,59,TP,65,65,0.0,0.7465746669346198,0.5458692587160796,1.1356037261899907,-1.1916605496884853,-0.6976510427859632,-0.0272036947853448,0.5458692587160796,1.4686380495075202,2.445762782592471,3.487846452095594,train_oof,0.1755144641265648
RFERF_RF_SMOTE,RFERF,supervised,RF,SMOTE,59,FP,319,319,0.0,0.5890272978660538,0.2770064644767664,1.5601798231246575,-2.224838911406524,-1.31074146733082,-0.24873241726705114,0.2770064644767664,1.5285310704422814,2.449704672124527,2.691059316391943,train_oof,0.1755144641265648
RFERF_RF_SMOTE,RFERF,supervised,RF,SMOTE,59,TN,851,851,0.0,-0.27932729286847646,-0.3006646849330678,0.44089937632278,-1.096096872071462,-0.8399449497816079,-0.5296072387032235,-0.3006646849330678,-0.0863117813965342,0.2394410269783255,1.9392745417365718,train_oof,0.1755144641265648
RFERF_RF_SMOTE,RFERF,supervised,RF,SMOTE,59,FN,18,18,0.0,0.026126825062805725,-0.20462923646711562,0.8076061461506818,-0.8549254466674449,-0.8434032184884945,-0.2882323380661667,-0.20462923646711562,-0.009641422306968876,1.968049221220245,2.0281535160903577,train_oof,0.1755144641265648
RFERF_RF_SMOTE,RFERF,supervised,RF,SMOTE,59,pred_anomaly,384,384,0.0,0.6156954723177642,0.3405405678544208,1.496678336974134,-2.1068197313789003,-1.2445593500319017,-0.2280405356792068,0.3405405678544208,1.525930658989673,2.45122389984757,2.8093707958334915,train_oof,0.1755144641265648
RFERF_RF_SMOTE,RFERF,supervised,RF,SMOTE,59,pred_normal,869,869,0.0,-0.27300028006897925,-0.2977173831503646,0.4528022638249537,-1.0907607366170462,-0.8407521661117847,-0.5280930750725908,-0.2977173831503646,-0.0850255019243578,0.25018297979872073,1.9725561621834216,train_oof,0.1755144641265648
RFERF_RF_SMOTE,RFERF,supervised,RF,SMOTE,63,TP,65,65,0.0,0.3534108812516764,-0.0992237793626038,1.173394028641431,-0.8837656548115088,-0.7832510166411699,-0.4464746726392038,-0.0992237793626038,0.948804037465864,2.438489585729235,3.7748091869841423,train_oof,0.1755144641265648
RFERF_RF_SMOTE,RFERF,supervised,RF,SMOTE,63,FP,319,319,0.0,0.288228683904266,0.050366959960204,1.641031781687525,-1.149069121009242,-0.9249985008660675,-0.3800927828390711,0.050366959960204,0.6116186771032631,1.9898359425363694,3.3890582631543995,train_oof,0.1755144641265648
RFERF_RF_SMOTE,RFERF,supervised,RF,SMOTE,63,TN,851,851,0.0,-0.13477843328124997,-0.1532485787885021,0.5396233868660794,-1.2259172998187453,-0.966684862129617,-0.5143887084156568,-0.1532485787885021,0.19115119067129335,0.7711350577509279,1.204372647820314,train_oof,0.1755144641265648
RFERF_RF_SMOTE,RFERF,supervised,RF,SMOTE,63,FN,18,18,0.0,-0.0390911207112978,0.0159536290312039,0.4993262969002196,-1.0578495461719406,-0.7955275028140414,-0.26583133127893305,0.0159536290312039,0.21574213359123218,0.5760768873551815,0.8865690672882474,train_oof,0.1755144641265648
RFERF_RF_SMOTE,RFERF,supervised,RF,SMOTE,63,pred_anomaly,384,384,0.0,0.29926212876776,0.00354324662301065,1.5705492668368732,-1.1379757179902596,-0.8852246574712201,-0.4034147092003622,0.00354324662301065,0.639080728352741,2.1815906729770806,3.4187016905839043,train_oof,0.1755144641265648
RFERF_RF_SMOTE,RFERF,supervised,RF,SMOTE,63,pred_normal,869,869,0.0,-0.1327964176008597,-0.1501043487849233,0.5387243207740042,-1.2252626071815595,-0.9669300054858282,-0.5080003258448261,-0.1501043487849233,0.1912044827052523,0.7712083342976214,1.1920342096579608,train_oof,0.1755144641265648
RFERF_RF_SMOTE,RFERF,supervised,RF,SMOTE,64,TP,65,65,0.0,0.6061119892222735,0.3764163453335986,1.6043325834781532,-1.781972773615421,-1.580628552213819,-0.7573518780843228,0.3764163453335986,1.9505591256959245,3.355603269239945,3.968352140530654,train_oof,0.1755144641265648
RFERF_RF_SMOTE,RFERF,supervised,RF,SMOTE,64,FP,319,319,0.0,0.1861681652603864,-0.1316301228902988,1.428960384506594,-1.96504760750607,-1.6680563610937622,-0.8788813806249245,-0.1316301228902988,1.0950754091388344,2.7858589238707863,4.154642201620883,train_oof,0.1755144641265648
RFERF_RF_SMOTE,RFERF,supervised,RF,SMOTE,64,TN,851,851,0.0,-0.11161961066739869,-0.1275730538687458,0.6648940001545537,-1.668529009634773,-1.152540828801187,-0.5502486472066276,-0.1275730538687458,0.32644339766062747,0.9515971631916342,1.5520433783813874,train_oof,0.1755144641265648
RFERF_RF_SMOTE,RFERF,supervised,RF,SMOTE,64,FN,18,18,0.0,-0.3407179366977032,-0.3293310963105463,0.7521171557482229,-2.163065438016901,-1.243003325309251,-0.5962203105570927,-0.3293310963105463,-0.16188571511852512,0.9500443200236353,0.9731217400320296,train_oof,0.1755144641265648
RFERF_RF_SMOTE,RFERF,supervised,RF,SMOTE,64,pred_anomaly,384,384,0.0,0.2572524062956017,-0.0492107657174618,1.4664072554078482,-1.9570176536451624,-1.6676313831137546,-0.871365660262499,-0.0492107657174618,1.2066853779217404,2.9943466295520893,4.22105845003821,train_oof,0.1755144641265648
RFERF_RF_SMOTE,RFERF,supervised,RF,SMOTE,64,pred_normal,869,869,0.0,-0.11636503053914261,-0.135504623805881,0.6671291148904299,-1.6900866515876938,-1.1526158845780856,-0.5550461313246133,-0.135504623805881,0.3231267437355082,0.9532544758869373,1.5282109378280737,train_oof,0.1755144641265648
RFERF_RF_SMOTE,RFERF,supervised,RF,SMOTE,65,TP,65,65,0.0,0.43469184385068055,0.3201183950472423,1.307852618068778,-1.6299908598004929,-1.175439720262514,-0.7123806290741967,0.3201183950472423,1.4681340410972556,2.5971999844613882,3.2936226133926976,train_oof,0.1755144641265648
RFERF_RF_SMOTE,RFERF,supervised,RF,SMOTE,65,FP,319,319,0.0,0.23130094715256488,-0.119963156217633,1.408817061757021,-1.7115743885861472,-1.3763571559622385,-0.6372517573145194,-0.119963156217633,0.8182180295354469,2.5412641809776404,5.68672368914002,train_oof,0.1755144641265648
RFERF_RF_SMOTE,RFERF,supervised,RF,SMOTE,65,TN,851,851,0.0,-0.11618179075877225,-0.1649174292559988,0.7335310412661187,-1.3877748303583268,-1.047090348737283,-0.513962475950936,-0.1649174292559988,0.2604528088126234,0.8159962931094323,1.3143146831841983,train_oof,0.1755144641265648
RFERF_RF_SMOTE,RFERF,supervised,RF,SMOTE,65,FN,18,18,0.0,-0.28530895866565237,-0.1932257693794584,0.6211103558874739,-1.666424739464534,-1.0618242211034004,-0.625989262662648,-0.1932257693794584,0.061562963955839975,0.7533255520044264,0.8346566915320854,train_oof,0.1755144641265648
RFERF_RF_SMOTE,RFERF,supervised,RF,SMOTE,65,pred_anomaly,384,384,0.0,0.2657290937290689,-0.061261461786300195,1.3926886782202432,-1.6794836276487992,-1.3754089872167365,-0.6588026006468561,-0.061261461786300195,0.9056416488710819,2.553351110746365,5.042411238650246,train_oof,0.1755144641265648
RFERF_RF_SMOTE,RFERF,supervised,RF,SMOTE,65,pred_normal,869,869,0.0,-0.11968500022059485,-0.1649584459284789,0.7314684859589863,-1.4018495647976867,-1.0474704365689333,-0.5151451233407834,-0.1649584459284789,0.2507318574348015,0.8163545053824263,1.3112704257527124,train_oof,0.1755144641265648
RFERF_RF_SMOTE,RFERF,supervised,RF,SMOTE,67,TP,65,65,0.0,0.22756941467187333,-0.0571748156886139,2.295384096234269,-0.05797718293135041,-0.05783079348964772,-0.0575741495188965,-0.0571748156886139,-0.0569374840021531,-0.0557129572051713,6.6064566321684515,train_oof,0.1755144641265648
RFERF_RF_SMOTE,RFERF,supervised,RF,SMOTE,67,FP,319,319,0.0,0.10031297740691344,-0.0571820868799883,1.676421192081112,-0.05795090193724675,-0.05774278298925186,-0.057469735210759945,-0.0571820868799883,-0.056994199294873496,-0.05590046668833464,-0.053657205261126245,train_oof,0.1755144641265648
RFERF_RF_SMOTE,RFERF,supervised,RF,SMOTE,67,TN,851,851,0.0,-0.0541819074426906,-0.0573510693675296,0.09062405628405423,-0.0587244519943283,-0.0577768703344151,-0.05754724611081115,-0.0573510693675296,-0.0570708376519598,-0.0564399890883159,-0.0556900384099592,train_oof,0.1755144641265648
RFERF_RF_SMOTE,RFERF,supervised,RF,SMOTE,67,FN,18,18,0.0,-0.057012199533075916,-0.05730366119976845,0.0006858070009572735,-0.05772484059741632,-0.057681923117447985,-0.05748507742455995,-0.05730366119976845,-0.05684179512366583,-0.05582708582498406,-0.05574560194596585,train_oof,0.1755144641265648
RFERF_RF_SMOTE,RFERF,supervised,RF,SMOTE,67,pred_anomaly,384,384,0.0,0.12185378058978429,-0.05717946925109345,1.793358995513397,-0.05797036546231777,-0.057772958433455646,-0.057488058613023474,-0.05717946925109345,-0.05697769369045357,-0.05584990282351697,1.7436244948886732,train_oof,0.1755144641265648
RFERF_RF_SMOTE,RFERF,supervised,RF,SMOTE,67,pred_normal,869,869,0.0,-0.05424053259531078,-0.0573501968245647,0.08968044163886561,-0.058722567301524045,-0.05777436904458228,-0.0575453556010538,-0.0573501968245647,-0.0570695288375124,-0.056352240350809546,-0.05569129487182869,train_oof,0.1755144641265648
RFERF_RF_SMOTE,RFERF,supervised,RF,SMOTE,75,TP,65,65,0.0,0.09079161265686804,0.0167151022241025,1.6924370200364782,-2.350683421039327,-2.0246925562803133,-0.6925352927245616,0.0167151022241025,0.4836749895816081,1.5074625162031576,6.363316710886469,train_oof,0.1755144641265648
RFERF_RF_SMOTE,RFERF,supervised,RF,SMOTE,75,FP,319,319,0.0,-0.29686087702197533,-0.2828440707976934,1.2004720705042953,-3.7733251759754856,-2.364339795103555,-0.8951782627098942,-0.2828440707976934,0.42860896512907204,1.3338944071287644,2.0724839799057393,train_oof,0.1755144641265648
RFERF_RF_SMOTE,RFERF,supervised,RF,SMOTE,75,TN,851,851,0.0,0.09878698306546277,0.1048207413481602,0.8032671761178712,-1.7299791934103403,-1.1969400767097915,-0.4194078114399829,0.1048207413481602,0.6466704219611147,1.3691366627783876,1.9770655727343853,train_oof,0.1755144641265648
RFERF_RF_SMOTE,RFERF,supervised,RF,SMOTE,75,FN,18,18,0.0,0.24285290930918388,0.1642920477568991,0.6936029684254403,-0.8071166764053986,-0.6663238650851545,-0.21786616194370087,0.1642920477568991,0.7788288806472012,1.3398415377696382,1.4267136979459591,train_oof,0.1755144641265648
RFERF_RF_SMOTE,RFERF,supervised,RF,SMOTE,75,pred_anomaly,384,384,0.0,-0.23124261705029614,-0.2321833283013603,1.3024507332046686,-3.667378144928806,-2.3163222217809447,-0.8819624168412855,-0.2321833283013603,0.4539393363772386,1.3675948140937153,2.235875887661317,train_oof,0.1755144641265648
RFERF_RF_SMOTE,RFERF,supervised,RF,SMOTE,75,pred_normal,869,869,0.0,0.10177108740652949,0.1048207413481602,0.8010626083860807,-1.7260144396497579,-1.1947374357316902,-0.4194078114399829,0.1048207413481602,0.6466704219611147,1.3691366627783876,1.9754796712301517,train_oof,0.1755144641265648
RFERF_RF_SMOTE,RFERF,supervised,RF,SMOTE,76,TP,65,65,0.0,-0.24502488894123978,-0.1733448226763963,1.1140811454691573,-3.5674973074541256,-2.0292412427353597,-0.6943612426348661,-0.1733448226763963,0.212925971430745,1.5915234412518917,1.7878328463810715,train_oof,0.1755144641265648
RFERF_RF_SMOTE,RFERF,supervised,RF,SMOTE,76,FP,319,319,0.0,-0.15270353871630774,-0.1583730864706931,1.0662661309816064,-2.660030432554045,-1.7154336518638216,-0.8770164243444447,-0.1583730864706931,0.37611789607290946,1.7196815031727097,2.350291032156927,train_oof,0.1755144641265648
RFERF_RF_SMOTE,RFERF,supervised,RF,SMOTE,76,TN,851,851,0.0,0.08575314780584527,0.1710051100547762,0.9510409463420173,-2.377184392155901,-1.5492473799805166,-0.5191919290281393,0.1710051100547762,0.7743660791446134,1.4975009378800759,2.0978675597287726,train_oof,0.1755144641265648
RFERF_RF_SMOTE,RFERF,supervised,RF,SMOTE,76,FN,18,18,0.0,0.006316011792041554,-0.1239380931975759,0.8997866188236561,-1.3122447958442354,-1.2206177702653322,-0.4682880259287484,-0.1239380931975759,0.3731235488317689,1.49929754622476,1.5888884156796879,train_oof,0.1755144641265648
RFERF_RF_SMOTE,RFERF,supervised,RF,SMOTE,76,pred_anomaly,384,384,0.0,-0.16833085060334052,-0.1613674337118337,1.0735816538831804,-2.9276951324396063,-1.8314646074580203,-0.8470729519330383,-0.1613674337118337,0.3566546390054954,1.7120459177078013,2.272438003887274,train_oof,0.1755144641265648
RFERF_RF_SMOTE,RFERF,supervised,RF,SMOTE,76,pred_normal,869,869,0.0,0.08410772956850525,0.165016415572495,0.9495825863290162,-2.373950497135469,-1.5477502063599462,-0.517694755407569,0.165016415572495,0.7728689055240432,1.498698676776531,2.097328577225367,train_oof,0.1755144641265648
RFERF_RF_SMOTE,RFERF,supervised,RF,SMOTE,79,TP,65,65,0.0,0.534552247778229,0.5055779371215329,1.0893015661094174,-1.4529126806846449,-1.0917970749312342,-0.1639545855073987,0.5055779371215329,0.9202561446852582,2.344848570253139,2.7628096469600774,train_oof,0.1755144641265648
RFERF_RF_SMOTE,RFERF,supervised,RF,SMOTE,79,FP,319,319,0.0,0.46357389454503484,0.3111975273260366,1.3139504429731046,-2.0135921738280986,-1.4615518100088891,-0.4944012821597422,0.3111975273260366,1.2982180526209453,2.8385748111337,3.5122541158382683,train_oof,0.1755144641265648
RFERF_RF_SMOTE,RFERF,supervised,RF,SMOTE,79,TN,851,851,0.0,-0.21069512218997755,-0.237387184763475,0.7489919183205161,-1.7945902454585059,-1.4166283375228188,-0.6283077866855286,-0.237387184763475,0.1902497167866166,1.013126784920884,2.0627809978165637,train_oof,0.1755144641265648
RFERF_RF_SMOTE,RFERF,supervised,RF,SMOTE,79,FN,18,18,0.0,-0.4291278605987856,-0.55055562276733,0.6182139577525867,-1.3560248453132455,-1.1827239110689052,-0.901520251564754,-0.55055562276733,0.07038179741272729,0.534950976823963,0.6876907832766018,train_oof,0.1755144641265648
RFERF_RF_SMOTE,RFERF,supervised,RF,SMOTE,79,pred_anomaly,384,384,0.0,0.4755884595454452,0.33063556830558616,1.2776744687463961,-1.9855150035243045,-1.434770509103732,-0.4738833500146621,0.33063556830558616,1.2528626236686629,2.768165907141108,3.4195994538357515,train_oof,0.1755144641265648
RFERF_RF_SMOTE,RFERF,supervised,RF,SMOTE,79,pred_normal,869,869,0.0,-0.2152196207991358,-0.2376400416312543,0.7468665775131056,-1.793812723819324,-1.41490051165797,-0.6304675690165896,-0.2376400416312543,0.1816105874623723,1.0040556991304261,2.055783303063923,train_oof,0.1755144641265648
RFERF_RF_SMOTE,RFERF,supervised,RF,SMOTE,81,TP,65,65,0.0,-0.0260080243477853,-0.0392255316486798,1.003143945546531,-2.9519995198747573,-2.1769978159285177,-0.3414050951139564,-0.0392255316486798,0.4940325215253375,1.4290116414237812,1.8134314468674508,train_oof,0.1755144641265648
RFERF_RF_SMOTE,RFERF,supervised,RF,SMOTE,81,FP,319,319,0.0,-0.01996434735256507,0.1266769737832367,1.0005188556192044,-2.9775959064271103,-2.1704802175008364,-0.36214290829294604,0.1266769737832367,0.5651335952818732,1.3075473070896992,1.9175945199207736,train_oof,0.1755144641265648
RFERF_RF_SMOTE,RFERF,supervised,RF,SMOTE,81,TN,851,851,0.0,0.006665530693142349,0.0674260789861236,0.9775499327661575,-2.8832684819101067,-1.9737672467744207,-0.3354800056342452,0.0674260789861236,0.5147703347043271,1.4509344724987132,2.431536781390934,train_oof,0.1755144641265648
RFERF_RF_SMOTE,RFERF,supervised,RF,SMOTE,81,FN,18,18,0.0,0.06742607898612357,0.5562459610623063,1.5618004859774495,-3.1286856881597482,-2.830535185540676,-0.04515062112839125,0.5562459610623063,1.0583972944678393,1.5883965484280151,1.822082077507829,train_oof,0.1755144641265648
RFERF_RF_SMOTE,RFERF,supervised,RF,SMOTE,81,pred_anomaly,384,384,0.0,-0.02098736559394351,0.1207518843035252,0.9996541278163661,-3.0333509984311937,-2.1772940704025037,-0.36066163592301825,0.1207518843035252,0.5651335952818732,1.3235450486849205,1.879851699935016,train_oof,0.1755144641265648
RFERF_RF_SMOTE,RFERF,supervised,RF,SMOTE,81,pred_normal,869,869,0.0,0.007924092107726533,0.0792762579455461,0.9917837117412348,-2.927825154797536,-2.0490158831667507,-0.3354800056342452,0.0792762579455461,0.523657968923894,1.4894475541168368,2.4166055559020565,train_oof,0.1755144641265648
RFERF_RF_SMOTE,RFERF,supervised,RF,SMOTE,88,TP,65,65,0.0,0.14864667116956973,0.041900173937771,0.9258526238406126,-2.6372585828567154,-1.0715501121703463,-0.3537222189146984,0.041900173937771,0.764072333244538,1.4423112775778024,1.7265021176428281,train_oof,0.1755144641265648
RFERF_RF_SMOTE,RFERF,supervised,RF,SMOTE,88,FP,319,319,0.0,0.04460658697314916,0.0863754816874843,1.0021638215355584,-2.7201934356892967,-1.8089309645767528,-0.5238908218670609,0.0863754816874843,0.6651084252602113,1.4791154646848546,2.131995113327175,train_oof,0.1755144641265648
RFERF_RF_SMOTE,RFERF,supervised,RF,SMOTE,88,TN,851,851,0.0,-0.02631134836481126,0.0197932468080481,0.9995294488633572,-2.769909851390532,-1.786097986747456,-0.638059472934272,0.0197932468080481,0.6126136430088771,1.4944483011683622,2.2229433087306014,train_oof,0.1755144641265648
RFERF_RF_SMOTE,RFERF,supervised,RF,SMOTE,88,FN,18,18,0.0,-0.0833654117782137,-0.256622342648704,1.2550106859224532,-2.5817350782311537,-1.9111812865048448,-0.8066659383063368,-0.256622342648704,0.6815757629858109,1.4574284619558515,2.5350575132226756,train_oof,0.1755144641265648
RFERF_RF_SMOTE,RFERF,supervised,RF,SMOTE,88,pred_anomaly,384,384,0.0,0.06221753872514744,0.0863754816874843,0.9892676864311505,-2.778434232082016,-1.8027559598057008,-0.4881205986707698,0.0863754816874843,0.6908761714936733,1.4747843653562662,2.131995113327175,train_oof,0.1755144641265648
RFERF_RF_SMOTE,RFERF,supervised,RF,SMOTE,88,pred_normal,869,869,0.0,-0.027493135639197044,0.0197443418386463,1.0046169407599552,-2.7625167743085237,-1.790664582313315,-0.6396470034794501,0.0197443418386463,0.6188734790922371,1.49673159895129,2.2266600864050954,train_oof,0.1755144641265648
RFERF_RF_SMOTE,RFERF,supervised,RF,SMOTE,90,TP,65,65,0.0,-0.18769329880669464,-0.1791097221504262,0.8126840235600267,-2.084200133771143,-1.5486524018903507,-0.681688805452747,-0.1791097221504262,0.2928417232470039,1.1685052772674327,1.3494435561591627,train_oof,0.1755144641265648
RFERF_RF_SMOTE,RFERF,supervised,RF,SMOTE,90,FP,319,319,0.0,-0.056691062410109926,-0.0103029803984339,1.0017354709805353,-2.402562119059657,-1.6336916979829013,-0.6997498040428476,-0.0103029803984339,0.5516994592580675,1.4204356791122255,2.5814851673770702,train_oof,0.1755144641265648
RFERF_RF_SMOTE,RFERF,supervised,RF,SMOTE,90,TN,851,851,0.0,0.03676840456758717,0.0228936437706999,0.993119696155704,-2.104832026477454,-1.495451263054663,-0.6085037313136903,0.0228936437706999,0.638760976680085,1.6673861040091538,2.5071711536360057,train_oof,0.1755144641265648
RFERF_RF_SMOTE,RFERF,supervised,RF,SMOTE,90,FN,18,18,0.0,-0.03648012256466606,-0.07364341121444375,0.8703426974791503,-1.5444220072600239,-1.2741775747786834,-0.45762424772913635,-0.07364341121444376,0.2619602774358744,1.3818255631530125,2.1357008019932944,train_oof,0.1755144641265648
RFERF_RF_SMOTE,RFERF,supervised,RF,SMOTE,90,pred_anomaly,384,384,0.0,-0.07886592013349016,-0.051461579572785895,0.9726018762128826,-2.3694596155874033,-1.6291726071934223,-0.6952220261674273,-0.051461579572785895,0.5315268501144957,1.4010877071824477,2.1722839905882108,train_oof,0.1755144641265648
RFERF_RF_SMOTE,RFERF,supervised,RF,SMOTE,90,pred_normal,869,869,0.0,0.03525117385598697,0.0194088885638537,0.9903426163525102,-2.0700923774284945,-1.4965705362067254,-0.5998294915753328,0.0194088885638537,0.6286745449181691,1.6673912170524166,2.5055868275768653,train_oof,0.1755144641265648
RFERF_RF_SMOTE,RFERF,supervised,RF,SMOTE,91,TP,65,65,0.0,0.027732701990688165,0.0874428482061788,0.7572876402498158,-2.4114050549729846,-1.0589502645281252,-0.2716519211491291,0.0874428482061788,0.4533129905681908,0.9445275335542251,1.4217848081464495,train_oof,0.1755144641265648
RFERF_RF_SMOTE,RFERF,supervised,RF,SMOTE,91,FP,319,319,0.0,0.12877120758615188,0.1337412304186556,0.9813857292335522,-2.917141480770055,-1.576137070706525,-0.32867797728888715,0.1337412304186556,0.6932741178889548,1.6584260026939277,2.3989516877499786,train_oof,0.1755144641265648
RFERF_RF_SMOTE,RFERF,supervised,RF,SMOTE,91,TN,851,851,0.0,-0.055532177745866364,-0.0345138659144917,1.0187872929915722,-2.7480507550994138,-1.744166321272782,-0.5878359947953123,-0.0345138659144917,0.47928525376055586,1.6796555047816013,2.5796508858387726,train_oof,0.1755144641265648
RFERF_RF_SMOTE,RFERF,supervised,RF,SMOTE,91,FN,18,18,0.0,0.253439486870425,0.19641343073066697,0.911680744589735,-1.8431883977657602,-1.042294139219978,-0.12682832313083275,0.19641343073066697,0.6622203249415619,1.631098664900223,1.6771712013458098,train_oof,0.1755144641265648
RFERF_RF_SMOTE,RFERF,supervised,RF,SMOTE,91,pred_anomaly,384,384,0.0,0.11166833554525307,0.1207550988224731,0.9470660589328077,-2.930951949415386,-1.5615700187421113,-0.31879722498744395,0.1207550988224731,0.6413295915042247,1.6164751514940858,2.370325736796656,train_oof,0.1755144641265648
RFERF_RF_SMOTE,RFERF,supervised,RF,SMOTE,91,pred_normal,869,869,0.0,-0.04913230437061523,-0.0209631199010839,1.0171631488451793,-2.746831187958207,-1.7446180128065623,-0.5776729352852564,-0.0209631199010839,0.495094457442865,1.6807847336160509,2.5784313186975654,train_oof,0.1755144641265648
RFERF_RF_SMOTE,RFERF,supervised,RF,SMOTE,92,TP,65,65,0.0,-0.0831097566422141,-0.1300531851953159,0.8175658760058945,-1.995021714752944,-1.0393473962688977,-0.5572383850285423,-0.1300531851953159,0.388671700316459,0.9867309800829758,2.148674723629351,train_oof,0.1755144641265648
RFERF_RF_SMOTE,RFERF,supervised,RF,SMOTE,92,FP,319,319,0.0,0.028443428356779068,-0.0080002709572512,0.9730741132383418,-2.4991002505561517,-1.2651452876093172,-0.4046722422309614,-0.0080002709572512,0.4496981574354913,1.4291727941959593,3.7689271601396546,train_oof,0.1755144641265648
RFERF_RF_SMOTE,RFERF,supervised,RF,SMOTE,92,TN,851,851,0.0,-0.003980352663013479,-0.0690267280762835,1.023668544819804,-2.204952727242416,-1.3505823275759627,-0.5267251564690261,-0.0690267280762835,0.4191849288759751,1.4261214713400088,3.1196056563931567,train_oof,0.1755144641265648
RFERF_RF_SMOTE,RFERF,supervised,RF,SMOTE,92,FN,18,18,0.0,-0.026647243965844437,-0.31313255655241284,0.9607685428253391,-0.8318574420641879,-0.8318574420641879,-0.5801233064481794,-0.31313255655241284,0.1064243361409344,1.871614608308943,2.784570406809666,train_oof,0.1755144641265648
RFERF_RF_SMOTE,RFERF,supervised,RF,SMOTE,92,pred_anomaly,384,384,0.0,0.009560727771011981,-0.0385134995167673,0.9484852983533592,-2.5619575013887546,-1.228529413337898,-0.4351854707904776,-0.0385134995167673,0.4496981574354913,1.4078135342042948,3.4723385785411724,train_oof,0.1755144641265648
RFERF_RF_SMOTE,RFERF,supervised,RF,SMOTE,92,pred_normal,869,869,0.0,-0.004449862494372452,-0.0690267280762835,1.021888357791679,-2.204952727242416,-1.3505823275759627,-0.5267251564690261,-0.0690267280762835,0.4191849288759751,1.4627373456114228,3.0909232215471953,train_oof,0.1755144641265648
RFERF_RF_SMOTE,RFERF,supervised,RF,SMOTE,102,TP,65,65,0.0,-0.24804520014777431,-0.448198677762217,1.342734392377397,-2.7177238526464556,-1.9635688525081691,-0.9327833799787328,-0.448198677762217,-0.0021240181059541,2.324524386575991,4.013767403481486,train_oof,0.1755144641265648
RFERF_RF_SMOTE,RFERF,supervised,RF,SMOTE,102,FP,319,319,0.0,-0.11455563661519827,-0.1240724862134216,1.0113735946567897,-2.376813700881817,-1.5144454811492194,-0.702525417170554,-0.1240724862134216,0.36933743408981873,1.6770742960317404,2.711165213880932,train_oof,0.1755144641265648
RFERF_RF_SMOTE,RFERF,supervised,RF,SMOTE,102,TN,851,851,0.0,0.061506113360710886,-0.0149606989593717,0.9622048026676423,-2.0399471035860044,-1.3860786726150431,-0.5196027150093526,-0.0149606989593717,0.5779334979578554,1.6899109768851583,2.666301014298236,train_oof,0.1755144641265648
RFERF_RF_SMOTE,RFERF,supervised,RF,SMOTE,102,FN,18,18,0.0,-0.01086009257564121,-0.17221003941373775,0.7313206632153019,-0.955648717748883,-0.7647030900542956,-0.502754571389242,-0.17221003941373775,0.18801931703529337,1.3100254528793287,1.8828623359630905,train_oof,0.1755144641265648
RFERF_RF_SMOTE,RFERF,supervised,RF,SMOTE,102,pred_anomaly,384,384,0.0,-0.13715152627566038,-0.181837550053801,1.0738097769321828,-2.4493569935546935,-1.5848867673323488,-0.7378262895174524,-0.181837550053801,0.3139792479094551,1.7784840747737398,3.249006095788069,train_oof,0.1755144641265648
RFERF_RF_SMOTE,RFERF,supervised,RF,SMOTE,102,pred_normal,869,869,0.0,0.06000715857721914,-0.0294019649194666,0.9577159305441053,-2.0359035491171777,-1.3701932800589387,-0.5220095926693684,-0.0294019649194666,0.5739220351911624,1.6916760205025017,2.6611021585526005,train_oof,0.1755144641265648
RFERF_RF_SMOTE,RFERF,supervised,RF,SMOTE,103,TP,65,65,0.0,0.9809180161370838,1.1373308306953096,1.1297623165311814,-1.5733887445649017,-0.6345095091395124,0.3854428636067319,1.1373308306953096,1.5623109860062447,2.5561107338102773,4.26126188004246,train_oof,0.1755144641265648
RFERF_RF_SMOTE,RFERF,supervised,RF,SMOTE,103,FP,319,319,0.0,0.6984135398352345,0.7450414565621388,1.0487680443610565,-1.296824735801016,-0.922188383503838,0.0258442706513251,0.7450414565621388,1.3661662989396597,2.1213233441460124,2.6620288648262336,train_oof,0.1755144641265648
RFERF_RF_SMOTE,RFERF,supervised,RF,SMOTE,103,TN,851,851,0.0,-0.3322022040598234,-0.3337543223040816,0.76818850890915,-2.0009841623700586,-1.4288954917591838,-0.7914252587927811,-0.3337543223040816,0.10757122359573584,0.892149971862094,1.5296202048284806,train_oof,0.1755144641265648
RFERF_RF_SMOTE,RFERF,supervised,RF,SMOTE,103,FN,18,18,0.0,-0.29924738661644135,-0.3500997128929636,0.5679361251547411,-1.2971516436127934,-1.0970840628048764,-0.6197986576095186,-0.3500997128929636,0.14026200477350032,0.4802461290222481,0.6136245162275262,train_oof,0.1755144641265648
RFERF_RF_SMOTE,RFERF,supervised,RF,SMOTE,103,pred_anomaly,384,384,0.0,0.7462333079592454,0.7777322377399029,1.0666673827463509,-1.3200351904372287,-0.9172847663271734,0.0830531377124128,0.7777322377399029,1.3988570801174238,2.1785322112070995,2.771869889583522,train_oof,0.1755144641265648
RFERF_RF_SMOTE,RFERF,supervised,RF,SMOTE,103,pred_normal,869,869,0.0,-0.3315195956432747,-0.3337543223040816,0.7643399198882814,-1.9892154811460634,-1.4125501011703014,-0.7914252587927811,-0.3337543223040816,0.1239166141846179,0.8758045812731956,1.5296202048284806,train_oof,0.1755144641265648
RFERF_RF_SMOTE,RFERF,supervised,RF,SMOTE,107,TP,65,65,0.0,-0.3422775543901656,-0.1396887429309186,1.149781029940773,-4.206251716514322,-1.7282745117392155,-0.808650084291038,-0.1396887429309186,0.3566738037781075,1.0594780460502053,1.6424784190938977,train_oof,0.1755144641265648
RFERF_RF_SMOTE,RFERF,supervised,RF,SMOTE,107,FP,319,319,0.0,0.04866804194627469,0.1299263676678478,1.0858440541832315,-3.442800995807957,-1.9810809815516992,-0.5113966046141551,0.1299263676678478,0.6877701843669692,1.5830277231585208,2.502945455747936,train_oof,0.1755144641265648
RFERF_RF_SMOTE,RFERF,supervised,RF,SMOTE,107,TN,851,851,0.0,0.0009970090928195935,0.0069638276876572,0.9541468789681374,-2.5069996617238535,-1.4866361992276849,-0.5514440373599971,0.0069638276876572,0.5270164050350687,1.4554399867203607,2.867817051446953,train_oof,0.1755144641265648
RFERF_RF_SMOTE,RFERF,supervised,RF,SMOTE,107,FN,18,18,0.0,0.3311036119779456,0.32452304791172737,0.5238028560635508,-0.5586638562212193,-0.4205848205003448,0.0069638276876572,0.32452304791172737,0.5673458619551771,1.2549772036517381,1.271853530239845,train_oof,0.1755144641265648
RFERF_RF_SMOTE,RFERF,supervised,RF,SMOTE,107,pred_anomaly,384,384,0.0,-0.01750764493359151,0.0633686625409556,1.1051751914365169,-3.5256258553065405,-1.9409207391361505,-0.5562384483225274,0.0633686625409556,0.6398260747416655,1.5174853050589876,2.4604162102685505,train_oof,0.1755144641265648
RFERF_RF_SMOTE,RFERF,supervised,RF,SMOTE,107,pred_normal,869,869,0.0,0.007834660245791113,0.0069638276876572,0.948210748263842,-2.505984374696494,-1.4717453228264141,-0.5288821034186778,0.0069638276876572,0.5270164050350687,1.442579684373807,2.8665987070141217,train_oof,0.1755144641265648
RFERF_RF_SMOTE,RFERF,supervised,RF,SMOTE,115,TP,65,65,0.0,-0.17091771000380185,-0.0070384258648829,1.0285292696795454,-2.5469006914715604,-2.0751097373942056,-0.7703874398429794,-0.0070384258648829,0.3804060730263633,1.0714165303889487,2.0958927407921157,train_oof,0.1755144641265648
RFERF_RF_SMOTE,RFERF,supervised,RF,SMOTE,115,FP,319,319,0.0,-0.03613991692894509,0.120420162135322,1.035315518373734,-2.9120862265769136,-1.9733731335507647,-0.5806984434434199,0.120420162135322,0.5843180789602528,1.4266501622614212,1.9357707494501748,train_oof,0.1755144641265648
RFERF_RF_SMOTE,RFERF,supervised,RF,SMOTE,115,TN,851,851,0.0,0.029682340163138837,0.0820745265407882,0.9860440506214075,-2.7290146768248182,-1.6856785486827597,-0.545451051546193,0.0820745265407882,0.6333240514060772,1.5348555544677125,2.3592508367159786,train_oof,0.1755144641265648
RFERF_RF_SMOTE,RFERF,supervised,RF,SMOTE,115,FN,18,18,0.0,-0.1456326015695722,-0.03299621281793334,0.9251849745707394,-2.0226789241259207,-1.8466274901789868,-0.33277948434500076,-0.03299621281793335,0.22746591719865356,1.1070643769480433,1.7678205563724914,train_oof,0.1755144641265648
RFERF_RF_SMOTE,RFERF,supervised,RF,SMOTE,115,pred_anomaly,384,384,0.0,-0.05895386627755365,0.09799224051974055,1.0340697282652596,-2.7896553642853754,-1.9933174365837107,-0.5906631620456623,0.09799224051974055,0.5482371754396278,1.3482064662041153,2.0343920292720306,train_oof,0.1755144641265648
RFERF_RF_SMOTE,RFERF,supervised,RF,SMOTE,115,pred_normal,869,869,0.0,0.02605096047247278,0.0758021721595433,0.9846363915295214,-2.699665225477515,-1.700218149101844,-0.5437317415923931,0.0758021721595433,0.622462769563168,1.5357257693089672,2.320839668448654,train_oof,0.1755144641265648
RFERF_RF_SMOTE,RFERF,supervised,RF,SMOTE,122,TP,65,65,0.0,-0.38502968440811686,-0.5171176699640857,0.6906687787940138,-1.4989251100599466,-1.3597367561449305,-0.9048598211122524,-0.5171176699640857,0.2616901364849458,0.7380590650384086,0.8315160018122922,train_oof,0.1755144641265648
RFERF_RF_SMOTE,RFERF,supervised,RF,SMOTE,122,FP,319,319,0.0,-0.2857725685741472,-0.27450186681709,0.7123244966825003,-1.7962679482547124,-1.4122481217575675,-0.8760561184555316,-0.27450186681709,0.3868754595699258,0.6649419736790401,0.8676757269936528,train_oof,0.1755144641265648
RFERF_RF_SMOTE,RFERF,supervised,RF,SMOTE,122,TN,851,851,0.0,0.14402840518599969,0.1254264662243041,1.0772184773922147,-1.6648344373626591,-1.198436021267293,-0.7375767787597579,0.1254264662243041,0.7336277261681433,2.3289097194634576,2.7748131932838502,train_oof,0.1755144641265648
RFERF_RF_SMOTE,RFERF,supervised,RF,SMOTE,122,FN,18,18,0.0,-0.3455879278609205,-0.46006418200942695,0.8570164804492164,-1.6207647722978762,-1.444486112038744,-1.1388899051981105,-0.4600641820094269,0.36056438502772886,0.8507258558148902,0.8642857527579003,train_oof,0.1755144641265648
RFERF_RF_SMOTE,RFERF,supervised,RF,SMOTE,122,pred_anomaly,384,384,0.0,-0.30257390328562644,-0.30662907362650943,0.7087970984083826,-1.7588231348009753,-1.4056011134521706,-0.894889308654157,-0.30662907362650943,0.3669344346537346,0.7269807178627469,0.8676757269936528,train_oof,0.1755144641265648
RFERF_RF_SMOTE,RFERF,supervised,RF,SMOTE,122,pred_normal,869,869,0.0,0.1338867550193201,0.0888679205446204,1.0749833722271207,-1.6648344373626591,-1.198436021267293,-0.7375767787597579,0.0888679205446204,0.7269807178627469,2.3289097194634576,2.760256245095025,train_oof,0.1755144641265648
RFERF_RF_SMOTE,RFERF,supervised,RF,SMOTE,124,TP,65,65,0.0,0.39561082512013884,0.2991009479565267,0.932950869706029,-1.2831248715424666,-0.7115719323401791,-0.2236608866797079,0.2991009479565267,0.9961167274715012,2.39014828650145,2.452879706657796,train_oof,0.1755144641265648
RFERF_RF_SMOTE,RFERF,supervised,RF,SMOTE,124,FP,319,319,0.0,0.20848513783038938,0.2119739755171568,0.9431187703291766,-1.77626353554931,-1.199482978000666,-0.4850418039978175,0.2119739755171568,0.7347358101533915,1.8673864518652308,2.533036521302015,train_oof,0.1755144641265648
RFERF_RF_SMOTE,RFERF,supervised,RF,SMOTE,124,TN,851,851,0.0,-0.11167929370786346,-0.2236608866797079,0.9993549270635813,-2.488962170103371,-1.6176924457096569,-0.7464227213159271,-0.2236608866797079,0.6476088377140061,1.6060055345471056,2.0416403967439547,train_oof,0.1755144641265648
RFERF_RF_SMOTE,RFERF,supervised,RF,SMOTE,124,FN,18,18,0.0,0.08128351685809515,-0.18009740046002298,1.17891594717547,-2.0054074730648628,-1.116712354183269,-0.7028592350962422,-0.18009740046002298,0.6040453514943211,2.490344304806712,2.5495906460654933,train_oof,0.1755144641265648
RFERF_RF_SMOTE,RFERF,supervised,RF,SMOTE,124,pred_anomaly,384,384,0.0,0.240160058855998,0.2119739755171568,0.9428148255865896,-1.7196310034637194,-1.182057583512792,-0.4627996143720423,0.2119739755171568,0.8218627825927614,1.8673864518652308,2.564402231380189,train_oof,0.1755144641265648
RFERF_RF_SMOTE,RFERF,supervised,RF,SMOTE,124,pred_normal,869,869,0.0,-0.10768236552582978,-0.2236608866797079,1.002983681579996,-2.488962170103371,-1.6176924457096569,-0.7464227213159271,-0.2236608866797079,0.6476088377140061,1.6060055345471056,2.1287673691833247,train_oof,0.1755144641265648
RFERF_RF_SMOTE,RFERF,supervised,RF,SMOTE,125,TP,65,65,0.0,-0.381110092887068,-0.540050795708347,0.7358030059705367,-1.847876345916831,-1.1893390715340855,-0.9256639890240512,-0.540050795708347,0.0853644853875594,0.9173454993254274,1.6102341547475665,train_oof,0.1755144641265648
RFERF_RF_SMOTE,RFERF,supervised,RF,SMOTE,125,FP,319,319,0.0,-0.3810525845696144,-0.4364105491267392,0.7432879489117872,-2.074998585598014,-1.412380029780917,-0.8749160062151262,-0.4364105491267392,0.0174622548685748,0.8287152194901223,1.3503473019401702,train_oof,0.1755144641265648
RFERF_RF_SMOTE,RFERF,supervised,RF,SMOTE,125,TN,851,851,0.0,0.18064175431318014,-0.0147019595877856,1.0508093479589813,-1.4579817382768243,-0.9596151042835436,-0.7062325703995446,-0.0147019595877856,0.7197142704991215,2.2457275563731334,3.459033201699192,train_oof,0.1755144641265648
RFERF_RF_SMOTE,RFERF,supervised,RF,SMOTE,125,FN,18,18,0.0,-0.36624491092378925,-0.47071904454685776,0.857259715904602,-1.5678761376693908,-1.5678761376693908,-0.8538305767381785,-0.4707190445468577,-0.1192356565709585,0.8251414178838581,1.7972154547872092,train_oof,0.1755144641265648
RFERF_RF_SMOTE,RFERF,supervised,RF,SMOTE,125,pred_anomaly,384,384,0.0,-0.38106231905043336,-0.4453450531423948,0.741069839694729,-2.074998585598014,-1.3988353216931828,-0.8920702539251855,-0.4453450531423948,0.0174622548685748,0.8287152194901223,1.4825779613718875,train_oof,0.1755144641265648
RFERF_RF_SMOTE,RFERF,supervised,RF,SMOTE,125,pred_normal,869,869,0.0,0.16931383719664914,-0.0147019595877856,1.0496518314149783,-1.5678761376693908,-0.9596151042835436,-0.7230294379489777,-0.0147019595877856,0.710779766483466,2.211776441113641,3.459033201699192,train_oof,0.1755144641265648
RFERF_RF_SMOTE,RFERF,supervised,RF,SMOTE,126,TP,65,65,0.0,0.1382088802026362,0.0299945930039064,0.9013322435835578,-1.0077057075815068,-0.9201340789542052,-0.5574716097731613,0.0299945930039064,0.5508812927995735,1.814325272905454,2.675159082041451,train_oof,0.1755144641265648
RFERF_RF_SMOTE,RFERF,supervised,RF,SMOTE,126,FP,319,319,0.0,-0.006202999119994015,-0.0914150889033548,0.8287155479050992,-1.1588803437628048,-1.0196116892911211,-0.6142600093749453,-0.0914150889033548,0.41380584548492455,1.472811587024383,2.791085746056127,train_oof,0.1755144641265648
RFERF_RF_SMOTE,RFERF,supervised,RF,SMOTE,126,TN,851,851,0.0,-0.011855427594140905,-0.0639999994404245,1.0660899727825675,-1.452378458670229,-1.3172612320315027,-0.8198731803469183,-0.0639999994404245,0.4705942450867085,1.8041425253906531,4.717974891164911,train_oof,0.1755144641265648
RFERF_RF_SMOTE,RFERF,supervised,RF,SMOTE,126,FN,18,18,0.0,0.07133480727340386,0.0789501099019952,0.6680127610442621,-1.0803948590717891,-0.9632149338245231,-0.4634770173288317,0.0789501099019952,0.4940928931977909,0.9859979269897876,1.2896004605849771,train_oof,0.1755144641265648
RFERF_RF_SMOTE,RFERF,supervised,RF,SMOTE,126,pred_anomaly,384,384,0.0,0.018241720036180357,-0.0639999994404245,0.8419677011123472,-1.1385148487332009,-0.9955255749772622,-0.612301788699022,-0.0639999994404245,0.4284925005543514,1.557406720224284,2.791085746056127,train_oof,0.1755144641265648
RFERF_RF_SMOTE,RFERF,supervised,RF,SMOTE,126,pred_normal,869,869,0.0,-0.010132269679738355,-0.0600835580885778,1.0591785270965584,-1.450263580340232,-1.313344790679656,-0.8042074149395306,-0.0600835580885778,0.4803853484663261,1.8041425253906531,4.717974891164911,train_oof,0.1755144641265648
RFERF_RF_SMOTE,RFERF,supervised,RF,SMOTE,129,TP,65,65,0.0,0.5109796186562916,0.460546058970014,0.6045826416680321,-1.3152804294320821,-0.425293575293491,0.421931196747262,0.460546058970014,0.6922352323065263,1.5108866390661713,2.0231009489139335,train_oof,0.1755144641265648
RFERF_RF_SMOTE,RFERF,supervised,RF,SMOTE,129,FP,319,319,0.0,0.45644897005678836,0.460546058970014,0.5885620288571136,-1.700416738146786,-0.3598034220691955,0.20678834061237716,0.460546058970014,0.8081614571613,1.2367864278338463,1.6819186398202224,train_oof,0.1755144641265648
RFERF_RF_SMOTE,RFERF,supervised,RF,SMOTE,129,TN,851,851,0.0,-0.21309985733608738,0.0743157985559761,1.0715451946490981,-2.624561009524277,-2.4318948893431043,-0.8905659278937204,0.0743157985559761,0.460546058970014,1.078465492720564,2.043510495543296,train_oof,0.1755144641265648
RFERF_RF_SMOTE,RFERF,supervised,RF,SMOTE,129,FN,18,18,0.0,0.11596941549909984,0.22881606654024306,0.9421398290899675,-1.6860974002316262,-1.3185949398046903,-0.3888788621973841,0.22881606654024306,0.7984873320589825,1.28312426250115,1.335640475124093,train_oof,0.1755144641265648
RFERF_RF_SMOTE,RFERF,supervised,RF,SMOTE,129,pred_anomaly,384,384,0.0,0.4656794183874335,0.460546058970014,0.5908588482347837,-1.700416738146786,-0.42997144338094045,0.2288568856335018,0.460546058970014,0.7791390818543478,1.2657475745009104,1.7732880981705488,train_oof,0.1755144641265648
RFERF_RF_SMOTE,RFERF,supervised,RF,SMOTE,129,pred_normal,869,869,0.0,-0.20628369288150356,0.0743157985559761,1.0695708418704126,-2.624561009524277,-2.4318948893431043,-0.8905659278937204,0.0743157985559761,0.460546058970014,1.078465492720564,2.043510495543296,train_oof,0.1755144641265648
RFERF_RF_SMOTE,RFERF,supervised,RF,SMOTE,130,TP,65,65,0.0,0.28906397369343606,0.3159292832246588,0.7292850267912031,-0.922831640115347,-0.8376656071908054,-0.3279376323560655,0.3159292832246588,0.9061406225069912,1.198807402316412,1.601224224554364,train_oof,0.1755144641265648
RFERF_RF_SMOTE,RFERF,supervised,RF,SMOTE,130,FP,319,319,0.0,0.16844142433033277,0.16471811365646,0.7504993815217221,-1.418901831892314,-1.1376490564954609,-0.4267126705417448,0.16471811365646,0.8189503110221016,1.2677060400632107,1.601224224554364,train_oof,0.1755144641265648
RFERF_RF_SMOTE,RFERF,supervised,RF,SMOTE,130,TN,851,851,0.0,-0.0977713723087083,0.1049653127787032,1.081986021239976,-2.5924468411314554,-2.153446671417324,-0.8376656071908054,0.1049653127787032,0.8463878216292344,1.3189227265298609,1.5731769914892948,train_oof,0.1755144641265648
RFERF_RF_SMOTE,RFERF,supervised,RF,SMOTE,130,FN,18,18,0.0,0.5049432451849104,0.9415045250672958,0.8036396155990554,-0.7819979467812217,-0.744682932355521,-0.2334306513759401,0.9415045250672958,1.1372254340648453,1.3938576166102312,1.5373131165134817,train_oof,0.1755144641265648
RFERF_RF_SMOTE,RFERF,supervised,RF,SMOTE,130,pred_anomaly,384,384,0.0,0.18885930377981644,0.1915459018056567,0.7473849295135894,-1.4173165535016796,-1.054726802216126,-0.3992751599346116,0.1915459018056567,0.8390711521339984,1.2625233991707536,1.601224224554364,train_oof,0.1755144641265648
RFERF_RF_SMOTE,RFERF,supervised,RF,SMOTE,130,pred_normal,869,869,0.0,-0.08528706492679214,0.157401444161224,1.0800197547985733,-2.5924468411314554,-2.125399438352255,-0.8205933783685897,0.157401444161224,0.8463878216292344,1.323190783735415,1.5731769914892948,train_oof,0.1755144641265648
RFERF_RF_SMOTE,RFERF,supervised,RF,SMOTE,131,TP,65,65,0.0,0.15948840145824056,0.083076745979686,0.9871261576555869,-1.2396492270149004,-1.0758333621117584,-0.4833078933131073,0.083076745979686,0.4751891885670194,1.3901182212707328,3.760220096465251,train_oof,0.1755144641265648
RFERF_RF_SMOTE,RFERF,supervised,RF,SMOTE,131,FP,319,319,0.0,-0.098703543411072,-0.1227730518969172,0.9605952152483339,-1.5725091227223775,-1.3982369260168692,-0.7011481391949808,-0.1227730518969172,0.4316211393906544,1.3901182212707328,4.405027224275508,train_oof,0.1755144641265648
RFERF_RF_SMOTE,RFERF,supervised,RF,SMOTE,131,TN,851,851,0.0,0.027963563622908583,-0.0040593523730439,1.014577727965769,-1.5725091227223775,-1.3328848522523216,-0.6140120408422507,-0.0040593523730439,0.5623252869197494,1.3901182212707328,1.8257987130344795,train_oof,0.1755144641265648
RFERF_RF_SMOTE,RFERF,supervised,RF,SMOTE,131,FN,18,18,0.0,-0.1250817111963043,-0.2872516720194648,0.72033610254098,-1.1795253191515085,-1.0017676785119065,-0.6902561269008896,-0.2872516720194648,0.3118090041556385,1.0197898032716297,1.3160525376709116,train_oof,0.1755144641265648
RFERF_RF_SMOTE,RFERF,supervised,RF,SMOTE,131,pred_anomaly,384,384,0.0,-0.0549991777430894,-0.0476274015494089,0.968693657901994,-1.5725091227223775,-1.3917017186404144,-0.7011481391949808,-0.0476274015494089,0.4316211393906544,1.3901182212707328,4.87556215538032,train_oof,0.1755144641265648
RFERF_RF_SMOTE,RFERF,supervised,RF,SMOTE,131,pred_normal,869,869,0.0,0.024793465870611882,-0.0040593523730439,1.0092867623885813,-1.5725091227223775,-1.3111008276641392,-0.6140120408422507,-0.0040593523730439,0.5623252869197494,1.3901182212707328,1.8257987130344795,train_oof,0.1755144641265648
RFERF_RF_SMOTE,RFERF,supervised,RF,SMOTE,132,TP,65,65,0.0,0.18711174138385225,0.2756331946108676,1.1222181314523718,-2.2758763044794166,-2.217534317162704,-0.4396350877930873,0.2756331946108676,1.1440398560151468,1.5668511853526261,1.980698316894968,train_oof,0.1755144641265648
RFERF_RF_SMOTE,RFERF,supervised,RF,SMOTE,132,FP,319,319,0.0,0.11677428876124109,0.1000843211226934,0.9230112415048098,-2.219401858370029,-1.7545708518678258,-0.43683377598210393,0.1000843211226934,0.7705316145509402,1.5250182623086366,1.970613594375435,train_oof,0.1755144641265648
RFERF_RF_SMOTE,RFERF,supervised,RF,SMOTE,132,TN,851,851,0.0,-0.048284198698451644,-0.2603511318902715,1.0082153285650595,-1.8963172295034885,-1.3285847024778996,-0.8458253003854103,-0.2603511318902715,0.5856450350261577,1.846235349967852,2.176790143663675,train_oof,0.1755144641265648
RFERF_RF_SMOTE,RFERF,supervised,RF,SMOTE,132,FN,18,18,0.0,-0.48466358134738236,-0.7038921686290109,1.0618928620165256,-2.33720635772784,-2.2406918281334884,-0.8990502247940622,-0.7038921686290109,0.10148497702818501,1.2424592776409662,1.3669122236968427,train_oof,0.1755144641265648
RFERF_RF_SMOTE,RFERF,supervised,RF,SMOTE,132,pred_anomaly,384,384,0.0,0.12868036798121432,0.12903120983616825,0.9583861976015176,-2.219401858370029,-1.8066752515520808,-0.4377675465857623,0.12903120983616825,0.8209552271486108,1.5250182623086366,1.980698316894968,train_oof,0.1755144641265648
RFERF_RF_SMOTE,RFERF,supervised,RF,SMOTE,132,pred_normal,869,869,0.0,-0.05732312722282536,-0.2603511318902715,1.0106287636782474,-1.9859592074548964,-1.3285847024778996,-0.8486266121963936,-0.2603511318902715,0.5819099526115161,1.846235349967852,2.176790143663675,train_oof,0.1755144641265648
RFERF_RF_SMOTE,RFERF,supervised,RF,SMOTE,133,TP,65,65,0.0,0.2972789453498061,0.1355651377430604,0.8615143373799379,-1.6812877600507778,-0.8571603448078665,-0.3242555331752942,0.1355651377430604,1.2171482288284647,1.5446900499745626,1.5578911072523627,train_oof,0.1755144641265648
RFERF_RF_SMOTE,RFERF,supervised,RF,SMOTE,133,FP,319,319,0.0,0.11848207751558748,0.1222732321194762,0.9089301138831837,-1.9359152476256072,-1.4778770944178414,-0.4224510102705602,0.1222732321194762,0.8420177272273038,1.443578584868069,1.738823209370426,train_oof,0.1755144641265648
RFERF_RF_SMOTE,RFERF,supervised,RF,SMOTE,133,TN,851,851,0.0,-0.06848776999636055,-0.0702155112457948,1.0311958105293622,-2.640431060127601,-1.9058932228091279,-0.6615986104176763,-0.0702155112457948,0.6614032894592412,1.611850756600112,2.1469719020373548,train_oof,0.1755144641265648
RFERF_RF_SMOTE,RFERF,supervised,RF,SMOTE,133,FN,18,18,0.0,0.04419344858832852,-0.009411140222352954,1.0268626765798226,-2.4814466074500174,-1.4496173141072464,-0.3921174183085066,-0.009411140222352954,0.6094627293533492,1.4379798269144743,1.6896065753367164,train_oof,0.1755144641265648
RFERF_RF_SMOTE,RFERF,supervised,RF,SMOTE,133,pred_anomaly,384,384,0.0,0.14874717233127552,0.12396520634449551,0.9024833851530001,-1.7924183038812647,-1.4631546322085158,-0.4132594746157316,0.12396520634449551,0.9029707176083506,1.4864655585689983,1.7236244030662282,train_oof,0.1755144641265648
RFERF_RF_SMOTE,RFERF,supervised,RF,SMOTE,133,pred_normal,869,869,0.0,-0.06615375165973869,-0.0702155112457948,1.030641992104939,-2.672102378738196,-1.9066508004576264,-0.6418741541368314,-0.0702155112457948,0.6614032894592412,1.622469038087927,2.1469719020373548,train_oof,0.1755144641265648
RFERF_RF_SMOTE,RFERF,supervised,RF,SMOTE,137,TP,65,65,0.0,0.2179549170400586,0.3741080472438483,0.8665820906051817,-1.720506519096663,-1.2595896416611398,-0.4885706003627461,0.3741080472438483,0.7977448831220867,1.4270381465993973,1.8428954696733255,train_oof,0.1755144641265648
RFERF_RF_SMOTE,RFERF,supervised,RF,SMOTE,137,FP,319,319,0.0,0.15719777816879932,0.0910416159979347,0.9370339375635067,-1.6019652299300071,-1.3421988246573962,-0.520343363053614,0.0910416159979347,0.8535879205787636,1.6920037312214224,2.3517603344423406,train_oof,0.1755144641265648
RFERF_RF_SMOTE,RFERF,supervised,RF,SMOTE,137,TN,851,851,0.0,-0.07597629886076109,-0.1920248152479791,1.020097995930751,-1.8355431762574175,-1.5572907999646652,-0.8852487285032784,-0.1920248152479791,0.6841331862274681,1.8173617222017555,2.191895197557744,train_oof,0.1755144641265648
RFERF_RF_SMOTE,RFERF,supervised,RF,SMOTE,137,FN,18,18,0.0,0.04183123063502851,-0.07167385399420326,1.067635247335548,-1.6116896209353937,-1.3825406051648923,-0.6787257710126371,-0.07167385399420326,0.5146784518761729,1.999910686025651,2.081094908755772,train_oof,0.1755144641265648
RFERF_RF_SMOTE,RFERF,supervised,RF,SMOTE,137,pred_anomaly,384,384,0.0,0.16748218969648643,0.1420705985014496,0.9246768170352737,-1.6214717806002186,-1.337192207506108,-0.5174549300817168,0.1420705985014496,0.8516622985974991,1.5888866741246968,2.3817615249104476,train_oof,0.1755144641265648
RFERF_RF_SMOTE,RFERF,supervised,RF,SMOTE,137,pred_normal,869,869,0.0,-0.07353609686890353,-0.1881735712854496,1.020601125718962,-1.831730444734513,-1.5576759243609182,-0.8813974845407487,-0.1881735712854496,0.6841331862274681,1.832189011457493,2.190508749731233,train_oof,0.1755144641265648
RFERF_RF_SMOTE,RFERF,supervised,RF,SMOTE,139,TP,65,65,0.0,-0.14148076230748366,-0.3634064059942239,1.0067987735055277,-1.1000804399337492,-1.0465712639499376,-0.7259871138877247,-0.3634064059942239,-0.0275104614571091,1.2681491309286324,3.841258921428708,train_oof,0.1755144641265648
RFERF_RF_SMOTE,RFERF,supervised,RF,SMOTE,139,FP,319,319,0.0,-0.04591346363529265,-0.3634064059942239,0.9131125440339096,-1.1035705722261646,-0.9449734105468844,-0.6773609672982968,-0.3634064059942239,0.3604623737059147,1.636145612578937,3.597561687002028,train_oof,0.1755144641265648
RFERF_RF_SMOTE,RFERF,supervised,RF,SMOTE,139,TN,851,851,0.0,0.02527292474497065,-0.269003112466586,1.0276287285463808,-1.1219720641063897,-0.9919692755888292,-0.667450385851864,-0.269003112466586,0.2995004672185807,2.4032489834659714,4.354284060912215,train_oof,0.1755144641265648
RFERF_RF_SMOTE,RFERF,supervised,RF,SMOTE,139,FN,18,18,0.0,0.184913953005229,-0.08659265963479684,0.9816876873276238,-0.9640539078198637,-0.6549162731751117,-0.36983522756703374,-0.08659265963479684,0.49224996578593966,1.385036677701076,3.092727722387962,train_oof,0.1755144641265648
RFERF_RF_SMOTE,RFERF,supervised,RF,SMOTE,139,pred_anomaly,384,384,0.0,-0.06209021992094998,-0.3634064059942239,0.9289465412886393,-1.1035705722261646,-0.9694412472972279,-0.695134342045509,-0.3634064059942239,0.3125382622326279,1.636145612578937,3.683097630694764,train_oof,0.1755144641265648
RFERF_RF_SMOTE,RFERF,supervised,RF,SMOTE,139,pred_normal,869,869,0.0,0.02857964339708188,-0.269003112466586,1.026408214393891,-1.1170003182743664,-0.9919692755888292,-0.6585586839417141,-0.269003112466586,0.3048901653853565,2.4097406910415065,4.354284060912215,train_oof,0.1755144641265648
RFERF_RF_SMOTE,RFERF,supervised,RF,SMOTE,144,TP,65,65,0.0,-0.17922231933693106,-0.3132311551450702,0.9590963887631191,-1.1058234479627131,-1.0503673722888505,-0.7102758283969075,-0.3132311551450702,0.0594050340953838,1.3117229871060965,3.4309652029104525,train_oof,0.1755144641265648
RFERF_RF_SMOTE,RFERF,supervised,RF,SMOTE,144,FP,319,319,0.0,-0.18962271531981545,-0.3587936586329859,0.8153336481173944,-1.2471973873566464,-1.0489028632481674,-0.6809856475832474,-0.3587936586329859,0.08137266970562901,1.541650906493324,3.04781709322243,train_oof,0.1755144641265648
RFERF_RF_SMOTE,RFERF,supervised,RF,SMOTE,144,TN,851,851,0.0,0.09148456145794069,-0.1277266766585559,1.0585346157557518,-1.117897511387011,-0.9494789717084654,-0.541043672584649,-0.1277266766585559,0.305117106476644,2.0356786228837307,4.536734617916821,train_oof,0.1755144641265648
RFERF_RF_SMOTE,RFERF,supervised,RF,SMOTE,144,FN,18,18,0.0,-0.2786072685659596,-0.440155272004264,0.6410461312528866,-1.071228489957246,-0.9008247269124411,-0.5552819549246226,-0.440155272004264,-0.138303686396822,0.5164945780152224,1.6075212686787133,train_oof,0.1755144641265648
RFERF_RF_SMOTE,RFERF,supervised,RF,SMOTE,144,pred_anomaly,384,384,0.0,-0.18786223162479598,-0.3530983456969964,0.8400450470894252,-1.2175817600895011,-1.0501232874487365,-0.6931898895889392,-0.3530983456969964,0.07689778097020858,1.5204155254034248,3.1035335260590853,train_oof,0.1755144641265648
RFERF_RF_SMOTE,RFERF,supervised,RF,SMOTE,144,pred_normal,869,869,0.0,0.08381867775203712,-0.1326083734608327,1.0526582223595868,-1.1164330023463283,-0.9504553110689207,-0.541043672584649,-0.1326083734608327,0.2920992483372395,2.0286815241337997,4.513595375074021,train_oof,0.1755144641265648
RFERF_RF_SMOTE,RFERF,supervised,RF,SMOTE,156,TP,65,65,0.0,0.0100407922171729,-0.1275939704047138,0.41844584645511956,-0.45387606711083195,-0.36435611623561937,-0.2388630021178817,-0.1275939704047138,0.035294715196006,0.9876199742503554,1.2551703758666366,train_oof,0.1755144641265648
RFERF_RF_SMOTE,RFERF,supervised,RF,SMOTE,156,FP,319,319,0.0,-0.040917541473640684,-0.1230055567258203,0.507432852328731,-0.46413117168315904,-0.41127264610230563,-0.2463191743460836,-0.1230055567258203,0.0674136109482606,0.4769295317895065,1.2110527783440748,train_oof,0.1755144641265648
RFERF_RF_SMOTE,RFERF,supervised,RF,SMOTE,156,TN,851,851,0.0,0.013095365936988028,-0.1207113498863735,1.165546044774229,-0.48950509932744024,-0.4103549633665269,-0.26008441538276417,-0.1207113498863735,0.09953250670051525,0.5021658070234216,0.9093875210252214,train_oof,0.1755144641265648
RFERF_RF_SMOTE,RFERF,supervised,RF,SMOTE,156,FN,18,18,0.0,0.0697715457554698,-0.08228338532564031,0.5096386560732041,-0.5007122997381376,-0.4468902072847167,-0.21448705444875982,-0.08228338532564031,0.1689322635937798,1.3040484525810498,1.3563104843836469,train_oof,0.1755144641265648
RFERF_RF_SMOTE,RFERF,supervised,RF,SMOTE,156,pred_anomaly,384,384,0.0,-0.03229178186451859,-0.12415266014554369,0.4933702416141463,-0.4663794943858169,-0.4109285150763886,-0.24488529507142942,-0.12415266014554369,0.0674136109482606,0.5775878568702332,1.287920178499744,train_oof,0.1755144641265648
RFERF_RF_SMOTE,RFERF,supervised,RF,SMOTE,156,pred_normal,869,869,0.0,0.014269325933228157,-0.1207113498863735,1.1556288826936782,-0.49154694341454785,-0.4129933012318907,-0.2595108636729025,-0.1207113498863735,0.101826713539962,0.5046894345468128,0.9487102262533385,train_oof,0.1755144641265648
RFERF_RF_SMOTE,RFERF,supervised,RF,SMOTE,173,TP,65,65,0.0,-0.11645702094274658,-0.1516814368670571,0.7178797794201653,-1.7096033595690514,-1.381707756442972,-0.5997803593348447,-0.1516814368670571,0.409225605942272,1.190108483417607,1.2579604787637786,train_oof,0.1755144641265648
RFERF_RF_SMOTE,RFERF,supervised,RF,SMOTE,173,FP,319,319,0.0,-0.06843747879661108,-0.0252945612992193,0.9961243833840634,-2.1414913373359075,-1.6411664332285167,-0.7836158147062454,-0.0252945612992193,0.5288231038969622,1.6887621561125306,2.642742827134162,train_oof,0.1755144641265648
RFERF_RF_SMOTE,RFERF,supervised,RF,SMOTE,173,TN,851,851,0.0,0.02755214400036326,0.0739348038160258,1.012085135905775,-2.733733969128998,-1.744573876874929,-0.5799344863117957,0.0739348038160258,0.715269858350343,1.6490704100664324,2.5348230586740885,train_oof,0.1755144641265648
RFERF_RF_SMOTE,RFERF,supervised,RF,SMOTE,173,FN,18,18,0.0,0.3225304764205326,0.3350647120140372,1.2819283837394109,-2.0701819820051943,-1.7640541680265007,-0.4188173329536227,0.3350647120140372,1.256331028136623,2.060820049313056,2.819391987431952,train_oof,0.1755144641265648
RFERF_RF_SMOTE,RFERF,supervised,RF,SMOTE,173,pred_anomaly,384,384,0.0,-0.07656578671197257,-0.0378287968927237,0.9540991456215612,-2.1414913373359075,-1.5565603429723602,-0.6927426066533372,-0.0378287968927237,0.5209892066510216,1.5361578377616103,2.5571966692084964,train_oof,0.1755144641265648
RFERF_RF_SMOTE,RFERF,supervised,RF,SMOTE,173,pred_normal,869,869,0.0,0.03366216699640819,0.0739348038160258,1.0183452277554281,-2.733733969128998,-1.7541834574966153,-0.5611331329215398,0.0739348038160258,0.7257150546782635,1.6728854576940877,2.5348230586740885,train_oof,0.1755144641265648
RFERF_RF_SMOTE,RFERF,supervised,RF,SMOTE,182,TP,65,65,0.0,-0.18697040220544323,-0.3681812850136541,0.6955380301394591,-1.433876112556582,-1.202516256190513,-0.6191446985912561,-0.3681812850136541,0.2781678839173407,0.8359695842841625,1.4030521957946083,train_oof,0.1755144641265648
RFERF_RF_SMOTE,RFERF,supervised,RF,SMOTE,182,FP,319,319,0.0,-0.11824209072610033,-0.2947863244390721,0.9608699402153453,-1.4185815498045884,-1.1835756212035242,-0.6830693416723437,-0.2947863244390721,0.2343676655099291,1.3847744830321596,2.240465020156854,train_oof,0.1755144641265648
RFERF_RF_SMOTE,RFERF,supervised,RF,SMOTE,182,TN,851,851,0.0,0.05447382230946853,0.0035286766060023,1.0326160479172013,-1.536581705773529,-1.3175806137364705,-0.7647508300537331,0.0035286766060023,0.7410296514118812,1.6572828689074672,2.6031308285702233,train_oof,0.1755144641265648
RFERF_RF_SMOTE,RFERF,supervised,RF,SMOTE,182,FN,18,18,0.0,0.23371000457288085,0.4486335988002404,0.8161808836138638,-1.3775987508514913,-1.3051508220262589,-0.16160998468680648,0.4486335988002404,0.7528675482787491,1.1353499960472546,1.4364113891654424,train_oof,0.1755144641265648
RFERF_RF_SMOTE,RFERF,supervised,RF,SMOTE,182,pred_anomaly,384,384,0.0,-0.12987578928380158,-0.3149107491127475,0.9209155594554322,-1.4309639899273323,-1.1906783593236452,-0.6818855519856568,-0.3149107491127475,0.2432460881600802,1.2585825024313504,2.2389260935641615,train_oof,0.1755144641265648
RFERF_RF_SMOTE,RFERF,supervised,RF,SMOTE,182,pred_normal,869,869,0.0,0.058186424473727946,0.0272044703397382,1.0285343534136788,-1.5344508843374929,-1.3190011613604944,-0.7635670403670463,0.0272044703397382,0.7422134410985679,1.6243735156175736,2.602278499995808,train_oof,0.1755144641265648
RFERF_RF_SMOTE,RFERF,supervised,RF,SMOTE,183,TP,65,65,0.0,0.12218987402463766,0.3853376926994163,0.9384992862145518,-1.4594429243921923,-1.36806895351039,-0.6315539087129709,0.3853376926994163,0.8101151970868694,1.3589324134993084,1.9461434313413684,train_oof,0.1755144641265648
RFERF_RF_SMOTE,RFERF,supervised,RF,SMOTE,183,FP,319,319,0.0,-0.003855474520154261,0.2533992254275558,1.0770272626654838,-2.582909212339255,-1.5240839969606852,-0.8858499456887243,0.2533992254275558,0.7987790205751518,1.4508944028272661,1.840961266102067,train_oof,0.1755144641265648
RFERF_RF_SMOTE,RFERF,supervised,RF,SMOTE,183,TN,851,851,0.0,-0.012461841460891373,-0.0052118722849156,0.975301147244845,-1.79398738921128,-1.4326924732894448,-0.7419902089238968,-0.0052118722849156,0.6522863653946993,1.5279511484578836,1.9209873586125272,train_oof,0.1755144641265648
RFERF_RF_SMOTE,RFERF,supervised,RF,SMOTE,183,FN,18,18,0.0,0.20828205554006074,0.6388292268259507,0.9808699942446294,-1.5549213225374632,-1.553528801242088,-0.4943496046098614,0.6388292268259507,0.8045568137649948,1.1983390174707322,1.241507177627352,train_oof,0.1755144641265648
RFERF_RF_SMOTE,RFERF,supervised,RF,SMOTE,183,pred_anomaly,384,384,0.0,0.01748032666581312,0.2803939528499747,1.0547715212901854,-2.063405154287438,-1.4983472194479535,-0.8616417235895085,0.2803939528499747,0.8024358517079639,1.4203013535701605,1.8836818301280334,train_oof,0.1755144641265648
RFERF_RF_SMOTE,RFERF,supervised,RF,SMOTE,183,pred_normal,869,869,0.0,-0.007889470752010892,0.0018092434900838,0.9753560223984595,-1.7856147086495937,-1.4356471928447574,-0.7414051159426469,0.0018092434900838,0.6593074811696983,1.5188675799239781,1.9123777153934314,train_oof,0.1755144641265648
RFERF_RF_SMOTE,RFERF,supervised,RF,SMOTE,200,TP,65,65,0.0,0.3015555971235379,0.0133877775417064,1.8637884185117006,-0.8501755245111848,-0.6229644615994359,-0.1860690763404789,0.0133877775417064,0.3804732639418987,0.8307365021738105,5.929617564715199,train_oof,0.1755144641265648
RFERF_RF_SMOTE,RFERF,supervised,RF,SMOTE,200,FP,319,319,0.0,-0.00290429745224368,-0.0555733687473468,1.186699460851546,-1.1348683552066403,-0.8461863874335411,-0.3717337009648535,-0.0555733687473468,0.24838614528055775,0.741087011998041,1.1782794606563962,train_oof,0.1755144641265648
RFERF_RF_SMOTE,RFERF,supervised,RF,SMOTE,200,TN,851,851,0.0,-0.022064935533175702,-0.0598171315959042,0.8167951572896619,-1.0634670452796664,-0.7839091676309652,-0.3802212266619678,-0.0598171315959042,0.247855674924488,0.7533939242588568,1.166099861281038,train_oof,0.1755144641265648
RFERF_RF_SMOTE,RFERF,supervised,RF,SMOTE,200,FN,18,18,0.0,0.011796366473497487,0.0775746906261329,0.39416418931052216,-0.5468313560963207,-0.4833446638819061,-0.28659320881567607,0.0775746906261329,0.22424974407938902,0.5523456593084617,0.9274942951209122,train_oof,0.1755144641265648
RFERF_RF_SMOTE,RFERF,supervised,RF,SMOTE,200,pred_anomaly,384,384,0.0,0.04863188261917769,-0.0226842066710291,1.3277003446660063,-1.1420615332349446,-0.7830073680256467,-0.3409664203128142,-0.0226842066710291,0.2680135484551343,0.7754084440357458,1.2250245084332558,train_oof,0.1755144641265648
RFERF_RF_SMOTE,RFERF,supervised,RF,SMOTE,200,pred_normal,869,869,0.0,-0.021363550681483972,-0.0587561908837647,0.8101762073286503,-1.0588837814032248,-0.7804080632809055,-0.3802212266619678,-0.0587561908837647,0.2467947342123487,0.7535000183300705,1.1559784868872258,train_oof,0.1755144641265648
RFERF_RF_SMOTE,RFERF,supervised,RF,SMOTE,217,TP,65,65,0.0,0.0013570965225720825,-0.2487876257157356,0.766651078917113,-0.9297873729669025,-0.7946302768000143,-0.5012243331921648,-0.2487876257157356,0.30574546939642,1.5046129145754612,2.173611572454798,train_oof,0.1755144641265648
RFERF_RF_SMOTE,RFERF,supervised,RF,SMOTE,217,FP,319,319,0.0,0.07865751192815908,-0.1039468919177846,1.108705539524016,-1.2009292266366671,-0.8943634677866037,-0.5177775599119306,-0.1039468919177846,0.4443787431744592,1.492404909869633,2.2382105397286827,train_oof,0.1755144641265648
RFERF_RF_SMOTE,RFERF,supervised,RF,SMOTE,217,TN,851,851,0.0,-0.03704254138039154,-0.2363727056759112,0.9648703226743955,-1.1861140887224766,-0.9098821178363841,-0.5426073999915794,-0.2363727056759112,0.19194203569802987,1.3910163962110684,2.695617577062614,train_oof,0.1755144641265648
RFERF_RF_SMOTE,RFERF,supervised,RF,SMOTE,217,FN,18,18,0.0,0.3075847168097275,0.04606672523009345,0.8226656516388692,-0.7437704877035337,-0.6959316624834105,-0.3129313792548283,0.04606672523009345,1.0102921816564538,1.629279403308697,1.9543020099512993,train_oof,0.1755144641265648
RFERF_RF_SMOTE,RFERF,supervised,RF,SMOTE,217,pred_anomaly,384,384,0.0,0.0655728061954425,-0.12360384864750651,1.05814434007127,-1.14982113913939,-0.8859833967597222,-0.5146738299019746,-0.12360384864750651,0.4443787431744592,1.5049232875764567,2.2216780045423192,train_oof,0.1755144641265648
RFERF_RF_SMOTE,RFERF,supervised,RF,SMOTE,217,pred_normal,869,869,0.0,-0.02990411716011291,-0.2322343989959698,0.9629826631878206,-1.1838794031153081,-0.9071922184944229,-0.5405382466516087,-0.2322343989959698,0.2084952624177957,1.3994999249049473,2.6568830265383485,train_oof,0.1755144641265648
RFERF_RF_SMOTE,RFERF,supervised,RF,SMOTE,227,TP,65,65,0.0,0.24429628303162035,-0.1481667666320204,1.2296115941809362,-0.742744144053475,-0.6472383575836036,-0.4623305379145009,-0.1481667666320204,0.4622085604310665,2.0527748538954644,5.357777727787062,train_oof,0.1755144641265648
RFERF_RF_SMOTE,RFERF,supervised,RF,SMOTE,227,FP,319,319,0.0,0.11779615017603311,-0.1481667666320204,0.9658402998385088,-0.9201120332118072,-0.7953441354739116,-0.3950097297825338,-0.1481667666320204,0.3185908364162227,1.6605189451799172,3.869359540528222,train_oof,0.1755144641265648
RFERF_RF_SMOTE,RFERF,supervised,RF,SMOTE,227,TN,851,851,0.0,-0.05833984360699128,-0.2917844906468645,0.9953326686590831,-0.9919208952192293,-0.8348390095779936,-0.5610677231746972,-0.2917844906468645,0.1031642503939564,1.5034370595386863,4.501457048348556,train_oof,0.1755144641265648
RFERF_RF_SMOTE,RFERF,supervised,RF,SMOTE,227,FN,18,18,0.0,-0.22645837312622374,-0.2828083828959368,0.4483067312081774,-0.9510796049525082,-0.859523305893045,-0.5274073191087181,-0.2828083828959368,0.035843442261998426,0.4536812580676847,0.7405576617873355,train_oof,0.1755144641265648
RFERF_RF_SMOTE,RFERF,supervised,RF,SMOTE,227,pred_anomaly,384,384,0.0,0.13920893308127574,-0.1481667666320204,1.0146113236049745,-0.9201120332118072,-0.7854704169478911,-0.4264261069107809,-0.1481667666320204,0.381423590672717,1.8198448577588877,4.4389833384021005,train_oof,0.1755144641265648
RFERF_RF_SMOTE,RFERF,supervised,RF,SMOTE,227,pred_normal,869,869,0.0,-0.061822160674133035,-0.2917844906468645,0.9872452165031077,-0.9886894964288954,-0.8393270634534576,-0.5610677231746972,-0.2917844906468645,0.1031642503939564,1.481894400936459,4.398052287057832,train_oof,0.1755144641265648
RFERF_RF_SMOTE,RFERF,supervised,RF,SMOTE,252,TP,65,65,0.0,-0.026436111300921075,-0.0286086856785004,0.013268562204786713,-0.049118457623096926,-0.04460387343068932,-0.0351783562372194,-0.0286086856785004,-0.0189223834243416,-0.0054585901045325815,0.008434080650903925,train_oof,0.1755144641265648
RFERF_RF_SMOTE,RFERF,supervised,RF,SMOTE,252,FP,319,319,0.0,-0.025396367195949333,-0.0304561448770907,0.027784482201910488,-0.04953059810706838,-0.047096205708456435,-0.037777866170525545,-0.0304561448770907,-0.017237567360615998,-0.0018878087325094272,0.005234097824126763,train_oof,0.1755144641265648
RFERF_RF_SMOTE,RFERF,supervised,RF,SMOTE,252,TN,851,851,0.0,0.012211838435156436,-0.0304561448770907,1.2138148907639226,-0.0561349936701371,-0.0513175596199381,-0.0415409000686323,-0.0304561448770907,-0.0171812678139321,-0.0053896405362481,0.00436408216270485,train_oof,0.1755144641265648
RFERF_RF_SMOTE,RFERF,supervised,RF,SMOTE,252,FN,18,18,0.0,-0.031804785458354023,-0.0333357624315525,0.011764388051241052,-0.05097122705053493,-0.04809569642612867,-0.040755834167651224,-0.0333357624315525,-0.022020596132285977,-0.01565617564931701,-0.012495171570416849,train_oof,0.1755144641265648
RFERF_RF_SMOTE,RFERF,supervised,RF,SMOTE,252,pred_anomaly,384,384,0.0,-0.025572365547051324,-0.0303435457837229,0.025894680638041807,-0.0495950993161087,-0.046543914106048696,-0.03773094988162225,-0.0303435457837229,-0.017244517921934998,-0.0019472360317868706,0.005571158344730374,train_oof,0.1755144641265648
RFERF_RF_SMOTE,RFERF,supervised,RF,SMOTE,252,pred_normal,869,869,0.0,0.011300101691677509,-0.0306396396959123,1.2011808252557774,-0.05609620953797708,-0.0513203398444657,-0.0415381198441047,-0.0306396396959123,-0.0172625893813644,-0.0054527516330246245,0.003929950102719938,train_oof,0.1755144641265648
RFERF_RF_SMOTE,RFERF,supervised,RF,SMOTE,271,TP,65,65,0.0,0.19711743400558368,0.0711597420252907,1.0375058431281912,-1.608367661146653,-1.3607755871641447,-0.6583305973891548,0.0711597420252907,1.1724341144882446,1.7923229730586845,1.8538692721984824,train_oof,0.1755144641265648
RFERF_RF_SMOTE,RFERF,supervised,RF,SMOTE,271,FP,319,319,0.0,0.11238424745881415,0.142667431613226,0.994627415895021,-1.539098307720123,-1.3813270538195817,-0.8262365835393541,0.142667431613226,0.8413221781232028,1.775609309555699,2.1788501235914675,train_oof,0.1755144641265648
RFERF_RF_SMOTE,RFERF,supervised,RF,SMOTE,271,TN,851,851,0.0,-0.05592498118406687,-0.1041571936444093,0.9928361413232027,-1.641161266640668,-1.3739558307942965,-0.9419497896835864,-0.1041571936444093,0.6968268471557828,1.609923530856871,2.1809247418344584,train_oof,0.1755144641265648
RFERF_RF_SMOTE,RFERF,supervised,RF,SMOTE,271,FN,18,18,0.0,-0.059073839688545134,-0.41122900572818616,1.055452683108007,-1.493990440217046,-1.2177588091680558,-0.9190804779255045,-0.41122900572818616,0.697070241873864,1.652642101520524,1.8450313581973214,train_oof,0.1755144641265648
RFERF_RF_SMOTE,RFERF,supervised,RF,SMOTE,271,pred_anomaly,384,384,0.0,0.12672710455657463,0.13527886321722676,1.0011360091023256,-1.5566625098689795,-1.3919189205167617,-0.8013305895426173,0.13527886321722676,0.8830196100270908,1.7932674564704558,2.1643169410456387,train_oof,0.1755144641265648
RFERF_RF_SMOTE,RFERF,supervised,RF,SMOTE,271,pred_normal,869,869,0.0,-0.055990204950557794,-0.1160079985385598,0.9935291237856958,-1.6381126219028839,-1.3743665244105525,-0.941429428562172,-0.1160079985385598,0.6971150041208672,1.6107437990332083,2.168757355948372,train_oof,0.1755144641265648
RFERF_RF_SMOTE,RFERF,supervised,RF,SMOTE,273,TP,65,65,0.0,0.08248402662905265,-0.1876444534814844,1.0057773977768585,-1.442758392145546,-0.8657941027559084,-0.4373305802073919,-0.1876444534814844,0.2228384236199338,1.8688253355659723,3.7326827196128654,train_oof,0.1755144641265648
RFERF_RF_SMOTE,RFERF,supervised,RF,SMOTE,273,FP,319,319,0.0,0.17449396896836702,-0.1118337535487681,1.1455452362752339,-1.7580741282160812,-1.3420961793174668,-0.41818147161522634,-0.1118337535487681,0.7058243121414587,1.9185217713259435,5.006668478652021,train_oof,0.1755144641265648
RFERF_RF_SMOTE,RFERF,supervised,RF,SMOTE,273,TN,851,851,0.0,-0.06898924372667108,-0.1682038627598553,0.9332790337606126,-2.796662974903808,-1.3332959536348723,-0.5188188450966208,-0.1682038627598553,0.4425399104192609,1.358680916460062,2.6444592820691586,train_oof,0.1755144641265648
RFERF_RF_SMOTE,RFERF,supervised,RF,SMOTE,273,FN,18,18,0.0,0.11565889567724101,-0.19431052305096125,0.9678373293340835,-1.3175967261419523,-0.7476716034475047,-0.3823735256674011,-0.19431052305096125,0.42588107306360157,2.114698115650331,2.593792337549431,train_oof,0.1755144641265648
RFERF_RF_SMOTE,RFERF,supervised,RF,SMOTE,273,pred_anomaly,384,384,0.0,0.1589193693536393,-0.1118337535487681,1.1224063486149276,-1.7580741282160812,-1.316709353154776,-0.42567763159687166,-0.1118337535487681,0.6549923633901837,1.9939332674726549,5.006668478652021,train_oof,0.1755144641265648
RFERF_RF_SMOTE,RFERF,supervised,RF,SMOTE,273,pred_normal,869,869,0.0,-0.06516454118435758,-0.1682038627598553,0.9338015947057198,-2.796662974903808,-1.3332959536348723,-0.5126343546975627,-0.1682038627598553,0.4404361698326964,1.36049064028995,2.7135658930242075,train_oof,0.1755144641265648
RFERF_RF_SMOTE,RFERF,supervised,RF,SMOTE,280,TP,65,65,0.0,-0.19152150654252986,-0.2617418217641674,0.6831405084490391,-1.1884086757646293,-1.0899071889142078,-0.7636602260975254,-0.2617418217641674,0.381341133787947,1.0056021491775606,1.1153968001254826,train_oof,0.1755144641265648
RFERF_RF_SMOTE,RFERF,supervised,RF,SMOTE,280,FP,319,319,0.0,0.03818982659334414,-0.2303719214933327,1.1711505066792502,-1.4054883856388067,-1.077359228805874,-0.6460231000819026,-0.2303719214933327,0.404868558991073,1.5922192842421712,5.5203581961561135,train_oof,0.1755144641265648
RFERF_RF_SMOTE,RFERF,supervised,RF,SMOTE,280,TN,851,851,0.0,0.003919078738114456,-0.1519471708162455,0.95452549025036,-1.3832157564465137,-1.1479415044152526,-0.5597558743370987,-0.1519471708162455,0.4127110340587817,1.4322327928609144,3.7379204627672764,train_oof,0.1755144641265648
RFERF_RF_SMOTE,RFERF,supervised,RF,SMOTE,280,FN,18,18,0.0,-0.19028816003615492,-0.31663914723812864,0.6460179674202465,-1.0563413956244148,-1.0350098634402467,-0.7244478507589819,-0.31663914723812864,0.3107588581785683,0.7962080648697376,0.8282053631459894,train_oof,0.1755144641265648
RFERF_RF_SMOTE,RFERF,supervised,RF,SMOTE,280,pred_anomaly,384,384,0.0,-0.0006936021926762098,-0.2303719214933327,1.1064534333076808,-1.3443170801106787,-1.077359228805874,-0.6577868126834578,-0.2303719214933327,0.4009473214572187,1.3687087448124704,5.499967760980072,train_oof,0.1755144641265648
RFERF_RF_SMOTE,RFERF,supervised,RF,SMOTE,280,pred_normal,869,869,0.0,-0.00010362586250332114,-0.1519471708162455,0.9492967778575634,-1.3803924654221387,-1.1400990293475437,-0.5597558743370987,-0.1519471708162455,0.4127110340587817,1.425958812806746,3.681454642279754,train_oof,0.1755144641265648
RFERF_RF_SMOTE,RFERF,supervised,RF,SMOTE,281,TP,65,65,0.0,-0.1496147489922028,-0.3274339756173822,0.8840730676793194,-1.3511114879926105,-1.1389310581548358,-0.7182926621606511,-0.3274339756173822,0.1937109397736432,1.6975862670448871,2.386242048097314,train_oof,0.1755144641265648
RFERF_RF_SMOTE,RFERF,supervised,RF,SMOTE,281,FP,319,319,0.0,0.11401054183094925,-0.1599231099559809,1.1794459525653576,-1.273311997052093,-1.0384245387579953,-0.5880064333128946,-0.1599231099559809,0.3612218054350445,2.0772775625440563,5.324010385430152,train_oof,0.1755144641265648
RFERF_RF_SMOTE,RFERF,supervised,RF,SMOTE,281,TN,851,851,0.0,-0.02317350279498838,-0.1971477467696444,0.937145752359923,-1.276662214365321,-1.034702075076631,-0.5880064333128946,-0.1971477467696444,0.2681602134009327,1.552410183471674,3.553234412205075,train_oof,0.1755144641265648
RFERF_RF_SMOTE,RFERF,supervised,RF,SMOTE,281,FN,18,18,0.0,-0.3863729839056528,-0.3460462940242044,0.44825534992121485,-1.0002692860240097,-0.9369874034408135,-0.6066187517197171,-0.3460462940242044,-0.25763778159179823,0.0922738044564601,0.8136872659048937,train_oof,0.1755144641265648
RFERF_RF_SMOTE,RFERF,supervised,RF,SMOTE,281,pred_anomaly,384,384,0.0,0.06938646916557194,-0.1971477467696444,1.1381603899805002,-1.3511114879926105,-1.0877471825360747,-0.6066187517197171,-0.1971477467696444,0.3426094870282217,1.887431914794476,5.299814371501283,train_oof,0.1755144641265648
RFERF_RF_SMOTE,RFERF,supervised,RF,SMOTE,281,pred_normal,869,869,0.0,-0.030696622081515367,-0.2157600651764482,0.9309371436871162,-1.276662214365321,-1.034702075076631,-0.5880064333128946,-0.2157600651764482,0.2495478949941105,1.5263529377021208,3.5364833256389288,train_oof,0.1755144641265648
RFERF_RF_SMOTE,RFERF,supervised,RF,SMOTE,282,TP,65,65,0.0,0.1561699242822235,0.2858712954028456,0.8019268373549396,-1.0966253123568912,-1.028220532285446,-0.6441936967966302,0.2858712954028456,0.7059006467187382,1.485955156305394,1.6815688256325103,train_oof,0.1755144641265648
RFERF_RF_SMOTE,RFERF,supervised,RF,SMOTE,282,FP,319,319,0.0,0.32979285990452956,0.3458754884479732,1.3703870149429225,-1.094225144635086,-1.004218855067395,-0.5391863589676571,0.3458754884479732,0.8859132258541206,1.4559530597828312,3.1936744903697116,train_oof,0.1755144641265648
RFERF_RF_SMOTE,RFERF,supervised,RF,SMOTE,282,TN,851,851,0.0,-0.1424597830396674,-0.2241643454807379,0.7904736537660435,-1.1542293376802135,-1.0342209515899587,-0.6741957933191939,-0.2241643454807379,0.2858712954028456,0.9159153223766842,1.6209645906569317,train_oof,0.1755144641265648
RFERF_RF_SMOTE,RFERF,supervised,RF,SMOTE,282,FN,18,18,0.0,0.2992055605239835,0.24086815061900002,1.2509459438051151,-1.043821622477179,-0.9622159199358058,-0.5241853107063752,0.24086815061900002,0.593392784759124,1.7319723477904132,3.9353263164074934,train_oof,0.1755144641265648
RFERF_RF_SMOTE,RFERF,supervised,RF,SMOTE,282,pred_anomaly,384,384,0.0,0.30040356090596215,0.3158733919254094,1.2926552455661706,-1.094225144635086,-1.004218855067395,-0.5541874072289389,0.3158733919254094,0.8559111293315566,1.4559530597828312,2.1015981769484293,train_oof,0.1755144641265648
RFERF_RF_SMOTE,RFERF,supervised,RF,SMOTE,282,pred_normal,869,869,0.0,-0.13331136395549512,-0.1941622489581741,0.8040526130673645,-1.1542293376802135,-1.0342209515899587,-0.6741957933191939,-0.1941622489581741,0.2858712954028456,0.9159153223766842,1.6743683224670876,train_oof,0.1755144641265648
RFERF_RF_SMOTE,RFERF,supervised,RF,SMOTE,288,TP,65,65,0.0,0.1393372801257341,0.2468291464077718,0.7779741929527206,-1.0831613920489167,-1.0026057228469667,-0.6162673093274093,0.2468291464077718,0.7400271211135898,1.3729645219860473,1.6771032730546434,train_oof,0.1755144641265648
RFERF_RF_SMOTE,RFERF,supervised,RF,SMOTE,288,FP,319,319,0.0,0.34667983355432525,0.2468291464077718,1.532677066107851,-0.9450659591312875,-0.9039661279058032,-0.4518679844254699,0.2468291464077718,0.8633266147900442,1.5209239143978013,3.5981093845337906,train_oof,0.1755144641265648
RFERF_RF_SMOTE,RFERF,supervised,RF,SMOTE,288,TN,851,851,0.0,-0.14544405322244972,-0.2463688282980458,0.6541664495208853,-1.0272656215822575,-0.9450659591312875,-0.657367140552894,-0.2463688282980458,0.2057293151822872,0.9044264460155292,1.6031235768487706,train_oof,0.1755144641265648
RFERF_RF_SMOTE,RFERF,supervised,RF,SMOTE,288,FN,18,18,0.0,0.18517939956954466,0.02078007466760535,1.581660450759732,-1.0474045388827449,-0.9635608831827558,-0.7703916764229772,0.02078007466760535,0.3701286400842262,1.5353088553267136,5.14058605042624,train_oof,0.1755144641265648
RFERF_RF_SMOTE,RFERF,supervised,RF,SMOTE,288,pred_anomaly,384,384,0.0,0.3115827867500064,0.2468291464077718,1.4344424987337296,-1.0272656215822575,-0.9039661279058032,-0.4929678156509547,0.2468291464077718,0.8222267835645592,1.5147589397139771,2.3425095405952736,train_oof,0.1755144641265648
RFERF_RF_SMOTE,RFERF,supervised,RF,SMOTE,288,pred_normal,869,869,0.0,-0.13859569631766733,-0.2463688282980458,0.6857658992603968,-1.0272656215822575,-0.9450659591312875,-0.657367140552894,-0.2463688282980458,0.2468291464077718,0.9044264460155292,1.6162755228409234,train_oof,0.1755144641265648
RFERF_RF_SMOTE,RFERF,supervised,RF,SMOTE,295,TP,65,65,0.0,0.4087478790663844,-0.0345998109393365,1.48573647365301,-0.6105066555330656,-0.5291922554894877,-0.321464018663042,-0.0345998109393365,0.1683533099062414,4.604375076810048,5.22669357122242,train_oof,0.1755144641265648
RFERF_RF_SMOTE,RFERF,supervised,RF,SMOTE,295,FP,319,319,0.0,0.3581798372223004,-0.0847178827768262,1.5399990162272599,-0.7593069601176099,-0.6483037483706808,-0.3567365380606302,-0.0847178827768262,0.25445655549516577,5.153737755103535,5.838591975068571,train_oof,0.1755144641265648
RFERF_RF_SMOTE,RFERF,supervised,RF,SMOTE,295,TN,851,851,0.0,-0.16687569099169414,-0.2316537169293041,0.5399781366350186,-0.8302752632467114,-0.7005740142361132,-0.46059586366133376,-0.2316537169293041,0.0516901699989013,0.3738930748007515,1.2596675036266864,train_oof,0.1755144641265648
RFERF_RF_SMOTE,RFERF,supervised,RF,SMOTE,295,FN,18,18,0.0,0.08617040061924415,-0.2478169241341546,1.3982335729383568,-0.7705252198733571,-0.7360881835541508,-0.48557692420716686,-0.2478169241341546,0.017219064156239798,1.7184546523660291,4.662893835586828,train_oof,0.1755144641265648
RFERF_RF_SMOTE,RFERF,supervised,RF,SMOTE,295,pred_anomaly,384,384,0.0,0.3667395318052833,-0.0718023590706989,1.5291598559127257,-0.7315285376770398,-0.6323211748961288,-0.34535397700493914,-0.0718023590706989,0.24956254089602822,4.949562540801093,5.814558895971287,train_oof,0.1755144641265648
RFERF_RF_SMOTE,RFERF,supervised,RF,SMOTE,295,pred_normal,869,869,0.0,-0.16163422994566778,-0.2316537169293041,0.5701934032305535,-0.8298370084699374,-0.7066313181692866,-0.460695959707412,-0.2316537169293041,0.0513552261393723,0.37671058494196413,1.3739739438826521,train_oof,0.1755144641265648
RFERF_RF_SMOTE,RFERF,supervised,RF,SMOTE,310,TP,65,65,0.0,0.15855875394777205,0.121756468219912,0.8666691506538557,-1.701744214901656,-1.1308180889767872,-0.4045162176884867,0.121756468219912,0.7095415459877334,1.5570456116064535,2.225662528751028,train_oof,0.1755144641265648
RFERF_RF_SMOTE,RFERF,supervised,RF,SMOTE,310,FP,319,319,0.0,0.0616795797581138,-0.0445548134740834,0.908564478766072,-1.7964277336304568,-1.3796015404971207,-0.5104542258908265,-0.0445548134740834,0.7528280439628835,1.5597794956890936,2.3665486884764615,train_oof,0.1755144641265648
RFERF_RF_SMOTE,RFERF,supervised,RF,SMOTE,310,TN,851,851,0.0,-0.03834641188761483,-0.1037889685979735,1.042124284875355,-2.195210291818362,-1.7145023406206474,-0.7006869933079314,-0.1037889685979735,0.5705691051201479,1.762086917804531,2.6243995222042225,train_oof,0.1755144641265648
RFERF_RF_SMOTE,RFERF,supervised,RF,SMOTE,310,FN,18,18,0.0,0.13846353761382954,-0.0741718910360285,0.9037269987714691,-1.2194870627237777,-0.9344340823737391,-0.4740024381222795,-0.0741718910360285,0.6241076684052015,1.6657175038914342,1.9724592979637574,train_oof,0.1755144641265648
RFERF_RF_SMOTE,RFERF,supervised,RF,SMOTE,310,pred_anomaly,384,384,0.0,0.07807839830584241,0.011261986546503198,0.9012376408788638,-1.8415823857287446,-1.3796015404971207,-0.4888109769032514,0.011261986546503198,0.7528280439628835,1.5570456116064535,2.3977149670185702,train_oof,0.1755144641265648
RFERF_RF_SMOTE,RFERF,supervised,RF,SMOTE,310,pred_normal,869,869,0.0,-0.034684065407722994,-0.1037889685979735,1.0392941760310384,-2.195210291818362,-1.7145023406206474,-0.6847393361591919,-0.1037889685979735,0.5705691051201479,1.7648208018871694,2.5870820044761595,train_oof,0.1755144641265648
RFERF_RF_SMOTE,RFERF,supervised,RF,SMOTE,316,TP,65,65,0.0,-0.3458874974077683,-0.4611704880530246,0.89116203714699,-1.8221186389150983,-1.5426048874903415,-0.8409499679247447,-0.4611704880530246,0.0361926645478103,1.1326406839426533,2.4804691800455227,train_oof,0.1755144641265648
RFERF_RF_SMOTE,RFERF,supervised,RF,SMOTE,316,FP,319,319,0.0,-0.26740178073084275,-0.4209237275886968,1.069660881798848,-2.116407291767176,-1.7333133727983927,-0.9757470222740194,-0.4209237275886968,0.2244054561309905,1.6248743474647012,2.635212055389617,train_oof,0.1755144641265648
RFERF_RF_SMOTE,RFERF,supervised,RF,SMOTE,316,TN,851,851,0.0,0.1287676314607709,-0.0256571364598702,0.9581538226241416,-1.5699786032473293,-1.198287933076773,-0.5268180838594223,-0.0256571364598702,0.7371077539578128,1.9350900639064128,2.8157345591154472,train_oof,0.1755144641265648
RFERF_RF_SMOTE,RFERF,supervised,RF,SMOTE,316,FN,18,18,0.0,-0.08887699331124296,-0.1154725173490127,0.8463041564532879,-1.3269858276233282,-1.2733905582716647,-0.728224513217366,-0.1154725173490127,0.2628273022115187,1.3379238233159119,1.4865014473633884,train_oof,0.1755144641265648
RFERF_RF_SMOTE,RFERF,supervised,RF,SMOTE,316,pred_anomaly,384,384,0.0,-0.28068712339750984,-0.4435132083395082,1.0409462329267003,-2.0590211326982475,-1.7262060711036509,-0.9401611917899351,-0.4435132083395082,0.17190217608898417,1.5462895883374788,2.6635593876313677,train_oof,0.1755144641265648
RFERF_RF_SMOTE,RFERF,supervised,RF,SMOTE,316,pred_normal,869,869,0.0,0.12425945741486033,-0.0360147586381894,0.9560387997652806,-1.5686113971197908,-1.2026973208041145,-0.5279524900980002,-0.0360147586381894,0.7334086031798418,1.9303551509106087,2.790645438878926,train_oof,0.1755144641265648
RFERF_RF_SMOTE,RFERF,supervised,RF,SMOTE,333,TP,65,65,0.0,0.2554239328649783,-0.0395115765902701,1.5636733756958008,-0.563645335728581,-0.4196775057637759,-0.1592346823188302,-0.0395115765902701,0.1406563212244539,0.7726808529317202,8.135355993887426,train_oof,0.1755144641265648
RFERF_RF_SMOTE,RFERF,supervised,RF,SMOTE,333,FP,319,319,0.0,0.08732159880926266,-0.0785886044565008,1.7775936817889466,-0.6109476272758,-0.47395321753483016,-0.26203059517589233,-0.0785886044565008,0.06677051616123486,0.3092840357079901,5.14018929382413,train_oof,0.1755144641265648
RFERF_RF_SMOTE,RFERF,supervised,RF,SMOTE,333,TN,851,851,0.0,-0.05327935378726334,-0.080682963480539,0.29927600839539975,-0.6297099028263351,-0.4199028481904129,-0.20485989599439536,-0.080682963480539,0.067857461983837,0.3863060771325222,0.7155578733229236,train_oof,0.1755144641265648
RFERF_RF_SMOTE,RFERF,supervised,RF,SMOTE,333,FN,18,18,0.0,0.026276629377195115,0.0990740157914941,0.17386913261113998,-0.3413057957580569,-0.24732899015335608,-0.07046964937913769,0.0990740157914941,0.1323053960020234,0.20205550476460987,0.29219247541941595,train_oof,0.1755144641265648
RFERF_RF_SMOTE,RFERF,supervised,RF,SMOTE,333,pred_anomaly,384,384,0.0,0.11577642098015199,-0.0724778480635794,1.7424507362152641,-0.6175525463548995,-0.4730187092361296,-0.24263789104824784,-0.0724778480635794,0.07605594968236593,0.41134692290663866,5.912736302347312,train_oof,0.1755144641265648
RFERF_RF_SMOTE,RFERF,supervised,RF,SMOTE,333,pred_normal,869,869,0.0,-0.05163147381377628,-0.0771305064017908,0.2973707613486778,-0.6287411955005331,-0.4177103989336033,-0.2026329826017472,-0.0771305064017908,0.0749358652676113,0.3853092682805749,0.7143028485609236,train_oof,0.1755144641265648
RFERF_RF_SMOTE,RFERF,supervised,RF,SMOTE,338,TP,65,65,0.0,0.04190840219625241,-0.0723784676738478,0.7667723992545463,-0.30655758653299514,-0.24917741942457022,-0.161833065383068,-0.0723784676738478,0.0183492785528492,0.2514595892315744,2.399682550374375,train_oof,0.1755144641265648
RFERF_RF_SMOTE,RFERF,supervised,RF,SMOTE,338,FP,319,319,0.0,0.026823028045767736,-0.1090133162642454,0.8431510958625188,-0.32724402193208907,-0.2758673866578265,-0.19204647113844156,-0.1090133162642454,0.028359408771511198,0.39011501139868904,4.49872314771277,train_oof,0.1755144641265648
RFERF_RF_SMOTE,RFERF,supervised,RF,SMOTE,338,TN,851,851,0.0,-0.013514588314652848,-0.0834230310629599,1.0743273589024558,-0.31791311644750087,-0.2770609633929611,-0.19134623945382928,-0.0834230310629599,0.055397900411426754,0.30294571527834013,0.5337357127839639,train_oof,0.1755144641265648
RFERF_RF_SMOTE,RFERF,supervised,RF,SMOTE,338,FN,18,18,0.0,-0.013662449483460433,-0.05661529759183705,0.22086066865002332,-0.2946953435085335,-0.23272993201441566,-0.15962892701218614,-0.05661529759183705,0.06574223211592647,0.31857202189472167,0.5497897973022176,train_oof,0.1755144641265648
RFERF_RF_SMOTE,RFERF,supervised,RF,SMOTE,338,pred_anomaly,384,384,0.0,0.029376541899365404,-0.09558955658309845,0.8297784181498814,-0.31688934589588474,-0.27262801939867126,-0.18866069179977646,-0.09558955658309845,0.025757411488917824,0.35864198432883654,5.0440836357779935,train_oof,0.1755144641265648
RFERF_RF_SMOTE,RFERF,supervised,RF,SMOTE,338,pred_normal,869,869,0.0,-0.013517651031613183,-0.0823726835360415,1.0635788823053827,-0.3171482724756266,-0.2770657376999016,-0.1909722520768204,-0.0823726835360415,0.0555411296196429,0.30314623616984254,0.5436038869429272,train_oof,0.1755144641265648
RFERF_RF_SMOTE,RFERF,supervised,RF,SMOTE,344,TP,65,65,0.0,-0.1418328497721934,-0.0273056571375614,1.061657019939085,-2.225886049103165,-2.0156040503586437,-0.6632426782350098,-0.0273056571375614,0.421665659213793,1.414975688019487,2.12766226875486,train_oof,0.1755144641265648
RFERF_RF_SMOTE,RFERF,supervised,RF,SMOTE,344,FP,319,319,0.0,0.0657085067809185,0.0941586447072175,1.0564337126901078,-2.0889614312826787,-1.7850732963798517,-0.6264780861015106,0.0941586447072175,0.6929285818856621,1.7993950409964288,2.7181205851550474,train_oof,0.1755144641265648
RFERF_RF_SMOTE,RFERF,supervised,RF,SMOTE,344,TN,851,851,0.0,-0.011745559295664698,-0.0255523367568694,0.9779580272505161,-2.0692291887945187,-1.7774998345090398,-0.5895811679015444,-0.0255523367568694,0.5514168809710867,1.6279335403714215,2.63857387301545,train_oof,0.1755144641265648
RFERF_RF_SMOTE,RFERF,supervised,RF,SMOTE,344,FN,18,18,0.0,-0.10449892568021198,-0.0578564377331998,0.5582653246745876,-1.0911438252944976,-1.0200957547737612,-0.43079540172688296,-0.0578564377331998,0.22301666551585678,0.7037594704260102,1.0615718006749275,train_oof,0.1755144641265648
RFERF_RF_SMOTE,RFERF,supervised,RF,SMOTE,344,pred_anomaly,384,384,0.0,0.030577808406042777,0.06614962730497165,1.0588010469178044,-2.214108918915853,-1.881843900146001,-0.6372819580699557,0.06614962730497165,0.6599435530256355,1.7950106373274795,2.525238802520651,train_oof,0.1755144641265648
RFERF_RF_SMOTE,RFERF,supervised,RF,SMOTE,344,pred_normal,869,869,0.0,-0.013666802788094908,-0.0295441730952998,0.9710032641680905,-2.0677921277126834,-1.7750176180455575,-0.5836375220827211,-0.0295441730952998,0.5492831231493014,1.6109153055065017,2.600057063218466,train_oof,0.1755144641265648
RFERF_RF_SMOTE,RFERF,supervised,RF,SMOTE,348,TP,65,65,0.0,0.7657780925090394,0.2541617712499535,2.3175753072276164,-1.1322098173803548,-1.0201961878540182,-0.2409709389751566,0.2541617712499535,1.2119594729968874,2.285017576140486,10.61558484102958,train_oof,0.1755144641265648
RFERF_RF_SMOTE,RFERF,supervised,RF,SMOTE,348,FP,319,319,0.0,0.2939067372488033,0.0755893183818809,1.1430050979543693,-1.1227941789564018,-0.9560724434150285,-0.5007126886014438,0.0755893183818809,0.7655283408267064,2.1965430426740316,4.266360110008499,train_oof,0.1755144641265648
RFERF_RF_SMOTE,RFERF,supervised,RF,SMOTE,348,TN,851,851,0.0,-0.1657292383603079,-0.2247370796235137,0.6723241594750133,-1.0323715823677504,-0.8822083833650533,-0.5331804073047296,-0.2247370796235137,0.0593554590302378,0.6721836495547593,2.466025107911306,train_oof,0.1755144641265648
RFERF_RF_SMOTE,RFERF,supervised,RF,SMOTE,348,FN,18,18,0.0,-0.3505494895987465,-0.3059063763817283,0.2981343115678978,-0.8385393017091336,-0.7612661311953133,-0.5615896611701049,-0.3059063763817283,-0.249087868650978,0.21520050880601027,0.259356606242479,train_oof,0.1755144641265648
RFERF_RF_SMOTE,RFERF,supervised,RF,SMOTE,348,pred_anomaly,384,384,0.0,0.37378079477983284,0.0918231777335238,1.4190347422628937,-1.1270961516845872,-0.9621601406718947,-0.4844788292498008,0.0918231777335238,0.8527853348417872,2.21480613444463,5.725459388534179,train_oof,0.1755144641265648
RFERF_RF_SMOTE,RFERF,supervised,RF,SMOTE,348,pred_normal,869,869,0.0,-0.16955750593486696,-0.2409709389751566,0.6671436085489592,-1.0309105350261025,-0.8789616114947278,-0.5331804073047296,-0.2409709389751566,0.0512385293544164,0.6681251847168488,2.4119663562703155,train_oof,0.1755144641265648
RFERF_RF_SMOTE,RFERF,supervised,RF,SMOTE,377,TP,65,65,0.0,-0.33536893787089816,-0.3714959728317686,0.7812472388938938,-1.8658415098495904,-1.438885642130213,-0.7984518405511466,-0.3714959728317686,0.0554598948876092,1.2936319112738042,1.8401354219546078,train_oof,0.1755144641265648
RFERF_RF_SMOTE,RFERF,supervised,RF,SMOTE,377,FP,319,319,0.0,-0.2577303027498028,-0.3714959728317686,0.826571499989858,-2.0408934156145357,-1.6523635759899018,-0.7984518405511466,-0.3714959728317686,0.2689378287472977,1.1228495641860532,1.7632833657651197,train_oof,0.1755144641265648
RFERF_RF_SMOTE,RFERF,supervised,RF,SMOTE,377,TN,851,851,0.0,0.12410384953769599,0.0554598948876092,1.0544365559156175,-1.6523635759899018,-1.225407708270524,-0.5849739066914577,0.0554598948876092,0.6958936964666758,1.7632833657651197,2.617195101203876,train_oof,0.1755144641265648
RFERF_RF_SMOTE,RFERF,supervised,RF,SMOTE,377,FN,18,18,0.0,-0.14615815375765256,-0.1580180389720797,0.692608217582338,-1.4025943933740659,-1.2574293983494773,-0.5316044232265353,-0.1580180389720797,0.2155683452823756,0.9413933204053178,1.0865583154299059,train_oof,0.1755144641265648
RFERF_RF_SMOTE,RFERF,supervised,RF,SMOTE,377,pred_anomaly,384,384,0.0,-0.2708722592156132,-0.3714959728317686,0.8186019548855926,-1.9021327586057377,-1.6523635759899018,-0.7984518405511466,-0.3714959728317686,0.2689378287472977,1.1228495641860532,1.7995746145212703,train_oof,0.1755144641265648
RFERF_RF_SMOTE,RFERF,supervised,RF,SMOTE,377,pred_normal,869,869,0.0,0.11850578732904667,0.0554598948876092,1.0486459901792455,-1.6523635759899018,-1.225407708270524,-0.5849739066914577,0.0554598948876092,0.6958936964666758,1.7632833657651197,2.617195101203876,train_oof,0.1755144641265648
RFERF_RF_SMOTE,RFERF,supervised,RF,SMOTE,405,TP,65,65,0.0,-0.0011976161536088237,-0.0537620403597826,1.1207897350772722,-1.5972135137354122,-1.5392783766212168,-1.19575272386076,-0.0537620403597826,0.995383872124855,1.71028860895067,1.778993739502761,train_oof,0.1755144641265648
RFERF_RF_SMOTE,RFERF,supervised,RF,SMOTE,405,FP,319,319,0.0,-0.05894793152085275,-0.1001844258679525,0.9802814101552716,-1.6051981640428175,-1.3944405338357266,-1.0750545215395184,-0.1001844258679525,0.5775824025513268,1.6731507005441344,1.905262628084983,train_oof,0.1755144641265648
RFERF_RF_SMOTE,RFERF,supervised,RF,SMOTE,405,TN,851,851,0.0,0.021937635273240257,-0.0073396548516127,0.9919543780631719,-1.5207094224179487,-1.3071664490803674,-0.907933933710107,-0.0073396548516127,0.8004098529905415,1.7613532330096566,2.0445297846094923,train_oof,0.1755144641265648
RFERF_RF_SMOTE,RFERF,supervised,RF,SMOTE,405,FN,18,18,0.0,-0.030035043322273705,0.12264302457126257,1.1647017397606543,-1.636486851875324,-1.579665852013324,-1.140045861250956,0.12264302457126258,0.758629706033189,1.6341558967172714,1.7099172298666043,train_oof,0.1755144641265648
RFERF_RF_SMOTE,RFERF,supervised,RF,SMOTE,405,pred_anomaly,384,384,0.0,-0.0491724875133766,-0.0862577102155016,1.0041136869590197,-1.6198676378633992,-1.435756456937998,-1.0796967600903353,-0.0862577102155016,0.693638366321751,1.6731507005441344,1.905262628084983,train_oof,0.1755144641265648
RFERF_RF_SMOTE,RFERF,supervised,RF,SMOTE,405,pred_normal,869,869,0.0,0.020861101079086918,-0.0073396548516127,0.9950835890602034,-1.5819869712887324,-1.3071664490803674,-0.9265028879133844,-0.0073396548516127,0.8004098529905415,1.7288575631539378,2.0445297846094923,train_oof,0.1755144641265648
RFERF_RF_SMOTE,RFERF,supervised,RF,SMOTE,416,TP,65,65,0.0,-0.22800034157889135,-0.4415347746160978,0.7635947641962039,-1.2454648718186074,-1.1235717660800921,-0.8481886293592745,-0.4415347746160978,0.4457910707116665,0.9655034167467454,1.681741344980514,train_oof,0.1755144641265648
RFERF_RF_SMOTE,RFERF,supervised,RF,SMOTE,416,FP,319,319,0.0,-0.0019184378020901218,-0.184403499504367,1.0060508939150523,-1.7118326347056505,-1.1444692558377274,-0.7270049879482352,-0.184403499504367,0.72095621560002,1.5347593610692454,2.575868535481176,train_oof,0.1755144641265648
RFERF_RF_SMOTE,RFERF,supervised,RF,SMOTE,416,TN,851,851,0.0,0.01826913008979391,-0.144570446481278,1.0171671497928054,-2.1572295833095927,-1.179635301902141,-0.7026295375908226,-0.144570446481278,0.6122575609574115,1.7314474462703209,2.420697985644964,train_oof,0.1755144641265648
RFERF_RF_SMOTE,RFERF,supervised,RF,SMOTE,416,FN,18,18,0.0,-0.14044731813491362,-0.3812402155003027,0.9102560996881633,-1.2779268282884935,-1.1661445800884755,-0.8878482797883572,-0.3812402155003027,0.3922839845612486,1.4052722125852353,1.715755997820727,train_oof,0.1755144641265648
RFERF_RF_SMOTE,RFERF,supervised,RF,SMOTE,416,pred_anomaly,384,384,0.0,-0.04018751005597575,-0.2723433864645447,0.9721136665663775,-1.7118326347056505,-1.1396437093645324,-0.7388954515372168,-0.2723433864645447,0.6048260212142981,1.5290123036679062,2.575868535481176,train_oof,0.1755144641265648
RFERF_RF_SMOTE,RFERF,supervised,RF,SMOTE,416,pred_normal,869,869,0.0,0.014981562692734367,-0.144570446481278,1.014846205246278,-2.1572295833095927,-1.179635301902141,-0.70768298461614,-0.144570446481278,0.6122575609574115,1.7332508332479815,2.420697985644964,train_oof,0.1755144641265648
RFERF_RF_SMOTE,RFERF,supervised,RF,SMOTE,423,TP,65,65,0.0,0.08725269949013403,-0.2585954253584319,0.876441660889291,-1.0526527114030206,-0.9141707749827759,-0.6183278654999284,-0.2585954253584319,0.7064032023416118,1.5394524529388702,2.263281523547524,train_oof,0.1755144641265648
RFERF_RF_SMOTE,RFERF,supervised,RF,SMOTE,423,FP,319,319,0.0,0.15626627073396454,-0.0302346430322924,1.1180175119287648,-1.345968541291105,-1.1302505995737422,-0.6039550392995066,-0.0302346430322924,0.6498132494376808,1.9400364182792225,2.6680253117781745,train_oof,0.1755144641265648
RFERF_RF_SMOTE,RFERF,supervised,RF,SMOTE,423,TN,851,851,0.0,-0.07890761960879412,-0.3001033665586309,0.9375037787281966,-1.3844708780717694,-1.134779625962194,-0.6968141114598287,-0.3001033665586309,0.3190857338165176,1.6596995066719784,3.5543213690628574,train_oof,0.1755144641265648
RFERF_RF_SMOTE,RFERF,supervised,RF,SMOTE,423,FN,18,18,0.0,0.6229216468795417,-0.1185884808339508,1.4527634626443764,-1.1387440796848067,-0.8939144543390853,-0.5167572501247497,-0.1185884808339508,1.4505233360579683,2.7702942232276437,3.5729571474519277,train_oof,0.1755144641265648
RFERF_RF_SMOTE,RFERF,supervised,RF,SMOTE,423,pred_anomaly,384,384,0.0,0.144584286018212,-0.033612806236232654,1.0802125621196448,-1.3096896612019804,-1.0967742985832907,-0.6061626651404564,-0.033612806236232654,0.6693074625630829,1.8867736892334028,2.771554895780419,train_oof,0.1755144641265648
RFERF_RF_SMOTE,RFERF,supervised,RF,SMOTE,423,pred_normal,869,869,0.0,-0.06437030453768935,-0.2944237820116901,0.9550000074210336,-1.38210228999852,-1.1352890194204857,-0.689212862968434,-0.2944237820116901,0.3348998079752794,1.7037071361300806,3.5909745160821136,train_oof,0.1755144641265648
RFERF_RF_SMOTE,RFERF,supervised,RF,SMOTE,425,TP,65,65,0.0,0.17091544222997226,-0.1311392085912119,0.9761570152762462,-0.7856748314563041,-0.672857252983855,-0.3989284603530265,-0.1311392085912119,0.5211194125047264,1.19146498400574,3.2363329841359096,train_oof,0.1755144641265648
RFERF_RF_SMOTE,RFERF,supervised,RF,SMOTE,425,FP,319,319,0.0,0.20711281247962554,-0.1736617479629217,1.538581948667794,-0.7308263436223753,-0.6511273160560908,-0.4315909619814869,-0.1736617479629217,0.3885496728653707,1.438558971904621,6.958022075731901,train_oof,0.1755144641265648
RFERF_RF_SMOTE,RFERF,supervised,RF,SMOTE,425,TN,851,851,0.0,-0.09029429549687011,-0.2845556276639639,0.693211130218358,-0.765390192199936,-0.6591289079285376,-0.42950899788761976,-0.2845556276639639,-0.027725979097570998,1.1564699615656227,1.6619816589544438,train_oof,0.1755144641265648
RFERF_RF_SMOTE,RFERF,supervised,RF,SMOTE,425,FN,18,18,0.0,-0.05963841285383017,-0.2708651365012621,0.5634264300220057,-0.737226355323912,-0.6002003112405235,-0.38666199657920347,-0.2708651365012621,-0.0187627180960522,0.9702810843191922,1.2831647770710104,train_oof,0.1755144641265648
RFERF_RF_SMOTE,RFERF,supervised,RF,SMOTE,425,pred_anomaly,384,384,0.0,0.20098565345299146,-0.1640360438406271,1.4577028447438645,-0.7393367999655568,-0.6534445150540701,-0.42897724082468397,-0.1640360438406271,0.45412252899060923,1.4080721678184096,6.821300124585863,train_oof,0.1755144641265648
RFERF_RF_SMOTE,RFERF,supervised,RF,SMOTE,425,pred_normal,869,869,0.0,-0.08965930598297514,-0.2826088560437246,0.6905164240883197,-0.7688229994902914,-0.6591974054485089,-0.42778754705676,-0.2826088560437246,-0.0265362853296469,1.1583193946048482,1.6432537159677345,train_oof,0.1755144641265648
RFERF_RF_SMOTE,RFERF,supervised,RF,SMOTE,428,TP,65,65,0.0,-0.06266323514292926,-0.0713045620950758,0.11656199128895398,-0.254183015333985,-0.2364819282665874,-0.1566303577181051,-0.0713045620950758,0.0286847266418099,0.10467920846511233,0.1386110997136179,train_oof,0.1755144641265648
RFERF_RF_SMOTE,RFERF,supervised,RF,SMOTE,428,FP,319,319,0.0,0.04452998486996915,-0.0527839802560395,0.8107305998169071,-0.2689229946265278,-0.24686219537401197,-0.1540407542397266,-0.0527839802560395,0.0433591463526216,0.24693508942078515,2.927051981779921,train_oof,0.1755144641265648
RFERF_RF_SMOTE,RFERF,supervised,RF,SMOTE,428,TN,851,851,0.0,-0.008363618126602607,-0.1778279558111615,1.1039091200753488,-0.2797567155075924,-0.2703980852154776,-0.22685559634907065,-0.1778279558111615,-0.1099191557346949,0.1503523837377801,6.441373360475646,train_oof,0.1755144641265648
RFERF_RF_SMOTE,RFERF,supervised,RF,SMOTE,428,FN,18,18,0.0,-0.14497349986641672,-0.1672073035707229,0.10545921139776486,-0.2684493266485206,-0.2568955430281094,-0.2079279987734537,-0.1672073035707229,-0.11161550991198722,0.03906663273877756,0.09524551245191532,train_oof,0.1755144641265648
RFERF_RF_SMOTE,RFERF,supervised,RF,SMOTE,428,pred_anomaly,384,384,0.0,0.026385299190702486,-0.0606948364515925,0.7413669280812294,-0.2689229946265278,-0.24351701771618242,-0.1566303577181051,-0.0606948364515925,0.03985170873000765,0.1500027326352142,2.927051981779921,train_oof,0.1755144641265648
RFERF_RF_SMOTE,RFERF,supervised,RF,SMOTE,428,pred_normal,869,869,0.0,-0.011193281960108551,-0.1778279558111615,1.0926762236168184,-0.2797508151452366,-0.2703980852154776,-0.2268337431551603,-0.1778279558111615,-0.1099191557346949,0.1503523837377801,6.441373360475646,train_oof,0.1755144641265648
RFERF_RF_SMOTE,RFERF,supervised,RF,SMOTE,452,TP,65,65,0.0,-0.350266042319264,-0.443400013111964,0.883005082070948,-2.1393468892530083,-1.7586533620473028,-0.9805924824245396,-0.443400013111964,0.3795888969794295,1.028435275750264,1.7104938874479823,train_oof,0.1755144641265648
RFERF_RF_SMOTE,RFERF,supervised,RF,SMOTE,452,FP,319,319,0.0,-0.3371296646110712,-0.3650981223827272,1.1100079821974023,-2.3054364478784852,-1.8303809517697058,-1.0609147148253113,-0.3650981223827272,0.30472704747469914,1.345792729668203,2.025503376720623,train_oof,0.1755144641265648
RFERF_RF_SMOTE,RFERF,supervised,RF,SMOTE,452,TN,851,851,0.0,0.15315487545627302,0.0716233016426817,0.9306267728933169,-1.9964421164041233,-1.2372304785384958,-0.500952448836243,0.0716233016426817,0.7597953580308079,1.8011449801349069,2.2832421860264223,train_oof,0.1755144641265648
RFERF_RF_SMOTE,RFERF,supervised,RF,SMOTE,452,FN,18,18,0.0,0.003526259836936496,-0.0743327331685102,0.7648335703890166,-1.0730280282418905,-0.941288646338832,-0.6983998943571084,-0.0743327331685102,0.599150893229264,1.167849771851999,1.2539927724199516,train_oof,0.1755144641265648
RFERF_RF_SMOTE,RFERF,supervised,RF,SMOTE,452,pred_anomaly,384,384,0.0,-0.33935327021271844,-0.3754182460562461,1.073929637215543,-2.26774342474711,-1.8259198189436399,-1.0387182583529024,-0.3754182460562461,0.31428271754277204,1.3377605064281255,2.0493477767510595,train_oof,0.1755144641265648
RFERF_RF_SMOTE,RFERF,supervised,RF,SMOTE,452,pred_normal,869,869,0.0,0.150055548550464,0.0641971809040659,0.9273714203059104,-1.989404774927705,-1.2311366912265131,-0.5035734326263431,0.0641971809040659,0.7584302623067983,1.7913818155167847,2.2808636432369056,train_oof,0.1755144641265648
RFERF_RF_SMOTE,RFERF,supervised,RF,SMOTE,460,TP,65,65,0.0,0.29948028935965004,-0.0537278690784206,1.0707852073341555,-1.2101113557977337,-0.8657501481670684,-0.3729056814433784,-0.0537278690784206,0.7663254697685096,2.449162970134097,3.5170889454969263,train_oof,0.1755144641265648
RFERF_RF_SMOTE,RFERF,supervised,RF,SMOTE,460,FP,319,319,0.0,0.11057430549671816,-0.1015027973427366,0.9766232596849586,-1.2822582556277478,-1.057358579176471,-0.5803734874424353,-0.1015027973427366,0.5854558147998663,1.9319453435983962,2.816397325139213,train_oof,0.1755144641265648
RFERF_RF_SMOTE,RFERF,supervised,RF,SMOTE,460,TN,851,851,0.0,-0.05934801939132075,-0.2788708389619905,1.002797290693479,-1.448127489159209,-1.1809688723526843,-0.7379349483558082,-0.2788708389619905,0.36471306953880667,1.780152075873723,3.140203951010868,train_oof,0.1755144641265648
RFERF_RF_SMOTE,RFERF,supervised,RF,SMOTE,460,FN,18,18,0.0,-0.2506677302399162,-0.3130811929258598,0.6310260316477202,-1.1950492940831385,-1.1179754794530135,-0.47463070552241915,-0.3130811929258598,-0.0179876479884127,0.604117223122976,1.2783085742401914,train_oof,0.1755144641265648
RFERF_RF_SMOTE,RFERF,supervised,RF,SMOTE,460,pred_anomaly,384,384,0.0,0.14255057880684988,-0.09951991131031435,0.9942580255651429,-1.2922698991912238,-1.052370543956709,-0.5507991507285268,-0.09951991131031435,0.5973939769613597,2.1297152030602304,3.3179046273319672,train_oof,0.1755144641265648
RFERF_RF_SMOTE,RFERF,supervised,RF,SMOTE,460,pred_normal,869,869,0.0,-0.0633109132869188,-0.2788708389619905,0.9966398337428334,-1.4454940382712054,-1.181909814900654,-0.7372739863450009,-0.2788708389619905,0.3511819146658726,1.769353887517384,3.1221574601539848,train_oof,0.1755144641265648
RFERF_RF_SMOTE,RFERF,supervised,RF,SMOTE,468,TP,65,65,0.0,-0.19954708120793455,-0.5609850280704225,0.9648515379128181,-0.9574744503925304,-0.9171115117845731,-0.8167976942525832,-0.5609850280704225,-0.1746328630214281,1.5866302959952394,3.1049936742732105,train_oof,0.1755144641265648
RFERF_RF_SMOTE,RFERF,supervised,RF,SMOTE,468,FP,319,319,0.0,-0.3904023267886439,-0.7201992541188972,0.8065683245150149,-0.9802319324172032,-0.9802319324172032,-0.863699820581554,-0.7201992541188972,-0.2888137578635984,1.3460265260352198,2.9891464900010587,train_oof,0.1755144641265648
RFERF_RF_SMOTE,RFERF,supervised,RF,SMOTE,468,TN,851,851,0.0,0.15991003632224038,-0.0854405634484518,1.019342577726197,-0.9802319324172032,-0.9802319324172032,-0.6127347437670354,-0.0854405634484518,0.7975171042341345,2.2092949062151135,3.0674417242866854,train_oof,0.1755144641265648
RFERF_RF_SMOTE,RFERF,supervised,RF,SMOTE,468,FN,18,18,0.0,0.09261808527594712,-0.19416687500463814,1.2035305796108766,-0.9802319324172032,-0.9802319324172032,-0.8944710460088846,-0.19416687500463814,0.5347816842058176,2.203659489770976,2.941488517949482,train_oof,0.1755144641265648
RFERF_RF_SMOTE,RFERF,supervised,RF,SMOTE,468,pred_anomaly,384,384,0.0,-0.35809610032315914,-0.6963952725546976,0.837163307643568,-0.9802319324172032,-0.9802319324172032,-0.8582551001427066,-0.6963952725546976,-0.2388167344260766,1.503578219112015,3.068719233147124,train_oof,0.1755144641265648
RFERF_RF_SMOTE,RFERF,supervised,RF,SMOTE,468,pred_normal,869,869,0.0,0.15851618693347938,-0.0854405634484518,1.022728164641934,-0.9802319324172032,-0.9802319324172032,-0.628037379918921,-0.0854405634484518,0.797448493123619,2.2097892492663775,3.070140585200757,train_oof,0.1755144641265648
RFERF_RF_SMOTE,RFERF,supervised,RF,SMOTE,477,TP,65,65,0.0,0.2988062170429107,0.0465785439833249,1.8373077579456463,-0.35463887158625435,-0.258162326119674,-0.1532056910410382,0.0465785439833249,0.2459393391136109,0.6195932876448045,5.752820328511397,train_oof,0.1755144641265648
RFERF_RF_SMOTE,RFERF,supervised,RF,SMOTE,477,FP,319,319,0.0,0.14054667612700236,-0.0726903595151247,1.7039639884412188,-0.3435405119624873,-0.2935716050954453,-0.177721096575224,-0.0726903595151247,0.08309582401526525,0.40782570361805137,4.60692740055426,train_oof,0.1755144641265648
RFERF_RF_SMOTE,RFERF,supervised,RF,SMOTE,477,TN,851,851,0.0,-0.07407220583421249,-0.1153431071789564,0.32613337958145516,-0.37292247691264613,-0.3178179498636028,-0.21227996709705665,-0.1153431071789564,-0.002416509336021,0.25656503395561403,0.6515727034785493,train_oof,0.1755144641265648
RFERF_RF_SMOTE,RFERF,supervised,RF,SMOTE,477,FN,18,18,0.0,-0.08262894471419219,-0.1416978297530406,0.1560225751430582,-0.2447794200507152,-0.24426952784493042,-0.17772330199133904,-0.1416978297530406,-0.0268309368201032,0.11516213324394006,0.3299347290523274,train_oof,0.1755144641265648
RFERF_RF_SMOTE,RFERF,supervised,RF,SMOTE,477,pred_anomaly,384,384,0.0,0.1673354005007889,-0.0603532617678923,1.7257896904773165,-0.3460392484207666,-0.29154262226965805,-0.17627213818767812,-0.0603532617678923,0.13290073613999692,0.5483490843830692,6.134396572810931,train_oof,0.1755144641265648
RFERF_RF_SMOTE,RFERF,supervised,RF,SMOTE,477,pred_normal,869,869,0.0,-0.07424944553483347,-0.116048840335752,0.32347418584855836,-0.3720697748259479,-0.3176820962309196,-0.2118432947062894,-0.116048840335752,-0.002849241985744,0.25663472510484747,0.6402144576197883,train_oof,0.1755144641265648
RFERF_RF_SMOTE,RFERF,supervised,RF,SMOTE,480,TP,65,65,0.0,-0.006373054235850806,-0.1419511662720021,0.953745021355131,-1.6062615837688956,-1.509831536888298,-0.6431157136903073,-0.1419511662720021,0.5870222476149364,1.6934740972638953,1.8786834785748827,train_oof,0.1755144641265648
RFERF_RF_SMOTE,RFERF,supervised,RF,SMOTE,480,FP,319,319,0.0,0.1640690963596129,-0.0163219454896988,1.0669433101128198,-1.7006739084300733,-1.4603821343862822,-0.5667482047733081,-0.0163219454896988,0.9291829266232432,2.059904618811509,2.9460760399990775,train_oof,0.1755144641265648
RFERF_RF_SMOTE,RFERF,supervised,RF,SMOTE,480,TN,851,851,0.0,-0.055016013527204366,-0.1690931008471891,0.9714195526467342,-1.710378521265199,-1.4872692151156928,-0.6589429685581714,-0.1690931008471891,0.38234829302675616,1.8159081008952782,3.0211354838511273,train_oof,0.1755144641265648
RFERF_RF_SMOTE,RFERF,supervised,RF,SMOTE,480,FN,18,18,0.0,-0.2772008402680911,-0.39156804253275157,0.9165473361929981,-1.4559914735491393,-1.4415868017677973,-0.9083811701118278,-0.39156804253275157,0.0753754507138274,1.1698729929055731,1.9952360094758441,train_oof,0.1755144641265648
RFERF_RF_SMOTE,RFERF,supervised,RF,SMOTE,480,pred_anomaly,384,384,0.0,0.13521821149319324,-0.0272877118013514,1.0494135843278851,-1.6963146610995727,-1.4738716592492471,-0.5949185577207179,-0.0272877118013514,0.848820168151124,2.0306063990890126,2.6268570548740287,train_oof,0.1755144641265648
RFERF_RF_SMOTE,RFERF,supervised,RF,SMOTE,480,pred_normal,869,869,0.0,-0.05961823088202136,-0.1761902264219623,0.9703310414757073,-1.7076186203244703,-1.4865971766049824,-0.6622297521235376,-0.1761902264219623,0.382033880945282,1.8160925929184162,2.999714962710603,train_oof,0.1755144641265648
RFERF_RF_SMOTE,RFERF,supervised,RF,SMOTE,484,TP,65,65,0.0,-0.22055286037062447,-0.4212884102733357,0.8221512353124105,-1.0153846670981137,-1.0153846670981137,-1.0153846670981137,-0.4212884102733357,0.1765652877625194,1.477530385535439,1.9186116829030646,train_oof,0.1755144641265648
RFERF_RF_SMOTE,RFERF,supervised,RF,SMOTE,484,FP,319,319,0.0,0.08747162472445434,-0.3021797971009728,1.1423353475609552,-1.0153846670981137,-1.0153846670981137,-0.7417779234028017,-0.3021797971009728,0.6176684743326624,2.500928887212957,3.490397874717606,train_oof,0.1755144641265648
RFERF_RF_SMOTE,RFERF,supervised,RF,SMOTE,484,TN,851,851,0.0,-0.016440265570798897,-0.3574365362218255,0.9436083950869816,-1.0153846670981137,-1.0153846670981137,-0.6197276230508819,-0.3574365362218255,0.3040387210049177,2.002273247346176,3.326415373435364,train_oof,0.1755144641265648
RFERF_RF_SMOTE,RFERF,supervised,RF,SMOTE,484,FN,18,18,0.0,-0.033611600738420844,-0.2756743029012051,0.9594448206483639,-0.7607986932162513,-0.7122364508027653,-0.46916512094037954,-0.2756743029012051,-0.19347554053643165,1.6521517117352043,2.938775470028331,train_oof,0.1755144641265648
RFERF_RF_SMOTE,RFERF,supervised,RF,SMOTE,484,pred_anomaly,384,384,0.0,0.035332063445339464,-0.3420466082768081,1.099905844512243,-1.0153846670981137,-1.0153846670981137,-0.7725114861395237,-0.3420466082768081,0.5562690718354201,2.3775894350182503,3.4864151480535277,train_oof,0.1755144641265648
RFERF_RF_SMOTE,RFERF,supervised,RF,SMOTE,484,pred_normal,869,869,0.0,-0.016795943399357235,-0.3539897682442329,0.943380750343985,-1.0153846670981137,-1.0153846670981137,-0.6184295204091422,-0.3539897682442329,0.299476332934345,2.0025654033183358,3.3155712673901117,train_oof,0.1755144641265648
RFERF_RF_SMOTE,RFERF,supervised,RF,SMOTE,486,TP,65,65,0.0,0.07604089412098428,-0.0817780322697149,0.8507529315232534,-1.0674901188596386,-1.0674901188596386,-0.516063196141066,-0.0817780322697149,0.5955953777876759,1.7082111926358312,2.098207301981355,train_oof,0.1755144641265648
RFERF_RF_SMOTE,RFERF,supervised,RF,SMOTE,486,FP,319,319,0.0,0.061984726122189235,-0.0915815786012332,0.9070968387035755,-1.0674901188596386,-1.0674901188596386,-0.6016090982977405,-0.0915815786012332,0.6038760566134345,1.8139407462037902,2.2073432339057044,train_oof,0.1755144641265648
RFERF_RF_SMOTE,RFERF,supervised,RF,SMOTE,486,TN,851,851,0.0,-0.04178146034015446,-0.2027665238958431,1.0297983621178077,-1.0674901188596386,-1.0674901188596386,-1.0674901188596386,-0.2027665238958431,0.6721010761558859,1.945554952147114,2.2902566020655253,train_oof,0.1755144641265648
RFERF_RF_SMOTE,RFERF,supervised,RF,SMOTE,486,FN,18,18,0.0,0.4878903690673034,0.5159957040744688,1.0645718508859567,-1.0674901188596386,-1.0674901188596386,-0.28692308709571895,0.5159957040744688,1.164434110943286,1.9771033146676142,2.285325964521814,train_oof,0.1755144641265648
RFERF_RF_SMOTE,RFERF,supervised,RF,SMOTE,486,pred_anomaly,384,384,0.0,0.0643640253928186,-0.08785232318119175,0.896746178472192,-1.0674901188596386,-1.0674901188596386,-0.5822496277781315,-0.08785232318119175,0.597153557911647,1.8062968050746642,2.2023645885538636,train_oof,0.1755144641265648
RFERF_RF_SMOTE,RFERF,supervised,RF,SMOTE,486,pred_normal,869,869,0.0,-0.030810122101564988,-0.1913960343581934,1.0326599976174542,-1.0674901188596386,-1.0674901188596386,-1.0674901188596386,-0.1913960343581934,0.6853060865767275,1.946125506882635,2.2934886141748207,train_oof,0.1755144641265648
RFERF_RF_SMOTE,RFERF,supervised,RF,SMOTE,488,TP,65,65,0.0,-0.23899614301920455,-0.1687238193389359,0.9506823116245613,-1.395282106447686,-1.395282106447686,-1.0791044126793234,-0.1687238193389359,0.3257666427309373,1.5656316396536574,2.0191322615245912,train_oof,0.1755144641265648
RFERF_RF_SMOTE,RFERF,supervised,RF,SMOTE,488,FP,319,319,0.0,0.03133652945882102,0.0065365436013655,1.0397933506653443,-1.395282106447686,-1.395282106447686,-0.8850042848409407,0.0065365436013655,0.7114918035626195,2.028794177935718,2.369784709429348,train_oof,0.1755144641265648
RFERF_RF_SMOTE,RFERF,supervised,RF,SMOTE,488,TN,851,851,0.0,0.0025354704283945943,-0.0006284552303926,0.9707490651225437,-1.395282106447686,-1.395282106447686,-0.7503605933432789,-0.0006284552303926,0.5590717094921127,1.8244411343640299,2.404641972452317,train_oof,0.1755144641265648
RFERF_RF_SMOTE,RFERF,supervised,RF,SMOTE,488,FN,18,18,0.0,-0.01407886444316527,-0.07782637776910012,1.360944955629091,-1.395282106447686,-1.395282106447686,-1.3422230046630703,-0.07782637776910006,0.9624547357717652,2.107113848533303,2.4412528746926245,train_oof,0.1755144641265648
RFERF_RF_SMOTE,RFERF,supervised,RF,SMOTE,488,pred_anomaly,384,384,0.0,-0.014422907288761437,-0.0387682463315078,1.0290826388657008,-1.395282106447686,-1.395282106447686,-0.9307891749281185,-0.0387682463315078,0.6481392155977738,1.935971157808985,2.3402187333689843,train_oof,0.1755144641265648
RFERF_RF_SMOTE,RFERF,supervised,RF,SMOTE,488,pred_normal,869,869,0.0,0.00219133000527828,-0.0006284552303926,0.979332781531987,-1.395282106447686,-1.395282106447686,-0.7841681749115248,-0.0006284552303926,0.5644708523431013,1.8263134059327204,2.415799722233462,train_oof,0.1755144641265648
RFERF_RF_SMOTE,RFERF,supervised,RF,SMOTE,489,TP,65,65,0.0,0.11027906005303148,-0.1484152035049011,1.032146221464306,-1.2020520219895654,-0.9149840875584035,-0.6314452842328947,-0.1484152035049011,0.3205236369222787,2.1713974710253257,2.7905913305392067,train_oof,0.1755144641265648
RFERF_RF_SMOTE,RFERF,supervised,RF,SMOTE,489,FP,319,319,0.0,-0.06947790548854922,-0.2375474993957608,0.9147601229059876,-1.2020520219895654,-1.2020520219895654,-0.7180992926064992,-0.2375474993957608,0.31162628753600585,1.8270281757222235,2.6401633946742735,train_oof,0.1755144641265648
RFERF_RF_SMOTE,RFERF,supervised,RF,SMOTE,489,TN,851,851,0.0,0.017895188212806615,-0.2093401782534195,1.0142804326019028,-1.2020520219895654,-1.2020520219895654,-0.6991242245689786,-0.2093401782534195,0.509475427764895,2.1460995538559438,2.941981163113538,train_oof,0.1755144641265648
RFERF_RF_SMOTE,RFERF,supervised,RF,SMOTE,489,FN,18,18,0.0,-0.008778170043930326,-0.3508092755221912,1.229702879452751,-1.2020520219895654,-1.2020520219895654,-1.0719439234485442,-0.3508092755221912,0.9395266234956412,2.269170881689187,2.382227652381758,train_oof,0.1755144641265648
RFERF_RF_SMOTE,RFERF,supervised,RF,SMOTE,489,pred_anomaly,384,384,0.0,-0.03905029413385457,-0.22970676015197988,0.9366676410271476,-1.2020520219895654,-1.2020520219895654,-0.7036239110867946,-0.22970676015197988,0.3202721264475545,2.01625137165119,2.6902344237965465,train_oof,0.1755144641265648
RFERF_RF_SMOTE,RFERF,supervised,RF,SMOTE,489,pred_normal,869,869,0.0,0.017342690573426557,-0.2148774009271079,1.018362228591657,-1.2020520219895654,-1.2020520219895654,-0.6999084759257904,-0.2148774009271079,0.5169865862631378,2.165191328076708,2.941135529006299,train_oof,0.1755144641265648
RFERF_RF_SMOTE,RFERF,supervised,RF,SMOTE,490,TP,65,65,0.0,-0.010280127847814208,0.0264292725609193,0.8762936365959936,-1.392063777234709,-1.3307361547650658,-0.6771899551172684,0.0264292725609193,0.5307190080819161,1.4357832531878303,2.286871158240384,train_oof,0.1755144641265648
RFERF_RF_SMOTE,RFERF,supervised,RF,SMOTE,490,FP,319,319,0.0,0.10355287249051438,-0.0665698899271771,1.052785712130039,-1.6982083789523537,-1.3579559132459655,-0.6393455586110095,-0.0665698899271771,0.7046202222849232,2.0042304900086134,2.8766726638475344,train_oof,0.1755144641265648
RFERF_RF_SMOTE,RFERF,supervised,RF,SMOTE,490,TN,851,851,0.0,-0.029329817411476538,-0.1677009524631284,0.982835405543929,-1.6726677207139575,-1.3967651683676754,-0.7402779408636168,-0.1677009524631284,0.5000634798560902,1.74993595754861,2.8244660894054157,train_oof,0.1755144641265648
RFERF_RF_SMOTE,RFERF,supervised,RF,SMOTE,490,FN,18,18,0.0,-0.41141574428887534,-0.8896855139383124,1.1661968268762912,-1.4972573758516907,-1.4831952890930946,-1.3330531586327963,-0.8896855139383124,0.5184581959485108,1.297760060348745,2.333525038510115,train_oof,0.1755144641265648
RFERF_RF_SMOTE,RFERF,supervised,RF,SMOTE,490,pred_anomaly,384,384,0.0,0.08428426566241187,-0.06636001638843345,1.0248892907995164,-1.6102861972821592,-1.3557620351876316,-0.6519757481726038,-0.06636001638843345,0.6627966234840841,1.9436794555985977,2.921168596408769,train_oof,0.1755144641265648
RFERF_RF_SMOTE,RFERF,supervised,RF,SMOTE,490,pred_normal,869,869,0.0,-0.03724414040778631,-0.1856269509856878,0.9876916821307379,-1.6686542670578546,-1.40092122409757,-0.753533553570667,-0.1856269509856878,0.5001838073516366,1.750962938731528,2.816234681317055,train_oof,0.1755144641265648
RFERF_RF_SMOTE,RFERF,supervised,RF,SMOTE,510,TP,65,65,0.0,0.8167474494832564,0.3255627375110363,1.644359482413987,-0.7976726757843348,-0.6438055783234186,-0.1279824682749487,0.3255627375110363,1.2008646061338444,4.022898110913743,6.454748073239977,train_oof,0.1755144641265648
RFERF_RF_SMOTE,RFERF,supervised,RF,SMOTE,510,FP,319,319,0.0,0.5099107923321669,0.1777920353706084,1.3130230233448283,-0.8854302062459035,-0.7239241528571725,-0.2685649455910223,0.1777920353706084,0.8232922509405378,2.8275708290816586,5.4306451243169995,train_oof,0.1755144641265648
RFERF_RF_SMOTE,RFERF,supervised,RF,SMOTE,510,TN,851,851,0.0,-0.24849351740423334,-0.3475747585338173,0.6392422333210256,-1.0394483210443513,-0.8916209148739387,-0.6083420867518923,-0.3475747585338173,-0.0195274393895737,0.5698331490986452,1.4074215629880644,train_oof,0.1755144641265648
RFERF_RF_SMOTE,RFERF,supervised,RF,SMOTE,510,FN,18,18,0.0,-0.28918924160299275,-0.3912909282553662,0.38169233753308135,-0.9443572188238951,-0.7561851854329286,-0.4781522713035005,-0.3912909282553662,-0.0945277499330935,0.24336945482902309,0.6563658461385736,train_oof,0.1755144641265648
RFERF_RF_SMOTE,RFERF,supervised,RF,SMOTE,510,pred_anomaly,384,384,0.0,0.561849288985346,0.20851243263866082,1.377150266044707,-0.8803369975247325,-0.685284048777962,-0.23507857848824548,0.20851243263866082,0.8423751350779854,3.0684024709252853,5.5994974353429665,train_oof,0.1755144641265648
RFERF_RF_SMOTE,RFERF,supervised,RF,SMOTE,510,pred_normal,869,869,0.0,-0.24933646681226287,-0.3481417988336656,0.6348572399274693,-1.035894481680447,-0.8918875556847045,-0.6041829120874246,-0.3481417988336656,-0.0221173629916708,0.5698827321574226,1.3684351950903886,train_oof,0.1755144641265648
RFERF_RF_SMOTE,RFERF,supervised,RF,SMOTE,525,TP,65,65,0.0,-0.07794064365535955,-0.1989267185240992,0.6329709875525196,-0.9554107768224014,-0.7835283755181631,-0.4070399481659945,-0.1989267185240992,0.0757435110032698,1.2558201369726876,2.1850917717736698,train_oof,0.1755144641265648
RFERF_RF_SMOTE,RFERF,supervised,RF,SMOTE,525,FP,319,319,0.0,0.14732879834090662,-0.051065088778528,1.6253232561635638,-1.1054106377642938,-0.8580056583900085,-0.4094920481617752,-0.051065088778528,0.46058309034106837,1.3281500808482243,2.8190766208827576,train_oof,0.1755144641265648
RFERF_RF_SMOTE,RFERF,supervised,RF,SMOTE,525,TN,851,851,0.0,-0.04985860140991214,-0.1106861486759366,0.6456207465717796,-1.1750376668444849,-0.947150002236616,-0.49755746801023926,-0.1106861486759366,0.2762902606581849,1.0481763093299843,1.9030133978590484,train_oof,0.1755144641265648
RFERF_RF_SMOTE,RFERF,supervised,RF,SMOTE,525,FN,18,18,0.0,0.02381542831484583,-0.06003276876309705,0.609401149593241,-0.9283872336689013,-0.8751248193605512,-0.33606041078813065,-0.06003276876309705,0.4798145603079764,0.8656542461440533,1.190016632385916,train_oof,0.1755144641265648
RFERF_RF_SMOTE,RFERF,supervised,RF,SMOTE,525,pred_anomaly,384,384,0.0,0.10919725216966363,-0.0814886437261774,1.5058066747094414,-1.0963483767798874,-0.8557497263938902,-0.40872138816310133,-0.0814886437261774,0.37364738799066055,1.3168739238676301,2.6801599016218,train_oof,0.1755144641265648
RFERF_RF_SMOTE,RFERF,supervised,RF,SMOTE,525,pred_normal,869,869,0.0,-0.048332557065785965,-0.1104759686762985,0.6446440001665215,-1.1746341212451792,-0.9448555372405641,-0.4972071680108421,-0.1104759686762985,0.2777264906557135,1.0505233193259436,1.8909448622798106,train_oof,0.1755144641265648
RFERF_RF_SMOTE,RFERF,supervised,RF,SMOTE,551,TP,65,65,0.0,0.31134749136158385,0.0051340753639247,2.166913713169888,-0.6385909625517208,-0.5374643466691563,-0.239101224091355,0.0051340753639247,0.1305522021112305,0.6578462898515056,10.050465932419181,train_oof,0.1755144641265648
RFERF_RF_SMOTE,RFERF,supervised,RF,SMOTE,551,FP,319,319,0.0,0.03954381655129587,-0.0476735569507304,1.4371679396039458,-0.608226573970794,-0.4575928027932404,-0.22259883899302524,-0.0476735569507304,0.08104504681624135,0.4909642926587501,0.8075460483851085,train_oof,0.1755144641265648
RFERF_RF_SMOTE,RFERF,supervised,RF,SMOTE,551,TN,851,851,0.0,-0.044019210425757016,-0.0542745109900623,0.28848134200030723,-0.5955527422152769,-0.4305288912319797,-0.21675262111865956,-0.0542745109900623,0.0581323506140067,0.41109274878283564,0.675130910356111,train_oof,0.1755144641265648
RFERF_RF_SMOTE,RFERF,supervised,RF,SMOTE,551,FN,18,18,0.0,-0.1284693527475117,-0.11698357436371515,0.32278601279163155,-0.608622631213154,-0.58169073873268,-0.3199629110731706,-0.11698357436371515,0.0513407536392479,0.22230546325794293,0.6083292554780714,train_oof,0.1755144641265648
RFERF_RF_SMOTE,RFERF,supervised,RF,SMOTE,551,pred_anomaly,384,384,0.0,0.08555225108949566,-0.039356419715777094,1.5842862320931383,-0.6230787205592907,-0.4879571913741671,-0.22754955452252418,-0.039356419715777094,0.0909464778752391,0.5490526882048711,0.9062303112731207,train_oof,0.1755144641265648
RFERF_RF_SMOTE,RFERF,supervised,RF,SMOTE,551,pred_normal,869,869,0.0,-0.0457684653875425,-0.0542745109900623,0.289276906354863,-0.6018896580930355,-0.4410904176949107,-0.2258993160126912,-0.0542745109900623,0.0579417076785798,0.4117528441867682,0.6937456007470265,train_oof,0.1755144641265648
RFERF_RF_SMOTE,RFERF,supervised,RF,SMOTE,552,TP,65,65,0.0,0.11748864109490394,-0.0580775702068808,1.1244103412513786,-0.8200030456166778,-0.6592541212501515,-0.3599216535114746,-0.0580775702068808,0.2265425015363138,1.0980905732589394,4.263809784054477,train_oof,0.1755144641265648
RFERF_RF_SMOTE,RFERF,supervised,RF,SMOTE,552,FP,319,319,0.0,0.02286779693810443,-0.1634924398612337,0.7233353682777781,-0.8821000560904643,-0.7625736639396663,-0.4593883618694493,-0.1634924398612337,0.33924604497192473,1.181027229020056,2.6078754667721595,train_oof,0.1755144641265648
RFERF_RF_SMOTE,RFERF,supervised,RF,SMOTE,552,TN,851,851,0.0,0.0428507142847068,-0.179155159296156,0.9895975237075627,-0.8464856974215378,-0.7877016505448607,-0.6190703996538558,-0.179155159296156,0.3702830362492972,1.425912532587322,3.9309903033677456,train_oof,0.1755144641265648
RFERF_RF_SMOTE,RFERF,supervised,RF,SMOTE,552,FN,18,18,0.0,-0.25445164316135205,-0.42324055990946285,0.5188180085282581,-0.7822724612601909,-0.7605557041215117,-0.6359159772662768,-0.42324055990946285,-0.0005867922117969021,0.7171524020213917,1.0591316655348795,train_oof,0.1755144641265648
RFERF_RF_SMOTE,RFERF,supervised,RF,SMOTE,552,pred_anomaly,384,384,0.0,0.03888434607922935,-0.11049199168942955,0.8043300330510305,-0.8732034854139046,-0.7561161925215717,-0.4502636739960547,-0.11049199168942955,0.3160856662440454,1.1688770941844657,2.7676943748746776,train_oof,0.1755144641265648
RFERF_RF_SMOTE,RFERF,supervised,RF,SMOTE,552,pred_normal,869,869,0.0,0.03669255268053065,-0.1924912415726559,0.9828844844218374,-0.8452854500166529,-0.7877016505448607,-0.6202987230214282,-0.1924912415726559,0.3684058136071756,1.3756093797512146,3.9210724695484296,train_oof,0.1755144641265648
RFERF_RF_SMOTE,RFERF,supervised,RF,SMOTE,563,TP,65,65,0.0,-0.04767031156158037,-0.0790054285279027,0.6129713103751735,-0.9696612861732327,-0.9210746379817368,-0.4151707176510656,-0.0790054285279027,0.3267112997241911,0.8602701970418424,1.3451430869692418,train_oof,0.1755144641265648
RFERF_RF_SMOTE,RFERF,supervised,RF,SMOTE,563,FP,319,319,0.0,0.15518108477466475,0.0766573161892273,0.7897067065459062,-0.963285737586414,-0.9210746379817368,-0.3895241332672136,0.0766573161892273,0.5393293986472901,1.5708540668090794,2.482408475926008,train_oof,0.1755144641265648
RFERF_RF_SMOTE,RFERF,supervised,RF,SMOTE,563,TN,851,851,0.0,0.004411769681533748,-0.1232683849250544,0.9855893396094477,-1.246476013906375,-0.9210746379817368,-0.9210746379817368,-0.1232683849250544,0.6731124087085176,1.7297459854857675,2.5540133384958885,train_oof,0.1755144641265648
RFERF_RF_SMOTE,RFERF,supervised,RF,SMOTE,563,FN,18,18,0.0,0.08212631432300976,-0.0916720225965397,0.9325797888977493,-0.9210746379817368,-0.9210746379817368,-0.8707740436117068,-0.0916720225965397,0.7792096507237201,1.5607111486027774,1.892339034316101,train_oof,0.1755144641265648
RFERF_RF_SMOTE,RFERF,supervised,RF,SMOTE,563,pred_anomaly,384,384,0.0,0.12084425987399826,0.060150023482965054,0.7657576189908495,-0.9775437826078448,-0.9210746379817368,-0.3967478662151282,0.060150023482965054,0.5008788126216133,1.5258112300398683,2.4092138661760405,train_oof,0.1755144641265648
RFERF_RF_SMOTE,RFERF,supervised,RF,SMOTE,563,pred_normal,869,869,0.0,0.006021507084924502,-0.1232683849250544,0.9840723722566824,-1.2405144619810384,-0.9210746379817368,-0.9210746379817368,-0.1232683849250544,0.6734123086941189,1.7301599821472489,2.5516287177257526,train_oof,0.1755144641265648
RFERF_RF_SMOTE,RFERF,supervised,RF,SMOTE,571,TP,65,65,0.0,-0.031954897549599,0.3687776556054301,1.279609573745732,-3.74809892986009,-3.331212001228564,-0.5230971358939007,0.3687776556054301,0.888704664102797,1.3007195494379133,1.6046187038312292,train_oof,0.1755144641265648
RFERF_RF_SMOTE,RFERF,supervised,RF,SMOTE,571,FP,319,319,0.0,0.11296061968415334,0.2742454722422714,1.1215516404326338,-3.74809892986009,-1.850438065908824,-0.31476274717432573,0.2742454722422714,0.8974307117978583,1.4669143994967582,1.671583848184407,train_oof,0.1755144641265648
RFERF_RF_SMOTE,RFERF,supervised,RF,SMOTE,571,TN,851,851,0.0,-0.0356808928346428,-0.0289846851610872,0.9123956617417703,-3.321067970783057,-1.6069449766845672,-0.4511072424096497,-0.0289846851610872,0.575475910382181,1.1459412784467746,1.985459783775741,train_oof,0.1755144641265648
RFERF_RF_SMOTE,RFERF,supervised,RF,SMOTE,571,FN,18,18,0.0,-0.19960719645779593,0.24406789063018655,1.4280325975600854,-3.6870165959946655,-3.6870165959946655,-0.2800403490543968,0.24406789063018655,0.5678406186490017,1.128034701405869,1.3295336860976452,train_oof,0.1755144641265648
RFERF_RF_SMOTE,RFERF,supervised,RF,SMOTE,571,pred_anomaly,384,384,0.0,0.08843064931906507,0.31078579696533865,1.149336106631511,-3.74809892986009,-1.9782383061094007,-0.3319421535739764,0.31078579696533865,0.8950674072137792,1.4556614338233353,1.6635086182132701,train_oof,0.1755144641265648
RFERF_RF_SMOTE,RFERF,supervised,RF,SMOTE,571,pred_normal,869,869,0.0,-0.03907637438264827,-0.0289846851610872,0.9250341578960775,-3.6870165959946655,-1.6069449766845672,-0.4511072424096497,-0.0289846851610872,0.5763848736837486,1.1464866564277152,1.9537187852849465,train_oof,0.1755144641265648
RFERF_RF_SMOTE,RFERF,supervised,RF,SMOTE,582,TP,65,65,0.0,0.3585222409382346,0.3783850875229369,1.1201423834514328,-2.401951507672292,-1.3750885319090371,-0.2221195766660836,0.3783850875229369,1.219091617387596,2.3420353394211038,2.465739300244044,train_oof,0.1755144641265648
RFERF_RF_SMOTE,RFERF,supervised,RF,SMOTE,582,FP,319,319,0.0,0.15983150911433786,0.1381832218473487,1.0572414824615577,-2.0728749516966913,-1.5432298378819689,-0.47733405894642944,0.1381832218473487,0.9188392852930772,1.8526240381070251,2.504772103416315,train_oof,0.1755144641265648
RFERF_RF_SMOTE,RFERF,supervised,RF,SMOTE,582,TN,851,851,0.0,-0.08419328078288461,-0.0719934106188243,0.9552257631623983,-2.278848051513541,-1.7233812371386767,-0.7325485412267754,-0.0719934106188243,0.5585364867796615,1.4592934830632174,2.1949116966947892,train_oof,0.1755144641265648
RFERF_RF_SMOTE,RFERF,supervised,RF,SMOTE,582,FN,18,18,0.0,-0.11703126043300546,-0.1020186438282812,1.0337245775335164,-2.3593156765148713,-1.420126381723219,-0.9277125570882074,-0.10201864382828119,0.7612068109434724,1.1170058244754706,1.1986744588051708,train_oof,0.1755144641265648
RFERF_RF_SMOTE,RFERF,supervised,RF,SMOTE,582,pred_anomaly,384,384,0.0,0.19346405486577875,0.1682084550567972,1.0692488524795922,-2.1941768938628825,-1.5342222679191342,-0.4322962091322567,0.1682084550567972,0.9188392852930772,1.9952438958519394,2.525489514330842,train_oof,0.1755144641265648
RFERF_RF_SMOTE,RFERF,supervised,RF,SMOTE,582,pred_normal,869,869,0.0,-0.08487346908403787,-0.0719934106188243,0.9562869813332271,-2.2938606681182656,-1.7233812371386767,-0.7325485412267754,-0.0719934106188243,0.5585364867796615,1.4592934830632174,2.1786980707616754,train_oof,0.1755144641265648
RFERF_RF_SMOTE,RFERF,supervised,RF,SMOTE,586,TP,65,65,0.0,-0.00923315407208327,-0.1318023353815631,0.9287550070733972,-1.9519356650277593,-1.3050188216282512,-0.5272685667006715,-0.1318023353815631,0.5108302905119879,1.583532442965068,2.2643934712194667,train_oof,0.1755144641265648
RFERF_RF_SMOTE,RFERF,supervised,RF,SMOTE,586,FP,319,319,0.0,-0.11376067670718519,-0.1482800950198592,1.001024460227784,-2.1676295386930557,-1.3939987236750506,-0.7744349612751141,-0.1482800950198592,0.4778747712353954,1.4533581418225254,2.3489243781639266,train_oof,0.1755144641265648
RFERF_RF_SMOTE,RFERF,supervised,RF,SMOTE,586,TN,851,851,0.0,0.032771951393640426,-0.0411746573709341,1.0044849844737267,-1.8866837368601064,-1.3223204692484618,-0.6343740043496049,-0.0411746573709341,0.49023309096411755,1.7507817032937751,2.760044481139416,train_oof,0.1755144641265648
RFERF_RF_SMOTE,RFERF,supervised,RF,SMOTE,586,FN,18,18,0.0,0.4806210645084448,0.5108302905119877,0.8195243591107839,-0.7666080254469235,-0.5705226857511989,-0.12150373560762792,0.5108302905119877,0.8548035229614206,1.7289486717730311,2.507687592278909,train_oof,0.1755144641265648
RFERF_RF_SMOTE,RFERF,supervised,RF,SMOTE,586,pred_anomaly,384,384,0.0,-0.0960672158444726,-0.1482800950198592,0.9887716373968843,-2.1408531792808247,-1.392350947711221,-0.7744349612751141,-0.1482800950198592,0.4778747712353954,1.53986637992358,2.4025594857865853,train_oof,0.1755144641265648
RFERF_RF_SMOTE,RFERF,supervised,RF,SMOTE,586,pred_normal,869,869,0.0,0.042048457764257786,-0.024696897732638,1.0026431501732809,-1.8866837368601064,-1.318201029338888,-0.6343740043496049,-0.024696897732638,0.4943525308736916,1.7516055912756892,2.760044481139416,train_oof,0.1755144641265648
