artifact_key,feature_set,category,model,balance_method,feature,group,n,non_null_n,missing_rate,mean,median,std,p01,p05,p25,p50,p75,p95,p99,group_source,threshold
RFERF_RF_ROSE,RFERF,supervised,RF,ROSE,0,TP,58,58,0.0,-0.20968966338681153,-0.32063908067177155,1.0365015879430206,-1.920317738622471,-1.541805473560042,-1.0344637543696107,-0.32063908067177155,0.3500751607156146,2.1890354036256507,2.350703528854787,train_oof,0.20232788980713348
RFERF_RF_ROSE,RFERF,supervised,RF,ROSE,0,FP,263,263,0.0,-0.09850450601398057,-0.0735882750784055,0.9937716482774924,-2.3197459041411572,-1.6643365335681377,-0.7145723344312572,-0.0735882750784055,0.45715053013067636,1.2669192727646528,2.62946519393001,train_oof,0.20232788980713348
RFERF_RF_ROSE,RFERF,supervised,RF,ROSE,0,TN,907,907,0.0,0.038273176446524566,-0.0179317726837895,0.9798191038736922,-2.025014693474767,-1.4241860665210622,-0.5659547914662602,-0.0179317726837895,0.6244537093912258,1.6811130950217437,2.7794708127341066,train_oof,0.20232788980713348
RFERF_RF_ROSE,RFERF,supervised,RF,ROSE,0,FN,25,25,0.0,0.0911709882693368,-0.4965509995113439,1.4704631775029424,-1.8729616628080041,-1.6783107201406025,-0.8631898773962512,-0.4965509995113439,0.6073696990638623,3.01797694378717,3.2943054720790568,train_oof,0.20232788980713348
RFERF_RF_ROSE,RFERF,supervised,RF,ROSE,0,pred_anomaly,321,321,0.0,-0.11859403600657933,-0.1523348851810995,1.0008919227319268,-2.2432842804197484,-1.664536736814161,-0.7522772790990695,-0.1523348851810995,0.4442707879698133,1.3403805171723182,2.5078590729185457,train_oof,0.20232788980713348
RFERF_RF_ROSE,RFERF,supervised,RF,ROSE,0,pred_normal,932,932,0.0,0.03969210916709358,-0.022202775265632697,0.9950271447522571,-2.0204767532315606,-1.4268087290439746,-0.5711934430705485,-0.022202775265632697,0.6223849425156454,1.8228503197650594,2.8600179173627014,train_oof,0.20232788980713348
RFERF_RF_ROSE,RFERF,supervised,RF,ROSE,2,TP,58,58,0.0,0.02415213021501333,-0.13603606623267728,1.1258109253641615,-1.7585183627810252,-1.2954784589568804,-0.9333982971083525,-0.13603606623267728,0.743915660628753,1.624505108342216,3.2150251736524504,train_oof,0.20232788980713348
RFERF_RF_ROSE,RFERF,supervised,RF,ROSE,2,FP,263,263,0.0,0.055073116574367066,-0.0945529583060222,0.9254434092836964,-1.8104976970945754,-1.147192734588653,-0.6158048661663451,-0.0945529583060222,0.6763425902155606,1.6133925479800868,2.4932627817186046,train_oof,0.20232788980713348
RFERF_RF_ROSE,RFERF,supervised,RF,ROSE,2,TN,907,907,0.0,-0.013731836203188444,0.0668723496040478,1.0154005706726648,-2.5553411916221265,-1.6251583471383353,-0.6540968358427355,0.0668723496040478,0.5856814909689401,1.5035501569659848,2.241971777173737,train_oof,0.20232788980713348
RFERF_RF_ROSE,RFERF,supervised,RF,ROSE,2,FN,25,25,0.0,-0.11554642467584944,-0.1482363840957742,0.8134503443644492,-1.2311491662158016,-1.005740674831303,-0.8652643702107332,-0.1482363840957742,0.3311573852970869,1.4365028050406063,1.7574750246494093,train_oof,0.20232788980713348
RFERF_RF_ROSE,RFERF,supervised,RF,ROSE,2,pred_anomaly,321,321,0.0,0.049486147076415306,-0.0945529583060222,0.9628713895736808,-1.8112866802647154,-1.2200229898799937,-0.6527842289499698,-0.0945529583060222,0.6836624430680721,1.61992449883158,2.7146082395253006,train_oof,0.20232788980713348
RFERF_RF_ROSE,RFERF,supervised,RF,ROSE,2,pred_normal,932,932,0.0,-0.016462914220158973,0.062366915134253645,1.0102874471163579,-2.5553411916221265,-1.5710245468342707,-0.65653791301141,0.062366915134253645,0.5797696919711691,1.5035501569659848,2.241971777173737,train_oof,0.20232788980713348
RFERF_RF_ROSE,RFERF,supervised,RF,ROSE,8,TP,58,58,0.0,0.06921173077610554,0.10882140499224374,0.7656382496330989,-1.50619906912634,-1.294045356748731,-0.29043990724949253,0.10882140499224374,0.598162029410654,1.2526254832175874,1.5589086903795184,train_oof,0.20232788980713348
RFERF_RF_ROSE,RFERF,supervised,RF,ROSE,8,FP,263,263,0.0,0.2226598793560035,0.1623271618490666,0.86646441021197,-1.61758586371714,-1.271356206689193,-0.28739211097283757,0.1623271618490666,0.9384992803037348,1.5598433479043583,2.018990470542045,train_oof,0.20232788980713348
RFERF_RF_ROSE,RFERF,supervised,RF,ROSE,8,TN,907,907,0.0,-0.06893901320757645,-0.1221338239720181,1.0448784015887902,-2.356778054015069,-1.694390329888833,-0.7994218854507879,-0.1221338239720181,0.6872254094951106,1.701667467978012,2.0989646448414585,train_oof,0.20232788980713348
RFERF_RF_ROSE,RFERF,supervised,RF,ROSE,8,FN,25,25,0.0,-0.05007037423067622,-0.0923331492669525,0.7854596015327395,-1.4271866438742278,-0.9958354232796303,-0.6734463060157356,-0.0923331492669525,0.483361702990001,1.2882508352513729,1.553368474036622,train_oof,0.20232788980713348
RFERF_RF_ROSE,RFERF,supervised,RF,ROSE,8,pred_anomaly,321,321,0.0,0.19493404565620887,0.139299367758788,0.8500582849050653,-1.5988927132203248,-1.2816509852236695,-0.2901012632187524,0.139299367758788,0.887025387631348,1.5521222640035013,1.977188251387577,train_oof,0.20232788980713348
RFERF_RF_ROSE,RFERF,supervised,RF,ROSE,8,pred_normal,932,932,0.0,-0.06843288018780982,-0.1194246717261033,1.0384445717291144,-2.3550848338613717,-1.6714979934108496,-0.7882466324363864,-0.1194246717261033,0.677404732603671,1.6982810276706184,2.097271424687761,train_oof,0.20232788980713348
RFERF_RF_ROSE,RFERF,supervised,RF,ROSE,9,TP,58,58,0.0,-0.09960071664616474,-0.11168273587433425,0.8286065372069669,-1.84374277541458,-1.2517352313656145,-0.6917906307966876,-0.11168273587433425,0.42875966195931114,1.182734652453834,1.5965118962508724,train_oof,0.20232788980713348
RFERF_RF_ROSE,RFERF,supervised,RF,ROSE,9,FP,263,263,0.0,-0.08395710641372281,-0.0984609035114316,0.9619061326275903,-2.353708849651735,-1.6302101827537023,-0.6934433598420504,-0.0984609035114316,0.4766888042748332,1.5298077519800277,2.2850388165490267,train_oof,0.20232788980713348
RFERF_RF_ROSE,RFERF,supervised,RF,ROSE,9,TN,907,907,0.0,0.029894841338070792,-0.0059080769711131,1.0232617758935914,-2.2842942297464965,-1.6004610599371714,-0.6537778627533425,-0.0059080769711131,0.625434418357488,1.7902778495292102,2.829381654929729,train_oof,0.20232788980713348
RFERF_RF_ROSE,RFERF,supervised,RF,ROSE,9,FN,25,25,0.0,0.01974227781291773,-0.0059080769711131,0.8573620028091264,-2.1594801322406956,-1.6467374732073305,-0.3232320536807765,-0.0059080769711131,0.4370233071861253,1.3440410072812439,1.4770526408520472,train_oof,0.20232788980713348
RFERF_RF_ROSE,RFERF,supervised,RF,ROSE,9,pred_anomaly,321,321,0.0,-0.08678367773298022,-0.0984609035114316,0.9380268576216328,-2.3170843740064946,-1.5528624634307222,-0.7000542760235017,-0.0984609035114316,0.4634669719119306,1.4881589800368855,2.1823051790892753,train_oof,0.20232788980713348
RFERF_RF_ROSE,RFERF,supervised,RF,ROSE,9,pred_normal,932,932,0.0,0.02962250862548621,-0.0059080769711131,1.0187736999863977,-2.2743778554743193,-1.6242603581903963,-0.6339451142089886,-0.0059080769711131,0.6221289602667623,1.7856502082021948,2.8260761968390034,train_oof,0.20232788980713348
RFERF_RF_ROSE,RFERF,supervised,RF,ROSE,14,TP,58,58,0.0,-0.30319326459273827,-0.4004223417923736,1.0704439713007388,-2.089927155480186,-1.6323679274701868,-1.2136443158969725,-0.4004223417923736,0.4225996658849015,1.5819978812607782,1.8882897940155388,train_oof,0.20232788980713348
RFERF_RF_ROSE,RFERF,supervised,RF,ROSE,14,FP,263,263,0.0,-0.07815217094083506,-0.2409819431874653,1.1971566787968717,-2.1608034573267956,-1.775750374385254,-0.9962354530226907,-0.2409819431874653,0.6777079199013051,1.838751528367797,3.075340738809696,train_oof,0.20232788980713348
RFERF_RF_ROSE,RFERF,supervised,RF,ROSE,14,TN,907,907,0.0,0.051148592477840205,0.0317555225141032,0.9283419151645185,-2.1048275460089148,-1.5311075436748744,-0.5763889962744521,0.0317555225141032,0.6913411769378328,1.4881670801130904,2.2966995030970074,train_oof,0.20232788980713348
RFERF_RF_ROSE,RFERF,supervised,RF,ROSE,14,FN,25,25,0.0,-0.2937227585517982,-0.1624731871495302,0.8490896511486882,-1.7480824567230595,-1.5038699595902252,-1.1189347663514395,-0.1624731871495302,0.3456097342383036,0.787732282059489,0.950166934464462,train_oof,0.20232788980713348
RFERF_RF_ROSE,RFERF,supervised,RF,ROSE,14,pred_anomaly,321,321,0.0,-0.11881380156952784,-0.2855341253333597,1.1768792101132055,-2.1745032533366584,-1.7708358926047123,-1.044331558748372,-0.2855341253333597,0.6202999741573065,1.82111146793698,2.9790921138809425,train_oof,0.20232788980713348
RFERF_RF_ROSE,RFERF,supervised,RF,ROSE,14,pred_normal,932,932,0.0,0.04189775151674476,0.0274341054958937,0.927561207386242,-2.1023956188584996,-1.5308001625480563,-0.5839198338814995,0.0274341054958937,0.683177495834395,1.4822436649868742,2.292242476758142,train_oof,0.20232788980713348
RFERF_RF_ROSE,RFERF,supervised,RF,ROSE,15,TP,58,58,0.0,0.004123003859892438,-0.014882073456303699,0.42034523855341077,-0.8878049331146136,-0.6929248036629734,-0.2602256854849172,-0.014882073456303699,0.29530896795068057,0.7011122966534962,0.8833648281874549,train_oof,0.20232788980713348
RFERF_RF_ROSE,RFERF,supervised,RF,ROSE,15,FP,263,263,0.0,0.058371419444260074,-0.0323971090864969,1.435187836072656,-1.1192052030533093,-0.792164159592725,-0.3759303463032657,-0.0323971090864969,0.33089279014754763,0.7346932975546332,0.9061246838653201,train_oof,0.20232788980713348
RFERF_RF_ROSE,RFERF,supervised,RF,ROSE,15,TN,907,907,0.0,-0.015169848162346957,-0.0704568369128045,0.8765442970661478,-0.9409521376580531,-0.7518888955676882,-0.3826206160309876,-0.0704568369128045,0.3039746376537199,0.735571844713467,1.0548377990636557,train_oof,0.20232788980713348
RFERF_RF_ROSE,RFERF,supervised,RF,ROSE,15,FN,25,25,0.0,-0.07227313998444793,-0.1343990964911632,0.35143708717408556,-0.6250718378315928,-0.6136183516350906,-0.3520232145265282,-0.1343990964911632,0.2378919177247491,0.42273611013198314,0.434895841753625,train_oof,0.20232788980713348
RFERF_RF_ROSE,RFERF,supervised,RF,ROSE,15,pred_anomaly,321,321,0.0,0.04856952503960801,-0.0287338336605762,1.310855379621734,-1.096772433144942,-0.7945873523926344,-0.3593870370760228,-0.0287338336605762,0.32788709395869,0.7308260926972971,0.9258443936566463,train_oof,0.20232788980713348
RFERF_RF_ROSE,RFERF,supervised,RF,ROSE,15,pred_normal,932,932,0.0,-0.01670158882281104,-0.07117831048869386,0.8665836098219136,-0.9347796783012193,-0.7466197424259818,-0.38173541321186066,-0.07117831048869386,0.30269541974517505,0.7289609104564527,1.0460004133250285,train_oof,0.20232788980713348
RFERF_RF_ROSE,RFERF,supervised,RF,ROSE,16,TP,58,58,0.0,0.1866155348886138,0.18078674732578093,1.06217226983735,-1.5961202409750672,-1.3155204143649215,-0.4400375534629565,0.18078674732578093,0.6564962332247428,1.7497509832298392,3.3585320931369624,train_oof,0.20232788980713348
RFERF_RF_ROSE,RFERF,supervised,RF,ROSE,16,FP,263,263,0.0,0.1141691761127243,0.1688267351095921,1.1033331505194162,-2.612242878862582,-1.4429244444978868,-0.45080156445752817,0.1688267351095921,0.8492517634423421,1.5999817302525985,2.3383370710898337,train_oof,0.20232788980713348
RFERF_RF_ROSE,RFERF,supervised,RF,ROSE,16,TN,907,907,0.0,-0.052545088550176186,-0.0574168293133384,0.9600981996072431,-2.4938746379589474,-1.5425513462587515,-0.5921290421455065,-0.0574168293133384,0.46912270850443255,1.4740627349698088,1.8598847557226261,train_oof,0.20232788980713348
RFERF_RF_ROSE,RFERF,supervised,RF,ROSE,16,FN,25,25,0.0,0.2633666450078352,0.1576640570411457,0.9566657661709708,-1.91025394850404,-1.4856814881707672,-0.0627988348106256,0.1576640570411457,1.0120075963509978,1.7324388655469023,1.7439284506159243,train_oof,0.20232788980713348
RFERF_RF_ROSE,RFERF,supervised,RF,ROSE,16,pred_anomaly,321,321,0.0,0.12725917240244886,0.1688267351095921,1.0947338626960912,-2.4703492939297016,-1.4298282311211603,-0.4503032306151863,0.1688267351095921,0.8210460679658272,1.6197755504703937,2.477507759908166,train_oof,0.20232788980713348
RFERF_RF_ROSE,RFERF,supervised,RF,ROSE,16,pred_normal,932,932,0.0,-0.044071061362461285,-0.04166947989535605,0.9608521625651117,-2.4922301362792214,-1.5670992713324818,-0.586996203569393,-0.04166947989535605,0.47664754952378574,1.4847470125496043,1.8586887545010071,train_oof,0.20232788980713348
RFERF_RF_ROSE,RFERF,supervised,RF,ROSE,19,TP,58,58,0.0,0.09966997642881271,0.0274810776995651,0.30137293650472213,-0.42036680297604756,-0.2173474746226576,-0.1279176654044139,0.0274810776995651,0.3066208317958896,0.6256939907135193,0.8048636184769236,train_oof,0.20232788980713348
RFERF_RF_ROSE,RFERF,supervised,RF,ROSE,19,FP,263,263,0.0,0.03946041262987239,-0.000629937536488,0.35091747451040606,-0.786162045534613,-0.44720100013689523,-0.1976697639574209,-0.000629937536488,0.2378038221643875,0.694053674493158,0.7386634911948625,train_oof,0.20232788980713348
RFERF_RF_ROSE,RFERF,supervised,RF,ROSE,19,TN,907,907,0.0,-0.022323968737550305,0.0834403884031107,1.1531710449861257,-1.913093238382708,-0.6877472202315698,-0.1346170195027194,0.0834403884031107,0.3183118614968682,0.637884187974767,0.8599349363627289,train_oof,0.20232788980713348
RFERF_RF_ROSE,RFERF,supervised,RF,ROSE,19,FN,25,25,0.0,0.16719545062043725,0.1186448373903197,0.33499270528871566,-0.4792843382735927,-0.26618707959819476,-0.0752423518078854,0.1186448373903197,0.3771610896545808,0.6914790207612587,0.713799692298224,train_oof,0.20232788980713348
RFERF_RF_ROSE,RFERF,supervised,RF,ROSE,19,pred_anomaly,321,321,0.0,0.05033939923528839,-0.000629937536488,0.34284114964187773,-0.786162045534613,-0.4220324463087249,-0.1430240520966783,-0.000629937536488,0.2647170287103682,0.6708817909060603,0.7386634911948625,train_oof,0.20232788980713348
RFERF_RF_ROSE,RFERF,supervised,RF,ROSE,19,pred_normal,932,932,0.0,-0.01724029332558712,0.0834403884031107,1.1392655361207313,-1.9037666865987846,-0.6800232590358741,-0.1335661404284768,0.0834403884031107,0.3214644987196051,0.6397757703084064,0.8573077386771155,train_oof,0.20232788980713348
RFERF_RF_ROSE,RFERF,supervised,RF,ROSE,21,TP,58,58,0.0,0.5741415432784427,0.32320885567810176,1.8199480727455422,-1.8381353728417356,-1.2441024555272537,-0.05554358205718668,0.32320885567810176,0.6258360963470944,5.018950221449913,6.65261667204627,train_oof,0.20232788980713348
RFERF_RF_ROSE,RFERF,supervised,RF,ROSE,21,FP,263,263,0.0,0.15704539286440847,0.1449260107352739,1.4228088130890262,-1.514137856643977,-1.3429863254988619,-0.7405717478856297,0.1449260107352739,0.3539744793629261,2.196480350118294,6.582017454311056,train_oof,0.20232788980713348
RFERF_RF_ROSE,RFERF,supervised,RF,ROSE,21,TN,907,907,0.0,-0.08328476306932238,0.1488703214640976,0.7377909161240056,-1.5860426412304314,-1.3612879272806038,-0.5415812716164778,0.1488703214640976,0.40860318295713327,0.7651688728427886,1.2540582990590123,train_oof,0.20232788980713348
RFERF_RF_ROSE,RFERF,supervised,RF,ROSE,21,FN,25,25,0.0,0.041805951040909124,0.2297286914049819,0.5671078071652598,-1.16488491884956,-1.1495178842500633,-0.0376955760092598,0.2297286914049819,0.3654129804765146,0.5394359698322129,0.719690970139452,train_oof,0.20232788980713348
RFERF_RF_ROSE,RFERF,supervised,RF,ROSE,21,pred_anomaly,321,321,0.0,0.23240856022893802,0.1626754090149803,1.507742450071989,-1.5338515216666375,-1.340501409739703,-0.6139593734903914,0.1626754090149803,0.4076171052749274,3.69204464916636,6.689247485784857,train_oof,0.20232788980713348
RFERF_RF_ROSE,RFERF,supervised,RF,ROSE,21,pred_normal,932,932,0.0,-0.07992932545906939,0.1508424768285094,0.7337698036307235,-1.5852537790846666,-1.3601440771692448,-0.5141683120511537,0.1508424768285094,0.40830735965247145,0.7636897563194797,1.222799636533085,train_oof,0.20232788980713348
RFERF_RF_ROSE,RFERF,supervised,RF,ROSE,24,TP,58,58,0.0,-0.0811492743339208,0.1260232305935013,0.6960067498428575,-2.240518020418408,-1.4831906668213146,-0.44681481167307424,0.1260232305935013,0.29245426748417647,0.6715520683802267,0.8212394828918704,train_oof,0.20232788980713348
RFERF_RF_ROSE,RFERF,supervised,RF,ROSE,24,FP,263,263,0.0,-0.031314840723817544,0.1616604742103954,0.9208087881016485,-2.879587231120866,-1.9997827290342534,-0.3208585040140755,0.1616604742103954,0.5896878664061873,0.8323085883113792,2.157665710542636,train_oof,0.20232788980713348
RFERF_RF_ROSE,RFERF,supervised,RF,ROSE,24,TN,907,907,0.0,0.01575174092110554,0.0571583790491117,1.0426045993397781,-2.607854153888679,-1.7982441886816771,-0.4434962783113587,0.0571583790491117,0.58154301031071,1.6474559396215136,3.266640929810731,train_oof,0.20232788980713348
RFERF_RF_ROSE,RFERF,supervised,RF,ROSE,24,FN,25,25,0.0,-0.04227981648902033,0.1302929359378741,0.830908767977332,-1.6103038755779226,-1.5483692052679177,-0.5101346941176407,0.1302929359378741,0.5085634648631033,1.1496618360362,1.5902740171591656,train_oof,0.20232788980713348
RFERF_RF_ROSE,RFERF,supervised,RF,ROSE,24,pred_anomaly,321,321,0.0,-0.04031919321411657,0.1336748807651001,0.8836662525107681,-2.725624192861402,-1.9452911531514088,-0.3496050350454966,0.1336748807651001,0.5812752786484626,0.7524016869060987,2.056626165481594,train_oof,0.20232788980713348
RFERF_RF_ROSE,RFERF,supervised,RF,ROSE,24,pred_normal,932,932,0.0,0.014195100432636502,0.05758112215251495,1.0371694832498581,-2.6022669020236533,-1.79789472555879,-0.4502601679658107,0.05758112215251495,0.5811977729278847,1.642495751056628,3.2649499573971177,train_oof,0.20232788980713348
RFERF_RF_ROSE,RFERF,supervised,RF,ROSE,25,TP,58,58,0.0,-0.34484092834275043,0.41012689414885717,1.6610560975868844,-5.48423710302192,-4.481561307297346,-1.0672281556103584,0.41012689414885717,0.5485396141477228,0.7368090174517629,0.8069849690938276,train_oof,0.20232788980713348
RFERF_RF_ROSE,RFERF,supervised,RF,ROSE,25,FP,263,263,0.0,-0.31471325255690474,0.4090027299255162,1.3731640682576036,-5.467149806827137,-3.147178374191531,-1.2466101300000014,0.4090027299255162,0.5385626566655706,0.6921796977851241,0.851788534215085,train_oof,0.20232788980713348
RFERF_RF_ROSE,RFERF,supervised,RF,ROSE,25,TN,907,907,0.0,0.10695207348402187,0.449472641965793,0.7691195929039755,-1.3620168291681922,-1.2901714936544668,0.24065913748019518,0.449472641965793,0.5661046801374257,0.713651234450937,0.8426940456482556,train_oof,0.20232788980713348
RFERF_RF_ROSE,RFERF,supervised,RF,ROSE,25,FN,25,25,0.0,0.2044048412774463,0.4876942255593879,0.931681012329392,-2.692004280160744,-1.3235591710876957,0.4101268941488571,0.4876942255593879,0.6282147534770187,0.8364099676397788,0.9671952333832757,train_oof,0.20232788980713348
RFERF_RF_ROSE,RFERF,supervised,RF,ROSE,25,pred_anomaly,321,321,0.0,-0.32015688244967433,0.4090027299255162,1.4266811320339905,-5.497131266663642,-4.23267134824964,-1.2452049247208252,0.4090027299255162,0.5422161903914285,0.7164616450092907,0.8522606831888884,train_oof,0.20232788980713348
RFERF_RF_ROSE,RFERF,supervised,RF,ROSE,25,pred_normal,932,932,0.0,0.10956614987333048,0.449472641965793,0.7734889559498066,-1.3667720438329252,-1.2906773675549703,0.25105765654609963,0.449472641965793,0.567509885416603,0.7178387461828832,0.853845754743798,train_oof,0.20232788980713348
RFERF_RF_ROSE,RFERF,supervised,RF,ROSE,28,TP,58,58,0.0,-0.667981956330433,-0.5500855920466661,0.8204248788170958,-2.4994334162875536,-1.962692405656541,-1.0914005289214541,-0.5500855920466661,-0.113127366217132,0.4752886408389881,0.8814493296637226,train_oof,0.20232788980713348
RFERF_RF_ROSE,RFERF,supervised,RF,ROSE,28,FP,263,263,0.0,-0.6773423597667378,-0.6115635651551136,0.9635151243166613,-2.735382410658056,-2.251902501941729,-1.3559990452590838,-0.6115635651551136,-0.11799200564338669,1.1963956988799842,1.7682460065629546,train_oof,0.20232788980713348
RFERF_RF_ROSE,RFERF,supervised,RF,ROSE,28,TN,907,907,0.0,0.23444803600826578,0.132842785371457,0.9100809804733826,-1.8926829619183871,-1.092862833707071,-0.4319360261012245,0.132842785371457,0.958171101922786,1.722036010154371,2.161825048315903,train_oof,0.20232788980713348
RFERF_RF_ROSE,RFERF,supervised,RF,ROSE,28,FN,25,25,0.0,0.14967735074403657,0.1814017909017926,0.9853540674613032,-2.0491478262047247,-1.2304156111604678,-0.4270859514636718,0.1814017909017926,0.7057341841507929,1.6514608700230569,1.8406038768313175,train_oof,0.20232788980713348
RFERF_RF_ROSE,RFERF,supervised,RF,ROSE,28,pred_anomaly,321,321,0.0,-0.6756510719184337,-0.598630032788302,0.9380854455096965,-2.714089854759762,-2.2460824123766656,-1.326869467856359,-0.598630032788302,-0.113127366217132,0.9970299581780158,1.6954873133095314,train_oof,0.20232788980713348
RFERF_RF_ROSE,RFERF,supervised,RF,ROSE,28,pred_normal,932,932,0.0,0.23217414423615665,0.132842785371457,0.911714613424435,-1.917846547357728,-1.0952878710258473,-0.43112768032829907,0.132842785371457,0.9508959899664566,1.722036010154371,2.160208356770052,train_oof,0.20232788980713348
RFERF_RF_ROSE,RFERF,supervised,RF,ROSE,31,TP,58,58,0.0,-0.13728207275255702,-0.42210975833819825,0.7864283400352929,-0.7821962568426066,-0.7117781671796803,-0.5221301673911625,-0.42210975833819825,-0.2809646787722946,1.7715099403391164,1.801454655175959,train_oof,0.20232788980713348
RFERF_RF_ROSE,RFERF,supervised,RF,ROSE,31,FP,263,263,0.0,0.0623021103879076,-0.4062925773716831,1.0132217552847846,-0.8684408316961453,-0.7610998591229141,-0.5510663043357875,-0.4062925773716831,-0.04063657032224245,1.8641241870101122,1.900075708924591,train_oof,0.20232788980713348
RFERF_RF_ROSE,RFERF,supervised,RF,ROSE,31,TN,907,907,0.0,-0.0009398468814468514,-0.4678865409001133,1.0093880870114857,-0.8654039329505743,-0.7493951452076926,-0.5831658774737156,-0.4678865409001133,-0.26896222968593914,1.8775780950557475,1.952588749733421,train_oof,0.20232788980713348
RFERF_RF_ROSE,RFERF,supervised,RF,ROSE,31,FN,25,25,0.0,-0.2850473723064753,-0.4838898063485874,0.9294640992548341,-2.2420234352765256,-0.6597024249034538,-0.556462754312599,-0.4838898063485874,-0.3932666636345527,1.8175658496239688,1.891649803581487,train_oof,0.20232788980713348
RFERF_RF_ROSE,RFERF,supervised,RF,ROSE,31,pred_anomaly,321,321,0.0,0.02624017075505107,-0.411316858384576,0.9780715704029309,-0.848875909262976,-0.7505488689958387,-0.5482750371064028,-0.411316858384576,-0.2055074213379191,1.859099905997218,1.893302233781283,train_oof,0.20232788980713348
RFERF_RF_ROSE,RFERF,supervised,RF,ROSE,31,pred_normal,932,932,0.0,-0.008560756898212635,-0.4709569348524367,1.0079109999454348,-0.8783889081016737,-0.7492090607257336,-0.582747187389308,-0.4709569348524367,-0.27045090554161144,1.876694193766442,1.9521235385285238,train_oof,0.20232788980713348
RFERF_RF_ROSE,RFERF,supervised,RF,ROSE,33,TP,58,58,0.0,0.5090547417317071,-0.0618285981470981,2.178885916728251,-0.30916327898525287,-0.2703916108123323,-0.21705964028305544,-0.0618285981470981,0.18136274741946096,2.3885580462682516,9.728758101984218,train_oof,0.20232788980713348
RFERF_RF_ROSE,RFERF,supervised,RF,ROSE,33,FP,263,263,0.0,0.05990379251794944,-0.1104600893522285,0.9128840784861824,-0.513203393520705,-0.4177026672377387,-0.2297512733536624,-0.1104600893522285,0.15343776571003445,0.5476747951102274,1.3364199702378898,train_oof,0.20232788980713348
RFERF_RF_ROSE,RFERF,supervised,RF,ROSE,33,TN,907,907,0.0,-0.046904435744359846,-0.1539064807982051,0.9060878019339624,-0.5931149309853022,-0.4808049924112255,-0.2866857020816192,-0.1539064807982051,-0.004046930896404,0.47589674746391,3.088305898013492,train_oof,0.20232788980713348
RFERF_RF_ROSE,RFERF,supervised,RF,ROSE,33,FN,25,25,0.0,-0.1101184827798606,-0.1572276558073355,0.19966413480875922,-0.4442666449842405,-0.31057105051463313,-0.2445271131902029,-0.1572276558073355,-0.0251262253421121,0.2585021204376603,0.36285479480618804,train_oof,0.20232788980713348
RFERF_RF_ROSE,RFERF,supervised,RF,ROSE,33,pred_anomaly,321,321,0.0,0.14105879268741342,-0.1057833327067178,1.2481689018063251,-0.5125256027025151,-0.3947933375829183,-0.225481191199066,-0.1057833327067178,0.1602495634328433,0.5804798707106222,9.703408725383914,train_oof,0.20232788980713348
RFERF_RF_ROSE,RFERF,supervised,RF,ROSE,33,pred_normal,932,932,0.0,-0.0486000915124795,-0.1539064807982051,0.894472562108955,-0.5931149309853022,-0.4808049924112255,-0.2834323061543078,-0.1539064807982051,-0.004046930896404,0.4601279440787188,3.088305898013492,train_oof,0.20232788980713348
RFERF_RF_ROSE,RFERF,supervised,RF,ROSE,35,TP,58,58,0.0,0.018732894001194638,-0.1750404154125366,0.8639008636551461,-0.31277388242866644,-0.2992473952921278,-0.21918703187876326,-0.1750404154125366,-0.13303561022625066,0.5844567090674196,3.6777581610800443,train_oof,0.20232788980713348
RFERF_RF_ROSE,RFERF,supervised,RF,ROSE,35,FP,263,263,0.0,-0.03610771413597484,-0.1597856582794808,0.8011065861585823,-0.3018573324129967,-0.279127021310469,-0.21713559238278923,-0.1597856582794808,-0.11805196844508314,0.014118573037381729,5.078071845493317,train_oof,0.20232788980713348
RFERF_RF_ROSE,RFERF,supervised,RF,ROSE,35,TN,907,907,0.0,0.013176428615375255,-0.1479288802234516,1.0714757780538808,-0.3208643260162251,-0.2802259422034663,-0.2005252584902792,-0.1479288802234516,-0.0823731881362508,0.0525518853214261,4.937327552122658,train_oof,0.20232788980713348
RFERF_RF_ROSE,RFERF,supervised,RF,ROSE,35,FN,25,25,0.0,-0.14809950215157747,-0.1479288802234516,0.0734792359771223,-0.2856121005276985,-0.2372089730367869,-0.1882708445848122,-0.1479288802234516,-0.1294207388677056,-0.02507386223196057,0.04810703949895874,train_oof,0.20232788980713348
RFERF_RF_ROSE,RFERF,supervised,RF,ROSE,35,pred_anomaly,321,321,0.0,-0.026198819207763548,-0.167810672695449,0.8116873369633816,-0.30516855457742353,-0.2877521043719572,-0.217225964166752,-0.167810672695449,-0.1238899856891338,0.0345859746694592,4.937327552122658,train_oof,0.20232788980713348
RFERF_RF_ROSE,RFERF,supervised,RF,ROSE,35,pred_normal,932,932,0.0,0.00885035751111151,-0.1479288802234516,1.0573790923513005,-0.3208643260162251,-0.2799186781379901,-0.20047103541989922,-0.1479288802234516,-0.08381009950127244,0.0525518853214261,4.937327552122658,train_oof,0.20232788980713348
RFERF_RF_ROSE,RFERF,supervised,RF,ROSE,37,TP,58,58,0.0,0.32757984214785846,0.321312045453504,0.9325893610243764,-1.6935708538099732,-1.2845890696311033,0.020005345815347526,0.321312045453504,0.8575945015019831,1.5765124478360673,2.4744981812957576,train_oof,0.20232788980713348
RFERF_RF_ROSE,RFERF,supervised,RF,ROSE,37,FP,263,263,0.0,-0.100960964614681,0.0345756136845639,1.254842089454567,-3.9180273341864713,-2.847536069052583,-0.8879396889746403,0.0345756136845639,0.669549497399706,1.5051261851486166,2.6213986809045475,train_oof,0.20232788980713348
RFERF_RF_ROSE,RFERF,supervised,RF,ROSE,37,TN,907,907,0.0,0.018557641630563275,0.0155779163523252,0.9209777524866504,-2.0864045952564703,-1.108473975463725,-0.526822442226898,0.0155779163523252,0.3594684375530058,2.233478581174845,3.1134905609889807,train_oof,0.20232788980713348
RFERF_RF_ROSE,RFERF,supervised,RF,ROSE,37,FN,25,25,0.0,-0.3483535655595667,-0.2977230921947715,0.6284167001770047,-1.2713583004212268,-1.204396247248078,-0.8850417351442926,-0.2977230921947715,0.2058768845448523,0.528580143297017,0.6455801992740674,train_oof,0.20232788980713348
RFERF_RF_ROSE,RFERF,supervised,RF,ROSE,37,pred_anomaly,321,321,0.0,-0.023529915417711246,0.0831968390603314,1.2130203515370248,-3.737916283681955,-1.6935708538099732,-0.7494818948582315,0.0831968390603314,0.6763113896705021,1.5051261851486166,2.7867945658483246,train_oof,0.20232788980713348
RFERF_RF_ROSE,RFERF,supervised,RF,ROSE,37,pred_normal,932,932,0.0,0.008715602811085545,0.0088160240814834,0.9160358700153983,-2.0864045952564703,-1.1276970692050137,-0.544049167773914,0.0088160240814834,0.3527870439997219,1.8874306943448316,3.1134905609889807,train_oof,0.20232788980713348
RFERF_RF_ROSE,RFERF,supervised,RF,ROSE,39,TP,58,58,0.0,0.07991021565007744,-0.22036085555578344,1.046319721521377,-0.6800020922755076,-0.5266587854087441,-0.29619179219779396,-0.22036085555578344,0.032203138378601476,1.08240121454917,4.421794880048623,train_oof,0.20232788980713348
RFERF_RF_ROSE,RFERF,supervised,RF,ROSE,39,FP,263,263,0.0,-0.07885822016197297,-0.2548270228649291,1.2733227567083678,-2.391892600313311,-0.866209587584579,-0.4745085752465867,-0.2548270228649291,0.0455977002845666,0.5505646312967579,7.610309408587057,train_oof,0.20232788980713348
RFERF_RF_ROSE,RFERF,supervised,RF,ROSE,39,TN,907,907,0.0,0.02346161767581785,-0.117713952292411,0.9141858173169978,-1.4917952196302549,-0.6436182746606264,-0.351568508053528,-0.117713952292411,0.22157915891289,0.932269381402718,4.675230728433325,train_oof,0.20232788980713348
RFERF_RF_ROSE,RFERF,supervised,RF,ROSE,39,FN,25,25,0.0,-0.21072750810725988,-0.2323864341807839,0.40927984542821627,-1.2745187829735931,-0.6712126827554836,-0.3923695783883464,-0.2323864341807839,0.0994980616216149,0.27837854366846004,0.4443615926399945,train_oof,0.20232788980713348
RFERF_RF_ROSE,RFERF,supervised,RF,ROSE,39,pred_anomaly,321,321,0.0,-0.05017108845761494,-0.2372181398783278,1.2354079870142314,-1.537333508973415,-0.6801244954865118,-0.4122332573671333,-0.2372181398783278,0.0455977002845666,0.5505646312967579,7.436496848960749,train_oof,0.20232788980713348
RFERF_RF_ROSE,RFERF,supervised,RF,ROSE,39,pred_normal,932,932,0.0,0.017179720524984232,-0.117713952292411,0.9050111871218931,-1.483957119276461,-0.6436182746606264,-0.35264222043076127,-0.117713952292411,0.2149758277929117,0.932269381402718,4.675230728433325,train_oof,0.20232788980713348
RFERF_RF_ROSE,RFERF,supervised,RF,ROSE,41,TP,58,58,0.0,0.08996744879905869,0.07739846787931459,0.5025025858819167,-0.6650182248131176,-0.6390961718370265,-0.29028538880787147,0.07739846787931459,0.3229758118633349,0.9241855317649553,0.9512445168891206,train_oof,0.20232788980713348
RFERF_RF_ROSE,RFERF,supervised,RF,ROSE,41,FP,263,263,0.0,0.13311881465841066,-0.0915496493245068,1.4416810695191005,-0.9383367132101478,-0.5938007950577515,-0.3034738017255319,-0.0915496493245068,0.2799997766661315,0.8948526823446417,1.3124705989752452,train_oof,0.20232788980713348
RFERF_RF_ROSE,RFERF,supervised,RF,ROSE,41,TN,907,907,0.0,-0.0425160635530636,-0.1242932951890429,0.8546590734223026,-1.2725038101721071,-0.5760191762618715,-0.2875567516524936,-0.1242932951890429,0.0298747040898142,0.8948526823446417,1.3050305149982466,train_oof,0.20232788980713348
RFERF_RF_ROSE,RFERF,supervised,RF,ROSE,41,FN,25,25,0.0,-0.06858725811628251,-0.1615846696458756,0.4886202084760015,-0.9996455519086179,-0.6571051770625214,-0.3630490462846183,-0.1615846696458756,0.1126433644696137,0.9090415955526068,1.0297746942208992,train_oof,0.20232788980713348
RFERF_RF_ROSE,RFERF,supervised,RF,ROSE,41,pred_anomaly,321,321,0.0,0.12532199465890156,-0.0747230535330092,1.321734061319025,-0.8881297895511925,-0.6350032161039595,-0.3025642560070726,-0.0747230535330092,0.3077409210791412,0.8948526823446417,1.3017834367833485,train_oof,0.20232788980713348
RFERF_RF_ROSE,RFERF,supervised,RF,ROSE,41,pred_normal,932,932,0.0,-0.043215398171175694,-0.12770409163326546,0.8467585894236075,-1.2725038101721071,-0.5799757001371697,-0.2898306159486419,-0.12770409163326546,0.0298747040898142,0.8948526823446417,1.2992321610430684,train_oof,0.20232788980713348
RFERF_RF_ROSE,RFERF,supervised,RF,ROSE,43,TP,58,58,0.0,-0.01515093221318214,-0.16415878434149273,0.890144299852484,-1.591233547589687,-1.2463598700180911,-0.6876906423245223,-0.16415878434149273,0.7858218114882349,1.5656264204282335,1.7564073711764034,train_oof,0.20232788980713348
RFERF_RF_ROSE,RFERF,supervised,RF,ROSE,43,FP,263,263,0.0,0.10897928255170734,0.0555763750529936,0.9425045835127112,-1.6414529624763021,-1.319066912150981,-0.7373414481766568,0.0555763750529936,0.880348843513663,1.4816002484910689,1.8837362478762107,train_oof,0.20232788980713348
RFERF_RF_ROSE,RFERF,supervised,RF,ROSE,43,TN,907,907,0.0,-0.028212263819604462,-0.3857909147868377,1.0188847159678713,-1.6591346617933354,-1.2995666927892764,-0.7746780182241156,-0.3857909147868377,0.8128295349240713,1.7741324757632426,2.3767490568562235,train_oof,0.20232788980713348
RFERF_RF_ROSE,RFERF,supervised,RF,ROSE,43,FN,25,25,0.0,-0.08868345055642698,-0.5165854611403949,1.108679859458766,-1.6319298462805147,-1.477967174506249,-1.0907889526173251,-0.5165854611403949,0.8947449246665207,1.5209511445781174,1.7414190492310682,train_oof,0.20232788980713348
RFERF_RF_ROSE,RFERF,supervised,RF,ROSE,43,pred_anomaly,321,321,0.0,0.08655077022658714,0.0039884080853739,0.933131571906623,-1.6806697845077228,-1.2699723367934228,-0.7144652633854628,0.0039884080853739,0.8737014068227644,1.4863426761182006,1.801104831942198,train_oof,0.20232788980713348
RFERF_RF_ROSE,RFERF,supervised,RF,ROSE,43,pred_normal,932,932,0.0,-0.02983434500889691,-0.389287450410227,1.02079942030453,-1.6678760008518076,-1.3018334124347837,-0.7815826713286951,-0.389287450410227,0.8217838813251199,1.7702581535322675,2.3728787536317135,train_oof,0.20232788980713348
RFERF_RF_ROSE,RFERF,supervised,RF,ROSE,47,TP,58,58,0.0,-0.048261255061812884,0.16030215003160195,0.9265397864271775,-1.600160327323551,-1.3410508929811369,-0.9927256379931947,0.16030215003160195,0.7227611370812912,1.1022436250744139,1.3897045652002955,train_oof,0.20232788980713348
RFERF_RF_ROSE,RFERF,supervised,RF,ROSE,47,FP,263,263,0.0,0.10422136813988984,0.4721371886247744,0.9431350966882521,-1.7905084280506518,-1.4273506488175791,-0.787812975733149,0.4721371886247744,0.8756575081522484,1.2748694076014349,1.4946303566190928,train_oof,0.20232788980713348
RFERF_RF_ROSE,RFERF,supervised,RF,ROSE,47,TN,907,907,0.0,-0.037353911679913594,0.337104998366231,1.0178014852927653,-1.8667254300697347,-1.6176041744697909,-1.0618179843706206,0.337104998366231,0.8499120710990631,1.2226429495792592,1.3583266570203727,train_oof,0.20232788980713348
RFERF_RF_ROSE,RFERF,supervised,RF,ROSE,47,FN,25,25,0.0,0.3881335054398095,0.8215395486322884,0.9924427314301075,-1.7376199445042513,-1.381954612870738,-0.517223178133345,0.8215395486322884,1.104739356217325,1.308391017478848,1.4082412798785895,train_oof,0.20232788980713348
RFERF_RF_ROSE,RFERF,supervised,RF,ROSE,47,pred_anomaly,321,321,0.0,0.07666999073895912,0.4348325757517911,0.9405583779689388,-1.7667700842534495,-1.4293472337319078,-0.8067279907109991,0.4348325757517911,0.8683016689941958,1.2665678176944903,1.5294865258866117,train_oof,0.20232788980713348
RFERF_RF_ROSE,RFERF,supervised,RF,ROSE,47,pred_normal,932,932,0.0,-0.025940622594084126,0.34656250585515636,1.018932805260635,-1.8595114535240156,-1.6164219860336753,-1.05643245927276,0.34656250585515636,0.8572679102571165,1.225059868159763,1.3643164117633584,train_oof,0.20232788980713348
RFERF_RF_ROSE,RFERF,supervised,RF,ROSE,48,TP,58,58,0.0,-0.22366474723170643,-0.450972370595158,0.9700980323693301,-1.7849912792224607,-1.4469999021840148,-0.949345781029804,-0.450972370595158,0.24628452587940106,1.6760003362129514,1.971631992907431,train_oof,0.20232788980713348
RFERF_RF_ROSE,RFERF,supervised,RF,ROSE,48,FP,263,263,0.0,0.037147854108028615,0.093883726338901,1.1572076059070735,-2.4252629804241685,-1.774725803931892,-0.76182706562074,0.093883726338901,0.7844014355552424,1.8871316588003113,2.2696435011811475,train_oof,0.20232788980713348
RFERF_RF_ROSE,RFERF,supervised,RF,ROSE,48,TN,907,907,0.0,-0.006430162430420836,-0.0161785995563887,0.9460643272586382,-2.240415373422968,-1.5608534358866288,-0.6577957036921686,-0.0161785995563887,0.7077362642499402,1.501284969995606,2.063730235013719,train_oof,0.20232788980713348
RFERF_RF_ROSE,RFERF,supervised,RF,ROSE,48,FN,25,25,0.0,0.3677784609786752,0.233912750255946,1.1169862991594266,-1.9900482591665059,-1.4165263818692706,-0.1262409254516723,0.233912750255946,0.7715206244410115,2.0801977544598573,2.276332227529843,train_oof,0.20232788980713348
RFERF_RF_ROSE,RFERF,supervised,RF,ROSE,48,pred_anomaly,321,321,0.0,-0.009977164202577719,-8.865165253414361e-05,1.1287805022358997,-2.4053388886759333,-1.7525207905454565,-0.8193702080554364,-8.865165253414361e-05,0.7532174787512091,1.86685434068544,2.2473959943972215,train_oof,0.20232788980713348
RFERF_RF_ROSE,RFERF,supervised,RF,ROSE,48,pred_normal,932,932,0.0,0.0036076225322695,0.00645134780495075,0.9522740404369127,-2.2335710592699174,-1.5593927253479023,-0.6408426086517932,0.00645134780495075,0.7081899697960607,1.5390764287895893,2.0756777406216136,train_oof,0.20232788980713348
RFERF_RF_ROSE,RFERF,supervised,RF,ROSE,55,TP,58,58,0.0,0.037681481657775066,-0.4082087093254787,1.3095362905777836,-1.596130016327551,-1.391651758564899,-1.0508546622938129,-0.4082087093254787,0.9355055559719472,2.0942156832936405,3.1166069721068994,train_oof,0.20232788980713348
RFERF_RF_ROSE,RFERF,supervised,RF,ROSE,55,FP,263,263,0.0,0.15120944653069876,0.1175925249213401,1.2319642230021504,-2.117257461825509,-1.5571817767537124,-0.9340099435722976,0.1175925249213401,1.2470914725626543,2.1039527431871,2.609500892855519,train_oof,0.20232788980713348
RFERF_RF_ROSE,RFERF,supervised,RF,ROSE,55,TN,907,907,0.0,-0.04387570180961189,-0.077148672947852,0.8936572302172002,-2.063508891213612,-1.4013888184583587,-0.6613722665554285,-0.077148672947852,0.5849713998074013,1.4301481985596927,2.298693941056292,train_oof,0.20232788980713348
RFERF_RF_ROSE,RFERF,supervised,RF,ROSE,55,FN,25,25,0.0,-0.04460815986290074,0.0786442853475016,0.9931446031690537,-1.6677947771434136,-1.3702302267992879,-0.8561134644246207,0.0786442853475016,0.6628678789550781,1.535308445409058,1.982434235716723,train_oof,0.20232788980713348
RFERF_RF_ROSE,RFERF,supervised,RF,ROSE,55,pred_anomaly,321,321,0.0,0.1306966055256222,0.1175925249213401,1.2449996525718392,-2.1024571307874504,-1.5571817767537124,-0.972958183146136,0.1175925249213401,1.2470914725626543,2.1039527431871,3.1166069721068994,train_oof,0.20232788980713348
RFERF_RF_ROSE,RFERF,supervised,RF,ROSE,55,pred_normal,932,932,0.0,-0.043895349289582074,-0.077148672947852,0.8958819391960016,-2.063508891213612,-1.4013888184583587,-0.700320506129267,-0.077148672947852,0.5849713998074013,1.4418326704318467,2.298693941056292,train_oof,0.20232788980713348
RFERF_RF_ROSE,RFERF,supervised,RF,ROSE,56,TP,58,58,0.0,0.260609952074816,0.506794437311762,0.7681082972751675,-2.144346659003753,-1.4923676665674763,-0.0659384897455278,0.506794437311762,0.7193179762826997,1.0982582525495461,1.233552898714777,train_oof,0.20232788980713348
RFERF_RF_ROSE,RFERF,supervised,RF,ROSE,56,FP,263,263,0.0,0.18937189821331118,0.463569310741405,0.7764801876105236,-2.144346659003753,-1.3086608786434384,-0.2424410899078387,0.463569310741405,0.7013075068783843,1.0816886206975733,1.183988086914101,train_oof,0.20232788980713348
RFERF_RF_ROSE,RFERF,supervised,RF,ROSE,56,TN,907,907,0.0,-0.07484594188117545,0.2330353023661358,1.0672369055376492,-3.3719402536020318,-1.640053515682874,-0.609854665755921,0.2330353023661358,0.6004488782142101,1.0399043316795618,1.265251324866367,train_oof,0.20232788980713348
RFERF_RF_ROSE,RFERF,supervised,RF,ROSE,56,FN,25,25,0.0,0.15275357898739672,0.3483023065537704,0.5805443530033787,-0.9415354703058253,-0.9138713893007969,-0.1415824612436724,0.3483023065537704,0.5644279394055712,0.7540770620531804,0.9293737448912996,train_oof,0.20232788980713348
RFERF_RF_ROSE,RFERF,supervised,RF,ROSE,56,pred_anomaly,321,321,0.0,0.20224357149669836,0.4923860617883096,0.7742658562259962,-2.144346659003753,-1.337477629690343,-0.2424410899078387,0.4923860617883096,0.7085116946401104,1.083129458249919,1.183988086914101,train_oof,0.20232788980713348
RFERF_RF_ROSE,RFERF,supervised,RF,ROSE,56,pred_normal,932,932,0.0,-0.06874080451882104,0.2330353023661358,1.0575685899759666,-3.2638774371761277,-1.632128909144975,-0.5882421024707424,0.2330353023661358,0.5968467843333429,1.0319797251416534,1.2436387615811886,train_oof,0.20232788980713348
RFERF_RF_ROSE,RFERF,supervised,RF,ROSE,57,TP,58,58,0.0,-0.2738864383011125,-0.17763363800520426,1.120827143094511,-3.088252505072732,-1.8202246953625894,-1.048433544955746,-0.17763363800520426,0.46055533489688033,1.1822456687394445,2.201439422847045,train_oof,0.20232788980713348
RFERF_RF_ROSE,RFERF,supervised,RF,ROSE,57,FP,263,263,0.0,0.048060426111975627,0.1563718057566331,0.998642901952579,-3.088252505072732,-1.4587830901488783,-0.6309267402534293,0.1563718057566331,0.7766676298857901,1.8025414928686008,1.9218291513549888,train_oof,0.20232788980713348
RFERF_RF_ROSE,RFERF,supervised,RF,ROSE,57,TN,907,907,0.0,0.003428254534626548,0.0132266155729998,0.9915414519455189,-2.3963840858517584,-1.5613704764471514,-0.5832116768588849,0.0132266155729998,0.6454512055507664,1.6593963026849414,2.3035496585113706,train_oof,0.20232788980713348
RFERF_RF_ROSE,RFERF,supervised,RF,ROSE,57,FN,25,25,0.0,0.014990505551728883,-0.0583459795188432,0.9461886034968515,-1.3170693518670575,-1.2846231087587674,-0.5593541451616126,-0.0583459795188432,0.4665197178211984,2.0888318732359084,2.160404468327737,train_oof,0.20232788980713348
RFERF_RF_ROSE,RFERF,supervised,RF,ROSE,57,pred_anomaly,321,321,0.0,-0.010110658423722533,0.0847992106648165,1.0274684838903843,-3.088252505072732,-1.5852280081444237,-0.6547842719507015,0.0847992106648165,0.7766676298857901,1.8025414928686008,1.9218291513549888,train_oof,0.20232788980713348
RFERF_RF_ROSE,RFERF,supervised,RF,ROSE,57,pred_normal,932,932,0.0,0.003738400752896467,0.0132266155729998,0.98986688447031,-2.3963840858517584,-1.5613704764471514,-0.5832116768588849,0.0132266155729998,0.6335224397021304,1.717847255343283,2.3035496585113706,train_oof,0.20232788980713348
RFERF_RF_ROSE,RFERF,supervised,RF,ROSE,58,TP,58,58,0.0,0.16636591003523046,0.1758648278646339,0.8484933223416677,-1.3459252701269047,-0.8769325762376113,-0.5570468566922002,0.1758648278646339,0.8164620829380572,1.5323855529957098,1.956678007484022,train_oof,0.20232788980713348
RFERF_RF_ROSE,RFERF,supervised,RF,ROSE,58,FP,263,263,0.0,0.3795847939577176,0.415941331377423,0.8781635639751686,-1.316714979085254,-0.923060297551378,-0.39807728004184517,0.415941331377423,1.0258654213828644,1.903589837174068,2.0995913619584163,train_oof,0.20232788980713348
RFERF_RF_ROSE,RFERF,supervised,RF,ROSE,58,TN,907,907,0.0,-0.12381725673078542,-0.432289656463813,1.0141237354154469,-1.8441518498002214,-1.24512853076508,-0.787390528981492,-0.432289656463813,0.78755852354708,1.5280795125150128,2.2085282874344343,train_oof,0.20232788980713348
RFERF_RF_ROSE,RFERF,supervised,RF,ROSE,58,FN,25,25,0.0,0.16508491972271602,-0.0158424538101859,0.9882155116894058,-1.0735003748385965,-0.9610478327509325,-0.6328449665236358,-0.0158424538101859,0.5551503113012974,1.8099187100049572,1.9299215696478116,train_oof,0.20232788980713348
RFERF_RF_ROSE,RFERF,supervised,RF,ROSE,58,pred_anomaly,321,321,0.0,0.34105926352935545,0.3345394702354873,0.8754353881279668,-1.3345526043094003,-0.923060297551378,-0.405155702749838,0.3345394702354873,0.9892935707248988,1.903589837174068,2.03100144591796,train_oof,0.20232788980713348
RFERF_RF_ROSE,RFERF,supervised,RF,ROSE,58,pred_normal,932,932,0.0,-0.11606773483020866,-0.432289656463813,1.0139951162925913,-1.7987319707572609,-1.244479675350182,-0.7862107918634959,-0.432289656463813,0.78755852354708,1.528433433650412,2.1961410476954457,train_oof,0.20232788980713348
RFERF_RF_ROSE,RFERF,supervised,RF,ROSE,59,TP,58,58,0.0,0.8395000050617736,0.606820674964561,1.0973685372736153,-0.8003945906220873,-0.5707702074498301,0.02353091502567292,0.606820674964561,1.5204968878335898,2.4651455962922935,3.666275798174904,train_oof,0.20232788980713348
RFERF_RF_ROSE,RFERF,supervised,RF,ROSE,59,FP,263,263,0.0,0.7344932398307016,0.5849944366768446,1.6390282875210331,-2.2898849502141507,-1.3368580047084093,-0.20854377990015616,0.5849944366768446,1.7113448064484444,2.4883001460191907,2.950115394397163,train_oof,0.20232788980713348
RFERF_RF_ROSE,RFERF,supervised,RF,ROSE,59,TN,907,907,0.0,-0.2678936497103383,-0.2969780256584837,0.4763229576158289,-1.1888886680668693,-0.8671533054828243,-0.5322810794957791,-0.2969780256584837,-0.07554552093257005,0.30678332784840723,2.0997266636054173,train_oof,0.20232788980713348
RFERF_RF_ROSE,RFERF,supervised,RF,ROSE,59,FN,25,25,0.0,0.012265436331917012,-0.1997474513837377,0.9206727097314166,-1.4147723074576022,-0.9642491748994606,-0.3039766013693014,-0.1997474513837377,0.0760126367181901,2.0255018560225584,2.30978744497881,train_oof,0.20232788980713348
RFERF_RF_ROSE,RFERF,supervised,RF,ROSE,59,pred_anomaly,321,321,0.0,0.753466424825724,0.5988092807717148,1.554232913780276,-2.221207552021059,-1.1681032020512858,-0.158221893620565,0.5988092807717148,1.6633726590471598,2.4892856184022047,3.231604591524545,train_oof,0.20232788980713348
RFERF_RF_ROSE,RFERF,supervised,RF,ROSE,59,pred_normal,932,932,0.0,-0.2603786527671447,-0.2935293787271763,0.4946647857678228,-1.1959354539374318,-0.8694336662951118,-0.5319544455353249,-0.2935293787271763,-0.07280331489247766,0.315589278140405,2.1653873819497824,train_oof,0.20232788980713348
RFERF_RF_ROSE,RFERF,supervised,RF,ROSE,63,TP,58,58,0.0,0.41408692938646696,-0.08807908276093575,1.2076537765410154,-0.8857791610845633,-0.7639739556573641,-0.4232093690639942,-0.08807908276093575,0.9850559435664482,2.4737542569007296,3.943540826143991,train_oof,0.20232788980713348
RFERF_RF_ROSE,RFERF,supervised,RF,ROSE,63,FP,263,263,0.0,0.3577210349792944,0.1300518737373428,1.7670167152463996,-1.1870618113990963,-0.8855277559143618,-0.35454591405999347,0.1300518737373428,0.7075443382293958,1.9891937735271639,3.431191211662526,train_oof,0.20232788980713348
RFERF_RF_ROSE,RFERF,supervised,RF,ROSE,63,TN,907,907,0.0,-0.12881160833124286,-0.1553136451044119,0.5550136195405752,-1.2200938128078798,-0.9699383408028115,-0.5025711998852569,-0.1553136451044119,0.18776714651489929,0.8168089954554562,1.2781282898991777,train_oof,0.20232788980713348
RFERF_RF_ROSE,RFERF,supervised,RF,ROSE,63,FN,25,25,0.0,-0.06995899183437918,-0.0255875114398073,0.5517118729056447,-1.043565549079835,-0.780061488408726,-0.4647938093125973,-0.0255875114398073,0.2343310611865428,0.872870882879435,1.1522426466618259,train_oof,0.20232788980713348
RFERF_RF_ROSE,RFERF,supervised,RF,ROSE,63,pred_anomaly,321,321,0.0,0.3679055268036433,0.0710709151532609,1.6782957760522854,-1.127275077261555,-0.8797122627085902,-0.401056536697678,0.0710709151532609,0.7213536365290117,2.3021818858706977,3.456170253819772,train_oof,0.20232788980713348
RFERF_RF_ROSE,RFERF,supervised,RF,ROSE,63,pred_normal,932,932,0.0,-0.1272329437256403,-0.15209613855413956,0.5547121437536944,-1.2115670873744457,-0.9696185885990577,-0.5025412231161549,-0.15209613855413956,0.1901552957866854,0.8232040395305319,1.2751006362198842,train_oof,0.20232788980713348
RFERF_RF_ROSE,RFERF,supervised,RF,ROSE,64,TP,58,58,0.0,0.6928736747192853,0.40767606214465957,1.6155678618114042,-1.7872124782567558,-1.6194496314137985,-0.7249308252658425,0.40767606214465957,2.0524929848624276,3.4323569295241847,4.025176666367224,train_oof,0.20232788980713348
RFERF_RF_ROSE,RFERF,supervised,RF,ROSE,64,FP,263,263,0.0,0.2534614346248644,-0.0621122452059986,1.4798637406854445,-1.9918688908075528,-1.6658249731319084,-0.855999511343369,-0.0621122452059986,1.1613679169510003,3.0434970064809415,4.248398632467546,train_oof,0.20232788980713348
RFERF_RF_ROSE,RFERF,supervised,RF,ROSE,64,TN,907,907,0.0,-0.11274641815461119,-0.136437749680838,0.7004875163988866,-1.7547900054641177,-1.2126016785962481,-0.567592617273764,-0.136437749680838,0.3336345525013289,1.0324302063770414,1.7383930783862291,train_oof,0.20232788980713348
RFERF_RF_ROSE,RFERF,supervised,RF,ROSE,64,FN,25,25,0.0,-0.2768926677931774,-0.3391086326524878,0.9526152431217809,-2.173200807846543,-1.4317706327440405,-0.7621392195297549,-0.3391086326524878,-0.1303521461485092,1.1920819579786617,2.0944171133035394,train_oof,0.20232788980713348
RFERF_RF_ROSE,RFERF,supervised,RF,ROSE,64,pred_anomaly,321,321,0.0,0.33285679264815543,0.0365556733981553,1.5121671981874016,-1.9648005320026576,-1.6677987372108936,-0.8558169432373995,0.0365556733981553,1.2942470700793944,3.16214193294722,4.303078997326226,train_oof,0.20232788980713348
RFERF_RF_ROSE,RFERF,supervised,RF,ROSE,64,pred_normal,932,932,0.0,-0.11714948279083881,-0.1436289045215398,0.708240229626343,-1.7907108888740402,-1.232468131327535,-0.5739013596022781,-0.1436289045215398,0.3329042800774494,1.0461775847565737,1.789725144181421,train_oof,0.20232788980713348
RFERF_RF_ROSE,RFERF,supervised,RF,ROSE,65,TP,58,58,0.0,0.5036140226837765,0.3870849489833478,1.3172703489596271,-1.6332898307680803,-1.2133965489757472,-0.6961516989961735,0.3870849489833478,1.567650742702488,2.616065602968684,3.3776176490757086,train_oof,0.20232788980713348
RFERF_RF_ROSE,RFERF,supervised,RF,ROSE,65,FP,263,263,0.0,0.3209056822917749,-0.0498383185005478,1.4961956030337396,-1.600928633236846,-1.2706612926478549,-0.6096407006232241,-0.0498383185005478,0.9610927720083549,2.753310807143674,6.504448204931003,train_oof,0.20232788980713348
RFERF_RF_ROSE,RFERF,supervised,RF,ROSE,65,TN,907,907,0.0,-0.120709918673411,-0.1715211135253209,0.735607587337153,-1.4578118923963046,-1.1032093600247752,-0.5319482868335303,-0.1715211135253209,0.2691141628180384,0.8391734475056114,1.4837570182005013,train_oof,0.20232788980713348
RFERF_RF_ROSE,RFERF,supervised,RF,ROSE,65,FN,25,25,0.0,-0.24360818885386182,-0.3827022879020223,0.7819797134047078,-1.6596508360044189,-1.1210680192226807,-0.6690943673833616,-0.3827022879020223,0.1174686885464351,0.8417082778648919,1.768868283722524,train_oof,0.20232788980713348
RFERF_RF_ROSE,RFERF,supervised,RF,ROSE,65,pred_anomaly,321,321,0.0,0.35391840423176274,-0.0020402228368838,1.4652285869528483,-1.6220374535620872,-1.2717113194633496,-0.6257124001234061,-0.0020402228368838,1.0760146521859644,2.697950604297068,5.709999010105684,train_oof,0.20232788980713348
RFERF_RF_ROSE,RFERF,supervised,RF,ROSE,65,pred_normal,932,932,0.0,-0.1240065460924145,-0.1760602919464696,0.7367130725552214,-1.4752205986971019,-1.1050099919466587,-0.5439149010296462,-0.1760602919464696,0.2671077639225458,0.8469440561069964,1.5344876692242597,train_oof,0.20232788980713348
RFERF_RF_ROSE,RFERF,supervised,RF,ROSE,67,TP,58,58,0.0,0.26192102663745165,-0.0571758336554063,2.4299552633900103,-0.05798129551719178,-0.05785071655401362,-0.05757015036364055,-0.0571758336554063,-0.05694773638199105,-0.0556623497132054,7.901717273450451,train_oof,0.20232788980713348
RFERF_RF_ROSE,RFERF,supervised,RF,ROSE,67,FP,263,263,0.0,0.13383396190274052,-0.0571721980597191,1.8451710723171768,-0.05792430101072264,-0.05774202678534892,-0.0574333792538879,-0.0571721980597191,-0.0569965260761133,-0.056100511705427396,3.963716009019413,train_oof,0.20232788980713348
RFERF_RF_ROSE,RFERF,supervised,RF,ROSE,67,TN,907,907,0.0,-0.05436306000148299,-0.0573516510628395,0.08778163334935296,-0.05871881536677483,-0.0577727112129489,-0.05754724611081115,-0.0573516510628395,-0.057065456970342696,-0.05622810657166558,-0.0556946803385326,train_oof,0.20232788980713348
RFERF_RF_ROSE,RFERF,supervised,RF,ROSE,67,FN,25,25,0.0,-0.05702508731583198,-0.0572943540748092,0.0006515782006265224,-0.05778795744702274,-0.057722947179182416,-0.0574851501364737,-0.0572943540748092,-0.0568036940808639,-0.055854600013144844,-0.05575398999233537,train_oof,0.20232788980713348
RFERF_RF_ROSE,RFERF,supervised,RF,ROSE,67,pred_anomaly,321,321,0.0,0.15697741908222107,-0.0571748156886139,1.9600434349641642,-0.05796022069611218,-0.0577745435531753,-0.0574549019803562,-0.0571748156886139,-0.0569869281034991,-0.056013170154638,8.403899037281493,train_oof,0.20232788980713348
RFERF_RF_ROSE,RFERF,supervised,RF,ROSE,67,pred_normal,932,932,0.0,-0.05443446631356316,-0.057350633096047154,0.08659615224240358,-0.05871714299275871,-0.05777263850103515,-0.05754564644870878,-0.057350633096047154,-0.057059567305329476,-0.056022942635845216,-0.05569947932483971,train_oof,0.20232788980713348
RFERF_RF_ROSE,RFERF,supervised,RF,ROSE,75,TP,58,58,0.0,0.0946430209665881,-0.0537694090751435,1.7573153545128302,-2.35530896709334,-1.8108161173066635,-0.7057511385931703,-0.0537694090751435,0.4792697076254052,1.5561408818191997,6.814461636021208,train_oof,0.20232788980713348
RFERF_RF_ROSE,RFERF,supervised,RF,ROSE,75,FP,263,263,0.0,-0.36999495299588203,-0.2828440707976934,1.2549487965563115,-3.8872457673628915,-2.6788769267764416,-0.9766759788996476,-0.2828440707976934,0.3493138899174202,1.3057006026090654,2.0911623754000397,train_oof,0.20232788980713348
RFERF_RF_ROSE,RFERF,supervised,RF,ROSE,75,TN,907,907,0.0,0.09556535331490149,0.1048207413481602,0.8044028344618728,-1.718173037767717,-1.1947374357316902,-0.450244785133403,0.1048207413481602,0.6466704219611147,1.3691366627783876,1.9713387061913203,train_oof,0.20232788980713348
RFERF_RF_ROSE,RFERF,supervised,RF,ROSE,75,FN,25,25,0.0,0.1913404789679848,0.3118689932896956,0.807104762315703,-1.796498950949004,-0.8017862852383931,-0.2564123790604761,0.3118689932896956,0.527727809143637,1.3101058845652689,1.4177709755748673,train_oof,0.20232788980713348
RFERF_RF_ROSE,RFERF,supervised,RF,ROSE,75,pred_anomaly,321,321,0.0,-0.2860416742113859,-0.2343859692794618,1.3680585178264872,-3.8167612560636455,-2.3841635639064687,-0.9436363642281216,-0.2343859692794618,0.3867587865451447,1.3338944071287644,2.7215582233326816,train_oof,0.20232788980713348
RFERF_RF_ROSE,RFERF,supervised,RF,ROSE,75,pred_normal,932,932,0.0,0.09813442857383613,0.109226023304363,0.8041895644046172,-1.7341642112687332,-1.1947374357316902,-0.450244785133403,0.109226023304363,0.6466704219611147,1.3691366627783876,1.9658321037460667,train_oof,0.20232788980713348
RFERF_RF_ROSE,RFERF,supervised,RF,ROSE,76,TP,58,58,0.0,-0.3142856497162916,-0.1868193852615291,1.1270753025056908,-3.689487014058195,-2.122215724572776,-0.7370306908211203,-0.1868193852615291,0.17549663091648715,1.6268567386973511,1.7901384937567497,train_oof,0.20232788980713348
RFERF_RF_ROSE,RFERF,supervised,RF,ROSE,76,FP,263,263,0.0,-0.16395190832681064,-0.2002939478466619,1.0864403882232994,-2.795195267019133,-1.833710367888876,-0.8889938133090072,-0.2002939478466619,0.41504441020773775,1.74842723668766,2.2975905207128524,train_oof,0.20232788980713348
RFERF_RF_ROSE,RFERF,supervised,RF,ROSE,76,TN,907,907,0.0,0.07429200862428152,0.1410616376433699,0.9529304557433446,-2.367842028763542,-1.5498462494287446,-0.5266777971309907,0.1410616376433699,0.7399310858714963,1.5025913281900147,2.099185072514874,train_oof,0.20232788980713348
RFERF_RF_ROSE,RFERF,supervised,RF,ROSE,76,FN,25,25,0.0,0.09662552458484296,-0.0954917944067399,0.8834710111007359,-1.3028126020346424,-1.1764511484585078,-0.5117060609252876,-0.0954917944067399,0.7489141275949182,1.5250489324985697,1.593320049596576,train_oof,0.20232788980713348
RFERF_RF_ROSE,RFERF,supervised,RF,ROSE,76,pred_anomaly,321,321,0.0,-0.19111501424765145,-0.2002939478466619,1.0936370065603283,-2.9371273262491995,-1.8651510139208527,-0.8470729519330383,-0.2002939478466619,0.3566546390054954,1.749026106135889,2.2472854870616907,train_oof,0.20232788980713348
RFERF_RF_ROSE,RFERF,supervised,RF,ROSE,76,pred_normal,932,932,0.0,0.07489108362322362,0.13357576954051842,0.9506975824706846,-2.3663448551429718,-1.5477502063599462,-0.5266777971309907,0.13357576954051842,0.7406796726817814,1.5048370886208704,2.098436485704589,train_oof,0.20232788980713348
RFERF_RF_ROSE,RFERF,supervised,RF,ROSE,79,TP,58,58,0.0,0.5965866960372787,0.5098975017836549,1.0529318406153658,-1.4231508801626231,-0.9213902490105158,-0.09376165974791387,0.5098975017836549,0.9915289616102734,2.34204085322276,2.8220740741243935,train_oof,0.20232788980713348
RFERF_RF_ROSE,RFERF,supervised,RF,ROSE,79,FP,263,263,0.0,0.5805051385991039,0.388949691244235,1.3008967076013305,-2.0216265640996456,-1.2857455282605181,-0.3259382603369788,0.388949691244235,1.4278049924846097,2.900776542268258,3.715187263664765,train_oof,0.20232788980713348
RFERF_RF_ROSE,RFERF,supervised,RF,ROSE,79,TN,907,907,0.0,-0.202970593247375,-0.2460263140877193,0.7881600521325675,-1.8251727632663308,-1.4468652901576735,-0.6477458276650783,-0.2460263140877193,0.2075279754351053,1.07144090785953,2.079886473878565,train_oof,0.20232788980713348
RFERF_RF_ROSE,RFERF,supervised,RF,ROSE,79,FN,25,25,0.0,-0.30321735021421653,-0.5699936637468797,0.8706041945429118,-1.397276687836512,-1.3414679124018938,-0.915558836716651,-0.5699936637468797,0.1816105874623723,0.7915331177540181,1.9854607903645745,train_oof,0.20232788980713348
RFERF_RF_ROSE,RFERF,supervised,RF,ROSE,79,pred_anomaly,321,321,0.0,0.5834108405661261,0.3932692559063572,1.2582195613794989,-1.9392956616395978,-1.235206621713689,-0.2892219607089407,0.3932692559063572,1.3176560936004948,2.838142854667488,3.5094032031612703,train_oof,0.20232788980713348
RFERF_RF_ROSE,RFERF,supervised,RF,ROSE,79,pred_normal,932,932,0.0,-0.20565961569820224,-0.2481860964187804,0.7901373486596802,-1.817613525107617,-1.4421137690293393,-0.6563849569893225,-0.2481860964187804,0.2075279754351053,1.0606419962042246,2.1299070326659377,train_oof,0.20232788980713348
RFERF_RF_ROSE,RFERF,supervised,RF,ROSE,81,TP,58,58,0.0,-0.037591024206000745,-0.04218807638853555,1.0309003263654466,-2.9872538022790396,-2.1835154143562012,-0.32511109904475044,-0.04218807638853555,0.4614445293869253,1.4787823930533561,1.8188232782939882,train_oof,0.20232788980713348
RFERF_RF_ROSE,RFERF,supervised,RF,ROSE,81,FP,263,263,0.0,-0.05116582603745171,0.0911264369049686,0.9737449896704903,-3.260933685346905,-2.1592225474893847,-0.3680679977726573,0.0911264369049686,0.5177328794441828,1.2874020028586812,1.6572460881822606,train_oof,0.20232788980713348
RFERF_RF_ROSE,RFERF,supervised,RF,ROSE,81,TN,907,907,0.0,0.014068745382850807,0.0914984089930013,0.9863680699414616,-2.85814610251613,-2.02590803419588,-0.3354800056342452,0.0914984089930013,0.5295830584036054,1.453897017238569,2.387217112082691,train_oof,0.20232788980713348
RFERF_RF_ROSE,RFERF,supervised,RF,ROSE,81,FN,25,25,0.0,0.06813708972368891,0.5532834163224506,1.3726574375070029,-3.097993724654844,-2.7458064059808045,-0.3414050951139564,0.5532834163224506,0.8317626218688818,1.5309231804748158,1.7980262142202008,train_oof,0.20232788980713348
RFERF_RF_ROSE,RFERF,supervised,RF,ROSE,81,pred_anomaly,321,321,0.0,-0.048713058105289225,0.0615009895064123,0.98267618842767,-3.2162585106698818,-2.178182833824461,-0.3651054530328017,0.0615009895064123,0.4999576110050488,1.3057697802457864,1.7702967954551536,train_oof,0.20232788980713348
RFERF_RF_ROSE,RFERF,supervised,RF,ROSE,81,pred_normal,932,932,0.0,0.01551907650787328,0.10001407112453575,0.9977197154442478,-2.8922746179192678,-2.0724199866116106,-0.33696127800417297,0.10001407112453575,0.5532834163224506,1.4894475541168368,2.3753669331232685,train_oof,0.20232788980713348
RFERF_RF_ROSE,RFERF,supervised,RF,ROSE,88,TP,58,58,0.0,0.12929510549675763,0.15991162702370285,0.919892815365924,-2.7077524252848995,-0.993416241374282,-0.3537222189146984,0.15991162702370285,0.7467533907152312,1.4071409866888427,1.5969763845130498,train_oof,0.20232788980713348
RFERF_RF_ROSE,RFERF,supervised,RF,ROSE,88,FP,263,263,0.0,0.059833285784839714,0.0676693308915071,1.0225895123585493,-2.9474258617073215,-1.8089309645767528,-0.5171701504951146,0.0676693308915071,0.7929159199092852,1.4973859850610887,2.131995113327175,train_oof,0.20232788980713348
RFERF_RF_ROSE,RFERF,supervised,RF,ROSE,88,TN,907,907,0.0,-0.02634797174799631,0.0264349178448105,0.9934998439936996,-2.749082917786866,-1.7952311778791745,-0.638059472934272,0.0264349178448105,0.6018996927892823,1.4811245184470647,2.2262140730841558,train_oof,0.20232788980713348
RFERF_RF_ROSE,RFERF,supervised,RF,ROSE,88,FN,25,25,0.0,0.02649360380808978,-0.071294139662139,1.1898441360072665,-2.512707482024034,-1.63244195861739,-0.7472322932811104,-0.071294139662139,0.7084730259164065,1.6758321302766823,2.5368233776197364,train_oof,0.20232788980713348
RFERF_RF_ROSE,RFERF,supervised,RF,ROSE,88,pred_anomaly,321,321,0.0,0.07238401956456321,0.0676693308915071,1.003795050540283,-2.951249477930356,-1.8089309645767528,-0.4851731337841639,0.0676693308915071,0.7826919598638826,1.4493607408209563,2.1131787382540104,train_oof,0.20232788980713348
RFERF_RF_ROSE,RFERF,supervised,RF,ROSE,88,pred_normal,932,932,0.0,-0.02493054751097683,0.0229645459776822,0.9985518131471631,-2.749373526162731,-1.783814688964526,-0.6396470034794501,0.0229645459776822,0.6018996927892823,1.516711818248188,2.2266600864050954,train_oof,0.20232788980713348
RFERF_RF_ROSE,RFERF,supervised,RF,ROSE,90,TP,58,58,0.0,-0.18993492682310606,-0.13349934120387447,0.838622519130441,-2.1033493711213644,-1.6179328153243586,-0.6772435103772232,-0.13349934120387447,0.3206393171439364,1.1860804222764485,1.3648231502159076,train_oof,0.20232788980713348
RFERF_RF_ROSE,RFERF,supervised,RF,ROSE,90,FP,263,263,0.0,-0.08937875325273607,-0.0497827970348269,1.0013272632536678,-2.380154270555362,-1.6646902477475662,-0.6997498040428476,-0.0497827970348269,0.5377973235686653,1.4324121816575857,2.1037925171858456,train_oof,0.20232788980713348
RFERF_RF_ROSE,RFERF,supervised,RF,ROSE,90,TN,907,907,0.0,0.04047637870304432,0.0370371863285813,0.9929893516211321,-2.189751168597134,-1.485459282683965,-0.6085037313136903,0.0370371863285813,0.6421822640115994,1.6667194242189427,2.51166746721684,train_oof,0.20232788980713348
RFERF_RF_ROSE,RFERF,supervised,RF,ROSE,90,FN,25,25,0.0,-0.07361923491435957,-0.1152094003781243,0.7943850587478476,-1.5166027274457683,-1.127475205878616,-0.4621329470849199,-0.1152094003781243,0.1239594305572449,1.1716897620132094,2.05809599799503,train_oof,0.20232788980713348
RFERF_RF_ROSE,RFERF,supervised,RF,ROSE,90,pred_anomaly,321,321,0.0,-0.10754778149909576,-0.0660376957659172,0.9734986054996334,-2.360725672801596,-1.6661147263377754,-0.7013269616662083,-0.0660376957659172,0.5151191960361726,1.419466464876618,2.039381394760177,train_oof,0.20232788980713348
RFERF_RF_ROSE,RFERF,supervised,RF,ROSE,90,pred_normal,932,932,0.0,0.037415874045925106,0.0249785937264314,0.9880070821106197,-2.141501656029134,-1.481796270508644,-0.6018772526830846,0.0249785937264314,0.6356955673348745,1.6661851620740282,2.5116420927857224,train_oof,0.20232788980713348
RFERF_RF_ROSE,RFERF,supervised,RF,ROSE,91,TP,58,58,0.0,0.05568815460292002,0.1077689672262906,0.7815730065207944,-2.467369636008359,-1.1459008847808256,-0.1502598214456838,0.1077689672262906,0.5747050902716362,0.9623128876968231,1.4829664263969862,train_oof,0.20232788980713348
RFERF_RF_ROSE,RFERF,supervised,RF,ROSE,91,FP,263,263,0.0,0.058241763403521454,0.0976059077162347,0.9890207336048785,-3.0509099284990793,-1.6255972936554635,-0.43426087331002333,0.0976059077162347,0.6294726887424928,1.583219362319515,2.2416501111110017,train_oof,0.20232788980713348
RFERF_RF_ROSE,RFERF,supervised,RF,ROSE,91,TN,907,907,0.0,-0.023701710933711106,-0.0209631199010839,1.0179101574826674,-2.742969225344386,-1.7356971050144023,-0.5533945153445674,-0.0209631199010839,0.5154205764629768,1.693770865212234,2.572604497911797,train_oof,0.20232788980713348
RFERF_RF_ROSE,RFERF,supervised,RF,ROSE,91,FN,25,25,0.0,0.12538493704372083,0.0874428482061788,0.8328467125088302,-1.8095260862107863,-1.0282352402310673,-0.2716519211491291,0.0874428482061788,0.4962236862773156,1.5527301837893466,1.672428440241117,train_oof,0.20232788980713348
RFERF_RF_ROSE,RFERF,supervised,RF,ROSE,91,pred_anomaly,321,321,0.0,0.05778036368254051,0.1009935942195867,0.9537714114019972,-2.9601199302092467,-1.6312434378277167,-0.3879624910975465,0.1009935942195867,0.6238265445702396,1.549794188819776,2.122313207886259,train_oof,0.20232788980713348
RFERF_RF_ROSE,RFERF,supervised,RF,ROSE,91,pred_normal,932,932,0.0,-0.019702605569509615,-0.0209631199010839,1.013301332799017,-2.735911545129069,-1.734285568971339,-0.5460545279206381,-0.0209631199010839,0.5154205764629768,1.6891974884327092,2.557359908646713,train_oof,0.20232788980713348
RFERF_RF_ROSE,RFERF,supervised,RF,ROSE,92,TP,58,58,0.0,-0.10690521870188982,-0.14530979947507394,0.8442794953222795,-2.0847306067179217,-1.0546040105486558,-0.5801233064481794,-0.14530979947507394,0.3810433931765799,0.9516407672395322,2.2832380615768177,train_oof,0.20232788980713348
RFERF_RF_ROSE,RFERF,supervised,RF,ROSE,92,FP,263,263,0.0,-0.009972608924976612,-0.0080002709572512,0.8504095998921822,-2.335549345477145,-1.2559913190414624,-0.4046722422309614,-0.0080002709572512,0.4496981574354913,1.2430420999829117,2.700353895985404,train_oof,0.20232788980713348
RFERF_RF_ROSE,RFERF,supervised,RF,ROSE,92,TN,907,907,0.0,0.009160936799180718,-0.0568519053429489,1.0519141556848737,-2.204952727242416,-1.3505823275759627,-0.5267251564690261,-0.0568519053429489,0.4191849288759751,1.5390204170102164,3.615750752770882,train_oof,0.20232788980713348
RFERF_RF_ROSE,RFERF,supervised,RF,ROSE,92,FN,25,25,0.0,0.012748724463219762,-0.2826193279928967,0.8572135702525103,-0.8318574420641879,-0.8196521506403814,-0.5267251564690261,-0.2826193279928967,0.2666187860783943,1.5359690941542654,2.6905896628463557,train_oof,0.20232788980713348
RFERF_RF_ROSE,RFERF,supervised,RF,ROSE,92,pred_anomaly,321,321,0.0,-0.027486912249154068,-0.0385134995167673,0.8488117155360283,-2.4124426814471254,-1.228529413337898,-0.4351854707904776,-0.0385134995167673,0.4496981574354913,1.2430420999829117,2.7259850079753982,train_oof,0.20232788980713348
RFERF_RF_ROSE,RFERF,supervised,RF,ROSE,92,pred_normal,932,932,0.0,0.009257175738666747,-0.0690267280762835,1.0467822250690353,-2.204952727242416,-1.3505823275759627,-0.5267251564690261,-0.0690267280762835,0.4191849288759751,1.5481743855780734,3.5852375242113657,train_oof,0.20232788980713348
RFERF_RF_ROSE,RFERF,supervised,RF,ROSE,102,TP,58,58,0.0,-0.20532535618430012,-0.4465940926555398,1.4040930461543129,-2.8261135766025003,-2.0030416461324285,-0.8593736113482507,-0.4465940926555398,0.012317247854140699,2.5534184520434953,4.094189209028148,train_oof,0.20232788980713348
RFERF_RF_ROSE,RFERF,supervised,RF,ROSE,102,FP,263,263,0.0,-0.053324315502285315,-0.048656986199593,0.999067847280517,-2.3295105319369727,-1.4478551992221154,-0.655992449076915,-0.048656986199593,0.40463830643671717,1.7666101449843266,2.7844947532560793,train_oof,0.20232788980713348
RFERF_RF_ROSE,RFERF,supervised,RF,ROSE,102,TN,907,907,0.0,0.03288064979803501,-0.0310065500261438,0.9722430739824934,-2.0617373693346805,-1.3992362704897965,-0.549287539482881,-0.0310065500261438,0.5715151575311466,1.6522032268782416,2.6479124689757123,train_oof,0.20232788980713348
RFERF_RF_ROSE,RFERF,supervised,RF,ROSE,102,FN,25,25,0.0,-0.1763819606910986,-0.2187430075073767,0.73269386650891,-1.2478597115258687,-1.1006229821371682,-0.6343305501367728,-0.2187430075073767,0.0347814393476215,1.0745525884744485,1.823893833292703,train_oof,0.20232788980713348
RFERF_RF_ROSE,RFERF,supervised,RF,ROSE,102,pred_anomaly,321,321,0.0,-0.08078867799311663,-0.1096312202533268,1.082508527087861,-2.374663556838869,-1.5794311779696464,-0.6824681033370888,-0.1096312202533268,0.3717443117498346,1.904123088626565,3.1457510441733887,train_oof,0.20232788980713348
RFERF_RF_ROSE,RFERF,supervised,RF,ROSE,102,pred_normal,932,932,0.0,0.02726738234929216,-0.0310065500261438,0.9668801339401029,-2.0589293453979955,-1.3963480172977774,-0.5524967096962353,-0.0310065500261438,0.5675036947644535,1.6441803013448555,2.631465471632271,train_oof,0.20232788980713348
RFERF_RF_ROSE,RFERF,supervised,RF,ROSE,103,TP,58,58,0.0,1.110840025258156,1.1536762212841918,1.0422887164043622,-0.9418028522104963,-0.4187503533662683,0.4998605977289069,1.1536762212841918,1.586829071889568,2.632934069578024,4.3665261954348615,train_oof,0.20232788980713348
RFERF_RF_ROSE,RFERF,supervised,RF,ROSE,103,FP,263,263,0.0,0.8329212371426694,0.8758045812731956,1.0524461969463461,-1.2334046203161535,-0.8208469618527687,0.1566073953623825,0.8758045812731956,1.4152024707063058,2.2128575314437526,2.751601605253308,train_oof,0.20232788980713348
RFERF_RF_ROSE,RFERF,supervised,RF,ROSE,103,TN,907,907,0.0,-0.3075727032149857,-0.3337543223040816,0.7737574214007519,-1.9643704874509627,-1.4125501011703014,-0.7914252587927811,-0.3337543223040816,0.1239166141846179,0.9084953624509924,1.691112663846634,train_oof,0.20232788980713348
RFERF_RF_ROSE,RFERF,supervised,RF,ROSE,103,FN,25,25,0.0,-0.24222013500634154,-0.268372759948553,0.8257793133061968,-1.8689134064118906,-1.327554070108114,-0.6279713529039598,-0.268372759948553,0.2219889577179106,1.1177163619886494,1.6577680670453154,train_oof,0.20232788980713348
RFERF_RF_ROSE,RFERF,supervised,RF,ROSE,103,pred_anomaly,321,321,0.0,0.8831370929392371,0.9084953624509924,1.0544484987215064,-1.2883251326947973,-0.7587344776150166,0.2219889577179106,0.9084953624509924,1.4315478612951875,2.248817390739294,3.4518381380810275,train_oof,0.20232788980713348
RFERF_RF_ROSE,RFERF,supervised,RF,ROSE,103,pred_normal,932,932,0.0,-0.30581968368149204,-0.3337543223040816,0.7747994307301224,-2.0134066592176088,-1.4125501011703014,-0.7914252587927811,-0.3337543223040816,0.13208930947905906,0.9232062139809695,1.693074110717302,train_oof,0.20232788980713348
RFERF_RF_ROSE,RFERF,supervised,RF,ROSE,107,TP,58,58,0.0,-0.317889121181236,-0.1126144222013354,1.1898898898152601,-4.390244287805781,-1.832115812704138,-0.7722689658106605,-0.1126144222013354,0.3786716893708938,1.1092835152256681,1.7099950064132963,train_oof,0.20232788980713348
RFERF_RF_ROSE,RFERF,supervised,RF,ROSE,107,FP,263,263,0.0,0.007208320127705739,0.1502321082150352,1.0611824104598149,-3.5346280669491272,-2.1101352436960457,-0.48827062232430285,0.1502321082150352,0.6821297008816394,1.3285291083004374,2.0057029936151975,train_oof,0.20232788980713348
RFERF_RF_ROSE,RFERF,supervised,RF,ROSE,107,TN,907,907,0.0,0.015962262321129517,0.0069638276876572,0.9710195739760835,-2.497275468195145,-1.474339945229666,-0.55764856919386,0.0069638276876572,0.5512704840219871,1.5435443387612127,2.9867861291195226,train_oof,0.20232788980713348
RFERF_RF_ROSE,RFERF,supervised,RF,ROSE,107,FN,25,25,0.0,0.08597572035015771,0.2111493298565975,0.7103909592189043,-1.3655688616985653,-1.2966647154417759,-0.2547546060316474,0.2111493298565975,0.4909173107289577,1.203648803935236,1.2701162613263632,train_oof,0.20232788980713348
RFERF_RF_ROSE,RFERF,supervised,RF,ROSE,107,pred_anomaly,321,321,0.0,-0.05153202752313106,0.048703405479098,1.0908216858005724,-3.5526324902343003,-2.126267026464089,-0.5345225869040077,0.048703405479098,0.6341855912563357,1.2523825812484863,2.091460904526156,train_oof,0.20232788980713348
RFERF_RF_ROSE,RFERF,supervised,RF,ROSE,107,pred_normal,932,932,0.0,0.017840305723195733,0.0069638276876572,0.9647266456538014,-2.4685090024199625,-1.456177588406904,-0.5449574813518677,0.0069638276876572,0.5470401214079896,1.531868537946579,2.956045494124475,train_oof,0.20232788980713348
RFERF_RF_ROSE,RFERF,supervised,RF,ROSE,115,TP,58,58,0.0,-0.17872258839277338,-0.012297853451642249,1.043716769742988,-2.564042734578018,-1.9119188239200606,-0.7874667389010334,-0.012297853451642249,0.43591405127242855,1.0941934401430367,2.2469265847962756,train_oof,0.20232788980713348
RFERF_RF_ROSE,RFERF,supervised,RF,ROSE,115,FP,263,263,0.0,-0.05976523311729968,0.0571040356434971,1.0474816272090823,-2.8090530354273446,-2.0140774122459026,-0.5927120832994901,0.0571040356434971,0.5439178833493705,1.463145668611693,1.9577225544631673,train_oof,0.20232788980713348
RFERF_RF_ROSE,RFERF,supervised,RF,ROSE,115,TN,907,907,0.0,0.03246890219222435,0.1009736080484518,0.9850412523974182,-2.8073665738282974,-1.7007838707670244,-0.5435789823895807,0.1009736080484518,0.6333240514060772,1.4956981421162185,2.453144803591615,train_oof,0.20232788980713348
RFERF_RF_ROSE,RFERF,supervised,RF,ROSE,115,FN,25,25,0.0,-0.13460511406874245,0.0558224987071523,0.9160067901654166,-2.114453618496084,-2.0149119490988503,-0.2796756693915191,0.0558224987071523,0.2916396482082813,0.936211307915926,1.6998015379023272,train_oof,0.20232788980713348
RFERF_RF_ROSE,RFERF,supervised,RF,ROSE,115,pred_anomaly,321,321,0.0,-0.08125908547236971,0.0469030016301937,1.0461777941317218,-2.7070759947500536,-2.015940869474303,-0.6382681583126731,0.0469030016301937,0.5321482481259785,1.4434194319038345,1.970795461489344,train_oof,0.20232788980713348
RFERF_RF_ROSE,RFERF,supervised,RF,ROSE,115,pred_normal,932,932,0.0,0.027987303043593263,0.09205206051239445,0.9831634458889815,-2.7941400874156703,-1.726711618494287,-0.5257410134652101,0.09205206051239445,0.6219937270444647,1.4949276821100879,2.3997959587759055,train_oof,0.20232788980713348
RFERF_RF_ROSE,RFERF,supervised,RF,ROSE,122,TP,58,58,0.0,-0.4448792061393387,-0.7065574066679046,0.696562383812653,-1.5170714427336807,-1.3758003595496402,-0.9632981024638692,-0.7065574066679046,0.2616901364849458,0.7486942783270439,0.8354709717540035,train_oof,0.20232788980713348
RFERF_RF_ROSE,RFERF,supervised,RF,ROSE,122,FP,263,263,0.0,-0.3232844250770246,-0.3143839166494729,0.7412445269001403,-1.806637281211132,-1.411583420927028,-0.9048598211122524,-0.3143839166494729,0.3137583682105574,0.7369512303208422,0.9089314918758172,train_oof,0.20232788980713348
RFERF_RF_ROSE,RFERF,supervised,RF,ROSE,122,TN,907,907,0.0,0.12836882826173127,0.1365048133999667,1.0532261503600093,-1.6648344373626591,-1.198436021267293,-0.7375767787597579,0.1365048133999667,0.6029032294953334,2.3289097194634576,2.734377226092684,train_oof,0.20232788980713348
RFERF_RF_ROSE,RFERF,supervised,RF,ROSE,122,FN,25,25,0.0,-0.2177807292777009,-0.0396409066930573,0.7767506839537461,-1.6026184396241419,-1.3710366702641055,-0.8040468618137294,-0.0396409066930573,0.3901989637226245,0.8399798590544981,0.8628898810137668,train_oof,0.20232788980713348
RFERF_RF_ROSE,RFERF,supervised,RF,ROSE,122,pred_anomaly,321,321,0.0,-0.34525482165526206,-0.373099156680481,0.7338109771520965,-1.7951158001484435,-1.4056011134521706,-0.9159381682879147,-0.373099156680481,0.3137583682105574,0.7380590650384086,0.8676757269936528,train_oof,0.20232788980713348
RFERF_RF_ROSE,RFERF,supervised,RF,ROSE,122,pred_normal,932,932,0.0,0.11908370064533016,0.1337352266060513,1.047941995836367,-1.6648344373626591,-1.2064124312337696,-0.7375767787597579,0.1337352266060513,0.5973640559075025,2.3264724830848116,2.734377226092684,train_oof,0.20232788980713348
RFERF_RF_ROSE,RFERF,supervised,RF,ROSE,124,TP,58,58,0.0,0.36219289351607203,0.2991009479565267,0.9424637184951357,-1.319718199967003,-0.7464227213159271,-0.3979148315584477,0.2991009479565267,0.8872080119222887,2.39014828650145,2.4650774827993076,train_oof,0.20232788980713348
RFERF_RF_ROSE,RFERF,supervised,RF,ROSE,124,FP,263,263,0.0,0.20753335597504502,0.2119739755171568,0.9510449261924437,-1.8250546401153571,-1.182057583512792,-0.4850418039978175,0.2119739755171568,0.7347358101533915,1.8673864518652308,2.564402231380189,train_oof,0.20232788980713348
RFERF_RF_ROSE,RFERF,supervised,RF,ROSE,124,TN,907,907,0.0,-0.09163571400103027,-0.2236608866797079,0.9968585635215551,-2.4837345517570086,-1.6176924457096569,-0.7464227213159271,-0.2236608866797079,0.6476088377140061,1.6060055345471056,1.9545134243045847,train_oof,0.20232788980713348
RFERF_RF_ROSE,RFERF,supervised,RF,ROSE,124,FN,25,25,0.0,0.2468247644929023,0.0377200306384171,1.1154861438377888,-1.9139241520035222,-0.9032512717068084,-0.5721687764371874,0.0377200306384171,0.9089897550321312,2.355297497525688,2.5434917579947367,train_oof,0.20232788980713348
RFERF_RF_ROSE,RFERF,supervised,RF,ROSE,124,pred_anomaly,321,321,0.0,0.23547806992326797,0.2119739755171568,0.9499040616629898,-1.7570956016126487,-1.094930611073422,-0.4850418039978175,0.2119739755171568,0.7347358101533915,2.1287673691833247,2.564402231380189,train_oof,0.20232788980713348
RFERF_RF_ROSE,RFERF,supervised,RF,ROSE,124,pred_normal,932,932,0.0,-0.08255683850494837,-0.2236608866797079,1.001055913274294,-2.4619528086471663,-1.6176924457096569,-0.7464227213159271,-0.2236608866797079,0.6476088377140061,1.6060055345471056,2.074748646270905,train_oof,0.20232788980713348
RFERF_RF_ROSE,RFERF,supervised,RF,ROSE,125,TP,58,58,0.0,-0.3994217025019245,-0.5811495141803635,0.7575022450820201,-1.8727178408819605,-1.2890660053568355,-0.9256639890240512,-0.5811495141803635,0.06481512615155113,0.9789935770334531,1.657265383885979,train_oof,0.20232788980713348
RFERF_RF_ROSE,RFERF,supervised,RF,ROSE,125,FP,263,263,0.0,-0.41098299775387676,-0.540050795708347,0.7895139745404617,-2.4733130698223746,-1.5645167641595041,-0.8920702539251855,-0.540050795708347,-0.0147019595877856,0.8287152194901223,2.0402339640130496,train_oof,0.20232788980713348
RFERF_RF_ROSE,RFERF,supervised,RF,ROSE,125,TN,907,907,0.0,0.15464044856899548,-0.0147019595877856,1.0287914371230222,-1.348087338884258,-0.9596151042835436,-0.7230294379489777,-0.0147019595877856,0.692910758452154,2.1974812346885915,3.459033201699192,train_oof,0.20232788980713348
RFERF_RF_ROSE,RFERF,supervised,RF,ROSE,125,FN,25,25,0.0,-0.3279242275670404,-0.2505728656010983,0.7732466871478626,-1.5678761376693908,-1.4732418711355644,-0.7905742883073356,-0.2505728656010983,-0.1147684045631307,0.5971328754043239,1.6971490098118638,train_oof,0.20232788980713348
RFERF_RF_ROSE,RFERF,supervised,RF,ROSE,125,pred_anomaly,321,321,0.0,-0.40889404097938065,-0.540050795708347,0.7826768343321419,-2.074998585598014,-1.5678761376693908,-0.8920702539251855,-0.540050795708347,-0.0147019595877856,0.9645196805280908,2.0402339640130496,train_oof,0.20232788980713348
RFERF_RF_ROSE,RFERF,supervised,RF,ROSE,125,pred_normal,932,932,0.0,0.14169611712757818,-0.0826041901067694,1.02542151098025,-1.5154734847167664,-0.9596151042835436,-0.7230294379489777,-0.0826041901067694,0.6786155520271047,2.1974812346885915,3.459033201699192,train_oof,0.20232788980713348
RFERF_RF_ROSE,RFERF,supervised,RF,ROSE,126,TP,58,58,0.0,0.1868548216304731,0.07307544787422429,0.9261545001861261,-0.9772357938641357,-0.8768574020162947,-0.5026414308473025,0.07307544787422429,0.6184399061189367,1.931426869325683,2.76151661384968,train_oof,0.20232788980713348
RFERF_RF_ROSE,RFERF,supervised,RF,ROSE,126,FP,263,263,0.0,-0.015163300590386968,-0.0639999994404245,0.7566762638032628,-1.2961907775585655,-1.0196116892911211,-0.5222236376065377,-0.0639999994404245,0.37464143196645416,1.2245092053172788,2.3554208100766543,train_oof,0.20232788980713348
RFERF_RF_ROSE,RFERF,supervised,RF,ROSE,126,TN,907,907,0.0,-0.00890824426308734,-0.0953315302551998,1.0685382983657368,-1.446503796642459,-1.313344790679656,-0.806165635615454,-0.0953315302551998,0.4823435691422494,1.8041425253906531,4.717974891164911,train_oof,0.20232788980713348
RFERF_RF_ROSE,RFERF,supervised,RF,ROSE,126,FN,25,25,0.0,-0.022799036418992728,0.0417439170594482,0.6449289328809802,-1.0814914626503065,-0.9812305640430206,-0.5026414308473025,0.0417439170594482,0.3824743146701485,0.9025777261954443,1.2583472585972368,train_oof,0.20232788980713348
RFERF_RF_ROSE,RFERF,supervised,RF,ROSE,126,pred_anomaly,321,321,0.0,0.021338416197182776,-0.0561671167367294,0.7922323224321758,-1.205251009368675,-0.9921965998281926,-0.5222236376065377,-0.0561671167367294,0.409889404133077,1.463412127779953,2.3587106208122055,train_oof,0.20232788980713348
RFERF_RF_ROSE,RFERF,supervised,RF,ROSE,126,pred_normal,932,932,0.0,-0.009280851348814434,-0.0953315302551998,1.0591701879712478,-1.446503796642459,-1.313344790679656,-0.8042074149395306,-0.0953315302551998,0.48136445880428774,1.8041425253906531,4.717974891164911,train_oof,0.20232788980713348
RFERF_RF_ROSE,RFERF,supervised,RF,ROSE,129,TP,58,58,0.0,0.48776817150876245,0.460546058970014,0.6299225164088993,-1.3700841440412437,-0.44731139419724625,0.3929700500801979,0.460546058970014,0.6922352323065263,1.618991925652575,2.0716756698918144,train_oof,0.20232788980713348
RFERF_RF_ROSE,RFERF,supervised,RF,ROSE,129,FP,263,263,0.0,0.4950437329060537,0.460546058970014,0.5772424354283773,-1.384264697039324,-0.3504476858942962,0.28677917896762983,0.460546058970014,0.8081614571613,1.2715398038343244,1.7252032063117726,train_oof,0.20232788980713348
RFERF_RF_ROSE,RFERF,supervised,RF,ROSE,129,TN,907,907,0.0,-0.1829517738690044,0.1129306607787282,1.0553814136723585,-2.624561009524277,-2.3935249416799045,-0.5819735828577736,0.1129306607787282,0.460546058970014,1.078465492720564,1.811658045833748,train_oof,0.20232788980713348
RFERF_RF_ROSE,RFERF,supervised,RF,ROSE,129,FN,25,25,0.0,0.2804228297653815,0.460546058970014,0.849354111482129,-1.6482662645994417,-1.2145062519949466,-0.118758512557784,0.460546058970014,0.885391181606804,1.2715398038343244,1.3302343944129076,train_oof,0.20232788980713348
RFERF_RF_ROSE,RFERF,supervised,RF,ROSE,129,pred_anomaly,321,321,0.0,0.4937291454884746,0.460546058970014,0.5860913009178296,-1.5464471183748825,-0.3504476858942962,0.3060866100790058,0.460546058970014,0.7694649567520303,1.3487695282798289,1.7732880981705488,train_oof,0.20232788980713348
RFERF_RF_ROSE,RFERF,supervised,RF,ROSE,129,pred_normal,932,932,0.0,-0.17052219759125803,0.1129306607787282,1.0526767500636205,-2.624561009524277,-2.3935249416799045,-0.5819735828577736,0.1129306607787282,0.460546058970014,1.078465492720564,1.811658045833748,train_oof,0.20232788980713348
RFERF_RF_ROSE,RFERF,supervised,RF,ROSE,130,TP,58,58,0.0,0.3421473489159203,0.3915348680087602,0.7310668666888734,-0.9372576734701197,-0.8393118578272334,-0.19471327529698462,0.3915348680087602,0.9207739614974617,1.2549628406923439,1.601224224554364,train_oof,0.20232788980713348
RFERF_RF_ROSE,RFERF,supervised,RF,ROSE,130,FP,263,263,0.0,0.1861669394861658,0.1915459018056567,0.7577174076517077,-1.5132380905842175,-1.133015165815145,-0.3815932086544587,0.1915459018056567,0.8390711521339984,1.2000268472322844,1.6568309127181533,train_oof,0.20232788980713348
RFERF_RF_ROSE,RFERF,supervised,RF,ROSE,130,TN,907,907,0.0,-0.08647467316228909,0.0927708636199773,1.0636828734161223,-2.5924468411314554,-2.125399438352255,-0.8108378190416087,0.0927708636199773,0.8366322623022535,1.3206299494120821,1.5731769914892948,train_oof,0.20232788980713348
RFERF_RF_ROSE,RFERF,supervised,RF,ROSE,130,FN,25,25,0.0,0.3213436186511342,0.2439820331881775,0.7959083891010431,-0.8135693756531635,-0.7803516961447937,-0.4462237891957054,0.2439820331881775,1.0110128852720328,1.3297757862811268,1.5225456385822647,train_oof,0.20232788980713348
RFERF_RF_ROSE,RFERF,supervised,RF,ROSE,130,pred_anomaly,321,321,0.0,0.21435031564481302,0.225690359450088,0.7542460170877574,-1.4944586388797796,-1.054726802216126,-0.3730570942433502,0.225690359450088,0.8976045080958828,1.2000268472322844,1.601224224554364,train_oof,0.20232788980713348
RFERF_RF_ROSE,RFERF,supervised,RF,ROSE,130,pred_normal,932,932,0.0,-0.07553534130034106,0.10435559032076695,1.0591107996622513,-2.5924468411314554,-2.125399438352255,-0.7949850351352655,0.10435559032076695,0.8463878216292344,1.323190783735415,1.5731769914892948,train_oof,0.20232788980713348
RFERF_RF_ROSE,RFERF,supervised,RF,ROSE,131,TP,58,58,0.0,0.16420345823913263,0.061292721391503505,0.9917413320740948,-1.2426989904572459,-0.8906691531121758,-0.4615238687249248,0.061292721391503505,0.4751891885670194,1.4554702950352942,3.8822106341590867,train_oof,0.20232788980713348
RFERF_RF_ROSE,RFERF,supervised,RF,ROSE,131,FP,263,263,0.0,-0.09241475625634447,-0.2218995982549173,0.910903284629027,-1.5725091227223775,-1.3546688768405042,-0.6575800900186157,-0.2218995982549173,0.4316211393906544,0.9544377295070828,2.984708821125885,train_oof,0.20232788980713348
RFERF_RF_ROSE,RFERF,supervised,RF,ROSE,131,TN,907,907,0.0,0.018319341996010857,-0.0476274015494089,1.0251929757644005,-1.5725091227223775,-1.3982369260168692,-0.6140120408422507,-0.0476274015494089,0.5623252869197494,1.3901182212707328,2.235338375292285,train_oof,0.20232788980713348
RFERF_RF_ROSE,RFERF,supervised,RF,ROSE,131,FN,25,25,0.0,-0.05634101138470132,-0.2654676474312823,0.8013837059881798,-1.2030520657067538,-1.1019741916175774,-0.7011481391949808,-0.2654676474312823,0.4316211393906544,1.3901182212707328,1.3901182212707328,train_oof,0.20232788980713348
RFERF_RF_ROSE,RFERF,supervised,RF,ROSE,131,pred_anomaly,321,321,0.0,-0.046047602235354874,-0.0476274015494089,0.9296922914841094,-1.5550819030518315,-1.3546688768405042,-0.6575800900186157,-0.0476274015494089,0.4316211393906544,1.3901182212707328,4.527017761969381,train_oof,0.20232788980713348
RFERF_RF_ROSE,RFERF,supervised,RF,ROSE,131,pred_normal,932,932,0.0,0.016316650113481018,-0.0476274015494089,1.0195581981918949,-1.5725091227223775,-1.3742744989698683,-0.6140120408422507,-0.0476274015494089,0.5623252869197494,1.3901182212707328,2.1264182523513724,train_oof,0.20232788980713348
RFERF_RF_ROSE,RFERF,supervised,RF,ROSE,132,TP,58,58,0.0,0.25319050113668345,0.2915072948730967,1.1014297154423975,-2.286857446778464,-2.217534317162704,-0.2454108022316965,0.2915072948730967,1.1454405119206403,1.562835971756885,1.980698316894968,train_oof,0.20232788980713348
RFERF_RF_ROSE,RFERF,supervised,RF,ROSE,132,FP,263,263,0.0,0.23362506013566536,0.2438849940864094,0.8994977654188077,-2.219401858370029,-1.7245034384299573,-0.2715563791341964,0.2438849940864094,0.8639086749169897,1.5670379394733578,1.9772246902493535,train_oof,0.20232788980713348
RFERF_RF_ROSE,RFERF,supervised,RF,ROSE,132,TN,907,907,0.0,-0.07197601520752639,-0.2715563791341964,1.002337617084427,-1.9752021701007274,-1.3640679854169997,-0.8486266121963936,-0.2715563791341964,0.5725722465749161,1.836897643931252,2.176790143663675,train_oof,0.20232788980713348
RFERF_RF_ROSE,RFERF,supervised,RF,ROSE,132,FN,25,25,0.0,-0.4498692136092053,-0.5965085492080532,1.0867802366281327,-2.327271038504892,-2.1727133281870024,-0.9083879308306684,-0.5965085492080532,0.3634076313549588,1.3614216525473186,1.530023272744257,train_oof,0.20232788980713348
RFERF_RF_ROSE,RFERF,supervised,RF,ROSE,132,pred_anomaly,321,321,0.0,0.23716024885236017,0.2662954885742593,0.9373346623323069,-2.219401858370029,-1.9859592074548964,-0.2715563791341964,0.2662954885742593,0.8900542518194896,1.5717067924916612,1.980698316894968,train_oof,0.20232788980713348
RFERF_RF_ROSE,RFERF,supervised,RF,ROSE,132,pred_normal,932,932,0.0,-0.0821126353363268,-0.2715563791341964,1.005922964870481,-1.9859592074548964,-1.3707911337633545,-0.8504941534037103,-0.2715563791341964,0.5725722465749161,1.836897643931252,2.176790143663675,train_oof,0.20232788980713348
RFERF_RF_ROSE,RFERF,supervised,RF,ROSE,133,TP,58,58,0.0,0.2618127485451229,0.1222732321194762,0.8616681385709031,-1.6838560549802686,-0.8808357895493099,-0.3242555331752942,0.1222732321194762,1.1811899657940315,1.5465969506551922,1.5579860712111187,train_oof,0.20232788980713348
RFERF_RF_ROSE,RFERF,supervised,RF,ROSE,133,FP,263,263,0.0,0.16922988266440744,0.1355651377430604,0.932009391228161,-2.21645219563935,-1.4778770944178414,-0.3841224590200105,0.1355651377430604,0.9067852811201624,1.488033302254072,1.9009829336769541,train_oof,0.20232788980713348
RFERF_RF_ROSE,RFERF,supervised,RF,ROSE,133,TN,907,907,0.0,-0.07165906138938212,-0.0702155112457948,1.016026817627049,-2.640431060127601,-1.8891365807770226,-0.6615986104176763,-0.0702155112457948,0.6096837530133621,1.5575703943001684,2.1469719020373548,train_oof,0.20232788980713348
RFERF_RF_ROSE,RFERF,supervised,RF,ROSE,133,FN,25,25,0.0,0.19733896426840722,0.4810784689008631,0.9986704879363468,-2.375228886076497,-1.1337417314577025,-0.3921174183085066,0.4810784689008631,0.9030964724494068,1.3670906797894682,1.663703821822662,train_oof,0.20232788980713348
RFERF_RF_ROSE,RFERF,supervised,RF,ROSE,133,pred_anomaly,321,321,0.0,0.18595825095438095,0.1355651377430604,0.919089735264754,-1.9314999570488582,-1.4778770944178414,-0.3761274997315144,0.1355651377430604,0.9680012134415914,1.5446900499745626,1.8679516336217044,train_oof,0.20232788980713348
RFERF_RF_ROSE,RFERF,supervised,RF,ROSE,133,pred_normal,932,932,0.0,-0.06444344911315386,-0.0612216307423827,1.015968109810072,-2.640431060127601,-1.8783292859523455,-0.6418741541368314,-0.0612216307423827,0.6281354178727083,1.5575703943001684,2.1469719020373548,train_oof,0.20232788980713348
RFERF_RF_ROSE,RFERF,supervised,RF,ROSE,137,TP,58,58,0.0,0.21325221105026967,0.3615915043656278,0.8880146071988825,-1.7428822465189593,-1.3485533771955698,-0.46979578604541505,0.3615915043656278,0.8641788414757194,1.419528220872465,1.9059403333399327,train_oof,0.20232788980713348
RFERF_RF_ROSE,RFERF,supervised,RF,ROSE,137,FP,263,263,0.0,0.10978882783011505,0.0698597742040226,0.8929505469732932,-1.6412864307874326,-1.4011228572840968,-0.4953102772971725,0.0698597742040226,0.7341993577403509,1.5797399697136876,2.1130217212051408,train_oof,0.20232788980713348
RFERF_RF_ROSE,RFERF,supervised,RF,ROSE,137,TN,907,907,0.0,-0.04783263595808264,-0.1708429734540673,1.0306375643025718,-1.8244901060849577,-1.5318725898119714,-0.865992508690631,-0.1708429734540673,0.726496869815292,1.8335369468443787,2.4372964628501053,train_oof,0.20232788980713348
RFERF_RF_ROSE,RFERF,supervised,RF,ROSE,137,FN,25,25,0.0,0.10205614072474731,-0.0418271258598693,0.9727937430688189,-1.588100751664901,-1.2422590438297574,-0.53093428395057,-0.0418271258598693,0.5454884035764085,1.891883292876699,2.072737709357083,train_oof,0.20232788980713348
RFERF_RF_ROSE,RFERF,supervised,RF,ROSE,137,pred_anomaly,321,321,0.0,0.1284831462935698,0.0910416159979347,0.8915675685636473,-1.6809157311618605,-1.403241041463488,-0.4885706003627461,0.0910416159979347,0.7823399072719692,1.490968796377386,2.1194918110621908,train_oof,0.20232788980713348
RFERF_RF_ROSE,RFERF,supervised,RF,ROSE,137,pred_normal,932,932,0.0,-0.04381201426594665,-0.1650661075102732,1.0289181520717936,-1.822564484103693,-1.5299469678307065,-0.8640668867093665,-0.1650661075102732,0.7067592445073286,1.8384472828966045,2.376639370440267,train_oof,0.20232788980713348
RFERF_RF_ROSE,RFERF,supervised,RF,ROSE,139,TP,58,58,0.0,-0.2323137082790676,-0.41271972981373684,0.8754319533803055,-1.1060610250855532,-1.0489436969059125,-0.736553856727101,-0.41271972981373684,-0.1383318119382979,1.1539233187260263,3.386987899426417,train_oof,0.20232788980713348
RFERF_RF_ROSE,RFERF,supervised,RF,ROSE,139,FP,263,263,0.0,-0.11895208881258705,-0.3850101437666456,0.8447577380825785,-1.0734407851194288,-0.9449734105468844,-0.7287490091819397,-0.3850101437666456,0.2323539656604808,1.636145612578937,2.247488489392479,train_oof,0.20232788980713348
RFERF_RF_ROSE,RFERF,supervised,RF,ROSE,139,TN,907,907,0.0,0.042056519753056305,-0.267461606788287,1.0356136803778164,-1.1078861938099596,-0.9945564049983117,-0.6535177746501006,-0.267461606788287,0.3706099384349393,2.435707521343678,4.314012875099128,train_oof,0.20232788980713348
RFERF_RF_ROSE,RFERF,supervised,RF,ROSE,139,FN,25,25,0.0,0.3042558673717442,-0.0030020069607602,1.1910184523138514,-1.0413383164810517,-0.9504154827620069,-0.3680717822157747,-0.0030020069607602,0.5359670668224998,3.0173884115929495,3.977766373598449,train_oof,0.20232788980713348
RFERF_RF_ROSE,RFERF,supervised,RF,ROSE,139,pred_anomaly,321,321,0.0,-0.13943487363830628,-0.387469123908896,0.8501134033661426,-1.0967210867543973,-0.9449734105468844,-0.7362059964698173,-0.387469123908896,0.2117646500585253,1.636145612578937,3.0655314540172824,train_oof,0.20232788980713348
RFERF_RF_ROSE,RFERF,supervised,RF,ROSE,139,pred_normal,932,932,0.0,0.04908976405613271,-0.26084241855038603,1.04022136173507,-1.106738422112142,-1.0006427708698906,-0.6471957441333176,-0.26084241855038603,0.3706099384349393,2.435707521343678,4.282410712343466,train_oof,0.20232788980713348
RFERF_RF_ROSE,RFERF,supervised,RF,ROSE,144,TP,58,58,0.0,-0.13457227447324277,-0.25627802578517545,1.0010309747951776,-1.088542241282654,-1.0027708284666526,-0.7188187978008918,-0.25627802578517545,0.09154287137703862,1.4846977771334338,3.634401780983997,train_oof,0.20232788980713348
RFERF_RF_ROSE,RFERF,supervised,RF,ROSE,144,FP,263,263,0.0,-0.21901873789758325,-0.3539119618307093,0.7828640852113539,-1.256016986246093,-1.0664769717363634,-0.6809856475832474,-0.3539119618307093,0.0496416404908304,1.1825207450725048,2.9941184283973867,train_oof,0.20232788980713348
RFERF_RF_ROSE,RFERF,supervised,RF,ROSE,144,TN,907,907,0.0,0.08265230835804942,-0.1374900702631093,1.0521840943921812,-1.1136341628463562,-0.954360668510742,-0.5605704597937557,-0.1374900702631093,0.305117106476644,2.0298205867209975,4.4570327814583015,train_oof,0.20232788980713348
RFERF_RF_ROSE,RFERF,supervised,RF,ROSE,144,FN,25,25,0.0,-0.3543675868655884,-0.477581614155052,0.5786144688999433,-1.1114862162533543,-1.0558999619980969,-0.607760195549097,-0.477581614155052,-0.1895615028207272,0.25532379909342146,1.4952096975810003,train_oof,0.20232788980713348
RFERF_RF_ROSE,RFERF,supervised,RF,ROSE,144,pred_anomaly,321,321,0.0,-0.2037604984003504,-0.3457758004935815,0.8254355411870372,-1.246286137286888,-1.0650124626956805,-0.7005124347923544,-0.3457758004935815,0.0594050340953838,1.3807176352449413,3.045376244821294,train_oof,0.20232788980713348
RFERF_RF_ROSE,RFERF,supervised,RF,ROSE,144,pred_normal,932,932,0.0,0.0709296716835956,-0.1464398477339499,1.0445019662459836,-1.1138294307184473,-0.954360668510742,-0.5638249243286069,-0.1464398477339499,0.28681074346810626,1.952933862085132,4.392757106894992,train_oof,0.20232788980713348
RFERF_RF_ROSE,RFERF,supervised,RF,ROSE,156,TP,58,58,0.0,0.005905134476886388,-0.12472621185540535,0.40987008096957206,-0.44971208169723614,-0.30992605896974507,-0.23398781258405738,-0.12472621185540535,0.03127985322697417,0.8839791802783483,1.295032219702024,train_oof,0.20232788980713348
RFERF_RF_ROSE,RFERF,supervised,RF,ROSE,156,FP,263,263,0.0,-0.03600016122528049,-0.1195642464666502,0.5414194005042618,-0.45210952784445796,-0.4100108323406099,-0.24803982947566872,-0.1195642464666502,0.05708968017075025,0.5223548272105525,1.1408959331937931,train_oof,0.20232788980713348
RFERF_RF_ROSE,RFERF,supervised,RF,ROSE,156,TN,907,907,0.0,0.00833462302594729,-0.1207113498863735,1.1315654454474864,-0.4889315476175785,-0.4109285150763886,-0.2595108636729025,-0.1207113498863735,0.0983854032807919,0.4834680212819305,0.91544422708136,train_oof,0.20232788980713348
RFERF_RF_ROSE,RFERF,supervised,RF,ROSE,156,FN,25,25,0.0,0.06264166072221139,-0.0989163849116293,0.5016667094023026,-0.4951717902208737,-0.43432942483874565,-0.2686876910306895,-0.0989163849116293,0.1763884358219818,1.2413592506931665,1.3509305693451443,train_oof,0.20232788980713348
RFERF_RF_ROSE,RFERF,supervised,RF,ROSE,156,pred_anomaly,321,321,0.0,-0.028428487858533837,-0.1218584533060969,0.5197969497755892,-0.45451844502587707,-0.4017516877186017,-0.2457456226362219,-0.1218584533060969,0.0547954733313035,0.6203174592549298,1.2078638308372467,train_oof,0.20232788980713348
RFERF_RF_ROSE,RFERF,supervised,RF,ROSE,156,pred_normal,932,932,0.0,0.009791356869731207,-0.1207113498863735,1.1192058260272921,-0.48972304897718766,-0.4148860218744343,-0.25979763952783336,-0.1207113498863735,0.101826713539962,0.5020510966814491,1.010401448166057,train_oof,0.20232788980713348
RFERF_RF_ROSE,RFERF,supervised,RF,ROSE,173,TP,58,58,0.0,-0.13268198492575328,-0.1584708144802052,0.7011175716380486,-1.7229105396908222,-1.4180570396641352,-0.5305809336623724,-0.1584708144802052,0.38467939457165895,1.175171852668681,1.2218618802544858,train_oof,0.20232788980713348
RFERF_RF_ROSE,RFERF,supervised,RF,ROSE,173,FP,263,263,0.0,-0.11501998922331778,-0.0493185128534361,0.946240195826421,-1.9491534921535794,-1.5547846595966137,-0.9110472099068754,-0.0493185128534361,0.5168111281198537,1.4340038176745487,2.5848346586921713,train_oof,0.20232788980713348
RFERF_RF_ROSE,RFERF,supervised,RF,ROSE,173,TN,907,907,0.0,0.03513293933177814,0.0739348038160258,1.0235434262995944,-2.733733969128998,-1.792621779983363,-0.5799344863117957,0.0739348038160258,0.715269858350343,1.7493442948144695,2.5348230586740885,train_oof,0.20232788980713348
RFERF_RF_ROSE,RFERF,supervised,RF,ROSE,173,FN,25,25,0.0,0.2372558935993899,0.3152188389909888,1.1766072790280082,-2.038668824683858,-1.6064883814198203,-0.5015955138523926,0.3152188389909888,0.9053724315184956,1.8446044853251031,2.7413036996844182,train_oof,0.20232788980713348
RFERF_RF_ROSE,RFERF,supervised,RF,ROSE,173,pred_anomaly,321,321,0.0,-0.11821125324431858,-0.0576746699157727,0.9059200266711274,-1.8312690063966688,-1.5388035092148955,-0.759591863152029,-0.0576746699157727,0.4342940771292818,1.3534713539862833,2.4124053577108677,train_oof,0.20232788980713348
RFERF_RF_ROSE,RFERF,supervised,RF,ROSE,173,pred_normal,932,932,0.0,0.04055469239689649,0.07602384308160964,1.027747443595123,-2.733733969128998,-1.792621779983363,-0.5799344863117957,0.07602384308160964,0.7257150546782635,1.7493442948144695,2.5348230586740885,train_oof,0.20232788980713348
RFERF_RF_ROSE,RFERF,supervised,RF,ROSE,182,TP,58,58,0.0,-0.18130579585323373,-0.3539758087734123,0.6685564201609895,-1.338699421746963,-1.0409289639577644,-0.6120419604711355,-0.3539758087734123,0.15209428228519625,0.7944185662814558,1.4415963879931308,train_oof,0.20232788980713348
RFERF_RF_ROSE,RFERF,supervised,RF,ROSE,182,FP,263,263,0.0,-0.17001579168257705,-0.2947863244390721,0.8351759189071687,-1.515320843000634,-1.239213736477804,-0.705561345719393,-0.2947863244390721,0.17162681211552855,1.2592927762433628,2.2732796702718114,train_oof,0.20232788980713348
RFERF_RF_ROSE,RFERF,supervised,RF,ROSE,182,TN,907,907,0.0,0.058822656070837365,-0.0012064821407448,1.0576362743356849,-1.4922132683165075,-1.2870388398199508,-0.7493615641268047,-0.0012064821407448,0.7209052267382052,1.6814321785158761,2.6003370849096417,train_oof,0.20232788980713348
RFERF_RF_ROSE,RFERF,supervised,RF,ROSE,182,FN,25,25,0.0,0.10277760393782401,0.4202226463197571,0.8634639984793951,-1.473083226979649,-1.374402518697437,-0.5646903730036635,0.4202226463197571,0.7209052267382056,1.0618366565040047,1.4054197751679818,train_oof,0.20232788980713348
RFERF_RF_ROSE,RFERF,supervised,RF,ROSE,182,pred_anomaly,321,321,0.0,-0.17205573013085768,-0.2947863244390721,0.806677493163789,-1.5055664159823348,-1.2394504944151414,-0.704377556032706,-0.2947863244390721,0.169259232742155,1.0499987596371367,2.2404176685693864,train_oof,0.20232788980713348
RFERF_RF_ROSE,RFERF,supervised,RF,ROSE,182,pred_normal,932,932,0.0,0.06000170510160417,0.0023448869193155,1.0525337920716598,-1.4960487469013728,-1.2923658934100415,-0.7493615641268047,0.0023448869193155,0.7214971215815489,1.642367118855211,2.5985614003796114,train_oof,0.20232788980713348
RFERF_RF_ROSE,RFERF,supervised,RF,ROSE,183,TP,58,58,0.0,0.11664887277541582,0.34759919540879536,0.9593813386704194,-1.4651563573540978,-1.364836314788984,-0.7235963483258516,0.34759919540879536,0.8543628537938958,1.3714387759735258,1.9908679388281136,train_oof,0.20232788980713348
RFERF_RF_ROSE,RFERF,supervised,RF,ROSE,183,FP,263,263,0.0,0.0381728835091742,0.3398467134072339,1.1370547289934652,-2.807090513570074,-1.52601480379881,-0.8315094350551366,0.3398467134072339,0.8706723206462379,1.4704365084010147,1.7285122460356424,train_oof,0.20232788980713348
RFERF_RF_ROSE,RFERF,supervised,RF,ROSE,183,TN,907,907,0.0,-0.024117300791687522,-0.0052118722849156,0.9616800298087063,-1.768860571131502,-1.435749584116476,-0.7582996757762384,-0.0052118722849156,0.6576253388486053,1.5311399052056944,1.9420331531480846,train_oof,0.20232788980713348
RFERF_RF_ROSE,RFERF,supervised,RF,ROSE,183,FN,25,25,0.0,0.197031367613937,0.6225928965962652,0.9186463177541255,-1.554777974757057,-1.5264536235347472,-0.3214546286505055,0.6225928965962652,0.8036791742931195,1.170356945642454,1.2370633964347588,train_oof,0.20232788980713348
RFERF_RF_ROSE,RFERF,supervised,RF,ROSE,183,pred_anomaly,321,321,0.0,0.052352345744196054,0.3398467134072339,1.1060829728843133,-2.5669244720915065,-1.498222887189438,-0.8284376969035746,0.3398467134072339,0.8576540018134271,1.4484516396305485,1.7394476338552038,train_oof,0.20232788980713348
RFERF_RF_ROSE,RFERF,supervised,RF,ROSE,183,pred_normal,932,932,0.0,-0.01818520131728773,0.013730512983051002,0.9607430548561007,-1.761071520818612,-1.4385580304264758,-0.7543502981528013,0.013730512983051002,0.6762386093146184,1.5184507011748376,1.930075315343789,train_oof,0.20232788980713348
RFERF_RF_ROSE,RFERF,supervised,RF,ROSE,200,TP,58,58,0.0,0.331048060421203,0.02134483288275095,1.9682877328962731,-0.8844120812919194,-0.6328312102223311,-0.2019831870225681,0.02134483288275095,0.4234413627835396,0.8412928622595963,6.886904369278479,train_oof,0.20232788980713348
RFERF_RF_ROSE,RFERF,supervised,RF,ROSE,200,FP,263,263,0.0,0.004978947462844555,-0.0417811394895362,1.2918890194659272,-1.1135222280783978,-0.8044914174464672,-0.41045803695793737,-0.0417811394895362,0.24997755634876667,0.7374798135767671,1.2499778339827694,train_oof,0.20232788980713348
RFERF_RF_ROSE,RFERF,supervised,RF,ROSE,200,TN,907,907,0.0,-0.02316779956860682,-0.0629999537323218,0.7984242813705912,-1.1035281665700456,-0.7880468364083084,-0.3701422898966445,-0.0629999537323218,0.247855674924488,0.7519086072618615,1.1367754599975073,train_oof,0.20232788980713348
RFERF_RF_ROSE,RFERF,supervised,RF,ROSE,200,FN,25,25,0.0,0.024506436204926096,0.0133877775417064,0.3912311626307258,-0.5402959613095428,-0.4619136614966926,-0.2730662147359002,0.0133877775417064,0.2425509713637917,0.7598656626029052,0.9759580668514353,train_oof,0.20232788980713348
RFERF_RF_ROSE,RFERF,supervised,RF,ROSE,200,pred_anomaly,321,321,0.0,0.06389486195376289,-0.0173795031103326,1.4395652189347667,-1.1322160034262918,-0.7748911715777812,-0.3749165231012713,-0.0173795031103326,0.2765010741522488,0.8048495487976121,1.2998844850818032,train_oof,0.20232788980713348
RFERF_RF_ROSE,RFERF,supervised,RF,ROSE,200,pred_normal,932,932,0.0,-0.02188898423133394,-0.0608780723080433,0.7901697788783737,-1.1024672258579065,-0.7836439324529303,-0.3677551732943311,-0.0608780723080433,0.24732520456841836,0.752863453902787,1.1317359916148455,train_oof,0.20232788980713348
RFERF_RF_ROSE,RFERF,supervised,RF,ROSE,217,TP,58,58,0.0,-0.04322794390691927,-0.2912052691851356,0.7768275112020364,-0.9358706837864165,-0.7990789564809514,-0.5213985782568795,-0.2912052691851356,0.2762600343018372,1.5725846017934992,2.1775222722673426,train_oof,0.20232788980713348
RFERF_RF_ROSE,RFERF,supervised,RF,ROSE,217,FP,263,263,0.0,0.06524376426499327,-0.1349841920173455,1.1971307785215328,-1.152221357013756,-0.8867076004287119,-0.5601952033813307,-0.1349841920173455,0.4443787431744592,1.421639865642635,3.346490451683792,train_oof,0.20232788980713348
RFERF_RF_ROSE,RFERF,supervised,RF,ROSE,217,TN,907,907,0.0,-0.026009444775439573,-0.2183818552019433,0.9444582672056399,-1.1915766535399994,-0.9102959485043782,-0.530192479951755,-0.2183818552019433,0.23022137248748845,1.4044658929208782,2.5799519053582425,train_oof,0.20232788980713348
RFERF_RF_ROSE,RFERF,supervised,RF,ROSE,217,FN,25,25,0.0,0.3252782769257439,0.067792835299786,0.7548109729877539,-0.7388459027544034,-0.6692395843977881,-0.2011970988964088,0.067792835299786,1.032018291726147,1.4926118252036302,1.9208438004439725,train_oof,0.20232788980713348
RFERF_RF_ROSE,RFERF,supervised,RF,ROSE,217,pred_anomaly,321,321,0.0,0.04564451481337046,-0.199127945556438,1.1325226197578677,-1.1058309391316123,-0.8736719343868963,-0.5529531666914331,-0.199127945556438,0.4381712831545468,1.4996469465595317,2.198193114133651,train_oof,0.20232788980713348
RFERF_RF_ROSE,RFERF,supervised,RF,ROSE,217,pred_normal,932,932,0.0,-0.01658649086714603,-0.2125774422662478,0.9412548232986527,-1.1884729235300433,-0.906571472492432,-0.5265714616068062,-0.2125774422662478,0.2379806975123786,1.4044658929208782,2.546328163583718,train_oof,0.20232788980713348
RFERF_RF_ROSE,RFERF,supervised,RF,ROSE,227,TP,58,58,0.0,0.1432472143162026,-0.1481667666320204,0.9205994959709702,-0.7483990919365594,-0.6589072976598096,-0.4623305379145009,-0.1481667666320204,0.4622085604310665,2.0294369737430524,3.151809486919058,train_oof,0.20232788980713348
RFERF_RF_ROSE,RFERF,supervised,RF,ROSE,227,FP,263,263,0.0,0.15295946411488276,-0.1391906588810927,1.0296302832281201,-0.9089816596006569,-0.7854704169478911,-0.3725694604052144,-0.1391906588810927,0.381423590672717,1.8220888846966203,4.138822295211071,train_oof,0.20232788980713348
RFERF_RF_ROSE,RFERF,supervised,RF,ROSE,227,TN,907,907,0.0,-0.0576610518915206,-0.2828083828959368,0.9737884859512479,-0.9824062210032459,-0.8303509557025297,-0.5610677231746972,-0.2828083828959368,0.1076523042694204,1.4765087362859028,4.1910632423214516,train_oof,0.20232788980713348
RFERF_RF_ROSE,RFERF,supervised,RF,ROSE,227,FN,25,25,0.0,0.1397867700177418,-0.1661189821338761,1.5137852004696646,-0.941654691814034,-0.8141939617508599,-0.4443783224126363,-0.1661189821338761,0.1749731124013786,0.9989798039365457,5.589002263450951,train_oof,0.20232788980713348
RFERF_RF_ROSE,RFERF,supervised,RF,ROSE,227,pred_anomaly,321,321,0.0,0.15120460278054182,-0.1391906588810927,1.009437452216805,-0.8967741530593951,-0.7764943091969633,-0.3815455681561421,-0.1391906588810927,0.4083519139255001,1.898385800579508,4.31654922867945,train_oof,0.20232788980713348
RFERF_RF_ROSE,RFERF,supervised,RF,ROSE,227,pred_normal,932,932,0.0,-0.05236470473730218,-0.2828083828959368,0.9914092815052448,-0.9801621940655141,-0.8343902041904473,-0.5610677231746972,-0.2828083828959368,0.1121403581448844,1.4765087362859028,4.610606518599803,train_oof,0.20232788980713348
RFERF_RF_ROSE,RFERF,supervised,RF,ROSE,252,TP,58,58,0.0,-0.02625635208616964,-0.0287011281440431,0.013523752490585602,-0.04607252703739406,-0.04404998319917821,-0.03579869383494023,-0.0287011281440431,-0.0176393098048542,-0.005256189758923301,0.009520230967101462,train_oof,0.20232788980713348
RFERF_RF_ROSE,RFERF,supervised,RF,ROSE,252,FP,263,263,0.0,-0.02569307584472169,-0.0303727381412627,0.01757439578165691,-0.04849460304134879,-0.04561531911383029,-0.0378988059374762,-0.0303727381412627,-0.0157994962237148,-0.0010823776868637042,0.004929496424882909,train_oof,0.20232788980713348
RFERF_RF_ROSE,RFERF,supervised,RF,ROSE,252,TN,907,907,0.0,0.009975868048480802,-0.0306549309308141,1.1758130652934309,-0.05599923530645439,-0.05122859243505487,-0.041410229515835104,-0.0306549309308141,-0.0173960401586892,-0.005739670804272947,0.005405192841555104,train_oof,0.20232788980713348
RFERF_RF_ROSE,RFERF,supervised,RF,ROSE,252,FN,25,25,0.0,-0.030718598072496123,-0.0300349408611593,0.011643885690861545,-0.05165240986204224,-0.05071869925669302,-0.0402647770104638,-0.0300349408611593,-0.0216331023387517,-0.01578406597758662,-0.012649752054151416,train_oof,0.20232788980713348
RFERF_RF_ROSE,RFERF,supervised,RF,ROSE,252,pred_anomaly,321,321,0.0,-0.0257948516142045,-0.0303199138752383,0.016896844554675286,-0.04841083487633218,-0.0447743011942312,-0.0378890751516296,-0.0303199138752383,-0.0165383408919245,-0.0012512763269154,0.005220252305979328,train_oof,0.20232788980713348
RFERF_RF_ROSE,RFERF,supervised,RF,ROSE,252,pred_normal,932,932,0.0,0.008884278292016833,-0.0305478922865015,1.1599388343720132,-0.055882465876295195,-0.0513161695076743,-0.0413914630002738,-0.0305478922865015,-0.0175162848695079,-0.005930602723705885,0.0047184773832378785,train_oof,0.20232788980713348
RFERF_RF_ROSE,RFERF,supervised,RF,ROSE,271,TP,58,58,0.0,0.23296552143623786,0.0632088479013114,1.0447650230885632,-1.5017134385509694,-1.1455508701785613,-0.6579375289076561,0.0632088479013114,1.1851242115137086,1.7972901836558435,1.8574503079115634,train_oof,0.20232788980713348
RFERF_RF_ROSE,RFERF,supervised,RF,ROSE,271,FP,263,263,0.0,0.09200723294877353,0.1449223298060221,0.9956254941536682,-1.546311184296634,-1.3963464662734857,-0.8724424130086159,0.1449223298060221,0.814137505989949,1.8393373206144437,2.1869293734587294,train_oof,0.20232788980713348
RFERF_RF_ROSE,RFERF,supervised,RF,ROSE,271,TN,907,907,0.0,-0.03962457145954424,-0.0811605892464109,0.9943464177981113,-1.6310457821572217,-1.3672711487324258,-0.927516762665427,-0.0811605892464109,0.7004050292756172,1.60823431556058,2.14180567131077,train_oof,0.20232788980713348
RFERF_RF_ROSE,RFERF,supervised,RF,ROSE,271,FN,25,25,0.0,-0.07050784589330668,-0.0856759809128795,1.0191356851294202,-1.6059849667386619,-1.4914455386164762,-0.9402879912635852,-0.0856759809128795,0.6075345573053087,1.540573381574499,1.8252265817747098,train_oof,0.20232788980713348
RFERF_RF_ROSE,RFERF,supervised,RF,ROSE,271,pred_anomaly,321,321,0.0,0.11747633180320632,0.142667431613226,1.0044812081193728,-1.5505764669079707,-1.398172206423137,-0.837715302255289,0.142667431613226,0.8670268984649063,1.8040294197062492,2.178402948743904,train_oof,0.20232788980713348
RFERF_RF_ROSE,RFERF,supervised,RF,ROSE,271,pred_normal,932,932,0.0,-0.04045298547332543,-0.0814291627284315,0.9944719239502858,-1.6286166469179646,-1.3737504839861683,-0.9285267108634414,-0.0814291627284315,0.6994874032120474,1.6094000923309748,2.119635769662116,train_oof,0.20232788980713348
RFERF_RF_ROSE,RFERF,supervised,RF,ROSE,273,TP,58,58,0.0,0.08182968269607319,-0.18892444022391258,1.0490830763395018,-1.4772460507782608,-0.9195028533936304,-0.4373305802073919,-0.18892444022391258,0.1786725444381358,2.183551263884106,3.775470268516382,train_oof,0.20232788980713348
RFERF_RF_ROSE,RFERF,supervised,RF,ROSE,273,FP,263,263,0.0,0.23741339289076213,-0.1090203173426395,1.243267061595344,-1.7580741282160812,-1.3308703153922912,-0.41818147161522634,-0.1090203173426395,0.7142266013516547,2.297025256884367,5.006668478652021,train_oof,0.20232788980713348
RFERF_RF_ROSE,RFERF,supervised,RF,ROSE,273,TN,907,907,0.0,-0.07220065340767193,-0.1682038627598553,0.9079582740946263,-2.796662974903808,-1.3332959536348723,-0.5157265998970917,-0.1682038627598553,0.4499663681525558,1.358680916460062,2.340316689677774,train_oof,0.20232788980713348
RFERF_RF_ROSE,RFERF,supervised,RF,ROSE,273,FN,25,25,0.0,0.10788801026826064,-0.122327110209465,0.8644978552656366,-1.2692449101183325,-0.6563426484048565,-0.3717344279419721,-0.122327110209465,0.4284473831164895,1.7946165200316995,2.5444738147068766,train_oof,0.20232788980713348
RFERF_RF_ROSE,RFERF,supervised,RF,ROSE,273,pred_anomaly,321,321,0.0,0.2093016944755224,-0.1118337535487681,1.2104491464756055,-1.7580741282160812,-1.26539329060587,-0.4373305802073919,-0.1118337535487681,0.6610754687007327,2.297861683864568,5.006668478652021,train_oof,0.20232788980713348
RFERF_RF_ROSE,RFERF,supervised,RF,ROSE,273,pred_normal,932,932,0.0,-0.06736994890992695,-0.1682038627598553,0.9068431453300434,-2.796662974903808,-1.3332959536348723,-0.5005695291649742,-0.1682038627598553,0.4499663681525558,1.3600382093324779,2.5024915168688313,train_oof,0.20232788980713348
RFERF_RF_ROSE,RFERF,supervised,RF,ROSE,280,TP,58,58,0.0,-0.18845524440730377,-0.3087966721704196,0.6724910665187888,-1.191702515293067,-1.0820647138464992,-0.7283690882928361,-0.3087966721704196,0.416632271592636,0.9954069315895394,1.0424617819957915,train_oof,0.20232788980713348
RFERF_RF_ROSE,RFERF,supervised,RF,ROSE,280,FP,263,263,0.0,0.015100530055633306,-0.2617418217641674,1.12443166138958,-1.3543554481973459,-1.0742222387787905,-0.6538655751496035,-0.2617418217641674,0.3499712335171118,1.5247739986598767,5.506555440036946,train_oof,0.20232788980713348
RFERF_RF_ROSE,RFERF,supervised,RF,ROSE,280,TN,907,907,0.0,0.012730155771533221,-0.1519471708162455,0.9853397659427063,-1.3901171345060976,-1.1510784944423358,-0.5597558743370987,-0.1519471708162455,0.428395984194199,1.4432122579557058,4.042208495394366,train_oof,0.20232788980713348
RFERF_RF_ROSE,RFERF,supervised,RF,ROSE,280,FN,25,25,0.0,-0.19774722521166452,-0.2146869713579154,0.6826095584913587,-1.085515402876291,-1.0554002986162896,-0.826400026639195,-0.2146869713579154,0.3029163831108598,0.8267937176338017,1.0865364918763136,train_oof,0.20232788980713348
RFERF_RF_ROSE,RFERF,supervised,RF,ROSE,280,pred_anomaly,321,321,0.0,-0.021679017978168402,-0.2617418217641674,1.0591944458153835,-1.2938115406746344,-1.077359228805874,-0.6695505252850208,-0.2617418217641674,0.3499712335171118,1.2753832915067405,5.4475800275277795,train_oof,0.20232788980713348
RFERF_RF_ROSE,RFERF,supervised,RF,ROSE,280,pred_normal,932,932,0.0,0.007084303277348728,-0.1519471708162455,0.9787709720020165,-1.3861958969722432,-1.1400990293475437,-0.5754408244725163,-0.1519471708162455,0.4127110340587817,1.4322327928609144,4.002996120055823,train_oof,0.20232788980713348
RFERF_RF_ROSE,RFERF,supervised,RF,ROSE,281,TP,58,58,0.0,-0.1355345548022142,-0.2995154980071485,0.9149091517770894,-1.3511114879926105,-1.1687107676057515,-0.8160073337964683,-0.2995154980071485,0.17509862136682083,1.725504744655121,2.4904710311755194,train_oof,0.20232788980713348
RFERF_RF_ROSE,RFERF,supervised,RF,ROSE,281,FP,263,263,0.0,0.06866163701754009,-0.1971477467696444,1.1690080504228137,-1.3120256193382835,-1.0328408432359486,-0.6252310701265393,-0.1971477467696444,0.3239971686213994,2.0530815486151948,5.307631545232148,train_oof,0.20232788980713348
RFERF_RF_ROSE,RFERF,supervised,RF,ROSE,281,TN,907,907,0.0,-0.0015538021720786612,-0.1824571169556725,0.9595522000595821,-1.2755454752609117,-1.034702075076631,-0.5787002741094835,-0.1824571169556725,0.2681602134009327,1.5970797476480445,3.634756366826955,train_oof,0.20232788980713348
RFERF_RF_ROSE,RFERF,supervised,RF,ROSE,281,FN,25,25,0.0,-0.3527467286506604,-0.3460462940242044,0.4869496156734277,-0.9937549745816218,-0.9118607735916034,-0.6624557069401841,-0.3460462940242044,-0.2529847019900926,0.6217942631305565,0.9091684593318934,train_oof,0.20232788980713348
RFERF_RF_ROSE,RFERF,supervised,RF,ROSE,281,pred_anomaly,321,321,0.0,0.031766374944188866,-0.2157600651764482,1.1287959165399597,-1.3511114879926105,-1.10915134870392,-0.6438433885333619,-0.2157600651764482,0.3053848502145772,1.887431914794476,5.181812272802035,train_oof,0.20232788980713348
RFERF_RF_ROSE,RFERF,supervised,RF,ROSE,281,pred_normal,932,932,0.0,-0.010974213290066369,-0.1971477467696444,0.9514996954869768,-1.2708923956592062,-1.034702075076631,-0.5880064333128946,-0.1971477467696444,0.2681602134009327,1.571022501878496,3.6254502076235435,train_oof,0.20232788980713348
RFERF_RF_ROSE,RFERF,supervised,RF,ROSE,282,TP,58,58,0.0,0.17620845983761216,0.3458754884479731,0.8263663104115851,-1.1029257526266296,-1.0342209515899587,-0.6441936967966302,0.3458754884479731,0.7509037915025836,1.5459593493505224,1.6962698529285667,train_oof,0.20232788980713348
RFERF_RF_ROSE,RFERF,supervised,RF,ROSE,282,FP,263,263,0.0,0.41477764167849934,0.4358817780156345,1.4531210105935133,-1.1056259413136602,-1.004218855067395,-0.28416853852586527,0.4358817780156345,0.9159153223766842,1.5429591396982654,4.636175291174574,train_oof,0.20232788980713348
RFERF_RF_ROSE,RFERF,supervised,RF,ROSE,282,TN,907,907,0.0,-0.1379447329863918,-0.2241643454807379,0.7893779627828539,-1.1542293376802135,-1.0342209515899587,-0.6741957933191939,-0.2241643454807379,0.2858712954028456,0.9459174188992476,1.6005631650215832,train_oof,0.20232788980713348
RFERF_RF_ROSE,RFERF,supervised,RF,ROSE,282,FN,25,25,0.0,0.21266617988778902,0.1958650058351544,1.1011586889253662,-1.0354210354508613,-0.932213823413242,-0.4941832141838115,0.1958650058351544,0.5258880675833556,1.179933771775244,3.708510466696911,train_oof,0.20232788980713348
RFERF_RF_ROSE,RFERF,supervised,RF,ROSE,282,pred_anomaly,321,321,0.0,0.37167168358886865,0.4358817780156345,1.3634260108910181,-1.118226821853137,-1.004218855067395,-0.4041769246161203,0.4358817780156345,0.8859132258541206,1.5459593493505224,3.1600721422644704,train_oof,0.20232788980713348
RFERF_RF_ROSE,RFERF,supervised,RF,ROSE,282,pred_normal,932,932,0.0,-0.12853993382131185,-0.1941622489581741,0.8005345236264492,-1.1542293376802135,-1.0342209515899587,-0.6741957933191939,-0.1941622489581741,0.2858712954028456,0.9594183623343995,1.626664988996217,train_oof,0.20232788980713348
RFERF_RF_ROSE,RFERF,supervised,RF,ROSE,288,TP,58,58,0.0,0.1554174528200557,0.2879289776332567,0.7873799389652976,-1.0860383802347007,-0.9224610519572713,-0.6779170561656365,0.2879289776332567,0.8016768679518169,1.4222843194566375,1.6914882139835632,train_oof,0.20232788980713348
RFERF_RF_ROSE,RFERF,supervised,RF,ROSE,288,FP,263,263,0.0,0.4429519151833734,0.3290288088587416,1.640397614833033,-0.9450659591312875,-0.8217664654548332,-0.2874686595235306,0.3290288088587416,0.9044264460155292,1.5209239143978013,5.023451531433604,train_oof,0.20232788980713348
RFERF_RF_ROSE,RFERF,supervised,RF,ROSE,288,TN,907,907,0.0,-0.14297505631940705,-0.2052689970725611,0.6577260502816179,-1.0272656215822575,-0.9450659591312875,-0.6984669717783788,-0.2052689970725611,0.2468291464077718,0.9455262772410136,1.600657586975239,train_oof,0.20232788980713348
RFERF_RF_ROSE,RFERF,supervised,RF,ROSE,288,FN,25,25,0.0,0.1350376054744515,0.0413299902803478,1.3836529461889173,-1.0585014933136259,-1.0108256890920635,-0.7395668030038637,0.0413299902803478,0.3701286400842262,1.1674653658585974,4.897686047883614,train_oof,0.20232788980713348
RFERF_RF_ROSE,RFERF,supervised,RF,ROSE,288,pred_anomaly,321,321,0.0,0.39099864784046867,0.3290288088587416,1.5250859111122634,-1.0108256890920635,-0.8628662966803181,-0.3285684907490155,0.3290288088587416,0.8633266147900442,1.5209239143978013,3.55947554318187,train_oof,0.20232788980713348
RFERF_RF_ROSE,RFERF,supervised,RF,ROSE,288,pred_normal,932,932,0.0,-0.13551763513394946,-0.2052689970725611,0.6872845107594495,-1.0272656215822575,-0.9450659591312875,-0.6984669717783788,-0.2052689970725611,0.2468291464077718,0.9455262772410136,1.6031235768487706,train_oof,0.20232788980713348
RFERF_RF_ROSE,RFERF,supervised,RF,ROSE,295,TP,58,58,0.0,0.4752689699880388,-0.034183389266977754,1.5590520454755883,-0.6142465682510891,-0.5152942973863548,-0.3127961250522338,-0.034183389266977754,0.1817045187042766,4.787796657113827,5.259176198139244,train_oof,0.20232788980713348
RFERF_RF_ROSE,RFERF,supervised,RF,ROSE,295,FP,263,263,0.0,0.3567103779172531,-0.0676882825396223,1.5337591757457334,-0.7405031049270702,-0.6544898683572603,-0.3692435666689501,-0.0676882825396223,0.25686568114193686,4.953421455367195,5.822323429218101,train_oof,0.20232788980713348
RFERF_RF_ROSE,RFERF,supervised,RF,ROSE,295,TN,907,907,0.0,-0.1340316145008329,-0.2228083970858065,0.664903499916822,-0.8249840350930814,-0.6976607584478783,-0.4548688213785357,-0.2228083970858065,0.057611136849792,0.41288551720137767,2.5634118749675947,train_oof,0.20232788980713348
RFERF_RF_ROSE,RFERF,supervised,RF,ROSE,295,FN,25,25,0.0,0.02216316364620522,-0.1897737524568924,1.1875025106930868,-0.7669802308404976,-0.7126113472175317,-0.4794362253361559,-0.1897737524568924,-0.0033705819186921,0.9176466508672088,4.3597898020199795,train_oof,0.20232788980713348
RFERF_RF_ROSE,RFERF,supervised,RF,ROSE,295,pred_anomaly,321,321,0.0,0.3781321795998249,-0.0542768870766801,1.5365829857380073,-0.7229672878315673,-0.6361132665953732,-0.3565061143818128,-0.0542768870766801,0.2567932359373168,4.883960993177372,5.806195600343202,train_oof,0.20232788980713348
RFERF_RF_ROSE,RFERF,supervised,RF,ROSE,295,pred_normal,932,932,0.0,-0.1298418404089059,-0.22254847917610054,0.6835311665246989,-0.8240333069942809,-0.6988757917232293,-0.4554129899384307,-0.22254847917610054,0.05483213511378335,0.4201654307404619,2.705732857416301,train_oof,0.20232788980713348
RFERF_RF_ROSE,RFERF,supervised,RF,ROSE,310,TP,58,58,0.0,0.15828681587589136,0.0648005498315571,0.9044593261298336,-1.724070934909891,-1.134691091427195,-0.43698109116984923,0.0648005498315571,0.742006419469096,1.5898522205981456,2.2444807641865405,train_oof,0.20232788980713348
RFERF_RF_ROSE,RFERF,supervised,RF,ROSE,310,FP,263,263,0.0,0.028331437068823538,-0.0445548134740834,0.9371482048434605,-2.049403140744173,-1.3796015404971207,-0.5810795646923868,-0.0445548134740834,0.7095415459877334,1.5843844524328632,2.3977149670185702,train_oof,0.20232788980713348
RFERF_RF_ROSE,RFERF,supervised,RF,ROSE,310,TN,907,907,0.0,-0.022500748095504414,-0.0627807073583575,1.0279317610812388,-2.195210291818362,-1.6507117120256902,-0.66195696880385,-0.0627807073583575,0.5979079459465577,1.687816400226116,2.520739750737417,train_oof,0.20232788980713348
RFERF_RF_ROSE,RFERF,supervised,RF,ROSE,310,FN,25,25,0.0,0.14472109451409673,0.0853046804513651,0.7992049705689989,-1.1901433735700973,-0.8433046129523715,-0.4432462421925675,0.0853046804513651,0.6138556030952979,1.5570456116064533,1.9408829368092535,train_oof,0.20232788980713348
RFERF_RF_ROSE,RFERF,supervised,RF,ROSE,310,pred_anomaly,321,321,0.0,0.051812471245801524,-0.0445548134740834,0.93128246905435,-2.0206973578764424,-1.3796015404971207,-0.5298192381428675,-0.0445548134740834,0.7095415459877334,1.5843844524328632,2.3977149670185702,train_oof,0.20232788980713348
RFERF_RF_ROSE,RFERF,supervised,RF,ROSE,310,pred_normal,932,932,0.0,-0.018015183647821977,-0.0627807073583575,1.0224804036292185,-2.195210291818362,-1.6507117120256902,-0.639174601448508,-0.0627807073583575,0.5979079459465577,1.6866772818583489,2.520739750737417,train_oof,0.20232788980713348
RFERF_RF_ROSE,RFERF,supervised,RF,ROSE,316,TP,58,58,0.0,-0.34362593278041276,-0.4997403001646723,0.8997777537240282,-1.8253709322790908,-1.5574656092157113,-0.8333543783273103,-0.4997403001646723,-0.0665204220538597,1.2034769552402853,2.514932441573518,train_oof,0.20232788980713348
RFERF_RF_ROSE,RFERF,supervised,RF,ROSE,316,FP,263,263,0.0,-0.39068389668140574,-0.5164111396707294,1.0377813236454367,-2.07756127639744,-1.7477548574355928,-0.9985337910663226,-0.5164111396707294,0.02761063474291715,1.4592115790240348,2.4069063880144723,train_oof,0.20232788980713348
RFERF_RF_ROSE,RFERF,supervised,RF,ROSE,316,TN,907,907,0.0,0.14005507292964373,-0.0083944328293374,0.9634675073778788,-1.6811523875083747,-1.2067121324484724,-0.5268180838594223,-0.0083944328293374,0.7435689373166692,1.937644944043731,2.7450304708056144,train_oof,0.20232788980713348
RFERF_RF_ROSE,RFERF,supervised,RF,ROSE,316,FN,25,25,0.0,-0.16608676439373501,-0.1286414941185905,0.8474486862361613,-1.5401466784933537,-1.4877193543473224,-0.8481509814391954,-0.1286414941185905,0.2328888419151375,1.2874723389054206,1.4712066919467364,train_oof,0.20232788980713348
RFERF_RF_ROSE,RFERF,supervised,RF,ROSE,316,pred_anomaly,321,321,0.0,-0.38218121161518265,-0.5104924984259751,1.0130767361917732,-2.0392972607501045,-1.7315081872187428,-0.9848715941930152,-0.5104924984259751,0.0262296184524747,1.4439414846125695,2.5979778833188742,train_oof,0.20232788980713348
RFERF_RF_ROSE,RFERF,supervised,RF,ROSE,316,pred_normal,932,932,0.0,0.13184311377397373,-0.014510362115583101,0.961408167928021,-1.6525949435024365,-1.2290747319515687,-0.528618337238035,-0.014510362115583101,0.7396231764868331,1.9349519622773683,2.740813438918727,train_oof,0.20232788980713348
RFERF_RF_ROSE,RFERF,supervised,RF,ROSE,333,TP,58,58,0.0,0.3044057606927245,-0.03676770116004295,1.6490855986794206,-0.5726123736563109,-0.39931052702684794,-0.15135432510496513,-0.03676770116004295,0.21308402823296274,0.8449945631832249,8.38312608947578,train_oof,0.20232788980713348
RFERF_RF_ROSE,RFERF,supervised,RF,ROSE,333,FP,263,263,0.0,0.12057637889664347,-0.0941504873313159,1.9538675739633284,-0.6313456237349826,-0.4723546118493934,-0.26685557419329653,-0.0941504873313159,0.06677051616123486,0.35242252942843116,5.401607187204571,train_oof,0.20232788980713348
RFERF_RF_ROSE,RFERF,supervised,RF,ROSE,333,TN,907,907,0.0,-0.05424115512968418,-0.0785090718353348,0.2954871460242601,-0.6269347445651159,-0.42110909294476406,-0.2049924503630054,-0.0785090718353348,0.067857461983837,0.3854391715618127,0.7101088283381014,train_oof,0.20232788980713348
RFERF_RF_ROSE,RFERF,supervised,RF,ROSE,333,FN,25,25,0.0,-0.023199966206596957,0.0205090415163418,0.18856350249565482,-0.41299464471593367,-0.35470995862063825,-0.1722515213163331,0.0205090415163418,0.1126078168265759,0.18157850590173583,0.28291366961671527,train_oof,0.20232788980713348
RFERF_RF_ROSE,RFERF,supervised,RF,ROSE,333,pred_anomaly,321,321,0.0,0.15379165660434657,-0.0767063324222388,1.9013377019053317,-0.6388641075225422,-0.4733090033033855,-0.2486028376356983,-0.0767063324222388,0.0791245833156877,0.4479438585361765,6.632586056520822,train_oof,0.20232788980713348
RFERF_RF_ROSE,RFERF,supervised,RF,ROSE,333,pred_normal,932,932,0.0,-0.05340850521221938,-0.07439988640842449,0.29310379386087804,-0.6265834754882994,-0.420843984207544,-0.20436281711210788,-0.07439988640842449,0.0732259139125424,0.3814824236588039,0.7019302237948638,train_oof,0.20232788980713348
RFERF_RF_ROSE,RFERF,supervised,RF,ROSE,338,TP,58,58,0.0,0.048399424961692854,-0.07290364143730704,0.8106964109259817,-0.3068204917018541,-0.2531480513634513,-0.16560476786609335,-0.07290364143730704,0.01641170565281405,0.2200510153054196,2.796126834939424,train_oof,0.20232788980713348
RFERF_RF_ROSE,RFERF,supervised,RF,ROSE,338,FP,263,263,0.0,0.03572333973733539,-0.1129282479554869,0.9228203128175972,-0.3207484181959219,-0.27823703433598035,-0.19209421420784695,-0.1129282479554869,0.010789959230330149,0.345015316602717,5.054891711829983,train_oof,0.20232788980713348
RFERF_RF_ROSE,RFERF,supervised,RF,ROSE,338,TN,907,907,0.0,-0.01360485894166358,-0.0834230310629599,1.0420956112561377,-0.31978273504541566,-0.2766551473030153,-0.19134623945382928,-0.0834230310629599,0.0566392202159667,0.3063386560774159,0.5447780481631703,train_oof,0.20232788980713348
RFERF_RF_ROSE,RFERF,supervised,RF,ROSE,338,FN,25,25,0.0,-0.01316178382896263,-0.0372236542350171,0.2013180351907114,-0.29376308050661104,-0.23721618910287487,-0.1562152975497013,-0.0372236542350171,0.0698003930153841,0.26650502183685776,0.5259879674808575,train_oof,0.20232788980713348
RFERF_RF_ROSE,RFERF,supervised,RF,ROSE,338,pred_anomaly,321,321,0.0,0.038013722737375036,-0.1008015083265195,0.9024067997688634,-0.31140255321625343,-0.27557297106316,-0.1886487560324251,-0.1008015083265195,0.0113469617067263,0.3337718237577495,5.076507863933966,train_oof,0.20232788980713348
RFERF_RF_ROSE,RFERF,supervised,RF,ROSE,338,pred_normal,932,932,0.0,-0.013592973879627605,-0.08172019492083454,1.0285168197098373,-0.3187204517511459,-0.2763368601736461,-0.1909722520768204,-0.08172019492083454,0.056989336058272874,0.305757782066317,0.5472635523564144,train_oof,0.20232788980713348
RFERF_RF_ROSE,RFERF,supervised,RF,ROSE,344,TP,58,58,0.0,-0.19930064474893064,-0.15307055614252735,1.0918455669589868,-2.2288609596207944,-2.049039539203269,-0.7199195865787865,-0.15307055614252735,0.4063709713646139,1.5141292636992678,2.1430262072454904,train_oof,0.20232788980713348
RFERF_RF_ROSE,RFERF,supervised,RF,ROSE,344,FP,263,263,0.0,0.09443627263635604,0.0862521622357961,1.0451953423701694,-2.143090732031794,-1.7695459351971343,-0.5552094721366624,0.0862521622357961,0.6793320785561466,1.7954704704084536,2.9251178098429618,train_oof,0.20232788980713348
RFERF_RF_ROSE,RFERF,supervised,RF,ROSE,344,TN,907,907,0.0,-0.015293491731928684,-0.0207885983640466,0.9858635345756077,-2.072742004772337,-1.7813042089199747,-0.6099979772402285,-0.0207885983640466,0.5877458998024645,1.6354750234428366,2.5310951131356,train_oof,0.20232788980713348
RFERF_RF_ROSE,RFERF,supervised,RF,ROSE,344,FN,25,25,0.0,0.018372859920063555,0.1067406481938169,0.6011895546348269,-1.0838300533291276,-0.9556590253488976,-0.3998476429318425,0.1067406481938169,0.3438138234421963,1.0538402091546866,1.2820144564331408,train_oof,0.20232788980713348
RFERF_RF_ROSE,RFERF,supervised,RF,ROSE,344,pred_anomaly,321,321,0.0,0.04136231248574352,0.0318882032621454,1.0581068920371413,-2.2271625545576863,-1.8846343260726304,-0.5984911230436761,0.0318882032621454,0.6546367264016861,1.7963901365704016,2.702656078853908,train_oof,0.20232788980713348
RFERF_RF_ROSE,RFERF,supervised,RF,ROSE,344,pred_normal,932,932,0.0,-0.014390424359289404,-0.0126781132068214,0.9773303957673207,-2.070746086603122,-1.7773857032767117,-0.596522772804975,-0.012678113206821398,0.5647294346163076,1.62789108575843,2.529063356656717,train_oof,0.20232788980713348
RFERF_RF_ROSE,RFERF,supervised,RF,ROSE,348,TP,58,58,0.0,0.8052733068255563,0.3596818570356326,2.432007574823374,-1.135050742766892,-1.0376475866570343,-0.25923403074575485,0.3596818570356326,1.2058717757400212,2.454661406365154,11.187747213878238,train_oof,0.20232788980713348
RFERF_RF_ROSE,RFERF,supervised,RF,ROSE,348,FP,263,263,0.0,0.3137579355237604,0.0755893183818809,1.1707041723315688,-1.1187357141184908,-0.9625659871556858,-0.5169465479530868,0.0755893183818809,0.8223468485574568,2.0861527990828606,4.960844613071789,train_oof,0.20232788980713348
RFERF_RF_ROSE,RFERF,supervised,RF,ROSE,348,TN,907,907,0.0,-0.14310658181367444,-0.2247370796235137,0.7024486359987402,-1.0364300472056611,-0.8822083833650533,-0.5331804073047296,-0.2247370796235137,0.0755893183818809,0.7468594025723165,2.985508607163868,train_oof,0.20232788980713348
RFERF_RF_ROSE,RFERF,supervised,RF,ROSE,348,FN,25,25,0.0,-0.12960666382288596,-0.249087868650978,0.6591456684211312,-0.919546259873832,-0.8351301912452885,-0.5007126886014439,-0.249087868650978,-0.09486620481037,1.4814415382341584,1.6077409639899425,train_oof,0.20232788980713348
RFERF_RF_ROSE,RFERF,supervised,RF,ROSE,348,pred_anomaly,321,321,0.0,0.40256756647548686,0.0999401074093452,1.487131890967619,-1.13058643144519,-0.963377680123268,-0.4844788292498008,0.0999401074093452,0.9846854420738864,2.1778741044196432,5.817505371057994,train_oof,0.20232788980713348
RFERF_RF_ROSE,RFERF,supervised,RF,ROSE,348,pred_normal,932,932,0.0,-0.14274445954997303,-0.2247370796235137,0.7009913713221607,-1.0364300472056611,-0.8822083833650533,-0.5331804073047296,-0.2247370796235137,0.0755893183818809,0.7655283408267064,2.9347777966899837,train_oof,0.20232788980713348
RFERF_RF_ROSE,RFERF,supervised,RF,ROSE,377,TP,58,58,0.0,-0.3788572808958958,-0.3714959728317686,0.7866230969345255,-1.8658415098495904,-1.4709073322091664,-0.7984518405511466,-0.3714959728317686,0.002090411422686976,1.3363274980457427,1.855078877324786,train_oof,0.20232788980713348
RFERF_RF_ROSE,RFERF,supervised,RF,ROSE,377,FP,263,263,0.0,-0.27246818602233125,-0.3714959728317686,0.8267340859657973,-1.9469631247162724,-1.438885642130213,-0.7984518405511466,-0.3714959728317686,0.2689378287472977,1.1228495641860532,1.8444049806318006,train_oof,0.20232788980713348
RFERF_RF_ROSE,RFERF,supervised,RF,ROSE,377,TN,907,907,0.0,0.1048021414589474,0.0554598948876092,1.044305747116306,-1.6523635759899018,-1.225407708270524,-0.5849739066914577,0.0554598948876092,0.6958936964666758,1.7632833657651197,2.617195101203876,train_oof,0.20232788980713348
RFERF_RF_ROSE,RFERF,supervised,RF,ROSE,377,FN,25,25,0.0,-0.0982442174913669,-0.1580180389720797,0.6793385317309653,-1.3876509380038875,-1.182712121498586,-0.5849739066914577,-0.1580180389720797,0.2689378287472977,1.080153977414115,1.1228495641860532,train_oof,0.20232788980713348
RFERF_RF_ROSE,RFERF,supervised,RF,ROSE,377,pred_anomaly,321,321,0.0,-0.2916911377440345,-0.3714959728317686,0.8194553715147925,-1.8658415098495904,-1.438885642130213,-0.7984518405511466,-0.3714959728317686,0.0554598948876092,1.3363274980457427,1.9340657128528735,train_oof,0.20232788980713348
RFERF_RF_ROSE,RFERF,supervised,RF,ROSE,377,pred_normal,932,932,0.0,0.09935561895491538,0.0554598948876092,1.0364669598164409,-1.6523635759899018,-1.225407708270524,-0.5849739066914577,0.0554598948876092,0.6958936964666758,1.7632833657651197,2.617195101203876,train_oof,0.20232788980713348
RFERF_RF_ROSE,RFERF,supervised,RF,ROSE,405,TP,58,58,0.0,0.04132381133626175,-0.007339654851612799,1.1066414400557831,-1.6030627343094417,-1.55924000238973,-1.1493303383525901,-0.007339654851612795,0.995383872124855,1.71028860895067,1.7887424404594767,train_oof,0.20232788980713348
RFERF_RF_ROSE,RFERF,supervised,RF,ROSE,405,FP,263,263,0.0,-0.022403364391017,-0.0537620403597826,0.9749918590379223,-1.650692101840824,-1.437149128503243,-1.0100631818280807,-0.0537620403597826,0.5775824025513268,1.6731507005441344,1.8787090235743098,train_oof,0.20232788980713348
RFERF_RF_ROSE,RFERF,supervised,RF,ROSE,405,TN,907,907,0.0,0.006346882356353792,-0.1001844258679525,0.9934942845993948,-1.5207094224179487,-1.3071664490803674,-0.945071842116643,-0.1001844258679525,0.7911253758889079,1.7288575631539378,2.0445297846094923,train_oof,0.20232788980713348
RFERF_RF_ROSE,RFERF,supervised,RF,ROSE,405,FN,25,25,0.0,-0.12061027549154721,-0.1837447197826582,1.1762251411725706,-1.6306376313012947,-1.5467059583025233,-1.2421751093689295,-0.1837447197826582,0.7725564216856401,1.699147236428709,1.7266292886495458,train_oof,0.20232788980713348
RFERF_RF_ROSE,RFERF,supervised,RF,ROSE,405,pred_anomaly,321,321,0.0,-0.010888796814125528,-0.0537620403597826,0.9985269284353856,-1.650692101840824,-1.437149128503243,-1.0100631818280807,-0.0537620403597826,0.6889961277709339,1.6731507005441344,1.8681247196784472,train_oof,0.20232788980713348
RFERF_RF_ROSE,RFERF,supervised,RF,ROSE,405,pred_normal,932,932,0.0,0.0029413791951976467,-0.10182256263633,0.9983048294165432,-1.5207094224179487,-1.3248069555734718,-0.9543563192182768,-0.10182256263633,0.7911253758889079,1.7288575631539378,2.0445297846094923,train_oof,0.20232788980713348
RFERF_RF_ROSE,RFERF,supervised,RF,ROSE,416,TP,58,58,0.0,-0.24637229056228885,-0.482210068810073,0.7805567415419726,-1.2572631843147746,-1.13551672762719,-0.8815562428058547,-0.482210068810073,0.4213165331576791,1.0500297497849187,1.6881641770624958,train_oof,0.20232788980713348
RFERF_RF_ROSE,RFERF,supervised,RF,ROSE,416,FP,263,263,0.0,0.03635322315037592,-0.1480384983613979,0.9108754409453322,-1.6397962427957358,-1.1263858424628177,-0.7023818195993856,-0.1480384983613979,0.776098240493923,1.5290123036679062,2.470447685301263,train_oof,0.20232788980713348
RFERF_RF_ROSE,RFERF,supervised,RF,ROSE,416,TN,907,907,0.0,0.005925193339579933,-0.1530919453867149,1.042062723980698,-2.1572295833095927,-1.179635301902141,-0.7121419084620079,-0.1530919453867149,0.6023488412999269,1.7404643811586322,2.420697985644964,train_oof,0.20232788980713348
RFERF_RF_ROSE,RFERF,supervised,RF,ROSE,416,FN,25,25,0.0,-0.12233924305774518,-0.1573526948394335,0.8294959220094368,-1.2664198321502562,-1.1240275671843363,-0.862060836879753,-0.1573526948394335,0.3991210011249131,1.2508349080036765,1.683794431693544,train_oof,0.20232788980713348
RFERF_RF_ROSE,RFERF,supervised,RF,ROSE,416,pred_anomaly,321,321,0.0,-0.014731137582753547,-0.2323617026465934,0.8942640816833795,-1.5825040257361584,-1.1291999188455435,-0.7279958599139836,-0.2323617026465934,0.72095621560002,1.5290123036679062,2.3450548197797287,train_oof,0.20232788980713348
RFERF_RF_ROSE,RFERF,supervised,RF,ROSE,416,pred_normal,932,932,0.0,0.0024846236937289285,-0.1530919453867149,1.036775138404019,-2.1572295833095927,-1.179635301902141,-0.7152383833549719,-0.1530919453867149,0.601382741133322,1.7404643811586322,2.420697985644964,train_oof,0.20232788980713348
RFERF_RF_ROSE,RFERF,supervised,RF,ROSE,423,TP,58,58,0.0,0.057766311215253247,-0.27021081631157406,0.884608953923013,-1.0666229947609827,-0.9216852435706471,-0.63060135009754,-0.27021081631157406,0.6991862866391081,1.413528407380017,2.3601869794202175,train_oof,0.20232788980713348
RFERF_RF_ROSE,RFERF,supervised,RF,ROSE,423,FP,263,263,0.0,0.18091444865576636,0.0197377703041906,1.141251547121291,-1.27714405561269,-1.132036831964015,-0.6039550392995066,0.0197377703041906,0.6748070817564956,1.9117727069946067,3.045782471677006,train_oof,0.20232788980713348
RFERF_RF_ROSE,RFERF,supervised,RF,ROSE,423,TN,907,907,0.0,-0.07153466804786734,-0.3001033665586309,0.9415362844832894,-1.3902607600286014,-1.130832589225491,-0.6889444400682565,-0.3001033665586309,0.3312135684881806,1.6903652978871604,3.514493328181322,train_oof,0.20232788980713348
RFERF_RF_ROSE,RFERF,supervised,RF,ROSE,423,FN,25,25,0.0,0.5413427624082309,0.0198201273303816,1.29736360732318,-1.1135410300168649,-0.7927881093663031,-0.5270488281383794,0.0198201273303816,1.234208031377301,2.5884277950115395,3.490330081722957,train_oof,0.20232788980713348
RFERF_RF_ROSE,RFERF,supervised,RF,ROSE,423,pred_anomaly,321,321,0.0,0.15866338332383564,-0.0001499263907901,1.099102307385619,-1.265350285441339,-1.0934608008962112,-0.6134443988728326,-0.0001499263907901,0.6809853838509257,1.877279144217688,3.0582575479731813,train_oof,0.20232788980713348
RFERF_RF_ROSE,RFERF,supervised,RF,ROSE,423,pred_normal,932,932,0.0,-0.055094822810311056,-0.29366121695436725,0.9570220410932188,-1.3869710543713105,-1.1296658646877868,-0.6782448897489591,-0.29366121695436725,0.351700641318217,1.7381212396280292,3.5631606571761143,train_oof,0.20232788980713348
RFERF_RF_ROSE,RFERF,supervised,RF,ROSE,425,TP,58,58,0.0,0.15801480502592416,-0.1522742986350143,1.017634549299385,-0.7919989551159781,-0.6775989036755584,-0.41415113288350924,-0.1522742986350143,0.5176089146061928,1.229121495610009,3.5736162145280623,train_oof,0.20232788980713348
RFERF_RF_ROSE,RFERF,supervised,RF,ROSE,425,FP,263,263,0.0,0.24109484778240373,-0.1654059942400548,1.6298069871935923,-0.7257820420463772,-0.6495861218567346,-0.4315909619814869,-0.1654059942400548,0.4645098173810066,1.4975407442989281,7.028803447224438,train_oof,0.20232788980713348
RFERF_RF_ROSE,RFERF,supervised,RF,ROSE,425,TN,907,907,0.0,-0.08178545011423163,-0.2694681476071089,0.7160767166613133,-0.7632036792597969,-0.6586998971455589,-0.42950899788761976,-0.2694681476071089,-0.02148909964754485,1.1851650147346868,1.7077610751441552,train_oof,0.20232788980713348
RFERF_RF_ROSE,RFERF,supervised,RF,ROSE,425,FN,25,25,0.0,0.03484614488302611,-0.1856848652842148,0.5714500209751621,-0.7231207331388574,-0.5577778142992983,-0.3806864892448577,-0.1856848652842148,0.4680698858532034,1.0256685394813172,1.2882779366802428,train_oof,0.20232788980713348
RFERF_RF_ROSE,RFERF,supervised,RF,ROSE,425,pred_anomaly,321,321,0.0,0.22608350049307094,-0.1626660934411994,1.5363298562419532,-0.7379371072219311,-0.6646087095262483,-0.4293017027613905,-0.1626660934411994,0.4927470187060526,1.4724598365915118,6.953815246465872,train_oof,0.20232788980713348
RFERF_RF_ROSE,RFERF,supervised,RF,ROSE,425,pred_normal,932,932,0.0,-0.07865692020550691,-0.2654213862298521,0.7125800288883591,-0.7662190121915897,-0.6586277944929574,-0.4275171621095045,-0.2654213862298521,-0.015126040555466149,1.182474684509495,1.6817500432181793,train_oof,0.20232788980713348
RFERF_RF_ROSE,RFERF,supervised,RF,ROSE,428,TP,58,58,0.0,-0.05992123054631155,-0.06599969927333416,0.11744909386501573,-0.254183015333985,-0.2364819282665874,-0.16319451083893174,-0.06599969927333416,0.035543897880426424,0.09846470644685165,0.1398570595644175,train_oof,0.20232788980713348
RFERF_RF_ROSE,RFERF,supervised,RF,ROSE,428,FP,263,263,0.0,0.01658979832518533,-0.0342633984170032,0.46636307674774674,-0.2697907849567085,-0.2531559152201977,-0.1566303577181051,-0.0342633984170032,0.0433591463526216,0.1500027326352142,2.927051981779921,train_oof,0.20232788980713348
RFERF_RF_ROSE,RFERF,supervised,RF,ROSE,428,TN,907,907,0.0,0.0030038690057966936,-0.1739380872951161,1.1453270721677207,-0.2797403256121596,-0.2689229946265278,-0.2255006983266279,-0.1739380872951161,-0.1041936189301787,0.1503523837377801,6.441373360475646,train_oof,0.20232788980713348
RFERF_RF_ROSE,RFERF,supervised,RF,ROSE,428,FN,25,25,0.0,-0.12828807640799333,-0.1652186629248795,0.10919977503975331,-0.2672599665699489,-0.25433380237196657,-0.2032978533136946,-0.1652186629248795,-0.0702337555934678,0.09276703246457091,0.12670416847961513,train_oof,0.20232788980713348
RFERF_RF_ROSE,RFERF,supervised,RF,ROSE,428,pred_anomaly,321,321,0.0,0.0027653756630457056,-0.0347769484738968,0.4259108590401455,-0.2689229946265278,-0.2531559152201977,-0.1566303577181051,-0.0347769484738968,0.0433591463526216,0.1500027326352142,2.927051981779921,train_oof,0.20232788980713348
RFERF_RF_ROSE,RFERF,supervised,RF,ROSE,428,pred_normal,932,932,0.0,-0.0005179106458607624,-0.167742706821527,1.1301801167493906,-0.2797403256121596,-0.2689229946265278,-0.22171463248165674,-0.167742706821527,-0.1041936189301787,0.1503523837377801,6.441373360475646,train_oof,0.20232788980713348
RFERF_RF_ROSE,RFERF,supervised,RF,ROSE,452,TP,58,58,0.0,-0.3500651234027284,-0.45939893499736606,0.8996608406968546,-2.1460052801564413,-1.8004198308191253,-0.9345887565253885,-0.45939893499736606,0.36872273501630676,1.0768852531868411,1.7557648299624846,train_oof,0.20232788980713348
RFERF_RF_ROSE,RFERF,supervised,RF,ROSE,452,FP,263,263,0.0,-0.4236363336959947,-0.4368475536367138,1.1120792040022145,-2.2799211706818623,-1.8273558996452988,-1.1247465908800387,-0.4368475536367138,0.12322392001027554,1.3084546314250698,1.974042544155169,train_oof,0.20232788980713348
RFERF_RF_ROSE,RFERF,supervised,RF,ROSE,452,TN,907,907,0.0,0.14796779687365297,0.0865847507778358,0.9356258434196917,-2.016400907965735,-1.280225533461928,-0.5019353177575306,0.0865847507778358,0.7555362593718962,1.7913927362825768,2.2890564017341264,train_oof,0.20232788980713348
RFERF_RF_ROSE,RFERF,supervised,RF,ROSE,452,FN,25,25,0.0,-0.09600171665316207,-0.1256057285623409,0.7731628513592382,-1.284762019571959,-1.1378515098305382,-0.7473249251056407,-0.1256057285623409,0.5487515590987997,1.1072176801743525,1.24512511059678,train_oof,0.20232788980713348
RFERF_RF_ROSE,RFERF,supervised,RF,ROSE,452,pred_anomaly,321,321,0.0,-0.4103430932068687,-0.443400013111964,1.0758907699299654,-2.246352920790157,-1.8302280610486168,-1.0924211241354724,-0.443400013111964,0.174169292430344,1.2745456536406528,1.9827573152572515,train_oof,0.20232788980713348
RFERF_RF_ROSE,RFERF,supervised,RF,ROSE,452,pred_normal,932,932,0.0,0.14142355026617404,0.07675606156496101,0.932123554978694,-2.0162917003078142,-1.2801982315474478,-0.5067404547060468,0.07675606156496101,0.7491476113835274,1.781405695965715,2.285752870082021,train_oof,0.20232788980713348
RFERF_RF_ROSE,RFERF,supervised,RF,ROSE,460,TP,58,58,0.0,0.29748649793667603,0.0850630133819664,1.0460108812083886,-1.2347968015935014,-0.9078846197211795,-0.35874698398714977,0.0850630133819664,0.7519773955563755,2.232438725367958,3.532939408639244,train_oof,0.20232788980713348
RFERF_RF_ROSE,RFERF,supervised,RF,ROSE,460,FP,263,263,0.0,0.14995584681322047,-0.0656623179701904,1.1059121959252531,-1.35258283120819,-1.032637114664384,-0.5803734874424353,-0.0656623179701904,0.5911556838256494,2.1353122145146672,3.3420577387801518,train_oof,0.20232788980713348
RFERF_RF_ROSE,RFERF,supervised,RF,ROSE,460,TN,907,907,0.0,-0.06027601847898327,-0.2748456545815676,0.9602012025424217,-1.4394840369581041,-1.165809077378963,-0.7270922007627876,-0.2748456545815676,0.3820726054968102,1.7803540777466889,2.9030963804853718,train_oof,0.20232788980713348
RFERF_RF_ROSE,RFERF,supervised,RF,ROSE,460,FN,25,25,0.0,-0.09200068865073796,-0.2756105881446369,0.8990929258066307,-1.1871152249300376,-1.0850514021214122,-0.4579766908119064,-0.2756105881446369,-0.0117085088857422,1.3756255015649084,2.696453068895748,train_oof,0.20232788980713348
RFERF_RF_ROSE,RFERF,supervised,RF,ROSE,460,pred_anomaly,321,321,0.0,0.1766124753651221,-0.0538838264068132,1.0952128066178168,-1.3730600284261596,-1.0328205501887318,-0.5597499873973544,-0.0538838264068132,0.5983222943922688,2.149674399151754,3.4311312073183946,train_oof,0.20232788980713348
RFERF_RF_ROSE,RFERF,supervised,RF,ROSE,460,pred_normal,932,932,0.0,-0.06112700212092948,-0.27526896733006234,0.9581719039573233,-1.433949408435023,-1.1655937077349923,-0.722933338672314,-0.27526896733006234,0.3660052874026323,1.7801015754054816,3.032222141712882,train_oof,0.20232788980713348
RFERF_RF_ROSE,RFERF,supervised,RF,ROSE,468,TP,58,58,0.0,-0.25623677377138737,-0.5659280297636253,0.91816433811668,-0.959963549988979,-0.9182870773993684,-0.8173460471124064,-0.5659280297636253,-0.1937488832547943,1.5577371496314671,3.112458661725771,train_oof,0.20232788980713348
RFERF_RF_ROSE,RFERF,supervised,RF,ROSE,468,FP,263,263,0.0,-0.460769913801807,-0.7450965108472175,0.7905215956876737,-0.9802319324172032,-0.9802319324172032,-0.8737700019177496,-0.7450965108472175,-0.43067344673633245,1.0938579674603175,3.1579323690567236,train_oof,0.20232788980713348
RFERF_RF_ROSE,RFERF,supervised,RF,ROSE,468,TN,907,907,0.0,0.1463369195088472,-0.1048129105025098,1.0084996754009512,-0.9802319324172032,-0.9802319324172032,-0.6349152149286614,-0.1048129105025098,0.7961390929613742,2.197441522116618,3.0571325532997857,train_oof,0.20232788980713348
RFERF_RF_ROSE,RFERF,supervised,RF,ROSE,468,FN,25,25,0.0,0.14233192540767092,-0.2529996158133769,1.2003457242349331,-0.9802319324172032,-0.9802319324172032,-0.835928187142074,-0.2529996158133769,0.6079141596994533,2.6258086869745063,3.041007209898097,train_oof,0.20232788980713348
RFERF_RF_ROSE,RFERF,supervised,RF,ROSE,468,pred_anomaly,321,321,0.0,-0.42381377012029825,-0.7252580370610948,0.8173329564431701,-0.9802319324172032,-0.9802319324172032,-0.8707637632285679,-0.7252580370610948,-0.4015778332736232,1.3451045213557262,3.1604846080276254,train_oof,0.20232788980713348
RFERF_RF_ROSE,RFERF,supervised,RF,ROSE,468,pred_normal,932,932,0.0,0.1462294894095667,-0.10723359624538556,1.013362479405423,-0.9802319324172032,-0.9802319324172032,-0.644297141062498,-0.10723359624538556,0.7958458876687805,2.2060743650104313,3.0642098879779334,train_oof,0.20232788980713348
RFERF_RF_ROSE,RFERF,supervised,RF,ROSE,477,TP,58,58,0.0,0.34754027387074904,0.052211176740999496,1.940819035760351,-0.35534716302574326,-0.2592262188535433,-0.15244923331359797,0.052211176740999496,0.2742568820300327,0.6219420558072647,6.734790146073566,train_oof,0.20232788980713348
RFERF_RF_ROSE,RFERF,supervised,RF,ROSE,477,FP,263,263,0.0,0.18803159796509025,-0.0614956673154551,1.8727402578674412,-0.35652547274765806,-0.3107526787976332,-0.1784268297320196,-0.0614956673154551,0.12171707102090229,0.5102425814986697,7.172048471794231,train_oof,0.20232788980713348
RFERF_RF_ROSE,RFERF,supervised,RF,ROSE,477,TN,907,907,0.0,-0.07459026212262383,-0.1152107822120572,0.31774266535148754,-0.36509148537155345,-0.3155984190854807,-0.2105024017083778,-0.1152107822120572,-0.00778937408331295,0.2519671824390909,0.679287550279064,train_oof,0.20232788980713348
RFERF_RF_ROSE,RFERF,supervised,RF,ROSE,477,FN,25,25,0.0,-0.08889011126278841,-0.1131200477350504,0.14077924909364742,-0.2521007840359569,-0.24475692480634234,-0.1777740265619837,-0.1131200477350504,-0.0359745920328356,0.0677417170227318,0.3078257853661698,train_oof,0.20232788980713348
RFERF_RF_ROSE,RFERF,supervised,RF,ROSE,477,pred_anomaly,321,321,0.0,0.21685248021595702,-0.033204589392413,1.8831409317012802,-0.35909098920589916,-0.3071878441893697,-0.1775093766281853,-0.033204589392413,0.1538676271451701,0.6168197563385979,9.247352269761112,train_oof,0.20232788980713348
RFERF_RF_ROSE,RFERF,supervised,RF,ROSE,477,pred_normal,932,932,0.0,-0.07497384176694157,-0.1150255272583984,0.3142699069773536,-0.3649371062435044,-0.31544800970643866,-0.21014732971386504,-0.1150255272583984,-0.007937136963017025,0.25135187134300974,0.6633048996937595,train_oof,0.20232788980713348
RFERF_RF_ROSE,RFERF,supervised,RF,ROSE,480,TP,58,58,0.0,-0.0447730927868728,-0.2834989313215655,0.9552859718602026,-1.6097946337134958,-1.5272650635221776,-0.6487418893508712,-0.2834989313215655,0.4935719131170495,1.6933246476445516,1.8333108234556255,train_oof,0.20232788980713348
RFERF_RF_ROSE,RFERF,supervised,RF,ROSE,480,FP,263,263,0.0,0.21659335563401252,-0.0275688820768546,1.0716149207025694,-1.6924952606980388,-1.3526803451310738,-0.5531232195510118,-0.0275688820768546,0.9893755267849332,2.0672754352554428,3.0701781174540796,train_oof,0.20232788980713348
RFERF_RF_ROSE,RFERF,supervised,RF,ROSE,480,TN,907,907,0.0,-0.05671955711651565,-0.1610624345547347,0.9737988740085436,-1.717148879887279,-1.5002473701968064,-0.6689972297891004,-0.1610624345547347,0.3962546719498816,1.812929635080291,2.9612678777458115,train_oof,0.20232788980713348
RFERF_RF_ROSE,RFERF,supervised,RF,ROSE,480,FN,25,25,0.0,-0.112280970740693,-0.2801899865522186,0.9450540927008416,-1.4545086396892952,-1.3974155055163255,-0.7103389558148294,-0.2801899865522186,0.4143172148439585,1.7197633795159277,2.1298588969085746,train_oof,0.20232788980713348
RFERF_RF_ROSE,RFERF,supervised,RF,ROSE,480,pred_anomaly,321,321,0.0,0.16936826526512982,-0.0519351258534769,1.0549477529800548,-1.6803952433246547,-1.3776183479703947,-0.5682108442360247,-0.0519351258534769,0.9392025609729524,2.044644967780598,2.9362539173798536,train_oof,0.20232788980713348
RFERF_RF_ROSE,RFERF,supervised,RF,ROSE,480,pred_normal,932,932,0.0,-0.05820993838325861,-0.16195580809020085,0.9725864881868508,-1.7134154095541796,-1.4982049382349485,-0.6712756785733514,-0.16195580809020085,0.4024609707143604,1.8147936693501059,2.959742217359275,train_oof,0.20232788980713348
RFERF_RF_ROSE,RFERF,supervised,RF,ROSE,484,TP,58,58,0.0,-0.24934672236534589,-0.44432653545030276,0.8230384803091142,-1.0153846670981137,-1.0153846670981137,-1.0153846670981137,-0.44432653545030276,0.05574228875903758,1.4595262559915883,1.9285849614559363,train_oof,0.20232788980713348
RFERF_RF_ROSE,RFERF,supervised,RF,ROSE,484,FP,263,263,0.0,0.10637063271243523,-0.3409457547230964,1.203271201302101,-1.0153846670981137,-1.0153846670981137,-0.7497621307859059,-0.3409457547230964,0.6806899131480213,2.8560482363914352,3.554742364750832,train_oof,0.20232788980713348
RFERF_RF_ROSE,RFERF,supervised,RF,ROSE,484,TN,907,907,0.0,-0.015504624164299229,-0.3403987614537753,0.9349376782939012,-1.0153846670981137,-1.0153846670981137,-0.619063653731758,-0.3403987614537753,0.31662255918176707,2.002857559290495,3.158152524320063,train_oof,0.20232788980713348
RFERF_RF_ROSE,RFERF,supervised,RF,ROSE,484,FN,25,25,0.0,-0.01915339360768417,-0.2629980298767161,0.909769352994664,-0.9571977679112759,-0.758656241345068,-0.4901550996744924,-0.2629980298767161,0.0013342179833136,1.4678879597686105,2.8361940003834576,train_oof,0.20232788980713348
RFERF_RF_ROSE,RFERF,supervised,RF,ROSE,484,pred_anomaly,321,321,0.0,0.04209771497252465,-0.3686458727513167,1.1510376641000712,-1.0153846670981137,-1.0153846670981137,-0.8065478463310037,-0.3686458727513167,0.5483715309183641,2.5728532926689835,3.5075421308420838,train_oof,0.20232788980713348
RFERF_RF_ROSE,RFERF,supervised,RF,ROSE,484,pred_normal,932,932,0.0,-0.015602498881128224,-0.33717600024361905,0.9337949766370252,-1.0153846670981137,-1.0153846670981137,-0.6179912154128161,-0.33717600024361905,0.31289495396719835,2.0021271693600964,3.2245562001148467,train_oof,0.20232788980713348
RFERF_RF_ROSE,RFERF,supervised,RF,ROSE,486,TP,58,58,0.0,0.043748658855285054,-0.1650542093836208,0.8847569863373919,-1.0674901188596386,-1.0674901188596386,-0.5632700932662552,-0.1650542093836208,0.5776421650468588,1.756001693680274,2.1010351850350997,train_oof,0.20232788980713348
RFERF_RF_ROSE,RFERF,supervised,RF,ROSE,486,FP,263,263,0.0,-0.035478766191656255,-0.2550711922323425,0.8955027264519428,-1.0674901188596386,-1.0674901188596386,-0.6470764802324684,-0.2550711922323425,0.46965496387213734,1.7890300626908189,2.1530692840997574,train_oof,0.20232788980713348
RFERF_RF_ROSE,RFERF,supervised,RF,ROSE,486,TN,907,907,0.0,-0.00711353870792446,-0.1366130622708667,1.026847173694448,-1.0674901188596386,-1.0674901188596386,-1.0674901188596386,-0.1366130622708667,0.6892328150165449,1.95290400254706,2.2891784340828236,train_oof,0.20232788980713348
RFERF_RF_ROSE,RFERF,supervised,RF,ROSE,486,FN,25,25,0.0,0.44749050189875633,0.4596704295268876,0.9244880827276603,-1.0674901188596386,-1.0674901188596386,-0.2553002470531724,0.4596704295268876,1.0397430869595463,1.8593217814121215,2.2535971623309403,train_oof,0.20232788980713348
RFERF_RF_ROSE,RFERF,supervised,RF,ROSE,486,pred_anomaly,321,321,0.0,-0.021163530513392714,-0.2495169598799771,0.8927170245087742,-1.0674901188596386,-1.0674901188596386,-0.6346958936402348,-0.2495169598799771,0.4852808408122195,1.7910744810825536,2.1239806059495727,train_oof,0.20232788980713348
RFERF_RF_ROSE,RFERF,supervised,RF,ROSE,486,pred_normal,932,932,0.0,0.005080775686031563,-0.12121502546695845,1.0264181750362324,-1.0674901188596386,-1.0674901188596386,-1.0674901188596386,-0.12121502546695845,0.7004894712492973,1.9512981894319394,2.2905075038575236,train_oof,0.20232788980713348
RFERF_RF_ROSE,RFERF,supervised,RF,ROSE,488,TP,58,58,0.0,-0.1871698651691818,-0.1549038784922443,0.9577819240449896,-1.395282106447686,-1.395282106447686,-1.0733845748285693,-0.1549038784922443,0.3443441380405926,1.6418621802202908,2.035239324118761,train_oof,0.20232788980713348
RFERF_RF_ROSE,RFERF,supervised,RF,ROSE,488,FP,263,263,0.0,0.023696756039328814,-0.0033102708857174,0.9911497063909176,-1.395282106447686,-1.395282106447686,-0.7853789398874418,-0.0033102708857174,0.6211673079620527,2.014326736723893,2.3839438152445513,train_oof,0.20232788980713348
RFERF_RF_ROSE,RFERF,supervised,RF,ROSE,488,TN,907,907,0.0,0.006528987203510715,-0.0005018833715307,0.9897723215688173,-1.395282106447686,-1.395282106447686,-0.7868321356024333,-0.0005018833715307,0.5941737759805386,1.8286426455573717,2.4133934126468497,train_oof,0.20232788980713348
RFERF_RF_ROSE,RFERF,supervised,RF,ROSE,488,FN,25,25,0.0,-0.197292667056509,-0.7841681749115248,1.2542010959999694,-1.395282106447686,-1.395282106447686,-1.395282106447686,-0.7841681749115248,0.6947688438903351,1.9358325040908668,2.4068562102350475,train_oof,0.20232788980713348
RFERF_RF_ROSE,RFERF,supervised,RF,ROSE,488,pred_anomaly,321,321,0.0,-0.014403754957847568,-0.0374231723454816,0.9870800964022948,-1.395282106447686,-1.395282106447686,-0.8433149268138699,-0.0374231723454816,0.5593667131819683,1.934130727593504,2.3688749870890295,train_oof,0.20232788980713348
RFERF_RF_ROSE,RFERF,supervised,RF,ROSE,488,pred_normal,932,932,0.0,0.0010616681514715584,-0.0010301919297588998,0.9974863311963827,-1.395282106447686,-1.395282106447686,-0.8242370957235718,-0.0010301919297588998,0.6184086167654912,1.8374446668822106,2.417202174139583,train_oof,0.20232788980713348
RFERF_RF_ROSE,RFERF,supervised,RF,ROSE,489,TP,58,58,0.0,0.015289244530288647,-0.2427003590600163,0.9873942305046678,-1.2020520219895654,-0.9684601160557339,-0.6527799818476552,-0.2427003590600163,0.1894446502832812,2.1651401831777046,2.510492658210622,train_oof,0.20232788980713348
RFERF_RF_ROSE,RFERF,supervised,RF,ROSE,489,FP,263,263,0.0,-0.010656650198867012,-0.2375474993957608,0.9400858729909178,-1.2020520219895654,-1.2020520219895654,-0.7002955004217283,-0.2375474993957608,0.3337572131968506,1.9714779160860745,2.6892889174082057,train_oof,0.20232788980713348
RFERF_RF_ROSE,RFERF,supervised,RF,ROSE,489,TN,907,907,0.0,-0.0045556203742522046,-0.2148774009271079,1.002626931973249,-1.2020520219895654,-1.2020520219895654,-0.7095051308912563,-0.2148774009271079,0.48137656219763314,2.072953920238548,2.931712349731228,train_oof,0.20232788980713348
RFERF_RF_ROSE,RFERF,supervised,RF,ROSE,489,FN,25,25,0.0,0.24493422639598234,-0.176616314512064,1.2515695776655398,-1.2020520219895654,-1.2020520219895654,-0.6168527973069693,-0.176616314512064,1.3115742694982095,2.3772398536747326,2.6574041050308,train_oof,0.20232788980713348
RFERF_RF_ROSE,RFERF,supervised,RF,ROSE,489,pred_anomaly,321,321,0.0,-0.005968606914471287,-0.2375474993957608,0.9472814549240458,-1.2020520219895654,-1.2020520219895654,-0.691893852897015,-0.2375474993957608,0.3311527268611491,2.1165914311842755,2.698463088005866,train_oof,0.20232788980713348
RFERF_RF_ROSE,RFERF,supervised,RF,ROSE,489,pred_normal,932,932,0.0,0.002136703841687554,-0.2107631863714354,1.0100860182541698,-1.2020520219895654,-1.2020520219895654,-0.70741608577536,-0.2107631863714354,0.4837865410097991,2.1214360241740855,2.9236774328678523,train_oof,0.20232788980713348
RFERF_RF_ROSE,RFERF,supervised,RF,ROSE,490,TP,58,58,0.0,0.01932406421524017,0.0416660914737097,0.885659448037109,-1.392459850577026,-1.267340354495227,-0.6716618861067601,0.0416660914737097,0.5297088167820965,1.500078431529032,2.3648404091417525,train_oof,0.20232788980713348
RFERF_RF_ROSE,RFERF,supervised,RF,ROSE,490,FP,263,263,0.0,0.1271400347405989,-0.0480450522407358,1.0174380011016964,-1.7918565263885222,-1.3404407071965734,-0.6318880522009843,-0.0480450522407358,0.7549450985618062,1.9452084542861918,2.4879018013532153,train_oof,0.20232788980713348
RFERF_RF_ROSE,RFERF,supervised,RF,ROSE,490,TN,907,907,0.0,-0.027964870374277785,-0.1856269509856878,0.9975153315755169,-1.6608832375640847,-1.3980434381343168,-0.7419345426627667,-0.1856269509856878,0.5081058338607478,1.7780892335298404,2.90334507213939,train_oof,0.20232788980713348
RFERF_RF_ROSE,RFERF,supervised,RF,ROSE,490,FN,25,25,0.0,-0.3677794972716644,-0.7220861025253149,1.0646843820714755,-1.4958098080971294,-1.4638911209994516,-1.3085567191906344,-0.7220861025253149,0.6996028455520248,1.0347736852395197,2.22690217311115,train_oof,0.20232788980713348
RFERF_RF_ROSE,RFERF,supervised,RF,ROSE,490,pred_anomaly,321,321,0.0,0.10765926748056522,-0.031283152279741,0.994484717239895,-1.730269332326161,-1.3405974127721687,-0.6388082823518255,-0.031283152279741,0.6980861594453702,1.8894235080253543,2.552434724439108,train_oof,0.20232788980713348
RFERF_RF_ROSE,RFERF,supervised,RF,ROSE,490,pred_normal,932,932,0.0,-0.0370800695936283,-0.1927514580475731,1.0002781861417869,-1.6582332343482147,-1.400681128769247,-0.7539029309988559,-0.1927514580475731,0.5127678247347074,1.7755609569664417,2.896128220720457,train_oof,0.20232788980713348
RFERF_RF_ROSE,RFERF,supervised,RF,ROSE,510,TP,58,58,0.0,0.9061877223165584,0.3464179522601025,1.688316208382128,-0.8037968165185645,-0.634826033630893,-0.06077104966411018,0.3464179522601025,1.3272301963041904,4.354116899642023,6.742244467990393,train_oof,0.20232788980713348
RFERF_RF_ROSE,RFERF,supervised,RF,ROSE,510,FP,263,263,0.0,0.6540716913385093,0.2459370924286385,1.5062304009231804,-0.8897340157477835,-0.6085029679532444,-0.19474289204265188,0.2459370924286385,0.910634918894357,3.3719318905929505,6.769883911130641,train_oof,0.20232788980713348
RFERF_RF_ROSE,RFERF,supervised,RF,ROSE,510,TN,907,907,0.0,-0.24347000593061668,-0.3346831632516883,0.5462925874198593,-1.0287585828074837,-0.8839352770237642,-0.6029617973951936,-0.3346831632516883,-0.00473164365865205,0.5699323152162,1.7122178561814627,train_oof,0.20232788980713348
RFERF_RF_ROSE,RFERF,supervised,RF,ROSE,510,FN,25,25,0.0,-0.18702840107210383,-0.3842925959965427,0.6263855988683298,-0.9249865683277663,-0.703862267048545,-0.5345978364074545,-0.3842925959965427,-0.0726947203413821,0.6771430203180001,1.8949653974463092,train_oof,0.20232788980713348
RFERF_RF_ROSE,RFERF,supervised,RF,ROSE,510,pred_anomaly,321,321,0.0,0.6996253667177207,0.2704094968113875,1.5410033594596246,-0.8852734921314059,-0.6232697523199877,-0.1695531157456765,0.2704094968113875,0.9654690345880448,3.8272634051933,7.429535395415346,train_oof,0.20232788980713348
RFERF_RF_ROSE,RFERF,supervised,RF,ROSE,510,pred_normal,932,932,0.0,-0.2419560143839828,-0.33652011008352195,0.5482877993067922,-1.025350406865722,-0.8820020652107935,-0.5983061327937658,-0.33652011008352195,-0.010413914942479249,0.5731502029829192,1.7833987678829735,train_oof,0.20232788980713348
RFERF_RF_ROSE,RFERF,supervised,RF,ROSE,525,TP,58,58,0.0,-0.05748826204333752,-0.15382559360170575,0.666864799609727,-0.9692332644986168,-0.8087534784747578,-0.4519221355887648,-0.15382559360170575,0.1016219234587402,1.2899971564138781,2.2045074995402607,train_oof,0.20232788980713348
RFERF_RF_ROSE,RFERF,supervised,RF,ROSE,525,FP,263,263,0.0,0.1633579362517494,-0.0843085587213253,1.7703783318311797,-1.0746486930172263,-0.8548109223955057,-0.4193880231447471,-0.0843085587213253,0.3908558754610494,1.517777979521931,2.8947512291525435,train_oof,0.20232788980713348
RFERF_RF_ROSE,RFERF,supervised,RF,ROSE,525,TN,907,907,0.0,-0.04233177548323718,-0.1051163786855209,0.6421372748797659,-1.1737191376467537,-0.9451883222399916,-0.48958814302395215,-0.1051163786855209,0.28890106063648524,1.075107373283643,1.7593539669062457,train_oof,0.20232788980713348
RFERF_RF_ROSE,RFERF,supervised,RF,ROSE,525,FN,25,25,0.0,-0.05212579717670275,-0.1782590185596625,0.5304123171590976,-0.9229043380783358,-0.8248147334471208,-0.300198448349839,-0.1782590185596625,0.2343243207303965,0.7806171697903788,1.156626386743371,train_oof,0.20232788980713348
RFERF_RF_ROSE,RFERF,supervised,RF,ROSE,525,pred_anomaly,321,321,0.0,0.1234542617934471,-0.091804978708426,1.6286850846193952,-1.077990555011476,-0.8511853174017443,-0.4298094481268147,-0.091804978708426,0.3608526805126766,1.5066489485410808,2.8148022602901164,train_oof,0.20232788980713348
RFERF_RF_ROSE,RFERF,supervised,RF,ROSE,525,pred_normal,932,932,0.0,-0.042594490657418126,-0.10749841868142195,0.6391578783127179,-1.1728959326481703,-0.9422230327450939,-0.48457885303257164,-0.10749841868142195,0.2887696981367112,1.0718320682892788,1.755991086912032,train_oof,0.20232788980713348
RFERF_RF_ROSE,RFERF,supervised,RF,ROSE,551,TP,58,58,0.0,0.35982637688152586,0.00972901337675525,2.290309105815288,-0.6418254300309933,-0.5496761116419203,-0.21764812346352633,0.00972901337675525,0.13550291764072941,0.6988058271079624,10.699669762187474,train_oof,0.20232788980713348
RFERF_RF_ROSE,RFERF,supervised,RF,ROSE,551,FP,263,263,0.0,0.06550513125956436,-0.0476735569507304,1.5827826126363411,-0.646116050156559,-0.5163412937432943,-0.2325002700520231,-0.0476735569507304,0.12978888589276605,0.5899786032487291,0.8717073216474144,train_oof,0.20232788980713348
RFERF_RF_ROSE,RFERF,supervised,RF,ROSE,551,TN,907,907,0.0,-0.046387784028358615,-0.0542745109900623,0.2784712075393579,-0.5811626624095333,-0.4173269831533159,-0.2134521440989936,-0.0542745109900623,0.0520421114222399,0.3992110315120379,0.6520275712184497,train_oof,0.20232788980713348
RFERF_RF_ROSE,RFERF,supervised,RF,ROSE,551,FN,25,25,0.0,-0.1177916508032307,-0.1664907296587043,0.29093121585594256,-0.6058502305166346,-0.5744296892894148,-0.3051107644846739,-0.1664907296587043,0.0513407536392479,0.17411849877082083,0.5796811149473708,train_oof,0.20232788980713348
RFERF_RF_ROSE,RFERF,supervised,RF,ROSE,551,pred_anomaly,321,321,0.0,0.11868467096695928,-0.0306062462366187,1.731575737671372,-0.6602420918007293,-0.5163412937432943,-0.2325002700520231,-0.0306062462366187,0.1305522021112305,0.6454266171791175,0.9187061144074579,train_oof,0.20232788980713348
RFERF_RF_ROSE,RFERF,supervised,RF,ROSE,551,pred_normal,932,932,0.0,-0.04830312380236269,-0.0542745109900623,0.27888895811221726,-0.586905492423752,-0.4239279371926478,-0.2209486004831923,-0.0542745109900623,0.0516914325307439,0.3975607930022049,0.6565822295055882,train_oof,0.20232788980713348
RFERF_RF_ROSE,RFERF,supervised,RF,ROSE,552,TP,58,58,0.0,0.16359525363570143,-0.0512340543018348,1.174754894095908,-0.8240319462623151,-0.6644481743473146,-0.32629075125464474,-0.0512340543018348,0.23022747163903093,1.1639287057608174,4.6585683479248825,train_oof,0.20232788980713348
RFERF_RF_ROSE,RFERF,supervised,RF,ROSE,552,FP,263,263,0.0,0.014322196364857983,-0.1837175032328533,0.7780532291203587,-0.8425410246639626,-0.7618015749657637,-0.4665828273080874,-0.1837175032328533,0.2683261930283542,1.3098535218284106,2.869915445524039,train_oof,0.20232788980713348
RFERF_RF_ROSE,RFERF,supervised,RF,ROSE,552,TN,907,907,0.0,0.04409487038101781,-0.1608997289840205,0.9629423151502678,-0.8577020445151414,-0.7877016505448607,-0.6041550444761914,-0.1608997289840205,0.37583457418913235,1.3602849698055979,3.8998821367101386,train_oof,0.20232788980713348
RFERF_RF_ROSE,RFERF,supervised,RF,ROSE,552,FN,25,25,0.0,-0.25727570466425065,-0.4451749057589693,0.4866487431800763,-0.7800369127312092,-0.7557652429879795,-0.6090683379464809,-0.4451749057589693,0.0626794585079719,0.5859128501503278,1.0239279178202556,train_oof,0.20232788980713348
RFERF_RF_ROSE,RFERF,supervised,RF,ROSE,552,pred_anomaly,321,321,0.0,0.04129365219572689,-0.1561691313366969,0.863003064562693,-0.8465207923748971,-0.7561161925215717,-0.4483334515612981,-0.1561691313366969,0.2640941016306687,1.3250145416795929,3.07435758682279,train_oof,0.20232788980713348
RFERF_RF_ROSE,RFERF,supervised,RF,ROSE,552,pred_normal,932,932,0.0,0.036010895728515964,-0.17788350109705406,0.9543777848617189,-0.8569124080645592,-0.7877016505448607,-0.6059097921441519,-0.17788350109705406,0.37047990370383577,1.3295944330929677,3.885054518915872,train_oof,0.20232788980713348
RFERF_RF_ROSE,RFERF,supervised,RF,ROSE,563,TP,58,58,0.0,-0.03844942751307467,-0.0501623673492243,0.6165249706453145,-0.9791086899882457,-0.9210746379817368,-0.36942408655733466,-0.0501623673492243,0.33692794459357295,0.8155999572679636,1.3412432384180843,train_oof,0.20232788980713348
RFERF_RF_ROSE,RFERF,supervised,RF,ROSE,563,FP,263,263,0.0,0.13466745910564745,0.0618585838818987,0.8127131588248672,-0.9879764984771843,-0.9210746379817368,-0.44057138246071903,0.0618585838818987,0.5011677276967095,1.565140912880632,2.8380481680052716,train_oof,0.20232788980713348
RFERF_RF_ROSE,RFERF,supervised,RF,ROSE,563,TN,907,907,0.0,0.019668842665179705,-0.0624455620686335,0.970606157033358,-1.2126110869971698,-0.9210746379817368,-0.9210746379817368,-0.0624455620686335,0.6731124087085176,1.7305739788087307,2.437564357554304,train_oof,0.20232788980713348
RFERF_RF_ROSE,RFERF,supervised,RF,ROSE,563,FN,25,25,0.0,0.02439080808279136,-0.1452448943649783,0.8498670279445719,-0.9210746379817368,-0.9210746379817368,-0.7198722605016171,-0.1452448943649783,0.3830148456857064,1.4454958777124125,1.8582008696103176,train_oof,0.20232788980713348
RFERF_RF_ROSE,RFERF,supervised,RF,ROSE,563,pred_anomaly,321,321,0.0,0.10338777242687523,0.0421402187300505,0.7829067055296681,-1.0088419302158633,-0.9210746379817368,-0.4267626241725537,0.0421402187300505,0.4906539776709558,1.527301618021203,2.75637490662816,train_oof,0.20232788980713348
RFERF_RF_ROSE,RFERF,supervised,RF,ROSE,563,pred_normal,932,932,0.0,0.019795504827669293,-0.06896449554714254,0.9671601582022539,-1.2095061120360568,-0.9210746379817368,-0.9210746379817368,-0.06896449554714254,0.672962458715717,1.7295389871550264,2.4181065144646623,train_oof,0.20232788980713348
RFERF_RF_ROSE,RFERF,supervised,RF,ROSE,571,TP,58,58,0.0,-0.05760135737944432,0.37750370330049066,1.333094139021666,-3.74809892986009,-3.6232255514905654,-0.6605323870911071,0.37750370330049066,0.9170643191117448,1.3314243297649082,1.6107014862453277,train_oof,0.20232788980713348
RFERF_RF_ROSE,RFERF,supervised,RF,ROSE,571,FP,263,263,0.0,0.18682324820986476,0.4171345032488919,1.0650630992939172,-3.710227882863527,-1.7015135185797874,-0.250771730743881,0.4171345032488919,0.9261539521274325,1.4650964728936204,1.6246886135298682,train_oof,0.20232788980713348
RFERF_RF_ROSE,RFERF,supervised,RF,ROSE,571,TN,907,907,0.0,-0.04792118677202927,-0.045709609909955,0.94219847349343,-3.6870165959946655,-1.6069449766845672,-0.4521979983715322,-0.045709609909955,0.582929409455045,1.1903714046274587,2.0630488911976457,train_oof,0.20232788980713348
RFERF_RF_ROSE,RFERF,supervised,RF,ROSE,571,FN,25,25,0.0,-0.09316476595825954,0.3615059491928787,1.267189969671988,-3.6870165959946655,-3.2478782457407345,-0.2664058995308647,0.3615059491928787,0.5763848736837486,1.0763146895466031,1.3087911435558446,train_oof,0.20232788980713348
RFERF_RF_ROSE,RFERF,supervised,RF,ROSE,571,pred_anomaly,321,321,0.0,0.142659300782513,0.4062269436300656,1.1199025682686083,-3.74809892986009,-1.9621678349376637,-0.2591341931183133,0.4062269436300656,0.9265175374480608,1.4562613496023706,1.6320184935937192,train_oof,0.20232788980713348
RFERF_RF_ROSE,RFERF,supervised,RF,ROSE,571,pred_normal,932,932,0.0,-0.04913480209354832,-0.0366199768942653,0.9514977095492632,-3.6870165959946655,-1.6069449766845672,-0.4521979983715322,-0.0366199768942653,0.582929409455045,1.1902805082973018,2.0189641710715573,train_oof,0.20232788980713348
RFERF_RF_ROSE,RFERF,supervised,RF,ROSE,582,TP,58,58,0.0,0.3338649141434167,0.34835985431348837,1.1345956379974138,-2.4229691709189085,-1.5011945113887366,-0.21461326836372147,0.34835985431348837,1.1740537675734233,2.2879899196440965,2.4804516645166763,train_oof,0.20232788980713348
RFERF_RF_ROSE,RFERF,supervised,RF,ROSE,582,FP,263,263,0.0,0.15142629048724537,0.1381832218473487,1.0668691716541685,-2.0650683910622343,-1.5732550710914175,-0.5223719087606024,0.1381832218473487,0.9188392852930772,1.969722447623909,2.6230715222615757,train_oof,0.20232788980713348
RFERF_RF_ROSE,RFERF,supervised,RF,ROSE,582,TN,907,907,0.0,-0.06668946520055852,-0.0419681774093758,0.9611329053587704,-2.2920591541256985,-1.6242979675474916,-0.7025233080173101,-0.0419681774093758,0.58856171998911,1.4592934830632174,2.089823380461703,train_oof,0.20232788980713348
RFERF_RF_ROSE,RFERF,supervised,RF,ROSE,582,FN,25,25,0.0,0.07332871811491921,0.0180822890095212,1.062495954876175,-2.2626344255804365,-1.1829270393685498,-0.5223719087606024,0.0180822890095212,0.7687131192458345,1.3872329233605336,2.1366627442684503,train_oof,0.20232788980713348
RFERF_RF_ROSE,RFERF,supervised,RF,ROSE,582,pred_anomaly,321,321,0.0,0.18439027856219226,0.1682084550567972,1.079885911427316,-2.1617496419966753,-1.5732550710914175,-0.4923466755511537,0.1682084550567972,0.9488645185025256,2.059798147252254,2.600252345022395,train_oof,0.20232788980713348
RFERF_RF_ROSE,RFERF,supervised,RF,ROSE,582,pred_normal,932,932,0.0,-0.06293361264381286,-0.0419681774093758,0.963630798572768,-2.2938606681182656,-1.6167916592451252,-0.7025233080173101,-0.0419681774093758,0.58856171998911,1.4592934830632174,2.1312582022907383,train_oof,0.20232788980713348
RFERF_RF_ROSE,RFERF,supervised,RF,ROSE,586,TP,58,58,0.0,0.006554025719303033,-0.1276828954719891,0.9745817637208387,-1.9646235399492473,-1.3247921331942065,-0.5252088467458844,-0.1276828954719891,0.5932190887034687,1.6642734651927202,2.3474413797964795,train_oof,0.20232788980713348
RFERF_RF_ROSE,RFERF,supervised,RF,ROSE,586,FP,263,263,0.0,-0.12270033480774512,-0.1977133739347477,1.0133266723531758,-2.0929852875315746,-1.3841120678920729,-0.7785544011846881,-0.1977133739347477,0.4202026125013589,1.6618018012469753,2.6563993730145334,train_oof,0.20232788980713348
RFERF_RF_ROSE,RFERF,supervised,RF,ROSE,586,TN,907,907,0.0,0.02631693806045523,-0.0411746573709341,1.0009478569375099,-1.9021728309201047,-1.3593954284346286,-0.6384934442591748,-0.0411746573709341,0.4861136510545435,1.6642734651927202,2.7565841516153706,train_oof,0.20232788980713348
RFERF_RF_ROSE,RFERF,supervised,RF,ROSE,586,FN,25,25,0.0,0.3068356261898808,0.2389472564801009,0.7716642332112024,-0.783992061865326,-0.673920627481509,-0.1977133739347477,0.2389472564801009,0.609696848341765,1.4583014697140164,2.4275232916385976,train_oof,0.20232788980713348
RFERF_RF_ROSE,RFERF,supervised,RF,ROSE,586,pred_anomaly,321,321,0.0,-0.09934596436983607,-0.1812356142964517,1.0061727635442541,-2.0679390928813643,-1.3841120678920729,-0.7744349612751141,-0.1812356142964517,0.4943525308736916,1.6642734651927202,2.6875423387309145,train_oof,0.20232788980713348
RFERF_RF_ROSE,RFERF,supervised,RF,ROSE,586,pred_normal,932,932,0.0,0.03384158098238189,-0.01645801791349,0.9961925397910469,-1.8980533910105306,-1.345801276733034,-0.6343740043496049,-0.01645801791349,0.4943525308736916,1.6642734651927202,2.7421661119318617,train_oof,0.20232788980713348
