artifact_key,feature_set,category,model,balance_method,feature,group,n,non_null_n,missing_rate,mean,median,std,p01,p05,p25,p50,p75,p95,p99,group_source,threshold
RFERF_LR_class_weight,RFERF,supervised,LR,class_weight,0,TP,48,48,0.0,-0.22990530121340105,-0.3399920611207359,0.993940520117663,-1.8083667528225795,-1.6057036762493018,-0.9777061341218639,-0.3399920611207359,0.3728983307623277,1.8539752510802257,2.2785315933515156,train_oof,0.3472293893676648
RFERF_LR_class_weight,RFERF,supervised,LR,class_weight,0,FP,181,181,0.0,-0.061824856847232205,-0.0646458634226751,0.9910980540256641,-2.1977981029231453,-1.5936647877217385,-0.7249161688091545,-0.0646458634226751,0.4630898930960481,1.8691840243365003,2.5530249252215103,train_oof,0.3472293893676648
RFERF_LR_class_weight,RFERF,supervised,LR,class_weight,0,TN,989,989,0.0,0.020219802876309326,-0.0258064336940608,0.9829119419662509,-2.271777206393855,-1.4673498863637926,-0.5787677992117805,-0.0258064336940608,0.6022978834979247,1.5108736014861814,2.8250984671912374,train_oof,0.3472293893676648
RFERF_LR_class_weight,RFERF,supervised,LR,class_weight,0,FN,35,35,0.0,0.03293510538690283,-0.348133659792372,1.4025423661837464,-2.0628290825837428,-1.5928773216207135,-0.9026966512782806,-0.348133659792372,0.6694994397465797,2.8802371105228,3.265195920107196,train_oof,0.3472293893676648
RFERF_LR_class_weight,RFERF,supervised,LR,class_weight,0,pred_anomaly,229,229,0.0,-0.09705569234756453,-0.1405896280810354,0.9918826470776834,-2.1700312473879513,-1.6020733240547391,-0.7704290400718953,-0.1405896280810354,0.4442707879698133,1.9924291425887466,2.535588557181146,train_oof,0.3472293893676648
RFERF_LR_class_weight,RFERF,supervised,LR,class_weight,0,pred_normal,1024,1024,0.0,0.020654407942589388,-0.03775189404014695,0.9992226760867605,-2.2405922141048817,-1.4723950081635926,-0.5888113287206416,-0.03775189404014695,0.6041664471274799,1.6158668571425918,2.9205286811292406,train_oof,0.3472293893676648
RFERF_LR_class_weight,RFERF,supervised,LR,class_weight,2,TP,48,48,0.0,0.019499122373047018,-0.04537665631282049,1.066173866316665,-1.7119115267902851,-1.2685428194941275,-0.9424083213845704,-0.04537665631282049,0.7949704939794463,1.4703259986378985,2.6023929525705607,train_oof,0.3472293893676648
RFERF_LR_class_weight,RFERF,supervised,LR,class_weight,2,FP,181,181,0.0,0.022905592080295186,-0.1095710732053563,0.9676567550328348,-1.862942238211374,-1.2954784589568804,-0.6689240568181579,-0.1095710732053563,0.6517544392189674,1.6856224165408085,2.336499069644044,train_oof,0.3472293893676648
RFERF_LR_class_weight,RFERF,supervised,LR,class_weight,2,TN,989,989,0.0,-0.0021399979208966816,0.0634936960833912,1.0014331514550026,-2.5553411916221265,-1.5259769594433232,-0.610361855344569,0.0634936960833912,0.5875600223264316,1.5114339070910894,2.241971777173737,train_oof,0.3472293893676648
RFERF_LR_class_weight,RFERF,supervised,LR,class_weight,2,FN,35,35,0.0,-0.06925128395233486,-0.1482363840957742,1.0128708363227132,-1.4404226949931782,-1.2426596306030597,-0.7548938956513334,-0.1482363840957742,0.27953831680845453,1.6037836573673359,3.184528264446238,train_oof,0.3472293893676648
RFERF_LR_class_weight,RFERF,supervised,LR,class_weight,2,pred_anomaly,229,229,0.0,0.022191572228994254,-0.1095710732053563,0.9866906476001575,-1.996269852566799,-1.2954784589568804,-0.7229825131487088,-0.1095710732053563,0.7253313769383629,1.6706063288335875,2.6477565792118383,train_oof,0.3472293893676648
RFERF_LR_class_weight,RFERF,supervised,LR,class_weight,2,pred_normal,1024,1024,0.0,-0.004433840705174351,0.0469720803673646,1.0014003075345368,-2.5553411916221265,-1.515090937799756,-0.6278185134224321,0.0469720803673646,0.5856814909689401,1.5147188029765501,2.241971777173737,train_oof,0.3472293893676648
RFERF_LR_class_weight,RFERF,supervised,LR,class_weight,8,TP,48,48,0.0,0.04106437850847126,0.00926005995486515,0.8620588307223866,-1.4941568873932478,-1.3353599284989357,-0.68191240678422,0.00926005995486515,0.6774047326036695,1.4093499406437757,1.6370677326741683,train_oof,0.3472293893676648
RFERF_LR_class_weight,RFERF,supervised,LR,class_weight,8,FP,181,181,0.0,-0.001733709794443413,-0.0706599312996313,0.9296874813333853,-1.9256164740776827,-1.5403750247085608,-0.6937649478600995,-0.0706599312996313,0.8111691247457252,1.397700585986341,1.8474198588082422,train_oof,0.3472293893676648
RFERF_LR_class_weight,RFERF,supervised,LR,class_weight,8,TN,989,989,0.0,-0.0036949800160249496,-0.0015765490287954,1.029721134844245,-2.351224291910942,-1.638446336010685,-0.7344022315488272,-0.0015765490287954,0.7502131992126366,1.7095240094911641,2.103434746047219,train_oof,0.3472293893676648
RFERF_LR_class_weight,RFERF,supervised,LR,class_weight,8,FN,35,35,0.0,0.022612310309731327,0.0810525944716143,0.6309206952770136,-1.4122592149992355,-0.9163218048620219,-0.35986193355106544,0.0810525944716143,0.4657522133915548,0.9345710095471582,1.2968659393933828,train_oof,0.3472293893676648
RFERF_LR_class_weight,RFERF,supervised,LR,class_weight,8,pred_anomaly,229,229,0.0,0.007237068539791969,-0.0449229849634379,0.9142505154752032,-1.8764182692918654,-1.5067815368592121,-0.6937649478600995,-0.0449229849634379,0.7285399812453155,1.41558099080938,1.8364748837347464,train_oof,0.3472293893676648
RFERF_LR_class_weight,RFERF,supervised,LR,class_weight,8,pred_normal,1024,1024,0.0,-0.0027958050537188212,0.00045531515564064997,1.0184798699878188,-2.3448036010881226,-1.612912576092935,-0.721533758380729,0.00045531515564064997,0.7390379461982383,1.702073840814899,2.097813255136945,train_oof,0.3472293893676648
RFERF_LR_class_weight,RFERF,supervised,LR,class_weight,9,TP,48,48,0.0,-0.05521449349110454,-0.0224353674247414,0.8480786297513595,-2.0539699099847324,-1.198847901914004,-0.6752633403430593,-0.0224353674247414,0.47007788809338025,1.147696796692142,1.5795218416645431,train_oof,0.3472293893676648
RFERF_LR_class_weight,RFERF,supervised,LR,class_weight,9,FP,181,181,0.0,-0.03472582761843408,-0.0389626578783697,0.9938994114868557,-1.9746389158073163,-1.5528624634307222,-0.7132761083864044,-0.0389626578783697,0.5295761337264437,1.6600428007546195,2.668868610044087,train_oof,0.3472293893676648
RFERF_LR_class_weight,RFERF,supervised,LR,class_weight,9,TN,989,989,0.0,0.011445173817752972,-0.0323517416969184,1.0138542894917448,-2.3170843740064946,-1.6388043737895892,-0.6537778627533425,-0.0323517416969184,0.615518044085311,1.747306894349773,2.747141857632469,train_oof,0.3472293893676648
RFERF_LR_class_weight,RFERF,supervised,LR,class_weight,9,FN,35,35,0.0,-0.075228255216617,-0.1513482329630422,0.8262919883033759,-1.883011617532401,-1.5198078825234653,-0.4885049582170596,-0.1513482329630422,0.34116502255508113,1.4048614361505987,1.4724249995250311,train_oof,0.3472293893676648
RFERF_LR_class_weight,RFERF,supervised,LR,class_weight,9,pred_anomaly,229,229,0.0,-0.039020395137596454,-0.0323517416969184,0.9634335742076559,-2.074331531823602,-1.5528624634307222,-0.7000542760235017,-0.0323517416969184,0.4965215528191872,1.5344353933070447,2.587686559335869,train_oof,0.3472293893676648
RFERF_LR_class_weight,RFERF,supervised,LR,class_weight,9,pred_normal,1024,1024,0.0,0.008482703098804778,-0.03565719978764405,1.0078060161584583,-2.3085562921324225,-1.6388043737895892,-0.6405560303904398,-0.03565719978764405,0.6105598569492225,1.7079719430701386,2.704170902453033,train_oof,0.3472293893676648
RFERF_LR_class_weight,RFERF,supervised,LR,class_weight,14,TP,48,48,0.0,-0.40123524433118973,-0.5335364509474355,1.0260245539428663,-2.148416359540875,-1.6769309583617331,-1.2778960120233664,-0.5335364509474355,0.3048998161776378,1.3773145970367724,1.7389550019858504,train_oof,0.3472293893676648
RFERF_LR_class_weight,RFERF,supervised,LR,class_weight,14,FP,181,181,0.0,-0.13476752863920088,-0.3052065174497282,1.1947048983598858,-2.1818442378947887,-1.96629412677562,-0.9917874673052028,-0.3052065174497282,0.6687215422525595,1.6435175016070405,3.105357048280776,train_oof,0.3472293893676648
RFERF_LR_class_weight,RFERF,supervised,LR,class_weight,14,TN,989,989,0.0,0.05078935804212014,0.0071650323686424,0.9531139488011416,-2.096850824955553,-1.5497601536999164,-0.5872739044123694,0.0071650323686424,0.691612395579143,1.5891363559000635,2.346357104946926,train_oof,0.3472293893676648
RFERF_LR_class_weight,RFERF,supervised,LR,class_weight,14,FN,35,35,0.0,-0.16197104520790473,-0.143415557286798,0.9698548951615017,-1.7546430548439265,-1.5357978180452658,-0.9451378609998431,-0.143415557286798,0.44728056224413254,1.3123667730643478,1.8157225343465726,train_oof,0.3472293893676648
RFERF_LR_class_weight,RFERF,supervised,LR,class_weight,14,pred_anomaly,229,229,0.0,-0.19062102363140812,-0.3146087636818162,1.1643263879533456,-2.1839691455432404,-1.930731938527022,-1.044331558748372,-0.3146087636818162,0.5804127526419484,1.614124633386113,2.923419244191618,train_oof,0.3472293893676648
RFERF_LR_class_weight,RFERF,supervised,LR,class_weight,14,pred_normal,1024,1024,0.0,0.0435172739466603,0.005971670346877249,0.9539936670334143,-2.085519671746467,-1.5509896782071892,-0.6011874207115842,0.005971670346877249,0.6895511339051854,1.5892900464634725,2.339019375012491,train_oof,0.3472293893676648
RFERF_LR_class_weight,RFERF,supervised,LR,class_weight,15,TP,48,48,0.0,-0.02852817375748437,-0.06376922944920099,0.4163559884724096,-0.8558410979291169,-0.6536327137765949,-0.3384363496019654,-0.06376922944920099,0.2566329259811341,0.6562850934400554,0.894129426920869,train_oof,0.3472293893676648
RFERF_LR_class_weight,RFERF,supervised,LR,class_weight,15,FP,181,181,0.0,0.03643127295764832,-0.0587801464926757,1.7364254962525807,-1.1968405518945264,-0.8144531672387393,-0.4209652061178848,-0.0587801464926757,0.2839703850734958,0.7351229869832262,1.0878708527640863,train_oof,0.3472293893676648
RFERF_LR_class_weight,RFERF,supervised,LR,class_weight,15,TN,989,989,0.0,-0.005057057001762015,-0.068124693545721,0.8380338732256349,-0.9207064709676386,-0.7465302903516277,-0.3723682369138156,-0.068124693545721,0.3213751959268529,0.7355084828274664,1.0258511738409604,train_oof,0.3472293893676648
RFERF_LR_class_weight,RFERF,supervised,LR,class_weight,15,FN,35,35,0.0,-0.005666912439376782,-0.0144694225180645,0.3826898962928219,-0.8265195066351309,-0.6243909371608569,-0.23021930661458334,-0.0144694225180645,0.34898287482716284,0.4897692583509652,0.6741844002729954,train_oof,0.3472293893676648
RFERF_LR_class_weight,RFERF,supervised,LR,class_weight,15,pred_anomaly,229,229,0.0,0.022815319061026657,-0.0587801464926757,1.5546180229928523,-1.174283933459405,-0.8143786238434436,-0.4133511307413309,-0.0587801464926757,0.2581623967167391,0.7242077041007517,0.928919841165386,train_oof,0.3472293893676648
RFERF_LR_class_weight,RFERF,supervised,LR,class_weight,15,pred_normal,1024,1024,0.0,-0.005077901670039872,-0.06400084642743831,0.8265230196174157,-0.9272677273762179,-0.7428891117178817,-0.3693119577067204,-0.06400084642743831,0.3221911798789218,0.7297894070498733,1.0150978098621226,train_oof,0.3472293893676648
RFERF_LR_class_weight,RFERF,supervised,LR,class_weight,16,TP,48,48,0.0,0.2463051892475976,0.15128538385917828,0.8847741536125039,-1.2605103381765543,-1.0550911483573826,-0.42448953758190827,0.15128538385917828,0.9245500070201066,1.735797635644283,2.137215512327013,train_oof,0.3472293893676648
RFERF_LR_class_weight,RFERF,supervised,LR,class_weight,16,FP,181,181,0.0,0.06645189389367726,0.1435113759186551,1.3426291096873018,-3.7507084683802434,-1.1714919672514534,-0.4042571835828553,0.1435113759186551,0.7237713019408141,1.6594429243207574,2.2884997001849667,train_oof,0.3472293893676648
RFERF_LR_class_weight,RFERF,supervised,LR,class_weight,16,TN,989,989,0.0,-0.02998958017403326,-0.0281147993836736,0.9186829400222571,-2.498263962442289,-1.6102649487560812,-0.5934247101355944,-0.0281147993836736,0.5025110759412951,1.4879762158479757,1.8823057919572426,train_oof,0.3472293893676648
RFERF_LR_class_weight,RFERF,supervised,LR,class_weight,16,FN,35,35,0.0,0.15957765899573698,0.2348061358355729,1.20575661858152,-1.9362749484157311,-1.6431749157042983,-0.18628596094278793,0.2348061358355729,0.5992875081239681,1.7076617069056963,3.694211762673392,train_oof,0.3472293893676648
RFERF_LR_class_weight,RFERF,supervised,LR,class_weight,16,pred_anomaly,229,229,0.0,0.10415040121676973,0.1449067106772109,1.2609129460059147,-2.3824432041407038,-1.15514661722266,-0.4050545177305995,0.1449067106772109,0.7781893575244799,1.7088377747736212,2.3155054077691286,train_oof,0.3472293893676648
RFERF_LR_class_weight,RFERF,supervised,LR,class_weight,16,pred_normal,1024,1024,0.0,-0.023510231178972742,-0.02044045821161845,0.9298441792607915,-2.492756376816734,-1.619085457765522,-0.5914812081504627,-0.02044045821161845,0.5094877497340741,1.4970957251628223,1.8909867674908274,train_oof,0.3472293893676648
RFERF_LR_class_weight,RFERF,supervised,LR,class_weight,19,TP,48,48,0.0,0.12649359047608538,0.028531956773812303,0.31504142035508165,-0.4508948400828642,-0.2031343351434942,-0.1133367182492637,0.028531956773812303,0.32277809756240594,0.6256939907135193,0.8202589969146123,train_oof,0.3472293893676648
RFERF_LR_class_weight,RFERF,supervised,LR,class_weight,19,FP,181,181,0.0,0.12296857189126618,0.0766096744205156,0.3835135269027364,-0.7193261364126309,-0.4272868416799469,-0.1120231194064582,0.0766096744205156,0.4008058688250939,0.7276292609152879,0.9611345912125219,train_oof,0.3472293893676648
RFERF_LR_class_weight,RFERF,supervised,LR,class_weight,19,TN,989,989,0.0,-0.032484390935915944,0.0661008836780716,1.1055946723523566,-1.8825021485314393,-0.6800232590358741,-0.1545837219133742,0.0661008836780716,0.3030741149203141,0.6225413534907916,0.8500566730648234,train_oof,0.3472293893676648
RFERF_LR_class_weight,RFERF,supervised,LR,class_weight,19,FN,35,35,0.0,0.11111578730085624,0.0668802177194821,0.3106167368862762,-0.45322253723231715,-0.2812146503598985,-0.10387880658105986,0.0668802177194821,0.35193999187270864,0.6786057521017597,0.7115403022885969,train_oof,0.3472293893676648
RFERF_LR_class_weight,RFERF,supervised,LR,class_weight,19,pred_anomaly,229,229,0.0,0.1237074404155951,0.0629482464553346,0.36956675389671795,-0.7026171591321354,-0.4201408639750846,-0.1120231194064582,0.0629482464553346,0.3629742221522786,0.7160695910985937,0.9088848836410635,train_oof,0.3472293893676648
RFERF_LR_class_weight,RFERF,supervised,LR,class_weight,19,pred_normal,1024,1024,0.0,-0.02757618171883877,0.0661008836780716,1.0883049251000483,-1.878025403675156,-0.6800232590358741,-0.1498547660792758,0.0661008836780716,0.30333683468887473,0.6225413534907916,0.8488481621294421,train_oof,0.3472293893676648
RFERF_LR_class_weight,RFERF,supervised,LR,class_weight,21,TP,48,48,0.0,0.5878388972122076,0.24491428771095286,1.8511169784437045,-1.9389125119631794,-1.2577103275416952,-0.03128607107492143,0.24491428771095286,0.5968454124902408,5.843883088829729,6.662516891975618,train_oof,0.3472293893676648
RFERF_LR_class_weight,RFERF,supervised,LR,class_weight,21,FP,181,181,0.0,0.24311101857940504,0.2060628270320401,1.187660358763094,-1.5056891430628365,-1.270687109839525,-0.0668834754025546,0.2060628270320401,0.4742759565920466,1.6788684531747815,5.143629883588011,train_oof,0.3472293893676648
RFERF_LR_class_weight,RFERF,supervised,LR,class_weight,21,TN,989,989,0.0,-0.07910964220769291,0.1350652339132149,0.8802549817745505,-1.5863739633316525,-1.3628262084648448,-0.8675785533537504,0.1350652339132149,0.3926287245053976,0.7944751015579476,1.613582221991293,train_oof,0.3472293893676648
RFERF_LR_class_weight,RFERF,supervised,LR,class_weight,21,FN,35,35,0.0,0.17511689199961253,0.2545778489965707,1.042701466674355,-1.2313781091160687,-1.184385591092864,-0.16233579504008636,0.2545778489965707,0.4719093701547525,1.000131462958812,3.4851103310893445,train_oof,0.3472293893676648
RFERF_LR_class_weight,RFERF,supervised,LR,class_weight,21,pred_anomaly,229,229,0.0,0.3153683905199051,0.2147403106354521,1.3563642009789372,-1.5300965378527973,-1.2756569413578427,-0.0668834754025546,0.2147403106354521,0.4774314051751055,2.0620976835872824,6.588288908369886,train_oof,0.3472293893676648
RFERF_LR_class_weight,RFERF,supervised,LR,class_weight,21,pred_normal,1024,1024,0.0,-0.07042025871427915,0.1443343641259504,0.8869098631940461,-1.5855062149713113,-1.3607751668858565,-0.8122595953819991,0.1443343641259504,0.3943050565651476,0.8185551185574146,1.6210172477151252,train_oof,0.3472293893676648
RFERF_LR_class_weight,RFERF,supervised,LR,class_weight,24,TP,48,48,0.0,-0.04001230209100562,0.12953199835174825,0.775296707753197,-2.244125429361431,-1.8117029272779055,-0.4016447110744368,0.12953199835174825,0.563520068305526,0.7610848302500014,1.3160326721840572,train_oof,0.3472293893676648
RFERF_LR_class_weight,RFERF,supervised,LR,class_weight,24,FP,181,181,0.0,-0.1337724929578969,0.0471816418087949,0.9915564697256847,-2.802867812715244,-1.9655828221147649,-0.4980724129607184,0.0471816418087949,0.4018631055641227,1.2768849525885828,1.982178291194176,train_oof,0.3472293893676648
RFERF_LR_class_weight,RFERF,supervised,LR,class_weight,24,TN,989,989,0.0,0.030600452103597627,0.0870040421493812,1.0192159903256128,-2.6156072617287056,-1.8124652700621071,-0.3977977488334672,0.0870040421493812,0.5878700710615533,1.6181119237794122,3.2079033120514704,train_oof,0.3472293893676648
RFERF_LR_class_weight,RFERF,supervised,LR,class_weight,24,FN,35,35,0.0,-0.10980179494927553,0.00752833870957,0.682962564734918,-1.578249797094363,-1.4273716640660048,-0.5317509525017522,0.00752833870957,0.3676209141884593,0.6488803557447105,1.0654767744244764,train_oof,0.3472293893676648
RFERF_LR_class_weight,RFERF,supervised,LR,class_weight,24,pred_anomaly,229,229,0.0,-0.11411970185915986,0.0785491800813162,0.9495097435935113,-2.5568110348655884,-1.9574661545294225,-0.4820927236520755,0.0785491800813162,0.4140381069421364,1.0797175826890855,1.867773862931559,train_oof,0.3472293893676648
RFERF_LR_class_weight,RFERF,supervised,LR,class_weight,24,pred_normal,1024,1024,0.0,0.02580154717503263,0.08590491008053275,1.00966050884279,-2.6040548226204616,-1.7938589290464473,-0.4103532190045438,0.08590491008053275,0.5864327445099822,1.6061398390910324,3.197629809152564,train_oof,0.3472293893676648
RFERF_LR_class_weight,RFERF,supervised,LR,class_weight,25,TP,48,48,0.0,-0.28006832712000035,0.4208064542705965,1.695290519513644,-5.487722012114277,-5.024813668226904,0.02082229205585087,0.4208064542705965,0.5777678839545892,0.7501865717095219,0.8703878312902619,train_oof,0.3472293893676648
RFERF_LR_class_weight,RFERF,supervised,LR,class_weight,25,FP,181,181,0.0,-0.058252092452347026,0.4595901199758624,1.2248243750053651,-4.537994351309067,-2.931451259732386,0.2499334923227591,0.4595901199758624,0.5607649000765562,0.7052200027758803,0.8448411993148371,train_oof,0.3472293893676648
RFERF_LR_class_weight,RFERF,supervised,LR,class_weight,25,TN,989,989,0.0,0.025055180951887468,0.4399172460673939,0.8970910565384591,-3.163253922585308,-1.3161396872136446,-0.6606395285834844,0.4399172460673939,0.5618890642998972,0.7125270702275959,0.8474042937440545,train_oof,0.3472293893676648
RFERF_LR_class_weight,RFERF,supervised,LR,class_weight,25,FN,35,35,0.0,-0.04135351743380996,0.449472641965793,1.1774859599839467,-3.9034036472330493,-2.1234582242060127,0.26679595567287406,0.449472641965793,0.5824050613758713,0.7387763048426098,0.917720765914036,train_oof,0.3472293893676648
RFERF_LR_class_weight,RFERF,supervised,LR,class_weight,25,pred_anomaly,229,229,0.0,-0.1047463250464403,0.4539692988591579,1.3360392616146772,-5.467206015038303,-3.0973778990975234,0.2459989175410646,0.4539692988591579,0.5635753106349085,0.7501865717095219,0.8557231089967783,train_oof,0.3472293893676648
RFERF_LR_class_weight,RFERF,supervised,LR,class_weight,25,pred_normal,1024,1024,0.0,0.022785352393782578,0.4404793281790643,0.9074494898757985,-3.2253639959249005,-1.3192311388278328,-0.6593748438322259,0.4404793281790643,0.5618890642998972,0.713651234450937,0.8503271207247416,train_oof,0.3472293893676648
RFERF_LR_class_weight,RFERF,supervised,LR,class_weight,28,TP,48,48,0.0,-0.5956490145889627,-0.42708595146367173,0.8422887186758711,-2.530503023545297,-1.9965249533309333,-1.073602357128392,-0.42708595146367173,0.0025680328321314007,0.46040051382845704,0.7257269783053789,train_oof,0.3472293893676648
RFERF_LR_class_weight,RFERF,supervised,LR,class_weight,28,FP,181,181,0.0,-0.3787363248294717,-0.3979563740609511,1.0012978268033748,-2.4927050664990738,-1.9677201707162504,-0.970847772840287,-0.3979563740609511,0.2752572892933665,1.4080774249078314,1.7025949301957943,train_oof,0.3472293893676648
RFERF_LR_class_weight,RFERF,supervised,LR,class_weight,28,TN,989,989,0.0,0.10420081176438765,-0.0160384847338562,0.9790159673424588,-2.295272947145094,-1.5508409625904123,-0.5500710272579663,-0.0160384847338562,0.8675489866229179,1.7110133780651806,2.156522300045512,train_oof,0.3472293893676648
RFERF_LR_class_weight,RFERF,supervised,LR,class_weight,28,FN,35,35,0.0,-0.18313905709411418,-0.3882562247858414,1.036963830420135,-2.177962313028851,-1.740826979368707,-0.9320034813737589,-0.3882562247858414,0.4597494677735061,1.5721701603328473,1.8198898343402412,train_oof,0.3472293893676648
RFERF_LR_class_weight,RFERF,supervised,LR,class_weight,28,pred_anomaly,229,229,0.0,-0.42420274015023834,-0.401189757152653,0.9724195500445733,-2.5028083691254333,-1.9716002304262938,-0.9999773502430118,-0.401189757152653,0.2040646021211136,1.3368730859046167,1.670097973645318,train_oof,0.3472293893676648
RFERF_LR_class_weight,RFERF,supervised,LR,class_weight,28,pred_normal,1024,1024,0.0,0.0943796248405131,-0.020888559371411097,0.9819094694851473,-2.2916375758852343,-1.5764211009866131,-0.5549283842898701,-0.020888559371411097,0.8578488373478123,1.7076183258188933,2.149046485300877,train_oof,0.3472293893676648
RFERF_LR_class_weight,RFERF,supervised,LR,class_weight,31,TP,48,48,0.0,-0.1607001681801074,-0.43606609448512357,0.7572775448251039,-0.7041784769364747,-0.661870309118276,-0.5139424501849666,-0.43606609448512357,-0.3169255049108722,1.779139404099435,1.8043203561981276,train_oof,0.3472293893676648
RFERF_LR_class_weight,RFERF,supervised,LR,class_weight,31,FP,181,181,0.0,-0.1570771357487326,-0.479795947745489,0.8580345551975775,-0.856319288541336,-0.7641330361788456,-0.5955404955239894,-0.479795947745489,-0.3223684760081733,1.8728701576621851,1.9105336568106874,train_oof,0.3472293893676648
RFERF_LR_class_weight,RFERF,supervised,LR,class_weight,31,TN,989,989,0.0,0.0444529580192801,-0.4528136978614336,1.032932590409175,-0.8677820926300103,-0.748799674865424,-0.5769320473280887,-0.4528136978614336,-0.1731287214770528,1.8741727490358977,1.9460906796234134,train_oof,0.3472293893676648
RFERF_LR_class_weight,RFERF,supervised,LR,class_weight,31,FN,35,35,0.0,-0.21071247013328667,-0.4732829908769242,0.929329483160163,-2.0798284791114194,-0.7785918004270607,-0.5666974008203438,-0.4732829908769242,-0.2759403977594016,1.806307738465449,1.882494447069104,train_oof,0.3472293893676648
RFERF_LR_class_weight,RFERF,supervised,LR,class_weight,31,pred_anomaly,229,229,0.0,-0.15783654866011249,-0.4688169633099086,0.8363290394263889,-0.8426085839105967,-0.7481297707303716,-0.5786068076657199,-0.4688169633099086,-0.3206937156705421,1.8578345315198976,1.906655656206662,train_oof,0.3472293893676648
RFERF_LR_class_weight,RFERF,supervised,LR,class_weight,31,pred_normal,1024,1024,0.0,0.03573148342422166,-0.4528136978614336,1.0301949110378523,-0.8798775839573457,-0.750297654945194,-0.5769320473280887,-0.4528136978614336,-0.19504016922772538,1.8735028449008453,1.9442875209932304,train_oof,0.3472293893676648
RFERF_LR_class_weight,RFERF,supervised,LR,class_weight,33,TP,48,48,0.0,0.4009740328340325,-0.06613256984260454,1.984308813438668,-0.30031607543541927,-0.27392967888328396,-0.225481191199066,-0.06613256984260454,0.17289036219208684,0.9046536632345179,9.728758101984218,train_oof,0.3472293893676648
RFERF_LR_class_weight,RFERF,supervised,LR,class_weight,33,FP,181,181,0.0,0.2102081052241431,-0.0683015004608122,1.4384146602963361,-0.5104922302479457,-0.4468476724199079,-0.1705123558438591,-0.0683015004608122,0.1265633597688024,0.5166997547189459,9.627360595582996,train_oof,0.3472293893676648
RFERF_LR_class_weight,RFERF,supervised,LR,class_weight,33,TN,989,989,0.0,-0.06555641338067096,-0.1546520506982136,0.7664692887052996,-0.5931555984343937,-0.4805609877166767,-0.2834323061543078,-0.1546520506982136,0.0042221170855135,0.47589674746391,1.3364199702378898,train_oof,0.3472293893676648
RFERF_LR_class_weight,RFERF,supervised,LR,class_weight,33,FN,35,35,0.0,0.21501312499739803,-0.130319360325194,1.6494447339686111,-0.4277149932040415,-0.3070397603518638,-0.21670380010350535,-0.130319360325194,0.10233233801851101,0.45359742954546034,6.511714807415154,train_oof,0.3472293893676648
RFERF_LR_class_weight,RFERF,supervised,LR,class_weight,33,pred_anomaly,229,229,0.0,0.25019397651355224,-0.0683015004608122,1.5656242781502812,-0.5052027507027912,-0.4287506575742359,-0.1951839416259741,-0.0683015004608122,0.1416780950144383,0.6446395495604826,9.728758101984218,train_oof,0.3472293893676648
RFERF_LR_class_weight,RFERF,supervised,LR,class_weight,33,pred_normal,1024,1024,0.0,-0.05596663423688931,-0.1546520506982136,0.812649974984555,-0.5931149309853022,-0.4801949806748535,-0.2804500265542717,-0.1546520506982136,0.0083566410764722,0.47589674746391,1.3364199702378898,train_oof,0.3472293893676648
RFERF_LR_class_weight,RFERF,supervised,LR,class_weight,35,TP,48,48,0.0,-0.012672443557912305,-0.1750404154125366,0.7764977663512931,-0.31542358313447943,-0.2952240434700681,-0.20723988203877253,-0.1750404154125366,-0.1321680411001982,0.0397317440483479,3.655530317096354,train_oof,0.3472293893676648
RFERF_LR_class_weight,RFERF,supervised,LR,class_weight,35,FP,181,181,0.0,-0.06997419006948641,-0.1569299099062283,0.5929862691184438,-0.29642056588974713,-0.2524709599125626,-0.2114421699930813,-0.1569299099062283,-0.1102619206674205,-0.0026110516099659,3.665868849181791,train_oof,0.3472293893676648
RFERF_LR_class_weight,RFERF,supervised,LR,class_weight,35,TN,989,989,0.0,0.01528819043373206,-0.1505315876016079,1.0762319663031135,-0.3208643260162251,-0.2856916276975852,-0.2058391193873363,-0.1505315876016079,-0.0859338364244147,0.0441292350560151,5.307707271519133,train_oof,0.3472293893676648
RFERF_LR_class_weight,RFERF,supervised,LR,class_weight,35,FN,35,35,0.0,-0.05736292602686738,-0.1567853150518869,0.6592622887612459,-0.29972455831145617,-0.2912006916480084,-0.2129965646772557,-0.1567853150518869,-0.13198729753227267,0.00937947668632751,2.469993491476716,train_oof,0.3472293893676648
RFERF_LR_class_weight,RFERF,supervised,LR,class_weight,35,pred_anomaly,229,229,0.0,-0.057963343639112784,-0.1576167354643541,0.6343841237966622,-0.30078299264523856,-0.2568594137418354,-0.2114421699930813,-0.1576167354643541,-0.1187568683599996,0.015000601648867195,3.655530317096354,train_oof,0.3472293893676648
RFERF_LR_class_weight,RFERF,supervised,LR,class_weight,35,pred_normal,1024,1024,0.0,0.012804997976582676,-0.15416453331694502,1.0645499255970925,-0.3208643260162251,-0.288888981414218,-0.2063452013775339,-0.15416453331694502,-0.08611457999234404,0.0441292350560151,5.222519936057937,train_oof,0.3472293893676648
RFERF_LR_class_weight,RFERF,supervised,LR,class_weight,37,TP,48,48,0.0,0.2180523155681485,0.2173077024311958,0.8730110081730906,-1.5912666437014875,-1.2508279075076052,-0.09542981509333835,0.2173077024311958,0.7216321676283723,1.4741663783944332,1.9810346030649588,train_oof,0.3472293893676648
RFERF_LR_class_weight,RFERF,supervised,LR,class_weight,37,FP,181,181,0.0,0.1354299841560998,0.1472738181978923,1.1579901288135188,-3.342506583275159,-1.4759023216642588,-0.4168611941088929,0.1472738181978923,0.669549497399706,1.604300605120353,2.9181684728238633,train_oof,0.3472293893676648
RFERF_LR_class_weight,RFERF,supervised,LR,class_weight,37,TN,989,989,0.0,-0.03461453980484759,0.0049520856410351,0.9744410390719681,-2.8445221970690326,-1.232796194785467,-0.6342077313846042,0.0049520856410351,0.3530285401522585,1.5131760568995622,2.895306837051162,train_oof,0.3472293893676648
RFERF_LR_class_weight,RFERF,supervised,LR,class_weight,37,FN,35,35,0.0,-0.005020555476700009,0.0616231827677481,0.9425488454504362,-1.5566135557879743,-1.234180772726613,-0.8320735790230265,0.0616231827677481,0.37589017592496843,1.5046753923305483,2.576634954071833,train_oof,0.3472293893676648
RFERF_LR_class_weight,RFERF,supervised,LR,class_weight,37,pred_anomaly,229,229,0.0,0.15274820209399645,0.1601536129994325,1.1031242693448284,-3.3416951562026616,-1.4759023216642588,-0.2977230921947715,0.1601536129994325,0.6763113896705021,1.567850785832036,2.7917146474624954,train_oof,0.3472293893676648
RFERF_LR_class_weight,RFERF,supervised,LR,class_weight,37,pred_normal,1024,1024,0.0,-0.03360302666863161,0.0049520856410351,0.9729358494916921,-2.840429642270855,-1.232796194785467,-0.6342077313846042,0.0049520856410351,0.3594684375530058,1.5131760568995622,3.0564652695052277,train_oof,0.3472293893676648
RFERF_LR_class_weight,RFERF,supervised,LR,class_weight,39,TP,48,48,0.0,0.05312934523069529,-0.20795947759875466,0.9168070029079981,-0.6071399703565447,-0.5085076776716368,-0.28722629384790704,-0.20795947759875466,0.05281841602145663,0.5068430632958718,4.230606433021566,train_oof,0.3472293893676648
RFERF_LR_class_weight,RFERF,supervised,LR,class_weight,39,FP,181,181,0.0,-0.07790220260711224,-0.1774123604665061,0.8132066578038439,-1.4387022900008892,-0.881338194979777,-0.3808808559519646,-0.1774123604665061,0.1134563225256283,0.5505646312967579,4.230606433021566,train_oof,0.3472293893676648
RFERF_LR_class_weight,RFERF,supervised,LR,class_weight,39,TN,989,989,0.0,0.01480310819136019,-0.1439125342968708,1.0376296305795867,-1.5225592266627026,-0.6798023817733391,-0.3615540331617886,-0.1439125342968708,0.1435202690881217,0.932269381402718,7.436496848960749,train_oof,0.3472293893676648
RFERF_LR_class_weight,RFERF,supervised,LR,class_weight,39,FN,35,35,0.0,-0.09096010760143938,-0.2372181398783278,0.907052128995269,-1.1963761435834068,-0.6798990158872908,-0.38592730412495446,-0.2372181398783278,0.0039913456668318,0.47670395686697387,3.253276921044204,train_oof,0.3472293893676648
RFERF_LR_class_weight,RFERF,supervised,LR,class_weight,39,pred_anomaly,229,229,0.0,-0.050437074676043435,-0.1774123604665061,0.835588466762425,-1.4327968719261142,-0.6799097530110658,-0.3562928425133528,-0.1774123604665061,0.0803859813068848,0.5505646312967579,4.230606433021566,train_oof,0.3472293893676648
RFERF_LR_class_weight,RFERF,supervised,LR,class_weight,39,pred_normal,1024,1024,0.0,0.011188154526567236,-0.1477778988549045,1.033224485150105,-1.515916168184769,-0.6798023817733391,-0.36166140439951155,-0.1477778988549045,0.14013807509984322,0.932269381402718,6.801405641239391,train_oof,0.3472293893676648
RFERF_LR_class_weight,RFERF,supervised,LR,class_weight,41,TP,48,48,0.0,0.08207883855555324,0.1055943851515539,0.47438090803463157,-0.676828675967312,-0.6350032161039595,-0.2981302206295833,0.1055943851515539,0.307968307508756,0.9315073747985528,0.9512445168891206,train_oof,0.3472293893676648
RFERF_LR_class_weight,RFERF,supervised,LR,class_weight,41,FP,181,181,0.0,0.07209167831180874,-0.1133787465675309,1.244477711260109,-0.9703254361283626,-0.5586013757533754,-0.2507201500548903,-0.1133787465675309,0.1663065618587146,0.8948526823446417,1.1019562424378293,train_oof,0.3472293893676648
RFERF_LR_class_weight,RFERF,supervised,LR,class_weight,41,TN,989,989,0.0,-0.0167850507198221,-0.1233837494705835,0.9715816316995313,-1.2725038101721071,-0.5872520658848444,-0.2966522088370869,-0.1233837494705835,0.0544324384882164,0.8948526823446417,1.3064221199474908,train_oof,0.3472293893676648
RFERF_LR_class_weight,RFERF,supervised,LR,class_weight,41,FN,35,35,0.0,-0.01246724780652044,-0.1615846696458756,0.5369987211507145,-0.9509712127852665,-0.663108178804353,-0.33826392545660144,-0.1615846696458756,0.23270339930624595,0.9325078750888581,1.0209975780377665,train_oof,0.3472293893676648
RFERF_LR_class_weight,RFERF,supervised,LR,class_weight,41,pred_anomaly,229,229,0.0,0.07418505687818312,-0.1088310179752341,1.126535976789107,-0.9383367132101478,-0.6159027560163134,-0.2725492472979144,-0.1088310179752341,0.264082726593093,0.8948526823446417,1.0262638477476462,train_oof,0.3472293893676648
RFERF_LR_class_weight,RFERF,supervised,LR,class_weight,41,pred_normal,1024,1024,0.0,-0.01663746956555885,-0.1238385223298133,0.9598225775736029,-1.2725038101721071,-0.5934369767703678,-0.2966522088370869,-0.1238385223298133,0.055683063851097996,0.9064493902549968,1.3064221199474908,train_oof,0.3472293893676648
RFERF_LR_class_weight,RFERF,supervised,LR,class_weight,43,TP,48,48,0.0,0.028235074080674643,-0.12615505922106826,0.8577970693273118,-1.3832588049091759,-1.0509413073313647,-0.6343101984741073,-0.12615505922106826,0.7784429156209455,1.6420036192637466,1.759870147145498,train_oof,0.3472293893676648
RFERF_LR_class_weight,RFERF,supervised,LR,class_weight,43,FP,181,181,0.0,0.020820806515612262,-0.1173212830139266,0.9913484640408631,-1.5659673400346832,-1.2454081692874923,-0.7879809296188518,-0.1173212830139266,0.7936106460148229,1.590242031216901,2.404306258855774,train_oof,0.3472293893676648
RFERF_LR_class_weight,RFERF,supervised,LR,class_weight,43,TN,989,989,0.0,-0.000703273966236629,-0.3352157374480636,1.0061291255056994,-1.6718845578986676,-1.3020311475527957,-0.763577522371464,-0.3352157374480636,0.8780740858552323,1.7277370651466801,2.348559102479035,train_oof,0.3472293893676648
RFERF_LR_class_weight,RFERF,supervised,LR,class_weight,43,FN,35,35,0.0,-0.12717496823278918,-0.5765008095007336,1.0803961439894194,-1.6943832776027867,-1.548100444899812,-1.07076626241534,-0.5765008095007336,0.8367988894733777,1.5207019661773713,1.7187148779165242,train_oof,0.3472293893676648
RFERF_LR_class_weight,RFERF,supervised,LR,class_weight,43,pred_anomaly,229,229,0.0,0.022374888799992148,-0.1246197987519493,0.9631006865850101,-1.5382304080660782,-1.2366788872484071,-0.7724836406949518,-0.1246197987519493,0.7905401250765759,1.6324223078543705,2.3077459310802464,train_oof,0.3472293893676648
RFERF_LR_class_weight,RFERF,supervised,LR,class_weight,43,pred_normal,1024,1024,0.0,-0.005026036953862939,-0.3404082937991192,1.0084567436568448,-1.675060537566514,-1.3067856321993074,-0.7671222860724234,-0.3404082937991192,0.8760002785199801,1.7241657760030609,2.33785873890991,train_oof,0.3472293893676648
RFERF_LR_class_weight,RFERF,supervised,LR,class_weight,47,TP,48,48,0.0,-0.020222402638947378,0.22860637078495005,0.958814782326747,-1.6301091010384807,-1.3164351026557952,-1.1762275541324791,0.22860637078495005,0.8443951917305241,1.1827112512926863,1.3568870142137257,train_oof,0.3472293893676648
RFERF_LR_class_weight,RFERF,supervised,LR,class_weight,47,FP,181,181,0.0,0.1480390314352344,0.493679289016215,0.9529602513721501,-1.6852253530156058,-1.3920426208589252,-0.864523869809987,0.493679289016215,0.9255721310104644,1.289160752251367,1.6127125917891512,train_oof,0.3472293893676648
RFERF_LR_class_weight,RFERF,supervised,LR,class_weight,47,TN,989,989,0.0,-0.03363482584698486,0.3302745762908958,1.0096528644414045,-1.878137489106371,-1.6171312990953446,-1.03475900461064,0.3302745762908958,0.8420308148582919,1.2255852852424811,1.376821338332049,train_oof,0.3472293893676648
RFERF_LR_class_weight,RFERF,supervised,LR,class_weight,47,FN,35,35,0.0,0.2249960048308447,0.6061185447178805,0.9621250998001919,-1.7044976516097046,-1.42708794027622,-0.56477342411933,0.6061185447178805,0.9352923470407495,1.2973572587417688,1.4726679225614778,train_oof,0.3472293893676648
RFERF_LR_class_weight,RFERF,supervised,LR,class_weight,47,pred_anomaly,229,229,0.0,0.11277025922754562,0.4800184448655445,0.9545514631285482,-1.6988861971662754,-1.3899409525280528,-0.866100121058141,0.4800184448655445,0.9197925431005664,1.278232076930831,1.5571654978041976,train_oof,0.3472293893676648
RFERF_LR_class_weight,RFERF,supervised,LR,class_weight,47,pred_normal,1024,1024,0.0,-0.02479490487655122,0.337104998366231,1.008711094061297,-1.8751898992723226,-1.6141364217238516,-1.025826914204433,0.337104998366231,0.8475476942268322,1.2264784942831017,1.3792119860584158,train_oof,0.3472293893676648
RFERF_LR_class_weight,RFERF,supervised,LR,class_weight,48,TP,48,48,0.0,-0.1495878566790814,-0.3800504475443973,1.097444346151933,-2.0504358033957035,-1.5964350166913452,-0.9651922771772055,-0.3800504475443973,0.35644644567505257,1.991371061320761,2.2210306118127585,train_oof,0.3472293893676648
RFERF_LR_class_weight,RFERF,supervised,LR,class_weight,48,FP,181,181,0.0,0.07630897950052407,0.150408797792055,1.1387760534768827,-2.4481996769986343,-1.7662204848404877,-0.5692788582431079,0.150408797792055,0.7966625512894059,1.7751172924578194,2.4945526439453842,train_oof,0.3472293893676648
RFERF_LR_class_weight,RFERF,supervised,LR,class_weight,48,TN,989,989,0.0,-0.009984021216961615,-0.0202066195268127,0.9689396895139292,-2.3406922666274537,-1.6111682743524147,-0.6920006754740231,-0.0202066195268127,0.7089535230322153,1.5583345693240327,2.0794780225398686,train_oof,0.3472293893676648
RFERF_LR_class_weight,RFERF,supervised,LR,class_weight,48,FN,35,35,0.0,0.09720352301782327,0.1154181407961905,0.9679898301061003,-1.465607141249608,-1.3339099217175492,-0.6333509341463528,0.1154181407961905,0.6336052044095496,1.762015161564997,1.9645603833417666,train_oof,0.3472293893676648
RFERF_LR_class_weight,RFERF,supervised,LR,class_weight,48,pred_anomaly,229,229,0.0,0.02895942431877271,0.0711541850771904,1.1316189518993436,-2.3720169828106696,-1.7347488123242807,-0.7704806689638048,0.0711541850771904,0.7588390011275196,1.8549429102014576,2.445726844949988,train_oof,0.3472293893676648
RFERF_LR_class_weight,RFERF,supervised,LR,class_weight,48,pred_normal,1024,1024,0.0,-0.006320384451124235,-0.0143637773719094,0.968630416251,-2.3237044243818388,-1.5861967637335423,-0.6882327062434459,-0.0143637773719094,0.7081899697960607,1.603960748280282,2.0765152146638175,train_oof,0.3472293893676648
RFERF_LR_class_weight,RFERF,supervised,LR,class_weight,55,TP,48,48,0.0,0.025810206676120013,-0.33031223017780187,1.2688631979303702,-1.596130016327551,-1.4890223574994952,-0.9924323029330553,-0.33031223017780187,0.9355055559719472,2.065004503613262,3.1166069721068994,train_oof,0.3472293893676648
RFERF_LR_class_weight,RFERF,supervised,LR,class_weight,55,FP,181,181,0.0,0.0863908965334585,0.0786442853475016,1.111678098820292,-1.56497142466848,-1.4013888184583587,-0.8561134644246207,0.0786442853475016,0.8576090768242702,2.0260562640394237,2.4622765472664043,train_oof,0.3472293893676648
RFERF_LR_class_weight,RFERF,supervised,LR,class_weight,55,TN,989,989,0.0,-0.01583814901547037,-0.077148672947852,0.9570274762046628,-2.063508891213612,-1.4013888184583587,-0.700320506129267,-0.077148672947852,0.6628678789550781,1.7923668265963926,2.298693941056292,train_oof,0.3472293893676648
RFERF_LR_class_weight,RFERF,supervised,LR,class_weight,55,FN,35,35,0.0,-0.004816228025009279,0.0786442853475016,1.1612517920922187,-1.632741361526959,-1.3741250507566718,-1.0703287820807321,0.0786442853475016,0.740764358102755,2.076688975485413,2.2067760956620326,train_oof,0.3472293893676648
RFERF_LR_class_weight,RFERF,supervised,LR,class_weight,55,pred_anomaly,229,229,0.0,0.07369276066816487,0.0352958418468399,1.1437453113136882,-1.596130016327551,-1.4013888184583587,-0.8950617039984591,0.0352958418468399,0.8576090768242702,2.065004503613262,3.1166069721068994,train_oof,0.3472293893676648
RFERF_LR_class_weight,RFERF,supervised,LR,class_weight,55,pred_normal,1024,1024,0.0,-0.015461423200366734,-0.077148672947852,0.9640477918642586,-2.063508891213612,-1.4013888184583587,-0.7392687457031054,-0.077148672947852,0.6628678789550781,1.7923668265963926,2.298693941056292,train_oof,0.3472293893676648
RFERF_LR_class_weight,RFERF,supervised,LR,class_weight,56,TP,48,48,0.0,0.2170369109192333,0.506794437311762,0.7726343434522166,-2.144346659003753,-1.4858838975819162,-0.0983573346732995,0.506794437311762,0.7121137885209735,0.9231964899395764,1.1094967854578377,train_oof,0.3472293893676648
RFERF_LR_class_weight,RFERF,supervised,LR,class_weight,56,FP,181,181,0.0,0.16584928611312375,0.4491609352179367,0.739985733914269,-1.7639655451845735,-1.337477629690343,-0.213624338860934,0.4491609352179367,0.6220614414993966,1.0254959561560937,1.183988086914101,train_oof,0.3472293893676648
RFERF_LR_class_weight,RFERF,supervised,LR,class_weight,56,TN,989,989,0.0,-0.04863415656481364,0.2618520534130405,1.054451269171956,-3.397875329544249,-1.6256451401594216,-0.5882421024707424,0.2618520534130405,0.6220614414993966,1.054312707203014,1.183988086914101,train_oof,0.3472293893676648
RFERF_LR_class_weight,RFERF,supervised,LR,class_weight,56,FN,35,35,0.0,0.24332699916860137,0.4059358086475797,0.6382455133618811,-1.2717754373033947,-0.9282797648242492,-0.04792802034121636,0.4059358086475797,0.6076530659759443,1.1133870468491733,1.260064309677929,train_oof,0.3472293893676648
RFERF_LR_class_weight,RFERF,supervised,LR,class_weight,56,pred_anomaly,229,229,0.0,0.1765785699152777,0.463569310741405,0.7455155577631746,-2.144346659003753,-1.3807027562607,-0.1559908367671248,0.463569310741405,0.6652865680697535,0.9966792051091886,1.183988086914101,train_oof,0.3472293893676648
RFERF_LR_class_weight,RFERF,supervised,LR,class_weight,56,pred_normal,1024,1024,0.0,-0.03865501549970667,0.2762604289364928,1.044118046087882,-3.298457538432417,-1.6191613711738677,-0.5738337269472901,0.2762604289364928,0.6220614414993966,1.054312707203014,1.183988086914101,train_oof,0.3472293893676648
RFERF_LR_class_weight,RFERF,supervised,LR,class_weight,57,TP,48,48,0.0,-0.29302041233216597,-0.10786994987642734,1.13855838196201,-3.088252505072732,-1.7522307300253557,-1.102112991274615,-0.10786994987642735,0.44862656904824416,1.1822456687394445,2.2109824355259544,train_oof,0.3472293893676648
RFERF_LR_class_weight,RFERF,supervised,LR,class_weight,57,FP,181,181,0.0,0.0028136597493164405,0.037084147270272,0.9944049556446335,-1.895375920208989,-1.4659403496580627,-0.6786418036479738,0.037084147270272,0.705095034793947,1.8025414928686008,1.9600012020706221,train_oof,0.3472293893676648
RFERF_LR_class_weight,RFERF,supervised,LR,class_weight,57,TN,989,989,0.0,0.015409551583144181,0.037084147270272,0.9931025996493174,-2.5872443394299625,-1.5613704764471514,-0.5832116768588849,0.037084147270272,0.6573799713994025,1.6880253407216796,2.3035496585113706,train_oof,0.3472293893676648
RFERF_LR_class_weight,RFERF,supervised,LR,class_weight,57,FN,35,35,0.0,-0.041304885449352506,-0.1299185746106598,0.975306308314178,-1.9297307658530778,-1.2774658492495856,-0.6667130377993377,-0.1299185746106598,0.4784484836698477,1.9099003855063406,2.160404468327737,train_oof,0.3472293893676648
RFERF_LR_class_weight,RFERF,supervised,LR,class_weight,57,pred_anomaly,229,229,0.0,-0.059195228721911304,0.037084147270272,1.0307520645480694,-2.754247061310884,-1.556598970107697,-0.8217869938316334,0.037084147270272,0.6573799713994025,1.8025414928686008,2.1298668277552024,train_oof,0.3472293893676648
RFERF_LR_class_weight,RFERF,supervised,LR,class_weight,57,pred_normal,1024,1024,0.0,0.013471069848635026,0.037084147270272,0.9920840314490585,-2.5433464811069753,-1.5613704764471514,-0.5832116768588849,0.037084147270272,0.6573799713994025,1.7071113660795123,2.3035496585113706,train_oof,0.3472293893676648
RFERF_LR_class_weight,RFERF,supervised,LR,class_weight,58,TP,48,48,0.0,0.15106727527825672,0.12513613179067754,0.8936263038684735,-1.3586664310012928,-0.953261567772141,-0.6363841778776296,0.12513613179067754,0.8394669567390326,1.5494917412066913,1.956678007484022,train_oof,0.3472293893676648
RFERF_LR_class_weight,RFERF,supervised,LR,class_weight,58,FP,181,181,0.0,0.13662390345075368,-0.0158424538101859,0.9312980472806303,-1.373247981779763,-1.1094587621952046,-0.7118873534295581,-0.0158424538101859,0.9267675034709544,1.6369692485063123,2.03100144591796,train_oof,0.3472293893676648
RFERF_LR_class_weight,RFERF,supervised,LR,class_weight,58,TN,989,989,0.0,-0.03761413303187973,-0.2977996250119338,1.018415605980899,-1.6993273211946667,-1.2038377316351192,-0.7284036730815466,-0.2977996250119338,0.8253101113230521,1.554387650246391,2.2115012249717947,train_oof,0.3472293893676648
RFERF_LR_class_weight,RFERF,supervised,LR,class_weight,58,FN,35,35,0.0,0.186431901764427,0.2495983977395735,0.8897509466919069,-1.036739766241753,-0.8850727623518054,-0.6098400927226526,0.2495983977395735,0.8158722143790564,1.8057896300919598,1.914349039690225,train_oof,0.3472293893676648
RFERF_LR_class_weight,RFERF,supervised,LR,class_weight,58,pred_anomaly,229,229,0.0,0.13965133510018662,0.0018536029597882,0.9216154262647636,-1.399060629921576,-1.1094587621952046,-0.707168404957563,0.0018536029597882,0.913790395172965,1.6067679782855382,2.03100144591796,train_oof,0.3472293893676648
RFERF_LR_class_weight,RFERF,supervised,LR,class_weight,58,pred_normal,1024,1024,0.0,-0.029956309576927825,-0.2930806765399386,1.0147193651475523,-1.6770066949221263,-1.193220097573122,-0.7166063019015534,-0.2930806765399386,0.8253101113230521,1.5604043095481797,2.2115012249717947,train_oof,0.3472293893676648
RFERF_LR_class_weight,RFERF,supervised,LR,class_weight,59,TP,48,48,0.0,0.6841548521675559,0.5406177948867613,0.9147736617096397,-0.8171709159584091,-0.5733934073182841,-0.007111908148102425,0.5406177948867613,1.3817635442115166,2.2133204345576662,2.391702887141258,train_oof,0.3472293893676648
RFERF_LR_class_weight,RFERF,supervised,LR,class_weight,59,FP,181,181,0.0,0.5661462802002082,-0.0018832327346297,1.7095947483728349,-1.3143501395822879,-0.8572590817318868,-0.2917316259215756,-0.0018832327346297,1.42047853068706,2.4472030104739164,3.836439532622312,train_oof,0.3472293893676648
RFERF_LR_class_weight,RFERF,supervised,LR,class_weight,59,TN,989,989,0.0,-0.15397400902734074,-0.2662288565440953,0.7176369271012217,-1.5409686800635805,-0.9218201830503182,-0.5259762844451509,-0.2662288565440953,0.011283407531742,1.518318821687986,2.48498357061794,train_oof,0.3472293893676648
RFERF_LR_class_weight,RFERF,supervised,LR,class_weight,59,FN,35,35,0.0,0.46166295136680324,-0.0729628338033971,1.3351203049612932,-1.358994368015323,-0.8977221929074117,-0.3525007348432918,-0.0729628338033971,0.9799531319287189,2.4921589844357195,4.2525436495783415,train_oof,0.3472293893676648
RFERF_LR_class_weight,RFERF,supervised,LR,class_weight,59,pred_anomaly,229,229,0.0,0.5908817013986042,0.091660682265532,1.5755074429196834,-1.2881833664079896,-0.8437582113664457,-0.2381434000374421,0.091660682265532,1.42047853068706,2.4014783072842527,2.637147393720953,train_oof,0.3472293893676648
RFERF_LR_class_weight,RFERF,supervised,LR,class_weight,59,pred_normal,1024,1024,0.0,-0.132931730107619,-0.2598734205693658,0.7544207957348247,-1.5461840875549386,-0.922096176086671,-0.5233480204842867,-0.2598734205693658,0.02401200380463645,1.6351216067186929,2.5360851245649956,train_oof,0.3472293893676648
RFERF_LR_class_weight,RFERF,supervised,LR,class_weight,63,TP,48,48,0.0,0.3685686986009859,-0.02483476146013695,1.0250067510703689,-0.849578015646325,-0.7776933236496746,-0.3860748136509647,-0.02483476146013695,0.9608880061660587,2.431894696526814,2.7739015204317665,train_oof,0.3472293893676648
RFERF_LR_class_weight,RFERF,supervised,LR,class_weight,63,FP,181,181,0.0,0.27966078971230734,-0.0169941709639245,2.005429144267351,-1.0914388490258504,-0.8797122627085902,-0.3559981219853751,-0.0169941709639245,0.439998343242669,1.477967288661383,4.651769041883926,train_oof,0.3472293893676648
RFERF_LR_class_weight,RFERF,supervised,LR,class_weight,63,TN,989,989,0.0,-0.0741861471130541,-0.1389663136875001,0.6381353500092038,-1.2245351709180197,-0.9752222459698426,-0.4960229412125492,-0.1389663136875001,0.262429286091406,0.9830335108777052,2.1175836094402483,train_oof,0.3472293893676648
RFERF_LR_class_weight,RFERF,supervised,LR,class_weight,63,FN,35,35,0.0,0.1307648450202366,-0.0912299742687594,1.1376468824740138,-1.0482032883351138,-0.7870160988403706,-0.47466615860349504,-0.0912299742687594,0.3018587297167933,1.7863376462623712,4.25584839921386,train_oof,0.3472293893676648
RFERF_LR_class_weight,RFERF,supervised,LR,class_weight,63,pred_anomaly,229,229,0.0,0.29829650860600415,-0.0195255425769753,1.8419981131244902,-1.0498694637768409,-0.8677108966610317,-0.3647113695376655,-0.0195255425769753,0.5475416677718558,1.940723336340638,3.190027171627014,train_oof,0.3472293893676648
RFERF_LR_class_weight,RFERF,supervised,LR,class_weight,63,pred_normal,1024,1024,0.0,-0.06718098624912326,-0.13738753718146585,0.661579481391529,-1.2236482582428576,-0.9701301921250637,-0.4958530728543051,-0.13738753718146585,0.2638248712307063,1.0319016398676477,2.277529657111704,train_oof,0.3472293893676648
RFERF_LR_class_weight,RFERF,supervised,LR,class_weight,64,TP,48,48,0.0,0.7384856666598335,0.4417047285629305,1.5407182339702665,-1.4723541027269822,-1.1258990708039076,-0.6981034563608273,0.4417047285629305,2.0982262954078763,3.2994483626453834,3.5665552386449377,train_oof,0.3472293893676648
RFERF_LR_class_weight,RFERF,supervised,LR,class_weight,64,FP,181,181,0.0,0.14141610630981705,-0.165567505255584,1.2145605768786665,-1.7861515547076199,-1.4522060894055997,-0.658866527586139,-0.165567505255584,0.773826541339763,2.269789601656773,3.848013793454774,train_oof,0.3472293893676648
RFERF_LR_class_weight,RFERF,supervised,LR,class_weight,64,TN,989,989,0.0,-0.06187761294435782,-0.1270253495508368,0.8850011559621384,-1.8715057956106473,-1.3567229699833647,-0.6197766675634814,-0.1270253495508368,0.3965191223353906,1.296977477530899,2.99229273835993,train_oof,0.3472293893676648
RFERF_LR_class_weight,RFERF,supervised,LR,class_weight,64,FN,35,35,0.0,-0.06237015887951141,-0.3060840908170513,1.3550684741255656,-2.2015921768593665,-1.7774815982085623,-0.8822893186030287,-0.3060840908170513,0.3921882011548838,2.1917539075617234,3.7652694650533105,train_oof,0.3472293893676648
RFERF_LR_class_weight,RFERF,supervised,LR,class_weight,64,pred_anomaly,229,229,0.0,0.266566057824231,-0.0713420772300303,1.3089141590607158,-1.7594284524764585,-1.3351799334789214,-0.6691917682459896,-0.0713420772300303,0.9777956863983088,2.9193588085594824,3.713282588318048,train_oof,0.3472293893676648
RFERF_LR_class_weight,RFERF,supervised,LR,class_weight,64,pred_normal,1024,1024,0.0,-0.06189444801050077,-0.130991134519404,0.904133815360343,-1.8861284866315777,-1.3736034199147884,-0.6250762139728843,-0.130991134519404,0.39665604841486807,1.393692931668427,3.0002040229519573,train_oof,0.3472293893676648
RFERF_LR_class_weight,RFERF,supervised,LR,class_weight,65,TP,48,48,0.0,0.5183004174657381,0.3973459532154929,1.227556280279597,-1.2994954665125118,-0.9779519619933476,-0.5742262219925591,0.3973459532154929,1.5013062749656665,2.5892324958320976,2.768176343028455,train_oof,0.3472293893676648
RFERF_LR_class_weight,RFERF,supervised,LR,class_weight,65,FP,181,181,0.0,0.185921018651803,-0.1473759656586074,1.3590152877297377,-1.4684464217925035,-1.0979236781644854,-0.5487924669987575,-0.1473759656586074,0.5778398204648798,1.8724080372868637,5.640697240282996,train_oof,0.3472293893676648
RFERF_LR_class_weight,RFERF,supervised,LR,class_weight,65,TN,989,989,0.0,-0.05939070391306704,-0.1570695725881087,0.8855997621008865,-1.5540443890360425,-1.1708731973930453,-0.557282918202171,-0.1570695725881087,0.3333394358100466,1.1177067325397316,2.5413620741026266,train_oof,0.3472293893676648
RFERF_LR_class_weight,RFERF,supervised,LR,class_weight,65,FN,35,35,0.0,-0.0502574698297983,-0.141975437115373,1.1627722856320892,-1.7640513928018757,-1.6271631703997038,-0.7503483955667578,-0.141975437115373,0.30209840360424806,1.8129242916335728,3.3801779097719202,train_oof,0.3472293893676648
RFERF_LR_class_weight,RFERF,supervised,LR,class_weight,65,pred_anomaly,229,229,0.0,0.2555900629446802,-0.1170646446956946,1.3368289162072622,-1.4144816061436742,-1.0977760181435567,-0.5552184123539984,-0.1170646446956946,0.7735987259890033,2.534827297843071,4.635821030965659,train_oof,0.3472293893676648
RFERF_LR_class_weight,RFERF,supervised,LR,class_weight,65,pred_normal,1024,1024,0.0,-0.059078532826236575,-0.156953358682748,0.8957637099073447,-1.6069493338679817,-1.1728584043410897,-0.5664057097729891,-0.156953358682748,0.3341050803630114,1.1352967325328926,2.5445436006646793,train_oof,0.3472293893676648
RFERF_LR_class_weight,RFERF,supervised,LR,class_weight,67,TP,48,48,0.0,-0.05710395792867023,-0.057179469251093504,0.000639174165257846,-0.05798717063982231,-0.05789521624522502,-0.057511835408817776,-0.057179469251093504,-0.056966714191478224,-0.05574070407145605,-0.055190696613512884,train_oof,0.3472293893676648
RFERF_LR_class_weight,RFERF,supervised,LR,class_weight,67,FP,181,181,0.0,0.16188740650109718,-0.0572198970751352,2.0831191529643642,-0.0587319558638267,-0.0578056642522577,-0.0575130715113514,-0.0572198970751352,-0.0570206664314763,-0.0558625110693602,3.6468098002256784,train_oof,0.3472293893676648
RFERF_LR_class_weight,RFERF,supervised,LR,class_weight,67,TN,989,989,0.0,-0.043893411544613646,-0.0573109323911428,0.3465475865704539,-0.05870356913270099,-0.05776360768134814,-0.0575389569526443,-0.0573109323911428,-0.0570433525485645,-0.056321468668913,-0.05567549602721037,train_oof,0.3472293893676648
RFERF_LR_class_weight,RFERF,supervised,LR,class_weight,67,FN,35,35,0.0,0.4716223526472164,-0.0571809234893684,3.1280780510816633,-0.05780311642680014,-0.057782919965638606,-0.057534448813992195,-0.0571809234893684,-0.0568992375355237,-0.055796285058322063,12.157287582663699,train_oof,0.3472293893676648
RFERF_LR_class_weight,RFERF,supervised,LR,class_weight,67,pred_anomaly,229,229,0.0,0.11598528644594938,-0.0572143709696907,1.8530544185068663,-0.05866225713178816,-0.05784329993881172,-0.0575130715113514,-0.0572143709696907,-0.0569956535331484,-0.05582830738513498,-0.053954026926935884,train_oof,0.3472293893676648
RFERF_LR_class_weight,RFERF,supervised,LR,class_weight,67,pred_normal,1024,1024,0.0,-0.026273243823213208,-0.057309623576695404,0.6708009401212384,-0.05870201309774687,-0.05777164961900821,-0.05753902966455805,-0.057309623576695404,-0.0570395715290498,-0.056121729041857936,-0.05567076975281701,train_oof,0.3472293893676648
RFERF_LR_class_weight,RFERF,supervised,LR,class_weight,75,TP,48,48,0.0,0.2520305800512734,0.02552566613650825,1.8498878471501599,-2.2937671781651856,-1.577996965921341,-0.5835045643085404,0.02552566613650825,0.5001947969173689,1.5744228019374418,7.4589543862136996,train_oof,0.3472293893676648
RFERF_LR_class_weight,RFERF,supervised,LR,class_weight,75,FP,181,181,0.0,-0.03725188650721346,0.1224418691729717,1.1590397420466059,-3.023810503947127,-2.155088902183919,-0.718966984461779,0.1224418691729717,0.712749651304158,1.5629690688513145,2.297770099145947,train_oof,0.3472293893676648
RFERF_LR_class_weight,RFERF,supervised,LR,class_weight,75,TN,989,989,0.0,-0.003931552804343458,0.0211203841803054,0.9004476373781942,-3.1862773024918885,-1.4017856876732255,-0.5119187325202434,0.0211203841803054,0.5673753467494629,1.3418239146499285,1.9737175584476712,train_oof,0.3472293893676648
RFERF_LR_class_weight,RFERF,supervised,LR,class_weight,75,FN,35,35,0.0,-0.05213316149141111,0.1312524330853774,0.9253258005129832,-2.2926218048565725,-1.7092743682161866,-0.6374692682720257,0.1312524330853774,0.49909347642831814,1.2836741928280515,1.4660528658148502,train_oof,0.3472293893676648
RFERF_LR_class_weight,RFERF,supervised,LR,class_weight,75,pred_anomaly,229,229,0.0,0.023383739670984605,0.0827943315671457,1.3341336115659859,-2.9387004565532875,-2.1268950976642205,-0.6925352927245616,0.0827943315671457,0.6951285234793464,1.5788280838936446,3.7162708890432823,train_oof,0.3472293893676648
RFERF_LR_class_weight,RFERF,supervised,LR,class_weight,75,pred_normal,1024,1024,0.0,-0.0055790687262647215,0.0211203841803054,0.9008883213101831,-3.1510790996618274,-1.405530177335998,-0.5207292964326492,0.0211203841803054,0.5640713852823107,1.3332336148353336,1.9675942165285487,train_oof,0.3472293893676648
RFERF_LR_class_weight,RFERF,supervised,LR,class_weight,76,TP,48,48,0.0,-0.2392204619814902,-0.18532221164095886,0.8650324195341309,-2.3031341848824933,-1.4393548362306552,-0.6966070030657217,-0.18532221164095886,0.17250228367534653,1.4701026606236387,1.7807661868919795,train_oof,0.3472293893676648
RFERF_LR_class_weight,RFERF,supervised,LR,class_weight,76,FP,181,181,0.0,-0.026371527209691194,-0.0475822385484897,0.968535899795848,-2.04840506507866,-1.3501232884446643,-0.7183160205639912,-0.0475822385484897,0.530326778991652,1.677161772348514,2.4401214493911425,train_oof,0.3472293893676648
RFERF_LR_class_weight,RFERF,supervised,LR,class_weight,76,TN,989,989,0.0,0.029359703091229792,0.0721916510971354,0.9929996249478259,-2.417667966856122,-1.6471625347658152,-0.622496908847491,0.0721916510971354,0.7369367386303556,1.5346308436702187,2.1267929540781885,train_oof,0.3472293893676648
RFERF_LR_class_weight,RFERF,supervised,LR,class_weight,76,FN,35,35,0.0,-0.12372421125178017,-0.1523843919884119,1.3133933791472847,-4.09031033575728,-2.242139331580459,-0.5401523597161237,-0.1523843919884119,0.7489141275949182,1.5588850563234586,1.7199809378968245,train_oof,0.3472293893676648
RFERF_LR_class_weight,RFERF,supervised,LR,class_weight,76,pred_anomaly,229,229,0.0,-0.07098615109198968,-0.0984861416478804,0.9499287619689971,-2.1974037837978178,-1.4375582278859709,-0.7033442843582881,-0.0984861416478804,0.4015698476226048,1.6484160388335634,2.3316063053722096,train_oof,0.3472293893676648
RFERF_LR_class_weight,RFERF,supervised,LR,class_weight,76,pred_normal,1024,1024,0.0,0.02412734273770894,0.0662029566148542,1.0051956565947877,-2.585980225280637,-1.6495580125587277,-0.622496908847491,0.0662029566148542,0.7374599326617529,1.5389726471698735,2.115504264979088,train_oof,0.3472293893676648
RFERF_LR_class_weight,RFERF,supervised,LR,class_weight,79,TP,48,48,0.0,0.543734091636945,0.5379746720874488,1.1234968956186568,-1.4477723987367195,-1.1293772874916967,-0.19851110280437578,0.5379746720874488,0.9440137503269299,2.344200635553821,2.9067375415019887,train_oof,0.3472293893676648
RFERF_LR_class_weight,RFERF,supervised,LR,class_weight,79,FP,181,181,0.0,0.2140935468584591,0.077941035571441,1.1881683778795933,-2.001497392774156,-1.4425457254955518,-0.6175088750302232,0.077941035571441,0.7863496401594717,2.7863080787220222,3.203578025083021,train_oof,0.3472293893676648
RFERF_LR_class_weight,RFERF,supervised,LR,class_weight,79,TN,989,989,0.0,-0.07095289039958128,-0.1769132794937651,0.9355759768873014,-1.8076353307381148,-1.4278592056443364,-0.6045501810438568,-0.1769132794937651,0.3068779626639145,1.807494726285142,2.9134760623748983,train_oof,0.3472293893676648
RFERF_LR_class_weight,RFERF,supervised,LR,class_weight,79,FN,35,35,0.0,0.02635309189238241,-0.0905219862513223,0.951554773134294,-1.3964127749040876,-1.2153366242679273,-0.61102952803704,-0.0905219862513223,0.4451040318518228,2.1077044703026333,2.3483906132760795,train_oof,0.3472293893676648
RFERF_LR_class_weight,RFERF,supervised,LR,class_weight,79,pred_anomaly,229,229,0.0,0.2831885082094081,0.2550431867184488,1.1801761901644787,-1.9151060995317133,-1.3224618278885563,-0.5743132284090019,0.2550431867184488,0.8770604980640367,2.6472180966016876,3.2103165459559313,train_oof,0.3472293893676648
RFERF_LR_class_weight,RFERF,supervised,LR,class_weight,79,pred_normal,1024,1024,0.0,-0.06762700233296141,-0.174753497162704,0.9358214822159264,-1.795756527917279,-1.4166283375228188,-0.6056300722093874,-0.174753497162704,0.3111975273260366,1.8634330886596224,2.8685093942422037,train_oof,0.3472293893676648
RFERF_LR_class_weight,RFERF,supervised,LR,class_weight,81,TP,48,48,0.0,0.033974011298587035,0.1385271527426592,1.1265605968856398,-3.0376170628565857,-2.5594623418438838,-0.22142203314980255,0.1385271527426592,0.7739929994416967,1.4103476095626908,1.748551717064612,train_oof,0.3472293893676648
RFERF_LR_class_weight,RFERF,supervised,LR,class_weight,81,FP,181,181,0.0,0.005970372478515507,0.1207518843035252,1.151732584365144,-3.724631188029112,-2.462587128850604,-0.2999294687559773,0.1207518843035252,0.6066092216398523,1.625724612150197,2.688685664810402,train_oof,0.3472293893676648
RFERF_LR_class_weight,RFERF,supervised,LR,class_weight,81,TN,989,989,0.0,-0.0017966608738275343,0.0852013474252574,0.950165577110011,-2.8387118090226773,-1.9767297915142763,-0.3473301845936677,0.0852013474252574,0.5177328794441828,1.3709457645226082,2.242644928777738,train_oof,0.3472293893676648
RFERF_LR_class_weight,RFERF,supervised,LR,class_weight,81,FN,35,35,0.0,-0.06021727723394282,-0.0629258895675251,1.165228715298375,-3.021915575735351,-2.35060293768406,-0.4480567057487599,-0.0629258895675251,0.6273470348188419,1.611504397398889,1.8482709730081532,train_oof,0.3472293893676648
RFERF_LR_class_weight,RFERF,supervised,LR,class_weight,81,pred_anomaly,229,229,0.0,0.011840130833814338,0.1266769737832367,1.144105995596864,-3.590013155050071,-2.5372432562949663,-0.2821542003168436,0.1266769737832367,0.6066092216398523,1.567658735249025,2.6313307986467995,train_oof,0.3472293893676648
RFERF_LR_class_weight,RFERF,supervised,LR,class_weight,81,pred_normal,1024,1024,0.0,-0.0037934592845736553,0.0792762579455461,0.957687418031014,-2.8541170416699266,-1.9986526225892085,-0.34796285880074024,0.0792762579455461,0.5192141518141106,1.3937573590194987,2.2392083768795055,train_oof,0.3472293893676648
RFERF_LR_class_weight,RFERF,supervised,LR,class_weight,88,TP,48,48,0.0,0.20047618306163154,0.34794182956969066,0.8382509802360198,-1.8649716204441298,-0.9284848313561921,-0.3338776168598712,0.34794182956969066,0.7791980759922351,1.411242420757281,1.6313056039763278,train_oof,0.3472293893676648
RFERF_LR_class_weight,RFERF,supervised,LR,class_weight,88,FP,181,181,0.0,0.09317338674676451,0.0819966059657112,0.925611726761642,-2.3279680572498505,-1.4604548431874462,-0.3696276197322751,0.0819966059657112,0.6861704789090765,1.4830318122537136,1.919066638474869,train_oof,0.3472293893676648
RFERF_LR_class_weight,RFERF,supervised,LR,class_weight,88,TN,989,989,0.0,-0.025304185252966818,0.0229645459776822,1.0127631631467195,-2.791141830998462,-1.8774336599853698,-0.6254683242738126,0.0229645459776822,0.6188734790922371,1.494188540542425,2.220118557697986,train_oof,0.3472293893676648
RFERF_LR_class_weight,RFERF,supervised,LR,class_weight,88,FN,35,35,0.0,-0.041754302084117886,-0.071294139662139,1.1904372529906548,-3.10075764989026,-2.0590975640915303,-0.6314761116687191,-0.071294139662139,0.7016347945218584,1.6421817494079014,2.425306128278216,train_oof,0.3472293893676648
RFERF_LR_class_weight,RFERF,supervised,LR,class_weight,88,pred_anomaly,229,229,0.0,0.11566480256822137,0.1019122142741886,0.9072764754512073,-2.2699335081607788,-1.4007215611766193,-0.3537222189146984,0.1019122142741886,0.7486051961912122,1.4592910829539147,1.8860580412814634,train_oof,0.3472293893676648
RFERF_LR_class_weight,RFERF,supervised,LR,class_weight,88,pred_normal,1024,1024,0.0,-0.025866445105594042,0.0227106163288676,1.0186783890201143,-2.7949099588908273,-1.8791382803130574,-0.6259178738002311,0.0227106163288676,0.6209383033291689,1.523766736276389,2.224950368674828,train_oof,0.3472293893676648
RFERF_LR_class_weight,RFERF,supervised,LR,class_weight,90,TP,48,48,0.0,-0.30021805557250697,-0.21214099914937007,0.8201234044990942,-2.130705424478823,-1.7935837470540452,-0.7270509748588152,-0.21214099914937007,0.27684164994320204,0.9680472459989105,1.2445835961904939,train_oof,0.3472293893676648
RFERF_LR_class_weight,RFERF,supervised,LR,class_weight,90,FP,181,181,0.0,-0.13500669605560225,-0.197654043238012,0.9866427772441964,-2.2888327740785694,-1.6661147263377754,-0.685428195301682,-0.197654043238012,0.4379402245962153,1.3913574459441371,2.4398927891766817,train_oof,0.3472293893676648
RFERF_LR_class_weight,RFERF,supervised,LR,class_weight,90,TN,989,989,0.0,0.03806033909429285,0.0391989097936331,0.9957749426620596,-2.2556786314131645,-1.4839940778138367,-0.627403803197443,0.0391989097936331,0.6454893346055537,1.6140371956793669,2.511584239082774,train_oof,0.3472293893676648
RFERF_LR_class_weight,RFERF,supervised,LR,class_weight,90,FN,35,35,0.0,0.04439314396803403,-0.0061560733700427,0.7943334797608563,-1.2689781287161186,-1.1728259408919175,-0.48224221554329694,-0.0061560733700427,0.3637252919671303,1.3096937504880737,2.0405713194861583,train_oof,0.3472293893676648
RFERF_LR_class_weight,RFERF,supervised,LR,class_weight,90,pred_anomaly,229,229,0.0,-0.16963615132552115,-0.197654043238012,0.9548384652192478,-2.2589512334816386,-1.682018885563852,-0.6912537576779066,-0.197654043238012,0.3712923416158587,1.2484209224402356,2.138267061301135,train_oof,0.3472293893676648
RFERF_LR_class_weight,RFERF,supervised,LR,class_weight,90,pred_normal,1024,1024,0.0,0.03827679238587579,0.037910504719571955,0.9892496995350638,-2.235556702449156,-1.4558277215703355,-0.6124595351703779,0.037910504719571955,0.6390981577171446,1.6026436182230113,2.5095476427247148,train_oof,0.3472293893676648
RFERF_LR_class_weight,RFERF,supervised,LR,class_weight,91,TP,48,48,0.0,0.08589015855880926,0.11115665372964256,0.6772342081234239,-2.0015175726440866,-0.9654501170356111,-0.15618827282654976,0.11115665372964256,0.5171144197146528,0.9764282481274563,1.1987056519007233,train_oof,0.3472293893676648
RFERF_LR_class_weight,RFERF,supervised,LR,class_weight,91,FP,181,181,0.0,0.10266560155457441,0.0659875003516164,0.8513904451788749,-2.5987667031850377,-1.212299540246524,-0.3563440837329282,0.0659875003516164,0.6283434599080422,1.568991079005437,1.8619130386619356,train_oof,0.3472293893676648
RFERF_LR_class_weight,RFERF,supervised,LR,class_weight,91,TN,989,989,0.0,-0.02503775725290982,-0.0209631199010839,1.0374663178128343,-2.855101648605336,-1.7943040815223912,-0.5618637316029472,-0.0209631199010839,0.5323590089797366,1.6904961015923277,2.577076244096225,train_oof,0.3472293893676648
RFERF_LR_class_weight,RFERF,supervised,LR,class_weight,91,FN,35,35,0.0,0.0640516794925582,-0.0175754333977319,0.9390993696679694,-2.623993675346665,-1.3612448235105652,-0.2981887987587195,-0.0175754333977319,0.5267128648074832,1.6412617244102787,1.8817197124182006,train_oof,0.3472293893676648
RFERF_LR_class_weight,RFERF,supervised,LR,class_weight,91,pred_anomaly,229,229,0.0,0.0991493514943267,0.0750213310272216,0.8166117174253692,-2.451244248252404,-1.1824878990170267,-0.340534880050619,0.0750213310272216,0.6136634850601838,1.4120282710167957,1.8405028599607525,train_oof,0.3472293893676648
RFERF_LR_class_weight,RFERF,supervised,LR,class_weight,91,pred_normal,1024,1024,0.0,-0.021992708145398703,-0.0209631199010839,1.0339654427595224,-2.9038617496769152,-1.7982563824429685,-0.5531122081359547,-0.0209631199010839,0.5323590089797366,1.6896491799664892,2.562238177211542,train_oof,0.3472293893676648
RFERF_LR_class_weight,RFERF,supervised,LR,class_weight,92,TP,48,48,0.0,-0.12306057031709346,-0.20633625659410632,0.8410559936560571,-2.0121091227462733,-1.0347704119849703,-0.5343534636089051,-0.20633625659410632,0.3276452431974266,0.8524727744211045,2.274694357580156,train_oof,0.3472293893676648
RFERF_LR_class_weight,RFERF,supervised,LR,class_weight,92,FP,181,181,0.0,-0.12061262829292418,-0.0995399566357997,0.7559671586481834,-2.168336852970996,-1.228529413337898,-0.4962119279095099,-0.0995399566357997,0.3276452431974266,0.9989362715067824,1.621406134120908,train_oof,0.3472293893676648
RFERF_LR_class_weight,RFERF,supervised,LR,class_weight,92,TN,989,989,0.0,0.027823113499097402,-0.0385134995167673,1.0483376628753367,-2.388032098599513,-1.3505823275759627,-0.4962119279095099,-0.0385134995167673,0.4496981574354913,1.5664823227137803,3.5156673630956767,train_oof,0.3472293893676648
RFERF_LR_class_weight,RFERF,supervised,LR,class_weight,92,FN,35,35,0.0,0.0007177943454676919,-0.0995399566357997,0.8567891693948159,-1.3261717447283496,-0.8593193477677524,-0.5724949993083004,-0.0995399566357997,0.3886717003164589,1.5207124798745084,2.556331457184483,train_oof,0.3472293893676648
RFERF_LR_class_weight,RFERF,supervised,LR,class_weight,92,pred_anomaly,229,229,0.0,-0.12112573404471509,-0.0995399566357997,0.7726532185169551,-2.2318043683747897,-1.198016184778382,-0.5267251564690261,-0.0995399566357997,0.3276452431974266,0.9867309800829759,1.8118086803322928,train_oof,0.3472293893676648
RFERF_LR_class_weight,RFERF,supervised,LR,class_weight,92,pred_normal,1024,1024,0.0,0.02689666216083858,-0.0385134995167673,1.0420332828071692,-2.345923843187381,-1.3505823275759627,-0.4962119279095099,-0.0385134995167673,0.4496981574354913,1.5741106298536593,3.465930800543662,train_oof,0.3472293893676648
RFERF_LR_class_weight,RFERF,supervised,LR,class_weight,102,TP,48,48,0.0,-0.29489394236176575,-0.4626399437223119,1.3141629331977236,-2.9809560393968506,-1.7630759434288528,-0.8312933719813996,-0.4626399437223119,-0.040634060666207,2.192948407828461,4.209077502666238,train_oof,0.3472293893676648
RFERF_LR_class_weight,RFERF,supervised,LR,class_weight,102,FP,181,181,0.0,-0.11823037800734279,-0.0935853691865547,0.8053569823112587,-1.7825716524749804,-1.4109497417685395,-0.6551901565235764,-0.0935853691865547,0.2770737904558794,1.1724322799817597,1.9984726928991754,train_oof,0.3472293893676648
RFERF_LR_class_weight,RFERF,supervised,LR,class_weight,102,TN,989,989,0.0,0.03761188352785214,-0.0310065500261438,1.0055340386685998,-2.2208801202149253,-1.4208981694299385,-0.549287539482881,-0.0310065500261438,0.5675036947644535,1.752008420513565,2.7398551955883215,train_oof,0.3472293893676648
RFERF_LR_class_weight,RFERF,supervised,LR,class_weight,102,FN,35,35,0.0,-0.06181458407434621,-0.0342157202394982,1.1246340418905856,-2.0685087184848583,-1.6355916567033484,-0.7618950661176106,-0.0342157202394982,0.31478154046279294,1.9115041801172794,2.798101634960699,train_oof,0.3472293893676648
RFERF_LR_class_weight,RFERF,supervised,LR,class_weight,102,pred_anomaly,229,229,0.0,-0.1552602954266105,-0.1882558904805098,0.9344812498704337,-2.0825648840193507,-1.499843756678457,-0.6937001990838294,-0.1882558904805098,0.203262875548728,1.3620942395910052,2.8632798819939307,train_oof,0.3472293893676648
RFERF_LR_class_weight,RFERF,supervised,LR,class_weight,102,pred_normal,1024,1024,0.0,0.034213517935980126,-0.0310065500261438,1.0093903911994795,-2.1887563263792478,-1.4249096321966315,-0.5524967096962353,-0.0310065500261438,0.5675036947644535,1.7775213237097327,2.8514540897577167,train_oof,0.3472293893676648
RFERF_LR_class_weight,RFERF,supervised,LR,class_weight,103,TP,48,48,0.0,0.9200733474514181,1.0229130965731348,0.899517729212969,-0.991492839600698,-0.5593207124306548,0.3690974730178498,1.0229130965731348,1.4070297754118648,2.0951707192038023,3.0745865232896206,train_oof,0.3472293893676648
RFERF_LR_class_weight,RFERF,supervised,LR,class_weight,103,FP,181,181,0.0,0.49272642172602554,0.4508244259622606,1.1641382302322139,-1.4125501011702752,-1.0529515082148946,-0.2356819787707889,0.4508244259622606,1.202712393050838,1.8892187977838872,2.686873858521334,train_oof,0.3472293893676648
RFERF_LR_class_weight,RFERF,supervised,LR,class_weight,103,TN,989,989,0.0,-0.15075190978754358,-0.2029911975930242,0.8944996795222934,-1.9107576063194285,-1.3994737886991824,-0.6933529152594884,-0.2029911975930242,0.2873705200734393,1.4838531111796078,2.191281615866429,train_oof,0.3472293893676648
RFERF_LR_class_weight,RFERF,supervised,LR,class_weight,103,FN,35,35,0.0,0.40599135463275526,0.2219889577179106,1.4026612120165158,-1.8002627659385855,-1.324284991990338,-0.48086283760402065,0.2219889577179106,1.3007847365841307,2.6574521554613466,4.390063557882844,train_oof,0.3472293893676648
RFERF_LR_class_weight,RFERF,supervised,LR,class_weight,103,pred_anomaly,229,229,0.0,0.5823013231881167,0.6142783318510815,1.1256518937672122,-1.3707059012627396,-1.039875195743789,-0.1049188540597315,0.6142783318510815,1.2680939554063666,2.026520078730497,2.7208722709462094,train_oof,0.3472293893676648
RFERF_LR_class_weight,RFERF,supervised,LR,class_weight,103,pred_normal,1024,1024,0.0,-0.13172259899192787,-0.2029911975930242,0.9210791041034799,-1.9532556218505226,-1.3798593199925044,-0.6933529152594884,-0.2029911975930242,0.3200613012512033,1.524716587651813,2.4325395809583257,train_oof,0.3472293893676648
RFERF_LR_class_weight,RFERF,supervised,LR,class_weight,107,TP,48,48,0.0,-0.3180220291254305,-0.1752237888884967,1.2498805320985724,-4.653090818222152,-1.6954468978545958,-0.7917286338350484,-0.1752237888884967,0.38205597946209174,1.2515929135605401,1.8064472740124378,train_oof,0.3472293893676648
RFERF_LR_class_weight,RFERF,supervised,LR,class_weight,107,FP,181,181,0.0,-0.025950419037234385,0.047575308782032,1.004305652617409,-2.9615098209717323,-1.6581068971817123,-0.6168736457898233,0.047575308782032,0.6172641408003462,1.5603529795474955,2.1449326879670796,train_oof,0.3472293893676648
RFERF_LR_class_weight,RFERF,supervised,LR,class_weight,107,TN,989,989,0.0,0.021304940307978273,0.0069638276876572,0.9895247419556645,-2.6300750113737505,-1.4999477402530634,-0.5142168463568202,0.0069638276876572,0.5698840795235756,1.4671721923698458,2.8859568463357745,train_oof,0.3472293893676648
RFERF_LR_class_weight,RFERF,supervised,LR,class_weight,107,FN,35,35,0.0,-0.029231960621059372,0.0430629219937682,0.7774845079849655,-1.9485241108743752,-1.4560647787371972,-0.32244040785560557,0.0430629219937682,0.4892251656833588,0.9540010048745375,1.170324827503907,train_oof,0.3472293893676648
RFERF_LR_class_weight,RFERF,supervised,LR,class_weight,107,pred_anomaly,229,229,0.0,-0.0871706691867253,0.0069638276876572,1.0641965119390617,-3.191280556230129,-1.663521761327629,-0.7082494782521668,0.0069638276876572,0.5698840795235756,1.5062043380883292,2.177782863785641,train_oof,0.3472293893676648
RFERF_LR_class_weight,RFERF,supervised,LR,class_weight,107,pred_normal,1024,1024,0.0,0.01957760482700531,0.0069638276876572,0.9827684636436317,-2.6210953616651054,-1.5022039336471953,-0.5113966046141553,0.0069638276876572,0.5617053784698472,1.4472612856666311,2.8696445680962,train_oof,0.3472293893676648
RFERF_LR_class_weight,RFERF,supervised,LR,class_weight,115,TP,48,48,0.0,-0.30150925689392394,-0.14107181096331115,1.0619327547044384,-2.5885313675872434,-2.1888831512815274,-0.8000847515762841,-0.14107181096331115,0.3066920684478129,0.6758752811338749,2.2945053967006084,train_oof,0.3472293893676648
RFERF_LR_class_weight,RFERF,supervised,LR,class_weight,115,FP,181,181,0.0,-0.1472901793620586,-0.0599464219744894,1.0297319489304244,-2.508069097070764,-1.787343386457767,-0.7398643057078934,-0.0599464219744894,0.3794095499046623,1.545973143697889,2.161999952208336,train_oof,0.3472293893676648
RFERF_LR_class_weight,RFERF,supervised,LR,class_weight,115,TN,989,989,0.0,0.040839798223488655,0.1159091521193901,0.9918826802282006,-2.899156851687608,-1.6913019327594414,-0.4800321792492122,0.1159091521193901,0.6417985988587379,1.4896991139327556,2.278160592596101,train_oof,0.3472293893676648
RFERF_LR_class_weight,RFERF,supervised,LR,class_weight,115,FN,35,35,0.0,0.02118303864025503,0.1794405768165205,0.8936810767229221,-1.995533757318312,-1.8226758724075673,-0.3152326806125673,0.1794405768165205,0.4269535450135044,1.2126033521430981,1.7242964043072107,train_oof,0.3472293893676648
RFERF_LR_class_weight,RFERF,supervised,LR,class_weight,115,pred_anomaly,229,229,0.0,-0.179615575525943,-0.0725834013963986,1.03611727715107,-2.635059770304771,-1.9142475303178326,-0.7703874398429794,-0.0725834013963986,0.3693315434372474,1.4743424055630594,2.642946124140584,train_oof,0.3472293893676648
RFERF_LR_class_weight,RFERF,supervised,LR,class_weight,115,pred_normal,1024,1024,0.0,0.04016793632367109,0.11660938390140795,0.9882956176711679,-2.8877554379090635,-1.7509420987030548,-0.47044064420283466,0.11660938390140795,0.6417939853257664,1.4817844443368449,2.2475074388496,train_oof,0.3472293893676648
RFERF_LR_class_weight,RFERF,supervised,LR,class_weight,122,TP,48,48,0.0,-0.43866912402642994,-0.7320376051719268,0.7331388915493713,-1.5429947751247295,-1.3595151892014175,-0.9671755239753509,-0.7320376051719268,0.2616901364849458,0.8104006720954807,0.8676757269936528,train_oof,0.3472293893676648
RFERF_LR_class_weight,RFERF,supervised,LR,class_weight,122,FP,181,181,0.0,-0.32260392784113806,-0.3753148261156136,0.81274179159622,-1.7605513569603786,-1.4122481217575675,-0.9657907305783932,-0.3753148261156136,0.3669344346537346,0.8676757269936528,1.7492905952328137,train_oof,0.3472293893676648
RFERF_LR_class_weight,RFERF,supervised,LR,class_weight,122,TN,989,989,0.0,0.09079679916822929,0.050093705429804,1.0286926714153968,-1.74902987589769,-1.198436021267293,-0.7375767787597579,0.050093705429804,0.5807465351440091,2.324478380593193,2.734377226092684,train_oof,0.3472293893676648
RFERF_LR_class_weight,RFERF,supervised,LR,class_weight,122,FN,35,35,0.0,-0.29118269242158656,-0.3110604124967742,0.7140418752102765,-1.576695107233093,-1.3831120686855771,-0.8777178705318809,-0.3110604124967742,0.29270950857679967,0.7593294916156792,0.8345514689384238,train_oof,0.3472293893676648
RFERF_LR_class_weight,RFERF,supervised,LR,class_weight,122,pred_anomaly,229,229,0.0,-0.3469320038974438,-0.4628337688033423,0.7965718565015741,-1.74902987589769,-1.4122481217575675,-0.9657907305783932,-0.4628337688033423,0.3137583682105574,0.8676757269936528,1.5016230657737297,train_oof,0.3472293893676648
RFERF_LR_class_weight,RFERF,supervised,LR,class_weight,122,pred_normal,1024,1024,0.0,0.0777408595142805,0.0290448457960462,1.0216509788190988,-1.729664925034633,-1.2161613767483523,-0.7378537374391494,0.0290448457960462,0.5807465351440091,2.324478380593193,2.730809998302121,train_oof,0.3472293893676648
RFERF_LR_class_weight,RFERF,supervised,LR,class_weight,124,TP,48,48,0.0,0.3444795794353664,0.2991009479565267,1.0352761307282738,-1.940933513459727,-0.9729528496582988,-0.3979148315584477,0.2991009479565267,0.9089897550321312,2.39014828650145,2.564402231380189,train_oof,0.3472293893676648
RFERF_LR_class_weight,RFERF,supervised,LR,class_weight,124,FP,181,181,0.0,0.2013839567676184,0.0377200306384171,0.9832301458295487,-1.8093717850762705,-1.182057583512792,-0.5721687764371874,0.0377200306384171,0.9089897550321312,1.8673864518652308,2.564402231380189,train_oof,0.3472293893676648
RFERF_LR_class_weight,RFERF,supervised,LR,class_weight,124,TN,989,989,0.0,-0.06570557750499142,-0.2236608866797079,0.9911613257275539,-2.4122904343567253,-1.6176924457096569,-0.6592957488765573,-0.2236608866797079,0.6476088377140061,1.6060055345471056,2.1287673691833247,train_oof,0.3472293893676648
RFERF_LR_class_weight,RFERF,supervised,LR,class_weight,124,FN,35,35,0.0,0.30407963209591843,-0.1365339142403381,0.9443021558816652,-0.8910534955652966,-0.7725608130477427,-0.3979148315584477,-0.1365339142403381,0.8654262688124463,2.024215002256095,2.4476520883114237,train_oof,0.3472293893676648
RFERF_LR_class_weight,RFERF,supervised,LR,class_weight,124,pred_anomaly,229,229,0.0,0.23137779907352193,0.0377200306384171,0.9937629324489436,-1.8546778107447428,-1.182057583512792,-0.4850418039978175,0.0377200306384171,0.9089897550321312,2.1113419746954585,2.564402231380189,train_oof,0.3472293893676648
RFERF_LR_class_weight,RFERF,supervised,LR,class_weight,124,pred_normal,1024,1024,0.0,-0.05306643459871033,-0.2236608866797079,0.9914356347627801,-2.401835197664001,-1.6176924457096569,-0.6592957488765573,-0.2236608866797079,0.6476088377140061,1.6931325069864755,2.1287673691833247,train_oof,0.3472293893676648
RFERF_LR_class_weight,RFERF,supervised,LR,class_weight,125,TP,48,48,0.0,-0.36174787723590907,-0.5990185222116753,0.8497349712974547,-1.9082056908321452,-1.4436686628437436,-0.9425502016136407,-0.5990185222116753,0.11127454703296136,1.260787833687237,2.0402339640130496,train_oof,0.3472293893676648
RFERF_LR_class_weight,RFERF,supervised,LR,class_weight,125,FP,181,181,0.0,-0.3861443384680509,-0.522181787677035,0.8507937113167101,-2.284637787821362,-1.5678761376693908,-0.9088671214746186,-0.522181787677035,0.0031670484435263,0.996683894984452,2.0402339640130496,train_oof,0.3472293893676648
RFERF_LR_class_weight,RFERF,supervised,LR,class_weight,125,TN,989,989,0.0,0.1031976579428984,-0.0826041901067694,1.0163304111124039,-1.5678761376693908,-0.9932088393824092,-0.7230294379489777,-0.0826041901067694,0.6428775359644822,2.1974812346885915,3.459033201699192,train_oof,0.3472293893676648
RFERF_LR_class_weight,RFERF,supervised,LR,class_weight,125,FN,35,35,0.0,-0.4000190379132568,-0.4364105491267392,0.6226208994399361,-1.6683571436310622,-1.2366562048009984,-0.8327451472612308,-0.4364105491267392,-0.1237029085787863,0.563181760144832,0.8442255184612998,train_oof,0.3472293893676648
RFERF_LR_class_weight,RFERF,supervised,LR,class_weight,125,pred_anomaly,229,229,0.0,-0.3810306697381698,-0.540050795708347,0.848765608589741,-2.074998585598014,-1.5678761376693908,-0.9256639890240512,-0.540050795708347,0.0174622548685748,1.0495761587571342,2.0402339640130496,train_oof,0.3472293893676648
RFERF_LR_class_weight,RFERF,supervised,LR,class_weight,125,pred_normal,1024,1024,0.0,0.08599786853375246,-0.0826041901067694,1.0093757538419814,-1.5678761376693908,-1.024640424509486,-0.7230294379489777,-0.0826041901067694,0.6428775359644822,2.1974812346885915,3.3505325849330587,train_oof,0.3472293893676648
RFERF_LR_class_weight,RFERF,supervised,LR,class_weight,126,TP,48,48,0.0,0.006169574780169884,-0.0639999994404245,0.7735663406483062,-1.0150294529094606,-0.9359956664291856,-0.6054480163332882,-0.0639999994404245,0.35897566655906527,1.4222894935855577,1.9144295138586678,train_oof,0.3472293893676648
RFERF_LR_class_weight,RFERF,supervised,LR,class_weight,126,FP,181,181,0.0,0.09259274124088848,0.0378274757075997,0.9301762559022412,-1.2522483055908418,-1.094024074976217,-0.612301788699022,0.0378274757075997,0.6096279130772808,1.3655010939837753,4.189255308665547,train_oof,0.3472293893676648
RFERF_LR_class_weight,RFERF,supervised,LR,class_weight,126,TN,989,989,0.0,-0.029147635759851173,-0.0953315302551998,1.0192763485115792,-1.4479137155291237,-1.3055119079759618,-0.7532936773655167,-0.0953315302551998,0.4216387281886188,1.7532287878166393,4.717974891164911,train_oof,0.3472293893676648
RFERF_LR_class_weight,RFERF,supervised,LR,class_weight,126,FN,35,35,0.0,0.2848989758469847,0.1396549508556259,0.9384777304155403,-1.0497682877003447,-0.7881500053969572,-0.41452150043074243,0.1396549508556259,0.6644580920031405,1.9842988275756186,3.045262789791,train_oof,0.3472293893676648
RFERF_LR_class_weight,RFERF,supervised,LR,class_weight,126,pred_anomaly,229,229,0.0,0.07447784172073789,0.0104123862446712,0.8987062084341367,-1.2115173155316317,-1.0493766435651597,-0.612301788699022,0.0104123862446712,0.5743799409106554,1.4242477142614813,3.7723892911749397,train_oof,0.3472293893676648
RFERF_LR_class_weight,RFERF,supervised,LR,class_weight,126,pred_normal,1024,1024,0.0,-0.018413620714695662,-0.0953315302551998,1.017796797756428,-1.446503796642459,-1.2937625839204208,-0.740565242972015,-0.0953315302551998,0.4275133902163893,1.7965054647545464,4.628797521583344,train_oof,0.3472293893676648
RFERF_LR_class_weight,RFERF,supervised,LR,class_weight,129,TP,48,48,0.0,0.48481811229898225,0.460546058970014,0.6434735427818152,-1.033432754299251,-0.4660473580030001,0.25779762275393636,0.460546058970014,0.7791390818543478,1.4973836830161869,2.1410681284316446,train_oof,0.3472293893676648
RFERF_LR_class_weight,RFERF,supervised,LR,class_weight,129,FP,181,181,0.0,0.4272724089281437,0.460546058970014,0.776625705980791,-2.055053020378572,-1.2375282205928664,0.3060866100790058,0.460546058970014,0.885391181606804,1.618991925652575,1.811658045833748,train_oof,0.3472293893676648
RFERF_LR_class_weight,RFERF,supervised,LR,class_weight,129,TN,989,989,0.0,-0.11433474535984721,0.1902420234107497,1.0243509111723246,-2.624561009524277,-2.3935249416799045,-0.4180442476618792,0.1902420234107497,0.499160921192766,1.078465492720564,1.8394803397988948,train_oof,0.3472293893676648
RFERF_LR_class_weight,RFERF,supervised,LR,class_weight,129,FN,35,35,0.0,0.34371015146547457,0.460546058970014,0.7825053540694326,-1.803297180796072,-1.3996616590165145,0.209508635428867,0.460546058970014,0.7308500945292783,1.2947087211679755,1.5271163105458405,train_oof,0.3472293893676648
RFERF_LR_class_weight,RFERF,supervised,LR,class_weight,129,pred_anomaly,229,229,0.0,0.4393343904207212,0.460546058970014,0.7497160806437645,-1.982688931849508,-1.1558900340754201,0.3060866100790058,0.460546058970014,0.885391181606804,1.618991925652575,1.811658045833748,train_oof,0.3472293893676648
RFERF_LR_class_weight,RFERF,supervised,LR,class_weight,129,pred_normal,1024,1024,0.0,-0.09867891392538797,0.2288568856335018,1.0201365274926453,-2.615735921561741,-2.3935249416799045,-0.3504476858942962,0.2288568856335018,0.499160921192766,1.078465492720564,1.811658045833748,train_oof,0.3472293893676648
RFERF_LR_class_weight,RFERF,supervised,LR,class_weight,130,TP,48,48,0.0,0.3705756585172,0.3915348680087602,0.7343331369139079,-0.9578662925483664,-0.8376656071908054,-0.21635842255372303,0.3915348680087602,0.9317489657403147,1.199600041511729,1.5880420250137814,train_oof,0.3472293893676648
RFERF_LR_class_weight,RFERF,supervised,LR,class_weight,130,FP,181,181,0.0,0.2543843699291015,0.3159292832246588,0.8435550938469084,-1.5351880990699236,-1.1376490564954609,-0.3815932086544587,0.3159292832246588,0.9915017666180724,1.3487991269687396,1.6304909025353043,train_oof,0.3472293893676648
RFERF_LR_class_weight,RFERF,supervised,LR,class_weight,130,TN,989,989,0.0,-0.07635408941405658,0.1037458678628307,1.0288474745226763,-2.5924468411314554,-2.0522327433999004,-0.776693361397176,0.1037458678628307,0.7915128004149687,1.217830743004023,1.5786888825090388,train_oof,0.3472293893676648
RFERF_LR_class_weight,RFERF,supervised,LR,class_weight,130,FN,35,35,0.0,0.2883001455593181,0.1793514526469308,0.7706654049538255,-0.8391045521915352,-0.8001067037819297,-0.4004946048504837,0.1793514526469308,0.9640642560109387,1.4255022121771246,1.5916881653122403,train_oof,0.3472293893676648
RFERF_LR_class_weight,RFERF,supervised,LR,class_weight,130,pred_anomaly,229,229,0.0,0.27873887583403045,0.3610487451119463,0.821696063970686,-1.3865621527233731,-1.0913101496923034,-0.3279376323560655,0.3610487451119463,0.9841850971228362,1.3487991269687396,1.601224224554364,train_oof,0.3472293893676648
RFERF_LR_class_weight,RFERF,supervised,LR,class_weight,130,pred_normal,1024,1024,0.0,-0.06389032161711507,0.1037458678628307,1.0229589396674106,-2.5924468411314554,-2.0522327433999004,-0.7523044630797243,0.1037458678628307,0.7988294699102034,1.2231963006338635,1.595334305610699,train_oof,0.3472293893676648
RFERF_LR_class_weight,RFERF,supervised,LR,class_weight,131,TP,48,48,0.0,0.11938345362666192,0.061292721391503505,1.0432099251092632,-1.223964729311409,-1.1934670948879536,-0.4833078933131073,0.061292721391503505,0.4751891885670194,1.2376300491534546,4.056482830864569,train_oof,0.3472293893676648
RFERF_LR_class_weight,RFERF,supervised,LR,class_weight,131,FP,181,181,0.0,0.05635821858423406,-0.0476274015494089,1.2346626566765484,-1.5725091227223775,-1.180396680135044,-0.6140120408422507,-0.0476274015494089,0.4751891885670194,1.3901182212707328,3.655656778441885,train_oof,0.3472293893676648
RFERF_LR_class_weight,RFERF,supervised,LR,class_weight,131,TN,989,989,0.0,-0.018089257096848468,-0.0476274015494089,0.9527710007719372,-1.5725091227223775,-1.3982369260168692,-0.6575800900186157,-0.0476274015494089,0.5187572377433844,1.3901182212707328,1.8780803720461194,train_oof,0.3472293893676648
RFERF_LR_class_weight,RFERF,supervised,LR,class_weight,131,FN,35,35,0.0,0.0681391291192111,-0.0040593523730439,0.7881973747560828,-1.163840821448009,-0.8710635309828042,-0.5268759424894723,-0.0040593523730439,0.5405412623315669,1.3901182212707328,1.6776673458348041,train_oof,0.3472293893676648
RFERF_LR_class_weight,RFERF,supervised,LR,class_weight,131,pred_anomaly,229,229,0.0,0.06956874820011412,-0.0040593523730439,1.1951853783397368,-1.5725091227223775,-1.206537509640863,-0.5704439916658374,-0.0040593523730439,0.4751891885670194,1.3901182212707328,4.387600004604976,train_oof,0.3472293893676648
RFERF_LR_class_weight,RFERF,supervised,LR,class_weight,131,pred_normal,1024,1024,0.0,-0.015141997802354238,-0.0476274015494089,0.9474219401389012,-1.5725091227223775,-1.3982369260168692,-0.6575800900186157,-0.0476274015494089,0.5187572377433844,1.3901182212707328,1.8257987130344795,train_oof,0.3472293893676648
RFERF_LR_class_weight,RFERF,supervised,LR,class_weight,132,TP,48,48,0.0,0.13229940694898004,0.20653416993998874,1.1189737573722407,-2.219401858370029,-2.217534317162704,-0.39481409881738116,0.20653416993998874,0.9105972051000207,1.5250182623086366,1.8253375638579312,train_oof,0.3472293893676648
RFERF_LR_class_weight,RFERF,supervised,LR,class_weight,132,FP,181,181,0.0,0.04026109504508168,-0.008233068901931,1.0145074074599572,-2.219401858370029,-1.8066752515520808,-0.6674751150862528,-0.008233068901931,0.8022798150753984,1.5679717100770196,2.019916682248707,train_oof,0.3472293893676648
RFERF_LR_class_weight,RFERF,supervised,LR,class_weight,132,TN,989,989,0.0,-0.011249861658954726,-0.1949871896340301,0.9834656797920414,-1.9859592074548964,-1.3285847024778996,-0.7963354583914022,-0.1949871896340301,0.6360686476238242,1.8316685285507508,2.0044534410520938,train_oof,0.3472293893676648
RFERF_LR_class_weight,RFERF,supervised,LR,class_weight,132,FN,35,35,0.0,-0.08320150879581521,-0.1576363654876136,1.1674761873177106,-2.371195607701082,-2.098571942256356,-0.8467590709890687,-0.1576363654876136,1.0497290250454347,1.5547121675050388,1.8416411985978423,train_oof,0.3472293893676648
RFERF_LR_class_weight,RFERF,supervised,LR,class_weight,132,pred_anomaly,229,229,0.0,0.05955296828258005,0.0702036618055519,1.0354055462133525,-2.219401858370029,-1.9859592074548964,-0.6674751150862528,0.0702036618055519,0.8639086749169897,1.5597545287648062,1.980698316894968,train_oof,0.3472293893676648
RFERF_LR_class_weight,RFERF,supervised,LR,class_weight,132,pred_normal,1024,1024,0.0,-0.0137091464732029,-0.1949871896340301,0.9897397939919806,-1.9859592074548964,-1.3640679854169997,-0.7963354583914022,-0.1949871896340301,0.651008977282399,1.8238248554800016,1.9975061877608595,train_oof,0.3472293893676648
RFERF_LR_class_weight,RFERF,supervised,LR,class_weight,133,TP,48,48,0.0,0.18852316883561146,0.1222732321194762,0.977890478621654,-2.253125660751589,-1.3844359124647605,-0.40999365950122435,0.1222732321194762,1.2171482288284647,1.5446900499745626,1.5581217340093414,train_oof,0.3472293893676648
RFERF_LR_class_weight,RFERF,supervised,LR,class_weight,133,FP,181,181,0.0,0.21503503896576084,0.3186794293210581,0.9596066340419652,-2.0155102880738345,-1.3797273463556723,-0.3921174183085066,0.3186794293210581,0.9680012134415914,1.5446900499745626,1.9347861398110824,train_oof,0.3472293893676648
RFERF_LR_class_weight,RFERF,supervised,LR,class_weight,133,TN,989,989,0.0,-0.06006941515898195,-0.0351565858625062,1.0047239949997921,-2.640431060127601,-1.7781095369914661,-0.6414930788609178,-0.0351565858625062,0.6096837530133621,1.5574027211787602,2.1469719020373548,train_oof,0.3472293893676648
RFERF_LR_class_weight,RFERF,supervised,LR,class_weight,133,FN,35,35,0.0,0.31627146909194165,0.3568021999226186,0.7869289472156011,-1.1506431820946568,-0.8501074036014022,-0.32674776547971296,0.3568021999226186,0.8954063733816364,1.465938557757086,1.6861756784126811,train_oof,0.3472293893676648
RFERF_LR_class_weight,RFERF,supervised,LR,class_weight,133,pred_anomaly,229,229,0.0,0.20947796575070773,0.2667617337317233,0.9613665051860341,-2.119139593743298,-1.4386171951929738,-0.3921174183085066,0.2667617337317233,0.9968562333331396,1.5446900499745626,1.917597510846208,train_oof,0.3472293893676648
RFERF_LR_class_weight,RFERF,supervised,LR,class_weight,133,pred_normal,1024,1024,0.0,-0.0472062013418117,-0.032519544953245105,1.0000973114636849,-2.640431060127601,-1.7534547287909434,-0.6297712033740678,-0.032519544953245105,0.6281354178727083,1.5574027211787602,2.1469719020373548,train_oof,0.3472293893676648
RFERF_LR_class_weight,RFERF,supervised,LR,class_weight,137,TP,48,48,0.0,0.2008421860546333,0.3144137658246421,0.9031779438540718,-1.74950638613451,-1.21972926664896,-0.5251574180067757,0.3144137658246421,0.8954701986712712,1.4253050868162591,2.0118495423094935,train_oof,0.3472293893676648
RFERF_LR_class_weight,RFERF,supervised,LR,class_weight,137,FP,181,181,0.0,0.12465705456493978,0.1141410645760796,1.005200451978024,-1.6674363772930074,-1.4475303470325764,-0.6252897610325411,0.1141410645760796,0.8227779688785283,1.6989359703539757,2.6682940757226334,train_oof,0.3472293893676648
RFERF_LR_class_weight,RFERF,supervised,LR,class_weight,137,TN,989,989,0.0,-0.03748500098171363,-0.145809887697626,1.0012341256542348,-1.8274940763757306,-1.5064543796592769,-0.8448106668967192,-0.145809887697626,0.6879844301899979,1.7362930367905087,2.1889682521462217,train_oof,0.3472293893676648
RFERF_LR_class_weight,RFERF,supervised,LR,class_weight,137,FN,35,35,0.0,0.1508459093831978,0.1025953478855229,0.931261551254487,-1.647371396248229,-1.4140245245585703,-0.5001243322503344,0.1025953478855229,0.6090339289581442,1.6665855210687268,2.0607988530732415,train_oof,0.3472293893676648
RFERF_LR_class_weight,RFERF,supervised,LR,class_weight,137,pred_anomaly,229,229,0.0,0.14062599042304147,0.2008020689300235,0.9832736301936434,-1.6884641693284181,-1.43751711273,-0.5867773214072467,0.2008020689300235,0.8497366766162344,1.6365458181609982,2.599741933189611,train_oof,0.3472293893676648
RFERF_LR_class_weight,RFERF,supervised,LR,class_weight,137,pred_normal,1024,1024,0.0,-0.031047909318850465,-0.1371445887819347,0.9990834214331353,-1.8231806831376978,-1.506935785154593,-0.8322941240184984,-0.1371445887819347,0.6850959972181005,1.7430327137249353,2.179628985537087,train_oof,0.3472293893676648
RFERF_LR_class_weight,RFERF,supervised,LR,class_weight,139,TP,48,48,0.0,-0.16083726088618375,-0.3577938395366098,0.7495177053415976,-1.062579113241843,-0.934626322980487,-0.5246506857979375,-0.3577938395366098,0.11669841622743099,0.595974354130743,2.4819965967459465,train_oof,0.3472293893676648
RFERF_LR_class_weight,RFERF,supervised,LR,class_weight,139,FP,181,181,0.0,0.018364471558836432,-0.3521812730789957,0.9984764382489876,-1.0549741414088487,-0.9449734105468844,-0.6462526398159197,-0.3521812730789957,0.4502820093853092,1.636145612578937,4.122434549400165,train_oof,0.3472293893676648
RFERF_LR_class_weight,RFERF,supervised,LR,class_weight,139,TN,989,989,0.0,0.003576233272156002,-0.3039715187462845,0.9982009985394615,-1.1114761562387847,-0.9802865197830795,-0.668995606001677,-0.3039715187462845,0.2976246591040241,2.2333802579775384,3.658510860281014,train_oof,0.3472293893676648
RFERF_LR_class_weight,RFERF,supervised,LR,class_weight,139,FN,35,35,0.0,0.052925432189842976,-0.3634064059942239,1.2768252360746715,-1.1184206801787089,-1.0433006717818838,-0.785167559836957,-0.3634064059942239,0.5224892926576226,3.2704199569264456,3.9174879670144005,train_oof,0.3472293893676648
RFERF_LR_class_weight,RFERF,supervised,LR,class_weight,139,pred_anomaly,229,229,0.0,-0.019197463626145956,-0.3521812730789957,0.953004909254899,-1.0549741414088487,-0.9449734105468844,-0.6370440934856278,-0.3521812730789957,0.3125382622326279,1.6064010904576305,3.999420212162652,train_oof,0.3472293893676648
RFERF_LR_class_weight,RFERF,supervised,LR,class_weight,139,pred_normal,1024,1024,0.0,0.005262973469537892,-0.30781376808033867,1.0082554184451948,-1.1294296828544248,-0.9925218032265326,-0.6690665524075939,-0.30781376808033867,0.30157871403064895,2.302563032819591,3.676671542972988,train_oof,0.3472293893676648
RFERF_LR_class_weight,RFERF,supervised,LR,class_weight,144,TP,48,48,0.0,-0.3375379371397395,-0.29777244860452734,0.45674854275728033,-1.1115350332213771,-0.9533843291502867,-0.7241073026700249,-0.29777244860452734,-0.021549771209037925,0.31634500912188035,0.7703590840562874,train_oof,0.3472293893676648
RFERF_LR_class_weight,RFERF,supervised,LR,class_weight,144,FP,181,181,0.0,-0.22066771080576844,-0.3539119618307093,0.662426833761123,-1.1655754168225803,-1.038976746416871,-0.6500682345021618,-0.3539119618307093,0.0447599436885538,1.1626685114099158,2.0973507258191564,train_oof,0.3472293893676648
RFERF_LR_class_weight,RFERF,supervised,LR,class_weight,144,TN,989,989,0.0,0.05794193252733114,-0.1667802510767694,1.0509734510256932,-1.1560072910901178,-0.9748637950803042,-0.5768427824680114,-0.1667802510767694,0.2709452288607055,2.0410484893662346,4.246208568890662,train_oof,0.3472293893676648
RFERF_LR_class_weight,RFERF,supervised,LR,class_weight,144,FN,35,35,0.0,-0.013216017382294137,-0.4336463429345617,1.2609810650851787,-1.0935541166663245,-1.0674533110968187,-0.6525090829033,-0.4336463429345617,0.15297088947235377,2.167158990091715,4.302836251797061,train_oof,0.3472293893676648
RFERF_LR_class_weight,RFERF,supervised,LR,class_weight,144,pred_anomaly,229,229,0.0,-0.24516452680590214,-0.3343851746216024,0.6258642212801954,-1.1390189862181952,-1.038325853509901,-0.6744767185135452,-0.3343851746216024,0.0415054791537025,0.9449448340283753,1.9619650011693524,train_oof,0.3472293893676648
RFERF_LR_class_weight,RFERF,supervised,LR,class_weight,144,pred_normal,1024,1024,0.0,0.05550977603627949,-0.17491641241389722,1.0581916676151817,-1.1513859514506293,-0.9799082151093234,-0.5809108631365754,-0.17491641241389722,0.25874098685501506,2.052683200078327,4.413325322755262,train_oof,0.3472293893676648
RFERF_LR_class_weight,RFERF,supervised,LR,class_weight,156,TP,48,48,0.0,-0.0012453083197657606,-0.132755935793469,0.43516172830732197,-0.5044633279206331,-0.41614783563613,-0.2402968813925359,-0.132755935793469,0.0473393011031015,0.9637028679491232,1.356172831973281,train_oof,0.3472293893676648
RFERF_LR_class_weight,RFERF,supervised,LR,class_weight,156,FP,181,181,0.0,0.20445761287145614,-0.0851511438749487,2.234172900062249,-0.46071280349238336,-0.4109285150763886,-0.230833278179818,-0.0851511438749487,0.0937969896018984,0.6283471831929933,7.050749809540121,train_oof,0.3472293893676648
RFERF_LR_class_weight,RFERF,supervised,LR,class_weight,156,TN,989,989,0.0,-0.03934819741905776,-0.1264468669849904,0.5776816240343661,-0.4879220966082219,-0.4109285150763886,-0.2618050705123493,-0.1264468669849904,0.083473058824388,0.48220620752023474,0.8994765474788113,train_oof,0.3472293893676648
RFERF_LR_class_weight,RFERF,supervised,LR,class_weight,156,FN,35,35,0.0,0.05623754620181291,-0.0840040404552254,0.4440740957450769,-0.4265061795162321,-0.35885001982094716,-0.22624486450092451,-0.0840040404552254,0.16147609136557778,1.1134572193940098,1.3432449764329975,train_oof,0.3472293893676648
RFERF_LR_class_weight,RFERF,supervised,LR,class_weight,156,pred_anomaly,229,229,0.0,0.16134084336412577,-0.101210591751076,1.996686576854482,-0.489986882763724,-0.42125244585389904,-0.2342745884389882,-0.101210591751076,0.0903556793427282,0.7331924357557101,3.8792841588258367,train_oof,0.3472293893676648
RFERF_LR_class_weight,RFERF,supervised,LR,class_weight,156,pred_normal,1024,1024,0.0,-0.036081106572641276,-0.12587331527512874,0.5737199867032521,-0.4867291090517096,-0.4109285150763886,-0.2606579670926259,-0.12587331527512874,0.0846201622441113,0.5005025070648224,0.94011842163961,train_oof,0.3472293893676648
RFERF_LR_class_weight,RFERF,supervised,LR,class_weight,173,TP,48,48,0.0,-0.07332070358197018,-0.0540188512010004,0.6863899319177433,-1.7419207970076374,-1.3398747451496504,-0.33760593150404133,-0.0540188512010004,0.4126202947488463,1.078501560653777,1.2090978503417666,train_oof,0.3472293893676648
RFERF_LR_class_weight,RFERF,supervised,LR,class_weight,173,FP,181,181,0.0,-0.058847756020781294,-0.0252945612992193,0.9514336927245403,-1.8406696830917975,-1.6411664332285167,-0.8055507269948786,-0.0252945612992193,0.5209892066510216,1.5446184467872277,2.2091418371695264,train_oof,0.3472293893676648
RFERF_LR_class_weight,RFERF,supervised,LR,class_weight,173,TN,989,989,0.0,0.012403197824015784,0.0593115289569364,1.018368352939348,-2.733733969128998,-1.6965259737664948,-0.6321604679513981,0.0593115289569364,0.6390199251565226,1.6887621561125306,2.5348230586740885,train_oof,0.3472293893676648
RFERF_LR_class_weight,RFERF,supervised,LR,class_weight,173,FN,35,35,0.0,0.05014959960644642,0.0237978614420072,1.1005888013080722,-1.9936500285105208,-1.5115415467990232,-0.624848830521854,0.0237978614420072,0.580004565903772,1.7223956882884335,2.629749002902226,train_oof,0.3472293893676648
RFERF_LR_class_weight,RFERF,supervised,LR,class_weight,173,pred_anomaly,229,229,0.0,-0.06188138695063748,-0.0252945612992193,0.9010028606655659,-1.8312690063966688,-1.587269220176447,-0.5548660151247871,-0.0252945612992193,0.5168111281198537,1.3653788778001124,2.1121686344611144,train_oof,0.3472293893676648
RFERF_LR_class_weight,RFERF,supervised,LR,class_weight,173,pred_normal,1024,1024,0.0,0.013693358041188713,0.0593115289569364,1.0207339425197262,-2.733733969128998,-1.6965259737664948,-0.6321604679513981,0.0593115289569364,0.6390199251565226,1.6887621561125306,2.5348230586740885,train_oof,0.3472293893676648
RFERF_LR_class_weight,RFERF,supervised,LR,class_weight,182,TP,48,48,0.0,-0.20106964090970017,-0.32201348723286866,0.6298493660257274,-1.3478619539219188,-1.1604917223131315,-0.5800796389305918,-0.32201348723286866,0.14617533385176215,0.7624562447409122,1.2001032919090242,train_oof,0.3472293893676648
RFERF_LR_class_weight,RFERF,supervised,LR,class_weight,182,FP,181,181,0.0,0.03196579018453402,-0.2355968401047319,1.2568058961340474,-1.4605824078882361,-1.2749641850157454,-0.6593935479386076,-0.2355968401047319,0.4060171700795157,2.015971143973568,3.431310093376279,train_oof,0.3472293893676648
RFERF_LR_class_weight,RFERF,supervised,LR,class_weight,182,TN,989,989,0.0,0.0028839108395662936,-0.0982772364490627,0.9662434037477633,-1.5054717128073998,-1.281119891386517,-0.7493615641268047,-0.0982772364490627,0.6498778455369971,1.5500315232936381,2.5035977917135965,train_oof,0.3472293893676648
RFERF_LR_class_weight,RFERF,supervised,LR,class_weight,182,FN,35,35,0.0,0.04871562007496151,0.2781678839173407,0.8553026614642993,-1.4637076126610895,-1.3218422566085428,-0.7079289250927665,0.2781678839173407,0.6700022702106727,1.0440798112037024,1.831489359200293,train_oof,0.3472293893676648
RFERF_LR_class_weight,RFERF,supervised,LR,class_weight,182,pred_anomaly,229,229,0.0,-0.016880064367969228,-0.2379644194781055,1.156648707258625,-1.4315085331832083,-1.274017153266396,-0.6309825954581243,-0.2379644194781055,0.342092526998428,1.8611314529549337,2.84632858180316,train_oof,0.3472293893676648
RFERF_LR_class_weight,RFERF,supervised,LR,class_weight,182,pred_normal,1024,1024,0.0,0.004450424338822957,-0.0852555498955077,0.9623236051385468,-1.5029857544653575,-1.2820669231358663,-0.7493615641268047,-0.0852555498955077,0.6504697403803406,1.5166486541290738,2.499146742491654,train_oof,0.3472293893676648
RFERF_LR_class_weight,RFERF,supervised,LR,class_weight,183,TP,48,48,0.0,0.15472268466789876,0.4412872090314412,0.9431065353127062,-1.4446503110937408,-1.272771934189307,-0.6090534267527783,0.4412872090314412,0.8536314875673335,1.3129828675830713,1.8907950980475794,train_oof,0.3472293893676648
RFERF_LR_class_weight,RFERF,supervised,LR,class_weight,183,FP,181,181,0.0,0.04298491960370475,0.1003974108306978,1.148829248277698,-1.6581580536141078,-1.448343710537881,-0.8101535412395141,0.1003974108306978,0.7388801266196895,1.4728792715977337,2.703446829762574,train_oof,0.3472293893676648
RFERF_LR_class_weight,RFERF,supervised,LR,class_weight,183,TN,989,989,0.0,-0.019833360873021566,0.0114632776807076,0.9750191786855743,-1.8647192797145846,-1.4644922768203792,-0.7958187631988909,0.0114632776807076,0.7112344832556305,1.5188675799239781,1.8808529055636887,train_oof,0.3472293893676648
RFERF_LR_class_weight,RFERF,supervised,LR,class_weight,183,FN,35,35,0.0,0.12184942706466857,0.4657879776212821,0.9549289989397571,-1.5545731922136194,-1.4670081766397538,-0.7130281063520247,0.4657879776212821,0.8042642672743696,1.2506902119680698,1.6069679555756862,train_oof,0.3472293893676648
RFERF_LR_class_weight,RFERF,supervised,LR,class_weight,183,pred_anomaly,229,229,0.0,0.06640593586170174,0.1777759576010018,1.1078733019360467,-1.652078937538921,-1.4066265809747607,-0.8051802508988899,0.1777759576010018,0.7640391248134368,1.4136678618952399,2.336622785167951,train_oof,0.3472293893676648
RFERF_LR_class_weight,RFERF,supervised,LR,class_weight,183,pred_normal,1024,1024,0.0,-0.014990687457182537,0.023165137305706303,0.9742216310504914,-1.8523518768234144,-1.46719833185866,-0.7952702385289688,0.023165137305706303,0.7150741559450828,1.5148962613137427,1.8761516834593452,train_oof,0.3472293893676648
RFERF_LR_class_weight,RFERF,supervised,LR,class_weight,200,TP,48,48,0.0,0.12430028782326737,0.09348880130822221,0.4187660434747547,-0.6536574764016253,-0.5820121501108595,-0.12135169289998268,0.09348880130822221,0.4446601770263252,0.8172625551296416,0.9750138296176318,train_oof,0.3472293893676648
RFERF_LR_class_weight,RFERF,supervised,LR,class_weight,200,FP,181,181,0.0,0.13491739306924247,0.0091440146931494,1.6268128793358914,-1.0604964112856763,-0.7727692901535027,-0.3144429025093321,0.0091440146931494,0.3327309318956306,0.8345558887375117,2.684836490708345,train_oof,0.3472293893676648
RFERF_LR_class_weight,RFERF,supervised,LR,class_weight,200,TN,989,989,0.0,-0.044614539101649295,-0.0629999537323218,0.7349616450218266,-1.1237284777291776,-0.7899565296901591,-0.3844649895105249,-0.0629999537323218,0.2308806235302596,0.7259155598144492,1.1202460037023785,train_oof,0.3472293893676648
RFERF_LR_class_weight,RFERF,supervised,LR,class_weight,200,FN,35,35,0.0,0.3956295598296025,-0.0385983173531186,2.522893584947757,-0.9871641892626091,-0.5221750939462039,-0.2804927997208751,-0.0385983173531186,0.23830720851523446,0.8890882413414705,10.037325376347553,train_oof,0.3472293893676648
RFERF_LR_class_weight,RFERF,supervised,LR,class_weight,200,pred_anomaly,229,229,0.0,0.1326919736290381,0.0176315403902635,1.457918573893725,-1.03439726976705,-0.767888962877662,-0.3070163175243571,0.0176315403902635,0.3539497461384165,0.8303121258889546,1.2903784563010339,train_oof,0.3472293893676648
RFERF_LR_class_weight,RFERF,supervised,LR,class_weight,200,pred_normal,1024,1024,0.0,-0.029567133376460032,-0.0629999537323218,0.8600211341931161,-1.1340726496725357,-0.7883651186219501,-0.3834040487983856,-0.0629999537323218,0.23326774013257295,0.738063330968443,1.133348621497298,train_oof,0.3472293893676648
RFERF_LR_class_weight,RFERF,supervised,LR,class_weight,217,TP,48,48,0.0,-0.0071277585516540355,-0.1091197752677112,0.7010121442770265,-0.8498766709772329,-0.7886297321140993,-0.49398229650226716,-0.1091197752677112,0.30419360439144216,1.3161130453041279,1.8461887479378305,train_oof,0.3472293893676648
RFERF_LR_class_weight,RFERF,supervised,LR,class_weight,217,FP,181,181,0.0,0.0388358614349901,-0.0894628185379893,0.7510611427530351,-1.1521799739469567,-0.8612570143470719,-0.4598412663927501,-0.0894628185379893,0.4567468038320673,1.0340874450661173,2.0897694791191737,train_oof,0.3472293893676648
RFERF_LR_class_weight,RFERF,supervised,LR,class_weight,217,TN,989,989,0.0,-0.013610462415938999,-0.2260269389760576,1.0471532023575014,-1.1933147423455748,-0.9245731065501763,-0.5550223200314037,-0.2260269389760576,0.2395325625173567,1.4201914583046555,2.6210452906900703,train_oof,0.3472293893676648
RFERF_LR_class_weight,RFERF,supervised,LR,class_weight,217,FN,35,35,0.0,0.1704819596291907,-0.2280960923160284,0.8863047561588656,-0.929828756033702,-0.7263482165809803,-0.47846364645248673,-0.2280960923160284,0.6957808739809028,1.9761729607547909,2.1502715227799274,train_oof,0.3472293893676648
RFERF_LR_class_weight,RFERF,supervised,LR,class_weight,217,pred_anomaly,229,229,0.0,0.029201565542593073,-0.1018777385778138,0.7395871008376759,-1.1144386170258904,-0.8322888675874816,-0.4701870330926038,-0.1018777385778138,0.4485170498544005,1.2004473735997636,2.0857139385728414,train_oof,0.3472293893676648
RFERF_LR_class_weight,RFERF,supervised,LR,class_weight,217,pred_normal,1024,1024,0.0,-0.007318240959318357,-0.227061515646043,1.042229220279239,-1.1894661171332293,-0.9214693765402201,-0.5457111300015355,-0.227061515646043,0.24884375254722502,1.4395380420333805,2.557087760951571,train_oof,0.3472293893676648
RFERF_LR_class_weight,RFERF,supervised,LR,class_weight,227,TP,48,48,0.0,0.0810979855062588,-0.15714287438294827,0.9013994026124285,-0.8182332102387774,-0.691670090950696,-0.47130664566542646,-0.15714287438294827,0.3410311057935419,1.5752459215461077,3.311135399498029,train_oof,0.3472293893676648
RFERF_LR_class_weight,RFERF,supervised,LR,class_weight,227,FP,181,181,0.0,0.07970735002827244,-0.1481667666320204,0.9517667964200718,-0.8716410513567976,-0.8034226324497465,-0.3815455681561421,-0.1481667666320204,0.2108775434050894,1.5303653827914696,3.2842968373227466,train_oof,0.3472293893676648
RFERF_LR_class_weight,RFERF,supervised,LR,class_weight,227,TN,989,989,0.0,-0.026791977106685867,-0.2738322751450091,0.9965211377455018,-0.9850990533285242,-0.8303509557025297,-0.5520916154237695,-0.2738322751450091,0.1390686813976675,1.5662698137951763,4.559622226574568,train_oof,0.3472293893676648
RFERF_LR_class_weight,RFERF,supervised,LR,class_weight,227,FN,35,35,0.0,0.22600869647093924,-0.1571428743829484,1.3793804683731634,-0.8854642572932263,-0.7073782795148196,-0.421938053035317,-0.1571428743829484,0.31410278254075874,2.0752151232727836,5.381833696559533,train_oof,0.3472293893676648
RFERF_LR_class_weight,RFERF,supervised,LR,class_weight,227,pred_anomaly,229,229,0.0,0.07999883694068878,-0.1481667666320204,0.9394925868481568,-0.8662553867062409,-0.7944465246988188,-0.4354022146617086,-0.1481667666320204,0.2198536511560174,1.5303653827914696,3.5736865512126625,train_oof,0.3472293893676648
RFERF_LR_class_weight,RFERF,supervised,LR,class_weight,227,pred_normal,1024,1024,0.0,-0.018151329084013148,-0.2738322751450091,1.0121401574103073,-0.9808802826855882,-0.8303509557025297,-0.5520916154237695,-0.2738322751450091,0.15028881608632713,1.5918517208853238,4.72882185767955,train_oof,0.3472293893676648
RFERF_LR_class_weight,RFERF,supervised,LR,class_weight,252,TP,48,48,0.0,-0.026304632522596138,-0.0274861700254819,0.01260317456688827,-0.046356860599831726,-0.04265521405929441,-0.036492707382642424,-0.0274861700254819,-0.016730523912394924,-0.005550963064462091,-0.0007498489322400872,train_oof,0.3472293893676648
RFERF_LR_class_weight,RFERF,supervised,LR,class_weight,252,FP,181,181,0.0,0.16774112334090413,-0.0316585919852777,2.6316935290708483,-0.05511645841445084,-0.0490210941601404,-0.0397573860341768,-0.0316585919852777,-0.016959544907856,-0.0029625045236532,0.031445554229923955,train_oof,0.3472293893676648
RFERF_LR_class_weight,RFERF,supervised,LR,class_weight,252,TN,989,989,0.0,-0.028382517645999354,-0.0301350289441529,0.019798517981842206,-0.0553962602109085,-0.04966999856488224,-0.0402939693680036,-0.0301350289441529,-0.0173654576888856,-0.004699866830950546,0.005384063135145513,train_oof,0.3472293893676648
RFERF_LR_class_weight,RFERF,supervised,LR,class_weight,252,FN,35,35,0.0,-0.029377457477875086,-0.0300349408611593,0.013687706183159079,-0.0516367015934613,-0.048682879846357816,-0.03766943741394915,-0.0300349408611593,-0.021297390227044,-0.013139794429386193,0.009590542845404419,train_oof,0.3472293893676648
RFERF_LR_class_weight,RFERF,supervised,LR,class_weight,252,pred_anomaly,229,229,0.0,0.12706777713370754,-0.0312749210004689,2.3396674263024213,-0.05436385163482949,-0.04839554364143036,-0.039206901577712,-0.0312749210004689,-0.016959544907856,-0.0033450634186510024,0.002841158573221348,train_oof,0.3472293893676648
RFERF_LR_class_weight,RFERF,supervised,LR,class_weight,252,pred_normal,1024,1024,0.0,-0.028416524378534168,-0.0301294684950977,0.019617082477352683,-0.055348968591694025,-0.04967799171039909,-0.0402918841996079,-0.0301294684950977,-0.0175162848695079,-0.00473573172735658,0.005521406226808948,train_oof,0.3472293893676648
RFERF_LR_class_weight,RFERF,supervised,LR,class_weight,271,TP,48,48,0.0,0.08046982312859227,-0.055861526768176,1.0124214875514252,-1.5285771094203997,-1.1371811692810563,-0.8136402074685529,-0.055861526768176004,0.9155855435422847,1.8012544401560822,1.8625660732159648,train_oof,0.3472293893676648
RFERF_LR_class_weight,RFERF,supervised,LR,class_weight,271,FP,181,181,0.0,0.06705432969233223,0.0934681268756115,0.9415220861154834,-1.5101942057738513,-1.3195305337190348,-0.8351918305804721,0.0934681268756115,0.8137038717221037,1.5672259424965005,1.990600703328779,train_oof,0.3472293893676648
RFERF_LR_class_weight,RFERF,supervised,LR,class_weight,271,TN,989,989,0.0,-0.02414400174175058,-0.0658854724565001,1.0051457032682027,-1.6070740322082548,-1.3785249371571688,-0.9267586021068068,-0.0658854724565001,0.7073767492463972,1.6633741300036329,2.2157973298905462,train_oof,0.3472293893676648
RFERF_LR_class_weight,RFERF,supervised,LR,class_weight,271,FN,35,35,0.0,0.22533578816561994,0.2267253362047398,1.0867381367439666,-1.5888099163746918,-1.4487121404585033,-0.6729734474401425,0.2267253362047398,1.2521640693226168,1.7271871893316837,1.8537167448418177,train_oof,0.3472293893676648
RFERF_LR_class_weight,RFERF,supervised,LR,class_weight,271,pred_anomaly,229,229,0.0,0.06986631084927757,0.0588836957846076,0.9545486456086179,-1.5532671255753452,-1.3161867938678806,-0.8351918305804721,0.0588836957846076,0.8630654396051053,1.6264698954616785,1.9763390038110258,train_oof,0.3472293893676648
RFERF_LR_class_weight,RFERF,supervised,LR,class_weight,271,pred_normal,1024,1024,0.0,-0.015616860485150999,-0.0573162997957865,1.0084937478663485,-1.6052024667082339,-1.3919541707862768,-0.9237329539734205,-0.0573162997957865,0.7240996449628248,1.684025192658652,2.209852064196363,train_oof,0.3472293893676648
RFERF_LR_class_weight,RFERF,supervised,LR,class_weight,273,TP,48,48,0.0,0.16522159464858607,-0.1732097515049946,1.1147711033182723,-1.4515948629972821,-0.7813200470100851,-0.4373305802073919,-0.1732097515049946,0.19086410133136097,2.4669732788114342,3.8365953383785487,train_oof,0.3472293893676648
RFERF_LR_class_weight,RFERF,supervised,LR,class_weight,273,FP,181,181,0.0,0.14229262701910336,-0.2335718985761292,1.1759953679239763,-1.7580741282160812,-1.0013358275837905,-0.4373305802073919,-0.2335718985761292,0.4952601564440181,1.7442991006046118,5.071767843983742,train_oof,0.3472293893676648
RFERF_LR_class_weight,RFERF,supervised,LR,class_weight,273,TN,989,989,0.0,-0.029121573105101817,-0.1470650718056974,0.9639176012987243,-2.796662974903808,-1.3717462484519671,-0.4902282501370407,-0.1470650718056974,0.4906978274611072,1.4557860681908563,2.7135658930242075,train_oof,0.3472293893676648
RFERF_LR_class_weight,RFERF,supervised,LR,class_weight,273,FN,35,35,0.0,-0.013923276858667824,-0.1876444534814844,0.7974967106908128,-1.3938852033042681,-1.0002332647462533,-0.3870689225789812,-0.1876444534814844,0.3621668815036331,0.9590183629297826,2.4374253551535996,train_oof,0.3472293893676648
RFERF_LR_class_weight,RFERF,supervised,LR,class_weight,273,pred_anomaly,229,229,0.0,0.14709869883663684,-0.204626455806767,1.1610666066834514,-1.7580741282160812,-0.9770439603769983,-0.4373305802073919,-0.204626455806767,0.3691117600665095,1.9687961020904206,5.006668478652021,train_oof,0.3472293893676648
RFERF_LR_class_weight,RFERF,supervised,LR,class_weight,273,pred_normal,1024,1024,0.0,-0.02860210008886628,-0.1470650718056974,0.9583809145065728,-2.796662974903808,-1.3347609681638297,-0.4892650917962042,-0.1470650718056974,0.4892720996539472,1.4264239084167363,2.7135658930242075,train_oof,0.3472293893676648
RFERF_LR_class_weight,RFERF,supervised,LR,class_weight,280,TP,48,48,0.0,-0.22743099334294237,-0.46564617352459425,0.6714594465653142,-1.1964080003336923,-1.0977496639819166,-0.7440540384282535,-0.46564617352459425,0.2872314329754422,0.9820747239744345,1.0503042570635004,train_oof,0.3472293893676648
RFERF_LR_class_weight,RFERF,supervised,LR,class_weight,280,FP,181,181,0.0,-0.24692344345943656,-0.3244816223058373,0.6473401941996245,-1.3283184309725529,-1.1400990293475437,-0.747975275962108,-0.3244816223058373,0.130381931621268,1.1028488400171488,1.5137945335650833,train_oof,0.3472293893676648
RFERF_LR_class_weight,RFERF,supervised,LR,class_weight,280,TN,989,989,0.0,0.06088051967196178,-0.1362622206808282,1.065167014956412,-1.3948226195467228,-1.1181400991579593,-0.5597558743370987,-0.1362622206808282,0.4754508346004515,1.526342493673419,4.962601369340669,train_oof,0.3472293893676648
RFERF_LR_class_weight,RFERF,supervised,LR,class_weight,280,FN,35,35,0.0,-0.14163991787011423,-0.1676321209516629,0.6778659726107072,-1.0823784128492075,-1.0616742786704567,-0.7558177510298167,-0.1676321209516629,0.3813411337879467,0.8879650231619294,1.1122598100983985,train_oof,0.3472293893676648
RFERF_LR_class_weight,RFERF,supervised,LR,class_weight,280,pred_anomaly,229,229,0.0,-0.24283768972322817,-0.3401665724412546,0.6510235194070128,-1.3019677147450515,-1.1338250492933768,-0.747975275962108,-0.3401665724412546,0.1460668817566854,1.0024651591504772,1.4221944247742473,train_oof,0.3472293893676648
RFERF_LR_class_weight,RFERF,supervised,LR,class_weight,280,pred_normal,1024,1024,0.0,0.05395843440441035,-0.1362622206808282,1.0546991719286485,-1.3910582315142226,-1.0930441789412912,-0.5597558743370987,-0.1362622206808282,0.4636871219988885,1.5106575435380016,4.8482580828534685,train_oof,0.3472293893676648
RFERF_LR_class_weight,RFERF,supervised,LR,class_weight,281,TP,48,48,0.0,-0.19016812736706776,-0.2995154980071485,0.7929290580173778,-1.324868119038991,-1.0896084143767566,-0.574047194507778,-0.2995154980071485,0.0448123925190645,1.022889724797578,2.6393695784301,train_oof,0.3472293893676648
RFERF_LR_class_weight,RFERF,supervised,LR,class_weight,281,FP,181,181,0.0,-0.24414127998464133,-0.3460462940242044,0.6863815719384951,-1.2617723596398631,-1.090539030297098,-0.6996803437538289,-0.3460462940242044,0.0820370293327092,0.88236672082607,2.1703391545781674,train_oof,0.3472293893676648
RFERF_LR_class_weight,RFERF,supervised,LR,class_weight,281,TN,989,989,0.0,0.06151494807154477,-0.1413107915491586,1.0523466733918951,-1.2811291707829584,-1.0272571477139019,-0.5693941149060724,-0.1413107915491586,0.3239971686213994,1.8278724958926396,5.113318941064924,train_oof,0.3472293893676648
RFERF_LR_class_weight,RFERF,supervised,LR,class_weight,281,FN,35,35,0.0,-0.21576006517644808,-0.3460462940242044,0.8517042457465543,-1.281501417151095,-1.0551756253241353,-0.8578850502118186,-0.3460462940242044,-0.03894304031163585,1.6417493118244202,1.7444893094300802,train_oof,0.3472293893676648
RFERF_LR_class_weight,RFERF,supervised,LR,class_weight,281,pred_anomaly,229,229,0.0,-0.23282813009100145,-0.3460462940242044,0.7085402403016648,-1.2900630836182332,-1.1017064213411911,-0.6996803437538289,-0.3460462940242044,0.0820370293327092,0.9307587486838077,2.518761755153889,train_oof,0.3472293893676648
RFERF_LR_class_weight,RFERF,supervised,LR,class_weight,281,pred_normal,1024,1024,0.0,0.05203777476717003,-0.1599231099559809,1.0469929947356946,-1.3053251847118277,-1.0319102273156076,-0.5693941149060724,-0.1599231099559809,0.3239971686213994,1.788786627238314,5.007414849330098,train_oof,0.3472293893676648
RFERF_LR_class_weight,RFERF,supervised,LR,class_weight,282,TP,48,48,0.0,0.2527439804925143,0.4508828262769313,0.7817281075059006,-0.99011786970179,-0.9442146620222676,-0.5391863589676571,0.4508828262769313,0.8634116534621976,1.4409520115215488,1.6890693497631517,train_oof,0.3472293893676648
RFERF_LR_class_weight,RFERF,supervised,LR,class_weight,282,FP,181,181,0.0,0.048506642251954515,0.0758566197448994,0.7665344374899161,-1.1002255639395988,-1.004218855067395,-0.6741957933191939,0.0758566197448994,0.6458964536736106,1.36594677021514,1.5459593493505224,train_oof,0.3472293893676648
RFERF_LR_class_weight,RFERF,supervised,LR,class_weight,282,TN,989,989,0.0,-0.025084990196982584,-0.1341580559130465,1.0423557391189915,-1.1278274927403575,-1.0342209515899587,-0.6441936967966302,-0.1341580559130465,0.3758775849705368,1.1139291594256018,1.8339794759671348,train_oof,0.3472293893676648
RFERF_LR_class_weight,RFERF,supervised,LR,class_weight,282,FN,35,35,0.0,0.0972866886895871,0.135860812790027,1.0687796270209506,-1.1236271992271984,-1.0642230481125223,-0.7341999863643214,0.135860812790027,0.5708912123672012,1.3539459316061135,3.506896378065279,train_oof,0.3472293893676648
RFERF_LR_class_weight,RFERF,supervised,LR,class_weight,282,pred_anomaly,229,229,0.0,0.09131621533294519,0.135860812790027,0.7725206316300344,-1.094225144635086,-1.004218855067395,-0.6441936967966302,0.135860812790027,0.6758985501961742,1.3839480281286782,1.5459593493505224,train_oof,0.3472293893676648
RFERF_LR_class_weight,RFERF,supervised,LR,class_weight,282,pred_normal,1024,1024,0.0,-0.020902364453789294,-0.1341580559130465,1.0429727993088849,-1.1473288554800238,-1.0342209515899587,-0.6741957933191939,-0.1341580559130465,0.4058796814931006,1.12592999803463,1.9314862896654637,train_oof,0.3472293893676648
RFERF_LR_class_weight,RFERF,supervised,LR,class_weight,288,TP,48,48,0.0,0.19117312495659458,0.2879289776332567,0.7476973241327475,-1.0490485321317644,-0.8628662966803181,-0.5854424359082956,0.2879289776332567,0.7605770367263321,1.4325592772630085,1.7120381295963059,train_oof,0.3472293893676648
RFERF_LR_class_weight,RFERF,supervised,LR,class_weight,288,FP,181,181,0.0,0.026343311490944078,0.0824298215058328,0.6964904649333238,-0.9121860941509001,-0.9039661279058032,-0.6162673093274093,0.0824298215058328,0.4934281337606809,1.3154247582703773,1.5209239143978013,train_oof,0.3472293893676648
RFERF_LR_class_weight,RFERF,supervised,LR,class_weight,288,TN,989,989,0.0,-0.018149809674758186,-0.1230693346215914,1.045198003370429,-1.0272656215822575,-0.9450659591312875,-0.6162673093274093,-0.1230693346215914,0.3290288088587416,1.1921252645939229,1.7921828004860023,train_oof,0.3472293893676648
RFERF_LR_class_weight,RFERF,supervised,LR,class_weight,288,FN,35,35,0.0,0.09182406864308515,0.0413299902803478,1.2697623941950087,-1.0954913414165621,-1.039595570949903,-0.760116718616606,0.0413299902803478,0.5756277962116505,1.3113147751477996,4.462849833517989,train_oof,0.3472293893676648
RFERF_LR_class_weight,RFERF,supervised,LR,class_weight,288,pred_anomaly,229,229,0.0,0.06089279204269616,0.0824298215058328,0.7090393202191606,-1.004249716095986,-0.9039661279058032,-0.6162673093274093,0.0824298215058328,0.5756277962116505,1.3154247582703773,1.5620237456232862,train_oof,0.3472293893676648
RFERF_LR_class_weight,RFERF,supervised,LR,class_weight,288,pred_normal,1024,1024,0.0,-0.01439093688069128,-0.1230693346215914,1.0531136688928633,-1.0272656215822575,-0.9450659591312875,-0.6162673093274093,-0.1230693346215914,0.3701286400842262,1.2270601211355812,1.9257572519688229,train_oof,0.3472293893676648
RFERF_LR_class_weight,RFERF,supervised,LR,class_weight,295,TP,48,48,0.0,0.4716684891061771,-0.044438349008008304,1.5293570926036135,-0.6281047312631955,-0.5710413247550435,-0.24411419995450284,-0.044438349008008304,0.20617431519154972,4.4732082225988075,4.9545983968433545,train_oof,0.3472293893676648
RFERF_LR_class_weight,RFERF,supervised,LR,class_weight,295,FP,181,181,0.0,0.279240633075967,-0.1594864954352533,1.5155533032917263,-0.7249254835558401,-0.6653328324588441,-0.4114999512630778,-0.1594864954352533,0.1730952448773595,4.754073193156403,5.857404000161064,train_oof,0.3472293893676648
RFERF_LR_class_weight,RFERF,supervised,LR,class_weight,295,TN,989,989,0.0,-0.07916521693303125,-0.2016182669038766,0.8003524860267102,-0.8256736913203923,-0.6966055654700493,-0.4486350313412826,-0.2016182669038766,0.0820789977781631,0.5345660681963361,5.158350807659236,train_oof,0.3472293893676648
RFERF_LR_class_weight,RFERF,supervised,LR,class_weight,295,FN,35,35,0.0,0.15655976781042516,-0.1712137703144553,1.3723912012642965,-0.7619159607935555,-0.672910269052017,-0.4158698902471131,-0.1712137703144553,0.048812270419944154,2.367963295723553,5.4812884432467515,train_oof,0.3472293893676648
RFERF_LR_class_weight,RFERF,supervised,LR,class_weight,295,pred_anomaly,229,229,0.0,0.31957485617400233,-0.1475402258917033,1.5171201390049007,-0.7160932886450879,-0.6525854996043592,-0.3954528775923512,-0.1475402258917033,0.186154921636955,4.769187806717586,5.767913179936315,train_oof,0.3472293893676648
RFERF_LR_class_weight,RFERF,supervised,LR,class_weight,295,pred_normal,1024,1024,0.0,-0.07110821061855763,-0.20028051919413456,0.8264879572970646,-0.8243375399858971,-0.6969641047142892,-0.4466470280099179,-0.20028051919413456,0.0814845046868144,0.5370153797326932,5.390337573797099,train_oof,0.3472293893676648
RFERF_LR_class_weight,RFERF,supervised,LR,class_weight,310,TP,48,48,0.0,0.21554388049940307,0.14226059883972,0.90518335246098,-1.7559662492073698,-1.130476353466457,-0.4478027156636367,0.14226059883972,0.7539671623306504,1.5570456116064535,2.105394411482179,train_oof,0.3472293893676648
RFERF_LR_class_weight,RFERF,supervised,LR,class_weight,310,FP,181,181,0.0,0.13122250570888022,0.09897410086457,0.9869037720948399,-1.84527312924031,-1.3796015404971207,-0.5002021605809224,0.09897410086457,0.7528280439628835,1.7119657096227792,2.862475261067546,train_oof,0.3472293893676648
RFERF_LR_class_weight,RFERF,supervised,LR,class_weight,310,TN,989,989,0.0,-0.037116566336531084,-0.1060672053335074,1.0102184055585333,-2.195210291818362,-1.6406874703893395,-0.66195696880385,-0.1060672053335074,0.5933514724754898,1.684626868796368,2.520739750737417,train_oof,0.3472293893676648
RFERF_LR_class_weight,RFERF,supervised,LR,class_weight,310,FN,35,35,0.0,0.07007304056236494,-0.0650589440938914,0.8228939685842135,-1.2442742784063898,-1.0583701607867995,-0.43755065035373203,-0.0650589440938914,0.6138556030952979,1.733381134936799,2.1017720150726786,train_oof,0.3472293893676648
RFERF_LR_class_weight,RFERF,supervised,LR,class_weight,310,pred_anomaly,229,229,0.0,0.14889685500995054,0.09897410086457,0.9690286175334643,-1.8746168183939904,-1.3796015404971207,-0.4842545034321835,0.09897410086457,0.7528280439628835,1.6664009749120945,2.7667893181751095,train_oof,0.3472293893676648
RFERF_LR_class_weight,RFERF,supervised,LR,class_weight,310,pred_normal,1024,1024,0.0,-0.033452859069478966,-0.10492808696574045,1.0042463002847175,-2.195210291818362,-1.6256511079348137,-0.66195696880385,-0.10492808696574045,0.5944905908432567,1.684626868796368,2.518643772940725,train_oof,0.3472293893676648
RFERF_LR_class_weight,RFERF,supervised,LR,class_weight,316,TP,48,48,0.0,-0.3367947634788016,-0.5237601192162991,0.8299166596754336,-1.7018705911856364,-1.3415831698133065,-0.7541185686631651,-0.5237601192162991,-0.08619990419266653,1.2558815912615457,2.1513986454784417,train_oof,0.3472293893676648
RFERF_LR_class_weight,RFERF,supervised,LR,class_weight,316,FP,181,181,0.0,-0.24728136636265324,-0.4418362599868283,1.1131072855047248,-2.218178327970722,-1.7495600430152427,-0.8882990978827775,-0.4418362599868283,0.1576234540860149,1.6305759718638146,2.224827281641274,train_oof,0.3472293893676648
RFERF_LR_class_weight,RFERF,supervised,LR,class_weight,316,TN,989,989,0.0,0.06980587829283864,-0.0680740653806071,0.9765515675305131,-1.838458034511449,-1.2804879955643322,-0.5928602557488026,-0.0680740653806071,0.6771815113546776,1.9303551509106087,2.7618571678644517,train_oof,0.3472293893676648
RFERF_LR_class_weight,RFERF,supervised,LR,class_weight,316,FN,35,35,0.0,-0.22618070183213818,-0.1902940070847789,0.9596945051109517,-1.7687344677678316,-1.5908220848309382,-1.0137742922715642,-0.1902940070847789,0.25774713514310454,1.3088287693969078,2.038171092705462,train_oof,0.3472293893676648
RFERF_LR_class_weight,RFERF,supervised,LR,class_weight,316,pred_anomaly,229,229,0.0,-0.26604399981931315,-0.4611704880530246,1.0589990269696445,-2.1598520913840855,-1.6915573588166528,-0.8481509814391954,-0.4611704880530246,0.1427282069533835,1.5447359450107312,2.2377022992290296,train_oof,0.3472293893676648
RFERF_LR_class_weight,RFERF,supervised,LR,class_weight,316,pred_normal,1024,1024,0.0,0.05968914947997322,-0.0704908438888822,0.9770009501683204,-1.8350853954421467,-1.3065004238350264,-0.5971266096460633,-0.0704908438888822,0.6481061862398235,1.9215807652652588,2.7421628891225316,train_oof,0.3472293893676648
RFERF_LR_class_weight,RFERF,supervised,LR,class_weight,333,TP,48,48,0.0,0.16695234640733367,-0.03143901554192065,1.0202761571205141,-0.4986645331485824,-0.35980137191894873,-0.10600084788505068,-0.03143901554192065,0.17930917511113245,0.5310607498293963,4.0226093613100815,train_oof,0.3472293893676648
RFERF_LR_class_weight,RFERF,supervised,LR,class_weight,333,FP,181,181,0.0,0.18008971312600947,-0.0746649951456445,2.2751601275990883,-0.6220880266312596,-0.4733090033033855,-0.2392179883381097,-0.0746649951456445,0.0909749438694225,0.318756370888862,7.887520681549543,train_oof,0.3472293893676648
RFERF_LR_class_weight,RFERF,supervised,LR,class_weight,333,TN,989,989,0.0,-0.05063840053449347,-0.0809480722177591,0.3839627817080861,-0.6276648540274199,-0.4374822085554723,-0.214881006261312,-0.0809480722177591,0.0619455371438306,0.38231353954998853,0.7211320496317118,train_oof,0.3472293893676648
RFERF_LR_class_weight,RFERF,supervised,LR,class_weight,333,FN,35,35,0.0,0.2589092096417452,-0.0660754720597159,1.7875584793270163,-0.5717083528623906,-0.38382420014214064,-0.1853611483718631,-0.0660754720597159,0.12801063445905908,0.6335438343765376,7.196538617772058,train_oof,0.3472293893676648
RFERF_LR_class_weight,RFERF,supervised,LR,class_weight,333,pred_anomaly,229,229,0.0,0.17733602927231332,-0.0481010996761987,2.073935447205549,-0.596361874771429,-0.4679962242094964,-0.2211905942071486,-0.0481010996761987,0.0991137821020771,0.425770163755094,6.2935363716202275,train_oof,0.3472293893676648
RFERF_LR_class_weight,RFERF,supervised,LR,class_weight,333,pred_normal,1024,1024,0.0,-0.040058159952297806,-0.080789006975427,0.5017464822726804,-0.6311629638150379,-0.4371044286049337,-0.21327709840113088,-0.080789006975427,0.06467615713719665,0.38563402648366923,0.7424290298188069,train_oof,0.3472293893676648
RFERF_LR_class_weight,RFERF,supervised,LR,class_weight,338,TP,48,48,0.0,-0.052784247821148156,-0.0761183414439362,0.1458465436747443,-0.30784553540198767,-0.2601981112789796,-0.15758393220598885,-0.0761183414439362,0.015066942531229026,0.19436206109402962,0.3169949091686977,train_oof,0.3472293893676648
RFERF_LR_class_weight,RFERF,supervised,LR,class_weight,338,FP,181,181,0.0,0.08273670427226384,-0.0863671870096252,1.0324194522859154,-0.3127075304466672,-0.2834346631585798,-0.1801982327476722,-0.0863671870096252,0.0507509083226361,0.4219214442365558,5.118228940851681,train_oof,0.3472293893676648
RFERF_LR_class_weight,RFERF,supervised,LR,class_weight,338,TN,989,989,0.0,-0.018119021418047956,-0.0926692721711358,1.0131128323707195,-0.3205004725221433,-0.2749172995766594,-0.1955874154526742,-0.0926692721711358,0.0461675736597193,0.2909112789168895,0.5432251252589779,train_oof,0.3472293893676648
RFERF_LR_class_weight,RFERF,supervised,LR,class_weight,338,FN,35,35,0.0,0.14319331278483516,-0.0509259151543622,1.0392841172604348,-0.28611113962944557,-0.23898109123522718,-0.16381440276339143,-0.0509259151543622,0.05365527837813025,0.3829774225225836,4.182630608100549,train_oof,0.3472293893676648
RFERF_LR_class_weight,RFERF,supervised,LR,class_weight,338,pred_anomaly,229,229,0.0,0.05433056584220371,-0.0837890612617345,0.9213755832853727,-0.3114471134143651,-0.2820914914726417,-0.1794980010630599,-0.0837890612617345,0.0447193672210893,0.40653544440284745,3.8896514432488747,train_oof,0.3472293893676648
RFERF_LR_class_weight,RFERF,supervised,LR,class_weight,338,pred_normal,1024,1024,0.0,-0.012605416245097853,-0.08748119196241749,1.0139227553530783,-0.3203807965615005,-0.27350410472226006,-0.19414716619227843,-0.08748119196241749,0.04634263158087235,0.29153989599739377,0.5475385524361895,train_oof,0.3472293893676648
RFERF_LR_class_weight,RFERF,supervised,LR,class_weight,344,TP,48,48,0.0,-0.3146873190482244,-0.23895568686591015,1.0800841830219172,-2.233110831788836,-2.126086391403857,-1.1193844133130613,-0.23895568686591015,0.3815846450394574,1.298758666068747,2.164974690803534,train_oof,0.3472293893676648
RFERF_LR_class_weight,RFERF,supervised,LR,class_weight,344,FP,181,181,0.0,0.0047206033884881525,-0.092112348189923,1.1510737495905623,-2.1715481142559194,-1.8503067389965708,-0.7818399153063301,-0.092112348189923,0.6855238357495959,1.973078516820868,3.255474686734352,train_oof,0.3472293893676648
RFERF_LR_class_weight,RFERF,supervised,LR,class_weight,344,TN,989,989,0.0,0.010223572789874603,0.0151820373706485,0.9705891550072613,-2.066195393177311,-1.7772384905277667,-0.5829979460947957,0.0151820373706485,0.6069662609568404,1.6280184495974046,2.474896012163493,train_oof,0.3472293893676648
RFERF_LR_class_weight,RFERF,supervised,LR,class_weight,344,FN,35,35,0.0,0.11442501191081103,0.1067406481938169,0.7455121823512652,-1.5853626065419597,-0.8337481230297916,-0.42047948212853614,0.1067406481938169,0.4463058755072254,1.2947497376133983,1.7344663894194718,train_oof,0.3472293893676648
RFERF_LR_class_weight,RFERF,supervised,LR,class_weight,344,pred_anomaly,229,229,0.0,-0.062229528825320554,-0.1233082183595899,1.1417028358917352,-2.225504950031739,-1.9356085323102767,-0.8065959169079218,-0.1233082183595899,0.612149031893476,1.93224710357794,3.166290887717388,train_oof,0.3472293893676648
RFERF_LR_class_weight,RFERF,supervised,LR,class_weight,344,pred_normal,1024,1024,0.0,0.01378514541607847,0.0216549874553408,0.963661675532875,-2.062211606674591,-1.7739501877760544,-0.5776277132306645,0.0216549874553408,0.6068504756486814,1.6212863609658767,2.4520502476030774,train_oof,0.3472293893676648
RFERF_LR_class_weight,RFERF,supervised,LR,class_weight,348,TP,48,48,0.0,0.7812548920736105,0.1283493612747205,2.6198073764169063,-1.1391092076048028,-1.008020793340286,-0.3140233060575498,0.1283493612747205,1.1449948031713602,2.235098458634184,12.005122032233471,train_oof,0.3472293893676648
RFERF_LR_class_weight,RFERF,supervised,LR,class_weight,348,FP,181,181,0.0,0.2107866442116777,-0.1516847125411203,1.2837323278841504,-1.1143525720935472,-0.963377680123268,-0.5575311963321942,-0.1516847125411203,0.5626050989311694,2.3158619089086083,5.806141669511836,train_oof,0.3472293893676648
RFERF_LR_class_weight,RFERF,supervised,LR,class_weight,348,TN,989,989,0.0,-0.08638191634435533,-0.1922693609202277,0.7382990612496202,-1.0455210084425812,-0.898442242716696,-0.5250634776289083,-0.1922693609202277,0.1324078261126312,1.2314401042188559,2.651902797487618,train_oof,0.3472293893676648
RFERF_LR_class_weight,RFERF,supervised,LR,class_weight,348,FN,35,35,0.0,0.17044143945076617,-0.216620149947692,0.9807047142495029,-1.0086701477143518,-0.9162994880035034,-0.3830172083020324,-0.216620149947692,0.802054524367903,1.8085538041697646,2.749955307971537,train_oof,0.3472293893676648
RFERF_LR_class_weight,RFERF,supervised,LR,class_weight,348,pred_anomaly,229,229,0.0,0.3303607747678907,-0.09486620481037,1.6643321244190583,-1.1292877226970588,-0.963377680123268,-0.5575311963321942,-0.09486620481037,0.7087098330959561,2.3304723823250866,7.268487719907839,train_oof,0.3472293893676648
RFERF_LR_class_weight,RFERF,supervised,LR,class_weight,348,pred_normal,1024,1024,0.0,-0.07760377430057674,-0.1922693609202277,0.7487197871257261,-1.0445469768814826,-0.898442242716696,-0.5250634776289083,-0.1922693609202277,0.1324078261126312,1.3243789490070128,2.757422883273294,train_oof,0.3472293893676648
RFERF_LR_class_weight,RFERF,supervised,LR,class_weight,377,TP,48,48,0.0,-0.4648925688953825,-0.3714959728317686,0.7367588437679723,-1.8658415098495904,-1.5776462991390108,-1.011929774410835,-0.3714959728317686,-0.10464855550715747,0.6958936964666758,1.3747535261404877,train_oof,0.3472293893676648
RFERF_LR_class_weight,RFERF,supervised,LR,class_weight,377,FP,181,181,0.0,-0.29247375422072364,-0.3714959728317686,0.8464965975592429,-1.9085370966215283,-1.6523635759899018,-0.7984518405511466,-0.3714959728317686,0.2689378287472977,1.1228495641860532,1.805978952537055,train_oof,0.3472293893676648
RFERF_LR_class_weight,RFERF,supervised,LR,class_weight,377,TN,989,989,0.0,0.07718317380520036,0.0554598948876092,1.0290648389750394,-1.6523635759899018,-1.225407708270524,-0.5849739066914577,0.0554598948876092,0.6958936964666758,1.549805431905431,2.617195101203876,train_oof,0.3472293893676648
RFERF_LR_class_weight,RFERF,supervised,LR,class_weight,377,FN,35,35,0.0,-0.060428126350507726,-0.1580180389720797,0.7455436396427284,-1.3663031446179188,-1.0759731545687417,-0.5849739066914577,-0.1580180389720797,0.16219886181745347,1.3363274980457427,1.61811837074053,train_oof,0.3472293893676648
RFERF_LR_class_weight,RFERF,supervised,LR,class_weight,377,pred_anomaly,229,229,0.0,-0.328613942449473,-0.3714959728317686,0.8261628248928968,-1.8658415098495904,-1.6523635759899018,-0.7984518405511466,-0.3714959728317686,0.2689378287472977,1.1228495641860532,1.9169874781440956,train_oof,0.3472293893676648
RFERF_LR_class_weight,RFERF,supervised,LR,class_weight,377,pred_normal,1024,1024,0.0,0.07247966256940955,0.0554598948876092,1.020707058909874,-1.6523635759899018,-1.225407708270524,-0.5849739066914577,0.0554598948876092,0.6958936964666758,1.549805431905431,2.5680951764161435,train_oof,0.3472293893676648
RFERF_LR_class_weight,RFERF,supervised,LR,class_weight,405,TP,48,48,0.0,-0.0274560219051531,-0.08625771021550145,1.1401162429499976,-1.650692101840824,-1.567131807926118,-1.2166427973394365,-0.08625771021550144,0.995383872124855,1.6972903410083824,1.802669156111928,train_oof,0.3472293893676648
RFERF_LR_class_weight,RFERF,supervised,LR,class_weight,405,FP,181,181,0.0,0.06021645753983423,-0.0723309945630507,1.0795717775453986,-1.650692101840824,-1.3907267429950732,-1.0564855673362503,-0.0723309945630507,0.967530440819953,1.71028860895067,2.046386680029819,train_oof,0.3472293893676648
RFERF_LR_class_weight,RFERF,supervised,LR,class_weight,405,TN,989,989,0.0,-0.011157372449276629,-0.0723309945630507,0.9717222240836877,-1.5207094224179487,-1.3405905666462496,-0.9265028879133844,-0.0723309945630507,0.7539874674823716,1.7195730860523042,2.0445297846094923,train_oof,0.3472293893676648
RFERF_LR_class_weight,RFERF,supervised,LR,class_weight,405,FN,35,35,0.0,0.019983234904624197,0.2062033184859683,1.115774356522992,-1.4523756709499227,-1.4148663834593214,-1.181826008208309,0.2062033184859683,0.7632719445840057,1.7130739520811602,1.7257008409393824,train_oof,0.3472293893676648
RFERF_LR_class_weight,RFERF,supervised,LR,class_weight,405,pred_anomaly,229,229,0.0,0.04183969328935653,-0.0723309945630507,1.0905712591457255,-1.650692101840824,-1.5392783766212168,-1.0657700444378844,-0.0723309945630507,0.995383872124855,1.71028860895067,2.0055349807826297,train_oof,0.3472293893676648
RFERF_LR_class_weight,RFERF,supervised,LR,class_weight,405,pred_normal,1024,1024,0.0,-0.010092996221360097,-0.0723309945630507,0.9763950666253821,-1.5207094224179487,-1.3521961630232922,-0.9473929613920514,-0.0723309945630507,0.7539874674823716,1.7195730860523042,2.0445297846094923,train_oof,0.3472293893676648
RFERF_LR_class_weight,RFERF,supervised,LR,class_weight,416,TP,48,48,0.0,-0.1688530025919018,-0.4023457883707454,0.8389277985991679,-1.15729411169041,-1.1193506515060037,-0.8311704033475444,-0.4023457883707454,0.3902774688306079,1.6068155704184768,1.7685080395332455,train_oof,0.3472293893676648
RFERF_LR_class_weight,RFERF,supervised,LR,class_weight,416,FP,181,181,0.0,-0.20831162582751223,-0.4534252382050796,0.8996482503989003,-2.408294997677109,-1.179635301902141,-0.8167779880450479,-0.4534252382050796,0.4373686590028047,1.3761207593529154,1.701384390829511,train_oof,0.3472293893676648
RFERF_LR_class_weight,RFERF,supervised,LR,class_weight,416,TN,989,989,0.0,0.05322492651398136,-0.1292119310121767,1.028558709769606,-2.0942753429157297,-1.1474319630153156,-0.6976751777620803,-0.1292119310121767,0.6451545102202609,1.7722119189412087,2.4209952472346887,train_oof,0.3472293893676648
RFERF_LR_class_weight,RFERF,supervised,LR,class_weight,416,FN,35,35,0.0,-0.26408942298986,-0.4534252382050796,0.7326107376967795,-1.3371978166636702,-1.2211132023883728,-0.896989073672387,-0.4534252382050796,0.428203093319631,0.7665858696227374,1.1642584608683682,train_oof,0.3472293893676648
RFERF_LR_class_weight,RFERF,supervised,LR,class_weight,416,pred_anomaly,229,229,0.0,-0.2000408227038908,-0.4457955240688165,0.8856153539505134,-2.0811568088727,-1.171311977389854,-0.8202460399251673,-0.4457955240688165,0.4373686590028047,1.4791912612300717,1.7404643811586322,train_oof,0.3472293893676648
RFERF_LR_class_weight,RFERF,supervised,LR,class_weight,416,pred_normal,1024,1024,0.0,0.042379221208674295,-0.1298064541916257,1.0212262832598078,-2.0916338591770427,-1.1513954508783095,-0.7070884614366909,-0.1298064541916257,0.6450554230236863,1.7404643811586322,2.420926877069052,train_oof,0.3472293893676648
RFERF_LR_class_weight,RFERF,supervised,LR,class_weight,423,TP,48,48,0.0,0.15007608891978702,-0.27021081631157406,1.0384755035709456,-1.0865805424152144,-0.9397311931391819,-0.6270127189377785,-0.27021081631157406,0.7921673692086016,2.182657014664288,2.8879363852275413,train_oof,0.3472293893676648
RFERF_LR_class_weight,RFERF,supervised,LR,class_weight,423,FP,181,181,0.0,0.3245868444355119,0.1638412143166103,1.2879194133909915,-1.3638346475165204,-1.1450864552769702,-0.54542969628009,0.1638412143166103,0.8099900397283522,2.058790979682138,4.1097359335900014,train_oof,0.3472293893676648
RFERF_LR_class_weight,RFERF,supervised,LR,class_weight,423,TN,989,989,0.0,-0.07689753565801491,-0.2944237820116901,0.9188548559827562,-1.3611445620151035,-1.130365899410409,-0.698031165291316,-0.2944237820116901,0.3348998079752794,1.6748016500932217,3.054623467935999,train_oof,0.3472293893676648
RFERF_LR_class_weight,RFERF,supervised,LR,class_weight,423,FN,35,35,0.0,0.2765817955011624,0.0198201273303816,1.0582323913843128,-1.1032543934248067,-0.8626000252861441,-0.4908224125251985,0.0198201273303816,1.0036846145485936,1.8808860769388218,3.364117085012581,train_oof,0.3472293893676648
RFERF_LR_class_weight,RFERF,supervised,LR,class_weight,423,pred_anomaly,229,229,0.0,0.2880081707902944,0.0550384319377817,1.239719513336898,-1.3403871751235474,-1.1267049770832136,-0.5680534764007453,0.0550384319377817,0.8099900397283522,2.11216016280996,4.041002711697647,train_oof,0.3472293893676648
RFERF_LR_class_weight,RFERF,supervised,LR,class_weight,423,pred_normal,1024,1024,0.0,-0.06481572258128522,-0.28904159783710515,0.9256112118880153,-1.3583038546635644,-1.1272033896046798,-0.6888102286181677,-0.28904159783710515,0.35133232239553003,1.680605532744506,3.202590066528811,train_oof,0.3472293893676648
RFERF_LR_class_weight,RFERF,supervised,LR,class_weight,425,TP,48,48,0.0,0.16018404855199922,-0.1832063366010397,1.0921069335546634,-0.8010334174869407,-0.6504089933795487,-0.4288916189247198,-0.1832063366010397,0.49971844392945597,1.3106245315443816,4.055449400802571,train_oof,0.3472293893676648
RFERF_LR_class_weight,RFERF,supervised,LR,class_weight,425,FP,181,181,0.0,0.2236609150904036,-0.2080186619275164,1.877867504984569,-0.7455223062756043,-0.6815528328875909,-0.4353763512430634,-0.2080186619275164,0.3018732716068433,1.4724598365915118,6.8740949486170635,train_oof,0.3472293893676648
RFERF_LR_class_weight,RFERF,supervised,LR,class_weight,425,TN,989,989,0.0,-0.051824149563396316,-0.2546150011712085,0.7361424408946617,-0.745402615872286,-0.6482558279162377,-0.4282021373092183,-0.2546150011712085,0.0032961871842062,1.2256200105430508,1.8262942308883279,train_oof,0.3472293893676648
RFERF_LR_class_weight,RFERF,supervised,LR,class_weight,425,FN,35,35,0.0,0.06706222808809408,-0.1356997013682541,0.5661559340868021,-0.7447248509378321,-0.6730609429774542,-0.30802504108573847,-0.1356997013682541,0.5140984167076592,1.0281146219708222,1.2578163685224415,train_oof,0.3472293893676648
RFERF_LR_class_weight,RFERF,supervised,LR,class_weight,425,pred_anomaly,229,229,0.0,0.21035572035746294,-0.1947337481856978,1.740839682612784,-0.7635335488954484,-0.6814302583781685,-0.4353763512430634,-0.1947337481856978,0.3733630516611886,1.4305465646342836,6.705539135577588,train_oof,0.3472293893676648
RFERF_LR_class_weight,RFERF,supervised,LR,class_weight,425,pred_normal,1024,1024,0.0,-0.0477606503272614,-0.25439869321340414,0.7310851828096007,-0.7467851842359189,-0.6511516507013437,-0.4269944178781439,-0.25439869321340414,0.029631681046888625,1.2244870976140498,1.8028578044301167,train_oof,0.3472293893676648
RFERF_LR_class_weight,RFERF,supervised,LR,class_weight,428,TP,48,48,0.0,-0.06206976656845311,-0.051969948782878306,0.12016846566779217,-0.254183015333985,-0.2365671557228379,-0.16636322395593497,-0.051969948782878306,0.039310842180726,0.09656784921543178,0.14163700220841693,train_oof,0.3472293893676648
RFERF_LR_class_weight,RFERF,supervised,LR,class_weight,428,FP,181,181,0.0,-0.07423360779884271,-0.123129411453512,0.26265774289388333,-0.27294179698664434,-0.2623779630503728,-0.2017025701582378,-0.123129411453512,0.0167419561697942,0.1065913629322695,0.43848456012657966,train_oof,0.3472293893676648
RFERF_LR_class_weight,RFERF,supervised,LR,class_weight,428,TN,989,989,0.0,0.020752183174289035,-0.1589249430786937,1.116534769194973,-0.2797403256121596,-0.2633176503885185,-0.2180050528153718,-0.1589249430786937,-0.0704959939203922,0.2644951615292324,6.441373360475646,train_oof,0.3472293893676648
RFERF_LR_class_weight,RFERF,supervised,LR,class_weight,428,FN,35,35,0.0,-0.10580812818857581,-0.1241565115672992,0.11333135547048728,-0.26556088074341777,-0.25430102258110104,-0.18884196554198662,-0.1241565115672992,-0.0218234677835265,0.10740102376664862,0.12441286109811309,train_oof,0.3472293893676648
RFERF_LR_class_weight,RFERF,supervised,LR,class_weight,428,pred_anomaly,229,229,0.0,-0.07168398168941606,-0.1133828869694882,0.2397216149227416,-0.2710868978875324,-0.254183015333985,-0.2001509933906017,-0.1133828869694882,0.0221069152747893,0.10612807522136974,0.3557984486144201,train_oof,0.3472293893676648
RFERF_LR_class_weight,RFERF,supervised,LR,class_weight,428,pred_normal,1024,1024,0.0,0.016426391282003627,-0.1582584206644275,1.0977040997800602,-0.2797403256121596,-0.26324881282770085,-0.2175898421310748,-0.1582584206644275,-0.06934323794162033,0.1661850227258412,5.6489221348328265,train_oof,0.3472293893676648
RFERF_LR_class_weight,RFERF,supervised,LR,class_weight,452,TP,48,48,0.0,-0.36725497362666354,-0.45939893499736606,0.7533387811464759,-1.8754083612070442,-1.5065038006738922,-0.783008527331273,-0.45939893499736606,-0.0714660321480885,0.5771673916898001,1.6658902037233783,train_oof,0.3472293893676648
RFERF_LR_class_weight,RFERF,supervised,LR,class_weight,452,FP,181,181,0.0,-0.2264231008972784,-0.2741281433346743,1.2020005633964477,-2.39786762538952,-1.7961552717773168,-0.893335563745794,-0.2741281433346743,0.2648116485046353,1.4348624954684348,2.465913835430593,train_oof,0.3472293893676648
RFERF_LR_class_weight,RFERF,supervised,LR,class_weight,452,TN,989,989,0.0,0.06448232281573714,0.0045697996792906,0.9601002091792791,-2.055099733626561,-1.4659549972878876,-0.575759694512013,0.0045697996792906,0.7363703154067901,1.7361445821404267,2.217623672688111,train_oof,0.3472293893676648
RFERF_LR_class_weight,RFERF,supervised,LR,class_weight,452,FN,35,35,0.0,-0.14501660970307007,-0.0230597377746795,0.999065599192914,-2.1678828502677217,-1.8285244215850516,-0.9656856371183458,-0.0230597377746795,0.5888307695557449,1.2629914834326281,1.4089431499375036,train_oof,0.3472293893676648
RFERF_LR_class_weight,RFERF,supervised,LR,class_weight,452,pred_anomaly,229,229,0.0,-0.2559424453995076,-0.3059075717896362,1.122909044529415,-2.3250348541689583,-1.772195111629486,-0.8804490601111358,-0.3059075717896362,0.2313941051808598,1.3563858724865245,2.2948684332886744,train_oof,0.3472293893676648
RFERF_LR_class_weight,RFERF,supervised,LR,class_weight,452,pred_normal,1024,1024,0.0,0.05732171477066074,0.00375074224488435,0.9617062017762771,-2.1055241855183473,-1.4792564900226446,-0.5869261775344183,0.00375074224488435,0.7215726777585166,1.7244047589139377,2.206365455233052,train_oof,0.3472293893676648
RFERF_LR_class_weight,RFERF,supervised,LR,class_weight,460,TP,48,48,0.0,0.3293689305526532,0.033344592671147706,1.1111494125931685,-1.0771889248085829,-0.9716032141978764,-0.3947768401156014,0.033344592671147706,0.7814904633198438,2.399149682880373,3.555582927413984,train_oof,0.3472293893676648
RFERF_LR_class_weight,RFERF,supervised,LR,class_weight,460,FP,181,181,0.0,0.20024751186756323,-0.0975370252778921,1.227124712324296,-1.2496755020491432,-1.0762658059552863,-0.561502650706911,-0.0975370252778921,0.5906506791432347,2.323403436441843,4.063573821340353,train_oof,0.3472293893676648
RFERF_LR_class_weight,RFERF,supervised,LR,class_weight,460,TN,989,989,0.0,-0.05204930302991891,-0.2431491842206006,0.9458937127369367,-1.4425679817289794,-1.1721855041483928,-0.7144448040840794,-0.2431491842206006,0.402759231127193,1.769353887517384,2.898218480845613,train_oof,0.3472293893676648
RFERF_LR_class_weight,RFERF,supervised,LR,class_weight,460,FN,35,35,0.0,-0.024443114356245563,-0.2313929722755652,0.8376158997096228,-1.360500561974507,-1.1349770562096588,-0.4221102185512948,-0.2313929722755652,0.35454242376576417,1.1975482254284397,2.5320324561488703,train_oof,0.3472293893676648
RFERF_LR_class_weight,RFERF,supervised,LR,class_weight,460,pred_anomaly,229,229,0.0,0.22731226338234192,-0.0817556289524339,1.2025403159355934,-1.2335709027269397,-1.0709038444743546,-0.5360667530999962,-0.0817556289524339,0.6165247425775383,2.4388697864601747,3.5986056130859883,train_oof,0.3472293893676648
RFERF_LR_class_weight,RFERF,supervised,LR,class_weight,460,pred_normal,1024,1024,0.0,-0.05110573212798671,-0.23992977937020715,0.9420441740803636,-1.4396610856585272,-1.1747346638136698,-0.7066209447763758,-0.23992977937020715,0.39885472801278854,1.748564775642628,2.9020851086088366,train_oof,0.3472293893676648
RFERF_LR_class_weight,RFERF,supervised,LR,class_weight,468,TP,48,48,0.0,-0.34989002838376465,-0.5659280297636253,0.848117645717211,-0.9802319324172032,-0.9600418052487163,-0.8343599944473534,-0.5659280297636253,-0.314074653477651,1.2609828187005394,2.9281557153568882,train_oof,0.3472293893676648
RFERF_LR_class_weight,RFERF,supervised,LR,class_weight,468,FP,181,181,0.0,-0.15213178531810667,-0.6310502653094339,1.0715570091220907,-0.9802319324172032,-0.9802319324172032,-0.8761012788072348,-0.6310502653094339,0.160046988240004,2.4855172336784386,3.1814395561096105,train_oof,0.3472293893676648
RFERF_LR_class_weight,RFERF,supervised,LR,class_weight,468,TN,989,989,0.0,0.03951562366756971,-0.236174027417767,0.9795694665404742,-0.9802319324172032,-0.9802319324172032,-0.7450965108472175,-0.236174027417767,0.5410766463907568,2.0649160317739694,2.904833538163506,train_oof,0.3472293893676648
RFERF_LR_class_weight,RFERF,supervised,LR,class_weight,468,FN,35,35,0.0,0.156893903396343,-0.2529996158133769,1.1682294923914656,-0.9802319324172032,-0.9553409364527173,-0.7663749603152847,-0.2529996158133769,0.8429711073117869,2.3664158930456445,3.1571632556606226,train_oof,0.3472293893676648
RFERF_LR_class_weight,RFERF,supervised,LR,class_weight,468,pred_anomaly,229,229,0.0,-0.19358329478165068,-0.6262594945176875,1.0301873191753883,-0.9802319324172032,-0.9802319324172032,-0.8725172059216801,-0.6262594945176875,0.0299628956192168,2.3734950159008616,3.1512713022742687,train_oof,0.3472293893676648
RFERF_LR_class_weight,RFERF,supervised,LR,class_weight,468,pred_normal,1024,1024,0.0,0.04352757658798678,-0.23629130953480443,0.986174835517185,-0.9802319324172032,-0.9802319324172032,-0.746651088524695,-0.23629130953480443,0.5504287695734633,2.067252883316184,3.039630322132272,train_oof,0.3472293893676648
RFERF_LR_class_weight,RFERF,supervised,LR,class_weight,477,TP,48,48,0.0,0.10402062832957742,0.04969259153768535,0.26393284682653867,-0.252434419385832,-0.22269747065780507,-0.11680088723096221,0.04969259153768535,0.273568792202157,0.6190732505248907,0.6691472234156508,train_oof,0.3472293893676648
RFERF_LR_class_weight,RFERF,supervised,LR,class_weight,477,FP,181,181,0.0,0.20192242120481485,-0.109044438754556,2.1454295442159173,-0.33520015751547744,-0.2988249062813422,-0.1965906368550453,-0.109044438754556,0.0124298808588798,0.4044911144521935,6.706370624715912,train_oof,0.3472293893676648
RFERF_LR_class_weight,RFERF,supervised,LR,class_weight,477,TN,989,989,0.0,-0.05535795320371341,-0.107615329112045,0.4336118683298599,-0.3711223280629498,-0.3172021976842986,-0.2073001375094179,-0.107615329112045,0.0119976193003425,0.30065130209418633,0.6873260273682584,train_oof,0.3472293893676648
RFERF_LR_class_weight,RFERF,supervised,LR,class_weight,477,FN,35,35,0.0,0.36977408408897194,-0.0749751706102503,2.5076704643658614,-0.35767440632692127,-0.2872191245178392,-0.1943499340822194,-0.0749751706102503,0.0649099627310897,0.45238657730456966,9.930707863187605,train_oof,0.3472293893676648
RFERF_LR_class_weight,RFERF,supervised,LR,class_weight,477,pred_anomaly,229,229,0.0,0.18140152138817117,-0.0815914189552087,1.9104444095202504,-0.33228230377870616,-0.28828125291881657,-0.1815232339574601,-0.0815914189552087,0.0777719495136887,0.6132064025758046,5.061067745551964,train_oof,0.3472293893676648
RFERF_LR_class_weight,RFERF,supervised,LR,class_weight,477,pred_normal,1024,1024,0.0,-0.04082707302281108,-0.10755798829305535,0.6297283238801642,-0.36932226742989815,-0.31738304180572746,-0.20720751003258858,-0.10755798829305535,0.014075121280659401,0.3054489643107273,0.6917412704304606,train_oof,0.3472293893676648
RFERF_LR_class_weight,RFERF,supervised,LR,class_weight,480,TP,48,48,0.0,-0.17620880951488363,-0.3986319263015541,0.9021549181002644,-1.5831206883633682,-1.5034071423618593,-0.6730970525255033,-0.3986319263015541,0.2859609064638212,1.64746092794659,1.7547731232358204,train_oof,0.3472293893676648
RFERF_LR_class_weight,RFERF,supervised,LR,class_weight,480,FP,181,181,0.0,0.04001774020695354,-0.1602646312114345,1.158002841472217,-1.6965158571302112,-1.5078542034631326,-0.7368825378825414,-0.1602646312114345,0.5132642204666478,2.3041194245869483,3.1966508343018893,train_oof,0.3472293893676648
RFERF_LR_class_weight,RFERF,supervised,LR,class_weight,480,TN,989,989,0.0,-0.0017429694139463956,-0.1187373051023684,0.9720818737292747,-1.7049030971947128,-1.4738051756373054,-0.6155748774434702,-0.1187373051023684,0.5074579850237416,1.835650963491457,2.9167241347599426,train_oof,0.3472293893676648
RFERF_LR_class_weight,RFERF,supervised,LR,class_weight,480,FN,35,35,0.0,0.08726169161595626,0.0300253169181152,0.9981401456507631,-1.5705112403134809,-1.2949310177082398,-0.6095581105627489,0.0300253169181152,0.6229995772021217,1.8764270247855823,2.0999764524461413,train_oof,0.3472293893676648
RFERF_LR_class_weight,RFERF,supervised,LR,class_weight,480,pred_anomaly,229,229,0.0,-0.005304855367929373,-0.221396312391801,1.110952293318055,-1.6950628577912261,-1.5097705935773513,-0.688778874492245,-0.221396312391801,0.4766705323937531,2.165009114960196,3.1686176869086244,train_oof,0.3472293893676648
RFERF_LR_class_weight,RFERF,supervised,LR,class_weight,480,pred_normal,1024,1024,0.0,0.0012991820860990995,-0.11583418738091555,0.9726189242471768,-1.7030192840503455,-1.4720529169400678,-0.6157535521505634,-0.11583418738091555,0.5089711797330393,1.8479793797733644,2.9059818789514362,train_oof,0.3472293893676648
RFERF_LR_class_weight,RFERF,supervised,LR,class_weight,484,TP,48,48,0.0,-0.29202014696980555,-0.4098879812900166,0.7623070615438448,-1.0153846670981137,-1.0153846670981137,-1.0153846670981137,-0.4098879812900166,0.048438863042296325,1.3639716465834408,1.6912843869055267,train_oof,0.3472293893676648
RFERF_LR_class_weight,RFERF,supervised,LR,class_weight,484,FP,181,181,0.0,-0.00360798404252701,-0.4899273042090868,1.1372365173181163,-1.0153846670981137,-1.0153846670981137,-0.7238865076235382,-0.4899273042090868,0.4326083380529145,2.496091430287001,3.4524157229313737,train_oof,0.3472293893676648
RFERF_LR_class_weight,RFERF,supervised,LR,class_weight,484,TN,989,989,0.0,0.01472783356728863,-0.3080616882928316,0.9761651851797118,-1.0153846670981137,-1.0153846670981137,-0.6214623731335861,-0.3080616882928316,0.3823020064162299,2.1960687950988946,3.3102115289773413,train_oof,0.3472293893676648
RFERF_LR_class_weight,RFERF,supervised,LR,class_weight,484,FN,35,35,0.0,-0.026399362366614224,-0.3686458727513167,0.9496291098958248,-1.0153846670981137,-1.0153846670981137,-0.5883157649808395,-0.3686458727513167,0.3789123057018004,1.7950805320628538,2.835215351282746,train_oof,0.3472293893676648
RFERF_LR_class_weight,RFERF,supervised,LR,class_weight,484,pred_anomaly,229,229,0.0,-0.06406118849889982,-0.4892652292389474,1.0745527884845296,-1.0153846670981137,-1.0153846670981137,-0.7716321530202058,-0.4892652292389474,0.3051167570361763,2.239020979824774,3.402614178468635,train_oof,0.3472293893676648
RFERF_LR_class_weight,RFERF,supervised,LR,class_weight,484,pred_normal,1024,1024,0.0,0.013322118862516571,-0.30827388658187216,0.9748458581657353,-1.0153846670981137,-1.0153846670981137,-0.6205709635394911,-0.30827388658187216,0.3840372300861804,2.1796901117013303,3.291336164656081,train_oof,0.3472293893676648
RFERF_LR_class_weight,RFERF,supervised,LR,class_weight,486,TP,48,48,0.0,0.13165383264745348,-0.0034589832366020996,0.804229140026898,-1.0674901188596386,-1.0674901188596386,-0.44771193615758886,-0.0034589832366021013,0.5417357395652247,1.8219783492772634,2.105075017969021,train_oof,0.3472293893676648
RFERF_LR_class_weight,RFERF,supervised,LR,class_weight,486,FP,181,181,0.0,0.20062510046374474,0.0360595673589673,0.9558069034380602,-1.0674901188596386,-1.0674901188596386,-0.5746103024506968,0.0360595673589673,0.9510117610559224,1.9337291293898744,2.296560503082246,train_oof,0.3472293893676648
RFERF_LR_class_weight,RFERF,supervised,LR,class_weight,486,TN,989,989,0.0,-0.05267546845341848,-0.2252001001899332,1.0016736429032476,-1.0674901188596386,-1.0674901188596386,-1.0674901188596386,-0.2252001001899332,0.6413018790732401,1.9108343365318592,2.267410486827466,train_oof,0.3472293893676648
RFERF_LR_class_weight,RFERF,supervised,LR,class_weight,486,FN,35,35,0.0,0.2115800226856478,0.0260366836838664,1.0495255741591238,-1.0674901188596386,-1.0674901188596386,-0.8416089219829245,0.0260366836838664,1.1015000842356248,1.8012882784802873,2.2434646030429928,train_oof,0.3472293893676648
RFERF_LR_class_weight,RFERF,supervised,LR,class_weight,486,pred_anomaly,229,229,0.0,0.1861682408341291,0.0278163702311628,0.9248550836929149,-1.0674901188596386,-1.0674901188596386,-0.5278307140348207,0.0278163702311628,0.786361950052034,1.9238826873373647,2.2669515026128533,train_oof,0.3472293893676648
RFERF_LR_class_weight,RFERF,supervised,LR,class_weight,486,pred_normal,1024,1024,0.0,-0.04364329834612618,-0.22168246098966335,1.0039616371893998,-1.0674901188596386,-1.0674901188596386,-1.0674901188596386,-0.22168246098966335,0.6531252724611669,1.914313366912782,2.2786531568340367,train_oof,0.3472293893676648
RFERF_LR_class_weight,RFERF,supervised,LR,class_weight,488,TP,48,48,0.0,-0.2735007596344539,-0.1643953791874434,0.9989802576107311,-1.395282106447686,-1.395282106447686,-1.395282106447686,-0.1643953791874434,0.3319591411674891,1.5180540317836884,1.9867469984862067,train_oof,0.3472293893676648
RFERF_LR_class_weight,RFERF,supervised,LR,class_weight,488,FP,181,181,0.0,0.02209078008968757,-0.0232578371315817,1.0340261077342272,-1.395282106447686,-1.395282106447686,-0.8604957671291854,-0.0232578371315817,0.678896574078239,2.0486096174449027,2.393888998682259,train_oof,0.3472293893676648
RFERF_LR_class_weight,RFERF,supervised,LR,class_weight,488,TN,989,989,0.0,0.008246316517385492,-0.0005018833715307,0.9818794224728197,-1.395282106447686,-1.395282106447686,-0.7831869454226036,-0.0005018833715307,0.582996766644443,1.828435210548553,2.406978052512225,train_oof,0.3472293893676648
RFERF_LR_class_weight,RFERF,supervised,LR,class_weight,488,FN,35,35,0.0,-0.07600378267918523,-0.3418304767936475,1.1160502924880524,-1.395282106447686,-1.395282106447686,-0.9819311495056599,-0.3418304767936475,0.6923754851045799,2.0053262078724448,2.402934760110229,train_oof,0.3472293893676648
RFERF_LR_class_weight,RFERF,supervised,LR,class_weight,488,pred_anomaly,229,229,0.0,-0.039867271904892324,-0.0530653115051011,1.0316841866598438,-1.395282106447686,-1.395282106447686,-0.9577148580448508,-0.0530653115051011,0.5593667131819683,1.9225138909672868,2.389286830022955,train_oof,0.3472293893676648
RFERF_LR_class_weight,RFERF,supervised,LR,class_weight,488,pred_normal,1024,1024,0.0,0.005366674455002704,-0.0031817151419202003,0.9862730463554789,-1.395282106447686,-1.395282106447686,-0.7880661120320915,-0.0031817151419202003,0.5983255511785567,1.8447155258141077,2.4153978784043098,train_oof,0.3472293893676648
RFERF_LR_class_weight,RFERF,supervised,LR,class_weight,489,TP,48,48,0.0,0.05340554920237248,-0.15376168631239662,0.9345207343511921,-1.2020520219895654,-1.105867119546223,-0.5479703105942623,-0.15376168631239662,0.24417324086703535,2.159621990132527,2.2352585666355025,train_oof,0.3472293893676648
RFERF_LR_class_weight,RFERF,supervised,LR,class_weight,489,FP,181,181,0.0,0.08003615904309926,-0.0849529449549328,0.9820372643144397,-1.2020520219895654,-1.2020520219895654,-0.6180970422480648,-0.0849529449549328,0.6065327433055276,2.0236008670233088,2.8435260792185764,train_oof,0.3472293893676648
RFERF_LR_class_weight,RFERF,supervised,LR,class_weight,489,TN,989,989,0.0,-0.02165944536759326,-0.2308951138764702,0.9893898310213356,-1.2020520219895654,-1.2020520219895654,-0.7146358115013035,-0.2308951138764702,0.4517446804034813,2.001757869844198,2.9037017390564746,train_oof,0.3472293893676648
RFERF_LR_class_weight,RFERF,supervised,LR,class_weight,489,FN,35,35,0.0,0.12704758516978343,-0.3120433938333624,1.2477191734109754,-1.2020520219895654,-1.2020520219895654,-0.7824005847771741,-0.3120433938333624,1.2420369462099972,2.5079572108348605,2.8366037746095705,train_oof,0.3472293893676648
RFERF_LR_class_weight,RFERF,supervised,LR,class_weight,489,pred_anomaly,229,229,0.0,0.07445419715508668,-0.1434085038078794,0.9703156994579323,-1.2020520219895654,-1.2020520219895654,-0.577055146016362,-0.1434085038078794,0.5722723146886088,2.1479926248488543,2.7685831082778645,train_oof,0.3472293893676648
RFERF_LR_class_weight,RFERF,supervised,LR,class_weight,489,pred_normal,1024,1024,0.0,-0.016576685534772772,-0.23360960832104571,0.9989360739856209,-1.2020520219895654,-1.2020520219895654,-0.718530453420312,-0.23360960832104571,0.4552377705460453,2.109331184326292,2.89856859657141,train_oof,0.3472293893676648
RFERF_LR_class_weight,RFERF,supervised,LR,class_weight,490,TP,48,48,0.0,-0.11378618930603503,-0.112649724093738,0.9330574157460617,-1.442018100791586,-1.3823012437402313,-0.8564513394997895,-0.112649724093738,0.49406249580494604,1.498064205219862,2.4762250532865666,train_oof,0.3472293893676648
RFERF_LR_class_weight,RFERF,supervised,LR,class_weight,490,FP,181,181,0.0,-0.13392010963468212,-0.3427075006368525,1.0157047111913842,-1.8214730966481514,-1.5027988767686786,-0.7574903693544478,-0.3427075006368525,0.5314521663105941,1.8837541241654252,2.354996892444456,train_oof,0.3472293893676648
RFERF_LR_class_weight,RFERF,supervised,LR,class_weight,490,TN,989,989,0.0,0.03267263048653692,-0.1062164005527821,0.9998386191823083,-1.6521912270160308,-1.3399705904697876,-0.6875661028727558,-0.1062164005527821,0.6021095910209637,1.80927979936377,2.912500931191208,train_oof,0.3472293893676648
RFERF_LR_class_weight,RFERF,supervised,LR,class_weight,490,FN,35,35,0.0,-0.07462727487479998,-0.2554728646795819,0.9938700332252247,-1.465043018912631,-1.3909250873629013,-0.8355493341978444,-0.2554728646795819,0.6896688313848242,1.3457475050667946,2.211438914641623,train_oof,0.3472293893676648
RFERF_LR_class_weight,RFERF,supervised,LR,class_weight,490,pred_anomaly,229,229,0.0,-0.12969989926011857,-0.3218096928056824,0.9969943623451081,-1.7782481022712744,-1.461981551628269,-0.7954187152762044,-0.3218096928056824,0.5159942806036599,1.84377405452891,2.5033059594342313,train_oof,0.3472293893676648
RFERF_LR_class_weight,RFERF,supervised,LR,class_weight,490,pred_normal,1024,1024,0.0,0.02900515325250685,-0.1112953401903788,0.9993422902270674,-1.650791790259688,-1.3545013947982445,-0.7047981195605363,-0.1112953401903788,0.6032541013855792,1.8043477712032936,2.898437613174517,train_oof,0.3472293893676648
RFERF_LR_class_weight,RFERF,supervised,LR,class_weight,510,TP,48,48,0.0,0.7414961931755527,0.2665325235984723,1.2910037711723574,-0.8228364209754517,-0.5302904400460033,-0.15961936091136003,0.2665325235984723,1.2429864695239599,3.063588166909738,4.932833561474811,train_oof,0.3472293893676648
RFERF_LR_class_weight,RFERF,supervised,LR,class_weight,510,FP,181,181,0.0,0.35301596849277345,0.1012468696845952,1.1756636966582208,-0.8898804967629164,-0.7723908015930772,-0.3345433812242838,0.1012468696845952,0.6094943213270938,2.4217524822450365,4.6650266784867895,train_oof,0.3472293893676648
RFERF_LR_class_weight,RFERF,supervised,LR,class_weight,510,TN,989,989,0.0,-0.1139558451508932,-0.2953754021868658,0.8694523518104915,-1.0175797657185053,-0.8777194603787312,-0.5651573524741544,-0.2953754021868658,0.1142571478201809,1.074711590141019,3.2111945328590816,train_oof,0.3472293893676648
RFERF_LR_class_weight,RFERF,supervised,LR,class_weight,510,FN,35,35,0.0,0.35118173128946467,-0.1169344133165119,1.8097011686667517,-0.823918993216748,-0.7301267825184883,-0.5109693989826193,-0.1169344133165119,0.3550580639917421,2.8556337853909795,7.443579691318145,train_oof,0.3472293893676648
RFERF_LR_class_weight,RFERF,supervised,LR,class_weight,510,pred_anomaly,229,229,0.0,0.43444413785859615,0.1655228657199406,1.2082563246334155,-0.8993064472282434,-0.7559207864093948,-0.2708792612334257,0.1655228657199406,0.7842772409142413,2.6643407621896524,4.950362728816707,train_oof,0.3472293893676648
RFERF_LR_class_weight,RFERF,supervised,LR,class_weight,510,pred_normal,1024,1024,0.0,-0.09805758814365441,-0.2927445989352446,0.9198262508215707,-1.0066695147399154,-0.874987117352486,-0.5638703028633364,-0.2927445989352446,0.11836291520059297,1.1126173110970106,3.801063163081992,train_oof,0.3472293893676648
RFERF_LR_class_weight,RFERF,supervised,LR,class_weight,525,TP,48,48,0.0,-0.057174904601348005,-0.19467057353142295,0.6829862568078361,-0.9147346414923936,-0.8318382484350353,-0.44971524559256226,-0.19467057353142295,0.10887313344626284,1.2549478899741882,2.232244253492534,train_oof,0.3472293893676648
RFERF_LR_class_weight,RFERF,supervised,LR,class_weight,525,FP,181,181,0.0,-0.016915204606443374,-0.1115268686744902,0.7304227215607322,-1.1551686508786743,-1.0094858871293533,-0.4479900180955309,-0.1115268686744902,0.2451135607118313,1.1845130690953871,2.9751205580142495,train_oof,0.3472293893676648
RFERF_LR_class_weight,RFERF,supervised,LR,class_weight,525,TN,989,989,0.0,0.0077147309450760594,-0.0954480987021571,1.0586308792944394,-1.1710190252513997,-0.9172028552881466,-0.4800774980403172,-0.0954480987021571,0.3218292605798251,1.1692049591217277,1.9637946513544613,train_oof,0.3472293893676648
RFERF_LR_class_weight,RFERF,supervised,LR,class_weight,525,FN,35,35,0.0,-0.05408767734475547,-0.0686851787482087,0.5470965041000063,-1.0075277101327227,-0.7453071425839312,-0.33591153328838674,-0.0686851787482087,0.159482725859178,0.9349348285248401,1.379948941759096,train_oof,0.3472293893676648
RFERF_LR_class_weight,RFERF,supervised,LR,class_weight,525,pred_anomaly,229,229,0.0,-0.02535391901585573,-0.1183927486626758,0.7194622657510655,-1.1364486189108862,-0.9638978452077976,-0.4479900180955309,-0.1183927486626758,0.2439926007137603,1.2297297930175817,2.7894573547337247,train_oof,0.3472293893676648
RFERF_LR_class_weight,RFERF,supervised,LR,class_weight,525,pred_normal,1024,1024,0.0,0.0056023439429822176,-0.095343008702338,1.0451941673541836,-1.1701888142528283,-0.913855738793906,-0.47483175554934387,-0.095343008702338,0.32134759808065383,1.1695114716212003,1.9514094445757724,train_oof,0.3472293893676648
RFERF_LR_class_weight,RFERF,supervised,LR,class_weight,551,TP,48,48,0.0,0.4236410599272035,0.013693945664989951,2.5107348741839455,-0.5971369711847164,-0.5070999580882296,-0.239101224091355,0.013693945664989951,0.12560148658173156,0.6888982216249372,11.627103804713617,train_oof,0.3472293893676648
RFERF_LR_class_weight,RFERF,supervised,LR,class_weight,551,FP,181,181,0.0,0.0841551656331186,-0.0872792811867216,1.8921536110027812,-0.6061142686782078,-0.5097403397039624,-0.2258993160126912,-0.0872792811867216,0.0909464778752391,0.4738018121564885,0.7919677968522839,train_oof,0.3472293893676648
RFERF_LR_class_weight,RFERF,supervised,LR,class_weight,551,TN,989,989,0.0,-0.04052371645303367,-0.0458781562432398,0.2887036145665905,-0.5979290856694364,-0.4371298452713116,-0.2192983619733593,-0.0458781562432398,0.0645426617179117,0.4209941798418334,0.6998184784632124,train_oof,0.3472293893676648
RFERF_LR_class_weight,RFERF,supervised,LR,class_weight,551,FN,35,35,0.0,-0.06884663678451518,-0.0298516124714541,0.33534689921490873,-0.6502086416609449,-0.5968729330231433,-0.25639615428993967,-0.0298516124714541,0.0579417076785798,0.45993980867389106,0.8014731706689221,train_oof,0.3472293893676648
RFERF_LR_class_weight,RFERF,supervised,LR,class_weight,551,pred_anomaly,229,229,0.0,0.15531378103100535,-0.0740773731080579,2.0359647299769414,-0.6127152227175396,-0.5137009121275615,-0.2325002700520231,-0.0740773731080579,0.097547431914571,0.5424517341655399,5.085228304033737,train_oof,0.3472293893676648
RFERF_LR_class_weight,RFERF,supervised,LR,class_weight,551,pred_normal,1024,1024,0.0,-0.04149178501905111,-0.04410211586100855,0.2902795583802563,-0.6153556043332725,-0.4437307993106435,-0.2209486004831923,-0.04410211586100855,0.0645426617179117,0.4209941798418334,0.7083997187143436,train_oof,0.3472293893676648
RFERF_LR_class_weight,RFERF,supervised,LR,class_weight,552,TP,48,48,0.0,0.1027662331479438,-0.12388060775539995,1.2707097195241996,-0.7460053364587831,-0.6582012726493752,-0.44710512819372583,-0.12388060775539995,0.16595105948443054,0.9981050511385496,5.222509153454038,train_oof,0.3472293893676648
RFERF_LR_class_weight,RFERF,supervised,LR,class_weight,552,FP,181,181,0.0,-0.10457451950001556,-0.2619792492238921,0.5991422774904337,-0.8497495280839443,-0.7877016505448607,-0.506240124603995,-0.2619792492238921,0.1875871033075905,1.0933878495088056,1.5088419073751351,train_oof,0.3472293893676648
RFERF_LR_class_weight,RFERF,supervised,LR,class_weight,552,TN,989,989,0.0,0.06338601932158101,-0.1380435664932243,0.9701785214649064,-0.8551120369572317,-0.7877016505448607,-0.5894151640653232,-0.1380435664932243,0.3949982776605227,1.41289230489105,3.9100526541936413,train_oof,0.3472293893676648
RFERF_LR_class_weight,RFERF,supervised,LR,class_weight,552,FN,35,35,0.0,-0.0536042027667681,-0.0903649272973541,0.570220527144676,-0.8333321089025059,-0.7653461652550438,-0.4521938964308113,-0.0903649272973541,0.21496116692777445,1.122025331449921,1.3503109840609104,train_oof,0.3472293893676648
RFERF_LR_class_weight,RFERF,supervised,LR,class_weight,552,pred_anomaly,229,229,0.0,-0.061114449075989154,-0.2291336729742718,0.7895615962782625,-0.8404563844344255,-0.7848940542761239,-0.5041344274024424,-0.2291336729742718,0.1721453238295379,1.072471257306716,2.0498657083607195,train_oof,0.3472293893676648
RFERF_LR_class_weight,RFERF,supervised,LR,class_weight,552,pred_normal,1024,1024,0.0,0.05938733009004564,-0.13452454344324438,0.959323858754783,-0.8563543983061478,-0.7877016505448607,-0.588888739764935,-0.13452454344324438,0.385522640253536,1.3773278116477004,3.8897993566100397,train_oof,0.3472293893676648
RFERF_LR_class_weight,RFERF,supervised,LR,class_weight,563,TP,48,48,0.0,-0.02713743290304847,-0.009580479772564099,0.6386724797949617,-0.9926049811525501,-0.9210746379817368,-0.4089607677288395,-0.0095804797725641,0.3685986891969251,0.8499616801709474,1.432570901940955,train_oof,0.3472293893676648
RFERF_LR_class_weight,RFERF,supervised,LR,class_weight,563,FP,181,181,0.0,0.07314487288165032,-0.0314176516064799,0.9173550164151764,-1.0684574494692323,-0.9210746379817368,-0.7339481469919962,-0.0314176516064799,0.4534427896048649,1.771559648295422,2.829403917713533,train_oof,0.3472293893676648
RFERF_LR_class_weight,RFERF,supervised,LR,class_weight,563,TN,989,989,0.0,0.04046305364057085,-0.0251858625352775,0.9424902651823419,-1.2024267691247197,-0.9210746379817368,-0.9210746379817368,-0.0251858625352775,0.6570806355866106,1.7015114131727138,2.5080431492049575,train_oof,0.3472293893676648
RFERF_LR_class_weight,RFERF,supervised,LR,class_weight,563,FN,35,35,0.0,-0.009077137552634881,-0.1452448943649783,0.7648801105767874,-0.9210746379817368,-0.9210746379817368,-0.5704194657067136,-0.1452448943649783,0.34078718621457016,1.3403407256960536,1.8094320628877691,train_oof,0.3472293893676648
RFERF_LR_class_weight,RFERF,supervised,LR,class_weight,563,pred_anomaly,229,229,0.0,0.052125000926778964,-0.0311120493369508,0.866101857945311,-1.045604833755441,-0.9210746379817368,-0.6850965409371521,-0.0311120493369508,0.4533942781375998,1.7352935407496226,2.655889636953311,train_oof,0.3472293893676648
RFERF_LR_class_weight,RFERF,supervised,LR,class_weight,563,pred_normal,1024,1024,0.0,0.03876978538689682,-0.0280292238152777,0.9367081255742371,-1.1963658580006273,-0.9210746379817368,-0.9210746379817368,-0.0280292238152777,0.6421767557732682,1.6965434532349317,2.4887757445795966,train_oof,0.3472293893676648
RFERF_LR_class_weight,RFERF,supervised,LR,class_weight,571,TP,48,48,0.0,-0.13312915543833595,0.37750370330049066,1.384390111155663,-3.74809892986009,-3.6263160267158994,-0.7294318053500242,0.37750370330049066,0.8095339605361525,1.0833682447667767,1.619391175408326,train_oof,0.3472293893676648
RFERF_LR_class_weight,RFERF,supervised,LR,class_weight,571,FP,181,181,0.0,-0.023346099553344858,0.1306292705943977,1.1843611641462197,-3.74809892986009,-2.261762139134748,-0.4383817561876867,0.1306292705943977,0.7938088954190117,1.3915431625306711,1.8414436382751702,train_oof,0.3472293893676648
RFERF_LR_class_weight,RFERF,supervised,LR,class_weight,571,TN,989,989,0.0,0.010005704647238945,0.0222808450473944,0.933014241871332,-3.6870165959946655,-1.6069449766845672,-0.434745902981411,0.0222808450473944,0.669826301085024,1.2791225813926383,1.8692942738352456,train_oof,0.3472293893676648
RFERF_LR_class_weight,RFERF,supervised,LR,class_weight,571,FN,35,35,0.0,0.020577188116453326,0.3615059491928787,1.2041859280459533,-3.6870165959946655,-2.1579221715635257,-0.37184564251284846,0.3615059491928787,0.755450644092807,1.3310425651782491,1.4276617282818098,train_oof,0.3472293893676648
RFERF_LR_class_weight,RFERF,supervised,LR,class_weight,571,pred_anomaly,229,229,0.0,-0.04635739511002421,0.1484449513051471,1.226574334669469,-3.74809892986009,-3.313105452261313,-0.4772853854948322,0.1484449513051471,0.8007170165109347,1.3800538663988413,1.7092294722821817,train_oof,0.3472293893676648
RFERF_LR_class_weight,RFERF,supervised,LR,class_weight,571,pred_normal,1024,1024,0.0,0.010367034648628112,0.0222808450473944,0.9428308146972973,-3.6870165959946655,-1.6069449766845672,-0.434745902981411,0.0222808450473944,0.6730985689706721,1.2835037845062003,1.8692942738352456,train_oof,0.3472293893676648
RFERF_LR_class_weight,RFERF,supervised,LR,class_weight,582,TP,48,48,0.0,0.3371003918599542,0.45344817054657494,1.1208025236975832,-2.4529944041283605,-1.3615771769647829,-0.2521448098755363,0.45344817054657494,1.0464465264332667,2.1964129583552667,2.390075712556222,train_oof,0.3472293893676648
RFERF_LR_class_weight,RFERF,supervised,LR,class_weight,582,FP,181,181,0.0,0.22245293715342068,0.1682084550567972,0.9851912822118184,-1.8254670300508185,-1.4231289050441582,-0.4322962091322567,0.1682084550567972,0.9488645185025256,1.8496215147860813,2.5281917853196907,train_oof,0.3472293893676648
RFERF_LR_class_weight,RFERF,supervised,LR,class_weight,582,TN,989,989,0.0,-0.06160385456373123,-0.0419681774093758,0.9845971771046884,-2.2938606681182656,-1.7113711438548973,-0.7325485412267754,-0.0419681774093758,0.58856171998911,1.489318716272666,2.30360304091301,train_oof,0.3472293893676648
RFERF_LR_class_weight,RFERF,supervised,LR,class_weight,582,FN,35,35,0.0,0.14333040468323852,0.0781327554284183,1.1095122661373389,-2.430775731553367,-1.483179371463068,-0.47733405894642955,0.0781327554284183,0.8587888188741801,1.7925735716881237,2.5185837106926825,train_oof,0.3472293893676648
RFERF_LR_class_weight,RFERF,supervised,LR,class_weight,582,pred_anomaly,229,229,0.0,0.24648384469016138,0.1982336882662457,1.0136098533465219,-2.0032164106507655,-1.4231289050441582,-0.4322962091322567,0.1982336882662457,0.9488645185025256,1.9997476808333576,2.4765483841994334,train_oof,0.3472293893676648
RFERF_LR_class_weight,RFERF,supervised,LR,class_weight,582,pred_normal,1024,1024,0.0,-0.054599265624625824,-0.0419681774093758,0.9892247949104583,-2.2938606681182656,-1.7188774521572594,-0.7025233080173101,-0.0419681774093758,0.6185869531985585,1.5148401645006944,2.3531446757085996,train_oof,0.3472293893676648
RFERF_LR_class_weight,RFERF,supervised,LR,class_weight,586,TP,48,48,0.0,0.13475975543379062,0.1071251793737314,1.0392341633804831,-1.982749075551373,-1.3013113257096345,-0.5190296868815233,0.1071251793737314,0.6199954481157001,1.7767341747240915,2.8726699682671715,train_oof,0.3472293893676648
RFERF_LR_class_weight,RFERF,supervised,LR,class_weight,586,FP,181,181,0.0,0.002978455472014101,-0.1235634555624151,1.2847545712017445,-2.175044530530289,-1.4088287073495172,-0.7744349612751141,-0.1235634555624151,0.4778747712353954,1.6642734651927202,5.383303815556149,train_oof,0.3472293893676648
RFERF_LR_class_weight,RFERF,supervised,LR,class_weight,586,TN,989,989,0.0,-0.009039257506611352,-0.0741301766475266,0.9459836160511651,-1.888661068016702,-1.3495087726516506,-0.6590906438070409,-0.0741301766475266,0.4861136510545435,1.6642734651927202,2.70237232240538,train_oof,0.3472293893676648
RFERF_LR_class_weight,RFERF,supervised,LR,class_weight,586,FN,35,35,0.0,0.04521588244698987,-0.1070856959241187,0.7491743149527809,-1.327593352332717,-1.158366760847415,-0.4489992084187645,-0.1070856959241187,0.5808607689747467,1.1913617635736196,1.4563241385574215,train_oof,0.3472293893676648
RFERF_LR_class_weight,RFERF,supervised,LR,class_weight,586,pred_anomaly,229,229,0.0,0.030600736686709634,-0.0823690564666746,1.2363752073806078,-2.175044530530289,-1.4022376034941988,-0.7085239227219294,-0.0823690564666746,0.5108302905119879,1.768083350913985,4.982564701152803,train_oof,0.3472293893676648
RFERF_LR_class_weight,RFERF,supervised,LR,class_weight,586,pred_normal,1024,1024,0.0,-0.007184833777728484,-0.0741301766475266,0.9396910956134396,-1.8866837368601064,-1.334678788977184,-0.6508517639878928,-0.0741301766475266,0.4861136510545435,1.6066013064586837,2.70237232240538,train_oof,0.3472293893676648
