artifact_key,feature_set,category,model,balance_method,feature,tp_missing_rate,fp_missing_rate,tn_missing_rate,fn_missing_rate,missing_tp_tn_gap,missing_tp_fp_gap,overall_missing_rate,missing_signal_type,group_source,threshold
RFERF_RF_ROSE,RFERF,supervised,RF,ROSE,0,0.0,0.0,0.0,0.0,0.0,0.0,0.0,weak,train_oof,0.20232788980713348
RFERF_RF_ROSE,RFERF,supervised,RF,ROSE,102,0.0,0.0,0.0,0.0,0.0,0.0,0.0,weak,train_oof,0.20232788980713348
RFERF_RF_ROSE,RFERF,supervised,RF,ROSE,103,0.0,0.0,0.0,0.0,0.0,0.0,0.0,weak,train_oof,0.20232788980713348
RFERF_RF_ROSE,RFERF,supervised,RF,ROSE,107,0.0,0.0,0.0,0.0,0.0,0.0,0.0,weak,train_oof,0.20232788980713348
RFERF_RF_ROSE,RFERF,supervised,RF,ROSE,115,0.0,0.0,0.0,0.0,0.0,0.0,0.0,weak,train_oof,0.20232788980713348
RFERF_RF_ROSE,RFERF,supervised,RF,ROSE,122,0.0,0.0,0.0,0.0,0.0,0.0,0.0,weak,train_oof,0.20232788980713348
RFERF_RF_ROSE,RFERF,supervised,RF,ROSE,124,0.0,0.0,0.0,0.0,0.0,0.0,0.0,weak,train_oof,0.20232788980713348
RFERF_RF_ROSE,RFERF,supervised,RF,ROSE,125,0.0,0.0,0.0,0.0,0.0,0.0,0.0,weak,train_oof,0.20232788980713348
RFERF_RF_ROSE,RFERF,supervised,RF,ROSE,126,0.0,0.0,0.0,0.0,0.0,0.0,0.0,weak,train_oof,0.20232788980713348
RFERF_RF_ROSE,RFERF,supervised,RF,ROSE,129,0.0,0.0,0.0,0.0,0.0,0.0,0.0,weak,train_oof,0.20232788980713348
RFERF_RF_ROSE,RFERF,supervised,RF,ROSE,130,0.0,0.0,0.0,0.0,0.0,0.0,0.0,weak,train_oof,0.20232788980713348
RFERF_RF_ROSE,RFERF,supervised,RF,ROSE,131,0.0,0.0,0.0,0.0,0.0,0.0,0.0,weak,train_oof,0.20232788980713348
RFERF_RF_ROSE,RFERF,supervised,RF,ROSE,132,0.0,0.0,0.0,0.0,0.0,0.0,0.0,weak,train_oof,0.20232788980713348
RFERF_RF_ROSE,RFERF,supervised,RF,ROSE,133,0.0,0.0,0.0,0.0,0.0,0.0,0.0,weak,train_oof,0.20232788980713348
RFERF_RF_ROSE,RFERF,supervised,RF,ROSE,137,0.0,0.0,0.0,0.0,0.0,0.0,0.0,weak,train_oof,0.20232788980713348
RFERF_RF_ROSE,RFERF,supervised,RF,ROSE,139,0.0,0.0,0.0,0.0,0.0,0.0,0.0,weak,train_oof,0.20232788980713348
RFERF_RF_ROSE,RFERF,supervised,RF,ROSE,14,0.0,0.0,0.0,0.0,0.0,0.0,0.0,weak,train_oof,0.20232788980713348
RFERF_RF_ROSE,RFERF,supervised,RF,ROSE,144,0.0,0.0,0.0,0.0,0.0,0.0,0.0,weak,train_oof,0.20232788980713348
RFERF_RF_ROSE,RFERF,supervised,RF,ROSE,15,0.0,0.0,0.0,0.0,0.0,0.0,0.0,weak,train_oof,0.20232788980713348
RFERF_RF_ROSE,RFERF,supervised,RF,ROSE,156,0.0,0.0,0.0,0.0,0.0,0.0,0.0,weak,train_oof,0.20232788980713348
RFERF_RF_ROSE,RFERF,supervised,RF,ROSE,16,0.0,0.0,0.0,0.0,0.0,0.0,0.0,weak,train_oof,0.20232788980713348
RFERF_RF_ROSE,RFERF,supervised,RF,ROSE,173,0.0,0.0,0.0,0.0,0.0,0.0,0.0,weak,train_oof,0.20232788980713348
RFERF_RF_ROSE,RFERF,supervised,RF,ROSE,182,0.0,0.0,0.0,0.0,0.0,0.0,0.0,weak,train_oof,0.20232788980713348
RFERF_RF_ROSE,RFERF,supervised,RF,ROSE,183,0.0,0.0,0.0,0.0,0.0,0.0,0.0,weak,train_oof,0.20232788980713348
RFERF_RF_ROSE,RFERF,supervised,RF,ROSE,19,0.0,0.0,0.0,0.0,0.0,0.0,0.0,weak,train_oof,0.20232788980713348
RFERF_RF_ROSE,RFERF,supervised,RF,ROSE,2,0.0,0.0,0.0,0.0,0.0,0.0,0.0,weak,train_oof,0.20232788980713348
RFERF_RF_ROSE,RFERF,supervised,RF,ROSE,200,0.0,0.0,0.0,0.0,0.0,0.0,0.0,weak,train_oof,0.20232788980713348
RFERF_RF_ROSE,RFERF,supervised,RF,ROSE,21,0.0,0.0,0.0,0.0,0.0,0.0,0.0,weak,train_oof,0.20232788980713348
RFERF_RF_ROSE,RFERF,supervised,RF,ROSE,217,0.0,0.0,0.0,0.0,0.0,0.0,0.0,weak,train_oof,0.20232788980713348
RFERF_RF_ROSE,RFERF,supervised,RF,ROSE,227,0.0,0.0,0.0,0.0,0.0,0.0,0.0,weak,train_oof,0.20232788980713348
RFERF_RF_ROSE,RFERF,supervised,RF,ROSE,24,0.0,0.0,0.0,0.0,0.0,0.0,0.0,weak,train_oof,0.20232788980713348
RFERF_RF_ROSE,RFERF,supervised,RF,ROSE,25,0.0,0.0,0.0,0.0,0.0,0.0,0.0,weak,train_oof,0.20232788980713348
RFERF_RF_ROSE,RFERF,supervised,RF,ROSE,252,0.0,0.0,0.0,0.0,0.0,0.0,0.0,weak,train_oof,0.20232788980713348
RFERF_RF_ROSE,RFERF,supervised,RF,ROSE,271,0.0,0.0,0.0,0.0,0.0,0.0,0.0,weak,train_oof,0.20232788980713348
RFERF_RF_ROSE,RFERF,supervised,RF,ROSE,273,0.0,0.0,0.0,0.0,0.0,0.0,0.0,weak,train_oof,0.20232788980713348
RFERF_RF_ROSE,RFERF,supervised,RF,ROSE,28,0.0,0.0,0.0,0.0,0.0,0.0,0.0,weak,train_oof,0.20232788980713348
RFERF_RF_ROSE,RFERF,supervised,RF,ROSE,280,0.0,0.0,0.0,0.0,0.0,0.0,0.0,weak,train_oof,0.20232788980713348
RFERF_RF_ROSE,RFERF,supervised,RF,ROSE,281,0.0,0.0,0.0,0.0,0.0,0.0,0.0,weak,train_oof,0.20232788980713348
RFERF_RF_ROSE,RFERF,supervised,RF,ROSE,282,0.0,0.0,0.0,0.0,0.0,0.0,0.0,weak,train_oof,0.20232788980713348
RFERF_RF_ROSE,RFERF,supervised,RF,ROSE,288,0.0,0.0,0.0,0.0,0.0,0.0,0.0,weak,train_oof,0.20232788980713348
RFERF_RF_ROSE,RFERF,supervised,RF,ROSE,295,0.0,0.0,0.0,0.0,0.0,0.0,0.0,weak,train_oof,0.20232788980713348
RFERF_RF_ROSE,RFERF,supervised,RF,ROSE,31,0.0,0.0,0.0,0.0,0.0,0.0,0.0,weak,train_oof,0.20232788980713348
RFERF_RF_ROSE,RFERF,supervised,RF,ROSE,310,0.0,0.0,0.0,0.0,0.0,0.0,0.0,weak,train_oof,0.20232788980713348
RFERF_RF_ROSE,RFERF,supervised,RF,ROSE,316,0.0,0.0,0.0,0.0,0.0,0.0,0.0,weak,train_oof,0.20232788980713348
RFERF_RF_ROSE,RFERF,supervised,RF,ROSE,33,0.0,0.0,0.0,0.0,0.0,0.0,0.0,weak,train_oof,0.20232788980713348
RFERF_RF_ROSE,RFERF,supervised,RF,ROSE,333,0.0,0.0,0.0,0.0,0.0,0.0,0.0,weak,train_oof,0.20232788980713348
RFERF_RF_ROSE,RFERF,supervised,RF,ROSE,338,0.0,0.0,0.0,0.0,0.0,0.0,0.0,weak,train_oof,0.20232788980713348
RFERF_RF_ROSE,RFERF,supervised,RF,ROSE,344,0.0,0.0,0.0,0.0,0.0,0.0,0.0,weak,train_oof,0.20232788980713348
RFERF_RF_ROSE,RFERF,supervised,RF,ROSE,348,0.0,0.0,0.0,0.0,0.0,0.0,0.0,weak,train_oof,0.20232788980713348
RFERF_RF_ROSE,RFERF,supervised,RF,ROSE,35,0.0,0.0,0.0,0.0,0.0,0.0,0.0,weak,train_oof,0.20232788980713348
RFERF_RF_ROSE,RFERF,supervised,RF,ROSE,37,0.0,0.0,0.0,0.0,0.0,0.0,0.0,weak,train_oof,0.20232788980713348
RFERF_RF_ROSE,RFERF,supervised,RF,ROSE,377,0.0,0.0,0.0,0.0,0.0,0.0,0.0,weak,train_oof,0.20232788980713348
RFERF_RF_ROSE,RFERF,supervised,RF,ROSE,39,0.0,0.0,0.0,0.0,0.0,0.0,0.0,weak,train_oof,0.20232788980713348
RFERF_RF_ROSE,RFERF,supervised,RF,ROSE,405,0.0,0.0,0.0,0.0,0.0,0.0,0.0,weak,train_oof,0.20232788980713348
RFERF_RF_ROSE,RFERF,supervised,RF,ROSE,41,0.0,0.0,0.0,0.0,0.0,0.0,0.0,weak,train_oof,0.20232788980713348
RFERF_RF_ROSE,RFERF,supervised,RF,ROSE,416,0.0,0.0,0.0,0.0,0.0,0.0,0.0,weak,train_oof,0.20232788980713348
RFERF_RF_ROSE,RFERF,supervised,RF,ROSE,423,0.0,0.0,0.0,0.0,0.0,0.0,0.0,weak,train_oof,0.20232788980713348
RFERF_RF_ROSE,RFERF,supervised,RF,ROSE,425,0.0,0.0,0.0,0.0,0.0,0.0,0.0,weak,train_oof,0.20232788980713348
RFERF_RF_ROSE,RFERF,supervised,RF,ROSE,428,0.0,0.0,0.0,0.0,0.0,0.0,0.0,weak,train_oof,0.20232788980713348
RFERF_RF_ROSE,RFERF,supervised,RF,ROSE,43,0.0,0.0,0.0,0.0,0.0,0.0,0.0,weak,train_oof,0.20232788980713348
RFERF_RF_ROSE,RFERF,supervised,RF,ROSE,452,0.0,0.0,0.0,0.0,0.0,0.0,0.0,weak,train_oof,0.20232788980713348
RFERF_RF_ROSE,RFERF,supervised,RF,ROSE,460,0.0,0.0,0.0,0.0,0.0,0.0,0.0,weak,train_oof,0.20232788980713348
RFERF_RF_ROSE,RFERF,supervised,RF,ROSE,468,0.0,0.0,0.0,0.0,0.0,0.0,0.0,weak,train_oof,0.20232788980713348
RFERF_RF_ROSE,RFERF,supervised,RF,ROSE,47,0.0,0.0,0.0,0.0,0.0,0.0,0.0,weak,train_oof,0.20232788980713348
RFERF_RF_ROSE,RFERF,supervised,RF,ROSE,477,0.0,0.0,0.0,0.0,0.0,0.0,0.0,weak,train_oof,0.20232788980713348
RFERF_RF_ROSE,RFERF,supervised,RF,ROSE,48,0.0,0.0,0.0,0.0,0.0,0.0,0.0,weak,train_oof,0.20232788980713348
RFERF_RF_ROSE,RFERF,supervised,RF,ROSE,480,0.0,0.0,0.0,0.0,0.0,0.0,0.0,weak,train_oof,0.20232788980713348
RFERF_RF_ROSE,RFERF,supervised,RF,ROSE,484,0.0,0.0,0.0,0.0,0.0,0.0,0.0,weak,train_oof,0.20232788980713348
RFERF_RF_ROSE,RFERF,supervised,RF,ROSE,486,0.0,0.0,0.0,0.0,0.0,0.0,0.0,weak,train_oof,0.20232788980713348
RFERF_RF_ROSE,RFERF,supervised,RF,ROSE,488,0.0,0.0,0.0,0.0,0.0,0.0,0.0,weak,train_oof,0.20232788980713348
RFERF_RF_ROSE,RFERF,supervised,RF,ROSE,489,0.0,0.0,0.0,0.0,0.0,0.0,0.0,weak,train_oof,0.20232788980713348
RFERF_RF_ROSE,RFERF,supervised,RF,ROSE,490,0.0,0.0,0.0,0.0,0.0,0.0,0.0,weak,train_oof,0.20232788980713348
RFERF_RF_ROSE,RFERF,supervised,RF,ROSE,510,0.0,0.0,0.0,0.0,0.0,0.0,0.0,weak,train_oof,0.20232788980713348
RFERF_RF_ROSE,RFERF,supervised,RF,ROSE,525,0.0,0.0,0.0,0.0,0.0,0.0,0.0,weak,train_oof,0.20232788980713348
RFERF_RF_ROSE,RFERF,supervised,RF,ROSE,55,0.0,0.0,0.0,0.0,0.0,0.0,0.0,weak,train_oof,0.20232788980713348
RFERF_RF_ROSE,RFERF,supervised,RF,ROSE,551,0.0,0.0,0.0,0.0,0.0,0.0,0.0,weak,train_oof,0.20232788980713348
RFERF_RF_ROSE,RFERF,supervised,RF,ROSE,552,0.0,0.0,0.0,0.0,0.0,0.0,0.0,weak,train_oof,0.20232788980713348
RFERF_RF_ROSE,RFERF,supervised,RF,ROSE,56,0.0,0.0,0.0,0.0,0.0,0.0,0.0,weak,train_oof,0.20232788980713348
RFERF_RF_ROSE,RFERF,supervised,RF,ROSE,563,0.0,0.0,0.0,0.0,0.0,0.0,0.0,weak,train_oof,0.20232788980713348
RFERF_RF_ROSE,RFERF,supervised,RF,ROSE,57,0.0,0.0,0.0,0.0,0.0,0.0,0.0,weak,train_oof,0.20232788980713348
RFERF_RF_ROSE,RFERF,supervised,RF,ROSE,571,0.0,0.0,0.0,0.0,0.0,0.0,0.0,weak,train_oof,0.20232788980713348
RFERF_RF_ROSE,RFERF,supervised,RF,ROSE,58,0.0,0.0,0.0,0.0,0.0,0.0,0.0,weak,train_oof,0.20232788980713348
RFERF_RF_ROSE,RFERF,supervised,RF,ROSE,582,0.0,0.0,0.0,0.0,0.0,0.0,0.0,weak,train_oof,0.20232788980713348
RFERF_RF_ROSE,RFERF,supervised,RF,ROSE,586,0.0,0.0,0.0,0.0,0.0,0.0,0.0,weak,train_oof,0.20232788980713348
RFERF_RF_ROSE,RFERF,supervised,RF,ROSE,59,0.0,0.0,0.0,0.0,0.0,0.0,0.0,weak,train_oof,0.20232788980713348
RFERF_RF_ROSE,RFERF,supervised,RF,ROSE,63,0.0,0.0,0.0,0.0,0.0,0.0,0.0,weak,train_oof,0.20232788980713348
RFERF_RF_ROSE,RFERF,supervised,RF,ROSE,64,0.0,0.0,0.0,0.0,0.0,0.0,0.0,weak,train_oof,0.20232788980713348
RFERF_RF_ROSE,RFERF,supervised,RF,ROSE,65,0.0,0.0,0.0,0.0,0.0,0.0,0.0,weak,train_oof,0.20232788980713348
RFERF_RF_ROSE,RFERF,supervised,RF,ROSE,67,0.0,0.0,0.0,0.0,0.0,0.0,0.0,weak,train_oof,0.20232788980713348
RFERF_RF_ROSE,RFERF,supervised,RF,ROSE,75,0.0,0.0,0.0,0.0,0.0,0.0,0.0,weak,train_oof,0.20232788980713348
RFERF_RF_ROSE,RFERF,supervised,RF,ROSE,76,0.0,0.0,0.0,0.0,0.0,0.0,0.0,weak,train_oof,0.20232788980713348
RFERF_RF_ROSE,RFERF,supervised,RF,ROSE,79,0.0,0.0,0.0,0.0,0.0,0.0,0.0,weak,train_oof,0.20232788980713348
RFERF_RF_ROSE,RFERF,supervised,RF,ROSE,8,0.0,0.0,0.0,0.0,0.0,0.0,0.0,weak,train_oof,0.20232788980713348
RFERF_RF_ROSE,RFERF,supervised,RF,ROSE,81,0.0,0.0,0.0,0.0,0.0,0.0,0.0,weak,train_oof,0.20232788980713348
RFERF_RF_ROSE,RFERF,supervised,RF,ROSE,88,0.0,0.0,0.0,0.0,0.0,0.0,0.0,weak,train_oof,0.20232788980713348
RFERF_RF_ROSE,RFERF,supervised,RF,ROSE,9,0.0,0.0,0.0,0.0,0.0,0.0,0.0,weak,train_oof,0.20232788980713348
RFERF_RF_ROSE,RFERF,supervised,RF,ROSE,90,0.0,0.0,0.0,0.0,0.0,0.0,0.0,weak,train_oof,0.20232788980713348
RFERF_RF_ROSE,RFERF,supervised,RF,ROSE,91,0.0,0.0,0.0,0.0,0.0,0.0,0.0,weak,train_oof,0.20232788980713348
RFERF_RF_ROSE,RFERF,supervised,RF,ROSE,92,0.0,0.0,0.0,0.0,0.0,0.0,0.0,weak,train_oof,0.20232788980713348
RFERF_RF_NoResample,RFERF,supervised,RF,NoResample,0,0.0,0.0,0.0,0.0,0.0,0.0,0.0,weak,train_oof,0.10516617787900674
RFERF_RF_NoResample,RFERF,supervised,RF,NoResample,102,0.0,0.0,0.0,0.0,0.0,0.0,0.0,weak,train_oof,0.10516617787900674
RFERF_RF_NoResample,RFERF,supervised,RF,NoResample,103,0.0,0.0,0.0,0.0,0.0,0.0,0.0,weak,train_oof,0.10516617787900674
RFERF_RF_NoResample,RFERF,supervised,RF,NoResample,107,0.0,0.0,0.0,0.0,0.0,0.0,0.0,weak,train_oof,0.10516617787900674
RFERF_RF_NoResample,RFERF,supervised,RF,NoResample,115,0.0,0.0,0.0,0.0,0.0,0.0,0.0,weak,train_oof,0.10516617787900674
RFERF_RF_NoResample,RFERF,supervised,RF,NoResample,122,0.0,0.0,0.0,0.0,0.0,0.0,0.0,weak,train_oof,0.10516617787900674
RFERF_RF_NoResample,RFERF,supervised,RF,NoResample,124,0.0,0.0,0.0,0.0,0.0,0.0,0.0,weak,train_oof,0.10516617787900674
RFERF_RF_NoResample,RFERF,supervised,RF,NoResample,125,0.0,0.0,0.0,0.0,0.0,0.0,0.0,weak,train_oof,0.10516617787900674
RFERF_RF_NoResample,RFERF,supervised,RF,NoResample,126,0.0,0.0,0.0,0.0,0.0,0.0,0.0,weak,train_oof,0.10516617787900674
RFERF_RF_NoResample,RFERF,supervised,RF,NoResample,129,0.0,0.0,0.0,0.0,0.0,0.0,0.0,weak,train_oof,0.10516617787900674
RFERF_RF_NoResample,RFERF,supervised,RF,NoResample,130,0.0,0.0,0.0,0.0,0.0,0.0,0.0,weak,train_oof,0.10516617787900674
RFERF_RF_NoResample,RFERF,supervised,RF,NoResample,131,0.0,0.0,0.0,0.0,0.0,0.0,0.0,weak,train_oof,0.10516617787900674
RFERF_RF_NoResample,RFERF,supervised,RF,NoResample,132,0.0,0.0,0.0,0.0,0.0,0.0,0.0,weak,train_oof,0.10516617787900674
RFERF_RF_NoResample,RFERF,supervised,RF,NoResample,133,0.0,0.0,0.0,0.0,0.0,0.0,0.0,weak,train_oof,0.10516617787900674
RFERF_RF_NoResample,RFERF,supervised,RF,NoResample,137,0.0,0.0,0.0,0.0,0.0,0.0,0.0,weak,train_oof,0.10516617787900674
RFERF_RF_NoResample,RFERF,supervised,RF,NoResample,139,0.0,0.0,0.0,0.0,0.0,0.0,0.0,weak,train_oof,0.10516617787900674
RFERF_RF_NoResample,RFERF,supervised,RF,NoResample,14,0.0,0.0,0.0,0.0,0.0,0.0,0.0,weak,train_oof,0.10516617787900674
RFERF_RF_NoResample,RFERF,supervised,RF,NoResample,144,0.0,0.0,0.0,0.0,0.0,0.0,0.0,weak,train_oof,0.10516617787900674
RFERF_RF_NoResample,RFERF,supervised,RF,NoResample,15,0.0,0.0,0.0,0.0,0.0,0.0,0.0,weak,train_oof,0.10516617787900674
RFERF_RF_NoResample,RFERF,supervised,RF,NoResample,156,0.0,0.0,0.0,0.0,0.0,0.0,0.0,weak,train_oof,0.10516617787900674
RFERF_RF_NoResample,RFERF,supervised,RF,NoResample,16,0.0,0.0,0.0,0.0,0.0,0.0,0.0,weak,train_oof,0.10516617787900674
RFERF_RF_NoResample,RFERF,supervised,RF,NoResample,173,0.0,0.0,0.0,0.0,0.0,0.0,0.0,weak,train_oof,0.10516617787900674
RFERF_RF_NoResample,RFERF,supervised,RF,NoResample,182,0.0,0.0,0.0,0.0,0.0,0.0,0.0,weak,train_oof,0.10516617787900674
RFERF_RF_NoResample,RFERF,supervised,RF,NoResample,183,0.0,0.0,0.0,0.0,0.0,0.0,0.0,weak,train_oof,0.10516617787900674
RFERF_RF_NoResample,RFERF,supervised,RF,NoResample,19,0.0,0.0,0.0,0.0,0.0,0.0,0.0,weak,train_oof,0.10516617787900674
RFERF_RF_NoResample,RFERF,supervised,RF,NoResample,2,0.0,0.0,0.0,0.0,0.0,0.0,0.0,weak,train_oof,0.10516617787900674
RFERF_RF_NoResample,RFERF,supervised,RF,NoResample,200,0.0,0.0,0.0,0.0,0.0,0.0,0.0,weak,train_oof,0.10516617787900674
RFERF_RF_NoResample,RFERF,supervised,RF,NoResample,21,0.0,0.0,0.0,0.0,0.0,0.0,0.0,weak,train_oof,0.10516617787900674
RFERF_RF_NoResample,RFERF,supervised,RF,NoResample,217,0.0,0.0,0.0,0.0,0.0,0.0,0.0,weak,train_oof,0.10516617787900674
RFERF_RF_NoResample,RFERF,supervised,RF,NoResample,227,0.0,0.0,0.0,0.0,0.0,0.0,0.0,weak,train_oof,0.10516617787900674
RFERF_RF_NoResample,RFERF,supervised,RF,NoResample,24,0.0,0.0,0.0,0.0,0.0,0.0,0.0,weak,train_oof,0.10516617787900674
RFERF_RF_NoResample,RFERF,supervised,RF,NoResample,25,0.0,0.0,0.0,0.0,0.0,0.0,0.0,weak,train_oof,0.10516617787900674
RFERF_RF_NoResample,RFERF,supervised,RF,NoResample,252,0.0,0.0,0.0,0.0,0.0,0.0,0.0,weak,train_oof,0.10516617787900674
RFERF_RF_NoResample,RFERF,supervised,RF,NoResample,271,0.0,0.0,0.0,0.0,0.0,0.0,0.0,weak,train_oof,0.10516617787900674
RFERF_RF_NoResample,RFERF,supervised,RF,NoResample,273,0.0,0.0,0.0,0.0,0.0,0.0,0.0,weak,train_oof,0.10516617787900674
RFERF_RF_NoResample,RFERF,supervised,RF,NoResample,28,0.0,0.0,0.0,0.0,0.0,0.0,0.0,weak,train_oof,0.10516617787900674
RFERF_RF_NoResample,RFERF,supervised,RF,NoResample,280,0.0,0.0,0.0,0.0,0.0,0.0,0.0,weak,train_oof,0.10516617787900674
RFERF_RF_NoResample,RFERF,supervised,RF,NoResample,281,0.0,0.0,0.0,0.0,0.0,0.0,0.0,weak,train_oof,0.10516617787900674
RFERF_RF_NoResample,RFERF,supervised,RF,NoResample,282,0.0,0.0,0.0,0.0,0.0,0.0,0.0,weak,train_oof,0.10516617787900674
RFERF_RF_NoResample,RFERF,supervised,RF,NoResample,288,0.0,0.0,0.0,0.0,0.0,0.0,0.0,weak,train_oof,0.10516617787900674
RFERF_RF_NoResample,RFERF,supervised,RF,NoResample,295,0.0,0.0,0.0,0.0,0.0,0.0,0.0,weak,train_oof,0.10516617787900674
RFERF_RF_NoResample,RFERF,supervised,RF,NoResample,31,0.0,0.0,0.0,0.0,0.0,0.0,0.0,weak,train_oof,0.10516617787900674
RFERF_RF_NoResample,RFERF,supervised,RF,NoResample,310,0.0,0.0,0.0,0.0,0.0,0.0,0.0,weak,train_oof,0.10516617787900674
RFERF_RF_NoResample,RFERF,supervised,RF,NoResample,316,0.0,0.0,0.0,0.0,0.0,0.0,0.0,weak,train_oof,0.10516617787900674
RFERF_RF_NoResample,RFERF,supervised,RF,NoResample,33,0.0,0.0,0.0,0.0,0.0,0.0,0.0,weak,train_oof,0.10516617787900674
RFERF_RF_NoResample,RFERF,supervised,RF,NoResample,333,0.0,0.0,0.0,0.0,0.0,0.0,0.0,weak,train_oof,0.10516617787900674
RFERF_RF_NoResample,RFERF,supervised,RF,NoResample,338,0.0,0.0,0.0,0.0,0.0,0.0,0.0,weak,train_oof,0.10516617787900674
RFERF_RF_NoResample,RFERF,supervised,RF,NoResample,344,0.0,0.0,0.0,0.0,0.0,0.0,0.0,weak,train_oof,0.10516617787900674
RFERF_RF_NoResample,RFERF,supervised,RF,NoResample,348,0.0,0.0,0.0,0.0,0.0,0.0,0.0,weak,train_oof,0.10516617787900674
RFERF_RF_NoResample,RFERF,supervised,RF,NoResample,35,0.0,0.0,0.0,0.0,0.0,0.0,0.0,weak,train_oof,0.10516617787900674
RFERF_RF_NoResample,RFERF,supervised,RF,NoResample,37,0.0,0.0,0.0,0.0,0.0,0.0,0.0,weak,train_oof,0.10516617787900674
RFERF_RF_NoResample,RFERF,supervised,RF,NoResample,377,0.0,0.0,0.0,0.0,0.0,0.0,0.0,weak,train_oof,0.10516617787900674
RFERF_RF_NoResample,RFERF,supervised,RF,NoResample,39,0.0,0.0,0.0,0.0,0.0,0.0,0.0,weak,train_oof,0.10516617787900674
RFERF_RF_NoResample,RFERF,supervised,RF,NoResample,405,0.0,0.0,0.0,0.0,0.0,0.0,0.0,weak,train_oof,0.10516617787900674
RFERF_RF_NoResample,RFERF,supervised,RF,NoResample,41,0.0,0.0,0.0,0.0,0.0,0.0,0.0,weak,train_oof,0.10516617787900674
RFERF_RF_NoResample,RFERF,supervised,RF,NoResample,416,0.0,0.0,0.0,0.0,0.0,0.0,0.0,weak,train_oof,0.10516617787900674
RFERF_RF_NoResample,RFERF,supervised,RF,NoResample,423,0.0,0.0,0.0,0.0,0.0,0.0,0.0,weak,train_oof,0.10516617787900674
RFERF_RF_NoResample,RFERF,supervised,RF,NoResample,425,0.0,0.0,0.0,0.0,0.0,0.0,0.0,weak,train_oof,0.10516617787900674
RFERF_RF_NoResample,RFERF,supervised,RF,NoResample,428,0.0,0.0,0.0,0.0,0.0,0.0,0.0,weak,train_oof,0.10516617787900674
RFERF_RF_NoResample,RFERF,supervised,RF,NoResample,43,0.0,0.0,0.0,0.0,0.0,0.0,0.0,weak,train_oof,0.10516617787900674
RFERF_RF_NoResample,RFERF,supervised,RF,NoResample,452,0.0,0.0,0.0,0.0,0.0,0.0,0.0,weak,train_oof,0.10516617787900674
RFERF_RF_NoResample,RFERF,supervised,RF,NoResample,460,0.0,0.0,0.0,0.0,0.0,0.0,0.0,weak,train_oof,0.10516617787900674
RFERF_RF_NoResample,RFERF,supervised,RF,NoResample,468,0.0,0.0,0.0,0.0,0.0,0.0,0.0,weak,train_oof,0.10516617787900674
RFERF_RF_NoResample,RFERF,supervised,RF,NoResample,47,0.0,0.0,0.0,0.0,0.0,0.0,0.0,weak,train_oof,0.10516617787900674
RFERF_RF_NoResample,RFERF,supervised,RF,NoResample,477,0.0,0.0,0.0,0.0,0.0,0.0,0.0,weak,train_oof,0.10516617787900674
RFERF_RF_NoResample,RFERF,supervised,RF,NoResample,48,0.0,0.0,0.0,0.0,0.0,0.0,0.0,weak,train_oof,0.10516617787900674
RFERF_RF_NoResample,RFERF,supervised,RF,NoResample,480,0.0,0.0,0.0,0.0,0.0,0.0,0.0,weak,train_oof,0.10516617787900674
RFERF_RF_NoResample,RFERF,supervised,RF,NoResample,484,0.0,0.0,0.0,0.0,0.0,0.0,0.0,weak,train_oof,0.10516617787900674
RFERF_RF_NoResample,RFERF,supervised,RF,NoResample,486,0.0,0.0,0.0,0.0,0.0,0.0,0.0,weak,train_oof,0.10516617787900674
RFERF_RF_NoResample,RFERF,supervised,RF,NoResample,488,0.0,0.0,0.0,0.0,0.0,0.0,0.0,weak,train_oof,0.10516617787900674
RFERF_RF_NoResample,RFERF,supervised,RF,NoResample,489,0.0,0.0,0.0,0.0,0.0,0.0,0.0,weak,train_oof,0.10516617787900674
RFERF_RF_NoResample,RFERF,supervised,RF,NoResample,490,0.0,0.0,0.0,0.0,0.0,0.0,0.0,weak,train_oof,0.10516617787900674
RFERF_RF_NoResample,RFERF,supervised,RF,NoResample,510,0.0,0.0,0.0,0.0,0.0,0.0,0.0,weak,train_oof,0.10516617787900674
RFERF_RF_NoResample,RFERF,supervised,RF,NoResample,525,0.0,0.0,0.0,0.0,0.0,0.0,0.0,weak,train_oof,0.10516617787900674
RFERF_RF_NoResample,RFERF,supervised,RF,NoResample,55,0.0,0.0,0.0,0.0,0.0,0.0,0.0,weak,train_oof,0.10516617787900674
RFERF_RF_NoResample,RFERF,supervised,RF,NoResample,551,0.0,0.0,0.0,0.0,0.0,0.0,0.0,weak,train_oof,0.10516617787900674
RFERF_RF_NoResample,RFERF,supervised,RF,NoResample,552,0.0,0.0,0.0,0.0,0.0,0.0,0.0,weak,train_oof,0.10516617787900674
RFERF_RF_NoResample,RFERF,supervised,RF,NoResample,56,0.0,0.0,0.0,0.0,0.0,0.0,0.0,weak,train_oof,0.10516617787900674
RFERF_RF_NoResample,RFERF,supervised,RF,NoResample,563,0.0,0.0,0.0,0.0,0.0,0.0,0.0,weak,train_oof,0.10516617787900674
RFERF_RF_NoResample,RFERF,supervised,RF,NoResample,57,0.0,0.0,0.0,0.0,0.0,0.0,0.0,weak,train_oof,0.10516617787900674
RFERF_RF_NoResample,RFERF,supervised,RF,NoResample,571,0.0,0.0,0.0,0.0,0.0,0.0,0.0,weak,train_oof,0.10516617787900674
RFERF_RF_NoResample,RFERF,supervised,RF,NoResample,58,0.0,0.0,0.0,0.0,0.0,0.0,0.0,weak,train_oof,0.10516617787900674
RFERF_RF_NoResample,RFERF,supervised,RF,NoResample,582,0.0,0.0,0.0,0.0,0.0,0.0,0.0,weak,train_oof,0.10516617787900674
RFERF_RF_NoResample,RFERF,supervised,RF,NoResample,586,0.0,0.0,0.0,0.0,0.0,0.0,0.0,weak,train_oof,0.10516617787900674
RFERF_RF_NoResample,RFERF,supervised,RF,NoResample,59,0.0,0.0,0.0,0.0,0.0,0.0,0.0,weak,train_oof,0.10516617787900674
RFERF_RF_NoResample,RFERF,supervised,RF,NoResample,63,0.0,0.0,0.0,0.0,0.0,0.0,0.0,weak,train_oof,0.10516617787900674
RFERF_RF_NoResample,RFERF,supervised,RF,NoResample,64,0.0,0.0,0.0,0.0,0.0,0.0,0.0,weak,train_oof,0.10516617787900674
RFERF_RF_NoResample,RFERF,supervised,RF,NoResample,65,0.0,0.0,0.0,0.0,0.0,0.0,0.0,weak,train_oof,0.10516617787900674
RFERF_RF_NoResample,RFERF,supervised,RF,NoResample,67,0.0,0.0,0.0,0.0,0.0,0.0,0.0,weak,train_oof,0.10516617787900674
RFERF_RF_NoResample,RFERF,supervised,RF,NoResample,75,0.0,0.0,0.0,0.0,0.0,0.0,0.0,weak,train_oof,0.10516617787900674
RFERF_RF_NoResample,RFERF,supervised,RF,NoResample,76,0.0,0.0,0.0,0.0,0.0,0.0,0.0,weak,train_oof,0.10516617787900674
RFERF_RF_NoResample,RFERF,supervised,RF,NoResample,79,0.0,0.0,0.0,0.0,0.0,0.0,0.0,weak,train_oof,0.10516617787900674
RFERF_RF_NoResample,RFERF,supervised,RF,NoResample,8,0.0,0.0,0.0,0.0,0.0,0.0,0.0,weak,train_oof,0.10516617787900674
RFERF_RF_NoResample,RFERF,supervised,RF,NoResample,81,0.0,0.0,0.0,0.0,0.0,0.0,0.0,weak,train_oof,0.10516617787900674
RFERF_RF_NoResample,RFERF,supervised,RF,NoResample,88,0.0,0.0,0.0,0.0,0.0,0.0,0.0,weak,train_oof,0.10516617787900674
RFERF_RF_NoResample,RFERF,supervised,RF,NoResample,9,0.0,0.0,0.0,0.0,0.0,0.0,0.0,weak,train_oof,0.10516617787900674
RFERF_RF_NoResample,RFERF,supervised,RF,NoResample,90,0.0,0.0,0.0,0.0,0.0,0.0,0.0,weak,train_oof,0.10516617787900674
RFERF_RF_NoResample,RFERF,supervised,RF,NoResample,91,0.0,0.0,0.0,0.0,0.0,0.0,0.0,weak,train_oof,0.10516617787900674
RFERF_RF_NoResample,RFERF,supervised,RF,NoResample,92,0.0,0.0,0.0,0.0,0.0,0.0,0.0,weak,train_oof,0.10516617787900674
RFERF_LR_class_weight,RFERF,supervised,LR,class_weight,0,0.0,0.0,0.0,0.0,0.0,0.0,0.0,weak,train_oof,0.3472293893676648
RFERF_LR_class_weight,RFERF,supervised,LR,class_weight,102,0.0,0.0,0.0,0.0,0.0,0.0,0.0,weak,train_oof,0.3472293893676648
RFERF_LR_class_weight,RFERF,supervised,LR,class_weight,103,0.0,0.0,0.0,0.0,0.0,0.0,0.0,weak,train_oof,0.3472293893676648
RFERF_LR_class_weight,RFERF,supervised,LR,class_weight,107,0.0,0.0,0.0,0.0,0.0,0.0,0.0,weak,train_oof,0.3472293893676648
RFERF_LR_class_weight,RFERF,supervised,LR,class_weight,115,0.0,0.0,0.0,0.0,0.0,0.0,0.0,weak,train_oof,0.3472293893676648
RFERF_LR_class_weight,RFERF,supervised,LR,class_weight,122,0.0,0.0,0.0,0.0,0.0,0.0,0.0,weak,train_oof,0.3472293893676648
RFERF_LR_class_weight,RFERF,supervised,LR,class_weight,124,0.0,0.0,0.0,0.0,0.0,0.0,0.0,weak,train_oof,0.3472293893676648
RFERF_LR_class_weight,RFERF,supervised,LR,class_weight,125,0.0,0.0,0.0,0.0,0.0,0.0,0.0,weak,train_oof,0.3472293893676648
RFERF_LR_class_weight,RFERF,supervised,LR,class_weight,126,0.0,0.0,0.0,0.0,0.0,0.0,0.0,weak,train_oof,0.3472293893676648
RFERF_LR_class_weight,RFERF,supervised,LR,class_weight,129,0.0,0.0,0.0,0.0,0.0,0.0,0.0,weak,train_oof,0.3472293893676648
RFERF_LR_class_weight,RFERF,supervised,LR,class_weight,130,0.0,0.0,0.0,0.0,0.0,0.0,0.0,weak,train_oof,0.3472293893676648
RFERF_LR_class_weight,RFERF,supervised,LR,class_weight,131,0.0,0.0,0.0,0.0,0.0,0.0,0.0,weak,train_oof,0.3472293893676648
RFERF_LR_class_weight,RFERF,supervised,LR,class_weight,132,0.0,0.0,0.0,0.0,0.0,0.0,0.0,weak,train_oof,0.3472293893676648
RFERF_LR_class_weight,RFERF,supervised,LR,class_weight,133,0.0,0.0,0.0,0.0,0.0,0.0,0.0,weak,train_oof,0.3472293893676648
RFERF_LR_class_weight,RFERF,supervised,LR,class_weight,137,0.0,0.0,0.0,0.0,0.0,0.0,0.0,weak,train_oof,0.3472293893676648
RFERF_LR_class_weight,RFERF,supervised,LR,class_weight,139,0.0,0.0,0.0,0.0,0.0,0.0,0.0,weak,train_oof,0.3472293893676648
RFERF_LR_class_weight,RFERF,supervised,LR,class_weight,14,0.0,0.0,0.0,0.0,0.0,0.0,0.0,weak,train_oof,0.3472293893676648
RFERF_LR_class_weight,RFERF,supervised,LR,class_weight,144,0.0,0.0,0.0,0.0,0.0,0.0,0.0,weak,train_oof,0.3472293893676648
RFERF_LR_class_weight,RFERF,supervised,LR,class_weight,15,0.0,0.0,0.0,0.0,0.0,0.0,0.0,weak,train_oof,0.3472293893676648
RFERF_LR_class_weight,RFERF,supervised,LR,class_weight,156,0.0,0.0,0.0,0.0,0.0,0.0,0.0,weak,train_oof,0.3472293893676648
RFERF_LR_class_weight,RFERF,supervised,LR,class_weight,16,0.0,0.0,0.0,0.0,0.0,0.0,0.0,weak,train_oof,0.3472293893676648
RFERF_LR_class_weight,RFERF,supervised,LR,class_weight,173,0.0,0.0,0.0,0.0,0.0,0.0,0.0,weak,train_oof,0.3472293893676648
RFERF_LR_class_weight,RFERF,supervised,LR,class_weight,182,0.0,0.0,0.0,0.0,0.0,0.0,0.0,weak,train_oof,0.3472293893676648
RFERF_LR_class_weight,RFERF,supervised,LR,class_weight,183,0.0,0.0,0.0,0.0,0.0,0.0,0.0,weak,train_oof,0.3472293893676648
RFERF_LR_class_weight,RFERF,supervised,LR,class_weight,19,0.0,0.0,0.0,0.0,0.0,0.0,0.0,weak,train_oof,0.3472293893676648
RFERF_LR_class_weight,RFERF,supervised,LR,class_weight,2,0.0,0.0,0.0,0.0,0.0,0.0,0.0,weak,train_oof,0.3472293893676648
RFERF_LR_class_weight,RFERF,supervised,LR,class_weight,200,0.0,0.0,0.0,0.0,0.0,0.0,0.0,weak,train_oof,0.3472293893676648
RFERF_LR_class_weight,RFERF,supervised,LR,class_weight,21,0.0,0.0,0.0,0.0,0.0,0.0,0.0,weak,train_oof,0.3472293893676648
RFERF_LR_class_weight,RFERF,supervised,LR,class_weight,217,0.0,0.0,0.0,0.0,0.0,0.0,0.0,weak,train_oof,0.3472293893676648
RFERF_LR_class_weight,RFERF,supervised,LR,class_weight,227,0.0,0.0,0.0,0.0,0.0,0.0,0.0,weak,train_oof,0.3472293893676648
RFERF_LR_class_weight,RFERF,supervised,LR,class_weight,24,0.0,0.0,0.0,0.0,0.0,0.0,0.0,weak,train_oof,0.3472293893676648
RFERF_LR_class_weight,RFERF,supervised,LR,class_weight,25,0.0,0.0,0.0,0.0,0.0,0.0,0.0,weak,train_oof,0.3472293893676648
RFERF_LR_class_weight,RFERF,supervised,LR,class_weight,252,0.0,0.0,0.0,0.0,0.0,0.0,0.0,weak,train_oof,0.3472293893676648
RFERF_LR_class_weight,RFERF,supervised,LR,class_weight,271,0.0,0.0,0.0,0.0,0.0,0.0,0.0,weak,train_oof,0.3472293893676648
RFERF_LR_class_weight,RFERF,supervised,LR,class_weight,273,0.0,0.0,0.0,0.0,0.0,0.0,0.0,weak,train_oof,0.3472293893676648
RFERF_LR_class_weight,RFERF,supervised,LR,class_weight,28,0.0,0.0,0.0,0.0,0.0,0.0,0.0,weak,train_oof,0.3472293893676648
RFERF_LR_class_weight,RFERF,supervised,LR,class_weight,280,0.0,0.0,0.0,0.0,0.0,0.0,0.0,weak,train_oof,0.3472293893676648
RFERF_LR_class_weight,RFERF,supervised,LR,class_weight,281,0.0,0.0,0.0,0.0,0.0,0.0,0.0,weak,train_oof,0.3472293893676648
RFERF_LR_class_weight,RFERF,supervised,LR,class_weight,282,0.0,0.0,0.0,0.0,0.0,0.0,0.0,weak,train_oof,0.3472293893676648
RFERF_LR_class_weight,RFERF,supervised,LR,class_weight,288,0.0,0.0,0.0,0.0,0.0,0.0,0.0,weak,train_oof,0.3472293893676648
RFERF_LR_class_weight,RFERF,supervised,LR,class_weight,295,0.0,0.0,0.0,0.0,0.0,0.0,0.0,weak,train_oof,0.3472293893676648
RFERF_LR_class_weight,RFERF,supervised,LR,class_weight,31,0.0,0.0,0.0,0.0,0.0,0.0,0.0,weak,train_oof,0.3472293893676648
RFERF_LR_class_weight,RFERF,supervised,LR,class_weight,310,0.0,0.0,0.0,0.0,0.0,0.0,0.0,weak,train_oof,0.3472293893676648
RFERF_LR_class_weight,RFERF,supervised,LR,class_weight,316,0.0,0.0,0.0,0.0,0.0,0.0,0.0,weak,train_oof,0.3472293893676648
RFERF_LR_class_weight,RFERF,supervised,LR,class_weight,33,0.0,0.0,0.0,0.0,0.0,0.0,0.0,weak,train_oof,0.3472293893676648
RFERF_LR_class_weight,RFERF,supervised,LR,class_weight,333,0.0,0.0,0.0,0.0,0.0,0.0,0.0,weak,train_oof,0.3472293893676648
RFERF_LR_class_weight,RFERF,supervised,LR,class_weight,338,0.0,0.0,0.0,0.0,0.0,0.0,0.0,weak,train_oof,0.3472293893676648
RFERF_LR_class_weight,RFERF,supervised,LR,class_weight,344,0.0,0.0,0.0,0.0,0.0,0.0,0.0,weak,train_oof,0.3472293893676648
RFERF_LR_class_weight,RFERF,supervised,LR,class_weight,348,0.0,0.0,0.0,0.0,0.0,0.0,0.0,weak,train_oof,0.3472293893676648
RFERF_LR_class_weight,RFERF,supervised,LR,class_weight,35,0.0,0.0,0.0,0.0,0.0,0.0,0.0,weak,train_oof,0.3472293893676648
RFERF_LR_class_weight,RFERF,supervised,LR,class_weight,37,0.0,0.0,0.0,0.0,0.0,0.0,0.0,weak,train_oof,0.3472293893676648
RFERF_LR_class_weight,RFERF,supervised,LR,class_weight,377,0.0,0.0,0.0,0.0,0.0,0.0,0.0,weak,train_oof,0.3472293893676648
RFERF_LR_class_weight,RFERF,supervised,LR,class_weight,39,0.0,0.0,0.0,0.0,0.0,0.0,0.0,weak,train_oof,0.3472293893676648
RFERF_LR_class_weight,RFERF,supervised,LR,class_weight,405,0.0,0.0,0.0,0.0,0.0,0.0,0.0,weak,train_oof,0.3472293893676648
RFERF_LR_class_weight,RFERF,supervised,LR,class_weight,41,0.0,0.0,0.0,0.0,0.0,0.0,0.0,weak,train_oof,0.3472293893676648
RFERF_LR_class_weight,RFERF,supervised,LR,class_weight,416,0.0,0.0,0.0,0.0,0.0,0.0,0.0,weak,train_oof,0.3472293893676648
RFERF_LR_class_weight,RFERF,supervised,LR,class_weight,423,0.0,0.0,0.0,0.0,0.0,0.0,0.0,weak,train_oof,0.3472293893676648
RFERF_LR_class_weight,RFERF,supervised,LR,class_weight,425,0.0,0.0,0.0,0.0,0.0,0.0,0.0,weak,train_oof,0.3472293893676648
RFERF_LR_class_weight,RFERF,supervised,LR,class_weight,428,0.0,0.0,0.0,0.0,0.0,0.0,0.0,weak,train_oof,0.3472293893676648
RFERF_LR_class_weight,RFERF,supervised,LR,class_weight,43,0.0,0.0,0.0,0.0,0.0,0.0,0.0,weak,train_oof,0.3472293893676648
RFERF_LR_class_weight,RFERF,supervised,LR,class_weight,452,0.0,0.0,0.0,0.0,0.0,0.0,0.0,weak,train_oof,0.3472293893676648
RFERF_LR_class_weight,RFERF,supervised,LR,class_weight,460,0.0,0.0,0.0,0.0,0.0,0.0,0.0,weak,train_oof,0.3472293893676648
RFERF_LR_class_weight,RFERF,supervised,LR,class_weight,468,0.0,0.0,0.0,0.0,0.0,0.0,0.0,weak,train_oof,0.3472293893676648
RFERF_LR_class_weight,RFERF,supervised,LR,class_weight,47,0.0,0.0,0.0,0.0,0.0,0.0,0.0,weak,train_oof,0.3472293893676648
RFERF_LR_class_weight,RFERF,supervised,LR,class_weight,477,0.0,0.0,0.0,0.0,0.0,0.0,0.0,weak,train_oof,0.3472293893676648
RFERF_LR_class_weight,RFERF,supervised,LR,class_weight,48,0.0,0.0,0.0,0.0,0.0,0.0,0.0,weak,train_oof,0.3472293893676648
RFERF_LR_class_weight,RFERF,supervised,LR,class_weight,480,0.0,0.0,0.0,0.0,0.0,0.0,0.0,weak,train_oof,0.3472293893676648
RFERF_LR_class_weight,RFERF,supervised,LR,class_weight,484,0.0,0.0,0.0,0.0,0.0,0.0,0.0,weak,train_oof,0.3472293893676648
RFERF_LR_class_weight,RFERF,supervised,LR,class_weight,486,0.0,0.0,0.0,0.0,0.0,0.0,0.0,weak,train_oof,0.3472293893676648
RFERF_LR_class_weight,RFERF,supervised,LR,class_weight,488,0.0,0.0,0.0,0.0,0.0,0.0,0.0,weak,train_oof,0.3472293893676648
RFERF_LR_class_weight,RFERF,supervised,LR,class_weight,489,0.0,0.0,0.0,0.0,0.0,0.0,0.0,weak,train_oof,0.3472293893676648
RFERF_LR_class_weight,RFERF,supervised,LR,class_weight,490,0.0,0.0,0.0,0.0,0.0,0.0,0.0,weak,train_oof,0.3472293893676648
RFERF_LR_class_weight,RFERF,supervised,LR,class_weight,510,0.0,0.0,0.0,0.0,0.0,0.0,0.0,weak,train_oof,0.3472293893676648
RFERF_LR_class_weight,RFERF,supervised,LR,class_weight,525,0.0,0.0,0.0,0.0,0.0,0.0,0.0,weak,train_oof,0.3472293893676648
RFERF_LR_class_weight,RFERF,supervised,LR,class_weight,55,0.0,0.0,0.0,0.0,0.0,0.0,0.0,weak,train_oof,0.3472293893676648
RFERF_LR_class_weight,RFERF,supervised,LR,class_weight,551,0.0,0.0,0.0,0.0,0.0,0.0,0.0,weak,train_oof,0.3472293893676648
RFERF_LR_class_weight,RFERF,supervised,LR,class_weight,552,0.0,0.0,0.0,0.0,0.0,0.0,0.0,weak,train_oof,0.3472293893676648
RFERF_LR_class_weight,RFERF,supervised,LR,class_weight,56,0.0,0.0,0.0,0.0,0.0,0.0,0.0,weak,train_oof,0.3472293893676648
RFERF_LR_class_weight,RFERF,supervised,LR,class_weight,563,0.0,0.0,0.0,0.0,0.0,0.0,0.0,weak,train_oof,0.3472293893676648
RFERF_LR_class_weight,RFERF,supervised,LR,class_weight,57,0.0,0.0,0.0,0.0,0.0,0.0,0.0,weak,train_oof,0.3472293893676648
RFERF_LR_class_weight,RFERF,supervised,LR,class_weight,571,0.0,0.0,0.0,0.0,0.0,0.0,0.0,weak,train_oof,0.3472293893676648
RFERF_LR_class_weight,RFERF,supervised,LR,class_weight,58,0.0,0.0,0.0,0.0,0.0,0.0,0.0,weak,train_oof,0.3472293893676648
RFERF_LR_class_weight,RFERF,supervised,LR,class_weight,582,0.0,0.0,0.0,0.0,0.0,0.0,0.0,weak,train_oof,0.3472293893676648
RFERF_LR_class_weight,RFERF,supervised,LR,class_weight,586,0.0,0.0,0.0,0.0,0.0,0.0,0.0,weak,train_oof,0.3472293893676648
RFERF_LR_class_weight,RFERF,supervised,LR,class_weight,59,0.0,0.0,0.0,0.0,0.0,0.0,0.0,weak,train_oof,0.3472293893676648
RFERF_LR_class_weight,RFERF,supervised,LR,class_weight,63,0.0,0.0,0.0,0.0,0.0,0.0,0.0,weak,train_oof,0.3472293893676648
RFERF_LR_class_weight,RFERF,supervised,LR,class_weight,64,0.0,0.0,0.0,0.0,0.0,0.0,0.0,weak,train_oof,0.3472293893676648
RFERF_LR_class_weight,RFERF,supervised,LR,class_weight,65,0.0,0.0,0.0,0.0,0.0,0.0,0.0,weak,train_oof,0.3472293893676648
RFERF_LR_class_weight,RFERF,supervised,LR,class_weight,67,0.0,0.0,0.0,0.0,0.0,0.0,0.0,weak,train_oof,0.3472293893676648
RFERF_LR_class_weight,RFERF,supervised,LR,class_weight,75,0.0,0.0,0.0,0.0,0.0,0.0,0.0,weak,train_oof,0.3472293893676648
RFERF_LR_class_weight,RFERF,supervised,LR,class_weight,76,0.0,0.0,0.0,0.0,0.0,0.0,0.0,weak,train_oof,0.3472293893676648
RFERF_LR_class_weight,RFERF,supervised,LR,class_weight,79,0.0,0.0,0.0,0.0,0.0,0.0,0.0,weak,train_oof,0.3472293893676648
RFERF_LR_class_weight,RFERF,supervised,LR,class_weight,8,0.0,0.0,0.0,0.0,0.0,0.0,0.0,weak,train_oof,0.3472293893676648
RFERF_LR_class_weight,RFERF,supervised,LR,class_weight,81,0.0,0.0,0.0,0.0,0.0,0.0,0.0,weak,train_oof,0.3472293893676648
RFERF_LR_class_weight,RFERF,supervised,LR,class_weight,88,0.0,0.0,0.0,0.0,0.0,0.0,0.0,weak,train_oof,0.3472293893676648
RFERF_LR_class_weight,RFERF,supervised,LR,class_weight,9,0.0,0.0,0.0,0.0,0.0,0.0,0.0,weak,train_oof,0.3472293893676648
RFERF_LR_class_weight,RFERF,supervised,LR,class_weight,90,0.0,0.0,0.0,0.0,0.0,0.0,0.0,weak,train_oof,0.3472293893676648
RFERF_LR_class_weight,RFERF,supervised,LR,class_weight,91,0.0,0.0,0.0,0.0,0.0,0.0,0.0,weak,train_oof,0.3472293893676648
RFERF_LR_class_weight,RFERF,supervised,LR,class_weight,92,0.0,0.0,0.0,0.0,0.0,0.0,0.0,weak,train_oof,0.3472293893676648
ANOVA_SVM_class_weight,ANOVA,supervised,SVM,class_weight,100,0.0,0.0,0.0,0.0,0.0,0.0,0.0,weak,train_oof,0.07685139318795782
ANOVA_SVM_class_weight,ANOVA,supervised,SVM,class_weight,103,0.0,0.0,0.0,0.0,0.0,0.0,0.0,weak,train_oof,0.07685139318795782
ANOVA_SVM_class_weight,ANOVA,supervised,SVM,class_weight,122,0.0,0.0,0.0,0.0,0.0,0.0,0.0,weak,train_oof,0.07685139318795782
ANOVA_SVM_class_weight,ANOVA,supervised,SVM,class_weight,123,0.0,0.0,0.0,0.0,0.0,0.0,0.0,weak,train_oof,0.07685139318795782
ANOVA_SVM_class_weight,ANOVA,supervised,SVM,class_weight,124,0.0,0.0,0.0,0.0,0.0,0.0,0.0,weak,train_oof,0.07685139318795782
ANOVA_SVM_class_weight,ANOVA,supervised,SVM,class_weight,125,0.0,0.0,0.0,0.0,0.0,0.0,0.0,weak,train_oof,0.07685139318795782
ANOVA_SVM_class_weight,ANOVA,supervised,SVM,class_weight,129,0.0,0.0,0.0,0.0,0.0,0.0,0.0,weak,train_oof,0.07685139318795782
ANOVA_SVM_class_weight,ANOVA,supervised,SVM,class_weight,130,0.0,0.0,0.0,0.0,0.0,0.0,0.0,weak,train_oof,0.07685139318795782
ANOVA_SVM_class_weight,ANOVA,supervised,SVM,class_weight,133,0.0,0.0,0.0,0.0,0.0,0.0,0.0,weak,train_oof,0.07685139318795782
ANOVA_SVM_class_weight,ANOVA,supervised,SVM,class_weight,14,0.0,0.0,0.0,0.0,0.0,0.0,0.0,weak,train_oof,0.07685139318795782
ANOVA_SVM_class_weight,ANOVA,supervised,SVM,class_weight,159,0.0,0.0,0.0,0.0,0.0,0.0,0.0,weak,train_oof,0.07685139318795782
ANOVA_SVM_class_weight,ANOVA,supervised,SVM,class_weight,16,0.0,0.0,0.0,0.0,0.0,0.0,0.0,weak,train_oof,0.07685139318795782
ANOVA_SVM_class_weight,ANOVA,supervised,SVM,class_weight,165,0.0,0.0,0.0,0.0,0.0,0.0,0.0,weak,train_oof,0.07685139318795782
ANOVA_SVM_class_weight,ANOVA,supervised,SVM,class_weight,200,0.0,0.0,0.0,0.0,0.0,0.0,0.0,weak,train_oof,0.07685139318795782
ANOVA_SVM_class_weight,ANOVA,supervised,SVM,class_weight,21,0.0,0.0,0.0,0.0,0.0,0.0,0.0,weak,train_oof,0.07685139318795782
ANOVA_SVM_class_weight,ANOVA,supervised,SVM,class_weight,22,0.0,0.0,0.0,0.0,0.0,0.0,0.0,weak,train_oof,0.07685139318795782
ANOVA_SVM_class_weight,ANOVA,supervised,SVM,class_weight,249,0.0,0.0,0.0,0.0,0.0,0.0,0.0,weak,train_oof,0.07685139318795782
ANOVA_SVM_class_weight,ANOVA,supervised,SVM,class_weight,26,0.0,0.0,0.0,0.0,0.0,0.0,0.0,weak,train_oof,0.07685139318795782
ANOVA_SVM_class_weight,ANOVA,supervised,SVM,class_weight,28,0.0,0.0,0.0,0.0,0.0,0.0,0.0,weak,train_oof,0.07685139318795782
ANOVA_SVM_class_weight,ANOVA,supervised,SVM,class_weight,295,0.0,0.0,0.0,0.0,0.0,0.0,0.0,weak,train_oof,0.07685139318795782
ANOVA_SVM_class_weight,ANOVA,supervised,SVM,class_weight,298,0.0,0.0,0.0,0.0,0.0,0.0,0.0,weak,train_oof,0.07685139318795782
ANOVA_SVM_class_weight,ANOVA,supervised,SVM,class_weight,316,0.0,0.0,0.0,0.0,0.0,0.0,0.0,weak,train_oof,0.07685139318795782
ANOVA_SVM_class_weight,ANOVA,supervised,SVM,class_weight,32,0.0,0.0,0.0,0.0,0.0,0.0,0.0,weak,train_oof,0.07685139318795782
ANOVA_SVM_class_weight,ANOVA,supervised,SVM,class_weight,33,0.0,0.0,0.0,0.0,0.0,0.0,0.0,weak,train_oof,0.07685139318795782
ANOVA_SVM_class_weight,ANOVA,supervised,SVM,class_weight,337,0.0,0.0,0.0,0.0,0.0,0.0,0.0,weak,train_oof,0.07685139318795782
ANOVA_SVM_class_weight,ANOVA,supervised,SVM,class_weight,348,0.0,0.0,0.0,0.0,0.0,0.0,0.0,weak,train_oof,0.07685139318795782
ANOVA_SVM_class_weight,ANOVA,supervised,SVM,class_weight,377,0.0,0.0,0.0,0.0,0.0,0.0,0.0,weak,train_oof,0.07685139318795782
ANOVA_SVM_class_weight,ANOVA,supervised,SVM,class_weight,38,0.0,0.0,0.0,0.0,0.0,0.0,0.0,weak,train_oof,0.07685139318795782
ANOVA_SVM_class_weight,ANOVA,supervised,SVM,class_weight,434,0.0,0.0,0.0,0.0,0.0,0.0,0.0,weak,train_oof,0.07685139318795782
ANOVA_SVM_class_weight,ANOVA,supervised,SVM,class_weight,437,0.0,0.0,0.0,0.0,0.0,0.0,0.0,weak,train_oof,0.07685139318795782
ANOVA_SVM_class_weight,ANOVA,supervised,SVM,class_weight,452,0.0,0.0,0.0,0.0,0.0,0.0,0.0,weak,train_oof,0.07685139318795782
ANOVA_SVM_class_weight,ANOVA,supervised,SVM,class_weight,471,0.0,0.0,0.0,0.0,0.0,0.0,0.0,weak,train_oof,0.07685139318795782
ANOVA_SVM_class_weight,ANOVA,supervised,SVM,class_weight,477,0.0,0.0,0.0,0.0,0.0,0.0,0.0,weak,train_oof,0.07685139318795782
ANOVA_SVM_class_weight,ANOVA,supervised,SVM,class_weight,510,0.0,0.0,0.0,0.0,0.0,0.0,0.0,weak,train_oof,0.07685139318795782
ANOVA_SVM_class_weight,ANOVA,supervised,SVM,class_weight,511,0.0,0.0,0.0,0.0,0.0,0.0,0.0,weak,train_oof,0.07685139318795782
ANOVA_SVM_class_weight,ANOVA,supervised,SVM,class_weight,545,0.0,0.0,0.0,0.0,0.0,0.0,0.0,weak,train_oof,0.07685139318795782
ANOVA_SVM_class_weight,ANOVA,supervised,SVM,class_weight,551,0.0,0.0,0.0,0.0,0.0,0.0,0.0,weak,train_oof,0.07685139318795782
ANOVA_SVM_class_weight,ANOVA,supervised,SVM,class_weight,553,0.0,0.0,0.0,0.0,0.0,0.0,0.0,weak,train_oof,0.07685139318795782
ANOVA_SVM_class_weight,ANOVA,supervised,SVM,class_weight,56,0.0,0.0,0.0,0.0,0.0,0.0,0.0,weak,train_oof,0.07685139318795782
ANOVA_SVM_class_weight,ANOVA,supervised,SVM,class_weight,562,0.0,0.0,0.0,0.0,0.0,0.0,0.0,weak,train_oof,0.07685139318795782
ANOVA_SVM_class_weight,ANOVA,supervised,SVM,class_weight,582,0.0,0.0,0.0,0.0,0.0,0.0,0.0,weak,train_oof,0.07685139318795782
ANOVA_SVM_class_weight,ANOVA,supervised,SVM,class_weight,59,0.0,0.0,0.0,0.0,0.0,0.0,0.0,weak,train_oof,0.07685139318795782
ANOVA_SVM_class_weight,ANOVA,supervised,SVM,class_weight,63,0.0,0.0,0.0,0.0,0.0,0.0,0.0,weak,train_oof,0.07685139318795782
ANOVA_SVM_class_weight,ANOVA,supervised,SVM,class_weight,64,0.0,0.0,0.0,0.0,0.0,0.0,0.0,weak,train_oof,0.07685139318795782
ANOVA_SVM_class_weight,ANOVA,supervised,SVM,class_weight,65,0.0,0.0,0.0,0.0,0.0,0.0,0.0,weak,train_oof,0.07685139318795782
ANOVA_SVM_class_weight,ANOVA,supervised,SVM,class_weight,70,0.0,0.0,0.0,0.0,0.0,0.0,0.0,weak,train_oof,0.07685139318795782
ANOVA_SVM_class_weight,ANOVA,supervised,SVM,class_weight,79,0.0,0.0,0.0,0.0,0.0,0.0,0.0,weak,train_oof,0.07685139318795782
ANOVA_SVM_class_weight,ANOVA,supervised,SVM,class_weight,95,0.0,0.0,0.0,0.0,0.0,0.0,0.0,weak,train_oof,0.07685139318795782
ANOVA_SVM_class_weight,ANOVA,supervised,SVM,class_weight,NA_112,0.0,0.0,0.0,0.0,0.0,0.0,0.0,weak,train_oof,0.07685139318795782
ANOVA_SVM_class_weight,ANOVA,supervised,SVM,class_weight,NA_72,0.0,0.0,0.0,0.0,0.0,0.0,0.0,weak,train_oof,0.07685139318795782
RFERF_RF_SMOTE,RFERF,supervised,RF,SMOTE,0,0.0,0.0,0.0,0.0,0.0,0.0,0.0,weak,train_oof,0.1755144641265648
RFERF_RF_SMOTE,RFERF,supervised,RF,SMOTE,102,0.0,0.0,0.0,0.0,0.0,0.0,0.0,weak,train_oof,0.1755144641265648
RFERF_RF_SMOTE,RFERF,supervised,RF,SMOTE,103,0.0,0.0,0.0,0.0,0.0,0.0,0.0,weak,train_oof,0.1755144641265648
RFERF_RF_SMOTE,RFERF,supervised,RF,SMOTE,107,0.0,0.0,0.0,0.0,0.0,0.0,0.0,weak,train_oof,0.1755144641265648
RFERF_RF_SMOTE,RFERF,supervised,RF,SMOTE,115,0.0,0.0,0.0,0.0,0.0,0.0,0.0,weak,train_oof,0.1755144641265648
RFERF_RF_SMOTE,RFERF,supervised,RF,SMOTE,122,0.0,0.0,0.0,0.0,0.0,0.0,0.0,weak,train_oof,0.1755144641265648
RFERF_RF_SMOTE,RFERF,supervised,RF,SMOTE,124,0.0,0.0,0.0,0.0,0.0,0.0,0.0,weak,train_oof,0.1755144641265648
RFERF_RF_SMOTE,RFERF,supervised,RF,SMOTE,125,0.0,0.0,0.0,0.0,0.0,0.0,0.0,weak,train_oof,0.1755144641265648
RFERF_RF_SMOTE,RFERF,supervised,RF,SMOTE,126,0.0,0.0,0.0,0.0,0.0,0.0,0.0,weak,train_oof,0.1755144641265648
RFERF_RF_SMOTE,RFERF,supervised,RF,SMOTE,129,0.0,0.0,0.0,0.0,0.0,0.0,0.0,weak,train_oof,0.1755144641265648
RFERF_RF_SMOTE,RFERF,supervised,RF,SMOTE,130,0.0,0.0,0.0,0.0,0.0,0.0,0.0,weak,train_oof,0.1755144641265648
RFERF_RF_SMOTE,RFERF,supervised,RF,SMOTE,131,0.0,0.0,0.0,0.0,0.0,0.0,0.0,weak,train_oof,0.1755144641265648
RFERF_RF_SMOTE,RFERF,supervised,RF,SMOTE,132,0.0,0.0,0.0,0.0,0.0,0.0,0.0,weak,train_oof,0.1755144641265648
RFERF_RF_SMOTE,RFERF,supervised,RF,SMOTE,133,0.0,0.0,0.0,0.0,0.0,0.0,0.0,weak,train_oof,0.1755144641265648
RFERF_RF_SMOTE,RFERF,supervised,RF,SMOTE,137,0.0,0.0,0.0,0.0,0.0,0.0,0.0,weak,train_oof,0.1755144641265648
RFERF_RF_SMOTE,RFERF,supervised,RF,SMOTE,139,0.0,0.0,0.0,0.0,0.0,0.0,0.0,weak,train_oof,0.1755144641265648
RFERF_RF_SMOTE,RFERF,supervised,RF,SMOTE,14,0.0,0.0,0.0,0.0,0.0,0.0,0.0,weak,train_oof,0.1755144641265648
RFERF_RF_SMOTE,RFERF,supervised,RF,SMOTE,144,0.0,0.0,0.0,0.0,0.0,0.0,0.0,weak,train_oof,0.1755144641265648
RFERF_RF_SMOTE,RFERF,supervised,RF,SMOTE,15,0.0,0.0,0.0,0.0,0.0,0.0,0.0,weak,train_oof,0.1755144641265648
RFERF_RF_SMOTE,RFERF,supervised,RF,SMOTE,156,0.0,0.0,0.0,0.0,0.0,0.0,0.0,weak,train_oof,0.1755144641265648
RFERF_RF_SMOTE,RFERF,supervised,RF,SMOTE,16,0.0,0.0,0.0,0.0,0.0,0.0,0.0,weak,train_oof,0.1755144641265648
RFERF_RF_SMOTE,RFERF,supervised,RF,SMOTE,173,0.0,0.0,0.0,0.0,0.0,0.0,0.0,weak,train_oof,0.1755144641265648
RFERF_RF_SMOTE,RFERF,supervised,RF,SMOTE,182,0.0,0.0,0.0,0.0,0.0,0.0,0.0,weak,train_oof,0.1755144641265648
RFERF_RF_SMOTE,RFERF,supervised,RF,SMOTE,183,0.0,0.0,0.0,0.0,0.0,0.0,0.0,weak,train_oof,0.1755144641265648
RFERF_RF_SMOTE,RFERF,supervised,RF,SMOTE,19,0.0,0.0,0.0,0.0,0.0,0.0,0.0,weak,train_oof,0.1755144641265648
RFERF_RF_SMOTE,RFERF,supervised,RF,SMOTE,2,0.0,0.0,0.0,0.0,0.0,0.0,0.0,weak,train_oof,0.1755144641265648
RFERF_RF_SMOTE,RFERF,supervised,RF,SMOTE,200,0.0,0.0,0.0,0.0,0.0,0.0,0.0,weak,train_oof,0.1755144641265648
RFERF_RF_SMOTE,RFERF,supervised,RF,SMOTE,21,0.0,0.0,0.0,0.0,0.0,0.0,0.0,weak,train_oof,0.1755144641265648
RFERF_RF_SMOTE,RFERF,supervised,RF,SMOTE,217,0.0,0.0,0.0,0.0,0.0,0.0,0.0,weak,train_oof,0.1755144641265648
RFERF_RF_SMOTE,RFERF,supervised,RF,SMOTE,227,0.0,0.0,0.0,0.0,0.0,0.0,0.0,weak,train_oof,0.1755144641265648
RFERF_RF_SMOTE,RFERF,supervised,RF,SMOTE,24,0.0,0.0,0.0,0.0,0.0,0.0,0.0,weak,train_oof,0.1755144641265648
RFERF_RF_SMOTE,RFERF,supervised,RF,SMOTE,25,0.0,0.0,0.0,0.0,0.0,0.0,0.0,weak,train_oof,0.1755144641265648
RFERF_RF_SMOTE,RFERF,supervised,RF,SMOTE,252,0.0,0.0,0.0,0.0,0.0,0.0,0.0,weak,train_oof,0.1755144641265648
RFERF_RF_SMOTE,RFERF,supervised,RF,SMOTE,271,0.0,0.0,0.0,0.0,0.0,0.0,0.0,weak,train_oof,0.1755144641265648
RFERF_RF_SMOTE,RFERF,supervised,RF,SMOTE,273,0.0,0.0,0.0,0.0,0.0,0.0,0.0,weak,train_oof,0.1755144641265648
RFERF_RF_SMOTE,RFERF,supervised,RF,SMOTE,28,0.0,0.0,0.0,0.0,0.0,0.0,0.0,weak,train_oof,0.1755144641265648
RFERF_RF_SMOTE,RFERF,supervised,RF,SMOTE,280,0.0,0.0,0.0,0.0,0.0,0.0,0.0,weak,train_oof,0.1755144641265648
RFERF_RF_SMOTE,RFERF,supervised,RF,SMOTE,281,0.0,0.0,0.0,0.0,0.0,0.0,0.0,weak,train_oof,0.1755144641265648
RFERF_RF_SMOTE,RFERF,supervised,RF,SMOTE,282,0.0,0.0,0.0,0.0,0.0,0.0,0.0,weak,train_oof,0.1755144641265648
RFERF_RF_SMOTE,RFERF,supervised,RF,SMOTE,288,0.0,0.0,0.0,0.0,0.0,0.0,0.0,weak,train_oof,0.1755144641265648
RFERF_RF_SMOTE,RFERF,supervised,RF,SMOTE,295,0.0,0.0,0.0,0.0,0.0,0.0,0.0,weak,train_oof,0.1755144641265648
RFERF_RF_SMOTE,RFERF,supervised,RF,SMOTE,31,0.0,0.0,0.0,0.0,0.0,0.0,0.0,weak,train_oof,0.1755144641265648
RFERF_RF_SMOTE,RFERF,supervised,RF,SMOTE,310,0.0,0.0,0.0,0.0,0.0,0.0,0.0,weak,train_oof,0.1755144641265648
RFERF_RF_SMOTE,RFERF,supervised,RF,SMOTE,316,0.0,0.0,0.0,0.0,0.0,0.0,0.0,weak,train_oof,0.1755144641265648
RFERF_RF_SMOTE,RFERF,supervised,RF,SMOTE,33,0.0,0.0,0.0,0.0,0.0,0.0,0.0,weak,train_oof,0.1755144641265648
RFERF_RF_SMOTE,RFERF,supervised,RF,SMOTE,333,0.0,0.0,0.0,0.0,0.0,0.0,0.0,weak,train_oof,0.1755144641265648
RFERF_RF_SMOTE,RFERF,supervised,RF,SMOTE,338,0.0,0.0,0.0,0.0,0.0,0.0,0.0,weak,train_oof,0.1755144641265648
RFERF_RF_SMOTE,RFERF,supervised,RF,SMOTE,344,0.0,0.0,0.0,0.0,0.0,0.0,0.0,weak,train_oof,0.1755144641265648
RFERF_RF_SMOTE,RFERF,supervised,RF,SMOTE,348,0.0,0.0,0.0,0.0,0.0,0.0,0.0,weak,train_oof,0.1755144641265648
RFERF_RF_SMOTE,RFERF,supervised,RF,SMOTE,35,0.0,0.0,0.0,0.0,0.0,0.0,0.0,weak,train_oof,0.1755144641265648
RFERF_RF_SMOTE,RFERF,supervised,RF,SMOTE,37,0.0,0.0,0.0,0.0,0.0,0.0,0.0,weak,train_oof,0.1755144641265648
RFERF_RF_SMOTE,RFERF,supervised,RF,SMOTE,377,0.0,0.0,0.0,0.0,0.0,0.0,0.0,weak,train_oof,0.1755144641265648
RFERF_RF_SMOTE,RFERF,supervised,RF,SMOTE,39,0.0,0.0,0.0,0.0,0.0,0.0,0.0,weak,train_oof,0.1755144641265648
RFERF_RF_SMOTE,RFERF,supervised,RF,SMOTE,405,0.0,0.0,0.0,0.0,0.0,0.0,0.0,weak,train_oof,0.1755144641265648
RFERF_RF_SMOTE,RFERF,supervised,RF,SMOTE,41,0.0,0.0,0.0,0.0,0.0,0.0,0.0,weak,train_oof,0.1755144641265648
RFERF_RF_SMOTE,RFERF,supervised,RF,SMOTE,416,0.0,0.0,0.0,0.0,0.0,0.0,0.0,weak,train_oof,0.1755144641265648
RFERF_RF_SMOTE,RFERF,supervised,RF,SMOTE,423,0.0,0.0,0.0,0.0,0.0,0.0,0.0,weak,train_oof,0.1755144641265648
RFERF_RF_SMOTE,RFERF,supervised,RF,SMOTE,425,0.0,0.0,0.0,0.0,0.0,0.0,0.0,weak,train_oof,0.1755144641265648
RFERF_RF_SMOTE,RFERF,supervised,RF,SMOTE,428,0.0,0.0,0.0,0.0,0.0,0.0,0.0,weak,train_oof,0.1755144641265648
RFERF_RF_SMOTE,RFERF,supervised,RF,SMOTE,43,0.0,0.0,0.0,0.0,0.0,0.0,0.0,weak,train_oof,0.1755144641265648
RFERF_RF_SMOTE,RFERF,supervised,RF,SMOTE,452,0.0,0.0,0.0,0.0,0.0,0.0,0.0,weak,train_oof,0.1755144641265648
RFERF_RF_SMOTE,RFERF,supervised,RF,SMOTE,460,0.0,0.0,0.0,0.0,0.0,0.0,0.0,weak,train_oof,0.1755144641265648
RFERF_RF_SMOTE,RFERF,supervised,RF,SMOTE,468,0.0,0.0,0.0,0.0,0.0,0.0,0.0,weak,train_oof,0.1755144641265648
RFERF_RF_SMOTE,RFERF,supervised,RF,SMOTE,47,0.0,0.0,0.0,0.0,0.0,0.0,0.0,weak,train_oof,0.1755144641265648
RFERF_RF_SMOTE,RFERF,supervised,RF,SMOTE,477,0.0,0.0,0.0,0.0,0.0,0.0,0.0,weak,train_oof,0.1755144641265648
RFERF_RF_SMOTE,RFERF,supervised,RF,SMOTE,48,0.0,0.0,0.0,0.0,0.0,0.0,0.0,weak,train_oof,0.1755144641265648
RFERF_RF_SMOTE,RFERF,supervised,RF,SMOTE,480,0.0,0.0,0.0,0.0,0.0,0.0,0.0,weak,train_oof,0.1755144641265648
RFERF_RF_SMOTE,RFERF,supervised,RF,SMOTE,484,0.0,0.0,0.0,0.0,0.0,0.0,0.0,weak,train_oof,0.1755144641265648
RFERF_RF_SMOTE,RFERF,supervised,RF,SMOTE,486,0.0,0.0,0.0,0.0,0.0,0.0,0.0,weak,train_oof,0.1755144641265648
RFERF_RF_SMOTE,RFERF,supervised,RF,SMOTE,488,0.0,0.0,0.0,0.0,0.0,0.0,0.0,weak,train_oof,0.1755144641265648
RFERF_RF_SMOTE,RFERF,supervised,RF,SMOTE,489,0.0,0.0,0.0,0.0,0.0,0.0,0.0,weak,train_oof,0.1755144641265648
RFERF_RF_SMOTE,RFERF,supervised,RF,SMOTE,490,0.0,0.0,0.0,0.0,0.0,0.0,0.0,weak,train_oof,0.1755144641265648
RFERF_RF_SMOTE,RFERF,supervised,RF,SMOTE,510,0.0,0.0,0.0,0.0,0.0,0.0,0.0,weak,train_oof,0.1755144641265648
RFERF_RF_SMOTE,RFERF,supervised,RF,SMOTE,525,0.0,0.0,0.0,0.0,0.0,0.0,0.0,weak,train_oof,0.1755144641265648
RFERF_RF_SMOTE,RFERF,supervised,RF,SMOTE,55,0.0,0.0,0.0,0.0,0.0,0.0,0.0,weak,train_oof,0.1755144641265648
RFERF_RF_SMOTE,RFERF,supervised,RF,SMOTE,551,0.0,0.0,0.0,0.0,0.0,0.0,0.0,weak,train_oof,0.1755144641265648
RFERF_RF_SMOTE,RFERF,supervised,RF,SMOTE,552,0.0,0.0,0.0,0.0,0.0,0.0,0.0,weak,train_oof,0.1755144641265648
RFERF_RF_SMOTE,RFERF,supervised,RF,SMOTE,56,0.0,0.0,0.0,0.0,0.0,0.0,0.0,weak,train_oof,0.1755144641265648
RFERF_RF_SMOTE,RFERF,supervised,RF,SMOTE,563,0.0,0.0,0.0,0.0,0.0,0.0,0.0,weak,train_oof,0.1755144641265648
RFERF_RF_SMOTE,RFERF,supervised,RF,SMOTE,57,0.0,0.0,0.0,0.0,0.0,0.0,0.0,weak,train_oof,0.1755144641265648
RFERF_RF_SMOTE,RFERF,supervised,RF,SMOTE,571,0.0,0.0,0.0,0.0,0.0,0.0,0.0,weak,train_oof,0.1755144641265648
RFERF_RF_SMOTE,RFERF,supervised,RF,SMOTE,58,0.0,0.0,0.0,0.0,0.0,0.0,0.0,weak,train_oof,0.1755144641265648
RFERF_RF_SMOTE,RFERF,supervised,RF,SMOTE,582,0.0,0.0,0.0,0.0,0.0,0.0,0.0,weak,train_oof,0.1755144641265648
RFERF_RF_SMOTE,RFERF,supervised,RF,SMOTE,586,0.0,0.0,0.0,0.0,0.0,0.0,0.0,weak,train_oof,0.1755144641265648
RFERF_RF_SMOTE,RFERF,supervised,RF,SMOTE,59,0.0,0.0,0.0,0.0,0.0,0.0,0.0,weak,train_oof,0.1755144641265648
RFERF_RF_SMOTE,RFERF,supervised,RF,SMOTE,63,0.0,0.0,0.0,0.0,0.0,0.0,0.0,weak,train_oof,0.1755144641265648
RFERF_RF_SMOTE,RFERF,supervised,RF,SMOTE,64,0.0,0.0,0.0,0.0,0.0,0.0,0.0,weak,train_oof,0.1755144641265648
RFERF_RF_SMOTE,RFERF,supervised,RF,SMOTE,65,0.0,0.0,0.0,0.0,0.0,0.0,0.0,weak,train_oof,0.1755144641265648
RFERF_RF_SMOTE,RFERF,supervised,RF,SMOTE,67,0.0,0.0,0.0,0.0,0.0,0.0,0.0,weak,train_oof,0.1755144641265648
RFERF_RF_SMOTE,RFERF,supervised,RF,SMOTE,75,0.0,0.0,0.0,0.0,0.0,0.0,0.0,weak,train_oof,0.1755144641265648
RFERF_RF_SMOTE,RFERF,supervised,RF,SMOTE,76,0.0,0.0,0.0,0.0,0.0,0.0,0.0,weak,train_oof,0.1755144641265648
RFERF_RF_SMOTE,RFERF,supervised,RF,SMOTE,79,0.0,0.0,0.0,0.0,0.0,0.0,0.0,weak,train_oof,0.1755144641265648
RFERF_RF_SMOTE,RFERF,supervised,RF,SMOTE,8,0.0,0.0,0.0,0.0,0.0,0.0,0.0,weak,train_oof,0.1755144641265648
RFERF_RF_SMOTE,RFERF,supervised,RF,SMOTE,81,0.0,0.0,0.0,0.0,0.0,0.0,0.0,weak,train_oof,0.1755144641265648
RFERF_RF_SMOTE,RFERF,supervised,RF,SMOTE,88,0.0,0.0,0.0,0.0,0.0,0.0,0.0,weak,train_oof,0.1755144641265648
RFERF_RF_SMOTE,RFERF,supervised,RF,SMOTE,9,0.0,0.0,0.0,0.0,0.0,0.0,0.0,weak,train_oof,0.1755144641265648
RFERF_RF_SMOTE,RFERF,supervised,RF,SMOTE,90,0.0,0.0,0.0,0.0,0.0,0.0,0.0,weak,train_oof,0.1755144641265648
RFERF_RF_SMOTE,RFERF,supervised,RF,SMOTE,91,0.0,0.0,0.0,0.0,0.0,0.0,0.0,weak,train_oof,0.1755144641265648
RFERF_RF_SMOTE,RFERF,supervised,RF,SMOTE,92,0.0,0.0,0.0,0.0,0.0,0.0,0.0,weak,train_oof,0.1755144641265648
ANOVA_SVM_NoResample,ANOVA,supervised,SVM,NoResample,100,0.0,0.0,0.0,0.0,0.0,0.0,0.0,weak,train_oof,0.07569208662861764
ANOVA_SVM_NoResample,ANOVA,supervised,SVM,NoResample,103,0.0,0.0,0.0,0.0,0.0,0.0,0.0,weak,train_oof,0.07569208662861764
ANOVA_SVM_NoResample,ANOVA,supervised,SVM,NoResample,122,0.0,0.0,0.0,0.0,0.0,0.0,0.0,weak,train_oof,0.07569208662861764
ANOVA_SVM_NoResample,ANOVA,supervised,SVM,NoResample,123,0.0,0.0,0.0,0.0,0.0,0.0,0.0,weak,train_oof,0.07569208662861764
ANOVA_SVM_NoResample,ANOVA,supervised,SVM,NoResample,124,0.0,0.0,0.0,0.0,0.0,0.0,0.0,weak,train_oof,0.07569208662861764
ANOVA_SVM_NoResample,ANOVA,supervised,SVM,NoResample,125,0.0,0.0,0.0,0.0,0.0,0.0,0.0,weak,train_oof,0.07569208662861764
ANOVA_SVM_NoResample,ANOVA,supervised,SVM,NoResample,129,0.0,0.0,0.0,0.0,0.0,0.0,0.0,weak,train_oof,0.07569208662861764
ANOVA_SVM_NoResample,ANOVA,supervised,SVM,NoResample,130,0.0,0.0,0.0,0.0,0.0,0.0,0.0,weak,train_oof,0.07569208662861764
ANOVA_SVM_NoResample,ANOVA,supervised,SVM,NoResample,133,0.0,0.0,0.0,0.0,0.0,0.0,0.0,weak,train_oof,0.07569208662861764
ANOVA_SVM_NoResample,ANOVA,supervised,SVM,NoResample,14,0.0,0.0,0.0,0.0,0.0,0.0,0.0,weak,train_oof,0.07569208662861764
ANOVA_SVM_NoResample,ANOVA,supervised,SVM,NoResample,159,0.0,0.0,0.0,0.0,0.0,0.0,0.0,weak,train_oof,0.07569208662861764
ANOVA_SVM_NoResample,ANOVA,supervised,SVM,NoResample,16,0.0,0.0,0.0,0.0,0.0,0.0,0.0,weak,train_oof,0.07569208662861764
ANOVA_SVM_NoResample,ANOVA,supervised,SVM,NoResample,165,0.0,0.0,0.0,0.0,0.0,0.0,0.0,weak,train_oof,0.07569208662861764
ANOVA_SVM_NoResample,ANOVA,supervised,SVM,NoResample,200,0.0,0.0,0.0,0.0,0.0,0.0,0.0,weak,train_oof,0.07569208662861764
ANOVA_SVM_NoResample,ANOVA,supervised,SVM,NoResample,21,0.0,0.0,0.0,0.0,0.0,0.0,0.0,weak,train_oof,0.07569208662861764
ANOVA_SVM_NoResample,ANOVA,supervised,SVM,NoResample,22,0.0,0.0,0.0,0.0,0.0,0.0,0.0,weak,train_oof,0.07569208662861764
ANOVA_SVM_NoResample,ANOVA,supervised,SVM,NoResample,249,0.0,0.0,0.0,0.0,0.0,0.0,0.0,weak,train_oof,0.07569208662861764
ANOVA_SVM_NoResample,ANOVA,supervised,SVM,NoResample,26,0.0,0.0,0.0,0.0,0.0,0.0,0.0,weak,train_oof,0.07569208662861764
ANOVA_SVM_NoResample,ANOVA,supervised,SVM,NoResample,28,0.0,0.0,0.0,0.0,0.0,0.0,0.0,weak,train_oof,0.07569208662861764
ANOVA_SVM_NoResample,ANOVA,supervised,SVM,NoResample,295,0.0,0.0,0.0,0.0,0.0,0.0,0.0,weak,train_oof,0.07569208662861764
ANOVA_SVM_NoResample,ANOVA,supervised,SVM,NoResample,298,0.0,0.0,0.0,0.0,0.0,0.0,0.0,weak,train_oof,0.07569208662861764
ANOVA_SVM_NoResample,ANOVA,supervised,SVM,NoResample,316,0.0,0.0,0.0,0.0,0.0,0.0,0.0,weak,train_oof,0.07569208662861764
ANOVA_SVM_NoResample,ANOVA,supervised,SVM,NoResample,32,0.0,0.0,0.0,0.0,0.0,0.0,0.0,weak,train_oof,0.07569208662861764
ANOVA_SVM_NoResample,ANOVA,supervised,SVM,NoResample,33,0.0,0.0,0.0,0.0,0.0,0.0,0.0,weak,train_oof,0.07569208662861764
ANOVA_SVM_NoResample,ANOVA,supervised,SVM,NoResample,337,0.0,0.0,0.0,0.0,0.0,0.0,0.0,weak,train_oof,0.07569208662861764
ANOVA_SVM_NoResample,ANOVA,supervised,SVM,NoResample,348,0.0,0.0,0.0,0.0,0.0,0.0,0.0,weak,train_oof,0.07569208662861764
ANOVA_SVM_NoResample,ANOVA,supervised,SVM,NoResample,377,0.0,0.0,0.0,0.0,0.0,0.0,0.0,weak,train_oof,0.07569208662861764
ANOVA_SVM_NoResample,ANOVA,supervised,SVM,NoResample,38,0.0,0.0,0.0,0.0,0.0,0.0,0.0,weak,train_oof,0.07569208662861764
ANOVA_SVM_NoResample,ANOVA,supervised,SVM,NoResample,434,0.0,0.0,0.0,0.0,0.0,0.0,0.0,weak,train_oof,0.07569208662861764
ANOVA_SVM_NoResample,ANOVA,supervised,SVM,NoResample,437,0.0,0.0,0.0,0.0,0.0,0.0,0.0,weak,train_oof,0.07569208662861764
ANOVA_SVM_NoResample,ANOVA,supervised,SVM,NoResample,452,0.0,0.0,0.0,0.0,0.0,0.0,0.0,weak,train_oof,0.07569208662861764
ANOVA_SVM_NoResample,ANOVA,supervised,SVM,NoResample,471,0.0,0.0,0.0,0.0,0.0,0.0,0.0,weak,train_oof,0.07569208662861764
ANOVA_SVM_NoResample,ANOVA,supervised,SVM,NoResample,477,0.0,0.0,0.0,0.0,0.0,0.0,0.0,weak,train_oof,0.07569208662861764
ANOVA_SVM_NoResample,ANOVA,supervised,SVM,NoResample,510,0.0,0.0,0.0,0.0,0.0,0.0,0.0,weak,train_oof,0.07569208662861764
ANOVA_SVM_NoResample,ANOVA,supervised,SVM,NoResample,511,0.0,0.0,0.0,0.0,0.0,0.0,0.0,weak,train_oof,0.07569208662861764
ANOVA_SVM_NoResample,ANOVA,supervised,SVM,NoResample,545,0.0,0.0,0.0,0.0,0.0,0.0,0.0,weak,train_oof,0.07569208662861764
ANOVA_SVM_NoResample,ANOVA,supervised,SVM,NoResample,551,0.0,0.0,0.0,0.0,0.0,0.0,0.0,weak,train_oof,0.07569208662861764
ANOVA_SVM_NoResample,ANOVA,supervised,SVM,NoResample,553,0.0,0.0,0.0,0.0,0.0,0.0,0.0,weak,train_oof,0.07569208662861764
ANOVA_SVM_NoResample,ANOVA,supervised,SVM,NoResample,56,0.0,0.0,0.0,0.0,0.0,0.0,0.0,weak,train_oof,0.07569208662861764
ANOVA_SVM_NoResample,ANOVA,supervised,SVM,NoResample,562,0.0,0.0,0.0,0.0,0.0,0.0,0.0,weak,train_oof,0.07569208662861764
ANOVA_SVM_NoResample,ANOVA,supervised,SVM,NoResample,582,0.0,0.0,0.0,0.0,0.0,0.0,0.0,weak,train_oof,0.07569208662861764
ANOVA_SVM_NoResample,ANOVA,supervised,SVM,NoResample,59,0.0,0.0,0.0,0.0,0.0,0.0,0.0,weak,train_oof,0.07569208662861764
ANOVA_SVM_NoResample,ANOVA,supervised,SVM,NoResample,63,0.0,0.0,0.0,0.0,0.0,0.0,0.0,weak,train_oof,0.07569208662861764
ANOVA_SVM_NoResample,ANOVA,supervised,SVM,NoResample,64,0.0,0.0,0.0,0.0,0.0,0.0,0.0,weak,train_oof,0.07569208662861764
ANOVA_SVM_NoResample,ANOVA,supervised,SVM,NoResample,65,0.0,0.0,0.0,0.0,0.0,0.0,0.0,weak,train_oof,0.07569208662861764
ANOVA_SVM_NoResample,ANOVA,supervised,SVM,NoResample,70,0.0,0.0,0.0,0.0,0.0,0.0,0.0,weak,train_oof,0.07569208662861764
ANOVA_SVM_NoResample,ANOVA,supervised,SVM,NoResample,79,0.0,0.0,0.0,0.0,0.0,0.0,0.0,weak,train_oof,0.07569208662861764
ANOVA_SVM_NoResample,ANOVA,supervised,SVM,NoResample,95,0.0,0.0,0.0,0.0,0.0,0.0,0.0,weak,train_oof,0.07569208662861764
ANOVA_SVM_NoResample,ANOVA,supervised,SVM,NoResample,NA_112,0.0,0.0,0.0,0.0,0.0,0.0,0.0,weak,train_oof,0.07569208662861764
ANOVA_SVM_NoResample,ANOVA,supervised,SVM,NoResample,NA_72,0.0,0.0,0.0,0.0,0.0,0.0,0.0,weak,train_oof,0.07569208662861764
Base_LR_SMOTE,Base,supervised,LR,SMOTE,0,0.0,0.0,0.0,0.0,0.0,0.0,0.0,weak,train_oof,0.12060301142481507
Base_LR_SMOTE,Base,supervised,LR,SMOTE,1,0.0,0.0,0.0,0.0,0.0,0.0,0.0,weak,train_oof,0.12060301142481507
Base_LR_SMOTE,Base,supervised,LR,SMOTE,10,0.0,0.0,0.0,0.0,0.0,0.0,0.0,weak,train_oof,0.12060301142481507
Base_LR_SMOTE,Base,supervised,LR,SMOTE,100,0.0,0.0,0.0,0.0,0.0,0.0,0.0,weak,train_oof,0.12060301142481507
Base_LR_SMOTE,Base,supervised,LR,SMOTE,101,0.0,0.0,0.0,0.0,0.0,0.0,0.0,weak,train_oof,0.12060301142481507
Base_LR_SMOTE,Base,supervised,LR,SMOTE,102,0.0,0.0,0.0,0.0,0.0,0.0,0.0,weak,train_oof,0.12060301142481507
Base_LR_SMOTE,Base,supervised,LR,SMOTE,103,0.0,0.0,0.0,0.0,0.0,0.0,0.0,weak,train_oof,0.12060301142481507
Base_LR_SMOTE,Base,supervised,LR,SMOTE,104,0.0,0.0,0.0,0.0,0.0,0.0,0.0,weak,train_oof,0.12060301142481507
Base_LR_SMOTE,Base,supervised,LR,SMOTE,106,0.0,0.0,0.0,0.0,0.0,0.0,0.0,weak,train_oof,0.12060301142481507
Base_LR_SMOTE,Base,supervised,LR,SMOTE,107,0.0,0.0,0.0,0.0,0.0,0.0,0.0,weak,train_oof,0.12060301142481507
Base_LR_SMOTE,Base,supervised,LR,SMOTE,108,0.0,0.0,0.0,0.0,0.0,0.0,0.0,weak,train_oof,0.12060301142481507
Base_LR_SMOTE,Base,supervised,LR,SMOTE,11,0.0,0.0,0.0,0.0,0.0,0.0,0.0,weak,train_oof,0.12060301142481507
Base_LR_SMOTE,Base,supervised,LR,SMOTE,113,0.0,0.0,0.0,0.0,0.0,0.0,0.0,weak,train_oof,0.12060301142481507
Base_LR_SMOTE,Base,supervised,LR,SMOTE,115,0.0,0.0,0.0,0.0,0.0,0.0,0.0,weak,train_oof,0.12060301142481507
Base_LR_SMOTE,Base,supervised,LR,SMOTE,116,0.0,0.0,0.0,0.0,0.0,0.0,0.0,weak,train_oof,0.12060301142481507
Base_LR_SMOTE,Base,supervised,LR,SMOTE,118,0.0,0.0,0.0,0.0,0.0,0.0,0.0,weak,train_oof,0.12060301142481507
Base_LR_SMOTE,Base,supervised,LR,SMOTE,119,0.0,0.0,0.0,0.0,0.0,0.0,0.0,weak,train_oof,0.12060301142481507
Base_LR_SMOTE,Base,supervised,LR,SMOTE,120,0.0,0.0,0.0,0.0,0.0,0.0,0.0,weak,train_oof,0.12060301142481507
Base_LR_SMOTE,Base,supervised,LR,SMOTE,122,0.0,0.0,0.0,0.0,0.0,0.0,0.0,weak,train_oof,0.12060301142481507
Base_LR_SMOTE,Base,supervised,LR,SMOTE,123,0.0,0.0,0.0,0.0,0.0,0.0,0.0,weak,train_oof,0.12060301142481507
Base_LR_SMOTE,Base,supervised,LR,SMOTE,124,0.0,0.0,0.0,0.0,0.0,0.0,0.0,weak,train_oof,0.12060301142481507
Base_LR_SMOTE,Base,supervised,LR,SMOTE,125,0.0,0.0,0.0,0.0,0.0,0.0,0.0,weak,train_oof,0.12060301142481507
Base_LR_SMOTE,Base,supervised,LR,SMOTE,126,0.0,0.0,0.0,0.0,0.0,0.0,0.0,weak,train_oof,0.12060301142481507
Base_LR_SMOTE,Base,supervised,LR,SMOTE,128,0.0,0.0,0.0,0.0,0.0,0.0,0.0,weak,train_oof,0.12060301142481507
Base_LR_SMOTE,Base,supervised,LR,SMOTE,129,0.0,0.0,0.0,0.0,0.0,0.0,0.0,weak,train_oof,0.12060301142481507
Base_LR_SMOTE,Base,supervised,LR,SMOTE,130,0.0,0.0,0.0,0.0,0.0,0.0,0.0,weak,train_oof,0.12060301142481507
Base_LR_SMOTE,Base,supervised,LR,SMOTE,131,0.0,0.0,0.0,0.0,0.0,0.0,0.0,weak,train_oof,0.12060301142481507
Base_LR_SMOTE,Base,supervised,LR,SMOTE,132,0.0,0.0,0.0,0.0,0.0,0.0,0.0,weak,train_oof,0.12060301142481507
Base_LR_SMOTE,Base,supervised,LR,SMOTE,133,0.0,0.0,0.0,0.0,0.0,0.0,0.0,weak,train_oof,0.12060301142481507
Base_LR_SMOTE,Base,supervised,LR,SMOTE,134,0.0,0.0,0.0,0.0,0.0,0.0,0.0,weak,train_oof,0.12060301142481507
Base_LR_SMOTE,Base,supervised,LR,SMOTE,137,0.0,0.0,0.0,0.0,0.0,0.0,0.0,weak,train_oof,0.12060301142481507
Base_LR_SMOTE,Base,supervised,LR,SMOTE,139,0.0,0.0,0.0,0.0,0.0,0.0,0.0,weak,train_oof,0.12060301142481507
Base_LR_SMOTE,Base,supervised,LR,SMOTE,14,0.0,0.0,0.0,0.0,0.0,0.0,0.0,weak,train_oof,0.12060301142481507
Base_LR_SMOTE,Base,supervised,LR,SMOTE,144,0.0,0.0,0.0,0.0,0.0,0.0,0.0,weak,train_oof,0.12060301142481507
Base_LR_SMOTE,Base,supervised,LR,SMOTE,15,0.0,0.0,0.0,0.0,0.0,0.0,0.0,weak,train_oof,0.12060301142481507
Base_LR_SMOTE,Base,supervised,LR,SMOTE,154,0.0,0.0,0.0,0.0,0.0,0.0,0.0,weak,train_oof,0.12060301142481507
Base_LR_SMOTE,Base,supervised,LR,SMOTE,156,0.0,0.0,0.0,0.0,0.0,0.0,0.0,weak,train_oof,0.12060301142481507
Base_LR_SMOTE,Base,supervised,LR,SMOTE,159,0.0,0.0,0.0,0.0,0.0,0.0,0.0,weak,train_oof,0.12060301142481507
Base_LR_SMOTE,Base,supervised,LR,SMOTE,16,0.0,0.0,0.0,0.0,0.0,0.0,0.0,weak,train_oof,0.12060301142481507
Base_LR_SMOTE,Base,supervised,LR,SMOTE,162,0.0,0.0,0.0,0.0,0.0,0.0,0.0,weak,train_oof,0.12060301142481507
Base_LR_SMOTE,Base,supervised,LR,SMOTE,165,0.0,0.0,0.0,0.0,0.0,0.0,0.0,weak,train_oof,0.12060301142481507
Base_LR_SMOTE,Base,supervised,LR,SMOTE,168,0.0,0.0,0.0,0.0,0.0,0.0,0.0,weak,train_oof,0.12060301142481507
Base_LR_SMOTE,Base,supervised,LR,SMOTE,17,0.0,0.0,0.0,0.0,0.0,0.0,0.0,weak,train_oof,0.12060301142481507
Base_LR_SMOTE,Base,supervised,LR,SMOTE,173,0.0,0.0,0.0,0.0,0.0,0.0,0.0,weak,train_oof,0.12060301142481507
Base_LR_SMOTE,Base,supervised,LR,SMOTE,18,0.0,0.0,0.0,0.0,0.0,0.0,0.0,weak,train_oof,0.12060301142481507
Base_LR_SMOTE,Base,supervised,LR,SMOTE,181,0.0,0.0,0.0,0.0,0.0,0.0,0.0,weak,train_oof,0.12060301142481507
Base_LR_SMOTE,Base,supervised,LR,SMOTE,182,0.0,0.0,0.0,0.0,0.0,0.0,0.0,weak,train_oof,0.12060301142481507
Base_LR_SMOTE,Base,supervised,LR,SMOTE,183,0.0,0.0,0.0,0.0,0.0,0.0,0.0,weak,train_oof,0.12060301142481507
Base_LR_SMOTE,Base,supervised,LR,SMOTE,184,0.0,0.0,0.0,0.0,0.0,0.0,0.0,weak,train_oof,0.12060301142481507
Base_LR_SMOTE,Base,supervised,LR,SMOTE,185,0.0,0.0,0.0,0.0,0.0,0.0,0.0,weak,train_oof,0.12060301142481507
Base_LR_SMOTE,Base,supervised,LR,SMOTE,19,0.0,0.0,0.0,0.0,0.0,0.0,0.0,weak,train_oof,0.12060301142481507
Base_LR_SMOTE,Base,supervised,LR,SMOTE,2,0.0,0.0,0.0,0.0,0.0,0.0,0.0,weak,train_oof,0.12060301142481507
Base_LR_SMOTE,Base,supervised,LR,SMOTE,20,0.0,0.0,0.0,0.0,0.0,0.0,0.0,weak,train_oof,0.12060301142481507
Base_LR_SMOTE,Base,supervised,LR,SMOTE,200,0.0,0.0,0.0,0.0,0.0,0.0,0.0,weak,train_oof,0.12060301142481507
Base_LR_SMOTE,Base,supervised,LR,SMOTE,21,0.0,0.0,0.0,0.0,0.0,0.0,0.0,weak,train_oof,0.12060301142481507
Base_LR_SMOTE,Base,supervised,LR,SMOTE,212,0.0,0.0,0.0,0.0,0.0,0.0,0.0,weak,train_oof,0.12060301142481507
Base_LR_SMOTE,Base,supervised,LR,SMOTE,213,0.0,0.0,0.0,0.0,0.0,0.0,0.0,weak,train_oof,0.12060301142481507
Base_LR_SMOTE,Base,supervised,LR,SMOTE,217,0.0,0.0,0.0,0.0,0.0,0.0,0.0,weak,train_oof,0.12060301142481507
Base_LR_SMOTE,Base,supervised,LR,SMOTE,22,0.0,0.0,0.0,0.0,0.0,0.0,0.0,weak,train_oof,0.12060301142481507
Base_LR_SMOTE,Base,supervised,LR,SMOTE,221,0.0,0.0,0.0,0.0,0.0,0.0,0.0,weak,train_oof,0.12060301142481507
Base_LR_SMOTE,Base,supervised,LR,SMOTE,222,0.0,0.0,0.0,0.0,0.0,0.0,0.0,weak,train_oof,0.12060301142481507
Base_LR_SMOTE,Base,supervised,LR,SMOTE,223,0.0,0.0,0.0,0.0,0.0,0.0,0.0,weak,train_oof,0.12060301142481507
Base_LR_SMOTE,Base,supervised,LR,SMOTE,227,0.0,0.0,0.0,0.0,0.0,0.0,0.0,weak,train_oof,0.12060301142481507
Base_LR_SMOTE,Base,supervised,LR,SMOTE,23,0.0,0.0,0.0,0.0,0.0,0.0,0.0,weak,train_oof,0.12060301142481507
Base_LR_SMOTE,Base,supervised,LR,SMOTE,24,0.0,0.0,0.0,0.0,0.0,0.0,0.0,weak,train_oof,0.12060301142481507
Base_LR_SMOTE,Base,supervised,LR,SMOTE,248,0.0,0.0,0.0,0.0,0.0,0.0,0.0,weak,train_oof,0.12060301142481507
Base_LR_SMOTE,Base,supervised,LR,SMOTE,249,0.0,0.0,0.0,0.0,0.0,0.0,0.0,weak,train_oof,0.12060301142481507
Base_LR_SMOTE,Base,supervised,LR,SMOTE,25,0.0,0.0,0.0,0.0,0.0,0.0,0.0,weak,train_oof,0.12060301142481507
Base_LR_SMOTE,Base,supervised,LR,SMOTE,252,0.0,0.0,0.0,0.0,0.0,0.0,0.0,weak,train_oof,0.12060301142481507
Base_LR_SMOTE,Base,supervised,LR,SMOTE,254,0.0,0.0,0.0,0.0,0.0,0.0,0.0,weak,train_oof,0.12060301142481507
Base_LR_SMOTE,Base,supervised,LR,SMOTE,26,0.0,0.0,0.0,0.0,0.0,0.0,0.0,weak,train_oof,0.12060301142481507
Base_LR_SMOTE,Base,supervised,LR,SMOTE,269,0.0,0.0,0.0,0.0,0.0,0.0,0.0,weak,train_oof,0.12060301142481507
Base_LR_SMOTE,Base,supervised,LR,SMOTE,271,0.0,0.0,0.0,0.0,0.0,0.0,0.0,weak,train_oof,0.12060301142481507
Base_LR_SMOTE,Base,supervised,LR,SMOTE,273,0.0,0.0,0.0,0.0,0.0,0.0,0.0,weak,train_oof,0.12060301142481507
Base_LR_SMOTE,Base,supervised,LR,SMOTE,275,0.0,0.0,0.0,0.0,0.0,0.0,0.0,weak,train_oof,0.12060301142481507
Base_LR_SMOTE,Base,supervised,LR,SMOTE,277,0.0,0.0,0.0,0.0,0.0,0.0,0.0,weak,train_oof,0.12060301142481507
Base_LR_SMOTE,Base,supervised,LR,SMOTE,28,0.0,0.0,0.0,0.0,0.0,0.0,0.0,weak,train_oof,0.12060301142481507
Base_LR_SMOTE,Base,supervised,LR,SMOTE,280,0.0,0.0,0.0,0.0,0.0,0.0,0.0,weak,train_oof,0.12060301142481507
Base_LR_SMOTE,Base,supervised,LR,SMOTE,281,0.0,0.0,0.0,0.0,0.0,0.0,0.0,weak,train_oof,0.12060301142481507
Base_LR_SMOTE,Base,supervised,LR,SMOTE,282,0.0,0.0,0.0,0.0,0.0,0.0,0.0,weak,train_oof,0.12060301142481507
Base_LR_SMOTE,Base,supervised,LR,SMOTE,285,0.0,0.0,0.0,0.0,0.0,0.0,0.0,weak,train_oof,0.12060301142481507
Base_LR_SMOTE,Base,supervised,LR,SMOTE,288,0.0,0.0,0.0,0.0,0.0,0.0,0.0,weak,train_oof,0.12060301142481507
Base_LR_SMOTE,Base,supervised,LR,SMOTE,29,0.0,0.0,0.0,0.0,0.0,0.0,0.0,weak,train_oof,0.12060301142481507
Base_LR_SMOTE,Base,supervised,LR,SMOTE,295,0.0,0.0,0.0,0.0,0.0,0.0,0.0,weak,train_oof,0.12060301142481507
Base_LR_SMOTE,Base,supervised,LR,SMOTE,296,0.0,0.0,0.0,0.0,0.0,0.0,0.0,weak,train_oof,0.12060301142481507
Base_LR_SMOTE,Base,supervised,LR,SMOTE,298,0.0,0.0,0.0,0.0,0.0,0.0,0.0,weak,train_oof,0.12060301142481507
Base_LR_SMOTE,Base,supervised,LR,SMOTE,3,0.0,0.0,0.0,0.0,0.0,0.0,0.0,weak,train_oof,0.12060301142481507
Base_LR_SMOTE,Base,supervised,LR,SMOTE,30,0.0,0.0,0.0,0.0,0.0,0.0,0.0,weak,train_oof,0.12060301142481507
Base_LR_SMOTE,Base,supervised,LR,SMOTE,302,0.0,0.0,0.0,0.0,0.0,0.0,0.0,weak,train_oof,0.12060301142481507
Base_LR_SMOTE,Base,supervised,LR,SMOTE,304,0.0,0.0,0.0,0.0,0.0,0.0,0.0,weak,train_oof,0.12060301142481507
Base_LR_SMOTE,Base,supervised,LR,SMOTE,309,0.0,0.0,0.0,0.0,0.0,0.0,0.0,weak,train_oof,0.12060301142481507
Base_LR_SMOTE,Base,supervised,LR,SMOTE,31,0.0,0.0,0.0,0.0,0.0,0.0,0.0,weak,train_oof,0.12060301142481507
Base_LR_SMOTE,Base,supervised,LR,SMOTE,310,0.0,0.0,0.0,0.0,0.0,0.0,0.0,weak,train_oof,0.12060301142481507
Base_LR_SMOTE,Base,supervised,LR,SMOTE,316,0.0,0.0,0.0,0.0,0.0,0.0,0.0,weak,train_oof,0.12060301142481507
Base_LR_SMOTE,Base,supervised,LR,SMOTE,32,0.0,0.0,0.0,0.0,0.0,0.0,0.0,weak,train_oof,0.12060301142481507
Base_LR_SMOTE,Base,supervised,LR,SMOTE,323,0.0,0.0,0.0,0.0,0.0,0.0,0.0,weak,train_oof,0.12060301142481507
Base_LR_SMOTE,Base,supervised,LR,SMOTE,324,0.0,0.0,0.0,0.0,0.0,0.0,0.0,weak,train_oof,0.12060301142481507
Base_LR_SMOTE,Base,supervised,LR,SMOTE,33,0.0,0.0,0.0,0.0,0.0,0.0,0.0,weak,train_oof,0.12060301142481507
Base_LR_SMOTE,Base,supervised,LR,SMOTE,332,0.0,0.0,0.0,0.0,0.0,0.0,0.0,weak,train_oof,0.12060301142481507
Base_LR_SMOTE,Base,supervised,LR,SMOTE,333,0.0,0.0,0.0,0.0,0.0,0.0,0.0,weak,train_oof,0.12060301142481507
Base_LR_SMOTE,Base,supervised,LR,SMOTE,334,0.0,0.0,0.0,0.0,0.0,0.0,0.0,weak,train_oof,0.12060301142481507
Base_LR_SMOTE,Base,supervised,LR,SMOTE,337,0.0,0.0,0.0,0.0,0.0,0.0,0.0,weak,train_oof,0.12060301142481507
Base_LR_SMOTE,Base,supervised,LR,SMOTE,338,0.0,0.0,0.0,0.0,0.0,0.0,0.0,weak,train_oof,0.12060301142481507
Base_LR_SMOTE,Base,supervised,LR,SMOTE,339,0.0,0.0,0.0,0.0,0.0,0.0,0.0,weak,train_oof,0.12060301142481507
Base_LR_SMOTE,Base,supervised,LR,SMOTE,34,0.0,0.0,0.0,0.0,0.0,0.0,0.0,weak,train_oof,0.12060301142481507
Base_LR_SMOTE,Base,supervised,LR,SMOTE,344,0.0,0.0,0.0,0.0,0.0,0.0,0.0,weak,train_oof,0.12060301142481507
Base_LR_SMOTE,Base,supervised,LR,SMOTE,348,0.0,0.0,0.0,0.0,0.0,0.0,0.0,weak,train_oof,0.12060301142481507
Base_LR_SMOTE,Base,supervised,LR,SMOTE,349,0.0,0.0,0.0,0.0,0.0,0.0,0.0,weak,train_oof,0.12060301142481507
Base_LR_SMOTE,Base,supervised,LR,SMOTE,35,0.0,0.0,0.0,0.0,0.0,0.0,0.0,weak,train_oof,0.12060301142481507
Base_LR_SMOTE,Base,supervised,LR,SMOTE,352,0.0,0.0,0.0,0.0,0.0,0.0,0.0,weak,train_oof,0.12060301142481507
Base_LR_SMOTE,Base,supervised,LR,SMOTE,353,0.0,0.0,0.0,0.0,0.0,0.0,0.0,weak,train_oof,0.12060301142481507
Base_LR_SMOTE,Base,supervised,LR,SMOTE,354,0.0,0.0,0.0,0.0,0.0,0.0,0.0,weak,train_oof,0.12060301142481507
Base_LR_SMOTE,Base,supervised,LR,SMOTE,357,0.0,0.0,0.0,0.0,0.0,0.0,0.0,weak,train_oof,0.12060301142481507
Base_LR_SMOTE,Base,supervised,LR,SMOTE,362,0.0,0.0,0.0,0.0,0.0,0.0,0.0,weak,train_oof,0.12060301142481507
Base_LR_SMOTE,Base,supervised,LR,SMOTE,366,0.0,0.0,0.0,0.0,0.0,0.0,0.0,weak,train_oof,0.12060301142481507
Base_LR_SMOTE,Base,supervised,LR,SMOTE,367,0.0,0.0,0.0,0.0,0.0,0.0,0.0,weak,train_oof,0.12060301142481507
Base_LR_SMOTE,Base,supervised,LR,SMOTE,368,0.0,0.0,0.0,0.0,0.0,0.0,0.0,weak,train_oof,0.12060301142481507
Base_LR_SMOTE,Base,supervised,LR,SMOTE,37,0.0,0.0,0.0,0.0,0.0,0.0,0.0,weak,train_oof,0.12060301142481507
Base_LR_SMOTE,Base,supervised,LR,SMOTE,376,0.0,0.0,0.0,0.0,0.0,0.0,0.0,weak,train_oof,0.12060301142481507
Base_LR_SMOTE,Base,supervised,LR,SMOTE,377,0.0,0.0,0.0,0.0,0.0,0.0,0.0,weak,train_oof,0.12060301142481507
Base_LR_SMOTE,Base,supervised,LR,SMOTE,38,0.0,0.0,0.0,0.0,0.0,0.0,0.0,weak,train_oof,0.12060301142481507
Base_LR_SMOTE,Base,supervised,LR,SMOTE,39,0.0,0.0,0.0,0.0,0.0,0.0,0.0,weak,train_oof,0.12060301142481507
Base_LR_SMOTE,Base,supervised,LR,SMOTE,393,0.0,0.0,0.0,0.0,0.0,0.0,0.0,weak,train_oof,0.12060301142481507
Base_LR_SMOTE,Base,supervised,LR,SMOTE,40,0.0,0.0,0.0,0.0,0.0,0.0,0.0,weak,train_oof,0.12060301142481507
Base_LR_SMOTE,Base,supervised,LR,SMOTE,405,0.0,0.0,0.0,0.0,0.0,0.0,0.0,weak,train_oof,0.12060301142481507
Base_LR_SMOTE,Base,supervised,LR,SMOTE,406,0.0,0.0,0.0,0.0,0.0,0.0,0.0,weak,train_oof,0.12060301142481507
Base_LR_SMOTE,Base,supervised,LR,SMOTE,408,0.0,0.0,0.0,0.0,0.0,0.0,0.0,weak,train_oof,0.12060301142481507
Base_LR_SMOTE,Base,supervised,LR,SMOTE,41,0.0,0.0,0.0,0.0,0.0,0.0,0.0,weak,train_oof,0.12060301142481507
Base_LR_SMOTE,Base,supervised,LR,SMOTE,412,0.0,0.0,0.0,0.0,0.0,0.0,0.0,weak,train_oof,0.12060301142481507
Base_LR_SMOTE,Base,supervised,LR,SMOTE,416,0.0,0.0,0.0,0.0,0.0,0.0,0.0,weak,train_oof,0.12060301142481507
Base_LR_SMOTE,Base,supervised,LR,SMOTE,418,0.0,0.0,0.0,0.0,0.0,0.0,0.0,weak,train_oof,0.12060301142481507
Base_LR_SMOTE,Base,supervised,LR,SMOTE,419,0.0,0.0,0.0,0.0,0.0,0.0,0.0,weak,train_oof,0.12060301142481507
Base_LR_SMOTE,Base,supervised,LR,SMOTE,423,0.0,0.0,0.0,0.0,0.0,0.0,0.0,weak,train_oof,0.12060301142481507
Base_LR_SMOTE,Base,supervised,LR,SMOTE,424,0.0,0.0,0.0,0.0,0.0,0.0,0.0,weak,train_oof,0.12060301142481507
Base_LR_SMOTE,Base,supervised,LR,SMOTE,425,0.0,0.0,0.0,0.0,0.0,0.0,0.0,weak,train_oof,0.12060301142481507
Base_LR_SMOTE,Base,supervised,LR,SMOTE,428,0.0,0.0,0.0,0.0,0.0,0.0,0.0,weak,train_oof,0.12060301142481507
Base_LR_SMOTE,Base,supervised,LR,SMOTE,43,0.0,0.0,0.0,0.0,0.0,0.0,0.0,weak,train_oof,0.12060301142481507
Base_LR_SMOTE,Base,supervised,LR,SMOTE,432,0.0,0.0,0.0,0.0,0.0,0.0,0.0,weak,train_oof,0.12060301142481507
Base_LR_SMOTE,Base,supervised,LR,SMOTE,433,0.0,0.0,0.0,0.0,0.0,0.0,0.0,weak,train_oof,0.12060301142481507
Base_LR_SMOTE,Base,supervised,LR,SMOTE,434,0.0,0.0,0.0,0.0,0.0,0.0,0.0,weak,train_oof,0.12060301142481507
Base_LR_SMOTE,Base,supervised,LR,SMOTE,437,0.0,0.0,0.0,0.0,0.0,0.0,0.0,weak,train_oof,0.12060301142481507
Base_LR_SMOTE,Base,supervised,LR,SMOTE,438,0.0,0.0,0.0,0.0,0.0,0.0,0.0,weak,train_oof,0.12060301142481507
Base_LR_SMOTE,Base,supervised,LR,SMOTE,439,0.0,0.0,0.0,0.0,0.0,0.0,0.0,weak,train_oof,0.12060301142481507
Base_LR_SMOTE,Base,supervised,LR,SMOTE,44,0.0,0.0,0.0,0.0,0.0,0.0,0.0,weak,train_oof,0.12060301142481507
Base_LR_SMOTE,Base,supervised,LR,SMOTE,441,0.0,0.0,0.0,0.0,0.0,0.0,0.0,weak,train_oof,0.12060301142481507
Base_LR_SMOTE,Base,supervised,LR,SMOTE,442,0.0,0.0,0.0,0.0,0.0,0.0,0.0,weak,train_oof,0.12060301142481507
Base_LR_SMOTE,Base,supervised,LR,SMOTE,447,0.0,0.0,0.0,0.0,0.0,0.0,0.0,weak,train_oof,0.12060301142481507
Base_LR_SMOTE,Base,supervised,LR,SMOTE,448,0.0,0.0,0.0,0.0,0.0,0.0,0.0,weak,train_oof,0.12060301142481507
Base_LR_SMOTE,Base,supervised,LR,SMOTE,45,0.0,0.0,0.0,0.0,0.0,0.0,0.0,weak,train_oof,0.12060301142481507
Base_LR_SMOTE,Base,supervised,LR,SMOTE,452,0.0,0.0,0.0,0.0,0.0,0.0,0.0,weak,train_oof,0.12060301142481507
Base_LR_SMOTE,Base,supervised,LR,SMOTE,46,0.0,0.0,0.0,0.0,0.0,0.0,0.0,weak,train_oof,0.12060301142481507
Base_LR_SMOTE,Base,supervised,LR,SMOTE,460,0.0,0.0,0.0,0.0,0.0,0.0,0.0,weak,train_oof,0.12060301142481507
Base_LR_SMOTE,Base,supervised,LR,SMOTE,467,0.0,0.0,0.0,0.0,0.0,0.0,0.0,weak,train_oof,0.12060301142481507
Base_LR_SMOTE,Base,supervised,LR,SMOTE,468,0.0,0.0,0.0,0.0,0.0,0.0,0.0,weak,train_oof,0.12060301142481507
Base_LR_SMOTE,Base,supervised,LR,SMOTE,47,0.0,0.0,0.0,0.0,0.0,0.0,0.0,weak,train_oof,0.12060301142481507
Base_LR_SMOTE,Base,supervised,LR,SMOTE,471,0.0,0.0,0.0,0.0,0.0,0.0,0.0,weak,train_oof,0.12060301142481507
Base_LR_SMOTE,Base,supervised,LR,SMOTE,472,0.0,0.0,0.0,0.0,0.0,0.0,0.0,weak,train_oof,0.12060301142481507
Base_LR_SMOTE,Base,supervised,LR,SMOTE,473,0.0,0.0,0.0,0.0,0.0,0.0,0.0,weak,train_oof,0.12060301142481507
Base_LR_SMOTE,Base,supervised,LR,SMOTE,474,0.0,0.0,0.0,0.0,0.0,0.0,0.0,weak,train_oof,0.12060301142481507
Base_LR_SMOTE,Base,supervised,LR,SMOTE,476,0.0,0.0,0.0,0.0,0.0,0.0,0.0,weak,train_oof,0.12060301142481507
Base_LR_SMOTE,Base,supervised,LR,SMOTE,477,0.0,0.0,0.0,0.0,0.0,0.0,0.0,weak,train_oof,0.12060301142481507
Base_LR_SMOTE,Base,supervised,LR,SMOTE,48,0.0,0.0,0.0,0.0,0.0,0.0,0.0,weak,train_oof,0.12060301142481507
Base_LR_SMOTE,Base,supervised,LR,SMOTE,480,0.0,0.0,0.0,0.0,0.0,0.0,0.0,weak,train_oof,0.12060301142481507
Base_LR_SMOTE,Base,supervised,LR,SMOTE,482,0.0,0.0,0.0,0.0,0.0,0.0,0.0,weak,train_oof,0.12060301142481507
Base_LR_SMOTE,Base,supervised,LR,SMOTE,483,0.0,0.0,0.0,0.0,0.0,0.0,0.0,weak,train_oof,0.12060301142481507
Base_LR_SMOTE,Base,supervised,LR,SMOTE,484,0.0,0.0,0.0,0.0,0.0,0.0,0.0,weak,train_oof,0.12060301142481507
Base_LR_SMOTE,Base,supervised,LR,SMOTE,485,0.0,0.0,0.0,0.0,0.0,0.0,0.0,weak,train_oof,0.12060301142481507
Base_LR_SMOTE,Base,supervised,LR,SMOTE,486,0.0,0.0,0.0,0.0,0.0,0.0,0.0,weak,train_oof,0.12060301142481507
Base_LR_SMOTE,Base,supervised,LR,SMOTE,487,0.0,0.0,0.0,0.0,0.0,0.0,0.0,weak,train_oof,0.12060301142481507
Base_LR_SMOTE,Base,supervised,LR,SMOTE,488,0.0,0.0,0.0,0.0,0.0,0.0,0.0,weak,train_oof,0.12060301142481507
Base_LR_SMOTE,Base,supervised,LR,SMOTE,489,0.0,0.0,0.0,0.0,0.0,0.0,0.0,weak,train_oof,0.12060301142481507
Base_LR_SMOTE,Base,supervised,LR,SMOTE,490,0.0,0.0,0.0,0.0,0.0,0.0,0.0,weak,train_oof,0.12060301142481507
Base_LR_SMOTE,Base,supervised,LR,SMOTE,496,0.0,0.0,0.0,0.0,0.0,0.0,0.0,weak,train_oof,0.12060301142481507
Base_LR_SMOTE,Base,supervised,LR,SMOTE,497,0.0,0.0,0.0,0.0,0.0,0.0,0.0,weak,train_oof,0.12060301142481507
Base_LR_SMOTE,Base,supervised,LR,SMOTE,499,0.0,0.0,0.0,0.0,0.0,0.0,0.0,weak,train_oof,0.12060301142481507
Base_LR_SMOTE,Base,supervised,LR,SMOTE,500,0.0,0.0,0.0,0.0,0.0,0.0,0.0,weak,train_oof,0.12060301142481507
Base_LR_SMOTE,Base,supervised,LR,SMOTE,51,0.0,0.0,0.0,0.0,0.0,0.0,0.0,weak,train_oof,0.12060301142481507
Base_LR_SMOTE,Base,supervised,LR,SMOTE,510,0.0,0.0,0.0,0.0,0.0,0.0,0.0,weak,train_oof,0.12060301142481507
Base_LR_SMOTE,Base,supervised,LR,SMOTE,511,0.0,0.0,0.0,0.0,0.0,0.0,0.0,weak,train_oof,0.12060301142481507
Base_LR_SMOTE,Base,supervised,LR,SMOTE,521,0.0,0.0,0.0,0.0,0.0,0.0,0.0,weak,train_oof,0.12060301142481507
Base_LR_SMOTE,Base,supervised,LR,SMOTE,522,0.0,0.0,0.0,0.0,0.0,0.0,0.0,weak,train_oof,0.12060301142481507
Base_LR_SMOTE,Base,supervised,LR,SMOTE,523,0.0,0.0,0.0,0.0,0.0,0.0,0.0,weak,train_oof,0.12060301142481507
Base_LR_SMOTE,Base,supervised,LR,SMOTE,525,0.0,0.0,0.0,0.0,0.0,0.0,0.0,weak,train_oof,0.12060301142481507
Base_LR_SMOTE,Base,supervised,LR,SMOTE,53,0.0,0.0,0.0,0.0,0.0,0.0,0.0,weak,train_oof,0.12060301142481507
Base_LR_SMOTE,Base,supervised,LR,SMOTE,542,0.0,0.0,0.0,0.0,0.0,0.0,0.0,weak,train_oof,0.12060301142481507
Base_LR_SMOTE,Base,supervised,LR,SMOTE,544,0.0,0.0,0.0,0.0,0.0,0.0,0.0,weak,train_oof,0.12060301142481507
Base_LR_SMOTE,Base,supervised,LR,SMOTE,545,0.0,0.0,0.0,0.0,0.0,0.0,0.0,weak,train_oof,0.12060301142481507
Base_LR_SMOTE,Base,supervised,LR,SMOTE,546,0.0,0.0,0.0,0.0,0.0,0.0,0.0,weak,train_oof,0.12060301142481507
Base_LR_SMOTE,Base,supervised,LR,SMOTE,547,0.0,0.0,0.0,0.0,0.0,0.0,0.0,weak,train_oof,0.12060301142481507
Base_LR_SMOTE,Base,supervised,LR,SMOTE,548,0.0,0.0,0.0,0.0,0.0,0.0,0.0,weak,train_oof,0.12060301142481507
Base_LR_SMOTE,Base,supervised,LR,SMOTE,55,0.0,0.0,0.0,0.0,0.0,0.0,0.0,weak,train_oof,0.12060301142481507
Base_LR_SMOTE,Base,supervised,LR,SMOTE,551,0.0,0.0,0.0,0.0,0.0,0.0,0.0,weak,train_oof,0.12060301142481507
Base_LR_SMOTE,Base,supervised,LR,SMOTE,552,0.0,0.0,0.0,0.0,0.0,0.0,0.0,weak,train_oof,0.12060301142481507
Base_LR_SMOTE,Base,supervised,LR,SMOTE,553,0.0,0.0,0.0,0.0,0.0,0.0,0.0,weak,train_oof,0.12060301142481507
Base_LR_SMOTE,Base,supervised,LR,SMOTE,555,0.0,0.0,0.0,0.0,0.0,0.0,0.0,weak,train_oof,0.12060301142481507
Base_LR_SMOTE,Base,supervised,LR,SMOTE,558,0.0,0.0,0.0,0.0,0.0,0.0,0.0,weak,train_oof,0.12060301142481507
Base_LR_SMOTE,Base,supervised,LR,SMOTE,56,0.0,0.0,0.0,0.0,0.0,0.0,0.0,weak,train_oof,0.12060301142481507
Base_LR_SMOTE,Base,supervised,LR,SMOTE,560,0.0,0.0,0.0,0.0,0.0,0.0,0.0,weak,train_oof,0.12060301142481507
Base_LR_SMOTE,Base,supervised,LR,SMOTE,561,0.0,0.0,0.0,0.0,0.0,0.0,0.0,weak,train_oof,0.12060301142481507
Base_LR_SMOTE,Base,supervised,LR,SMOTE,562,0.0,0.0,0.0,0.0,0.0,0.0,0.0,weak,train_oof,0.12060301142481507
Base_LR_SMOTE,Base,supervised,LR,SMOTE,563,0.0,0.0,0.0,0.0,0.0,0.0,0.0,weak,train_oof,0.12060301142481507
Base_LR_SMOTE,Base,supervised,LR,SMOTE,566,0.0,0.0,0.0,0.0,0.0,0.0,0.0,weak,train_oof,0.12060301142481507
Base_LR_SMOTE,Base,supervised,LR,SMOTE,567,0.0,0.0,0.0,0.0,0.0,0.0,0.0,weak,train_oof,0.12060301142481507
Base_LR_SMOTE,Base,supervised,LR,SMOTE,57,0.0,0.0,0.0,0.0,0.0,0.0,0.0,weak,train_oof,0.12060301142481507
Base_LR_SMOTE,Base,supervised,LR,SMOTE,570,0.0,0.0,0.0,0.0,0.0,0.0,0.0,weak,train_oof,0.12060301142481507
Base_LR_SMOTE,Base,supervised,LR,SMOTE,571,0.0,0.0,0.0,0.0,0.0,0.0,0.0,weak,train_oof,0.12060301142481507
Base_LR_SMOTE,Base,supervised,LR,SMOTE,574,0.0,0.0,0.0,0.0,0.0,0.0,0.0,weak,train_oof,0.12060301142481507
Base_LR_SMOTE,Base,supervised,LR,SMOTE,577,0.0,0.0,0.0,0.0,0.0,0.0,0.0,weak,train_oof,0.12060301142481507
Base_LR_SMOTE,Base,supervised,LR,SMOTE,58,0.0,0.0,0.0,0.0,0.0,0.0,0.0,weak,train_oof,0.12060301142481507
Base_LR_SMOTE,Base,supervised,LR,SMOTE,582,0.0,0.0,0.0,0.0,0.0,0.0,0.0,weak,train_oof,0.12060301142481507
Base_LR_SMOTE,Base,supervised,LR,SMOTE,585,0.0,0.0,0.0,0.0,0.0,0.0,0.0,weak,train_oof,0.12060301142481507
Base_LR_SMOTE,Base,supervised,LR,SMOTE,586,0.0,0.0,0.0,0.0,0.0,0.0,0.0,weak,train_oof,0.12060301142481507
Base_LR_SMOTE,Base,supervised,LR,SMOTE,588,0.0,0.0,0.0,0.0,0.0,0.0,0.0,weak,train_oof,0.12060301142481507
Base_LR_SMOTE,Base,supervised,LR,SMOTE,589,0.0,0.0,0.0,0.0,0.0,0.0,0.0,weak,train_oof,0.12060301142481507
Base_LR_SMOTE,Base,supervised,LR,SMOTE,59,0.0,0.0,0.0,0.0,0.0,0.0,0.0,weak,train_oof,0.12060301142481507
Base_LR_SMOTE,Base,supervised,LR,SMOTE,6,0.0,0.0,0.0,0.0,0.0,0.0,0.0,weak,train_oof,0.12060301142481507
Base_LR_SMOTE,Base,supervised,LR,SMOTE,60,0.0,0.0,0.0,0.0,0.0,0.0,0.0,weak,train_oof,0.12060301142481507
Base_LR_SMOTE,Base,supervised,LR,SMOTE,61,0.0,0.0,0.0,0.0,0.0,0.0,0.0,weak,train_oof,0.12060301142481507
Base_LR_SMOTE,Base,supervised,LR,SMOTE,62,0.0,0.0,0.0,0.0,0.0,0.0,0.0,weak,train_oof,0.12060301142481507
Base_LR_SMOTE,Base,supervised,LR,SMOTE,63,0.0,0.0,0.0,0.0,0.0,0.0,0.0,weak,train_oof,0.12060301142481507
Base_LR_SMOTE,Base,supervised,LR,SMOTE,64,0.0,0.0,0.0,0.0,0.0,0.0,0.0,weak,train_oof,0.12060301142481507
Base_LR_SMOTE,Base,supervised,LR,SMOTE,65,0.0,0.0,0.0,0.0,0.0,0.0,0.0,weak,train_oof,0.12060301142481507
Base_LR_SMOTE,Base,supervised,LR,SMOTE,66,0.0,0.0,0.0,0.0,0.0,0.0,0.0,weak,train_oof,0.12060301142481507
Base_LR_SMOTE,Base,supervised,LR,SMOTE,67,0.0,0.0,0.0,0.0,0.0,0.0,0.0,weak,train_oof,0.12060301142481507
Base_LR_SMOTE,Base,supervised,LR,SMOTE,68,0.0,0.0,0.0,0.0,0.0,0.0,0.0,weak,train_oof,0.12060301142481507
Base_LR_SMOTE,Base,supervised,LR,SMOTE,7,0.0,0.0,0.0,0.0,0.0,0.0,0.0,weak,train_oof,0.12060301142481507
Base_LR_SMOTE,Base,supervised,LR,SMOTE,70,0.0,0.0,0.0,0.0,0.0,0.0,0.0,weak,train_oof,0.12060301142481507
Base_LR_SMOTE,Base,supervised,LR,SMOTE,71,0.0,0.0,0.0,0.0,0.0,0.0,0.0,weak,train_oof,0.12060301142481507
Base_LR_SMOTE,Base,supervised,LR,SMOTE,75,0.0,0.0,0.0,0.0,0.0,0.0,0.0,weak,train_oof,0.12060301142481507
Base_LR_SMOTE,Base,supervised,LR,SMOTE,76,0.0,0.0,0.0,0.0,0.0,0.0,0.0,weak,train_oof,0.12060301142481507
Base_LR_SMOTE,Base,supervised,LR,SMOTE,77,0.0,0.0,0.0,0.0,0.0,0.0,0.0,weak,train_oof,0.12060301142481507
Base_LR_SMOTE,Base,supervised,LR,SMOTE,78,0.0,0.0,0.0,0.0,0.0,0.0,0.0,weak,train_oof,0.12060301142481507
Base_LR_SMOTE,Base,supervised,LR,SMOTE,79,0.0,0.0,0.0,0.0,0.0,0.0,0.0,weak,train_oof,0.12060301142481507
Base_LR_SMOTE,Base,supervised,LR,SMOTE,8,0.0,0.0,0.0,0.0,0.0,0.0,0.0,weak,train_oof,0.12060301142481507
Base_LR_SMOTE,Base,supervised,LR,SMOTE,80,0.0,0.0,0.0,0.0,0.0,0.0,0.0,weak,train_oof,0.12060301142481507
Base_LR_SMOTE,Base,supervised,LR,SMOTE,81,0.0,0.0,0.0,0.0,0.0,0.0,0.0,weak,train_oof,0.12060301142481507
Base_LR_SMOTE,Base,supervised,LR,SMOTE,82,0.0,0.0,0.0,0.0,0.0,0.0,0.0,weak,train_oof,0.12060301142481507
Base_LR_SMOTE,Base,supervised,LR,SMOTE,83,0.0,0.0,0.0,0.0,0.0,0.0,0.0,weak,train_oof,0.12060301142481507
Base_LR_SMOTE,Base,supervised,LR,SMOTE,84,0.0,0.0,0.0,0.0,0.0,0.0,0.0,weak,train_oof,0.12060301142481507
Base_LR_SMOTE,Base,supervised,LR,SMOTE,86,0.0,0.0,0.0,0.0,0.0,0.0,0.0,weak,train_oof,0.12060301142481507
Base_LR_SMOTE,Base,supervised,LR,SMOTE,87,0.0,0.0,0.0,0.0,0.0,0.0,0.0,weak,train_oof,0.12060301142481507
Base_LR_SMOTE,Base,supervised,LR,SMOTE,88,0.0,0.0,0.0,0.0,0.0,0.0,0.0,weak,train_oof,0.12060301142481507
Base_LR_SMOTE,Base,supervised,LR,SMOTE,89,0.0,0.0,0.0,0.0,0.0,0.0,0.0,weak,train_oof,0.12060301142481507
Base_LR_SMOTE,Base,supervised,LR,SMOTE,9,0.0,0.0,0.0,0.0,0.0,0.0,0.0,weak,train_oof,0.12060301142481507
Base_LR_SMOTE,Base,supervised,LR,SMOTE,90,0.0,0.0,0.0,0.0,0.0,0.0,0.0,weak,train_oof,0.12060301142481507
Base_LR_SMOTE,Base,supervised,LR,SMOTE,91,0.0,0.0,0.0,0.0,0.0,0.0,0.0,weak,train_oof,0.12060301142481507
Base_LR_SMOTE,Base,supervised,LR,SMOTE,92,0.0,0.0,0.0,0.0,0.0,0.0,0.0,weak,train_oof,0.12060301142481507
Base_LR_SMOTE,Base,supervised,LR,SMOTE,95,0.0,0.0,0.0,0.0,0.0,0.0,0.0,weak,train_oof,0.12060301142481507
Base_LR_SMOTE,Base,supervised,LR,SMOTE,96,0.0,0.0,0.0,0.0,0.0,0.0,0.0,weak,train_oof,0.12060301142481507
Base_LR_SMOTE,Base,supervised,LR,SMOTE,98,0.0,0.0,0.0,0.0,0.0,0.0,0.0,weak,train_oof,0.12060301142481507
Base_LR_SMOTE,Base,supervised,LR,SMOTE,NA_109,0.0,0.0,0.0,0.0,0.0,0.0,0.0,weak,train_oof,0.12060301142481507
Base_LR_SMOTE,Base,supervised,LR,SMOTE,NA_112,0.0,0.0,0.0,0.0,0.0,0.0,0.0,weak,train_oof,0.12060301142481507
Base_LR_SMOTE,Base,supervised,LR,SMOTE,NA_157,0.0,0.0,0.0,0.0,0.0,0.0,0.0,weak,train_oof,0.12060301142481507
Base_LR_SMOTE,Base,supervised,LR,SMOTE,NA_578,0.0,0.0,0.0,0.0,0.0,0.0,0.0,weak,train_oof,0.12060301142481507
Base_LR_SMOTE,Base,supervised,LR,SMOTE,NA_72,0.0,0.0,0.0,0.0,0.0,0.0,0.0,weak,train_oof,0.12060301142481507
Base_LR_SMOTE,Base,supervised,LR,SMOTE,NA_85,0.0,0.0,0.0,0.0,0.0,0.0,0.0,weak,train_oof,0.12060301142481507
RFEXGB_LR_SMOTE,RFEXGB,supervised,LR,SMOTE,0,0.0,0.0,0.0,0.0,0.0,0.0,0.0,weak,train_oof,0.5483517567913296
RFEXGB_LR_SMOTE,RFEXGB,supervised,LR,SMOTE,100,0.0,0.0,0.0,0.0,0.0,0.0,0.0,weak,train_oof,0.5483517567913296
RFEXGB_LR_SMOTE,RFEXGB,supervised,LR,SMOTE,102,0.0,0.0,0.0,0.0,0.0,0.0,0.0,weak,train_oof,0.5483517567913296
RFEXGB_LR_SMOTE,RFEXGB,supervised,LR,SMOTE,103,0.0,0.0,0.0,0.0,0.0,0.0,0.0,weak,train_oof,0.5483517567913296
RFEXGB_LR_SMOTE,RFEXGB,supervised,LR,SMOTE,107,0.0,0.0,0.0,0.0,0.0,0.0,0.0,weak,train_oof,0.5483517567913296
RFEXGB_LR_SMOTE,RFEXGB,supervised,LR,SMOTE,116,0.0,0.0,0.0,0.0,0.0,0.0,0.0,weak,train_oof,0.5483517567913296
RFEXGB_LR_SMOTE,RFEXGB,supervised,LR,SMOTE,122,0.0,0.0,0.0,0.0,0.0,0.0,0.0,weak,train_oof,0.5483517567913296
RFEXGB_LR_SMOTE,RFEXGB,supervised,LR,SMOTE,124,0.0,0.0,0.0,0.0,0.0,0.0,0.0,weak,train_oof,0.5483517567913296
RFEXGB_LR_SMOTE,RFEXGB,supervised,LR,SMOTE,125,0.0,0.0,0.0,0.0,0.0,0.0,0.0,weak,train_oof,0.5483517567913296
RFEXGB_LR_SMOTE,RFEXGB,supervised,LR,SMOTE,126,0.0,0.0,0.0,0.0,0.0,0.0,0.0,weak,train_oof,0.5483517567913296
RFEXGB_LR_SMOTE,RFEXGB,supervised,LR,SMOTE,129,0.0,0.0,0.0,0.0,0.0,0.0,0.0,weak,train_oof,0.5483517567913296
RFEXGB_LR_SMOTE,RFEXGB,supervised,LR,SMOTE,130,0.0,0.0,0.0,0.0,0.0,0.0,0.0,weak,train_oof,0.5483517567913296
RFEXGB_LR_SMOTE,RFEXGB,supervised,LR,SMOTE,131,0.0,0.0,0.0,0.0,0.0,0.0,0.0,weak,train_oof,0.5483517567913296
RFEXGB_LR_SMOTE,RFEXGB,supervised,LR,SMOTE,132,0.0,0.0,0.0,0.0,0.0,0.0,0.0,weak,train_oof,0.5483517567913296
RFEXGB_LR_SMOTE,RFEXGB,supervised,LR,SMOTE,139,0.0,0.0,0.0,0.0,0.0,0.0,0.0,weak,train_oof,0.5483517567913296
RFEXGB_LR_SMOTE,RFEXGB,supervised,LR,SMOTE,14,0.0,0.0,0.0,0.0,0.0,0.0,0.0,weak,train_oof,0.5483517567913296
RFEXGB_LR_SMOTE,RFEXGB,supervised,LR,SMOTE,144,0.0,0.0,0.0,0.0,0.0,0.0,0.0,weak,train_oof,0.5483517567913296
RFEXGB_LR_SMOTE,RFEXGB,supervised,LR,SMOTE,15,0.0,0.0,0.0,0.0,0.0,0.0,0.0,weak,train_oof,0.5483517567913296
RFEXGB_LR_SMOTE,RFEXGB,supervised,LR,SMOTE,154,0.0,0.0,0.0,0.0,0.0,0.0,0.0,weak,train_oof,0.5483517567913296
RFEXGB_LR_SMOTE,RFEXGB,supervised,LR,SMOTE,156,0.0,0.0,0.0,0.0,0.0,0.0,0.0,weak,train_oof,0.5483517567913296
RFEXGB_LR_SMOTE,RFEXGB,supervised,LR,SMOTE,162,0.0,0.0,0.0,0.0,0.0,0.0,0.0,weak,train_oof,0.5483517567913296
RFEXGB_LR_SMOTE,RFEXGB,supervised,LR,SMOTE,165,0.0,0.0,0.0,0.0,0.0,0.0,0.0,weak,train_oof,0.5483517567913296
RFEXGB_LR_SMOTE,RFEXGB,supervised,LR,SMOTE,173,0.0,0.0,0.0,0.0,0.0,0.0,0.0,weak,train_oof,0.5483517567913296
RFEXGB_LR_SMOTE,RFEXGB,supervised,LR,SMOTE,18,0.0,0.0,0.0,0.0,0.0,0.0,0.0,weak,train_oof,0.5483517567913296
RFEXGB_LR_SMOTE,RFEXGB,supervised,LR,SMOTE,182,0.0,0.0,0.0,0.0,0.0,0.0,0.0,weak,train_oof,0.5483517567913296
RFEXGB_LR_SMOTE,RFEXGB,supervised,LR,SMOTE,183,0.0,0.0,0.0,0.0,0.0,0.0,0.0,weak,train_oof,0.5483517567913296
RFEXGB_LR_SMOTE,RFEXGB,supervised,LR,SMOTE,19,0.0,0.0,0.0,0.0,0.0,0.0,0.0,weak,train_oof,0.5483517567913296
RFEXGB_LR_SMOTE,RFEXGB,supervised,LR,SMOTE,2,0.0,0.0,0.0,0.0,0.0,0.0,0.0,weak,train_oof,0.5483517567913296
RFEXGB_LR_SMOTE,RFEXGB,supervised,LR,SMOTE,200,0.0,0.0,0.0,0.0,0.0,0.0,0.0,weak,train_oof,0.5483517567913296
RFEXGB_LR_SMOTE,RFEXGB,supervised,LR,SMOTE,21,0.0,0.0,0.0,0.0,0.0,0.0,0.0,weak,train_oof,0.5483517567913296
RFEXGB_LR_SMOTE,RFEXGB,supervised,LR,SMOTE,217,0.0,0.0,0.0,0.0,0.0,0.0,0.0,weak,train_oof,0.5483517567913296
RFEXGB_LR_SMOTE,RFEXGB,supervised,LR,SMOTE,227,0.0,0.0,0.0,0.0,0.0,0.0,0.0,weak,train_oof,0.5483517567913296
RFEXGB_LR_SMOTE,RFEXGB,supervised,LR,SMOTE,24,0.0,0.0,0.0,0.0,0.0,0.0,0.0,weak,train_oof,0.5483517567913296
RFEXGB_LR_SMOTE,RFEXGB,supervised,LR,SMOTE,25,0.0,0.0,0.0,0.0,0.0,0.0,0.0,weak,train_oof,0.5483517567913296
RFEXGB_LR_SMOTE,RFEXGB,supervised,LR,SMOTE,252,0.0,0.0,0.0,0.0,0.0,0.0,0.0,weak,train_oof,0.5483517567913296
RFEXGB_LR_SMOTE,RFEXGB,supervised,LR,SMOTE,269,0.0,0.0,0.0,0.0,0.0,0.0,0.0,weak,train_oof,0.5483517567913296
RFEXGB_LR_SMOTE,RFEXGB,supervised,LR,SMOTE,271,0.0,0.0,0.0,0.0,0.0,0.0,0.0,weak,train_oof,0.5483517567913296
RFEXGB_LR_SMOTE,RFEXGB,supervised,LR,SMOTE,275,0.0,0.0,0.0,0.0,0.0,0.0,0.0,weak,train_oof,0.5483517567913296
RFEXGB_LR_SMOTE,RFEXGB,supervised,LR,SMOTE,28,0.0,0.0,0.0,0.0,0.0,0.0,0.0,weak,train_oof,0.5483517567913296
RFEXGB_LR_SMOTE,RFEXGB,supervised,LR,SMOTE,280,0.0,0.0,0.0,0.0,0.0,0.0,0.0,weak,train_oof,0.5483517567913296
RFEXGB_LR_SMOTE,RFEXGB,supervised,LR,SMOTE,281,0.0,0.0,0.0,0.0,0.0,0.0,0.0,weak,train_oof,0.5483517567913296
RFEXGB_LR_SMOTE,RFEXGB,supervised,LR,SMOTE,295,0.0,0.0,0.0,0.0,0.0,0.0,0.0,weak,train_oof,0.5483517567913296
RFEXGB_LR_SMOTE,RFEXGB,supervised,LR,SMOTE,296,0.0,0.0,0.0,0.0,0.0,0.0,0.0,weak,train_oof,0.5483517567913296
RFEXGB_LR_SMOTE,RFEXGB,supervised,LR,SMOTE,30,0.0,0.0,0.0,0.0,0.0,0.0,0.0,weak,train_oof,0.5483517567913296
RFEXGB_LR_SMOTE,RFEXGB,supervised,LR,SMOTE,31,0.0,0.0,0.0,0.0,0.0,0.0,0.0,weak,train_oof,0.5483517567913296
RFEXGB_LR_SMOTE,RFEXGB,supervised,LR,SMOTE,310,0.0,0.0,0.0,0.0,0.0,0.0,0.0,weak,train_oof,0.5483517567913296
RFEXGB_LR_SMOTE,RFEXGB,supervised,LR,SMOTE,316,0.0,0.0,0.0,0.0,0.0,0.0,0.0,weak,train_oof,0.5483517567913296
RFEXGB_LR_SMOTE,RFEXGB,supervised,LR,SMOTE,33,0.0,0.0,0.0,0.0,0.0,0.0,0.0,weak,train_oof,0.5483517567913296
RFEXGB_LR_SMOTE,RFEXGB,supervised,LR,SMOTE,333,0.0,0.0,0.0,0.0,0.0,0.0,0.0,weak,train_oof,0.5483517567913296
RFEXGB_LR_SMOTE,RFEXGB,supervised,LR,SMOTE,334,0.0,0.0,0.0,0.0,0.0,0.0,0.0,weak,train_oof,0.5483517567913296
RFEXGB_LR_SMOTE,RFEXGB,supervised,LR,SMOTE,337,0.0,0.0,0.0,0.0,0.0,0.0,0.0,weak,train_oof,0.5483517567913296
RFEXGB_LR_SMOTE,RFEXGB,supervised,LR,SMOTE,338,0.0,0.0,0.0,0.0,0.0,0.0,0.0,weak,train_oof,0.5483517567913296
RFEXGB_LR_SMOTE,RFEXGB,supervised,LR,SMOTE,344,0.0,0.0,0.0,0.0,0.0,0.0,0.0,weak,train_oof,0.5483517567913296
RFEXGB_LR_SMOTE,RFEXGB,supervised,LR,SMOTE,348,0.0,0.0,0.0,0.0,0.0,0.0,0.0,weak,train_oof,0.5483517567913296
RFEXGB_LR_SMOTE,RFEXGB,supervised,LR,SMOTE,349,0.0,0.0,0.0,0.0,0.0,0.0,0.0,weak,train_oof,0.5483517567913296
RFEXGB_LR_SMOTE,RFEXGB,supervised,LR,SMOTE,353,0.0,0.0,0.0,0.0,0.0,0.0,0.0,weak,train_oof,0.5483517567913296
RFEXGB_LR_SMOTE,RFEXGB,supervised,LR,SMOTE,354,0.0,0.0,0.0,0.0,0.0,0.0,0.0,weak,train_oof,0.5483517567913296
RFEXGB_LR_SMOTE,RFEXGB,supervised,LR,SMOTE,37,0.0,0.0,0.0,0.0,0.0,0.0,0.0,weak,train_oof,0.5483517567913296
RFEXGB_LR_SMOTE,RFEXGB,supervised,LR,SMOTE,377,0.0,0.0,0.0,0.0,0.0,0.0,0.0,weak,train_oof,0.5483517567913296
RFEXGB_LR_SMOTE,RFEXGB,supervised,LR,SMOTE,39,0.0,0.0,0.0,0.0,0.0,0.0,0.0,weak,train_oof,0.5483517567913296
RFEXGB_LR_SMOTE,RFEXGB,supervised,LR,SMOTE,405,0.0,0.0,0.0,0.0,0.0,0.0,0.0,weak,train_oof,0.5483517567913296
RFEXGB_LR_SMOTE,RFEXGB,supervised,LR,SMOTE,406,0.0,0.0,0.0,0.0,0.0,0.0,0.0,weak,train_oof,0.5483517567913296
RFEXGB_LR_SMOTE,RFEXGB,supervised,LR,SMOTE,412,0.0,0.0,0.0,0.0,0.0,0.0,0.0,weak,train_oof,0.5483517567913296
RFEXGB_LR_SMOTE,RFEXGB,supervised,LR,SMOTE,416,0.0,0.0,0.0,0.0,0.0,0.0,0.0,weak,train_oof,0.5483517567913296
RFEXGB_LR_SMOTE,RFEXGB,supervised,LR,SMOTE,419,0.0,0.0,0.0,0.0,0.0,0.0,0.0,weak,train_oof,0.5483517567913296
RFEXGB_LR_SMOTE,RFEXGB,supervised,LR,SMOTE,423,0.0,0.0,0.0,0.0,0.0,0.0,0.0,weak,train_oof,0.5483517567913296
RFEXGB_LR_SMOTE,RFEXGB,supervised,LR,SMOTE,428,0.0,0.0,0.0,0.0,0.0,0.0,0.0,weak,train_oof,0.5483517567913296
RFEXGB_LR_SMOTE,RFEXGB,supervised,LR,SMOTE,433,0.0,0.0,0.0,0.0,0.0,0.0,0.0,weak,train_oof,0.5483517567913296
RFEXGB_LR_SMOTE,RFEXGB,supervised,LR,SMOTE,460,0.0,0.0,0.0,0.0,0.0,0.0,0.0,weak,train_oof,0.5483517567913296
RFEXGB_LR_SMOTE,RFEXGB,supervised,LR,SMOTE,471,0.0,0.0,0.0,0.0,0.0,0.0,0.0,weak,train_oof,0.5483517567913296
RFEXGB_LR_SMOTE,RFEXGB,supervised,LR,SMOTE,477,0.0,0.0,0.0,0.0,0.0,0.0,0.0,weak,train_oof,0.5483517567913296
RFEXGB_LR_SMOTE,RFEXGB,supervised,LR,SMOTE,480,0.0,0.0,0.0,0.0,0.0,0.0,0.0,weak,train_oof,0.5483517567913296
RFEXGB_LR_SMOTE,RFEXGB,supervised,LR,SMOTE,484,0.0,0.0,0.0,0.0,0.0,0.0,0.0,weak,train_oof,0.5483517567913296
RFEXGB_LR_SMOTE,RFEXGB,supervised,LR,SMOTE,486,0.0,0.0,0.0,0.0,0.0,0.0,0.0,weak,train_oof,0.5483517567913296
RFEXGB_LR_SMOTE,RFEXGB,supervised,LR,SMOTE,488,0.0,0.0,0.0,0.0,0.0,0.0,0.0,weak,train_oof,0.5483517567913296
RFEXGB_LR_SMOTE,RFEXGB,supervised,LR,SMOTE,489,0.0,0.0,0.0,0.0,0.0,0.0,0.0,weak,train_oof,0.5483517567913296
RFEXGB_LR_SMOTE,RFEXGB,supervised,LR,SMOTE,51,0.0,0.0,0.0,0.0,0.0,0.0,0.0,weak,train_oof,0.5483517567913296
RFEXGB_LR_SMOTE,RFEXGB,supervised,LR,SMOTE,510,0.0,0.0,0.0,0.0,0.0,0.0,0.0,weak,train_oof,0.5483517567913296
RFEXGB_LR_SMOTE,RFEXGB,supervised,LR,SMOTE,511,0.0,0.0,0.0,0.0,0.0,0.0,0.0,weak,train_oof,0.5483517567913296
RFEXGB_LR_SMOTE,RFEXGB,supervised,LR,SMOTE,545,0.0,0.0,0.0,0.0,0.0,0.0,0.0,weak,train_oof,0.5483517567913296
RFEXGB_LR_SMOTE,RFEXGB,supervised,LR,SMOTE,547,0.0,0.0,0.0,0.0,0.0,0.0,0.0,weak,train_oof,0.5483517567913296
RFEXGB_LR_SMOTE,RFEXGB,supervised,LR,SMOTE,55,0.0,0.0,0.0,0.0,0.0,0.0,0.0,weak,train_oof,0.5483517567913296
RFEXGB_LR_SMOTE,RFEXGB,supervised,LR,SMOTE,551,0.0,0.0,0.0,0.0,0.0,0.0,0.0,weak,train_oof,0.5483517567913296
RFEXGB_LR_SMOTE,RFEXGB,supervised,LR,SMOTE,553,0.0,0.0,0.0,0.0,0.0,0.0,0.0,weak,train_oof,0.5483517567913296
RFEXGB_LR_SMOTE,RFEXGB,supervised,LR,SMOTE,56,0.0,0.0,0.0,0.0,0.0,0.0,0.0,weak,train_oof,0.5483517567913296
RFEXGB_LR_SMOTE,RFEXGB,supervised,LR,SMOTE,561,0.0,0.0,0.0,0.0,0.0,0.0,0.0,weak,train_oof,0.5483517567913296
RFEXGB_LR_SMOTE,RFEXGB,supervised,LR,SMOTE,563,0.0,0.0,0.0,0.0,0.0,0.0,0.0,weak,train_oof,0.5483517567913296
RFEXGB_LR_SMOTE,RFEXGB,supervised,LR,SMOTE,566,0.0,0.0,0.0,0.0,0.0,0.0,0.0,weak,train_oof,0.5483517567913296
RFEXGB_LR_SMOTE,RFEXGB,supervised,LR,SMOTE,574,0.0,0.0,0.0,0.0,0.0,0.0,0.0,weak,train_oof,0.5483517567913296
RFEXGB_LR_SMOTE,RFEXGB,supervised,LR,SMOTE,58,0.0,0.0,0.0,0.0,0.0,0.0,0.0,weak,train_oof,0.5483517567913296
RFEXGB_LR_SMOTE,RFEXGB,supervised,LR,SMOTE,582,0.0,0.0,0.0,0.0,0.0,0.0,0.0,weak,train_oof,0.5483517567913296
RFEXGB_LR_SMOTE,RFEXGB,supervised,LR,SMOTE,586,0.0,0.0,0.0,0.0,0.0,0.0,0.0,weak,train_oof,0.5483517567913296
RFEXGB_LR_SMOTE,RFEXGB,supervised,LR,SMOTE,588,0.0,0.0,0.0,0.0,0.0,0.0,0.0,weak,train_oof,0.5483517567913296
RFEXGB_LR_SMOTE,RFEXGB,supervised,LR,SMOTE,589,0.0,0.0,0.0,0.0,0.0,0.0,0.0,weak,train_oof,0.5483517567913296
RFEXGB_LR_SMOTE,RFEXGB,supervised,LR,SMOTE,59,0.0,0.0,0.0,0.0,0.0,0.0,0.0,weak,train_oof,0.5483517567913296
RFEXGB_LR_SMOTE,RFEXGB,supervised,LR,SMOTE,63,0.0,0.0,0.0,0.0,0.0,0.0,0.0,weak,train_oof,0.5483517567913296
RFEXGB_LR_SMOTE,RFEXGB,supervised,LR,SMOTE,64,0.0,0.0,0.0,0.0,0.0,0.0,0.0,weak,train_oof,0.5483517567913296
RFEXGB_LR_SMOTE,RFEXGB,supervised,LR,SMOTE,67,0.0,0.0,0.0,0.0,0.0,0.0,0.0,weak,train_oof,0.5483517567913296
RFEXGB_LR_SMOTE,RFEXGB,supervised,LR,SMOTE,68,0.0,0.0,0.0,0.0,0.0,0.0,0.0,weak,train_oof,0.5483517567913296
RFEXGB_LR_SMOTE,RFEXGB,supervised,LR,SMOTE,71,0.0,0.0,0.0,0.0,0.0,0.0,0.0,weak,train_oof,0.5483517567913296
RFEXGB_LR_SMOTE,RFEXGB,supervised,LR,SMOTE,75,0.0,0.0,0.0,0.0,0.0,0.0,0.0,weak,train_oof,0.5483517567913296
RFEXGB_LR_SMOTE,RFEXGB,supervised,LR,SMOTE,77,0.0,0.0,0.0,0.0,0.0,0.0,0.0,weak,train_oof,0.5483517567913296
RFEXGB_LR_SMOTE,RFEXGB,supervised,LR,SMOTE,79,0.0,0.0,0.0,0.0,0.0,0.0,0.0,weak,train_oof,0.5483517567913296
RFEXGB_LR_SMOTE,RFEXGB,supervised,LR,SMOTE,8,0.0,0.0,0.0,0.0,0.0,0.0,0.0,weak,train_oof,0.5483517567913296
RFEXGB_LR_SMOTE,RFEXGB,supervised,LR,SMOTE,81,0.0,0.0,0.0,0.0,0.0,0.0,0.0,weak,train_oof,0.5483517567913296
RFEXGB_LR_SMOTE,RFEXGB,supervised,LR,SMOTE,84,0.0,0.0,0.0,0.0,0.0,0.0,0.0,weak,train_oof,0.5483517567913296
RFEXGB_LR_SMOTE,RFEXGB,supervised,LR,SMOTE,88,0.0,0.0,0.0,0.0,0.0,0.0,0.0,weak,train_oof,0.5483517567913296
RFEXGB_LR_SMOTE,RFEXGB,supervised,LR,SMOTE,9,0.0,0.0,0.0,0.0,0.0,0.0,0.0,weak,train_oof,0.5483517567913296
RFEXGB_LR_SMOTE,RFEXGB,supervised,LR,SMOTE,90,0.0,0.0,0.0,0.0,0.0,0.0,0.0,weak,train_oof,0.5483517567913296
RFEXGB_LR_SMOTE,RFEXGB,supervised,LR,SMOTE,91,0.0,0.0,0.0,0.0,0.0,0.0,0.0,weak,train_oof,0.5483517567913296
RFEXGB_LR_SMOTE,RFEXGB,supervised,LR,SMOTE,92,0.0,0.0,0.0,0.0,0.0,0.0,0.0,weak,train_oof,0.5483517567913296
RFEXGB_LR_SMOTE,RFEXGB,supervised,LR,SMOTE,98,0.0,0.0,0.0,0.0,0.0,0.0,0.0,weak,train_oof,0.5483517567913296
RFEXGB_LR_NoResample,RFEXGB,supervised,LR,NoResample,0,0.0,0.0,0.0,0.0,0.0,0.0,0.0,weak,train_oof,0.1905491962006118
RFEXGB_LR_NoResample,RFEXGB,supervised,LR,NoResample,100,0.0,0.0,0.0,0.0,0.0,0.0,0.0,weak,train_oof,0.1905491962006118
RFEXGB_LR_NoResample,RFEXGB,supervised,LR,NoResample,102,0.0,0.0,0.0,0.0,0.0,0.0,0.0,weak,train_oof,0.1905491962006118
RFEXGB_LR_NoResample,RFEXGB,supervised,LR,NoResample,103,0.0,0.0,0.0,0.0,0.0,0.0,0.0,weak,train_oof,0.1905491962006118
RFEXGB_LR_NoResample,RFEXGB,supervised,LR,NoResample,107,0.0,0.0,0.0,0.0,0.0,0.0,0.0,weak,train_oof,0.1905491962006118
RFEXGB_LR_NoResample,RFEXGB,supervised,LR,NoResample,116,0.0,0.0,0.0,0.0,0.0,0.0,0.0,weak,train_oof,0.1905491962006118
RFEXGB_LR_NoResample,RFEXGB,supervised,LR,NoResample,122,0.0,0.0,0.0,0.0,0.0,0.0,0.0,weak,train_oof,0.1905491962006118
RFEXGB_LR_NoResample,RFEXGB,supervised,LR,NoResample,124,0.0,0.0,0.0,0.0,0.0,0.0,0.0,weak,train_oof,0.1905491962006118
RFEXGB_LR_NoResample,RFEXGB,supervised,LR,NoResample,125,0.0,0.0,0.0,0.0,0.0,0.0,0.0,weak,train_oof,0.1905491962006118
RFEXGB_LR_NoResample,RFEXGB,supervised,LR,NoResample,126,0.0,0.0,0.0,0.0,0.0,0.0,0.0,weak,train_oof,0.1905491962006118
RFEXGB_LR_NoResample,RFEXGB,supervised,LR,NoResample,129,0.0,0.0,0.0,0.0,0.0,0.0,0.0,weak,train_oof,0.1905491962006118
RFEXGB_LR_NoResample,RFEXGB,supervised,LR,NoResample,130,0.0,0.0,0.0,0.0,0.0,0.0,0.0,weak,train_oof,0.1905491962006118
RFEXGB_LR_NoResample,RFEXGB,supervised,LR,NoResample,131,0.0,0.0,0.0,0.0,0.0,0.0,0.0,weak,train_oof,0.1905491962006118
RFEXGB_LR_NoResample,RFEXGB,supervised,LR,NoResample,132,0.0,0.0,0.0,0.0,0.0,0.0,0.0,weak,train_oof,0.1905491962006118
RFEXGB_LR_NoResample,RFEXGB,supervised,LR,NoResample,139,0.0,0.0,0.0,0.0,0.0,0.0,0.0,weak,train_oof,0.1905491962006118
RFEXGB_LR_NoResample,RFEXGB,supervised,LR,NoResample,14,0.0,0.0,0.0,0.0,0.0,0.0,0.0,weak,train_oof,0.1905491962006118
RFEXGB_LR_NoResample,RFEXGB,supervised,LR,NoResample,144,0.0,0.0,0.0,0.0,0.0,0.0,0.0,weak,train_oof,0.1905491962006118
RFEXGB_LR_NoResample,RFEXGB,supervised,LR,NoResample,15,0.0,0.0,0.0,0.0,0.0,0.0,0.0,weak,train_oof,0.1905491962006118
RFEXGB_LR_NoResample,RFEXGB,supervised,LR,NoResample,154,0.0,0.0,0.0,0.0,0.0,0.0,0.0,weak,train_oof,0.1905491962006118
RFEXGB_LR_NoResample,RFEXGB,supervised,LR,NoResample,156,0.0,0.0,0.0,0.0,0.0,0.0,0.0,weak,train_oof,0.1905491962006118
RFEXGB_LR_NoResample,RFEXGB,supervised,LR,NoResample,162,0.0,0.0,0.0,0.0,0.0,0.0,0.0,weak,train_oof,0.1905491962006118
RFEXGB_LR_NoResample,RFEXGB,supervised,LR,NoResample,165,0.0,0.0,0.0,0.0,0.0,0.0,0.0,weak,train_oof,0.1905491962006118
RFEXGB_LR_NoResample,RFEXGB,supervised,LR,NoResample,173,0.0,0.0,0.0,0.0,0.0,0.0,0.0,weak,train_oof,0.1905491962006118
RFEXGB_LR_NoResample,RFEXGB,supervised,LR,NoResample,18,0.0,0.0,0.0,0.0,0.0,0.0,0.0,weak,train_oof,0.1905491962006118
RFEXGB_LR_NoResample,RFEXGB,supervised,LR,NoResample,182,0.0,0.0,0.0,0.0,0.0,0.0,0.0,weak,train_oof,0.1905491962006118
RFEXGB_LR_NoResample,RFEXGB,supervised,LR,NoResample,183,0.0,0.0,0.0,0.0,0.0,0.0,0.0,weak,train_oof,0.1905491962006118
RFEXGB_LR_NoResample,RFEXGB,supervised,LR,NoResample,19,0.0,0.0,0.0,0.0,0.0,0.0,0.0,weak,train_oof,0.1905491962006118
RFEXGB_LR_NoResample,RFEXGB,supervised,LR,NoResample,2,0.0,0.0,0.0,0.0,0.0,0.0,0.0,weak,train_oof,0.1905491962006118
RFEXGB_LR_NoResample,RFEXGB,supervised,LR,NoResample,200,0.0,0.0,0.0,0.0,0.0,0.0,0.0,weak,train_oof,0.1905491962006118
RFEXGB_LR_NoResample,RFEXGB,supervised,LR,NoResample,21,0.0,0.0,0.0,0.0,0.0,0.0,0.0,weak,train_oof,0.1905491962006118
RFEXGB_LR_NoResample,RFEXGB,supervised,LR,NoResample,217,0.0,0.0,0.0,0.0,0.0,0.0,0.0,weak,train_oof,0.1905491962006118
RFEXGB_LR_NoResample,RFEXGB,supervised,LR,NoResample,227,0.0,0.0,0.0,0.0,0.0,0.0,0.0,weak,train_oof,0.1905491962006118
RFEXGB_LR_NoResample,RFEXGB,supervised,LR,NoResample,24,0.0,0.0,0.0,0.0,0.0,0.0,0.0,weak,train_oof,0.1905491962006118
RFEXGB_LR_NoResample,RFEXGB,supervised,LR,NoResample,25,0.0,0.0,0.0,0.0,0.0,0.0,0.0,weak,train_oof,0.1905491962006118
RFEXGB_LR_NoResample,RFEXGB,supervised,LR,NoResample,252,0.0,0.0,0.0,0.0,0.0,0.0,0.0,weak,train_oof,0.1905491962006118
RFEXGB_LR_NoResample,RFEXGB,supervised,LR,NoResample,269,0.0,0.0,0.0,0.0,0.0,0.0,0.0,weak,train_oof,0.1905491962006118
RFEXGB_LR_NoResample,RFEXGB,supervised,LR,NoResample,271,0.0,0.0,0.0,0.0,0.0,0.0,0.0,weak,train_oof,0.1905491962006118
RFEXGB_LR_NoResample,RFEXGB,supervised,LR,NoResample,275,0.0,0.0,0.0,0.0,0.0,0.0,0.0,weak,train_oof,0.1905491962006118
RFEXGB_LR_NoResample,RFEXGB,supervised,LR,NoResample,28,0.0,0.0,0.0,0.0,0.0,0.0,0.0,weak,train_oof,0.1905491962006118
RFEXGB_LR_NoResample,RFEXGB,supervised,LR,NoResample,280,0.0,0.0,0.0,0.0,0.0,0.0,0.0,weak,train_oof,0.1905491962006118
RFEXGB_LR_NoResample,RFEXGB,supervised,LR,NoResample,281,0.0,0.0,0.0,0.0,0.0,0.0,0.0,weak,train_oof,0.1905491962006118
RFEXGB_LR_NoResample,RFEXGB,supervised,LR,NoResample,295,0.0,0.0,0.0,0.0,0.0,0.0,0.0,weak,train_oof,0.1905491962006118
RFEXGB_LR_NoResample,RFEXGB,supervised,LR,NoResample,296,0.0,0.0,0.0,0.0,0.0,0.0,0.0,weak,train_oof,0.1905491962006118
RFEXGB_LR_NoResample,RFEXGB,supervised,LR,NoResample,30,0.0,0.0,0.0,0.0,0.0,0.0,0.0,weak,train_oof,0.1905491962006118
RFEXGB_LR_NoResample,RFEXGB,supervised,LR,NoResample,31,0.0,0.0,0.0,0.0,0.0,0.0,0.0,weak,train_oof,0.1905491962006118
RFEXGB_LR_NoResample,RFEXGB,supervised,LR,NoResample,310,0.0,0.0,0.0,0.0,0.0,0.0,0.0,weak,train_oof,0.1905491962006118
RFEXGB_LR_NoResample,RFEXGB,supervised,LR,NoResample,316,0.0,0.0,0.0,0.0,0.0,0.0,0.0,weak,train_oof,0.1905491962006118
RFEXGB_LR_NoResample,RFEXGB,supervised,LR,NoResample,33,0.0,0.0,0.0,0.0,0.0,0.0,0.0,weak,train_oof,0.1905491962006118
RFEXGB_LR_NoResample,RFEXGB,supervised,LR,NoResample,333,0.0,0.0,0.0,0.0,0.0,0.0,0.0,weak,train_oof,0.1905491962006118
RFEXGB_LR_NoResample,RFEXGB,supervised,LR,NoResample,334,0.0,0.0,0.0,0.0,0.0,0.0,0.0,weak,train_oof,0.1905491962006118
RFEXGB_LR_NoResample,RFEXGB,supervised,LR,NoResample,337,0.0,0.0,0.0,0.0,0.0,0.0,0.0,weak,train_oof,0.1905491962006118
RFEXGB_LR_NoResample,RFEXGB,supervised,LR,NoResample,338,0.0,0.0,0.0,0.0,0.0,0.0,0.0,weak,train_oof,0.1905491962006118
RFEXGB_LR_NoResample,RFEXGB,supervised,LR,NoResample,344,0.0,0.0,0.0,0.0,0.0,0.0,0.0,weak,train_oof,0.1905491962006118
RFEXGB_LR_NoResample,RFEXGB,supervised,LR,NoResample,348,0.0,0.0,0.0,0.0,0.0,0.0,0.0,weak,train_oof,0.1905491962006118
RFEXGB_LR_NoResample,RFEXGB,supervised,LR,NoResample,349,0.0,0.0,0.0,0.0,0.0,0.0,0.0,weak,train_oof,0.1905491962006118
RFEXGB_LR_NoResample,RFEXGB,supervised,LR,NoResample,353,0.0,0.0,0.0,0.0,0.0,0.0,0.0,weak,train_oof,0.1905491962006118
RFEXGB_LR_NoResample,RFEXGB,supervised,LR,NoResample,354,0.0,0.0,0.0,0.0,0.0,0.0,0.0,weak,train_oof,0.1905491962006118
RFEXGB_LR_NoResample,RFEXGB,supervised,LR,NoResample,37,0.0,0.0,0.0,0.0,0.0,0.0,0.0,weak,train_oof,0.1905491962006118
RFEXGB_LR_NoResample,RFEXGB,supervised,LR,NoResample,377,0.0,0.0,0.0,0.0,0.0,0.0,0.0,weak,train_oof,0.1905491962006118
RFEXGB_LR_NoResample,RFEXGB,supervised,LR,NoResample,39,0.0,0.0,0.0,0.0,0.0,0.0,0.0,weak,train_oof,0.1905491962006118
RFEXGB_LR_NoResample,RFEXGB,supervised,LR,NoResample,405,0.0,0.0,0.0,0.0,0.0,0.0,0.0,weak,train_oof,0.1905491962006118
RFEXGB_LR_NoResample,RFEXGB,supervised,LR,NoResample,406,0.0,0.0,0.0,0.0,0.0,0.0,0.0,weak,train_oof,0.1905491962006118
RFEXGB_LR_NoResample,RFEXGB,supervised,LR,NoResample,412,0.0,0.0,0.0,0.0,0.0,0.0,0.0,weak,train_oof,0.1905491962006118
RFEXGB_LR_NoResample,RFEXGB,supervised,LR,NoResample,416,0.0,0.0,0.0,0.0,0.0,0.0,0.0,weak,train_oof,0.1905491962006118
RFEXGB_LR_NoResample,RFEXGB,supervised,LR,NoResample,419,0.0,0.0,0.0,0.0,0.0,0.0,0.0,weak,train_oof,0.1905491962006118
RFEXGB_LR_NoResample,RFEXGB,supervised,LR,NoResample,423,0.0,0.0,0.0,0.0,0.0,0.0,0.0,weak,train_oof,0.1905491962006118
RFEXGB_LR_NoResample,RFEXGB,supervised,LR,NoResample,428,0.0,0.0,0.0,0.0,0.0,0.0,0.0,weak,train_oof,0.1905491962006118
RFEXGB_LR_NoResample,RFEXGB,supervised,LR,NoResample,433,0.0,0.0,0.0,0.0,0.0,0.0,0.0,weak,train_oof,0.1905491962006118
RFEXGB_LR_NoResample,RFEXGB,supervised,LR,NoResample,460,0.0,0.0,0.0,0.0,0.0,0.0,0.0,weak,train_oof,0.1905491962006118
RFEXGB_LR_NoResample,RFEXGB,supervised,LR,NoResample,471,0.0,0.0,0.0,0.0,0.0,0.0,0.0,weak,train_oof,0.1905491962006118
RFEXGB_LR_NoResample,RFEXGB,supervised,LR,NoResample,477,0.0,0.0,0.0,0.0,0.0,0.0,0.0,weak,train_oof,0.1905491962006118
RFEXGB_LR_NoResample,RFEXGB,supervised,LR,NoResample,480,0.0,0.0,0.0,0.0,0.0,0.0,0.0,weak,train_oof,0.1905491962006118
RFEXGB_LR_NoResample,RFEXGB,supervised,LR,NoResample,484,0.0,0.0,0.0,0.0,0.0,0.0,0.0,weak,train_oof,0.1905491962006118
RFEXGB_LR_NoResample,RFEXGB,supervised,LR,NoResample,486,0.0,0.0,0.0,0.0,0.0,0.0,0.0,weak,train_oof,0.1905491962006118
RFEXGB_LR_NoResample,RFEXGB,supervised,LR,NoResample,488,0.0,0.0,0.0,0.0,0.0,0.0,0.0,weak,train_oof,0.1905491962006118
RFEXGB_LR_NoResample,RFEXGB,supervised,LR,NoResample,489,0.0,0.0,0.0,0.0,0.0,0.0,0.0,weak,train_oof,0.1905491962006118
RFEXGB_LR_NoResample,RFEXGB,supervised,LR,NoResample,51,0.0,0.0,0.0,0.0,0.0,0.0,0.0,weak,train_oof,0.1905491962006118
RFEXGB_LR_NoResample,RFEXGB,supervised,LR,NoResample,510,0.0,0.0,0.0,0.0,0.0,0.0,0.0,weak,train_oof,0.1905491962006118
RFEXGB_LR_NoResample,RFEXGB,supervised,LR,NoResample,511,0.0,0.0,0.0,0.0,0.0,0.0,0.0,weak,train_oof,0.1905491962006118
RFEXGB_LR_NoResample,RFEXGB,supervised,LR,NoResample,545,0.0,0.0,0.0,0.0,0.0,0.0,0.0,weak,train_oof,0.1905491962006118
RFEXGB_LR_NoResample,RFEXGB,supervised,LR,NoResample,547,0.0,0.0,0.0,0.0,0.0,0.0,0.0,weak,train_oof,0.1905491962006118
RFEXGB_LR_NoResample,RFEXGB,supervised,LR,NoResample,55,0.0,0.0,0.0,0.0,0.0,0.0,0.0,weak,train_oof,0.1905491962006118
RFEXGB_LR_NoResample,RFEXGB,supervised,LR,NoResample,551,0.0,0.0,0.0,0.0,0.0,0.0,0.0,weak,train_oof,0.1905491962006118
RFEXGB_LR_NoResample,RFEXGB,supervised,LR,NoResample,553,0.0,0.0,0.0,0.0,0.0,0.0,0.0,weak,train_oof,0.1905491962006118
RFEXGB_LR_NoResample,RFEXGB,supervised,LR,NoResample,56,0.0,0.0,0.0,0.0,0.0,0.0,0.0,weak,train_oof,0.1905491962006118
RFEXGB_LR_NoResample,RFEXGB,supervised,LR,NoResample,561,0.0,0.0,0.0,0.0,0.0,0.0,0.0,weak,train_oof,0.1905491962006118
RFEXGB_LR_NoResample,RFEXGB,supervised,LR,NoResample,563,0.0,0.0,0.0,0.0,0.0,0.0,0.0,weak,train_oof,0.1905491962006118
RFEXGB_LR_NoResample,RFEXGB,supervised,LR,NoResample,566,0.0,0.0,0.0,0.0,0.0,0.0,0.0,weak,train_oof,0.1905491962006118
RFEXGB_LR_NoResample,RFEXGB,supervised,LR,NoResample,574,0.0,0.0,0.0,0.0,0.0,0.0,0.0,weak,train_oof,0.1905491962006118
RFEXGB_LR_NoResample,RFEXGB,supervised,LR,NoResample,58,0.0,0.0,0.0,0.0,0.0,0.0,0.0,weak,train_oof,0.1905491962006118
RFEXGB_LR_NoResample,RFEXGB,supervised,LR,NoResample,582,0.0,0.0,0.0,0.0,0.0,0.0,0.0,weak,train_oof,0.1905491962006118
RFEXGB_LR_NoResample,RFEXGB,supervised,LR,NoResample,586,0.0,0.0,0.0,0.0,0.0,0.0,0.0,weak,train_oof,0.1905491962006118
RFEXGB_LR_NoResample,RFEXGB,supervised,LR,NoResample,588,0.0,0.0,0.0,0.0,0.0,0.0,0.0,weak,train_oof,0.1905491962006118
RFEXGB_LR_NoResample,RFEXGB,supervised,LR,NoResample,589,0.0,0.0,0.0,0.0,0.0,0.0,0.0,weak,train_oof,0.1905491962006118
RFEXGB_LR_NoResample,RFEXGB,supervised,LR,NoResample,59,0.0,0.0,0.0,0.0,0.0,0.0,0.0,weak,train_oof,0.1905491962006118
RFEXGB_LR_NoResample,RFEXGB,supervised,LR,NoResample,63,0.0,0.0,0.0,0.0,0.0,0.0,0.0,weak,train_oof,0.1905491962006118
RFEXGB_LR_NoResample,RFEXGB,supervised,LR,NoResample,64,0.0,0.0,0.0,0.0,0.0,0.0,0.0,weak,train_oof,0.1905491962006118
RFEXGB_LR_NoResample,RFEXGB,supervised,LR,NoResample,67,0.0,0.0,0.0,0.0,0.0,0.0,0.0,weak,train_oof,0.1905491962006118
RFEXGB_LR_NoResample,RFEXGB,supervised,LR,NoResample,68,0.0,0.0,0.0,0.0,0.0,0.0,0.0,weak,train_oof,0.1905491962006118
RFEXGB_LR_NoResample,RFEXGB,supervised,LR,NoResample,71,0.0,0.0,0.0,0.0,0.0,0.0,0.0,weak,train_oof,0.1905491962006118
RFEXGB_LR_NoResample,RFEXGB,supervised,LR,NoResample,75,0.0,0.0,0.0,0.0,0.0,0.0,0.0,weak,train_oof,0.1905491962006118
RFEXGB_LR_NoResample,RFEXGB,supervised,LR,NoResample,77,0.0,0.0,0.0,0.0,0.0,0.0,0.0,weak,train_oof,0.1905491962006118
RFEXGB_LR_NoResample,RFEXGB,supervised,LR,NoResample,79,0.0,0.0,0.0,0.0,0.0,0.0,0.0,weak,train_oof,0.1905491962006118
RFEXGB_LR_NoResample,RFEXGB,supervised,LR,NoResample,8,0.0,0.0,0.0,0.0,0.0,0.0,0.0,weak,train_oof,0.1905491962006118
RFEXGB_LR_NoResample,RFEXGB,supervised,LR,NoResample,81,0.0,0.0,0.0,0.0,0.0,0.0,0.0,weak,train_oof,0.1905491962006118
RFEXGB_LR_NoResample,RFEXGB,supervised,LR,NoResample,84,0.0,0.0,0.0,0.0,0.0,0.0,0.0,weak,train_oof,0.1905491962006118
RFEXGB_LR_NoResample,RFEXGB,supervised,LR,NoResample,88,0.0,0.0,0.0,0.0,0.0,0.0,0.0,weak,train_oof,0.1905491962006118
RFEXGB_LR_NoResample,RFEXGB,supervised,LR,NoResample,9,0.0,0.0,0.0,0.0,0.0,0.0,0.0,weak,train_oof,0.1905491962006118
RFEXGB_LR_NoResample,RFEXGB,supervised,LR,NoResample,90,0.0,0.0,0.0,0.0,0.0,0.0,0.0,weak,train_oof,0.1905491962006118
RFEXGB_LR_NoResample,RFEXGB,supervised,LR,NoResample,91,0.0,0.0,0.0,0.0,0.0,0.0,0.0,weak,train_oof,0.1905491962006118
RFEXGB_LR_NoResample,RFEXGB,supervised,LR,NoResample,92,0.0,0.0,0.0,0.0,0.0,0.0,0.0,weak,train_oof,0.1905491962006118
RFEXGB_LR_NoResample,RFEXGB,supervised,LR,NoResample,98,0.0,0.0,0.0,0.0,0.0,0.0,0.0,weak,train_oof,0.1905491962006118
RFERF_LR_SMOTE,RFERF,supervised,LR,SMOTE,0,0.0,0.0,0.0,0.0,0.0,0.0,0.0,weak,train_oof,0.2526011564304778
RFERF_LR_SMOTE,RFERF,supervised,LR,SMOTE,102,0.0,0.0,0.0,0.0,0.0,0.0,0.0,weak,train_oof,0.2526011564304778
RFERF_LR_SMOTE,RFERF,supervised,LR,SMOTE,103,0.0,0.0,0.0,0.0,0.0,0.0,0.0,weak,train_oof,0.2526011564304778
RFERF_LR_SMOTE,RFERF,supervised,LR,SMOTE,107,0.0,0.0,0.0,0.0,0.0,0.0,0.0,weak,train_oof,0.2526011564304778
RFERF_LR_SMOTE,RFERF,supervised,LR,SMOTE,115,0.0,0.0,0.0,0.0,0.0,0.0,0.0,weak,train_oof,0.2526011564304778
RFERF_LR_SMOTE,RFERF,supervised,LR,SMOTE,122,0.0,0.0,0.0,0.0,0.0,0.0,0.0,weak,train_oof,0.2526011564304778
RFERF_LR_SMOTE,RFERF,supervised,LR,SMOTE,124,0.0,0.0,0.0,0.0,0.0,0.0,0.0,weak,train_oof,0.2526011564304778
RFERF_LR_SMOTE,RFERF,supervised,LR,SMOTE,125,0.0,0.0,0.0,0.0,0.0,0.0,0.0,weak,train_oof,0.2526011564304778
RFERF_LR_SMOTE,RFERF,supervised,LR,SMOTE,126,0.0,0.0,0.0,0.0,0.0,0.0,0.0,weak,train_oof,0.2526011564304778
RFERF_LR_SMOTE,RFERF,supervised,LR,SMOTE,129,0.0,0.0,0.0,0.0,0.0,0.0,0.0,weak,train_oof,0.2526011564304778
RFERF_LR_SMOTE,RFERF,supervised,LR,SMOTE,130,0.0,0.0,0.0,0.0,0.0,0.0,0.0,weak,train_oof,0.2526011564304778
RFERF_LR_SMOTE,RFERF,supervised,LR,SMOTE,131,0.0,0.0,0.0,0.0,0.0,0.0,0.0,weak,train_oof,0.2526011564304778
RFERF_LR_SMOTE,RFERF,supervised,LR,SMOTE,132,0.0,0.0,0.0,0.0,0.0,0.0,0.0,weak,train_oof,0.2526011564304778
RFERF_LR_SMOTE,RFERF,supervised,LR,SMOTE,133,0.0,0.0,0.0,0.0,0.0,0.0,0.0,weak,train_oof,0.2526011564304778
RFERF_LR_SMOTE,RFERF,supervised,LR,SMOTE,137,0.0,0.0,0.0,0.0,0.0,0.0,0.0,weak,train_oof,0.2526011564304778
RFERF_LR_SMOTE,RFERF,supervised,LR,SMOTE,139,0.0,0.0,0.0,0.0,0.0,0.0,0.0,weak,train_oof,0.2526011564304778
RFERF_LR_SMOTE,RFERF,supervised,LR,SMOTE,14,0.0,0.0,0.0,0.0,0.0,0.0,0.0,weak,train_oof,0.2526011564304778
RFERF_LR_SMOTE,RFERF,supervised,LR,SMOTE,144,0.0,0.0,0.0,0.0,0.0,0.0,0.0,weak,train_oof,0.2526011564304778
RFERF_LR_SMOTE,RFERF,supervised,LR,SMOTE,15,0.0,0.0,0.0,0.0,0.0,0.0,0.0,weak,train_oof,0.2526011564304778
RFERF_LR_SMOTE,RFERF,supervised,LR,SMOTE,156,0.0,0.0,0.0,0.0,0.0,0.0,0.0,weak,train_oof,0.2526011564304778
RFERF_LR_SMOTE,RFERF,supervised,LR,SMOTE,16,0.0,0.0,0.0,0.0,0.0,0.0,0.0,weak,train_oof,0.2526011564304778
RFERF_LR_SMOTE,RFERF,supervised,LR,SMOTE,173,0.0,0.0,0.0,0.0,0.0,0.0,0.0,weak,train_oof,0.2526011564304778
RFERF_LR_SMOTE,RFERF,supervised,LR,SMOTE,182,0.0,0.0,0.0,0.0,0.0,0.0,0.0,weak,train_oof,0.2526011564304778
RFERF_LR_SMOTE,RFERF,supervised,LR,SMOTE,183,0.0,0.0,0.0,0.0,0.0,0.0,0.0,weak,train_oof,0.2526011564304778
RFERF_LR_SMOTE,RFERF,supervised,LR,SMOTE,19,0.0,0.0,0.0,0.0,0.0,0.0,0.0,weak,train_oof,0.2526011564304778
RFERF_LR_SMOTE,RFERF,supervised,LR,SMOTE,2,0.0,0.0,0.0,0.0,0.0,0.0,0.0,weak,train_oof,0.2526011564304778
RFERF_LR_SMOTE,RFERF,supervised,LR,SMOTE,200,0.0,0.0,0.0,0.0,0.0,0.0,0.0,weak,train_oof,0.2526011564304778
RFERF_LR_SMOTE,RFERF,supervised,LR,SMOTE,21,0.0,0.0,0.0,0.0,0.0,0.0,0.0,weak,train_oof,0.2526011564304778
RFERF_LR_SMOTE,RFERF,supervised,LR,SMOTE,217,0.0,0.0,0.0,0.0,0.0,0.0,0.0,weak,train_oof,0.2526011564304778
RFERF_LR_SMOTE,RFERF,supervised,LR,SMOTE,227,0.0,0.0,0.0,0.0,0.0,0.0,0.0,weak,train_oof,0.2526011564304778
RFERF_LR_SMOTE,RFERF,supervised,LR,SMOTE,24,0.0,0.0,0.0,0.0,0.0,0.0,0.0,weak,train_oof,0.2526011564304778
RFERF_LR_SMOTE,RFERF,supervised,LR,SMOTE,25,0.0,0.0,0.0,0.0,0.0,0.0,0.0,weak,train_oof,0.2526011564304778
RFERF_LR_SMOTE,RFERF,supervised,LR,SMOTE,252,0.0,0.0,0.0,0.0,0.0,0.0,0.0,weak,train_oof,0.2526011564304778
RFERF_LR_SMOTE,RFERF,supervised,LR,SMOTE,271,0.0,0.0,0.0,0.0,0.0,0.0,0.0,weak,train_oof,0.2526011564304778
RFERF_LR_SMOTE,RFERF,supervised,LR,SMOTE,273,0.0,0.0,0.0,0.0,0.0,0.0,0.0,weak,train_oof,0.2526011564304778
RFERF_LR_SMOTE,RFERF,supervised,LR,SMOTE,28,0.0,0.0,0.0,0.0,0.0,0.0,0.0,weak,train_oof,0.2526011564304778
RFERF_LR_SMOTE,RFERF,supervised,LR,SMOTE,280,0.0,0.0,0.0,0.0,0.0,0.0,0.0,weak,train_oof,0.2526011564304778
RFERF_LR_SMOTE,RFERF,supervised,LR,SMOTE,281,0.0,0.0,0.0,0.0,0.0,0.0,0.0,weak,train_oof,0.2526011564304778
RFERF_LR_SMOTE,RFERF,supervised,LR,SMOTE,282,0.0,0.0,0.0,0.0,0.0,0.0,0.0,weak,train_oof,0.2526011564304778
RFERF_LR_SMOTE,RFERF,supervised,LR,SMOTE,288,0.0,0.0,0.0,0.0,0.0,0.0,0.0,weak,train_oof,0.2526011564304778
RFERF_LR_SMOTE,RFERF,supervised,LR,SMOTE,295,0.0,0.0,0.0,0.0,0.0,0.0,0.0,weak,train_oof,0.2526011564304778
RFERF_LR_SMOTE,RFERF,supervised,LR,SMOTE,31,0.0,0.0,0.0,0.0,0.0,0.0,0.0,weak,train_oof,0.2526011564304778
RFERF_LR_SMOTE,RFERF,supervised,LR,SMOTE,310,0.0,0.0,0.0,0.0,0.0,0.0,0.0,weak,train_oof,0.2526011564304778
RFERF_LR_SMOTE,RFERF,supervised,LR,SMOTE,316,0.0,0.0,0.0,0.0,0.0,0.0,0.0,weak,train_oof,0.2526011564304778
RFERF_LR_SMOTE,RFERF,supervised,LR,SMOTE,33,0.0,0.0,0.0,0.0,0.0,0.0,0.0,weak,train_oof,0.2526011564304778
RFERF_LR_SMOTE,RFERF,supervised,LR,SMOTE,333,0.0,0.0,0.0,0.0,0.0,0.0,0.0,weak,train_oof,0.2526011564304778
RFERF_LR_SMOTE,RFERF,supervised,LR,SMOTE,338,0.0,0.0,0.0,0.0,0.0,0.0,0.0,weak,train_oof,0.2526011564304778
RFERF_LR_SMOTE,RFERF,supervised,LR,SMOTE,344,0.0,0.0,0.0,0.0,0.0,0.0,0.0,weak,train_oof,0.2526011564304778
RFERF_LR_SMOTE,RFERF,supervised,LR,SMOTE,348,0.0,0.0,0.0,0.0,0.0,0.0,0.0,weak,train_oof,0.2526011564304778
RFERF_LR_SMOTE,RFERF,supervised,LR,SMOTE,35,0.0,0.0,0.0,0.0,0.0,0.0,0.0,weak,train_oof,0.2526011564304778
RFERF_LR_SMOTE,RFERF,supervised,LR,SMOTE,37,0.0,0.0,0.0,0.0,0.0,0.0,0.0,weak,train_oof,0.2526011564304778
RFERF_LR_SMOTE,RFERF,supervised,LR,SMOTE,377,0.0,0.0,0.0,0.0,0.0,0.0,0.0,weak,train_oof,0.2526011564304778
RFERF_LR_SMOTE,RFERF,supervised,LR,SMOTE,39,0.0,0.0,0.0,0.0,0.0,0.0,0.0,weak,train_oof,0.2526011564304778
RFERF_LR_SMOTE,RFERF,supervised,LR,SMOTE,405,0.0,0.0,0.0,0.0,0.0,0.0,0.0,weak,train_oof,0.2526011564304778
RFERF_LR_SMOTE,RFERF,supervised,LR,SMOTE,41,0.0,0.0,0.0,0.0,0.0,0.0,0.0,weak,train_oof,0.2526011564304778
RFERF_LR_SMOTE,RFERF,supervised,LR,SMOTE,416,0.0,0.0,0.0,0.0,0.0,0.0,0.0,weak,train_oof,0.2526011564304778
RFERF_LR_SMOTE,RFERF,supervised,LR,SMOTE,423,0.0,0.0,0.0,0.0,0.0,0.0,0.0,weak,train_oof,0.2526011564304778
RFERF_LR_SMOTE,RFERF,supervised,LR,SMOTE,425,0.0,0.0,0.0,0.0,0.0,0.0,0.0,weak,train_oof,0.2526011564304778
RFERF_LR_SMOTE,RFERF,supervised,LR,SMOTE,428,0.0,0.0,0.0,0.0,0.0,0.0,0.0,weak,train_oof,0.2526011564304778
RFERF_LR_SMOTE,RFERF,supervised,LR,SMOTE,43,0.0,0.0,0.0,0.0,0.0,0.0,0.0,weak,train_oof,0.2526011564304778
RFERF_LR_SMOTE,RFERF,supervised,LR,SMOTE,452,0.0,0.0,0.0,0.0,0.0,0.0,0.0,weak,train_oof,0.2526011564304778
RFERF_LR_SMOTE,RFERF,supervised,LR,SMOTE,460,0.0,0.0,0.0,0.0,0.0,0.0,0.0,weak,train_oof,0.2526011564304778
RFERF_LR_SMOTE,RFERF,supervised,LR,SMOTE,468,0.0,0.0,0.0,0.0,0.0,0.0,0.0,weak,train_oof,0.2526011564304778
RFERF_LR_SMOTE,RFERF,supervised,LR,SMOTE,47,0.0,0.0,0.0,0.0,0.0,0.0,0.0,weak,train_oof,0.2526011564304778
RFERF_LR_SMOTE,RFERF,supervised,LR,SMOTE,477,0.0,0.0,0.0,0.0,0.0,0.0,0.0,weak,train_oof,0.2526011564304778
RFERF_LR_SMOTE,RFERF,supervised,LR,SMOTE,48,0.0,0.0,0.0,0.0,0.0,0.0,0.0,weak,train_oof,0.2526011564304778
RFERF_LR_SMOTE,RFERF,supervised,LR,SMOTE,480,0.0,0.0,0.0,0.0,0.0,0.0,0.0,weak,train_oof,0.2526011564304778
RFERF_LR_SMOTE,RFERF,supervised,LR,SMOTE,484,0.0,0.0,0.0,0.0,0.0,0.0,0.0,weak,train_oof,0.2526011564304778
RFERF_LR_SMOTE,RFERF,supervised,LR,SMOTE,486,0.0,0.0,0.0,0.0,0.0,0.0,0.0,weak,train_oof,0.2526011564304778
RFERF_LR_SMOTE,RFERF,supervised,LR,SMOTE,488,0.0,0.0,0.0,0.0,0.0,0.0,0.0,weak,train_oof,0.2526011564304778
RFERF_LR_SMOTE,RFERF,supervised,LR,SMOTE,489,0.0,0.0,0.0,0.0,0.0,0.0,0.0,weak,train_oof,0.2526011564304778
RFERF_LR_SMOTE,RFERF,supervised,LR,SMOTE,490,0.0,0.0,0.0,0.0,0.0,0.0,0.0,weak,train_oof,0.2526011564304778
RFERF_LR_SMOTE,RFERF,supervised,LR,SMOTE,510,0.0,0.0,0.0,0.0,0.0,0.0,0.0,weak,train_oof,0.2526011564304778
RFERF_LR_SMOTE,RFERF,supervised,LR,SMOTE,525,0.0,0.0,0.0,0.0,0.0,0.0,0.0,weak,train_oof,0.2526011564304778
RFERF_LR_SMOTE,RFERF,supervised,LR,SMOTE,55,0.0,0.0,0.0,0.0,0.0,0.0,0.0,weak,train_oof,0.2526011564304778
RFERF_LR_SMOTE,RFERF,supervised,LR,SMOTE,551,0.0,0.0,0.0,0.0,0.0,0.0,0.0,weak,train_oof,0.2526011564304778
RFERF_LR_SMOTE,RFERF,supervised,LR,SMOTE,552,0.0,0.0,0.0,0.0,0.0,0.0,0.0,weak,train_oof,0.2526011564304778
RFERF_LR_SMOTE,RFERF,supervised,LR,SMOTE,56,0.0,0.0,0.0,0.0,0.0,0.0,0.0,weak,train_oof,0.2526011564304778
RFERF_LR_SMOTE,RFERF,supervised,LR,SMOTE,563,0.0,0.0,0.0,0.0,0.0,0.0,0.0,weak,train_oof,0.2526011564304778
RFERF_LR_SMOTE,RFERF,supervised,LR,SMOTE,57,0.0,0.0,0.0,0.0,0.0,0.0,0.0,weak,train_oof,0.2526011564304778
RFERF_LR_SMOTE,RFERF,supervised,LR,SMOTE,571,0.0,0.0,0.0,0.0,0.0,0.0,0.0,weak,train_oof,0.2526011564304778
RFERF_LR_SMOTE,RFERF,supervised,LR,SMOTE,58,0.0,0.0,0.0,0.0,0.0,0.0,0.0,weak,train_oof,0.2526011564304778
RFERF_LR_SMOTE,RFERF,supervised,LR,SMOTE,582,0.0,0.0,0.0,0.0,0.0,0.0,0.0,weak,train_oof,0.2526011564304778
RFERF_LR_SMOTE,RFERF,supervised,LR,SMOTE,586,0.0,0.0,0.0,0.0,0.0,0.0,0.0,weak,train_oof,0.2526011564304778
RFERF_LR_SMOTE,RFERF,supervised,LR,SMOTE,59,0.0,0.0,0.0,0.0,0.0,0.0,0.0,weak,train_oof,0.2526011564304778
RFERF_LR_SMOTE,RFERF,supervised,LR,SMOTE,63,0.0,0.0,0.0,0.0,0.0,0.0,0.0,weak,train_oof,0.2526011564304778
RFERF_LR_SMOTE,RFERF,supervised,LR,SMOTE,64,0.0,0.0,0.0,0.0,0.0,0.0,0.0,weak,train_oof,0.2526011564304778
RFERF_LR_SMOTE,RFERF,supervised,LR,SMOTE,65,0.0,0.0,0.0,0.0,0.0,0.0,0.0,weak,train_oof,0.2526011564304778
RFERF_LR_SMOTE,RFERF,supervised,LR,SMOTE,67,0.0,0.0,0.0,0.0,0.0,0.0,0.0,weak,train_oof,0.2526011564304778
RFERF_LR_SMOTE,RFERF,supervised,LR,SMOTE,75,0.0,0.0,0.0,0.0,0.0,0.0,0.0,weak,train_oof,0.2526011564304778
RFERF_LR_SMOTE,RFERF,supervised,LR,SMOTE,76,0.0,0.0,0.0,0.0,0.0,0.0,0.0,weak,train_oof,0.2526011564304778
RFERF_LR_SMOTE,RFERF,supervised,LR,SMOTE,79,0.0,0.0,0.0,0.0,0.0,0.0,0.0,weak,train_oof,0.2526011564304778
RFERF_LR_SMOTE,RFERF,supervised,LR,SMOTE,8,0.0,0.0,0.0,0.0,0.0,0.0,0.0,weak,train_oof,0.2526011564304778
RFERF_LR_SMOTE,RFERF,supervised,LR,SMOTE,81,0.0,0.0,0.0,0.0,0.0,0.0,0.0,weak,train_oof,0.2526011564304778
RFERF_LR_SMOTE,RFERF,supervised,LR,SMOTE,88,0.0,0.0,0.0,0.0,0.0,0.0,0.0,weak,train_oof,0.2526011564304778
RFERF_LR_SMOTE,RFERF,supervised,LR,SMOTE,9,0.0,0.0,0.0,0.0,0.0,0.0,0.0,weak,train_oof,0.2526011564304778
RFERF_LR_SMOTE,RFERF,supervised,LR,SMOTE,90,0.0,0.0,0.0,0.0,0.0,0.0,0.0,weak,train_oof,0.2526011564304778
RFERF_LR_SMOTE,RFERF,supervised,LR,SMOTE,91,0.0,0.0,0.0,0.0,0.0,0.0,0.0,weak,train_oof,0.2526011564304778
RFERF_LR_SMOTE,RFERF,supervised,LR,SMOTE,92,0.0,0.0,0.0,0.0,0.0,0.0,0.0,weak,train_oof,0.2526011564304778
