artifact_key,feature_set,category,model,balance_method,feature,tp_rank,tp_mean_positive_shap,tp_mean_negative_shap_abs,tp_mean_shap,tp_mean_abs_shap,tp_positive_push_rate,tp_negative_push_rate,tp_group_rows_total,tp_explained_rows,fp_rank,fp_mean_positive_shap,fp_mean_negative_shap_abs,fp_mean_shap,fp_mean_abs_shap,fp_positive_push_rate,fp_negative_push_rate,fp_group_rows_total,fp_explained_rows,fp_evidence_sufficient,tp_fp_shap_gap,tp_fp_rank_gap,shap_signal_type,tp_signal_available,group_source_x,tp_n,fp_n,tn_n,fn_n,tp_mean,fp_mean,tn_mean,fn_mean,tp_median,fp_median,tn_median,fn_median,tp_vs_tn_smd,tp_vs_fp_smd,fp_vs_tn_smd,monitor_direction,suggested_threshold,tp_trigger_rate,fp_trigger_rate,tn_trigger_rate,group_source_y,model_feature_score,hard_gate_tp_signal,hard_gate_separation,hard_gate_gap,hard_gate_pass,recommendation,group_source,threshold
RFERF_RF_ROSE,RFERF,supervised,RF,ROSE,59,1,0.06336061584039797,0.002616120105760484,0.06074449573463749,0.06597673594615845,0.7413793103448276,0.25862068965517243,58,58,1,0.03678435151597022,0.00970425117573548,0.027080100340234753,0.04648860269170569,0.75,0.25,263,80,1,0.02657626432442775,0.0,true_anomaly_candidate,1,train_oof,58,263,907,25,0.8395000050617736,0.7344932398307016,-0.2678936497103383,0.012265436331917012,0.606820674964561,0.5849944366768446,-0.2969780256584837,-0.1997474513837377,2.075314366454294,0.06747902099038922,1.1360045321279613,high,2.0997266636054173,0.15517241379310345,0.1520912547528517,0.011025358324145534,train_oof,0.8918513795973226,1,1,1,1,monitor_first,train_oof,0.20232788980713348
RFERF_RF_ROSE,RFERF,supervised,RF,ROSE,103,2,0.04705813300482767,0.0008071506056084793,0.046250982399219195,0.04786528361043615,0.8620689655172413,0.13793103448275862,58,58,2,0.019696473657232635,0.005486795927545284,0.014209677729687353,0.02518326958477791,0.7875,0.2125,263,80,1,0.027361659347595033,0.0,true_anomaly_candidate,1,train_oof,58,263,907,25,1.110840025258156,0.8329212371426694,-0.3075727032149857,-0.24222013500634154,1.1536762212841918,0.8758045812731956,-0.3337543223040816,-0.268372759948553,1.7904949526405374,0.26452372218440784,1.350795602685537,high,1.691112663846634,0.1896551724137931,0.1482889733840304,0.011025358324145534,train_oof,0.8155146125053925,1,1,1,1,monitor_first,train_oof,0.20232788980713348
RFERF_RF_ROSE,RFERF,supervised,RF,ROSE,510,8,0.015625980354116754,0.00037383152939427633,0.015252148824722478,0.01599981188351103,0.8620689655172413,0.13793103448275862,58,58,9,0.00405775710325716,0.00287344589845346,0.0011843112048036993,0.006931203001710623,0.5125,0.4875,263,80,1,0.011568223250859594,1.0,true_anomaly_candidate,1,train_oof,58,263,907,25,0.9061877223165584,0.6540716913385093,-0.24347000593061668,-0.18702840107210383,0.3464179522601025,0.2459370924286385,-0.3346831632516883,-0.3842925959965427,1.714786009837823,0.1636748982036368,1.0430875169887466,high,1.7122178561814627,0.1896551724137931,0.12167300380228137,0.011025358324145534,train_oof,0.4873586955896841,1,1,1,1,review,train_oof,0.20232788980713348
RFERF_RF_ROSE,RFERF,supervised,RF,ROSE,64,4,0.022675265933970592,0.0009338649141500711,0.021741401019820535,0.02360913084812066,0.6724137931034483,0.3275862068965517,58,58,3,0.009988865359496734,0.0045333805662858394,0.0054554847932108946,0.014522245925782573,0.45,0.55,263,80,1,0.012686400574473858,-1.0,true_anomaly_candidate,1,train_oof,58,263,907,25,0.6928736747192853,0.2534614346248644,-0.11274641815461119,-0.2768926677931774,0.40767606214465957,-0.0621122452059986,-0.136437749680838,-0.3391086326524878,1.0263478024926684,0.2919663362672603,0.3921960001518537,high,1.7383930783862291,0.27586206896551724,0.17490494296577946,0.011025358324145534,train_oof,0.4612016798878933,1,1,1,1,review,train_oof,0.20232788980713348
RFERF_RF_ROSE,RFERF,supervised,RF,ROSE,65,6,0.019543255402327007,0.0004983850969483037,0.019044870305378703,0.02004164049927532,0.6724137931034483,0.3275862068965517,58,58,4,0.00815043114530887,0.004330572926950723,0.0038198582183581473,0.012481004072259598,0.4125,0.5875,263,80,1,0.011392824257018137,-2.0,true_anomaly_candidate,1,train_oof,58,263,907,25,0.5036140226837765,0.3209056822917749,-0.120709918673411,-0.24360818885386182,0.3870849489833478,-0.0498383185005478,-0.1715211135253209,-0.3827022879020223,0.7981905140213539,0.12464513349885753,0.4599440200829192,high,1.4837570182005013,0.25862068965517243,0.16730038022813687,0.011025358324145534,train_oof,0.41089976603848904,1,1,1,1,review,train_oof,0.20232788980713348
RFERF_RF_ROSE,RFERF,supervised,RF,ROSE,122,10,0.0113515532660672,0.00032238913910731743,0.011029164126959885,0.011673942405174519,0.896551724137931,0.10344827586206896,58,58,12,0.003731036517358946,0.0042676353007049216,-0.0005365987833459745,0.007998671818063867,0.5,0.5,263,80,1,0.007620516748708254,2.0,true_anomaly_candidate,1,train_oof,58,263,907,25,-0.4448792061393387,-0.3232844250770246,0.12836882826173127,-0.2177807292777009,-0.7065574066679046,-0.3143839166494729,0.1365048133999667,-0.0396409066930573,-0.5535733551354193,-0.16578235457858545,-0.45537883928609835,low,-1.6648344373626591,0.017241379310344827,0.026615969581749048,0.014332965821389196,train_oof,0.3081943373307744,1,1,1,1,drop,train_oof,0.20232788980713348
RFERF_RF_ROSE,RFERF,supervised,RF,ROSE,79,15,0.006824016775597907,1.2348060134620689e-06,0.006822781969584444,0.0068252515816113685,0.9827586206896551,0.017241379310344827,58,58,21,0.0016309168212909903,0.0026673001076288477,-0.0010363832863378585,0.004298216928919843,0.525,0.475,263,80,1,0.005193099954306916,6.0,true_anomaly_candidate,1,train_oof,58,263,907,25,0.5965866960372787,0.5805051385991039,-0.202970593247375,-0.30321735021421653,0.5098975017836549,0.388949691244235,-0.2460263140877193,-0.5699936637468797,0.9916909373676663,0.012761369792200158,0.8441233649305299,high,2.079886473878565,0.15517241379310345,0.16730038022813687,0.011025358324145534,train_oof,0.3022237569868806,1,1,1,1,drop,train_oof,0.20232788980713348
RFERF_RF_ROSE,RFERF,supervised,RF,ROSE,377,11,0.011126697366763909,0.0007304499284494669,0.010396247438314445,0.011857147295213371,0.8620689655172413,0.13793103448275862,58,58,11,0.0037908958559956774,0.005836692580528431,-0.0020457967245327514,0.009627588436524106,0.7,0.3,263,80,1,0.007335801510768231,0.0,true_anomaly_candidate,1,train_oof,58,263,907,25,-0.3788572808958958,-0.27246818602233125,0.1048021414589474,-0.0982442174913669,-0.3714959728317686,-0.3714959728317686,0.0554598948876092,-0.1580180389720797,-0.4691857260347248,-0.12978854846473842,-0.37741015762879904,low,-1.6523635759899018,0.05172413793103448,0.049429657794676805,0.019845644983461964,train_oof,0.2955138142001872,1,1,1,1,drop,train_oof,0.20232788980713348
RFERF_RF_ROSE,RFERF,supervised,RF,ROSE,63,13,0.00762972745548337,0.00027560391945639375,0.007354123536026975,0.007905331374939765,0.7068965517241379,0.29310344827586204,58,58,13,0.002526325710852912,0.003247317804372648,-0.0007209920935197336,0.005773643515225561,0.2875,0.7125,263,80,1,0.0051034017446304585,0.0,true_anomaly_candidate,1,train_oof,58,263,907,25,0.41408692938646696,0.3577210349792944,-0.12881160833124286,-0.06995899183437918,-0.08807908276093575,0.1300518737373428,-0.1553136451044119,-0.0255875114398073,0.8852150034996107,0.033535487931342575,0.5019985603053911,high,1.2781282898991777,0.1896551724137931,0.11406844106463879,0.011025358324145534,train_oof,0.29370672285210225,1,1,1,1,drop,train_oof,0.20232788980713348
RFERF_RF_ROSE,RFERF,supervised,RF,ROSE,28,18,0.006093228202610394,1.1566387965635816e-05,0.006081661814644757,0.006104794590576029,0.9655172413793104,0.034482758620689655,58,58,20,0.0016533050934187377,0.0005828242934135629,0.001070480800005175,0.0022361293868323013,0.7375,0.2625,263,80,1,0.004439923109191656,2.0,true_anomaly_candidate,1,train_oof,58,263,907,25,-0.667981956330433,-0.6773423597667378,0.23444803600826578,0.14967735074403657,-0.5500855920466661,-0.6115635651551136,0.132842785371457,0.1814017909017926,-0.9971364518224015,0.009962669709588465,-0.9885659685055678,low,-1.8926829619183871,0.10344827586206896,0.09885931558935361,0.011025358324145534,train_oof,0.29023502368463877,1,1,1,1,drop,train_oof,0.20232788980713348
RFERF_RF_ROSE,RFERF,supervised,RF,ROSE,130,12,0.008458741558988295,0.00036443749731552823,0.008094304061672768,0.008823179056303823,0.9827586206896551,0.017241379310344827,58,58,14,0.002383987708876237,0.0013267001159494073,0.0010572875929268292,0.003710687824825644,0.7625,0.2375,263,80,1,0.0060747538501120584,2.0,true_anomaly_candidate,1,train_oof,58,263,907,25,0.3421473489159203,0.1861669394861658,-0.08647467316228909,0.3213436186511342,0.3915348680087602,0.1915459018056567,0.0927708636199773,0.2439820331881775,0.40940388737684424,0.20713852773758962,0.27177147513442945,high,1.5731769914892948,0.05172413793103448,0.026615969581749048,0.014332965821389196,train_oof,0.26355639519838686,1,1,1,1,drop,train_oof,0.20232788980713348
RFERF_RF_ROSE,RFERF,supervised,RF,ROSE,125,17,0.006340585853825198,0.0003135919058483544,0.006026993947976843,0.006654177759673554,0.896551724137931,0.10344827586206896,58,58,22,0.0015668226465107738,0.0022738368604423203,-0.0007070142139315473,0.0038406595069530947,0.65,0.35,263,80,1,0.004773763207314425,5.0,true_anomaly_candidate,1,train_oof,58,263,907,25,-0.3994217025019245,-0.41098299775387676,0.15464044856899548,-0.3279242275670404,-0.5811495141803635,-0.540050795708347,-0.0147019595877856,-0.2505728656010983,-0.5460057041262752,0.014748620509882421,-0.5770415419358381,low,-1.348087338884258,0.05172413793103448,0.08745247148288973,0.012127894156560088,train_oof,0.25200622582465054,1,1,1,1,drop,train_oof,0.20232788980713348
RFERF_RF_ROSE,RFERF,supervised,RF,ROSE,124,21,0.005631321384480213,0.0004204490331351308,0.005210872351345084,0.006051770417615343,0.8448275862068966,0.15517241379310345,58,58,16,0.0018836441116508527,0.0028331352279837786,-0.0009494911163329259,0.00471677933963463,0.3125,0.6875,263,80,1,0.0037476772728293603,-5.0,true_anomaly_candidate,1,train_oof,58,263,907,25,0.36219289351607203,0.20753335597504502,-0.09163571400103027,0.2468247644929023,0.2991009479565267,0.2119739755171568,-0.2236608866797079,0.0377200306384171,0.45669581804003584,0.1628822749581121,0.30318108297043195,high,1.9545134243045847,0.08620689655172414,0.049429657794676805,0.015435501653803748,train_oof,0.22738596903954436,1,1,1,1,drop,train_oof,0.20232788980713348
RFERF_RF_ROSE,RFERF,supervised,RF,ROSE,14,20,0.0057066417974008556,0.0006266628047786936,0.005079978992622162,0.00633330460217955,0.6724137931034483,0.3275862068965517,58,58,23,0.0014806394660633953,0.004868845143508913,-0.003388205677445518,0.006349484609572307,0.2625,0.7375,263,80,1,0.0042260023313374605,3.0,true_anomaly_candidate,1,train_oof,58,263,907,25,-0.30319326459273827,-0.07815217094083506,0.051148592477840205,-0.2937227585517982,-0.4004223417923736,-0.2409819431874653,0.0317555225141032,-0.1624731871495302,-0.37802394252476906,-0.19143995473902178,-0.1299531687908315,low,-2.1048275460089148,0.017241379310344827,0.019011406844106463,0.011025358324145534,train_oof,0.2263368813384902,1,1,1,1,drop,train_oof,0.20232788980713348
RFERF_RF_ROSE,RFERF,supervised,RF,ROSE,582,31,0.00451190024576163,0.0004389100211745714,0.0040729902245870584,0.004950810266936201,0.6206896551724138,0.3793103448275862,58,58,44,0.0003707942992230564,0.0026215283661712744,-0.0022507340669482186,0.0029923226653943307,0.2,0.8,263,80,1,0.004141105946538573,13.0,true_anomaly_candidate,1,train_oof,58,263,907,25,0.3338649141434167,0.15142629048724537,-0.06668946520055852,0.07332871811491921,0.34835985431348837,0.1381832218473487,-0.0419681774093758,0.0180822890095212,0.4119818330164329,0.16903692625099934,0.2212490243277336,high,2.089823380461703,0.06896551724137931,0.03802281368821293,0.013230429988974642,train_oof,0.2241639791389746,1,1,1,1,drop,train_oof,0.20232788980713348
RFERF_RF_ROSE,RFERF,supervised,RF,ROSE,282,26,0.004791110816375217,0.0002588353895861555,0.004532275426789062,0.005049946205961374,0.7931034482758621,0.20689655172413793,58,58,27,0.0011383486193307947,0.0015239328268761673,-0.0003855842075453728,0.0026622814462069627,0.5625,0.4375,263,80,1,0.003652762197044422,1.0,true_anomaly_candidate,1,train_oof,58,263,907,25,0.17620845983761216,0.41477764167849934,-0.1379447329863918,0.21266617988778902,0.3458754884479731,0.4358817780156345,-0.2241643454807379,0.1958650058351544,0.3968507714309735,-0.17510262975729032,0.5650040739397377,high,1.6005631650215832,0.034482758620689655,0.030418250950570342,0.011025358324145534,train_oof,0.21732401225892567,1,1,1,1,drop,train_oof,0.20232788980713348
RFERF_RF_ROSE,RFERF,supervised,RF,ROSE,288,40,0.003527968933288504,0.0001277342847652462,0.0034002346485232583,0.0036557032180537506,0.7413793103448276,0.25862068965517243,58,58,52,0.00030764306389730967,0.0018535357467340374,-0.0015458926828367278,0.0021611788106313473,0.0625,0.9375,263,80,1,0.0032203258693911945,12.0,true_anomaly_candidate,1,train_oof,58,263,907,25,0.1554174528200557,0.4429519151833734,-0.14297505631940705,0.1350376054744515,0.2879289776332567,0.3290288088587416,-0.2052689970725611,0.0413299902803478,0.44796731398669043,-0.18874055170153,0.6046030799411789,high,1.600657586975239,0.034482758620689655,0.03802281368821293,0.011025358324145534,train_oof,0.21200672492430606,1,1,1,1,drop,train_oof,0.20232788980713348
RFERF_RF_ROSE,RFERF,supervised,RF,ROSE,316,61,0.002290276283287129,8.445281978901973e-05,0.0022058234634981097,0.002374729103076148,0.8620689655172413,0.13793103448275862,58,58,43,0.0003766512481799551,0.0016327307368302272,-0.0012560794886502726,0.0020093819850101817,0.4,0.6,263,80,1,0.0019136250351071739,-18.0,true_anomaly_candidate,1,train_oof,58,263,907,25,-0.34362593278041276,-0.39068389668140574,0.14005507292964373,-0.16608676439373501,-0.4997403001646723,-0.5164111396707294,-0.0083944328293374,-0.1286414941185905,-0.5039312891615975,0.046385338479509416,-0.5412239466297002,low,-1.6811523875083747,0.05172413793103448,0.06844106463878327,0.011025358324145534,train_oof,0.19580178558958647,1,1,1,1,drop,train_oof,0.20232788980713348
RFERF_RF_ROSE,RFERF,supervised,RF,ROSE,452,74,0.0017901041007405355,0.0001861239636326432,0.0016039801371078922,0.0019762280643731787,0.8620689655172413,0.13793103448275862,58,58,59,0.00026799447554306496,0.0015986012358063628,-0.0013306067602632979,0.0018665957113494283,0.325,0.675,263,80,1,0.0015221096251974706,-15.0,true_anomaly_candidate,1,train_oof,58,263,907,25,-0.3500651234027284,-0.4236363336959947,0.14796779687365297,-0.09600171665316207,-0.45939893499736606,-0.4368475536367138,0.0865847507778358,-0.1256057285623409,-0.5334910545948335,0.06829845980815002,-0.584473839825806,low,-2.016400907965735,0.034482758620689655,0.034220532319391636,0.011025358324145534,train_oof,0.19171048693153148,1,1,1,1,drop,train_oof,0.20232788980713348
RFERF_RF_ROSE,RFERF,supervised,RF,ROSE,76,55,0.0023820380610296015,7.117418621018478e-05,0.0023108638748194172,0.0024532122472397857,0.9137931034482759,0.08620689655172414,58,58,73,0.00013344691461157637,0.002036365564132514,-0.001902918649520938,0.0021698124787440905,0.2875,0.7125,263,80,1,0.002248591146418025,18.0,true_anomaly_candidate,1,train_oof,58,263,907,25,-0.3142856497162916,-0.16395190832681064,0.07429200862428152,0.09662552458484296,-0.1868193852615291,-0.2002939478466619,0.1410616376433699,-0.0954917944067399,-0.40304106527258987,-0.13744020782223687,-0.24200583931537703,low,-2.367842028763542,0.05172413793103448,0.022813688212927757,0.011025358324145534,train_oof,0.19079298306182457,1,1,1,1,drop,train_oof,0.20232788980713348
RFERF_RF_ROSE,RFERF,supervised,RF,ROSE,37,51,0.002690064686320563,5.5976668603261874e-05,0.0026340880177173017,0.0027460413549238254,0.896551724137931,0.10344827586206896,58,58,87,5.311469854644448e-05,0.0029242441821591006,-0.002871129483612656,0.0029773588807055448,0.0875,0.9125,263,80,1,0.0026369499877741186,36.0,true_anomaly_candidate,1,train_oof,58,263,907,25,0.32757984214785846,-0.100960964614681,0.018557641630563275,-0.3483535655595667,0.321312045453504,0.0345756136845639,0.0155779163523252,-0.2977230921947715,0.3352854020807292,0.35604663986523827,-0.11885787471535218,high,3.1134905609889807,0.017241379310344827,0.0038022813688212928,0.012127894156560088,train_oof,0.19046287787853822,1,1,1,1,drop,train_oof,0.20232788980713348
RFERF_RF_ROSE,RFERF,supervised,RF,ROSE,133,46,0.0029780695968007966,0.00028474085681085953,0.0026933287399899374,0.0032628104536116566,0.896551724137931,0.10344827586206896,58,58,38,0.0005816517165001596,0.0026957180798071454,-0.002114066363306986,0.0032773697963073035,0.2875,0.7125,263,80,1,0.0023964178803006367,-8.0,true_anomaly_candidate,1,train_oof,58,263,907,25,0.2618127485451229,0.16922988266440744,-0.07165906138938212,0.19733896426840722,0.1222732321194762,0.1355651377430604,-0.0702155112457948,0.4810784689008631,0.3309732997028227,0.10065156104897212,0.24142100981766035,high,2.1469719020373548,0.0,0.0076045627376425855,0.014332965821389196,train_oof,0.18794275815058942,1,1,1,1,drop,train_oof,0.20232788980713348
RFERF_RF_ROSE,RFERF,supervised,RF,ROSE,200,58,0.002324354348516593,0.00023012732910971854,0.0020942270194068734,0.0025544816776263105,0.7241379310344828,0.27586206896551724,58,58,45,0.00036699019869450555,0.0023136450585422848,-0.0019466548598477788,0.0026806352572367903,0.1375,0.8625,263,80,1,0.0019573641498220875,-13.0,true_anomaly_candidate,1,train_oof,58,263,907,25,0.331048060421203,0.004978947462844555,-0.02316779956860682,0.024506436204926096,0.02134483288275095,-0.0417811394895362,-0.0629999537323218,0.0133877775417064,0.389022712897178,0.22701753327845287,0.03019624609299853,high,1.1367754599975073,0.017241379310344827,0.015209125475285171,0.011025358324145534,train_oof,0.18541877428326753,1,1,1,1,drop,train_oof,0.20232788980713348
RFERF_RF_ROSE,RFERF,supervised,RF,ROSE,460,66,0.0021314590267864754,0.000287527017884793,0.001843932008901682,0.0024189860446712694,0.8275862068965517,0.1724137931034483,58,58,92,2.9845416123340328e-05,0.0021520337166413325,-0.0021221883005179917,0.002181879132764673,0.1375,0.8625,263,80,1,0.002101613610663135,26.0,true_anomaly_candidate,1,train_oof,58,263,907,25,0.29748649793667603,0.14995584681322047,-0.06027601847898327,-0.09200068865073796,0.0850630133819664,-0.0656623179701904,-0.2748456545815676,-0.2756105881446369,0.37054918711451834,0.13467593996295615,0.2113424694352361,high,2.9030963804853718,0.034482758620689655,0.015209125475285171,0.011025358324145534,train_oof,0.18482635859091473,1,1,1,1,drop,train_oof,0.20232788980713348
RFERF_RF_ROSE,RFERF,supervised,RF,ROSE,107,62,0.002212423782853571,0.0003425906317471001,0.001869833151106471,0.002555014414600671,0.8103448275862069,0.1896551724137931,58,58,62,0.00020924290940612357,0.0026631111976060445,-0.002453868288199921,0.0028723541070121675,0.2375,0.7625,263,80,1,0.0020031808734474474,0.0,true_anomaly_candidate,1,train_oof,58,263,907,25,-0.317889121181236,0.007208320127705739,0.015962262321129517,0.08597572035015771,-0.1126144222013354,0.1502321082150352,0.0069638276876572,0.2111493298565975,-0.33882220469306257,-0.29954590928099417,-0.008824914888722741,low,-2.497275468195145,0.034482758620689655,0.045627376425855515,0.011025358324145534,train_oof,0.1807722242668885,1,1,1,1,drop,train_oof,0.20232788980713348
RFERF_RF_ROSE,RFERF,supervised,RF,ROSE,56,69,0.002028263776205356,0.00038670407986677956,0.0016415596963385765,0.0024149678560721364,0.8275862068965517,0.1724137931034483,58,58,53,0.00029694324970092555,0.0016203580995167656,-0.00132341484981584,0.001917301349217691,0.525,0.475,263,80,1,0.0017313205265044303,-16.0,true_anomaly_candidate,1,train_oof,58,263,907,25,0.260609952074816,0.18937189821331118,-0.07484594188117545,0.15275357898739672,0.506794437311762,0.463569310741405,0.2330353023661358,0.3483023065537704,0.31890395649306263,0.09192114811148556,0.2617756955650282,high,1.265251324866367,0.017241379310344827,0.0,0.011025358324145534,train_oof,0.17462377710428478,1,1,1,1,drop,train_oof,0.20232788980713348
RFERF_RF_ROSE,RFERF,supervised,RF,ROSE,348,5,0.022411913515660752,0.0017056957071089642,0.020706217808551787,0.024117609222769724,0.5172413793103449,0.4827586206896552,58,58,6,0.005956906734802533,0.005887893929440171,6.901280536236555e-05,0.011844800664242695,0.325,0.675,263,80,1,0.01645500678085822,1.0,true_anomaly_candidate,1,train_oof,58,263,907,25,0.8052733068255563,0.3137579355237604,-0.14310658181367444,-0.12960666382288596,0.3596818570356326,0.0755893183818809,-0.2247370796235137,-0.249087868650978,1.0509587585200133,0.3327050652833462,0.5499269231647562,high,2.985508607163868,0.05172413793103448,0.022813688212927757,0.011025358324145534,train_oof,0.5119641216107926,0,1,1,0,drop,train_oof,0.20232788980713348
RFERF_RF_ROSE,RFERF,supervised,RF,ROSE,477,3,0.02299876924808604,0.0039790797190164436,0.019019689529069593,0.02697784896710249,0.5344827586206896,0.46551724137931033,58,58,5,0.006924288034603737,0.01278053446288474,-0.005856246428281009,0.019704822497488474,0.35,0.65,263,80,1,0.016074481213482303,2.0,true_anomaly_candidate,1,train_oof,58,263,907,25,0.34754027387074904,0.18803159796509025,-0.07459026212262383,-0.08889011126278841,0.052211176740999496,-0.0614956673154551,-0.1152107822120572,-0.1131200477350504,0.7486416512906192,0.08461616168541207,0.2823692777052844,high,0.679287550279064,0.034482758620689655,0.03802281368821293,0.011025358324145534,train_oof,0.4799620590124377,0,1,1,0,drop,train_oof,0.20232788980713348
RFERF_RF_ROSE,RFERF,supervised,RF,ROSE,129,7,0.017618048656462618,0.0018378238434775469,0.015780224812985067,0.01945587249994016,0.5344827586206896,0.46551724137931033,58,58,7,0.005461232642050691,0.0068227687841499515,-0.0013615361420992636,0.012284001426200643,0.4375,0.5625,263,80,1,0.012156816014411927,0.0,true_anomaly_candidate,1,train_oof,58,263,907,25,0.48776817150876245,0.4950437329060537,-0.1829517738690044,0.2804228297653815,0.460546058970014,0.460546058970014,0.1129306607787282,0.460546058970014,0.6479889806135923,-0.012394429919213638,0.699773766952224,high,1.811658045833748,0.017241379310344827,0.0076045627376425855,0.014332965821389196,train_oof,0.39943477895582324,0,1,1,0,drop,train_oof,0.20232788980713348
RFERF_RF_ROSE,RFERF,supervised,RF,ROSE,21,14,0.007036243408981263,0.0007788734706297923,0.006257369938351472,0.007815116879611055,0.5,0.5,58,58,15,0.0022147546195599053,0.003017594216526813,-0.0008028395969669064,0.005232348836086715,0.2375,0.7625,263,80,1,0.004821488789421358,1.0,true_anomaly_candidate,1,train_oof,58,263,907,25,0.5741415432784427,0.15704539286440847,-0.08328476306932238,0.041805951040909124,0.32320885567810176,0.1449260107352739,0.1488703214640976,0.2297286914049819,0.7812310909933905,0.27778657328911777,0.2567282884864008,high,1.2540582990590123,0.10344827586206896,0.07224334600760456,0.011025358324145534,train_oof,0.27783575725616133,0,1,1,0,drop,train_oof,0.20232788980713348
RFERF_RF_ROSE,RFERF,supervised,RF,ROSE,486,9,0.012302113033952044,0.004252721556317216,0.008049391477634825,0.01655483459026925,0.8275862068965517,0.1724137931034483,58,58,10,0.003911252418535509,0.00557212623097184,-0.0016608738124363285,0.009483378649507348,0.8,0.2,263,80,1,0.008390860615416535,1.0,true_anomaly_candidate,1,train_oof,58,263,907,25,0.043748658855285054,-0.035478766191656255,-0.00711353870792446,0.44749050189875633,-0.1650542093836208,-0.2550711922323425,-0.1366130622708667,0.4596704295268876,0.049914389669065015,0.08866173166326967,-0.02839679657263377,low,-1.0674901188596386,0.1724137931034483,0.20532319391634982,0.35832414553472985,train_oof,0.27316806160562646,1,0,1,0,drop,train_oof,0.20232788980713348
RFERF_RF_ROSE,RFERF,supervised,RF,ROSE,333,24,0.005227670938370432,0.0011242984695586703,0.00410337246881176,0.006351969407929103,0.3620689655172414,0.6379310344827587,58,58,39,0.000538122645744208,0.004333576458509735,-0.0037954538127655257,0.004871699104253944,0.125,0.875,263,80,1,0.004689548292626224,15.0,true_anomaly_candidate,1,train_oof,58,263,907,25,0.3044057606927245,0.12057637889664347,-0.05424115512968418,-0.023199966206596957,-0.03676770116004295,-0.0941504873313159,-0.0785090718353348,0.0205090415163418,0.7273858862070421,0.09660011957479687,0.1818578655389314,high,0.7101088283381014,0.06896551724137931,0.026615969581749048,0.011025358324145534,train_oof,0.26435350490020115,0,1,1,0,drop,train_oof,0.20232788980713348
RFERF_RF_ROSE,RFERF,supervised,RF,ROSE,33,19,0.005917684680829412,0.001325350570441307,0.004592334110388107,0.0072430352512707205,0.5344827586206896,0.46551724137931033,58,58,32,0.000908178222914368,0.004057408544757599,-0.00314923032184323,0.004965586767671968,0.1875,0.8125,263,80,1,0.005009506457915044,13.0,true_anomaly_candidate,1,train_oof,58,263,907,25,0.5090547417317071,0.05990379251794944,-0.046904435744359846,-0.1101184827798606,-0.0618285981470981,-0.1104600893522285,-0.1539064807982051,-0.1572276558073355,0.5416823319578017,0.3627902492615909,0.1176798795696684,high,3.088305898013492,0.05172413793103448,0.0076045627376425855,0.013230429988974642,train_oof,0.2531415049223652,0,1,1,0,drop,train_oof,0.20232788980713348
RFERF_RF_ROSE,RFERF,supervised,RF,ROSE,102,16,0.006810615268075821,0.000382782102090253,0.006427833165985567,0.007193397370166075,0.8103448275862069,0.1896551724137931,58,58,28,0.000979634542083431,0.0037706040133789393,-0.00279096947129551,0.004750238555462369,0.4625,0.5375,263,80,1,0.00583098072599239,12.0,true_anomaly_candidate,1,train_oof,58,263,907,25,-0.20532535618430012,-0.053324315502285315,0.03288064979803501,-0.1763819606910986,-0.4465940926555398,-0.048656986199593,-0.0310065500261438,-0.2187430075073767,-0.23749474953965385,-0.14040168180480808,-0.0881149209222216,low,-2.0617373693346805,0.05172413793103448,0.015209125475285171,0.011025358324145534,train_oof,0.23780844467269247,1,0,1,0,drop,train_oof,0.20232788980713348
RFERF_RF_ROSE,RFERF,supervised,RF,ROSE,551,25,0.004949218220992181,0.0015612406261587383,0.003387977594833443,0.006510458847150919,0.27586206896551724,0.7241379310344828,58,58,17,0.0018531658589509322,0.002984835677083784,-0.0011316698181328523,0.004838001536034718,0.1375,0.8625,263,80,1,0.0030960523620412487,-8.0,true_anomaly_candidate,1,train_oof,58,263,907,25,0.35982637688152586,0.06550513125956436,-0.046387784028358615,-0.1177916508032307,0.00972901337675525,-0.0476735569507304,-0.0542745109900623,-0.1664907296587043,0.6560050820750655,0.17007250444928418,0.14186344194118733,high,0.6520275712184497,0.08620689655172414,0.04182509505703422,0.013230429988974642,train_oof,0.2355957690050131,0,1,1,0,drop,train_oof,0.20232788980713348
RFERF_RF_ROSE,RFERF,supervised,RF,ROSE,25,28,0.004737921687474046,0.0020374604590605513,0.002700461228413496,0.006775382146534597,0.2413793103448276,0.7586206896551724,58,58,30,0.0009518434585672776,0.00413610641719675,-0.0031842629586294724,0.005087949875764027,0.15,0.85,263,80,1,0.0037860782289067686,2.0,true_anomaly_candidate,1,train_oof,58,263,907,25,-0.34484092834275043,-0.31471325255690474,0.10695207348402187,0.2044048412774463,0.41012689414885717,0.4090027299255162,0.449472641965793,0.4876942255593879,-0.5325012065146019,-0.02108499218105974,-0.44903356106518455,low,-1.3620168291681922,0.15517241379310345,0.11026615969581749,0.011025358324145534,train_oof,0.23195589786858084,0,1,1,0,drop,train_oof,0.20232788980713348
RFERF_RF_ROSE,RFERF,supervised,RF,ROSE,425,23,0.005296712082177065,0.0006148605643736088,0.0046818515178034545,0.005911572646550675,0.5344827586206896,0.46551724137931033,58,58,36,0.0006510920598542774,0.003827695376594396,-0.003176603316740118,0.004478787436448674,0.225,0.775,263,80,1,0.004645620022322787,13.0,true_anomaly_candidate,1,train_oof,58,263,907,25,0.15801480502592416,0.24109484778240373,-0.08178545011423163,0.03484614488302611,-0.1522742986350143,-0.1654059942400548,-0.2694681476071089,-0.1856848652842148,0.3252111894457092,-0.054004122388071125,0.3239207301150922,high,1.7077610751441552,0.017241379310344827,0.04182509505703422,0.011025358324145534,train_oof,0.22525153163064776,0,1,1,0,drop,train_oof,0.20232788980713348
RFERF_RF_ROSE,RFERF,supervised,RF,ROSE,295,82,0.001568280090807042,0.0002064086487443962,0.001361871442062646,0.0017746887395514383,0.5344827586206896,0.46551724137931033,58,58,57,0.0002832032989203066,0.001261862282626536,-0.0009786589837062298,0.0015450655815468423,0.1,0.9,263,80,1,0.0012850767918867355,-25.0,true_anomaly_candidate,1,train_oof,58,263,907,25,0.4752689699880388,0.3567103779172531,-0.1340316145008329,0.02216316364620522,-0.034183389266977754,-0.0676882825396223,-0.2228083970858065,-0.1897737524568924,0.8143584610973704,0.07707072105150051,0.5259461851381864,high,2.5634118749675947,0.1206896551724138,0.08745247148288973,0.011025358324145534,train_oof,0.21488287076705806,0,1,1,0,drop,train_oof,0.20232788980713348
RFERF_RF_ROSE,RFERF,supervised,RF,ROSE,137,30,0.004578573814726183,0.00036931533152535827,0.004209258483200825,0.004947889146251541,0.7931034482758621,0.20689655172413793,58,58,31,0.000922287300053188,0.003750535460272776,-0.0028282481602195865,0.004672822760325964,0.4125,0.5875,263,80,1,0.003656286514672995,1.0,true_anomaly_candidate,1,train_oof,58,263,907,25,0.21325221105026967,0.10978882783011505,-0.04783263595808264,0.10205614072474731,0.3615915043656278,0.0698597742040226,-0.1708429734540673,-0.0418271258598693,0.2552773815918609,0.11598116278291347,0.15740100135604687,high,2.4372964628501053,0.017241379310344827,0.0,0.011025358324145534,train_oof,0.20294852425260052,1,0,1,0,drop,train_oof,0.20232788980713348
RFERF_RF_ROSE,RFERF,supervised,RF,ROSE,428,22,0.005343803258534393,0.00020764659689213907,0.005136156661642253,0.005551449855426532,0.8793103448275862,0.1206896551724138,58,58,33,0.0007593843857140478,0.0021227946130631817,-0.0013634102273491337,0.002882178998777231,0.45,0.55,263,80,1,0.004584418872820345,11.0,true_anomaly_candidate,1,train_oof,58,263,907,25,-0.05992123054631155,0.01658979832518533,0.0030038690057966936,-0.12828807640799333,-0.06599969927333416,-0.0342633984170032,-0.1739380872951161,-0.1652186629248795,-0.05662390484318375,-0.17979135546739447,0.013156714987238156,high,6.441373360475646,0.0,0.0,0.012127894156560088,train_oof,0.19872411866167727,1,0,1,0,drop,train_oof,0.20232788980713348
RFERF_RF_ROSE,RFERF,supervised,RF,ROSE,132,29,0.004639558827184486,0.0005901158877425253,0.00404944293944196,0.005229674714927012,0.46551724137931033,0.5344827586206896,58,58,18,0.0018279412362043536,0.0025554146917941617,-0.0007274734555898076,0.004383355927998516,0.1375,0.8625,263,80,1,0.0028116175909801326,-11.0,true_anomaly_candidate,1,train_oof,58,263,907,25,0.25319050113668345,0.23362506013566536,-0.07197601520752639,-0.4498692136092053,0.2915072948730967,0.2438849940864094,-0.2715563791341964,-0.5965085492080532,0.32243420226961444,0.02084151890182054,0.3117715899682325,high,2.176790143663675,0.0,0.0,0.012127894156560088,train_oof,0.19858515678610197,0,1,1,0,drop,train_oof,0.20232788980713348
RFERF_RF_ROSE,RFERF,supervised,RF,ROSE,0,37,0.0037741056308503284,0.0006965634766839283,0.003077542154166399,0.004470669107534258,0.6379310344827587,0.3620689655172414,58,58,55,0.00029354188008956343,0.0038157450262894252,-0.0035222031461998615,0.004109286906378989,0.1625,0.8375,263,80,1,0.003480563750760765,18.0,true_anomaly_candidate,1,train_oof,58,263,907,25,-0.20968966338681153,-0.09850450601398057,0.038273176446524566,0.0911709882693368,-0.32063908067177155,-0.0735882750784055,-0.0179317726837895,-0.4965509995113439,-0.2521830919944336,-0.11101413364594226,-0.13914791413569502,low,-2.025014693474767,0.017241379310344827,0.030418250950570342,0.011025358324145534,train_oof,0.19743005237380423,1,0,1,0,drop,train_oof,0.20232788980713348
RFERF_RF_ROSE,RFERF,supervised,RF,ROSE,281,27,0.0047553243613442635,0.0011726619859513806,0.0035826623753928825,0.005927986347295644,0.6724137931034483,0.3275862068965517,58,58,24,0.001426502360107452,0.00353063887988869,-0.0021041365197812393,0.004957141239996143,0.6125,0.3875,263,80,1,0.0033288220012368114,-3.0,true_anomaly_candidate,1,train_oof,58,263,907,25,-0.1355345548022142,0.06866163701754009,-0.0015538021720786612,-0.3527467286506604,-0.2995154980071485,-0.1971477467696444,-0.1824571169556725,-0.3460462940242044,-0.14000550224425742,-0.18105493389907298,0.06949813529646852,low,-1.2755454752609117,0.05172413793103448,0.015209125475285171,0.011025358324145534,train_oof,0.18818777205768333,1,0,1,0,drop,train_oof,0.20232788980713348
RFERF_RF_ROSE,RFERF,supervised,RF,ROSE,41,38,0.00377342955922956,0.0002201935234673111,0.003553236035762248,0.003993623082696871,0.7068965517241379,0.29310344827586204,58,58,46,0.00036642246612229466,0.00201678493362466,-0.001650362467502366,0.0023832073997469556,0.275,0.725,263,80,1,0.003407007093107265,8.0,true_anomaly_candidate,1,train_oof,58,263,907,25,0.08996744879905869,0.13311881465841066,-0.0425160635530636,-0.06858725811628251,0.07739846787931459,-0.0915496493245068,-0.1242932951890429,-0.1615846696458756,0.15810510011884524,-0.03259906848579318,0.1728218241228393,high,1.3050305149982466,0.0,0.015209125475285171,0.011025358324145534,train_oof,0.18739355179974904,1,0,1,0,drop,train_oof,0.20232788980713348
RFERF_RF_ROSE,RFERF,supervised,RF,ROSE,55,33,0.00402330597932587,8.175114720487051e-05,0.003941554832120999,0.004105057126530741,0.8448275862068966,0.15517241379310345,58,58,47,0.0003618577158168648,0.0018890994830045415,-0.001527241767187676,0.002250957198821406,0.2125,0.7875,263,80,1,0.0036614482635090053,14.0,true_anomaly_candidate,1,train_oof,58,263,907,25,0.037681481657775066,0.15120944653069876,-0.04387570180961189,-0.04460815986290074,-0.4082087093254787,0.1175925249213401,-0.077148672947852,0.0786442853475016,0.08831290172455113,-0.09110081735923584,0.19911509768892882,low,-2.063508891213612,0.0,0.019011406844106463,0.012127894156560088,train_oof,0.18490258768016132,1,0,1,0,drop,train_oof,0.20232788980713348
RFERF_RF_ROSE,RFERF,supervised,RF,ROSE,416,39,0.003542543907898899,0.0007778726389678495,0.0027646712689310504,0.0043204165468667495,0.8620689655172413,0.13793103448275862,58,58,29,0.0009679950758045449,0.004779500791613953,-0.003811505715809407,0.005747495867418497,0.55,0.45,263,80,1,0.0025745488320943538,-10.0,true_anomaly_candidate,1,train_oof,58,263,907,25,-0.24637229056228885,0.03635322315037592,0.005925193339579933,-0.12233924305774518,-0.482210068810073,-0.1480384983613979,-0.1530919453867149,-0.1573526948394335,-0.2453212180822523,-0.3180291174998709,0.030004577031990474,low,-2.1572295833095927,0.0,0.0038022813688212928,0.012127894156560088,train_oof,0.18406502608052763,1,0,1,0,drop,train_oof,0.20232788980713348
RFERF_RF_ROSE,RFERF,supervised,RF,ROSE,19,32,0.004364946481217356,0.0004793768554798543,0.003885569625737501,0.0048443233366972085,0.9482758620689655,0.05172413793103448,58,58,26,0.0012269856648484804,0.0057621236432680535,-0.0045351379784195735,0.006989109308116533,0.7625,0.2375,263,80,1,0.0031379608163688752,-6.0,true_anomaly_candidate,1,train_oof,58,263,907,25,0.09966997642881271,0.03946041262987239,-0.022323968737550305,0.16719545062043725,0.0274810776995651,-0.000629937536488,0.0834403884031107,0.1186448373903197,0.10883347697198852,0.17574773170636515,0.060034899853552,low,-1.913093238382708,0.0,0.0,0.011025358324145534,train_oof,0.1812665033931318,1,0,1,0,drop,train_oof,0.20232788980713348
RFERF_RF_ROSE,RFERF,supervised,RF,ROSE,271,52,0.0025742834628377344,0.00022445627154990926,0.002349827191287827,0.002798739734387644,0.603448275862069,0.39655172413793105,58,58,64,0.00017442634848016114,0.0021842542820428475,-0.0020098279335626864,0.0023586806305230085,0.075,0.925,263,80,1,0.0023998571143575734,12.0,true_anomaly_candidate,1,train_oof,58,263,907,25,0.23296552143623786,0.09200723294877353,-0.03962457145954424,-0.07050784589330668,0.0632088479013114,0.1449223298060221,-0.0811605892464109,-0.0856759809128795,0.2733002191985669,0.14031532106604408,0.13234202090741584,high,2.14180567131077,0.0,0.019011406844106463,0.011025358324145534,train_oof,0.1809617436268898,1,0,1,0,drop,train_oof,0.20232788980713348
RFERF_RF_ROSE,RFERF,supervised,RF,ROSE,48,49,0.0027187698785146866,0.00019309016361005553,0.0025256797149046306,0.0029118600421247426,0.8620689655172413,0.13793103448275862,58,58,65,0.00017120015606019535,0.003932403053002451,-0.003761202896942255,0.004103603209062646,0.075,0.925,263,80,1,0.002547569722454491,16.0,true_anomaly_candidate,1,train_oof,58,263,907,25,-0.22366474723170643,0.037147854108028615,-0.006430162430420836,0.3677784609786752,-0.450972370595158,0.093883726338901,-0.0161785995563887,0.233912750255946,-0.22927039630251853,-0.23161561798312771,0.043694965787803644,low,-2.240415373422968,0.0,0.030418250950570342,0.011025358324145534,train_oof,0.17917484977307171,1,0,1,0,drop,train_oof,0.20232788980713348
RFERF_RF_ROSE,RFERF,supervised,RF,ROSE,131,41,0.003334398637655215,0.00033394308344312254,0.0030004555542120924,0.0036683417210983367,0.8448275862068966,0.15517241379310345,58,58,41,0.00044172667220676413,0.0035080827041798573,-0.0030663560319730923,0.003949809376386621,0.4375,0.5625,263,80,1,0.0028926719654484507,0.0,true_anomaly_candidate,1,train_oof,58,263,907,25,0.16420345823913263,-0.09241475625634447,0.018319341996010857,-0.05634101138470132,0.061292721391503505,-0.2218995982549173,-0.0476274015494089,-0.2654676474312823,0.14257029477062735,0.2771656850941569,-0.11065748718436477,high,2.235338375292285,0.034482758620689655,0.011406844106463879,0.011025358324145534,train_oof,0.17756797570086386,1,0,1,0,drop,train_oof,0.20232788980713348
RFERF_RF_ROSE,RFERF,supervised,RF,ROSE,90,48,0.0027321852073777988,0.0005148042350457691,0.0022173809723320306,0.003246989442423569,0.7931034482758621,0.20689655172413793,58,58,42,0.000393510650020212,0.002223273512894539,-0.0018297628628743262,0.002616784162914751,0.45,0.55,263,80,1,0.002338674557357587,-6.0,true_anomaly_candidate,1,train_oof,58,263,907,25,-0.18993492682310606,-0.08937875325273607,0.04047637870304432,-0.07361923491435957,-0.13349934120387447,-0.0497827970348269,0.0370371863285813,-0.1152094003781243,-0.23403260589769667,-0.10321387588755328,-0.13052528134193078,low,-2.189751168597134,0.017241379310344827,0.022813688212927757,0.011025358324145534,train_oof,0.17694748150671508,1,0,1,0,drop,train_oof,0.20232788980713348
RFERF_RF_ROSE,RFERF,supervised,RF,ROSE,58,56,0.002354936782872321,0.0002954219857738516,0.00205951479709847,0.0026503587686461725,0.8103448275862069,0.1896551724137931,58,58,49,0.0003166452347037278,0.00163063930407832,-0.0013139940693745918,0.0019472845387820477,0.3375,0.6625,263,80,1,0.0020382915481685932,-7.0,true_anomaly_candidate,1,train_oof,58,263,907,25,0.16636591003523046,0.3795847939577176,-0.12381725673078542,0.16508491972271602,0.1758648278646339,0.415941331377423,-0.432289656463813,-0.0158424538101859,0.2887163923178493,-0.2442548905986916,0.5109335046844817,high,2.2085282874344343,0.0,0.011406844106463879,0.011025358324145534,train_oof,0.17691794797950394,1,0,1,0,drop,train_oof,0.20232788980713348
RFERF_RF_ROSE,RFERF,supervised,RF,ROSE,571,34,0.003955521801912537,0.00012359625910247576,0.0038319255428100616,0.004079118061015012,0.8448275862068966,0.15517241379310345,58,58,51,0.0003120782767080527,0.0018317040437995803,-0.0015196257670915272,0.0021437823205076338,0.1625,0.8375,263,80,1,0.0036434435252044846,17.0,true_anomaly_candidate,1,train_oof,58,263,907,25,-0.05760135737944432,0.18682324820986476,-0.04792118677202927,-0.09316476595825954,0.37750370330049066,0.4171345032488919,-0.045709609909955,0.3615059491928787,-0.00998230712804629,-0.2186888136220149,0.24172741259658848,high,2.0630488911976457,0.0,0.0,0.011025358324145534,train_oof,0.17686829711155155,1,0,1,0,drop,train_oof,0.20232788980713348
RFERF_RF_ROSE,RFERF,supervised,RF,ROSE,57,59,0.002314097033825319,0.00043293266958601,0.0018811643642393096,0.002747029703411329,0.6379310344827587,0.3620689655172414,58,58,56,0.0002892257689992111,0.003216116875150555,-0.002926891106151344,0.0035053426441497655,0.225,0.775,263,80,1,0.002024871264826108,-3.0,true_anomaly_candidate,1,train_oof,58,263,907,25,-0.2738864383011125,0.048060426111975627,0.003428254534626548,0.014990505551728883,-0.17763363800520426,0.1563718057566331,0.0132266155729998,-0.0583459795188432,-0.27740914019959756,-0.315155851843529,0.044940516011426984,low,-2.3963840858517584,0.034482758620689655,0.019011406844106463,0.012127894156560088,train_oof,0.1755037918320904,1,0,1,0,drop,train_oof,0.20232788980713348
RFERF_RF_ROSE,RFERF,supervised,RF,ROSE,182,53,0.0025124482432354236,7.644799913455663e-05,0.002436000244100867,0.0025888962423699802,0.9827586206896551,0.017241379310344827,58,58,61,0.00022817373012613932,0.00287357562175023,-0.0026454018916240917,0.003101749351876369,0.4375,0.5625,263,80,1,0.0022842745131092844,8.0,true_anomaly_candidate,1,train_oof,58,263,907,25,-0.18130579585323373,-0.17001579168257705,0.058822656070837365,0.10277760393782401,-0.3539758087734123,-0.2947863244390721,-0.0012064821407448,0.4202226463197571,-0.2311878064013045,-0.013974002970439856,-0.22612529388329397,low,-1.4922132683165075,0.0,0.015209125475285171,0.011025358324145534,train_oof,0.175163506736597,1,0,1,0,drop,train_oof,0.20232788980713348
RFERF_RF_ROSE,RFERF,supervised,RF,ROSE,144,45,0.002984170626424757,0.0004781770894063525,0.0025059935370184048,0.00346234771583111,0.7586206896551724,0.2413793103448276,58,58,34,0.0007416572096159234,0.0018670383643914976,-0.0011253811547755734,0.0026086955740074204,0.5625,0.4375,263,80,1,0.0022425134168088338,-11.0,true_anomaly_candidate,1,train_oof,58,263,907,25,-0.13457227447324277,-0.21901873789758325,0.08265230835804942,-0.3543675868655884,-0.25627802578517545,-0.3539119618307093,-0.1374900702631093,-0.477581614155052,-0.20703321156413704,0.10222483568952975,-0.30224108858556586,low,-1.1136341628463562,0.0,0.045627376425855515,0.011025358324145534,train_oof,0.17399952086491793,1,0,1,0,drop,train_oof,0.20232788980713348
RFERF_RF_ROSE,RFERF,supervised,RF,ROSE,423,43,0.0031160829576644716,0.0005117811087523915,0.0026043018489120794,0.003627864066416862,0.46551724137931033,0.5344827586206896,58,58,37,0.0006092319225663183,0.003496040142370679,-0.00288680821980436,0.004105272064936997,0.15,0.85,263,80,1,0.0025068510350981536,-6.0,true_anomaly_candidate,1,train_oof,58,263,907,25,0.057766311215253247,0.18091444865576636,-0.07153466804786734,0.5413427624082309,-0.27021081631157406,0.0197377703041906,-0.3001033665586309,0.0198201273303816,0.13780889699156537,-0.1119735065684522,0.255038444591389,high,3.514493328181322,0.0,0.011406844106463879,0.011025358324145534,train_oof,0.17126482469679358,0,0,1,0,drop,train_oof,0.20232788980713348
RFERF_RF_ROSE,RFERF,supervised,RF,ROSE,280,42,0.0032193736441122,0.00019972799464430309,0.003019645649467898,0.003419101638756503,0.6896551724137931,0.3103448275862069,58,58,25,0.0012662848492590816,0.0026151927371396368,-0.0013489078878805556,0.003881477586398718,0.4125,0.5875,263,80,1,0.0019530887948531184,-17.0,true_anomaly_candidate,1,train_oof,58,263,907,25,-0.18845524440730377,0.015100530055633306,0.012730155771533221,-0.19774722521166452,-0.3087966721704196,-0.2617418217641674,-0.1519471708162455,-0.2146869713579154,-0.2074853175414676,-0.1924076459583057,0.002328017013973101,low,-1.3901171345060976,0.0,0.011406844106463879,0.011025358324145534,train_oof,0.17110696861199232,1,0,1,0,drop,train_oof,0.20232788980713348
RFERF_RF_ROSE,RFERF,supervised,RF,ROSE,16,68,0.0020596559050685397,0.00039087091876045615,0.0016687849863080838,0.0024505268238289952,0.6551724137931034,0.3448275862068966,58,58,78,9.014426722839505e-05,0.0023787139771289474,-0.002288569709900552,0.0024688582443573416,0.1625,0.8375,263,80,1,0.0019695116378401446,10.0,true_anomaly_candidate,1,train_oof,58,263,907,25,0.1866155348886138,0.1141691761127243,-0.052545088550176186,0.2633666450078352,0.18078674732578093,0.1688267351095921,-0.0574168293133384,0.1576640570411457,0.24746551926855012,0.06609515562459692,0.16771633587036303,high,1.8598847557226261,0.05172413793103448,0.022813688212927757,0.011025358324145534,train_oof,0.17096847384341626,1,0,1,0,drop,train_oof,0.20232788980713348
RFERF_RF_ROSE,RFERF,supervised,RF,ROSE,156,36,0.003917248708580414,0.0005434582059077531,0.00337379050267266,0.0044607069144881675,0.3275862068965517,0.6724137931034483,58,58,35,0.0006604833244576245,0.0038949295469923153,-0.0032344462225346914,0.004555412871449939,0.05,0.95,263,80,1,0.003256765384122789,-1.0,true_anomaly_candidate,1,train_oof,58,263,907,25,0.005905134476886388,-0.03600016122528049,0.00833462302594729,0.06264166072221139,-0.12472621185540535,-0.1195642464666502,-0.1207113498863735,-0.0989163849116293,-0.0022044445788520425,0.08053139425689967,-0.04308262731627604,low,-0.4889315476175785,0.017241379310344827,0.0,0.012127894156560088,train_oof,0.17091641613848688,0,0,1,0,drop,train_oof,0.20232788980713348
RFERF_RF_ROSE,RFERF,supervised,RF,ROSE,468,93,0.0009596088973999548,0.0005530009609106517,0.0004066079364893031,0.0015126098583106064,0.5689655172413793,0.43103448275862066,58,58,90,3.544082416549138e-05,0.0038636520270070073,-0.003828211202841516,0.003899092851172498,0.0375,0.9625,263,80,1,0.0009241680732344635,-3.0,true_anomaly_candidate,1,train_oof,58,263,907,25,-0.25623677377138737,-0.460769913801807,0.1463369195088472,0.14233192540767092,-0.5659280297636253,-0.7450965108472175,-0.1048129105025098,-0.2529996158133769,-0.40121789827964405,0.2510231812029674,-0.6298429013182955,low,-0.9802319324172032,0.017241379310344827,0.07984790874524715,0.18081587651598677,train_oof,0.1681138365432841,0,1,1,0,drop,train_oof,0.20232788980713348
RFERF_RF_ROSE,RFERF,supervised,RF,ROSE,310,57,0.0023482542779160076,0.00041073102294529785,0.0019375232549707106,0.002758985300861306,0.7068965517241379,0.29310344827586204,58,58,66,0.00016576487005300904,0.002067244661497716,-0.0019014797914447073,0.002233009531550725,0.25,0.75,263,80,1,0.0021824894078629987,9.0,true_anomaly_candidate,1,train_oof,58,263,907,25,0.15828681587589136,0.028331437068823538,-0.022500748095504414,0.14472109451409673,0.0648005498315571,-0.0445548134740834,-0.0627807073583575,0.0853046804513651,0.17706230673668527,0.13952820919596695,0.050414800032861376,high,2.520739750737417,0.0,0.0038022813688212928,0.016538037486218304,train_oof,0.16801619984193916,1,0,1,0,drop,train_oof,0.20232788980713348
RFERF_RF_ROSE,RFERF,supervised,RF,ROSE,139,78,0.0017141607874342068,0.00014333267834036503,0.0015708281090938416,0.0018574934657745717,0.9137931034482759,0.08620689655172414,58,58,82,7.002621148312687e-05,0.0027372422417844757,-0.0026672160303013483,0.0028072684532676026,0.15,0.85,263,80,1,0.0016441345759510798,4.0,true_anomaly_candidate,1,train_oof,58,263,907,25,-0.2323137082790676,-0.11895208881258705,0.042056519753056305,0.3042558673717442,-0.41271972981373684,-0.3850101437666456,-0.267461606788287,-0.0030020069607602,-0.26720161035019274,-0.13331643559669565,-0.16165706358887594,low,-1.1078861938099596,0.017241379310344827,0.0038022813688212928,0.011025358324145534,train_oof,0.16735727574882647,1,0,1,0,drop,train_oof,0.20232788980713348
RFERF_RF_ROSE,RFERF,supervised,RF,ROSE,35,44,0.0030381135253728974,0.002186633855298401,0.0008514796700744957,0.005224747380671298,0.2413793103448276,0.7586206896551724,58,58,86,5.428223739970331e-05,0.004519178630897998,-0.004464896393498295,0.0045734608682977025,0.0375,0.9625,263,80,1,0.002983831287973194,42.0,true_anomaly_candidate,1,train_oof,58,263,907,25,0.018732894001194638,-0.03610771413597484,0.013176428615375255,-0.14809950215157747,-0.1750404154125366,-0.1597856582794808,-0.1479288802234516,-0.1479288802234516,0.00524035926564768,0.06748093547597309,-0.04845555806029731,low,-0.3208643260162251,0.017241379310344827,0.0038022813688212928,0.013230429988974642,train_oof,0.1644452019193906,0,0,1,0,drop,train_oof,0.20232788980713348
RFERF_RF_ROSE,RFERF,supervised,RF,ROSE,2,47,0.002917640035735395,0.00030685517482369445,0.0026107848609117005,0.003224495210559089,0.6206896551724138,0.3793103448275862,58,58,70,0.00015387456571307233,0.00200508218226506,-0.0018512076165519877,0.0021589567479781326,0.1375,0.8625,263,80,1,0.0027637654700223228,23.0,true_anomaly_candidate,1,train_oof,58,263,907,25,0.02415213021501333,0.055073116574367066,-0.013731836203188444,-0.11554642467584944,-0.13603606623267728,-0.0945529583060222,0.0668723496040478,-0.1482363840957742,0.03705874794573656,-0.03206554799817232,0.06908620456864233,low,-2.5553411916221265,0.0,0.0,0.015435501653803748,train_oof,0.16419444463978636,1,0,1,0,drop,train_oof,0.20232788980713348
RFERF_RF_ROSE,RFERF,supervised,RF,ROSE,273,64,0.002158704328571616,0.00014761968412224747,0.0020110846444493687,0.0023063240126938635,0.8103448275862069,0.1896551724137931,58,58,58,0.00026844426420061056,0.0018778996731732074,-0.001609455408972597,0.0021463439373738177,0.075,0.925,263,80,1,0.0018902600643710054,-6.0,true_anomaly_candidate,1,train_oof,58,263,907,25,0.08182968269607319,0.23741339289076213,-0.07220065340767193,0.10788801026826064,-0.18892444022391258,-0.1090203173426395,-0.1682038627598553,-0.122327110209465,0.16798732164106064,-0.12849059074800687,0.3117739782715172,low,-2.796662974903808,0.0,0.0,0.013230429988974642,train_oof,0.16262698514680468,1,0,1,0,drop,train_oof,0.20232788980713348
RFERF_RF_ROSE,RFERF,supervised,RF,ROSE,405,35,0.003935049306113782,0.0005661297405321141,0.003368919565581668,0.004501179046645897,0.5172413793103449,0.4827586206896552,58,58,19,0.0016826406990057257,0.0017984475113775125,-0.00011580681237178643,0.003481088210383238,0.2875,0.7125,263,80,1,0.0022524086071080565,-16.0,true_anomaly_candidate,1,train_oof,58,263,907,25,0.04132381133626175,-0.022403364391017,0.006346882356353792,-0.12061027549154721,-0.007339654851612799,-0.0537620403597826,-0.1001844258679525,-0.1837447197826582,0.03495777931631851,0.06374067043826459,-0.029059027530471508,high,2.0445297846094923,0.0,0.0038022813688212928,0.017640573318632856,train_oof,0.1609882772410141,0,0,1,0,drop,train_oof,0.20232788980713348
RFERF_RF_ROSE,RFERF,supervised,RF,ROSE,126,76,0.0017609115241749066,0.00010700395789324543,0.001653907566281661,0.001867915482068152,0.8620689655172413,0.13793103448275862,58,58,93,2.6883532626206025e-05,0.0015353729001446425,-0.0015084893675184363,0.0015622564327708488,0.075,0.925,263,80,1,0.0017340279915487005,17.0,true_anomaly_candidate,1,train_oof,58,263,907,25,0.1868548216304731,-0.015163300590386968,-0.00890824426308734,-0.022799036418992728,0.07307544787422429,-0.0639999994404245,-0.0953315302551998,0.0417439170594482,0.18457018928371768,0.2558380415672096,-0.006211448000833227,high,4.717974891164911,0.0,0.0,0.013230429988974642,train_oof,0.16073671768241346,1,0,1,0,drop,train_oof,0.20232788980713348
RFERF_RF_ROSE,RFERF,supervised,RF,ROSE,115,80,0.001621244145770642,0.0003972697354968332,0.001223974410273809,0.0020185138812674757,0.6896551724137931,0.3103448275862069,58,58,68,0.0001640586663824841,0.0017016033174320703,-0.0015375446510495858,0.0018656619838145548,0.1375,0.8625,263,80,1,0.001457185479388158,-12.0,true_anomaly_candidate,1,train_oof,58,263,907,25,-0.17872258839277338,-0.05976523311729968,0.03246890219222435,-0.13460511406874245,-0.012297853451642249,0.0571040356434971,0.1009736080484518,0.0558224987071523,-0.21362441061842963,-0.11363797276035871,-0.09229070707402684,low,-2.8073665738282974,0.0,0.011406844106463879,0.011025358324145534,train_oof,0.15940637206815816,1,0,1,0,drop,train_oof,0.20232788980713348
RFERF_RF_ROSE,RFERF,supervised,RF,ROSE,31,60,0.002305288873467982,0.0003927932235260566,0.0019124956499419255,0.002698082096994038,0.8620689655172413,0.13793103448275862,58,58,40,0.00047678260693482486,0.002245590461368164,-0.001768807854433339,0.0027223730683029893,0.7125,0.2875,263,80,1,0.001828506266533157,-20.0,true_anomaly_candidate,1,train_oof,58,263,907,25,-0.13728207275255702,0.0623021103879076,-0.0009398468814468514,-0.2850473723064753,-0.42210975833819825,-0.4062925773716831,-0.4678865409001133,-0.4838898063485874,-0.13667303802031838,-0.20437263903073158,0.06260034738953256,high,1.952588749733421,0.0,0.0,0.011025358324145534,train_oof,0.15933102840988614,1,0,1,0,drop,train_oof,0.20232788980713348
RFERF_RF_ROSE,RFERF,supervised,RF,ROSE,8,63,0.0021891124748513176,0.0003359321229191236,0.0018531803519321933,0.002525044597770442,0.8448275862068966,0.15517241379310345,58,58,50,0.0003152180212134221,0.00329951241753563,-0.0029842943963222087,0.0036147304387490523,0.3625,0.6375,263,80,1,0.0018738944536378956,-13.0,true_anomaly_candidate,1,train_oof,58,263,907,25,0.06921173077610554,0.2226598793560035,-0.06893901320757645,-0.05007037423067622,0.10882140499224374,0.1623271618490666,-0.1221338239720181,-0.0923331492669525,0.1340671609830342,-0.1806702412208266,0.28939669668800616,high,2.0989646448414585,0.0,0.0076045627376425855,0.011025358324145534,train_oof,0.15925249176159142,1,0,1,0,drop,train_oof,0.20232788980713348
RFERF_RF_ROSE,RFERF,supervised,RF,ROSE,344,77,0.0017145804476195396,0.0001825166803930053,0.0015320637672265344,0.0018970971280125454,0.7931034482758621,0.20689655172413793,58,58,67,0.0001652605048705885,0.0031398117289857174,-0.0029745512241151294,0.003305072233856307,0.15,0.85,263,80,1,0.0015493199427489511,-10.0,true_anomaly_candidate,1,train_oof,58,263,907,25,-0.19930064474893064,0.09443627263635604,-0.015293491731928684,0.018372859920063555,-0.15307055614252735,0.0862521622357961,-0.0207885983640466,0.1067406481938169,-0.18540664237976417,-0.27877174598853904,0.10978696131048518,low,-2.072742004772337,0.05172413793103448,0.019011406844106463,0.011025358324145534,train_oof,0.158230723267608,1,0,1,0,drop,train_oof,0.20232788980713348
RFERF_RF_ROSE,RFERF,supervised,RF,ROSE,183,71,0.0018456103510529288,0.0001474968893654336,0.0016981134616874953,0.0019931072404183623,0.7068965517241379,0.29310344827586204,58,58,60,0.0002669142570740211,0.002498625766037657,-0.002231711508963635,0.0027655400231116787,0.2875,0.7125,263,80,1,0.0015786960939789076,-11.0,true_anomaly_candidate,1,train_oof,58,263,907,25,0.11664887277541582,0.0381728835091742,-0.024117300791687522,0.197031367613937,0.34759919540879536,0.3398467134072339,-0.0052118722849156,0.6225928965962652,0.1463959585092001,0.0708650060927599,0.06206125912756456,high,1.9420331531480846,0.017241379310344827,0.0076045627376425855,0.011025358324145534,train_oof,0.15532947313863393,1,0,1,0,drop,train_oof,0.20232788980713348
RFERF_RF_ROSE,RFERF,supervised,RF,ROSE,552,75,0.0017783363489597272,0.00023798254131255568,0.0015403538076471717,0.0020163188902722826,0.7931034482758621,0.20689655172413793,58,58,89,4.800847936480446e-05,0.005435132918253602,-0.005387124438888798,0.005483141397618407,0.0875,0.9125,263,80,1,0.0017303278695949228,14.0,true_anomaly_candidate,1,train_oof,58,263,907,25,0.16359525363570143,0.014322196364857983,0.04409487038101781,-0.25727570466425065,-0.0512340543018348,-0.1837175032328533,-0.1608997289840205,-0.4451749057589693,0.1223437440855353,0.17308377393353075,-0.0321974408697548,high,3.8998821367101386,0.017241379310344827,0.0038022813688212928,0.011025358324145534,train_oof,0.15475168228065872,1,0,1,0,drop,train_oof,0.20232788980713348
RFERF_RF_ROSE,RFERF,supervised,RF,ROSE,67,50,0.002717142361540693,0.0772718636402557,-0.074554721278715,0.0799890060017964,0.034482758620689655,0.9655172413793104,58,58,8,0.004270623897520481,0.10045951727669244,-0.09618889337917197,0.1047301411742129,0.05,0.95,263,80,1,-0.0015534815359797881,-42.0,false_positive_risk,1,train_oof,58,263,907,25,0.26192102663745165,0.13383396190274052,-0.05436306000148299,-0.05702508731583198,-0.0571758336554063,-0.0571721980597191,-0.0573516510628395,-0.0572943540748092,0.5295374136196235,0.06526760595835618,0.21451320128011894,high,-0.0556946803385326,0.06896551724137931,0.026615969581749048,0.011025358324145534,train_oof,0.15442234482135603,0,1,0,0,drop,train_oof,0.20232788980713348
RFERF_RF_ROSE,RFERF,supervised,RF,ROSE,563,67,0.002106532815400395,0.0006384020771437724,0.0014681307382566227,0.0027449348925441667,0.7586206896551724,0.2413793103448276,58,58,71,0.0001458808279758672,0.003352704687772987,-0.00320682385979712,0.0034985855157488545,0.25,0.75,263,80,1,0.001960651987424528,4.0,true_anomaly_candidate,1,train_oof,58,263,907,25,-0.03844942751307467,0.13466745910564745,0.019668842665179705,0.02439080808279136,-0.0501623673492243,0.0618585838818987,-0.0624455620686335,-0.1452448943649783,-0.060964271866452216,-0.22158083693158281,0.12266457307446689,high,2.437564357554304,0.0,0.019011406844106463,0.011025358324145534,train_oof,0.15304029138280192,1,0,1,0,drop,train_oof,0.20232788980713348
RFERF_RF_ROSE,RFERF,supervised,RF,ROSE,91,65,0.002155514611064117,0.00016048076474708506,0.0019950338463170314,0.002315995375811202,0.8793103448275862,0.1206896551724138,58,58,48,0.000346165146485929,0.003925581789008778,-0.0035794166425228494,0.004271746935494705,0.425,0.575,263,80,1,0.001809349464578188,-17.0,true_anomaly_candidate,1,train_oof,58,263,907,25,0.05568815460292002,0.058241763403521454,-0.023701710933711106,0.12538493704372083,0.1077689672262906,0.0976059077162347,-0.0209631199010839,0.0874428482061788,0.07895802202128527,-0.0026731950563167873,0.08101170921242656,high,2.572604497911797,0.0,0.0038022813688212928,0.011025358324145534,train_oof,0.15297186287769485,1,0,1,0,drop,train_oof,0.20232788980713348
RFERF_RF_ROSE,RFERF,supervised,RF,ROSE,586,54,0.0023914652367058196,0.0008965711326894076,0.0014948941040164128,0.003288036369395227,0.5344827586206896,0.46551724137931033,58,58,54,0.00029573261813340735,0.003780368131102641,-0.0034846355129692337,0.004076100749236047,0.175,0.825,263,80,1,0.0020957326185724124,0.0,true_anomaly_candidate,1,train_oof,58,263,907,25,0.006554025719303033,-0.12270033480774512,0.02631693806045523,0.3068356261898808,-0.1276828954719891,-0.1977133739347477,-0.0411746573709341,0.2389472564801009,-0.01977464632797342,0.12841796832841218,-0.14846233646692703,low,-1.9021728309201047,0.017241379310344827,0.015209125475285171,0.011025358324145534,train_oof,0.15187149785954066,0,0,1,0,drop,train_oof,0.20232788980713348
RFERF_RF_ROSE,RFERF,supervised,RF,ROSE,81,70,0.0018730682526401185,0.000430608738106465,0.001442459514533654,0.0023036769907465835,0.39655172413793105,0.603448275862069,58,58,69,0.00015903453121969148,0.0028399178703559,-0.0026808833391362085,0.0029989524015755923,0.05,0.95,263,80,1,0.001714033721420427,-1.0,true_anomaly_candidate,1,train_oof,58,263,907,25,-0.037591024206000745,-0.05116582603745171,0.014068745382850807,0.06813708972368891,-0.04218807638853555,0.0911264369049686,0.0914984089930013,0.5532834163224506,-0.052231191117217954,0.013792708944862706,-0.06632558636894839,low,-2.85814610251613,0.017241379310344827,0.019011406844106463,0.011025358324145534,train_oof,0.14812190468785938,0,0,1,0,drop,train_oof,0.20232788980713348
RFERF_RF_ROSE,RFERF,supervised,RF,ROSE,173,91,0.0010776606091721609,0.00025719543430511595,0.0008204651748670448,0.0013348560434772764,0.8448275862068966,0.15517241379310345,58,58,94,1.8701694085829463e-05,0.0034500811761647176,-0.003431379482078888,0.0034687828702505467,0.0875,0.9125,263,80,1,0.0010589589150863314,3.0,true_anomaly_candidate,1,train_oof,58,263,907,25,-0.13268198492575328,-0.11501998922331778,0.03513293933177814,0.2372558935993899,-0.1584708144802052,-0.0493185128534361,0.0739348038160258,0.3152188389909888,-0.16659269978392208,-0.01946626019071311,-0.14915068126207356,low,-2.733733969128998,0.0,0.0,0.014332965821389196,train_oof,0.1476847864242622,1,0,1,0,drop,train_oof,0.20232788980713348
RFERF_RF_ROSE,RFERF,supervised,RF,ROSE,92,86,0.0013813445520177063,0.0003768885610440449,0.0010044559909736608,0.001758233113061751,0.6379310344827587,0.3620689655172414,58,58,79,8.749440218562736e-05,0.0018978124558283699,-0.001810318053642743,0.0019853068580139967,0.25,0.75,263,80,1,0.001293850149832079,-7.0,true_anomaly_candidate,1,train_oof,58,263,907,25,-0.10690521870188982,-0.009972608924976612,0.009160936799180718,0.012748724463219762,-0.14530979947507394,-0.0080002709572512,-0.0568519053429489,-0.2826193279928967,-0.11151862174168398,-0.11413000430158962,-0.018940044631814614,low,-2.204952727242416,0.017241379310344827,0.015209125475285171,0.012127894156560088,train_oof,0.14655220551129708,1,0,1,0,drop,train_oof,0.20232788980713348
RFERF_RF_ROSE,RFERF,supervised,RF,ROSE,24,85,0.0013932611049591586,0.0002743163386734527,0.0011189447662857054,0.0016675774436326113,0.8275862068965517,0.1724137931034483,58,58,88,5.299734228941389e-05,0.0021477893699208576,-0.0020947920276314443,0.002200786712210272,0.075,0.925,263,80,1,0.0013402637626697446,3.0,true_anomaly_candidate,1,train_oof,58,263,907,25,-0.0811492743339208,-0.031314840723817544,0.01575174092110554,-0.04227981648902033,0.1260232305935013,0.1616604742103954,0.0571583790491117,0.1302929359378741,-0.09450468205055743,-0.05632020032366778,-0.04630011555655427,high,3.266640929810731,0.0,0.0,0.011025358324145534,train_oof,0.14556270699233104,1,0,1,0,drop,train_oof,0.20232788980713348
RFERF_RF_ROSE,RFERF,supervised,RF,ROSE,88,92,0.0009954406332372886,0.00011048165080464415,0.0008849589824326445,0.001105922284041933,0.9310344827586207,0.06896551724137931,58,58,95,8.739149000360317e-06,0.002788922805349295,-0.0027801836563489347,0.0027976619543496556,0.025,0.975,263,80,1,0.0009867014842369283,3.0,true_anomaly_candidate,1,train_oof,58,263,907,25,0.12929510549675763,0.059833285784839714,-0.02634797174799631,0.02649360380808978,0.15991162702370285,0.0676693308915071,0.0264349178448105,-0.071294139662139,0.15732717966858678,0.06911557529665677,0.0861727514522874,high,2.2262140730841558,0.0,0.0038022813688212928,0.011025358324145534,train_oof,0.14554693359820114,1,0,1,0,drop,train_oof,0.20232788980713348
RFERF_RF_ROSE,RFERF,supervised,RF,ROSE,525,72,0.001810641270434514,0.0002716985447331651,0.0015389427257013494,0.0020823398151676785,0.8103448275862069,0.1896551724137931,58,58,74,0.00012550210535301724,0.003172589094758322,-0.0030470869894053047,0.0032980912001113393,0.275,0.725,263,80,1,0.0016851391650814966,2.0,true_anomaly_candidate,1,train_oof,58,263,907,25,-0.05748826204333752,0.1633579362517494,-0.04233177548323718,-0.05212579717670275,-0.15382559360170575,-0.0843085587213253,-0.1051163786855209,-0.1782590185596625,-0.02354854337250194,-0.13557102562297027,0.2033739317756109,low,-1.1737191376467537,0.0,0.0038022813688212928,0.011025358324145534,train_oof,0.14475147659855495,1,0,1,0,drop,train_oof,0.20232788980713348
RFERF_RF_ROSE,RFERF,supervised,RF,ROSE,480,73,0.0017936757286186524,0.00014258922509188842,0.0016510865035267643,0.001936264953710541,0.8620689655172413,0.13793103448275862,58,58,80,7.629370364456302e-05,0.005613705935522338,-0.005537412231877774,0.005689999639166901,0.1375,0.8625,263,80,1,0.0017173820249740894,7.0,true_anomaly_candidate,1,train_oof,58,263,907,25,-0.0447730927868728,0.21659335563401252,-0.05671955711651565,-0.112280970740693,-0.2834989313215655,-0.0275688820768546,-0.1610624345547347,-0.2801899865522186,0.012281593331667328,-0.2485007223986037,0.2742519235987012,low,-1.717148879887279,0.0,0.0038022813688212928,0.011025358324145534,train_oof,0.14402574219549624,1,0,1,0,drop,train_oof,0.20232788980713348
RFERF_RF_ROSE,RFERF,supervised,RF,ROSE,227,97,0.0006573321430642023,3.242335773634783e-05,0.0006249087853278545,0.0006897555008005501,0.8103448275862069,0.1896551724137931,58,58,83,6.94271152811445e-05,0.0010313996928838984,-0.000961972577602754,0.0011008268081650432,0.05,0.95,263,80,1,0.0005879050277830578,-14.0,true_anomaly_candidate,1,train_oof,58,263,907,25,0.1432472143162026,0.15295946411488276,-0.0576610518915206,0.1397867700177418,-0.1481667666320204,-0.1391906588810927,-0.2828083828959368,-0.1661189821338761,0.2069680042122993,-0.009606468599357558,0.21348340150783232,high,4.1910632423214516,0.017241379310344827,0.011406844106463879,0.011025358324145534,train_oof,0.14388459372635679,1,0,1,0,drop,train_oof,0.20232788980713348
RFERF_RF_ROSE,RFERF,supervised,RF,ROSE,484,99,0.0003421872910560527,0.0016846052323397833,-0.0013424179412837303,0.0020267925233958357,0.3793103448275862,0.6206896551724138,58,58,97,0.0,0.008669745583580052,-0.008669745583580052,0.008669745583580052,0.0,1.0,263,80,1,0.0003421872910560527,-2.0,true_anomaly_candidate,1,train_oof,58,263,907,25,-0.24934672236534589,0.10637063271243523,-0.015504624164299229,-0.01915339360768417,-0.44432653545030276,-0.3409457547230964,-0.3403987614537753,-0.2629980298767161,-0.2517978411922997,-0.31076897871694775,0.12170438623701313,low,-1.0153846670981137,0.27586206896551724,0.20912547528517111,0.11466372657111357,train_oof,0.14384608535507074,0,0,1,0,drop,train_oof,0.20232788980713348
RFERF_RF_ROSE,RFERF,supervised,RF,ROSE,252,81,0.001616137360231987,0.0001642958760257372,0.0014518414842062495,0.0017804332362577242,0.896551724137931,0.10344827586206896,58,58,77,9.064245191808961e-05,0.003265595489369149,-0.00317495303745106,0.003356237941287238,0.2,0.8,263,80,1,0.0015254949083138973,-4.0,true_anomaly_candidate,1,train_oof,58,263,907,25,-0.02625635208616964,-0.02569307584472169,0.009975868048480802,-0.030718598072496123,-0.0287011281440431,-0.0303727381412627,-0.0306549309308141,-0.0300349408611593,-0.031769026151187804,-0.03328679762459505,-0.034442547303522905,high,0.005405192841555104,0.017241379310344827,0.0076045627376425855,0.011025358324145534,train_oof,0.1427479324415263,1,0,1,0,drop,train_oof,0.20232788980713348
RFERF_RF_ROSE,RFERF,supervised,RF,ROSE,75,79,0.0016898742343438877,5.502822416836787e-05,0.0016348460101755196,0.0017449024585122555,0.896551724137931,0.10344827586206896,58,58,76,9.515305545606391e-05,0.003270347757280391,-0.003175194701824327,0.003365500812736454,0.1625,0.8375,263,80,1,0.0015947211788878237,-3.0,true_anomaly_candidate,1,train_oof,58,263,907,25,0.0946430209665881,-0.36999495299588203,0.09556535331490149,0.1913404789679848,-0.0537694090751435,-0.2828440707976934,0.1048207413481602,0.3118689932896956,-0.0010366869464628165,0.3420442266976292,-0.5034362099243274,low,-1.718173037767717,0.06896551724137931,0.11787072243346007,0.011025358324145534,train_oof,0.14095875471188268,1,0,1,0,drop,train_oof,0.20232788980713348
RFERF_RF_ROSE,RFERF,supervised,RF,ROSE,217,83,0.001562130579139993,0.00020826166469229497,0.0013538689144476975,0.001770392243832288,0.6379310344827587,0.3620689655172414,58,58,85,6.615456587380635e-05,0.0022355948593003544,-0.002169440293426548,0.002301749425174161,0.0125,0.9875,263,80,1,0.0014959760132661868,2.0,true_anomaly_candidate,1,train_oof,58,263,907,25,-0.04322794390691927,0.06524376426499327,-0.026009444775439573,0.3252782769257439,-0.2912052691851356,-0.1349841920173455,-0.2183818552019433,0.067792835299786,-0.018408162968466497,-0.09569427684781048,0.09064865220372922,low,-1.1915766535399994,0.0,0.011406844106463879,0.011025358324145534,train_oof,0.14087719744615962,1,0,1,0,drop,train_oof,0.20232788980713348
RFERF_RF_ROSE,RFERF,supervised,RF,ROSE,39,88,0.001271219420380539,4.4726733506381846e-05,0.001226492686874157,0.0013159461538869203,0.9137931034482759,0.08620689655172414,58,58,84,6.637441090036809e-05,0.0022715516552199067,-0.0022051772443195386,0.0023379260661202748,0.1625,0.8375,263,80,1,0.001204845009480171,-4.0,true_anomaly_candidate,1,train_oof,58,263,907,25,0.07991021565007744,-0.07885822016197297,0.02346161767581785,-0.21072750810725988,-0.22036085555578344,-0.2548270228649291,-0.117713952292411,-0.2323864341807839,0.06118864193078932,0.12847166568219254,-0.10171334824764114,low,-1.4917952196302549,0.0,0.015209125475285171,0.011025358324145534,train_oof,0.1401344018259934,1,0,1,0,drop,train_oof,0.20232788980713348
RFERF_RF_ROSE,RFERF,supervised,RF,ROSE,488,98,0.00043400063837028044,0.001817708835734331,-0.0013837081973640507,0.0022517094741046108,0.25862068965517243,0.7413793103448276,58,58,98,0.0,0.004795781226414954,-0.004795781226414954,0.004795781226414954,0.0,1.0,263,80,1,0.00043400063837028044,0.0,true_anomaly_candidate,1,train_oof,58,263,907,25,-0.1871698651691818,0.023696756039328814,0.006528987203510715,-0.197292667056509,-0.1549038784922443,-0.0033102708857174,-0.0005018833715307,-0.7841681749115248,-0.19606979647382794,-0.21401904415326897,0.0173397539404855,low,-1.395282106447686,0.1896551724137931,0.13688212927756654,0.14112458654906285,train_oof,0.14000818917405172,0,0,1,0,drop,train_oof,0.20232788980713348
RFERF_RF_ROSE,RFERF,supervised,RF,ROSE,338,87,0.0013514358562811695,0.00021398789587597072,0.0011374479604051987,0.0015654237521571402,0.7758620689655172,0.22413793103448276,58,58,63,0.00018521355224340925,0.0017565427668050522,-0.001571329214561642,0.0019417563190484613,0.275,0.725,263,80,1,0.0011662223040377602,-24.0,true_anomaly_candidate,1,train_oof,58,263,907,25,0.048399424961692854,0.03572333973733539,-0.01360485894166358,-0.01316178382896263,-0.07290364143730704,-0.1129282479554869,-0.0834230310629599,-0.0372236542350171,0.06020723172128156,0.014025214322635853,0.04852469608558568,high,0.5447780481631703,0.017241379310344827,0.019011406844106463,0.011025358324145534,train_oof,0.1398251492683935,1,0,1,0,drop,train_oof,0.20232788980713348
RFERF_RF_ROSE,RFERF,supervised,RF,ROSE,43,84,0.0014821683934533624,0.00019928444039293733,0.001282883953060425,0.0016814528338462997,0.8620689655172413,0.13793103448275862,58,58,81,7.168522029052496e-05,0.0018561883714648714,-0.0017845031511743465,0.0019278735917553972,0.0625,0.9375,263,80,1,0.0014104831731628375,-3.0,true_anomaly_candidate,1,train_oof,58,263,907,25,-0.01515093221318214,0.10897928255170734,-0.028212263819604462,-0.08868345055642698,-0.16415878434149273,0.0555763750529936,-0.3857909147868377,-0.5165854611403949,0.012910015884110863,-0.1329922560788712,0.1368824615392191,high,2.3767490568562235,0.0,0.0076045627376425855,0.011025358324145534,train_oof,0.13893748350007654,1,0,1,0,drop,train_oof,0.20232788980713348
RFERF_RF_ROSE,RFERF,supervised,RF,ROSE,9,96,0.0007316080995311842,0.0001581082836186587,0.0005734998159125253,0.0008897163831498428,0.7586206896551724,0.2413793103448276,58,58,96,6.533914334389939e-06,0.002122400465737529,-0.002115866551403139,0.0021289343800719187,0.0375,0.9625,263,80,1,0.0007250741851967942,0.0,true_anomaly_candidate,1,train_oof,58,263,907,25,-0.09960071664616474,-0.08395710641372281,0.029894841338070792,0.01974227781291773,-0.11168273587433425,-0.0984609035114316,-0.0059080769711131,-0.0059080769711131,-0.12786119175459346,-0.016651410778122506,-0.11274444157141181,low,-2.2842942297464965,0.0,0.015209125475285171,0.011025358324145534,train_oof,0.13832277486636874,1,0,1,0,drop,train_oof,0.20232788980713348
RFERF_RF_ROSE,RFERF,supervised,RF,ROSE,489,89,0.0011824768447274462,0.0005272975784280879,0.0006551792662993584,0.001709774423155534,0.7068965517241379,0.29310344827586204,58,58,99,0.0,0.00382638645523561,-0.00382638645523561,0.00382638645523561,0.0,1.0,263,80,1,0.0011824768447274462,10.0,true_anomaly_candidate,1,train_oof,58,263,907,25,0.015289244530288647,-0.010656650198867012,-0.0045556203742522046,0.24493422639598234,-0.2427003590600163,-0.2375474993957608,-0.2148774009271079,-0.176616314512064,0.01981055782496711,0.02734854095883424,-0.006169248255377538,low,-1.2020520219895654,0.05172413793103448,0.09125475285171103,0.14002205071664828,train_oof,0.13552985186116767,1,0,1,0,drop,train_oof,0.20232788980713348
RFERF_RF_ROSE,RFERF,supervised,RF,ROSE,490,90,0.0010830950682081174,0.0004042307240664995,0.0006788643441416178,0.0014873257922746166,0.4827586206896552,0.5172413793103449,58,58,72,0.00014437554527004513,0.0029682902687439856,-0.002823914723473941,0.0031126658140140312,0.075,0.925,263,80,1,0.0009387195229380723,-18.0,true_anomaly_candidate,1,train_oof,58,263,907,25,0.01932406421524017,0.1271400347405989,-0.027964870374277785,-0.3677794972716644,0.0416660914737097,-0.0480450522407358,-0.1856269509856878,-0.7220861025253149,0.0477065537009079,-0.10833896410476998,0.15479241814429368,high,2.90334507213939,0.017241379310344827,0.0038022813688212928,0.011025358324145534,train_oof,0.13466722836884654,0,0,1,0,drop,train_oof,0.20232788980713348
RFERF_RF_ROSE,RFERF,supervised,RF,ROSE,15,94,0.0009403852531559297,0.00023569853212525833,0.0007046867210306714,0.0011760837852811878,0.8448275862068966,0.15517241379310345,58,58,91,3.480088933615006e-05,0.002516246679481565,-0.0024814457901454153,0.002551047568817715,0.15,0.85,263,80,1,0.0009055843638197796,-3.0,true_anomaly_candidate,1,train_oof,58,263,907,25,0.004123003859892438,0.058371419444260074,-0.015169848162346957,-0.07227313998444793,-0.014882073456303699,-0.0323971090864969,-0.0704568369128045,-0.1343990964911632,0.02252954464730497,-0.04132452436056797,0.07149646521716138,high,1.0548377990636557,0.0,0.0076045627376425855,0.011025358324145534,train_oof,0.1312879549710952,1,0,1,0,drop,train_oof,0.20232788980713348
RFERF_RF_ROSE,RFERF,supervised,RF,ROSE,47,95,0.0008234443490939475,9.50567961661009e-05,0.0007283875529278463,0.0009185011452600485,0.7758620689655172,0.22413793103448276,58,58,75,0.0001128636936682999,0.0016794077528028447,-0.0015665440591345447,0.0017922714464711446,0.0375,0.9625,263,80,1,0.0007105806554256476,-20.0,true_anomaly_candidate,1,train_oof,58,263,907,25,-0.048261255061812884,0.10422136813988984,-0.037353911679913594,0.3881335054398095,0.16030215003160195,0.4721371886247744,0.337104998366231,0.8215395486322884,-0.010771315299214993,-0.1621825533426633,0.1413580002821291,low,-1.8667254300697347,0.0,0.0076045627376425855,0.011025358324145534,train_oof,0.12717655479125736,1,0,1,0,drop,train_oof,0.20232788980713348
RFERF_RF_NoResample,RFERF,supervised,RF,NoResample,59,1,0.0339385926596945,0.0009436125065165929,0.0329949801531779,0.034882205166211086,0.7254901960784313,0.27450980392156865,51,51,1,0.016161311343017036,0.003051126494288508,0.013110184848728525,0.019212437837305547,0.625,0.375,218,80,1,0.01777728131667746,0.0,true_anomaly_candidate,1,train_oof,51,218,952,32,0.8263055893270912,0.7366666556909939,-0.2210096104542426,0.21425159831872292,0.5913549367439842,0.652215199329083,-0.2892502206406054,-0.0319436852812387,1.7539132185862578,0.054273946282261905,1.0610115788933288,high,2.3147089325466843,0.0784313725490196,0.10550458715596331,0.01050420168067227,train_oof,0.8939925661541355,1,1,1,1,monitor_first,train_oof,0.10516617787900674
RFERF_RF_NoResample,RFERF,supervised,RF,NoResample,103,2,0.02503345510379155,0.0006021659400261895,0.02443128916376535,0.025635621043817745,0.7647058823529411,0.23529411764705882,51,51,3,0.009799482954351162,0.001669722788695209,0.008129760165655957,0.011469205743046369,0.575,0.425,218,80,1,0.015233972149440389,1.0,true_anomaly_candidate,1,train_oof,51,218,952,32,1.1001530795519698,0.8960488723695184,-0.2681184985546481,0.07079409477075112,1.170021611873074,0.9738769248064886,-0.301063541126317,-0.023191901115321198,1.7227932156234498,0.19157768456170726,1.3587541805961816,high,1.79049263862704,0.19607843137254902,0.13761467889908258,0.01050420168067227,train_oof,0.7792236017140718,1,1,1,1,monitor_first,train_oof,0.10516617787900674
RFERF_RF_NoResample,RFERF,supervised,RF,NoResample,510,7,0.011203723970935414,0.00024249506485941378,0.010961228906076,0.011446219035794828,0.8235294117647058,0.17647058823529413,51,51,7,0.005161104984197478,0.000988081315064846,0.004173023669132634,0.006149186299262324,0.5,0.5,218,80,1,0.006042618986737936,0.0,true_anomaly_candidate,1,train_oof,51,218,952,32,1.008368050885239,0.732606888282911,-0.2190280905490714,-0.11073727273716849,0.3482285251245013,0.2500857175061322,-0.310664391108818,-0.16914827534555243,1.8081964991853017,0.1678446213154597,1.1036547371636158,high,1.6952580764225187,0.21568627450980393,0.14678899082568808,0.01050420168067227,train_oof,0.4930316248994766,1,1,1,1,review,train_oof,0.10516617787900674
RFERF_RF_NoResample,RFERF,supervised,RF,NoResample,65,6,0.012859282214831382,0.00022784380502370488,0.012631438409807676,0.013087126019855086,0.7843137254901961,0.21568627450980393,51,51,4,0.007367436605852681,0.0010557695227575337,0.0063116670830951445,0.008423206128610215,0.5,0.5,218,80,1,0.0054918456089787,-2.0,true_anomaly_candidate,1,train_oof,51,218,952,32,0.5886129969373748,0.5015165404506287,-0.14119360043307144,-0.2156204452966758,0.3924581330782618,0.0712292264370213,-0.16989411885027045,-0.5190553794505683,1.1148227280371605,0.05048329351229878,0.6800502023258759,high,1.2969819944497316,0.35294117647058826,0.24770642201834864,0.01050420168067227,train_oof,0.4130214526060668,1,1,1,1,review,train_oof,0.10516617787900674
RFERF_RF_NoResample,RFERF,supervised,RF,NoResample,63,8,0.010261252252707274,0.00029757138336916346,0.00996368086933811,0.01055882363607644,0.6274509803921569,0.37254901960784315,51,51,6,0.005592545185154963,0.0008625820233777122,0.004729963161777253,0.006455127208532675,0.375,0.625,218,80,1,0.00466870706755231,-2.0,true_anomaly_candidate,1,train_oof,51,218,952,32,0.48420643653077383,0.39270838201178365,-0.11382555024732322,-0.07582691107855807,-0.039989683617217,0.11790795149894409,-0.14289660119197364,-0.08295638599663045,0.9914903441367318,0.04999551420173605,0.5219819607526642,high,1.2740986127513718,0.21568627450980393,0.13761467889908258,0.01050420168067227,train_oof,0.3649936951821616,1,1,1,1,drop,train_oof,0.10516617787900674
RFERF_RF_NoResample,RFERF,supervised,RF,NoResample,551,15,0.006621329874015348,0.00039296111312310826,0.0062283687608922405,0.007014290987138458,0.6470588235294118,0.35294117647058826,51,51,19,0.0017844918420082238,0.001309203671872971,0.00047528817013525287,0.003093695513881195,0.2625,0.7375,218,80,1,0.004836838032007125,4.0,true_anomaly_candidate,1,train_oof,51,218,952,32,0.3651024145806364,0.12098637632999507,-0.05380346705083483,-0.021721392330147506,-0.0298516124714541,-0.03656273429812605,-0.0542745109900623,0.017550083538936702,0.7027740268874545,0.12830662191726172,0.22204575823019979,high,0.6520275712184497,0.0784313725490196,0.05504587155963303,0.011554621848739496,train_oof,0.3158221108676152,1,1,1,1,drop,train_oof,0.10516617787900674
RFERF_RF_NoResample,RFERF,supervised,RF,NoResample,129,17,0.0060558414003207455,0.00030534692273782805,0.005750494477582918,0.006361188323058575,0.803921568627451,0.19607843137254902,51,51,24,0.0014808098689526043,0.0014364628016924844,4.434706726011937e-05,0.0029172726706450888,0.4875,0.5125,218,80,1,0.004575031531368141,7.0,true_anomaly_candidate,1,train_oof,51,218,952,32,0.5272940805661801,0.46607886151208183,-0.14427095478416885,0.26278520571148667,0.460546058970014,0.460546058970014,0.1516271611879976,0.460546058970014,0.6512731486609269,0.1029801888711048,0.6221618244260344,high,1.811658045833748,0.0196078431372549,0.009174311926605505,0.01365546218487395,train_oof,0.3007042705275604,1,1,1,1,drop,train_oof,0.10516617787900674
RFERF_RF_NoResample,RFERF,supervised,RF,NoResample,79,21,0.005753194109408769,0.0001615484786015589,0.00559164563080721,0.005914742588010328,0.8823529411764706,0.11764705882352941,51,51,14,0.0024873723421244345,0.0007066744955597291,0.001780697846564706,0.003194046837684165,0.6625,0.3375,218,80,1,0.0032658217672843345,-7.0,true_anomaly_candidate,1,train_oof,51,218,952,32,0.5731664194817969,0.6474895064340042,-0.18127540864119504,-0.06905914933640298,0.5055779371215329,0.42566599087227325,-0.237387184763475,-0.26330457273620783,0.9162901898991487,-0.05694821921188092,0.8914511466379377,high,2.2753899704862164,0.13725490196078433,0.14678899082568808,0.01050420168067227,train_oof,0.2976130506971368,1,1,1,1,drop,train_oof,0.10516617787900674
RFERF_RF_NoResample,RFERF,supervised,RF,NoResample,28,26,0.004409922145953185,5.904768206946981e-06,0.0044040173777462385,0.004415826914160132,0.9215686274509803,0.0784313725490196,51,51,25,0.0014711519979097095,0.0005874025331944336,0.000883749464715276,0.0020585545311041426,0.4875,0.5125,218,80,1,0.0029387701480434753,-1.0,true_anomaly_candidate,1,train_oof,51,218,952,32,-0.6365046801958667,-0.6846821449838124,0.1930294492093657,-0.07935253151796867,-0.4976916577216879,-0.6261429186451757,0.09886313333117945,-0.12284208028093951,-0.8930233374101985,0.05018513413162751,-0.9362672735593186,low,-2.019802398633449,0.058823529411764705,0.0779816513761468,0.01050420168067227,train_oof,0.27957087008059484,1,1,1,1,drop,train_oof,0.10516617787900674
RFERF_RF_NoResample,RFERF,supervised,RF,NoResample,122,20,0.005840788988628997,0.00031817835782353823,0.005522610630805458,0.006158967346452537,0.7058823529411765,0.29411764705882354,51,51,18,0.0019178419934675229,0.0013466066598508707,0.0005712353336166519,0.003264448653318392,0.4125,0.5875,218,80,1,0.003922946995161474,-2.0,true_anomaly_candidate,1,train_oof,51,218,952,32,-0.5154233345136904,-0.2808337063414763,0.0972988145174103,-0.15502881649456102,-0.7763509938745743,-0.3021977347562447,0.050093705429804,-0.028008642158612353,-0.5945916882210721,-0.31451148775336196,-0.37858757949303734,low,-1.6648344373626591,0.0196078431372549,0.027522935779816515,0.014705882352941176,train_oof,0.2779099383540875,1,1,1,1,drop,train_oof,0.10516617787900674
RFERF_RF_NoResample,RFERF,supervised,RF,NoResample,124,14,0.0068241030896602165,0.0003275497913827588,0.006496553298277458,0.007151652881042976,0.6666666666666666,0.3333333333333333,51,51,12,0.003409979645189703,0.0006872470579289242,0.0027227325872607785,0.004097226703118628,0.325,0.675,218,80,1,0.0034141234444705136,-2.0,true_anomaly_candidate,1,train_oof,51,218,952,32,0.4357707086457371,0.2545765156692181,-0.08826680713591087,0.154796899853817,0.2991009479565267,0.2119739755171568,-0.2236608866797079,-0.049406941800960495,0.5319177014859281,0.179553204276391,0.34783914532944293,high,1.9545134243045847,0.13725490196078433,0.06880733944954129,0.012605042016806723,train_oof,0.2647731447646275,1,1,1,1,drop,train_oof,0.10516617787900674
RFERF_RF_NoResample,RFERF,supervised,RF,NoResample,200,27,0.004408156422503367,0.00039663351434545026,0.004011522908157916,0.0048047899368488176,0.6862745098039216,0.3137254901960784,51,51,36,0.0010689661750401913,0.0015543170342239808,-0.0004853508591837896,0.0026232832092641717,0.2375,0.7625,218,80,1,0.003339190247463176,9.0,true_anomaly_candidate,1,train_oof,51,218,952,32,0.3815134018949763,0.07008169947478336,-0.036745316713761605,0.011133278528410444,0.0802270424064812,-0.055042898391277253,-0.0587561908837647,0.0049002518445922,0.5935734089005209,0.16482877952212394,0.11471092753608363,high,1.1277044169087176,0.0196078431372549,0.01834862385321101,0.01050420168067227,train_oof,0.2557986489522409,1,1,1,1,drop,train_oof,0.10516617787900674
RFERF_RF_NoResample,RFERF,supervised,RF,NoResample,288,30,0.004105513364569019,0.0003621643966098033,0.003743348967959216,0.004467677761178822,0.6470588235294118,0.35294117647058826,51,51,34,0.0012652515594007453,0.0007883312753322885,0.00047692028406845683,0.0020535828347330335,0.4,0.6,218,80,1,0.0028402618051682734,4.0,true_anomaly_candidate,1,train_oof,51,218,952,32,0.3386993573823851,0.47268968681204077,-0.12208862827048304,-0.15260983831490993,0.3701286400842262,0.3290288088587416,-0.2052689970725611,-0.0203197565578794,0.6552613172106497,-0.08087595285456925,0.6117200768787106,high,1.6031235768487706,0.058823529411764705,0.04128440366972477,0.011554621848739496,train_oof,0.24918175107795815,1,1,1,1,drop,train_oof,0.10516617787900674
RFERF_RF_NoResample,RFERF,supervised,RF,NoResample,67,23,0.004904423409188682,0.0003778354836255493,0.0045265879255631325,0.00528225889281423,0.6470588235294118,0.35294117647058826,51,51,16,0.0019968144545617567,0.0013978466585630191,0.0005989677959987374,0.0033946611131247762,0.3125,0.6875,218,80,1,0.002907608954626925,-7.0,true_anomaly_candidate,1,train_oof,51,218,952,32,0.30565171999216423,0.1368583612085337,-0.04615975439536204,-0.0569514174226243,-0.0571945933291523,-0.05720317333497405,-0.05732911036957885,-0.057044225091529455,0.526185023823502,0.08225589244205726,0.20846180797254535,high,-0.05571316952395945,0.058823529411764705,0.03669724770642202,0.01050420168067227,train_oof,0.2411180860952057,1,1,1,1,drop,train_oof,0.10516617787900674
RFERF_RF_NoResample,RFERF,supervised,RF,NoResample,76,32,0.003944423048996771,3.674026061660463e-05,0.003907682788380166,0.003981163309613376,0.9607843137254902,0.0392156862745098,51,51,56,0.000675046600697271,0.0007481746621514909,-7.312806145422009e-05,0.0014232212628487615,0.425,0.575,218,80,1,0.0032693764482995,24.0,true_anomaly_candidate,1,train_oof,51,218,952,32,-0.3734963863047966,-0.21040330366996238,0.07366745812218903,0.10110581664439969,-0.1733448226763963,-0.28263849697802934,0.13806729040222931,-0.1239380931975759,-0.4635138524887904,-0.14749497204896073,-0.28890638105900296,low,-2.301127972230929,0.058823529411764705,0.03211009174311927,0.01050420168067227,train_oof,0.23707469113746862,1,1,1,1,drop,train_oof,0.10516617787900674
RFERF_RF_NoResample,RFERF,supervised,RF,NoResample,125,33,0.003859555815569144,0.0001848804067300729,0.0036746754088390707,0.004044436222299217,0.6862745098039216,0.3137254901960784,51,51,26,0.0014355572933744403,0.0006604617894430048,0.0007750955039314357,0.002096019082817446,0.4125,0.5875,218,80,1,0.002423998522194704,-7.0,true_anomaly_candidate,1,train_oof,51,218,952,32,-0.43432933525015144,-0.38080610539487997,0.12099379140640032,-0.28793026051655957,-0.6579862487150034,-0.49537827563006775,-0.0826041901067694,-0.23449075837291805,-0.5454833664262256,-0.0656999242843039,-0.5073030763912437,low,-1.5678761376693908,0.0784313725490196,0.05045871559633028,0.011554621848739496,train_oof,0.22585449777623706,1,1,1,1,drop,train_oof,0.10516617787900674
RFERF_RF_NoResample,RFERF,supervised,RF,NoResample,33,42,0.0030508368757514322,0.00016466197589781663,0.002886174899853616,0.003215498851649249,0.7254901960784313,0.27450980392156865,51,51,50,0.0007927179151152655,0.0007366152465550791,5.610266856018665e-05,0.0015293331616703446,0.375,0.625,218,80,1,0.002258118960636167,8.0,true_anomaly_candidate,1,train_oof,51,218,952,32,0.5822926288988791,0.06398709976246238,-0.04279077052114545,-0.09139722259063558,-0.0596935570697993,-0.1130356944613504,-0.1528220154891013,-0.17966253188942394,0.6197061144783352,0.38682648671010406,0.11762788331661496,high,3.088305898013492,0.058823529411764705,0.009174311926605505,0.012605042016806723,train_oof,0.22548302539499793,1,1,1,1,drop,train_oof,0.10516617787900674
RFERF_RF_NoResample,RFERF,supervised,RF,NoResample,582,29,0.004162726885062301,0.00019527306818115466,0.003967453816881146,0.004357999953243455,0.6862745098039216,0.3137254901960784,51,51,44,0.0009391916179872296,0.0008182624306545688,0.00012092918733266089,0.0017574540486417986,0.2375,0.7625,218,80,1,0.003223535267075071,15.0,true_anomaly_candidate,1,train_oof,51,218,952,32,0.2712362160696114,0.14713569963914377,-0.055396862458082334,0.23013549855128018,0.3183346211040398,0.1682084550567972,-0.0719934106188243,0.19823368826622906,0.3435421916484057,0.10546322658352143,0.20522302451594415,high,2.119248109006963,0.058823529411764705,0.03669724770642202,0.01050420168067227,train_oof,0.22399297702716975,1,1,1,1,drop,train_oof,0.10516617787900674
RFERF_RF_NoResample,RFERF,supervised,RF,NoResample,133,28,0.004320557581394298,0.00025028532489452897,0.004070272256499768,0.004570842906288828,0.6666666666666666,0.3333333333333333,51,51,23,0.0015851156291065318,0.0008512172752193698,0.0007338983538871623,0.0024363329043259026,0.375,0.625,218,80,1,0.0027354419522877664,-5.0,true_anomaly_candidate,1,train_oof,51,218,952,32,0.2989666294604072,0.1531323637142718,-0.05658630759363621,0.15222860687020429,0.1222732321194762,0.207161560580143,-0.048614907786318245,0.1355651377430604,0.3528294092533529,0.154463670390587,0.20981870672899136,high,2.1469719020373548,0.0,0.0,0.015756302521008403,train_oof,0.21450728998152202,1,1,1,1,drop,train_oof,0.10516617787900674
RFERF_RF_NoResample,RFERF,supervised,RF,NoResample,282,37,0.0032707633428207005,0.00025643010511699544,0.003014333237703705,0.0035271934479376966,0.7843137254901961,0.21568627450980393,51,51,28,0.0013775423040560983,0.0004887501607397879,0.0008887921433163108,0.0018662924647958868,0.6375,0.3625,218,80,1,0.0018932210387646023,-9.0,true_anomaly_candidate,1,train_oof,51,218,952,32,0.32646236716866656,0.47359083511283123,-0.125285877218287,-0.03477611118205518,0.4358817780156345,0.48088492279951,-0.2241643454807379,-0.0291507180840735,0.5613868382462309,-0.1009616005533075,0.6125491255006198,high,1.60596354239565,0.058823529411764705,0.027522935779816515,0.012605042016806723,train_oof,0.21176155843690997,1,1,1,1,drop,train_oof,0.10516617787900674
RFERF_RF_NoResample,RFERF,supervised,RF,NoResample,271,41,0.003157008590189437,0.0003369664071250201,0.002820042183064417,0.003493974997314456,0.6470588235294118,0.35294117647058826,51,51,67,0.0005080710984386158,0.0012414528076267535,-0.0007333817091881376,0.0017495239060653692,0.175,0.825,218,80,1,0.002648937491750821,26.0,true_anomaly_candidate,1,train_oof,51,218,952,32,0.3035648896213962,0.1574153418890691,-0.04838038716396665,-0.11664078983506508,0.163196517145161,0.2747943942055182,-0.11008259609148455,-0.3806731768674886,0.3531555043401301,0.14744373498885346,0.2072633339053227,high,2.180248775951899,0.0,0.013761467889908258,0.01050420168067227,train_oof,0.20575424629629652,1,1,1,1,drop,train_oof,0.10516617787900674
RFERF_RF_NoResample,RFERF,supervised,RF,NoResample,484,36,0.0034863241177155078,0.0003518396868038716,0.0031344844309116365,0.0038381638045193794,0.6078431372549019,0.39215686274509803,51,51,38,0.001003409335102272,0.0007354806786149967,0.00026792865648727563,0.0017388900137172679,0.425,0.575,218,80,1,0.0024829147826132356,2.0,true_anomaly_candidate,1,train_oof,51,218,952,32,-0.36490811791204103,0.15772975842867665,-0.021504522112500455,0.11466778987912275,-0.630269675150526,-0.2789958070521868,-0.3600521585823975,-0.1983176149380393,-0.3686243220185004,-0.4506257148840185,0.17918734136448225,low,-1.0153846670981137,0.29411764705882354,0.21559633027522937,0.11764705882352941,train_oof,0.205492165407811,1,1,1,1,drop,train_oof,0.10516617787900674
RFERF_RF_NoResample,RFERF,supervised,RF,NoResample,14,31,0.0039924648490823516,0.0003002400080410416,0.0036922248410413095,0.004292704857123393,0.6470588235294118,0.35294117647058826,51,51,20,0.0017281845061947639,0.0008867895017316116,0.0008413950044631523,0.002614974007926375,0.3625,0.6375,218,80,1,0.0022642803428875877,-11.0,true_anomaly_candidate,1,train_oof,51,218,952,32,-0.2992134718122014,-0.12487133518850334,0.05573498265867142,-0.30213722649223435,-0.4807030596202024,-0.2926942974639498,0.013873173430381849,-0.21008109932085306,-0.3765291767800356,-0.14631913989177003,-0.18170447713159638,low,-2.1004500771381673,0.0196078431372549,0.022935779816513763,0.01050420168067227,train_oof,0.20418866847826858,1,1,1,1,drop,train_oof,0.10516617787900674
RFERF_RF_NoResample,RFERF,supervised,RF,NoResample,57,40,0.003214477151680245,0.00013381789262879892,0.0030806592590514456,0.003348295044309044,0.6862745098039216,0.3137254901960784,51,51,52,0.000743750996346176,0.0009107826466501349,-0.00016703165030395873,0.0016545336429963104,0.2625,0.7375,218,80,1,0.002470726155334069,12.0,true_anomaly_candidate,1,train_oof,51,218,952,32,-0.3015992438832071,-0.008770466404774017,0.01855176534306367,-0.004034042019616935,-0.2253487013997487,0.0728704448161804,0.037084147270272,-0.0243685889359746,-0.3275114535951984,-0.26843200106200366,-0.02750772154502223,low,-2.3963840858517584,0.0392156862745098,0.022935779816513763,0.011554621848739496,train_oof,0.19907668916359472,1,1,1,1,drop,train_oof,0.10516617787900674
RFERF_RF_NoResample,RFERF,supervised,RF,NoResample,130,46,0.002735552874255828,0.00022309393629087694,0.002512458937964951,0.0029586468105467054,0.6862745098039216,0.3137254901960784,51,51,43,0.0009485045699612685,0.0006669158469290528,0.0002815887230322154,0.0016154204168903215,0.375,0.625,218,80,1,0.0017870483042945595,-3.0,true_anomaly_candidate,1,train_oof,51,218,952,32,0.4440905528144059,0.16154033521687486,-0.0679479165447619,0.16342245343334472,0.4012904273357412,0.18118062002073948,0.1049653127787032,0.08667363904061445,0.4930727868689504,0.37674887363038145,0.2281922675894903,high,1.5731769914892948,0.058823529411764705,0.03211009174311927,0.01365546218487395,train_oof,0.19860389045656868,1,1,1,1,drop,train_oof,0.10516617787900674
RFERF_RF_NoResample,RFERF,supervised,RF,NoResample,468,56,0.0021032369397743947,9.279477595446921e-05,0.0020104421638199254,0.002196031715728864,0.8431372549019608,0.1568627450980392,51,51,70,0.00047068444788134195,0.0006641383504306827,-0.00019345390254934055,0.0011348227983120243,0.3625,0.6375,218,80,1,0.0016325524918930528,14.0,true_anomaly_candidate,1,train_oof,51,218,952,32,-0.3915779573051452,-0.5009903458742714,0.12684978368197508,0.2708450337191785,-0.6568802043213247,-0.7664667276755992,-0.14089570793234366,-0.39034190628782484,-0.5190879129095864,0.15364129030866075,-0.6497900607738971,low,-0.9802319324172032,0.058823529411764705,0.0871559633027523,0.17436974789915966,train_oof,0.19418932776876177,1,1,1,1,drop,train_oof,0.10516617787900674
RFERF_RF_NoResample,RFERF,supervised,RF,NoResample,295,51,0.002338487772157448,0.00016621393403104266,0.0021722738381264057,0.00250470170618849,0.6666666666666666,0.3333333333333333,51,51,15,0.002050766443939998,0.0004559377500608005,0.0015948286938791971,0.0025067041940007996,0.3125,0.6875,218,80,1,0.0002877213282174501,-36.0,shared_signal,1,train_oof,51,218,952,32,0.45679165983454895,0.40635989629365593,-0.12220409910928035,0.15072827184060578,-0.033766967594619,-0.0640284171642305,-0.21657534440432566,-0.16017758213276234,0.7746808689863591,0.031298098384180864,0.5666086091984744,high,3.0566260098669957,0.11764705882352941,0.0963302752293578,0.01050420168067227,train_oof,0.19234751190808705,1,1,1,1,drop,train_oof,0.10516617787900674
RFERF_RF_NoResample,RFERF,supervised,RF,NoResample,452,66,0.0018284001341727103,8.798175675038258e-05,0.0017404183774223274,0.0019163818909230929,0.7843137254901961,0.21568627450980393,51,51,58,0.0006501649128735577,0.0002758851165491734,0.0003742797963243843,0.0009260500294227314,0.5375,0.4625,218,80,1,0.0011782352212991525,-8.0,true_anomaly_candidate,1,train_oof,51,218,952,32,-0.4173165134818923,-0.4029320634690251,0.11620759016660095,-0.0443961839409623,-0.4850081307798012,-0.5213742808674386,0.05092845046668415,0.10525926028229834,-0.575959077269381,-0.012584141357143676,-0.5264150027002191,low,-2.0319990377465675,0.0196078431372549,0.03669724770642202,0.01050420168067227,train_oof,0.18824576658133713,1,1,1,1,drop,train_oof,0.10516617787900674
RFERF_RF_NoResample,RFERF,supervised,RF,NoResample,137,48,0.002681123188115229,0.00027595796199711203,0.0024051652261181168,0.002957081150112341,0.7647058823529411,0.23529411764705882,51,51,46,0.0008961075835106679,0.0008240430496614804,7.206453384918713e-05,0.0017201506331721472,0.4375,0.5625,218,80,1,0.001785015604604561,-2.0,true_anomaly_candidate,1,train_oof,51,218,952,32,0.312563658430878,0.16035058161641522,-0.051960258284705046,-0.031897338154389145,0.3779592912063781,0.11992594571690521,-0.17758265038849386,-0.11788836896928735,0.3602819624368812,0.16672037684216084,0.21227959033413973,high,2.3281136965124123,0.0196078431372549,0.009174311926605505,0.01050420168067227,train_oof,0.18354418410927265,1,1,1,1,drop,train_oof,0.10516617787900674
RFERF_RF_NoResample,RFERF,supervised,RF,NoResample,338,47,0.0027051430650910967,0.00043932022753495826,0.002265822837556139,0.003144463292626055,0.7254901960784313,0.27450980392156865,51,51,32,0.0012730846514083264,0.0007672392278323213,0.000505845423576005,0.002040323879240648,0.5375,0.4625,218,80,1,0.0014320584136827703,-15.0,true_anomaly_candidate,1,train_oof,51,218,952,32,0.06546700736288377,0.20500836877559625,-0.05003801796454794,-0.026896728857904804,-0.0723784676738478,-0.0839163761134822,-0.09608290163362071,-0.0461197795008869,0.419824612558206,-0.06596052888171937,0.2520475428833541,high,0.5335504696746712,0.0196078431372549,0.027522935779816515,0.01050420168067227,train_oof,0.18200720586360292,1,1,1,1,drop,train_oof,0.10516617787900674
RFERF_RF_NoResample,RFERF,supervised,RF,NoResample,37,45,0.0027763162243413858,0.00022531770101628492,0.0025509985233251003,0.0030016339253576703,0.803921568627451,0.19607843137254902,51,51,33,0.0012688826281531576,0.000720605381043398,0.0005482772471097591,0.0019894880091965556,0.6,0.4,218,80,1,0.0015074335961882282,-12.0,true_anomaly_candidate,1,train_oof,51,218,952,32,0.3553582677413472,-0.15978226231927575,0.026377710557628054,-0.24476499841319013,0.3739582067047443,0.0291017008939173,0.0268477368036215,-0.10790711630731761,0.35122779784246194,0.4270502226318695,-0.18538489150181464,high,3.1134905609889807,0.0196078431372549,0.0,0.012605042016806723,train_oof,0.17659466749756902,1,1,1,1,drop,train_oof,0.10516617787900674
RFERF_RF_NoResample,RFERF,supervised,RF,NoResample,460,64,0.0018833572762125968,0.00016881433502850127,0.0017145429411840956,0.0020521716112410987,0.7058823529411765,0.29411764705882354,51,51,76,0.00039599518331499123,0.0005048469094153512,-0.00010885172610036007,0.0009008420927303421,0.4125,0.5875,218,80,1,0.0014873620928976057,12.0,true_anomaly_candidate,1,train_oof,51,218,952,32,0.3114403178071994,0.12111617112960128,-0.04373454449035077,-0.02903926700338786,-0.0537278690784206,-0.14626626386118274,-0.257708914806982,-0.2531601593955265,0.36797268858471577,0.16590737881278833,0.16542195887701128,high,2.994897839758783,0.0392156862745098,0.013761467889908258,0.01050420168067227,train_oof,0.17278731925625868,1,1,1,1,drop,train_oof,0.10516617787900674
RFERF_RF_NoResample,RFERF,supervised,RF,NoResample,316,65,0.0018559021788734683,5.359141688117081e-05,0.0018023107619922977,0.0019094935957546383,0.8627450980392157,0.13725490196078433,51,51,35,0.001168085917508242,0.0002969608008238047,0.0008711251166844377,0.0014650467183320466,0.6125,0.3875,218,80,1,0.0006878162613652263,-30.0,true_anomaly_candidate,1,train_oof,51,218,952,32,-0.4002723117160695,-0.36920575350083984,0.11004930733525238,-0.11464329104961779,-0.5436368893965978,-0.5493089205894874,-0.03695187683527545,-0.1154725173490127,-0.5361610818600253,-0.028782941591675163,-0.4851322130239419,low,-1.6439359713613615,0.0392156862745098,0.09174311926605505,0.01050420168067227,train_oof,0.1725158931196933,1,1,1,1,drop,train_oof,0.10516617787900674
RFERF_RF_NoResample,RFERF,supervised,RF,NoResample,115,59,0.0020072454091151636,0.00024402576151127467,0.0017632196476038888,0.0022512711706264388,0.6274509803921569,0.37254901960784315,51,51,69,0.00047259575754737793,0.0008168473421180745,-0.0003442515845706969,0.0012894430996654522,0.3125,0.6875,218,80,1,0.0015346496515677857,10.0,true_anomaly_candidate,1,train_oof,51,218,952,32,-0.29119148994262345,-0.09935065881021117,0.037173825209163555,0.034991500267949255,-0.121814924343019,0.02005326496944625,0.0984279630780968,0.1276213744880319,-0.32980923736874457,-0.18580347276261508,-0.13670034245207982,low,-2.881650154935135,0.0,0.0045871559633027525,0.01050420168067227,train_oof,0.17039140025164698,1,1,1,1,drop,train_oof,0.10516617787900674
RFERF_RF_NoResample,RFERF,supervised,RF,NoResample,377,71,0.001640834602375466,8.305269611731581e-05,0.0015577819062581502,0.0017238872984927818,0.8235294117647058,0.17647058823529413,51,51,80,0.00035448478597462297,0.0003445011908485594,9.983595126063697e-06,0.0006989859768231826,0.525,0.475,218,80,1,0.001286349816400843,9.0,true_anomaly_candidate,1,train_oof,51,218,952,32,-0.3087083452259778,-0.2490889006645159,0.08161532534060573,-0.2714281913350395,-0.3714959728317686,-0.3714959728317686,0.0554598948876092,-0.3714959728317686,-0.3843521258746131,-0.06652250210141665,-0.3294718112296031,low,-1.6523635759899018,0.058823529411764705,0.06422018348623854,0.017857142857142856,train_oof,0.1684827119700043,1,1,1,1,drop,train_oof,0.10516617787900674
RFERF_RF_NoResample,RFERF,supervised,RF,NoResample,56,62,0.0019536764982357817,0.00029309609912049573,0.0016605803991152858,0.002246772597356278,0.6470588235294118,0.35294117647058826,51,51,71,0.0004662936032627825,0.0007336885388596726,-0.00026739493559689017,0.001199982142122455,0.4125,0.5875,218,80,1,0.0014873828949729991,9.0,true_anomaly_candidate,1,train_oof,51,218,952,32,0.269762534092588,0.1796978755430742,-0.06014138332407087,0.1617602330094456,0.5932446904524759,0.463569310741405,0.2618520534130405,0.25464786565131436,0.3138113798942907,0.11868858619698777,0.23722109750630654,high,1.2263487109530518,0.0196078431372549,0.0,0.01050420168067227,train_oof,0.16720260835161488,1,1,1,1,drop,train_oof,0.10516617787900674
RFERF_RF_NoResample,RFERF,supervised,RF,NoResample,90,90,0.0010704710254859824,6.391824828262262e-05,0.0010065527772033598,0.001134389273768605,0.8235294117647058,0.17647058823529413,51,51,87,0.00029001890716957423,0.00025219257835977694,3.78263288097974e-05,0.0005422114855293511,0.5625,0.4375,218,80,1,0.0007804521183164082,-3.0,true_anomaly_candidate,1,train_oof,51,218,952,32,-0.25851028619823657,-0.10320800217330565,0.037505050264676716,0.010228686484716462,-0.1830780542350153,-0.071812000519382,0.037910504719571955,-0.01911674771040295,-0.3008964772997335,-0.15905835209961489,-0.14144377977610598,low,-2.1029020459747345,0.0196078431372549,0.027522935779816515,0.01050420168067227,train_oof,0.14408366746576096,1,1,1,1,drop,train_oof,0.10516617787900674
RFERF_RF_NoResample,RFERF,supervised,RF,NoResample,477,4,0.019318665092216684,0.0011741092118648204,0.01814455588035187,0.020492774304081505,0.5686274509803921,0.43137254901960786,51,51,9,0.004535847700703402,0.0038037355206122906,0.0007321121800911107,0.00833958322131569,0.3125,0.6875,218,80,1,0.014782817391513282,5.0,true_anomaly_candidate,1,train_oof,51,218,952,32,0.38495666283543056,0.2254406399472664,-0.07074276994632893,-0.05305333442728825,0.0829061582293764,-0.03297963694868445,-0.11692218511728644,-0.0707495933339369,0.7462486730925356,0.079945645732304,0.31869092770159496,high,0.6505187792255203,0.0392156862745098,0.045871559633027525,0.01050420168067227,train_oof,0.6273675719015025,0,1,1,0,drop,train_oof,0.10516617787900674
RFERF_RF_NoResample,RFERF,supervised,RF,NoResample,348,5,0.017902074321295994,0.0007575385724122419,0.017144535748883753,0.01865961289370824,0.5882352941176471,0.4117647058823529,51,51,5,0.0056342322252613,0.001975750650892922,0.0036584815743683796,0.0076099828761542225,0.425,0.575,218,80,1,0.012267842096034693,0.0,true_anomaly_candidate,1,train_oof,51,218,952,32,0.8470159485526003,0.3588627173435771,-0.13183971117978313,0.008370994503984347,0.4733188724971331,0.1486416854642741,-0.216620149947692,-0.2287955444614243,1.0961690140312128,0.31003098941665785,0.5907148113200638,high,2.7119680770886982,0.0392156862745098,0.03211009174311927,0.01050420168067227,train_oof,0.5989591377573908,0,1,1,0,drop,train_oof,0.10516617787900674
RFERF_RF_NoResample,RFERF,supervised,RF,NoResample,64,3,0.022613181766877564,0.0007249229336818323,0.02188825883319574,0.023338104700559397,0.5882352941176471,0.4117647058823529,51,51,2,0.013703889701420386,0.0014399859294694092,0.012263903771950972,0.015143875630889796,0.525,0.475,218,80,1,0.008909292065457179,-1.0,true_anomaly_candidate,1,train_oof,51,218,952,32,0.7731949113783679,0.4035699484176158,-0.12980976125518195,-0.1927682512939891,0.4129299665275699,0.03378672379094575,-0.1436289045215398,-0.4413569146681613,1.1761793627604333,0.23170425398820169,0.577828876135406,high,1.486657219788636,0.3333333333333333,0.26605504587155965,0.01050420168067227,train_oof,0.5565420068488804,0,1,1,0,drop,train_oof,0.10516617787900674
RFERF_RF_NoResample,RFERF,supervised,RF,NoResample,25,9,0.009914474729941052,0.0006313777205239696,0.009283097009417082,0.010545852450465019,0.5098039215686274,0.49019607843137253,51,51,8,0.0049285849382805615,0.0013911684321962505,0.0035374165060843106,0.0063197533704768116,0.3625,0.6375,218,80,1,0.00498588979166049,-1.0,true_anomaly_candidate,1,train_oof,51,218,952,32,-0.4180013165934158,-0.36172013622380483,0.09778459550875145,0.20085669794752617,0.4101268941488571,0.3887677739053772,0.449472641965793,0.46211948947837955,-0.6062496743224728,-0.03724349811313164,-0.4896148786658151,low,-1.3758609115786375,0.1568627450980392,0.11926605504587157,0.01050420168067227,train_oof,0.32777237459221187,0,1,1,0,drop,train_oof,0.10516617787900674
RFERF_RF_NoResample,RFERF,supervised,RF,NoResample,333,12,0.006951159683560509,0.0005878007013117724,0.006363358982248737,0.007538960384872283,0.5686274509803921,0.43137254901960786,51,51,22,0.0016483984547081213,0.002068902508700901,-0.00042050405399277947,0.0037173009634090216,0.2,0.8,218,80,1,0.005302761228852387,10.0,true_anomaly_candidate,1,train_oof,51,218,952,32,0.21596123776338003,0.15495383428523468,-0.05384986967120534,0.18942224497127244,-0.0395115765902701,-0.10779033186128585,-0.0757784518419687,-0.0028337827958807,0.6120789460953059,0.0299907386189947,0.2173641188726036,high,0.6953873401602759,0.058823529411764705,0.03211009174311927,0.01050420168067227,train_oof,0.31861389655880945,0,1,1,0,drop,train_oof,0.10516617787900674
RFERF_RF_NoResample,RFERF,supervised,RF,NoResample,132,10,0.009856433291781215,0.0002922569910607259,0.009564176300720489,0.01014869028284194,0.6274509803921569,0.37254901960784315,51,51,10,0.003941186493888835,0.0011962482989552894,0.0027449381949335456,0.005137434792844126,0.3,0.7,218,80,1,0.00591524679789238,0.0,true_anomaly_candidate,1,train_oof,51,218,952,32,0.10268423143092331,0.15529779587827336,-0.039594300923329884,-0.05620553366498682,0.2401499116717677,0.2420174528790927,-0.2454108022316965,-0.2454108022316965,0.14096144924625123,-0.052787838921838456,0.1977462087028928,high,2.176790143663675,0.0,0.0,0.011554621848739496,train_oof,0.2977074459004741,1,0,1,0,drop,train_oof,0.10516617787900674
RFERF_RF_NoResample,RFERF,supervised,RF,NoResample,21,16,0.006529349436034884,0.00043736211809678713,0.006091987317938098,0.00696671155413167,0.5686274509803921,0.43137254901960786,51,51,11,0.003748205639453498,0.0009593118121700416,0.0027888938272834568,0.004707517451623541,0.3,0.7,218,80,1,0.0027811437965813857,-5.0,true_anomaly_candidate,1,train_oof,51,218,952,32,0.6137804941447043,0.22508960300649394,-0.08750617146633577,0.09507978389976542,0.2735105404949241,0.16622528867092154,0.1435455019801857,0.23446186427957025,0.838438428354621,0.2426461112049127,0.3348348951663233,high,1.3060127599790854,0.11764705882352941,0.08256880733944955,0.01050420168067227,train_oof,0.2821579062140671,0,1,1,0,drop,train_oof,0.10516617787900674
RFERF_RF_NoResample,RFERF,supervised,RF,NoResample,41,13,0.00682905302343847,0.00024264605374557018,0.0065864069696929,0.00707169907718404,0.7647058823529411,0.23529411764705882,51,51,17,0.001943548756830986,0.0011744568876029774,0.0007690918692280094,0.003118005644433964,0.5,0.5,218,80,1,0.004885504266607484,4.0,true_anomaly_candidate,1,train_oof,51,218,952,32,0.17072945084259522,0.133024233930137,-0.0341923365380636,-0.16261785673543805,0.1126433644696137,-0.09427828647988484,-0.12270159018173905,-0.1847780854665885,0.248360274080724,0.02622943317163126,0.16444775924804686,high,1.3064221199474908,0.0,0.013761467889908258,0.011554621848739496,train_oof,0.2678801005062269,1,0,1,0,drop,train_oof,0.10516617787900674
RFERF_RF_NoResample,RFERF,supervised,RF,NoResample,0,19,0.00603461186362632,0.0004673045367915131,0.005567307326834805,0.0065019164004178325,0.7058823529411765,0.29411764705882354,51,51,31,0.0013313549412325603,0.0016278345786837557,-0.0002964796374511949,0.0029591895199163154,0.425,0.575,218,80,1,0.00470325692239376,12.0,true_anomaly_candidate,1,train_oof,51,218,952,32,-0.16830665525277433,-0.127031136483516,0.03834020347555398,-0.04059644849406753,-0.3167684845819726,-0.1457949124776554,-0.0070540629831626,-0.4593131957509185,-0.20921163582919078,-0.040141220505124225,-0.16831440127825545,low,-2.0168464010369953,0.0196078431372549,0.03669724770642202,0.01050420168067227,train_oof,0.2546616849892415,1,0,1,0,drop,train_oof,0.10516617787900674
RFERF_RF_NoResample,RFERF,supervised,RF,NoResample,102,22,0.0053909171972388575,0.0001504149520708349,0.005240502245168024,0.005541332149309691,0.8235294117647058,0.17647058823529413,51,51,30,0.0013356835951110811,0.0012152343475810494,0.00012044924753003168,0.0025509179426921316,0.3875,0.6125,218,80,1,0.0040552336021277766,8.0,true_anomaly_candidate,1,train_oof,51,218,952,32,-0.20971328347568355,-0.11698434191190728,0.04338344635137868,-0.17572006933459422,-0.448198677762217,-0.0887716138665231,-0.0310065500261438,-0.19306964580054145,-0.2565441869511481,-0.08256268870983943,-0.16414472621164647,low,-2.039722461671069,0.058823529411764705,0.022935779816513763,0.01050420168067227,train_oof,0.2409819845199135,1,0,1,0,drop,train_oof,0.10516617787900674
RFERF_RF_NoResample,RFERF,supervised,RF,NoResample,156,18,0.006054776301528104,0.0003124033065845401,0.005742372994943564,0.006367179608112645,0.5686274509803921,0.43137254901960786,51,51,27,0.001382282823469481,0.001096656427414092,0.00028562639605538915,0.0024789392508835725,0.1125,0.8875,218,80,1,0.004672493478058623,9.0,true_anomaly_candidate,1,train_oof,51,218,952,32,0.02643277897304504,-0.018366572300961958,0.002201022525099935,0.01751461219029367,-0.1379179011822242,-0.12128490159623526,-0.1207113498863735,-0.1012105917510761,0.022378216640894996,0.07851874114102941,-0.01998406876105771,low,-0.4889315476175785,0.0196078431372549,0.0,0.011554621848739496,train_oof,0.2333819075159035,0,0,1,0,drop,train_oof,0.10516617787900674
RFERF_RF_NoResample,RFERF,supervised,RF,NoResample,425,24,0.004841442433001211,0.0007490965956123564,0.004092345837388855,0.005590539028613569,0.5686274509803921,0.43137254901960786,51,51,29,0.0013593883272189381,0.0020653074996928407,-0.0007059191724739034,0.0034246958269117797,0.25,0.75,218,80,1,0.0034820541057822728,5.0,true_anomaly_candidate,1,train_oof,51,218,952,32,0.13354397399873194,0.2353538614498903,-0.06520861353247058,0.10078967623887275,-0.1807278079178646,-0.20754999468560698,-0.2565076958019968,-0.133419454979733,0.26883983980711057,-0.061543787169822776,0.30085373859658965,high,1.7685183753587808,0.0196078431372549,0.04128440366972477,0.01050420168067227,train_oof,0.2257252790847064,0,0,1,0,drop,train_oof,0.10516617787900674
RFERF_RF_NoResample,RFERF,supervised,RF,NoResample,405,11,0.0069596559614375254,0.00030180247076857966,0.0066578534906689465,0.0072614584322061035,0.7254901960784313,0.27450980392156865,51,51,13,0.002909114237915779,0.001263862508508119,0.0016452517294076583,0.0041729767464238985,0.375,0.625,218,80,1,0.004050541723521746,2.0,true_anomaly_candidate,1,train_oof,51,218,952,32,-0.005883266286650664,-0.06767629677583724,0.015355010671752031,-0.009950914036447406,-0.1187533800712203,-0.0862577102155016,-0.0537620403597826,0.12264302457126264,-0.02113997386477487,0.06088086410715923,-0.08396179709716999,low,-1.5114249453163149,0.09803921568627451,0.05045871559633028,0.018907563025210083,train_oof,0.22393878620241547,1,0,1,0,drop,train_oof,0.10516617787900674
RFERF_RF_NoResample,RFERF,supervised,RF,NoResample,571,25,0.004420552970042964,0.00022741021089636715,0.004193142759146596,0.00464796318093933,0.7058823529411765,0.29411764705882354,51,51,41,0.0009746601999173037,0.0010835343051134715,-0.00010887410519616813,0.0020581945050307756,0.2875,0.7125,218,80,1,0.00344589277012566,16.0,true_anomaly_candidate,1,train_oof,51,218,952,32,-0.22248336697427243,0.1525010957994868,-0.028965589293407812,0.17739543246011366,0.3073317364193771,0.4058633583094381,-0.0275303438785781,0.4820344829809049,-0.19757896692722984,-0.324109668737028,0.18640896512783625,high,1.9836963949706992,0.0,0.0,0.01050420168067227,train_oof,0.21454562442947267,1,0,1,0,drop,train_oof,0.10516617787900674
RFERF_RF_NoResample,RFERF,supervised,RF,NoResample,416,34,0.0037360956682611613,0.0004080089935490988,0.0033280866747120615,0.004144104661810259,0.5490196078431373,0.45098039215686275,51,51,42,0.0009527552137346273,0.0015583042261267481,-0.0006055490123921208,0.002511059439861376,0.1875,0.8125,218,80,1,0.002783340454526534,8.0,true_anomaly_candidate,1,train_oof,51,218,952,32,-0.2347980819506104,0.04549317186682911,0.005270521618255368,-0.16791786717422674,-0.4534252382050796,-0.14893028313057144,-0.1530919453867149,-0.33125072482829193,-0.23474469480106352,-0.3126288990865619,0.03966451182473517,low,-2.1572295833095927,0.0,0.0,0.012605042016806723,train_oof,0.19916358139773951,0,0,1,0,drop,train_oof,0.10516617787900674
RFERF_RF_NoResample,RFERF,supervised,RF,NoResample,281,35,0.0035905404172374513,0.00015061097943840136,0.0034399294377990496,0.003741151396675853,0.7058823529411765,0.29411764705882354,51,51,37,0.0010344512029452002,0.0007369887421998236,0.00029746246074537655,0.0017714399451450233,0.3375,0.6625,218,80,1,0.002556089214292251,2.0,true_anomaly_candidate,1,train_oof,51,218,952,32,-0.1482447925242494,0.05685063515833933,0.0044698251061131575,-0.2849746242518192,-0.3088216572105596,-0.2715970203969152,-0.1785354283628034,-0.3460462940242044,-0.15988157625677055,-0.17582532039919574,0.05183443057395589,low,-1.2671699319778416,0.0392156862745098,0.01834862385321101,0.01050420168067227,train_oof,0.18471045284965615,1,0,1,0,drop,train_oof,0.10516617787900674
RFERF_RF_NoResample,RFERF,supervised,RF,NoResample,344,39,0.0032232414419668316,0.00022406283025561724,0.002999178611711214,0.003447304272222449,0.7843137254901961,0.21568627450980393,51,51,39,0.0009960508826259928,0.0010463652267803424,-5.03143441543494e-05,0.002042416109406335,0.2875,0.7125,218,80,1,0.002227190559340839,0.0,true_anomaly_candidate,1,train_oof,51,218,952,32,-0.15809700069671936,0.13354451843800863,-0.01906214529094911,-0.09491152693449052,-0.0306027816270381,0.16598413086844926,-0.0213675249048411,0.0194330122559108,-0.14104663231280967,-0.274078492376736,0.15279599905503338,low,-2.0753985608283902,0.058823529411764705,0.01834862385321101,0.01050420168067227,train_oof,0.17278842544919581,1,0,1,0,drop,train_oof,0.10516617787900674
RFERF_RF_NoResample,RFERF,supervised,RF,NoResample,183,44,0.0027949899736782868,0.0001490172858089582,0.0026459726878693282,0.0029440072594872444,0.803921568627451,0.19607843137254902,51,51,49,0.0008559925626966619,0.0009949833641694386,-0.00013899080147277622,0.0018509759268660996,0.4,0.6,218,80,1,0.0019389974109816248,5.0,true_anomaly_candidate,1,train_oof,51,218,952,32,0.16769457608583735,0.003187365593511658,-0.01316152222114843,0.09809360721702612,0.4657879776212821,0.0352326800439862,0.01972771604086285,0.44026329631425387,0.19193464976203295,0.13952531289449868,0.016283658330328264,high,1.8876721642601564,0.0,0.013761467889908258,0.01050420168067227,train_oof,0.1691815234344637,1,0,1,0,drop,train_oof,0.10516617787900674
RFERF_RF_NoResample,RFERF,supervised,RF,NoResample,19,49,0.0026364699020684857,6.830734455352198e-05,0.0025681625575149636,0.0027047772466220073,0.8823529411764706,0.11764705882352941,51,51,55,0.0006908434770123832,0.0005471209105099064,0.00014372256650247654,0.001237964387522289,0.4375,0.5625,218,80,1,0.0019456264250561025,6.0,true_anomaly_candidate,1,train_oof,51,218,952,32,0.15485363009527353,0.018610039148602375,-0.014628928211866605,0.06447530511009744,0.1091869257221089,-0.0156436570122619,0.08238950932886821,-0.025062876012683,0.1538461597737718,0.38524013773536486,0.032290176669973074,high,0.8605654638072767,0.0196078431372549,0.0,0.011554621848739496,train_oof,0.16420017284877847,1,0,1,0,drop,train_oof,0.10516617787900674
RFERF_RF_NoResample,RFERF,supervised,RF,NoResample,81,43,0.002843705966203893,0.00014678581259880094,0.0026969201536050924,0.0029904917788026943,0.7843137254901961,0.21568627450980393,51,51,64,0.0005660791806356536,0.0009939280151500093,-0.0004278488345143555,0.001560007195785663,0.3,0.7,218,80,1,0.0022776267855682394,21.0,true_anomaly_candidate,1,train_oof,51,218,952,32,0.028738730030361734,-0.05697362077827382,0.0123151146471214,-0.06070398101263343,0.1266769737832367,0.1266769737832367,0.08119384045593026,-0.009600084250123448,0.0168046032951345,0.08127510839555509,-0.07044705441629089,high,2.3658867899557334,0.0,0.0045871559633027525,0.01050420168067227,train_oof,0.15801388498370517,1,0,1,0,drop,train_oof,0.10516617787900674
RFERF_RF_NoResample,RFERF,supervised,RF,NoResample,107,57,0.0020451035628452096,0.0003731005772757895,0.0016720029855694196,0.002418204140120999,0.6470588235294118,0.35294117647058826,51,51,54,0.0007046033698407887,0.0009633799312816687,-0.0002587765614408801,0.0016679833011224569,0.3125,0.6875,218,80,1,0.001340500193004421,-3.0,true_anomaly_candidate,1,train_oof,51,218,952,32,-0.2187439898978554,-0.012001651187327966,0.01994739503958885,-0.16038226671772254,-0.0460567170744432,0.07408558116308231,0.0069638276876572,0.0069638276876572,-0.24593916100996857,-0.18108329444294693,-0.03221039189459775,low,-2.506943256889,0.0196078431372549,0.05045871559633028,0.01050420168067227,train_oof,0.15678282271725014,1,0,1,0,drop,train_oof,0.10516617787900674
RFERF_RF_NoResample,RFERF,supervised,RF,NoResample,48,53,0.0022676740942297983,0.0001682322923676029,0.0020994418018621956,0.002435906386597401,0.7254901960784313,0.27450980392156865,51,51,48,0.0008562046806156199,0.00077472277069483,8.148190992079008e-05,0.0016309274513104503,0.3625,0.6375,218,80,1,0.0014114694136141783,-5.0,true_anomaly_candidate,1,train_oof,51,218,952,32,-0.17165183837620943,-0.08303077675185605,0.023149619367567674,0.15550468569420586,-0.4051038464813475,-0.058328951389802694,0.01974160050957715,0.0972035230178227,-0.20293450134257116,-0.07883658526357311,-0.10653932058420479,low,-2.228095607947477,0.0,0.03669724770642202,0.01050420168067227,train_oof,0.15497934918329248,1,0,1,0,drop,train_oof,0.10516617787900674
RFERF_RF_NoResample,RFERF,supervised,RF,NoResample,139,74,0.0015645408664573916,5.041901725024649e-05,0.0015141218492071454,0.001614959883707638,0.8431372549019608,0.1568627450980392,51,51,86,0.00029779374044696955,0.0003236130290020148,-2.581928855504526e-05,0.000621406769448984,0.4,0.6,218,80,1,0.001266747126010422,12.0,true_anomaly_candidate,1,train_oof,51,218,952,32,-0.23208082133776267,-0.115469958685272,0.033648440180358175,0.18651010913542437,-0.387469123908896,-0.40668557083928686,-0.269003112466586,-0.17886217500123275,-0.2605714593997899,-0.14151361256331502,-0.14963239620439056,low,-1.1058202047538876,0.0196078431372549,0.0045871559633027525,0.01050420168067227,train_oof,0.1538815767035456,1,0,1,0,drop,train_oof,0.10516617787900674
RFERF_RF_NoResample,RFERF,supervised,RF,NoResample,16,60,0.0020004493435760097,0.00016603045693792056,0.0018344188866380887,0.00216647980051393,0.6666666666666666,0.3333333333333333,51,51,51,0.0007845678456832779,0.0005481628181874902,0.00023640502749578746,0.0013327306638707677,0.35,0.65,218,80,1,0.0012158814978927319,-9.0,true_anomaly_candidate,1,train_oof,51,218,952,32,0.1820921865676788,0.10503726016784201,-0.04257355537179923,0.2537864260557457,0.1449067106772109,0.13962437194839175,-0.0432641481908479,0.252546820622921,0.2312583246311119,0.07065447087716041,0.14838228618117189,high,1.8872472703378986,0.0392156862745098,0.013761467889908258,0.01050420168067227,train_oof,0.1519800582813104,1,0,1,0,drop,train_oof,0.10516617787900674
RFERF_RF_NoResample,RFERF,supervised,RF,NoResample,131,63,0.001926626049841917,9.689525906261015e-05,0.001829730790779307,0.0020235213089045273,0.803921568627451,0.19607843137254902,51,51,85,0.00030256949202083524,0.0006286593602324559,-0.00032608986821162087,0.0009312288522532915,0.275,0.725,218,80,1,0.0016240565578210817,22.0,true_anomaly_candidate,1,train_oof,51,218,952,32,0.15483588579959082,-0.1989884760302127,0.037489548392384026,0.006832659921032158,0.083076745979686,-0.3090356966076473,-0.0040593523730439,-0.004059352373043949,0.11324418866828366,0.41479522591555607,-0.23706753455733418,high,2.2614792047981296,0.0392156862745098,0.0045871559633027525,0.012605042016806723,train_oof,0.14804978820536444,1,0,1,0,drop,train_oof,0.10516617787900674
RFERF_RF_NoResample,RFERF,supervised,RF,NoResample,586,52,0.0023256039026771733,0.00030874636642821035,0.002016857536248963,0.002634350269105383,0.6666666666666666,0.3333333333333333,51,51,57,0.000660625634702517,0.001109386362443079,-0.0004487607277405623,0.0017700119971455965,0.25,0.75,218,80,1,0.0016649782679746565,5.0,true_anomaly_candidate,1,train_oof,51,218,952,32,0.062053660363097785,-0.09589896002289032,0.013135764759859267,0.15269648337339403,-0.0823690564666746,-0.17299673447730365,-0.0494135371900822,0.16067789819819395,0.04840202108758045,0.16086045093365114,-0.10851722016723446,low,-1.9031614964984025,0.0196078431372549,0.013761467889908258,0.011554621848739496,train_oof,0.14415128425656365,1,0,1,0,drop,train_oof,0.10516617787900674
RFERF_RF_NoResample,RFERF,supervised,RF,NoResample,280,68,0.0017238875437317817,0.0001995821521885556,0.001524305391543226,0.0019234696959203373,0.7450980392156863,0.2549019607843137,51,51,60,0.0006122062135225369,0.0005697067552305202,4.24994582920168e-05,0.001181912968753057,0.4125,0.5875,218,80,1,0.0011116813302092447,-8.0,true_anomaly_candidate,1,train_oof,51,218,952,32,-0.1685547650772762,0.017709308171434356,0.012244812508444843,-0.22743099334294203,-0.2617418217641674,-0.3166391472381287,-0.1362622206808282,-0.3636939976443809,-0.19563195872076514,-0.15151065905096267,0.005366857364052776,low,-1.3830589069451598,0.0,0.013761467889908258,0.01050420168067227,train_oof,0.1439894953230881,1,0,1,0,drop,train_oof,0.10516617787900674
RFERF_RF_NoResample,RFERF,supervised,RF,NoResample,55,38,0.003266585330046677,0.00037221507504571635,0.00289437025500096,0.003638800405092394,0.6078431372549019,0.39215686274509803,51,51,21,0.0017230463880443764,0.0010818217838338975,0.0006412246042104788,0.0028048681718782736,0.325,0.675,218,80,1,0.0015435389420023005,-17.0,true_anomaly_candidate,1,train_oof,51,218,952,32,-0.07867605489192414,0.26159381435488954,-0.059931332597804754,0.1588375230958302,-0.7392687457031054,0.3123337227905322,-0.077148672947852,0.1175925249213401,-0.020407177934242852,-0.27113092744011685,0.32972611417929226,low,-2.063508891213612,0.0,0.022935779816513763,0.011554621848739496,train_oof,0.14367864519062806,1,0,1,0,drop,train_oof,0.10516617787900674
RFERF_RF_NoResample,RFERF,supervised,RF,NoResample,217,50,0.0023437461363380674,0.00029390824028254164,0.0020498378960555255,0.0026376543766206085,0.6666666666666666,0.3333333333333333,51,51,63,0.0005705280531390107,0.0007433204689104277,-0.00017279241577141676,0.0013138485220494382,0.25,0.75,218,80,1,0.0017732180831990566,13.0,true_anomaly_candidate,1,train_oof,51,218,952,32,-0.02077504197778453,-0.001666174525469905,-0.00637419155785506,0.20888322866904036,-0.2487876257157356,-0.13394961534736016,-0.2198194789561454,0.00985654178060565,-0.013868778181022641,-0.02454965659880815,0.00467348343375164,low,-1.1859899395220783,0.0,0.013761467889908258,0.01050420168067227,train_oof,0.1429699259029435,1,0,1,0,drop,train_oof,0.10516617787900674
RFERF_RF_NoResample,RFERF,supervised,RF,NoResample,144,69,0.0017181945727088074,0.0001668695256232229,0.0015513250470855842,0.0018850640983320301,0.7058823529411765,0.29411764705882354,51,51,40,0.0009798844074450613,0.0006053965716897987,0.00037448783575526264,0.00158528097913486,0.4,0.6,218,80,1,0.0007383101652637461,-29.0,true_anomaly_candidate,1,train_oof,51,218,952,32,-0.20800346851821702,-0.17681236193649405,0.058727742138489615,-0.18925639677058498,-0.231869541773792,-0.35065749729585804,-0.1565365711373263,-0.440155272004264,-0.26133018284124904,-0.037970650070775096,-0.2351065555358199,low,-1.13399083851185,0.0,0.03669724770642202,0.01050420168067227,train_oof,0.14248294991605764,1,0,1,0,drop,train_oof,0.10516617787900674
RFERF_RF_NoResample,RFERF,supervised,RF,NoResample,488,72,0.001621849637189322,0.0001221689373700196,0.0014996806998193027,0.0017440185745593415,0.6862745098039216,0.3137254901960784,51,51,59,0.0006356156621722677,0.0006861498387843115,-5.053417661204366e-05,0.0013217655009565787,0.35,0.65,218,80,1,0.0009862339750170543,-13.0,true_anomaly_candidate,1,train_oof,51,218,952,32,-0.1987282040171943,0.008965641437200016,0.010713790334682874,-0.17665720160463644,-0.1687238193389359,-0.059523848911455304,0.0072289194437300495,-0.1761883847959007,-0.2135185436355912,-0.19700023537907085,-0.001765615775851728,low,-1.395282106447686,0.23529411764705882,0.15137614678899083,0.13760504201680673,train_oof,0.14243795423135142,1,0,1,0,drop,train_oof,0.10516617787900674
RFERF_RF_NoResample,RFERF,supervised,RF,NoResample,58,80,0.0014684545096193143,4.259580829620845e-05,0.0014258587013231063,0.0015110503179155228,0.9411764705882353,0.058823529411764705,51,51,66,0.0005236791741397695,0.00037867436246990995,0.00014500481166985964,0.000902353536609679,0.525,0.475,218,80,1,0.0009447753354795448,-14.0,true_anomaly_candidate,1,train_oof,51,218,952,32,0.13759276783072888,0.3233373792526584,-0.08714180642964513,0.211222331742003,0.0867946754557125,0.3215623619375083,-0.39630767436484565,0.23190234096958884,0.222875392018476,-0.2057230474099824,0.41267586081082597,high,2.186231255904258,0.0,0.013761467889908258,0.01050420168067227,train_oof,0.14161089586131237,1,0,1,0,drop,train_oof,0.10516617787900674
RFERF_RF_NoResample,RFERF,supervised,RF,NoResample,428,58,0.00202918964428052,8.680691192224015e-05,0.0019423827323582798,0.00211599655620276,0.8431372549019608,0.1568627450980392,51,51,62,0.0005996719935060168,0.0003311245993811959,0.0002685473941248209,0.0009307965928872126,0.575,0.425,218,80,1,0.001429517650774503,4.0,true_anomaly_candidate,1,train_oof,51,218,952,32,-0.06152131244462755,0.014274097054583289,0.00417633717424598,-0.11078269835030931,-0.0713045620950758,-0.0342633984170032,-0.16740398231591624,-0.1345859483610221,-0.06003224457387717,-0.17873495333666617,0.009778669032488209,high,6.441373360475646,0.0,0.0,0.011554621848739496,train_oof,0.13820107750649124,1,0,1,0,drop,train_oof,0.10516617787900674
RFERF_RF_NoResample,RFERF,supervised,RF,NoResample,92,67,0.0017703456495137568,0.00022843005460531542,0.0015419155949084407,0.0019987757041190725,0.7254901960784313,0.27450980392156865,51,51,75,0.0004297923038483047,0.0007701356695840671,-0.0003403433657357627,0.0011999279734323715,0.325,0.675,218,80,1,0.001340553345665452,8.0,true_anomaly_candidate,1,train_oof,51,218,952,32,-0.08877058185008813,0.038609385512101455,-0.002868353479044174,-0.042327653086706926,-0.160566413754832,-0.0080002709572512,-0.0690267280762835,-0.16056641375483205,-0.08355321698148306,-0.1411813273091203,0.041062237797079224,low,-2.204952727242416,0.0196078431372549,0.01834862385321101,0.011554621848739496,train_oof,0.13721604748926208,1,0,1,0,drop,train_oof,0.10516617787900674
RFERF_RF_NoResample,RFERF,supervised,RF,NoResample,35,61,0.001965800477896744,5.746272584778466e-05,0.001908337752048959,0.002023263203744529,0.8627450980392157,0.13725490196078433,51,51,73,0.00046027824226871193,0.0005765948798534743,-0.00011631663758476221,0.0010368731221221858,0.6,0.4,218,80,1,0.001505522235628032,12.0,true_anomaly_candidate,1,train_oof,51,218,952,32,0.05238673531622222,-0.053975554678500966,0.014938406361656716,-0.16524072508898374,-0.1750404154125366,-0.1572733226852912,-0.1505315876016079,-0.15351385647240595,0.03514720736124722,0.13931846097389045,-0.06776508866657015,low,-0.3208643260162251,0.0,0.0,0.01365546218487395,train_oof,0.1368586271962821,1,0,1,0,drop,train_oof,0.10516617787900674
RFERF_RF_NoResample,RFERF,supervised,RF,NoResample,552,82,0.0014102689766808982,9.637449288974373e-05,0.0013138944837911542,0.0015066434695706417,0.7450980392156863,0.2549019607843137,51,51,90,0.00027263553389864363,0.0006101063962991658,-0.0003374708624005224,0.0008827419301978097,0.3625,0.6375,218,80,1,0.0011376334427822545,8.0,true_anomaly_candidate,1,train_oof,51,218,952,32,0.1670569316914631,0.060521205450158086,0.03210836375147724,-0.17072723193750625,-0.0580775702068808,-0.11405402081482105,-0.18582320043440592,-0.3091819614920298,0.13685669863377142,0.12877222193100585,0.03072628289919474,high,3.9304393126000066,0.0196078431372549,0.0,0.01050420168067227,train_oof,0.136269788598251,1,0,1,0,drop,train_oof,0.10516617787900674
RFERF_RF_NoResample,RFERF,supervised,RF,NoResample,480,55,0.002154055192599578,0.0003022157121710336,0.0018518394804285443,0.0024562709047706113,0.6470588235294118,0.35294117647058826,51,51,61,0.0006014844991152717,0.0009498819689842755,-0.0003483974698690037,0.0015513664680995478,0.3125,0.6875,218,80,1,0.0015525706934843063,6.0,true_anomaly_candidate,1,train_oof,51,218,952,32,-0.05647007948470428,0.2554360977154898,-0.05269501583499073,-0.07887154988862582,-0.3640092003076802,0.02258053745589685,-0.15348191771813555,-0.1740419747110972,-0.0039026513713519644,-0.2881016496100379,0.30940473665398543,low,-1.7022882967370467,0.0,0.013761467889908258,0.01050420168067227,train_oof,0.13559694741894224,1,0,1,0,drop,train_oof,0.10516617787900674
RFERF_RF_NoResample,RFERF,supervised,RF,NoResample,39,75,0.0015571878734492927,0.0001015004353891659,0.0014556874380601264,0.0016586883088384585,0.8431372549019608,0.1568627450980392,51,51,92,0.00027159384896114486,0.00044712506507276633,-0.00017553121611162153,0.0007187189140339111,0.3875,0.6125,218,80,1,0.0012855940244881478,17.0,true_anomaly_candidate,1,train_oof,51,218,952,32,0.11298052057022896,-0.12106068422052611,0.028289080346053135,-0.19985630450183384,-0.2314200930412735,-0.2548270228649291,-0.1191097783828132,-0.13312172490569,0.08746080255527526,0.19988401133236416,-0.14857907420493568,low,-1.462323962299989,0.0,0.022935779816513763,0.011554621848739496,train_oof,0.13512237369786526,1,0,1,0,drop,train_oof,0.10516617787900674
RFERF_RF_NoResample,RFERF,supervised,RF,NoResample,91,78,0.0015051819605751235,6.273456868248981e-05,0.0014424473918926335,0.0015679165292576134,0.8627450980392157,0.13725490196078433,51,51,77,0.0003893858070046517,0.00028253666349377604,0.00010684914351087567,0.0006719224704984279,0.525,0.475,218,80,1,0.001115796153570472,-1.0,true_anomaly_candidate,1,train_oof,51,218,952,32,0.09231403141361312,0.10686765613824287,-0.030963253235175184,0.051766274717753524,0.161971951279922,0.17100578195552718,-0.0209631199010839,0.03323986415254745,0.12351653864164112,-0.01502327611106136,0.13637787103759497,high,2.54516423723465,0.0,0.0045871559633027525,0.01050420168067227,train_oof,0.13483372985559972,1,0,1,0,drop,train_oof,0.10516617787900674
RFERF_RF_NoResample,RFERF,supervised,RF,NoResample,2,54,0.002173587673843892,0.00019789776996287576,0.001975689903881016,0.0023714854438067674,0.6666666666666666,0.3333333333333333,51,51,45,0.0009297277957095847,0.0005374024973541211,0.0003923252983554633,0.001467130293063706,0.35,0.65,218,80,1,0.0012438598781343074,-9.0,true_anomaly_candidate,1,train_oof,51,218,952,32,-0.05853684301632958,0.04379160671913239,-0.007896130296222955,0.04679818529397963,-0.1441076694935351,-0.10900683806740186,0.06856167636438375,-0.13866465867175135,-0.05036531127124024,-0.10675683069839242,0.051888018097330936,low,-2.5553411916221265,0.0,0.0,0.014705882352941176,train_oof,0.1336225738095217,1,0,1,0,drop,train_oof,0.10516617787900674
RFERF_RF_NoResample,RFERF,supervised,RF,NoResample,8,76,0.0015402971943186696,0.00016101446345823583,0.0013792827308604333,0.001701311657776906,0.7647058823529411,0.23529411764705882,51,51,83,0.0003352146149219235,0.0006966695747588137,-0.00036145495983689013,0.0010318841896807375,0.4,0.6,218,80,1,0.001205082579396746,7.0,true_anomaly_candidate,1,train_oof,51,218,952,32,0.02944590021854519,0.23075811066618224,-0.05700987902717507,0.039399378690669146,0.0810525944716143,0.175872923078642,-0.0882694208980773,-0.0008992609673167501,0.08425080387435815,-0.22967993005418513,0.2852765117461421,high,2.1159645751845764,0.0,0.0045871559633027525,0.01050420168067227,train_oof,0.13278341370559205,1,0,1,0,drop,train_oof,0.10516617787900674
RFERF_RF_NoResample,RFERF,supervised,RF,NoResample,47,73,0.0016168842418441466,0.00013640063542439925,0.001480483606419748,0.0017532848772685461,0.7647058823529411,0.23529411764705882,51,51,81,0.0003475680974249988,0.0008807323320513752,-0.0005331642346263765,0.0012283004294763736,0.225,0.775,218,80,1,0.0012693161444191478,8.0,true_anomaly_candidate,1,train_oof,51,218,952,32,0.06298151332775426,-0.028768464133463272,-0.0002082488359197639,0.11537898945920697,0.4195954803529677,0.2638093153270607,0.3870196212244471,0.5774833137097467,0.06283102696611961,0.0950923978133465,-0.028468532264855125,high,1.380825016502361,0.0196078431372549,0.01834862385321101,0.01050420168067227,train_oof,0.13236241180114275,1,0,1,0,drop,train_oof,0.10516617787900674
RFERF_RF_NoResample,RFERF,supervised,RF,NoResample,126,88,0.001141641237105484,0.0002909692361467704,0.0008506720009587135,0.0014326104732522548,0.5294117647058824,0.47058823529411764,51,51,93,0.00027132639244683936,0.0005375236268197838,-0.00026619723437294447,0.0008088500192666232,0.2625,0.7375,218,80,1,0.0008703148446586446,5.0,true_anomaly_candidate,1,train_oof,51,218,952,32,0.1391941930495263,-0.040977054593776256,-0.0032927811979503894,0.09902187183021191,0.0299945930039064,-0.0639999994404245,-0.0639999994404245,0.055451461790912454,0.13623695617589157,0.2339406778408517,-0.03742540406925142,high,4.717974891164911,0.0,0.0,0.012605042016806723,train_oof,0.1283793143728884,0,0,1,0,drop,train_oof,0.10516617787900674
RFERF_RF_NoResample,RFERF,supervised,RF,NoResample,9,94,0.0009348271985210987,5.139372213661337e-05,0.0008834334763844854,0.000986220920657712,0.7843137254901961,0.21568627450980393,51,51,97,0.0002052163534232158,0.00029870563172055073,-9.3489278297335e-05,0.0005039219851437667,0.45,0.55,218,80,1,0.0007296108450978828,3.0,true_anomaly_candidate,1,train_oof,51,218,952,32,-0.13838565221509866,-0.13970331638654074,0.0372785977721502,0.055449488837981925,-0.0587954064227237,-0.1844028138702988,0.0271465039361434,-0.029046283606192748,-0.17621185538119472,0.0013332053954187221,-0.17547503830036332,low,-2.2664447560565777,0.0,0.01834862385321101,0.01050420168067227,train_oof,0.12830592338798524,1,0,1,0,drop,train_oof,0.10516617787900674
RFERF_RF_NoResample,RFERF,supervised,RF,NoResample,75,70,0.0016602544648156173,0.00021970055598294537,0.0014405539088326721,0.0018799550207985627,0.6470588235294118,0.35294117647058826,51,51,68,0.00048481230919963177,0.0006219075790311354,-0.0001370952698315037,0.0011067198882307677,0.4,0.6,218,80,1,0.0011754421556159854,-2.0,true_anomaly_candidate,1,train_oof,51,218,952,32,0.04720656360723239,-0.41859950282416575,0.08468885969996516,0.24578976394665242,-0.1286592023305925,-0.34231537720643235,0.08940225450145005,0.39556935045755043,-0.04231097414423339,0.3233851150515729,-0.544435358630662,low,-1.883503269584011,0.058823529411764705,0.10550458715596331,0.01050420168067227,train_oof,0.12814510750793284,1,0,1,0,drop,train_oof,0.10516617787900674
RFERF_RF_NoResample,RFERF,supervised,RF,NoResample,227,93,0.0009777970450924609,0.00010576472429282217,0.0008720323207996387,0.0010835617693852832,0.7254901960784313,0.27450980392156865,51,51,84,0.00032435205608584135,0.0003342998322490851,-9.947776163243763e-06,0.0006586518883349267,0.3625,0.6375,218,80,1,0.0006534449890066195,-9.0,true_anomaly_candidate,1,train_oof,51,218,952,32,0.12146847012133831,0.20004856937530063,-0.05848825958740604,0.17525361576859505,-0.1481667666320204,-0.1032862278773819,-0.2828083828959368,-0.1885592515111955,0.18390088617736391,-0.07982539642859816,0.26237570920836906,high,4.655935862742024,0.0,0.0045871559633027525,0.01050420168067227,train_oof,0.12762285615631666,1,0,1,0,drop,train_oof,0.10516617787900674
RFERF_RF_NoResample,RFERF,supervised,RF,NoResample,489,77,0.001535300927958595,0.0001094159328809192,0.0014258849950776755,0.001644716860839514,0.7647058823529411,0.23529411764705882,51,51,79,0.0003558541435464367,0.0006350686109127897,-0.00027921446736635294,0.0009909227544592264,0.2625,0.7375,218,80,1,0.0011794467844121583,2.0,true_anomaly_candidate,1,train_oof,51,218,952,32,-0.03201756134577327,-0.06276372907703208,0.007088073799416186,0.27009460847783545,-0.2074758069566549,-0.2522544302414021,-0.2107631863714354,-0.17899834493405445,-0.03910930495902514,0.03339072259088947,-0.07065938652905493,high,2.9266023754861923,0.0,0.0045871559633027525,0.01050420168067227,train_oof,0.12715826617574227,1,0,1,0,drop,train_oof,0.10516617787900674
RFERF_RF_NoResample,RFERF,supervised,RF,NoResample,486,86,0.0013344584737732628,0.00022428218888581833,0.0011101762848874444,0.001558740662659081,0.6470588235294118,0.35294117647058826,51,51,72,0.00046473699502824875,0.0006387825967744413,-0.00017404560174619262,0.00110351959180269,0.35,0.65,218,80,1,0.0008697214787450141,-14.0,true_anomaly_candidate,1,train_oof,51,218,952,32,-0.09178612877530698,-0.1368560421856484,0.014760212268884758,0.575180541519253,-0.2544766908564613,-0.4146201953132812,-0.1096668449167862,0.5712331417494876,-0.10499367266467141,0.052416358989744685,-0.15204049169069825,low,-1.0674901188596386,0.19607843137254902,0.23853211009174313,0.3434873949579832,train_oof,0.12602854862990254,1,0,1,0,drop,train_oof,0.10516617787900674
RFERF_RF_NoResample,RFERF,supervised,RF,NoResample,15,85,0.0013350080735421463,7.396437618972175e-05,0.0012610436973524246,0.0014089724497318682,0.8823529411764706,0.11764705882352941,51,51,82,0.0003411512172196194,0.0005565765626776157,-0.00021542534545799613,0.0008977277798972352,0.4125,0.5875,218,80,1,0.0009938568563225268,-3.0,true_anomaly_candidate,1,train_oof,51,218,952,32,0.035987686285405496,0.10095494341024346,-0.021444901925253532,-0.1063458211341599,-0.0058543358332612,-0.0071215735532749996,-0.07048878408221615,-0.1419625888494819,0.06935054374518457,-0.044634744968070815,0.11907146909549712,high,0.9808155153471064,0.0,0.01834862385321101,0.01050420168067227,train_oof,0.1249943681223255,1,0,1,0,drop,train_oof,0.10516617787900674
RFERF_RF_NoResample,RFERF,supervised,RF,NoResample,182,98,0.000824007487357703,5.617383346664817e-05,0.0007678336538910546,0.0008801813208243509,0.8235294117647058,0.17647058823529413,51,51,94,0.0002702310699785487,0.00031711067503925405,-4.687960506070542e-05,0.0005873417450178027,0.35,0.65,218,80,1,0.0005537764173791543,-4.0,true_anomaly_candidate,1,train_oof,51,218,952,32,-0.16396595827893828,-0.036079405846720265,0.017335405796551188,0.012998994099496806,-0.3681812850136541,-0.2083696773109354,-0.0674987045952056,0.24502177269011033,-0.1856593084506702,-0.11989920964056308,-0.052558550689669276,low,-1.5210030334967306,0.0,0.0045871559633027525,0.01050420168067227,train_oof,0.12458935432776896,1,0,1,0,drop,train_oof,0.10516617787900674
RFERF_RF_NoResample,RFERF,supervised,RF,NoResample,423,83,0.0013895431103222895,0.0002584216645543575,0.0011311214457679318,0.0016479647748766472,0.6666666666666666,0.3333333333333333,51,51,53,0.0007192003264436696,0.0006919729767432443,2.722734970042513e-05,0.0014111733031869139,0.375,0.625,218,80,1,0.0006703427838786199,-30.0,true_anomaly_candidate,1,train_oof,51,218,952,32,0.03408398148888634,0.24685327689571246,-0.07470111164518321,0.4733041267111644,-0.2723032948288679,0.13216578696553272,-0.30081712745228517,-0.04247381220232465,0.11706516269096404,-0.19016929170500435,0.3256141292157844,high,3.3902426553842764,0.0,0.013761467889908258,0.01050420168067227,train_oof,0.12301531773262796,1,0,1,0,drop,train_oof,0.10516617787900674
RFERF_RF_NoResample,RFERF,supervised,RF,NoResample,490,81,0.0014607017584456535,0.00017835642320089868,0.0012823453352447548,0.001639058181646552,0.6862745098039216,0.3137254901960784,51,51,91,0.00027184983541246827,0.0005921247582044138,-0.0003202749227919457,0.000863974593616882,0.2125,0.7875,218,80,1,0.0011888519230331854,10.0,true_anomaly_candidate,1,train_oof,51,218,952,32,-0.02573316314407501,0.16423852788802595,-0.029128474130548428,-0.21129063709249546,0.0415121842119642,-0.0396641022602384,-0.16966536878576916,-0.48723201604344535,0.0034339601005667557,-0.18801053171581053,0.19311972480920314,high,2.8614816253493296,0.0196078431372549,0.009174311926605505,0.01050420168067227,train_oof,0.12299678790904434,1,0,1,0,drop,train_oof,0.10516617787900674
RFERF_RF_NoResample,RFERF,supervised,RF,NoResample,24,91,0.0010187685522743298,7.987667174861418e-05,0.0009388918805257155,0.0010986452240229442,0.7843137254901961,0.21568627450980393,51,51,98,0.00020323710602934155,0.0003804571673974346,-0.0001772200613680929,0.0005836942734267758,0.3,0.7,218,80,1,0.0008155314462449882,7.0,true_anomaly_candidate,1,train_oof,51,218,952,32,-0.07515325791598057,-0.08820177236476627,0.026553584328358994,-0.0603386615586845,0.127418282834732,0.11909024369768795,0.07093980422005765,0.11270682283629885,-0.09929845167559184,0.014624552254907339,-0.11297481537522455,high,3.263597179466228,0.0,0.0,0.01050420168067227,train_oof,0.12229418758588767,1,0,1,0,drop,train_oof,0.10516617787900674
RFERF_RF_NoResample,RFERF,supervised,RF,NoResample,173,96,0.0009090155665901503,4.194340651728596e-05,0.0008670721600728645,0.0009509589731074361,0.8431372549019608,0.1568627450980392,51,51,95,0.0002445408551741973,0.00043735814864883266,-0.00019281729347463535,0.0006818990038230301,0.4,0.6,218,80,1,0.000664474711415953,-1.0,true_anomaly_candidate,1,train_oof,51,218,952,32,-0.10285526422830713,-0.11074872483521075,0.027057290779691316,0.10879564656046004,-0.1516814368670571,-0.0702089055092771,0.0781128823471935,0.2436692441447333,-0.12931263384107086,0.008224883719221103,-0.13681522824591458,low,-2.733733969128998,0.0,0.0,0.01365546218487395,train_oof,0.12144018296220474,1,0,1,0,drop,train_oof,0.10516617787900674
RFERF_RF_NoResample,RFERF,supervised,RF,NoResample,31,99,0.0008232433997194885,9.607254905210551e-05,0.0007271708506673831,0.0009193159487715941,0.7647058823529411,0.23529411764705882,51,51,99,0.00020316776441668517,0.00035205186986176566,-0.0001488841054450805,0.000555219634278451,0.325,0.675,218,80,1,0.0006200756353028033,0.0,true_anomaly_candidate,1,train_oof,51,218,952,32,-0.1243530143413515,0.03375027454159844,0.008587661828234193,-0.2733293998719145,-0.4137359566500432,-0.41466637905983855,-0.46500223142974884,-0.48193591928801793,-0.13266535633907714,-0.16388447638074374,0.024899987599376495,high,1.9517513695646063,0.0,0.0,0.01050420168067227,train_oof,0.12027286025534259,1,0,1,0,drop,train_oof,0.10516617787900674
RFERF_RF_NoResample,RFERF,supervised,RF,NoResample,88,97,0.0008302658083831819,0.00014703531421747393,0.000683230494165708,0.0009773011226006558,0.5490196078431373,0.45098039215686275,51,51,78,0.00037223366627575275,0.00034766356553350973,2.457010074224295e-05,0.0007198972318092626,0.375,0.625,218,80,1,0.0004580321421074291,-19.0,true_anomaly_candidate,1,train_oof,51,218,952,32,0.13599422022358837,0.035612701542310866,-0.01672796759479368,0.038304718206599364,0.4179605790297466,0.0580350519194613,0.0271186469362466,-0.07280172939194846,0.15228206140086617,0.10301374306061063,0.05231248438793579,high,2.2228689731771114,0.0,0.0045871559633027525,0.01050420168067227,train_oof,0.11868964957960235,0,0,1,0,drop,train_oof,0.10516617787900674
RFERF_RF_NoResample,RFERF,supervised,RF,NoResample,525,87,0.0013232548944527688,8.596836780863617e-05,0.0012372865266441328,0.0014092232622614051,0.8627450980392157,0.13725490196078433,51,51,88,0.0002824659827346723,0.00037497905360566125,-9.251307087098875e-05,0.0006574450363403335,0.3625,0.6375,218,80,1,0.0010407889117180966,1.0,true_anomaly_candidate,1,train_oof,51,218,952,32,-0.03989532683696367,0.19236014837141252,-0.03925031037190541,-0.08133757685143742,-0.1129981286719582,-0.06700373875110194,-0.10096532369266356,-0.19712267352720364,-0.0009928913948597851,-0.13240094314506765,0.2290881393534954,low,-1.1722373686493033,0.0,0.0045871559633027525,0.01050420168067227,train_oof,0.11846015663977949,1,0,1,0,drop,train_oof,0.10516617787900674
RFERF_RF_NoResample,RFERF,supervised,RF,NoResample,310,92,0.0010100101710843593,0.00012649551081829352,0.0008835146602660658,0.001136505681902653,0.803921568627451,0.19607843137254902,51,51,74,0.00043470218340816975,0.0004115656954161785,2.3136487991991132e-05,0.0008462678788243481,0.4,0.6,218,80,1,0.0005753079876761896,-18.0,true_anomaly_candidate,1,train_oof,51,218,952,32,0.11273286389485503,-0.056667090430433255,-0.0006340177097557451,0.220290207031766,-0.0445548134740834,-0.20744874006477865,-0.0377201032674816,0.16846032129836286,0.11220343824331094,0.18093418271047484,-0.05557368758902162,low,-2.18010558226177,0.0,0.013761467889908258,0.01050420168067227,train_oof,0.11804554122185747,1,0,1,0,drop,train_oof,0.10516617787900674
RFERF_RF_NoResample,RFERF,supervised,RF,NoResample,43,84,0.0013671355970339052,0.00010730114544758295,0.0012598344515863222,0.0014744367424814877,0.7647058823529411,0.23529411764705882,51,51,65,0.0005386727207137841,0.00043902914636365,9.964357435013411e-05,0.0009777018670774338,0.325,0.675,218,80,1,0.000828462876320121,-19.0,true_anomaly_candidate,1,train_oof,51,218,952,32,-0.052595105112533784,0.07880284022404599,-0.01481721758626496,-0.012921561610500454,-0.2340814587963567,0.0521441435330252,-0.376651694088461,-0.27960876401677204,-0.03727888003656659,-0.14297483052767807,0.0933184040992416,high,2.3972292707540337,0.0,0.0045871559633027525,0.01050420168067227,train_oof,0.11775835712964455,1,0,1,0,drop,train_oof,0.10516617787900674
RFERF_RF_NoResample,RFERF,supervised,RF,NoResample,252,89,0.0011021710461776443,0.00013302063887849164,0.0009691504072991526,0.0012351916850561358,0.7450980392156863,0.2549019607843137,51,51,89,0.0002759115628416411,0.0003714928579808035,-9.558129513916249e-05,0.0006474044208224445,0.4,0.6,218,80,1,0.0008262594833360031,0.0,true_anomaly_candidate,1,train_oof,51,218,952,32,-0.026595394263969743,-0.026345920876107227,0.00843933206281687,-0.029202133292118296,-0.0287935706095858,-0.030514529592170297,-0.0304408536421889,-0.0292377114778699,-0.03131860383877926,-0.014249431561963594,-0.03358864000438758,high,0.005109182336101708,0.0196078431372549,0.013761467889908258,0.01050420168067227,train_oof,0.11550700930839285,1,0,1,0,drop,train_oof,0.10516617787900674
RFERF_RF_NoResample,RFERF,supervised,RF,NoResample,273,79,0.001483200513238765,0.00016265418217365673,0.0013205463310651075,0.001645854695412422,0.6666666666666666,0.3333333333333333,51,51,47,0.0008649138743312719,0.00035826862652243595,0.0005066452478088362,0.0012231825008537076,0.3875,0.6125,218,80,1,0.000618286638907493,-32.0,true_anomaly_candidate,1,train_oof,51,218,952,32,-0.03146370654750777,0.22911324820602202,-0.05566487228928656,0.2827490902188017,-0.2662939358924575,-0.1118337535487681,-0.1580146613646852,0.047074699553260005,0.026171466670257743,-0.21416076659941924,0.286124777639859,low,-2.796662974903808,0.0,0.0,0.012605042016806723,train_oof,0.11228153930645458,1,0,1,0,drop,train_oof,0.10516617787900674
RFERF_RF_NoResample,RFERF,supervised,RF,NoResample,563,95,0.0009100177580151301,9.457777232319933e-05,0.0008154399856919308,0.0010045955303383293,0.7254901960784313,0.27450980392156865,51,51,96,0.00023165297157344702,0.0003969277835809609,-0.00016527481200751394,0.0006285807551544076,0.375,0.625,218,80,1,0.0006783647864416831,1.0,true_anomaly_candidate,1,train_oof,51,218,952,32,0.045643622401418275,0.1681100309178384,0.017446633720603465,-0.1233787917550275,0.0344296567180911,0.0789409404963797,-0.08024741851234729,-0.2294716973868708,0.030017874062027716,-0.14954707351609164,0.16081103440822994,high,2.349623186722359,0.0,0.03211009174311927,0.01050420168067227,train_oof,0.11078253271162972,1,0,1,0,drop,train_oof,0.10516617787900674
RFERF_LR_class_weight,RFERF,supervised,LR,class_weight,59,2,1.2053963032556478,0.09846172728562762,1.1069345759700202,1.3038580305412755,0.8125,0.1875,48,48,1,1.5307453483980806,0.21966727468929173,1.3110780737087888,1.750412623087373,0.6125,0.3875,181,80,1,-0.3253490451424328,-1.0,false_positive_risk,1,train_oof,48,181,989,35,0.6841548521675559,0.5661462802002082,-0.15397400902734074,0.46166295136680324,0.5406177948867613,-0.0018832327346297,-0.2662288565440953,-0.0729628338033971,1.1516755267887926,0.07477241581761068,0.765023732111199,high,2.48498357061794,0.020833333333333332,0.03867403314917127,0.010111223458038422,train_oof,0.540312973057171,1,1,0,1,false_positive_risk,train_oof,0.3472293893676648
RFERF_LR_class_weight,RFERF,supervised,LR,class_weight,103,19,0.21034640548261452,0.027536532799803684,0.1828098726828109,0.23788293828241822,0.7916666666666666,0.20833333333333334,48,48,26,0.1915123514792028,0.05719948163193156,0.13431286984727125,0.2487118331111343,0.6125,0.3875,181,80,1,0.018834054003411704,7.0,shared_signal,1,train_oof,48,181,989,35,0.9200733474514181,0.49272642172602554,-0.15075190978754358,0.40599135463275526,1.0229130965731348,0.4508244259622606,-0.2029911975930242,0.2219889577179106,1.19681630953192,0.38343634711008906,0.6837494013324183,high,2.191281615866429,0.041666666666666664,0.03314917127071823,0.010111223458038422,train_oof,0.4780058717591216,1,1,1,1,review,train_oof,0.3472293893676648
RFERF_LR_class_weight,RFERF,supervised,LR,class_weight,21,12,0.26663372386912704,0.09113998584276616,0.17549373802636084,0.35777370971189315,0.6458333333333334,0.3541666666666667,48,48,28,0.1757800594601072,0.058592025373574184,0.117188034086533,0.23437208483368138,0.7,0.3,181,80,1,0.09085366440901985,16.0,true_anomaly_candidate,1,train_oof,48,181,989,35,0.5878388972122076,0.24311101857940504,-0.07910964220769291,0.17511689199961253,0.24491428771095286,0.2060628270320401,0.1350652339132149,0.2545778489965707,0.7048809589308539,0.2549718553602611,0.34489937625660727,high,1.613582221991293,0.10416666666666667,0.055248618784530384,0.010111223458038422,train_oof,0.4398062180531813,1,1,1,1,review,train_oof,0.3472293893676648
RFERF_LR_class_weight,RFERF,supervised,LR,class_weight,129,8,0.327566178264118,0.0994960378823961,0.22807014038172177,0.4270622161465141,0.75,0.25,48,48,11,0.3163317850879846,0.15966535540099439,0.15666642968699052,0.475997140488979,0.7625,0.2375,181,80,1,0.011234393176133395,3.0,shared_signal,1,train_oof,48,181,989,35,0.48481811229898225,0.4272724089281437,-0.11433474535984721,0.34371015146547457,0.460546058970014,0.460546058970014,0.1902420234107497,0.460546058970014,0.5931194042379083,0.07662571970849913,0.5469553938915074,high,1.8394803397988948,0.020833333333333332,0.0055248618784530384,0.010111223458038422,train_oof,0.3994038503616554,1,1,1,1,drop,train_oof,0.3472293893676648
RFERF_LR_class_weight,RFERF,supervised,LR,class_weight,122,13,0.2418677703807027,0.07248075389447792,0.1693870164862248,0.3143485242751805,0.6875,0.3125,48,48,16,0.23229401871437375,0.08292800434485198,0.1493660143695218,0.3152220230592257,0.6625,0.3375,181,80,1,0.009573751666328956,3.0,shared_signal,1,train_oof,48,181,989,35,-0.43866912402642994,-0.32260392784113806,0.09079679916822929,-0.29118269242158656,-0.7320376051719268,-0.3753148261156136,0.050093705429804,-0.3110604124967742,-0.5205466218225552,-0.14564347254358914,-0.41403769919168637,low,-1.74902987589769,0.0,0.022099447513812154,0.011122345803842264,train_oof,0.3673402589898317,1,1,1,1,drop,train_oof,0.3472293893676648
RFERF_LR_class_weight,RFERF,supervised,LR,class_weight,130,18,0.21764704759885697,0.08188973754117664,0.1357573100576804,0.2995367851400336,0.6875,0.3125,48,48,18,0.22160929875766677,0.10775496820436928,0.11385433055329738,0.32936426696203613,0.6125,0.3875,181,80,1,-0.003962251158809799,0.0,shared_signal,1,train_oof,48,181,989,35,0.3705756585172,0.2543843699291015,-0.07635408941405658,0.2883001455593181,0.3915348680087602,0.3159292832246588,0.1037458678628307,0.1793514526469308,0.439319392374225,0.1413290877433663,0.32990484542369136,high,1.5786888825090388,0.020833333333333332,0.022099447513812154,0.010111223458038422,train_oof,0.342296045370273,1,1,0,1,drop,train_oof,0.3472293893676648
RFERF_LR_class_weight,RFERF,supervised,LR,class_weight,582,27,0.16983424733557695,0.07573583660318163,0.09409841073239533,0.24557008393875868,0.6458333333333334,0.3541666666666667,48,48,34,0.14743109737960497,0.07577253476749564,0.07165856261210932,0.22320363214710057,0.6125,0.3875,181,80,1,0.02240314995597198,7.0,shared_signal,1,train_oof,48,181,989,35,0.3371003918599542,0.22245293715342068,-0.06160385456373123,0.14333040468323852,0.45344817054657494,0.1682084550567972,-0.0419681774093758,0.0781327554284183,0.4022488213229893,0.11298007442604767,0.2884736821436601,high,2.30360304091301,0.041666666666666664,0.016574585635359115,0.010111223458038422,train_oof,0.3370591473447232,1,1,1,1,drop,train_oof,0.3472293893676648
RFERF_LR_class_weight,RFERF,supervised,LR,class_weight,377,62,0.05794342175164104,0.015851435155716957,0.042091986595924086,0.07379485690735797,0.75,0.25,48,48,62,0.05295236176342205,0.030781773403736844,0.022170588359685224,0.08373413516715886,0.6125,0.3875,181,80,1,0.004991059988218992,0.0,shared_signal,1,train_oof,48,181,989,35,-0.4648925688953825,-0.29247375422072364,0.07718317380520036,-0.060428126350507726,-0.3714959728317686,-0.3714959728317686,0.0554598948876092,-0.1580180389720797,-0.5326936613646748,-0.2089989065085144,-0.36851545905673716,low,-1.6523635759899018,0.0625,0.0718232044198895,0.01820020222446916,train_oof,0.326280951184907,1,1,1,1,drop,train_oof,0.3472293893676648
RFERF_LR_class_weight,RFERF,supervised,LR,class_weight,316,30,0.15933387837832255,0.1437143510467995,0.01561952733152299,0.303048229425122,0.625,0.375,48,48,27,0.1867870319676526,0.19813486905429445,-0.011347837086641941,0.3849219010219469,0.6375,0.3625,181,80,1,-0.027453153589330037,-3.0,shared_signal,1,train_oof,48,181,989,35,-0.3367947634788016,-0.24728136636265324,0.06980587829283864,-0.22618070183213818,-0.5237601192162991,-0.4418362599868283,-0.0680740653806071,-0.1902940070847789,-0.419014720837549,-0.08439103180509899,-0.31746383965809705,low,-1.838458034511449,0.020833333333333332,0.04419889502762431,0.010111223458038422,train_oof,0.31546769373535116,1,1,0,1,drop,train_oof,0.3472293893676648
RFERF_LR_class_weight,RFERF,supervised,LR,class_weight,144,52,0.08008455928050941,0.014337293061890485,0.06574726621861891,0.0944218523423999,0.75,0.25,48,48,51,0.08944497397995464,0.020143723386864692,0.06930125059308997,0.10958869736681934,0.775,0.225,181,80,1,-0.009360414699445235,-1.0,shared_signal,1,train_oof,48,181,989,35,-0.3375379371397395,-0.22066771080576844,0.05794193252733114,-0.013216017382294137,-0.29777244860452734,-0.3539119618307093,-0.1667802510767694,-0.4336463429345617,-0.3834264007534043,-0.18686711423593033,-0.27833854680397496,low,-1.1560072910901178,0.0,0.011049723756906077,0.010111223458038422,train_oof,0.29979881517947754,1,1,0,1,drop,train_oof,0.3472293893676648
RFERF_LR_class_weight,RFERF,supervised,LR,class_weight,25,42,0.10950747399327532,0.2324069232651609,-0.12289944927188552,0.34191439725843625,0.75,0.25,48,48,43,0.11785303298678296,0.1623684320930629,-0.044515399106279975,0.2802214650798459,0.8125,0.1875,181,80,1,-0.00834555899350764,1.0,shared_signal,1,train_oof,48,181,989,35,-0.28006832712000035,-0.058252092452347026,0.025055180951887468,-0.04135351743380996,0.4208064542705965,0.4595901199758624,0.4399172460673939,0.449472641965793,-0.3218541986324014,-0.1660419738752498,-0.0872366390830076,low,-3.163253922585308,0.08333333333333333,0.03867403314917127,0.010111223458038422,train_oof,0.2964747946768743,1,1,0,1,drop,train_oof,0.3472293893676648
RFERF_LR_class_weight,RFERF,supervised,LR,class_weight,484,65,0.052879046207911846,0.02130970731452801,0.03156933889338384,0.07418875352243985,0.7083333333333334,0.2916666666666667,48,48,64,0.05145607432957007,0.04752344381902367,0.0039326305105464015,0.09897951814859372,0.6625,0.3375,181,80,1,0.0014229718783417764,-1.0,shared_signal,1,train_oof,48,181,989,35,-0.29202014696980555,-0.00360798404252701,0.01472783356728863,-0.026399362366614224,-0.4098879812900166,-0.4899273042090868,-0.3080616882928316,-0.3686458727513167,-0.3170590922396703,-0.2694325466223841,-0.01828688636422513,low,-1.0153846670981137,0.2708333333333333,0.1878453038674033,0.1263902932254803,train_oof,0.2873465610189377,1,1,1,1,drop,train_oof,0.3472293893676648
RFERF_LR_class_weight,RFERF,supervised,LR,class_weight,102,88,0.01199723574817915,0.005294221438417012,0.006703014309762136,0.017291457186596162,0.8125,0.1875,48,48,91,0.008462262202661405,0.004143705716133859,0.004318556486527547,0.012605967918795263,0.6375,0.3625,181,80,1,0.003534973545517746,3.0,shared_signal,1,train_oof,48,181,989,35,-0.29489394236176575,-0.11823037800734279,0.03761188352785214,-0.06181458407434621,-0.4626399437223119,-0.0935853691865547,-0.0310065500261438,-0.0342157202394982,-0.3254844780965857,-0.18919826287477198,-0.15945212826370875,low,-2.2208801202149253,0.020833333333333332,0.0055248618784530384,0.010111223458038422,train_oof,0.28056731566897347,1,1,1,1,drop,train_oof,0.3472293893676648
RFERF_LR_class_weight,RFERF,supervised,LR,class_weight,333,47,0.10156963467441764,0.015416015320815,0.08615361935360266,0.1169856499952326,0.7083333333333334,0.2916666666666667,48,48,15,0.23418481675664107,0.02721690811624818,0.20696790864039297,0.26140172487288915,0.5875,0.4125,181,80,1,-0.13261518208222345,-32.0,false_positive_risk,1,train_oof,48,181,989,35,0.16695234640733367,0.18008971312600947,-0.05063840053449347,0.2589092096417452,-0.03143901554192065,-0.0746649951456445,-0.0809480722177591,-0.0660754720597159,0.501831032675435,-0.0063206252753254455,0.2402332190233139,high,0.7211320496317118,0.041666666666666664,0.022099447513812154,0.010111223458038422,train_oof,0.2699429314406637,1,1,0,1,false_positive_risk,train_oof,0.3472293893676648
RFERF_LR_class_weight,RFERF,supervised,LR,class_weight,477,34,0.13664269310908697,0.016848085671283857,0.11979460743780312,0.15349077878037085,0.7291666666666666,0.2708333333333333,48,48,4,0.45006846056431743,0.036728960822996606,0.4133394997413209,0.48679742138731397,0.5125,0.4875,181,80,1,-0.31342576745523043,-30.0,false_positive_risk,1,train_oof,48,181,989,35,0.10402062832957742,0.20192242120481485,-0.05535795320371341,0.36977408408897194,0.04969259153768535,-0.109044438754556,-0.107615329112045,-0.0749751706102503,0.37292942101354803,-0.05114423123887771,0.27608913135679647,high,0.6873260273682584,0.020833333333333332,0.04419889502762431,0.010111223458038422,train_oof,0.17610592809910083,1,1,0,1,false_positive_risk,train_oof,0.3472293893676648
RFERF_LR_class_weight,RFERF,supervised,LR,class_weight,64,1,1.3859089620804295,0.5508637382392231,0.8350452238412064,1.9367727003196515,0.5833333333333334,0.4166666666666667,48,48,2,0.9159229971714975,0.5800554920832772,0.3358675050882204,1.495978489254775,0.475,0.525,181,80,1,0.46998596490893196,1.0,true_anomaly_candidate,1,train_oof,48,181,989,35,0.7384856666598335,0.14141610630981705,-0.06187761294435782,-0.06237015887951141,0.4417047285629305,-0.165567505255584,-0.1270253495508368,-0.3060840908170513,0.8653427911941658,0.4632452951135018,0.2155078442587034,high,2.99229273835993,0.08333333333333333,0.027624309392265192,0.010111223458038422,train_oof,0.8844851457481615,0,1,1,0,drop,train_oof,0.3472293893676648
RFERF_LR_class_weight,RFERF,supervised,LR,class_weight,348,11,0.2680433440697583,0.05274045265693186,0.21530289141282652,0.3207837967266901,0.5833333333333334,0.4166666666666667,48,48,29,0.1709973794542633,0.06710280806797135,0.10389457138629196,0.2381001875222346,0.5,0.5,181,80,1,0.09704596461549503,18.0,true_anomaly_candidate,1,train_oof,48,181,989,35,0.7812548920736105,0.2107866442116777,-0.08638191634435533,0.17044143945076617,0.1283493612747205,-0.1516847125411203,-0.1922693609202277,-0.216620149947692,0.9512076548616335,0.3454014192465911,0.35142652670230545,high,2.651902797487618,0.041666666666666664,0.03867403314917127,0.010111223458038422,train_oof,0.484241747290888,0,1,1,0,drop,train_oof,0.3472293893676648
RFERF_LR_class_weight,RFERF,supervised,LR,class_weight,56,3,0.7097681351922743,0.4371355467327318,0.27263258845954247,1.146903681925006,0.7083333333333334,0.2916666666666667,48,48,3,0.6816714978005691,0.38665760600672056,0.2950138917938485,1.0683291038072897,0.7375,0.2625,181,80,1,0.028096637391705204,0.0,shared_signal,1,train_oof,48,181,989,35,0.2170369109192333,0.16584928611312375,-0.04863415656481364,0.24332699916860137,0.506794437311762,0.4491609352179367,0.2618520534130405,0.4059358086475797,0.2546437143673849,0.06853685637107826,0.21186144227003656,high,1.183988086914101,0.020833333333333332,0.022099447513812154,0.012133468149646108,train_oof,0.4353544040187429,1,0,1,0,drop,train_oof,0.3472293893676648
RFERF_LR_class_weight,RFERF,supervised,LR,class_weight,510,57,0.07338184230903468,0.025052548868425655,0.048329293440609024,0.09843439117746035,0.4791666666666667,0.5208333333333334,48,48,57,0.06356520188513226,0.032110643291596595,0.03145455859353566,0.09567584517672881,0.4625,0.5375,181,80,1,0.009816640423902415,0.0,shared_signal,1,train_oof,48,181,989,35,0.7414961931755527,0.35301596849277345,-0.1139558451508932,0.35118173128946467,0.2665325235984723,0.1012468696845952,-0.2953754021868658,-0.1169344133165119,0.9580396222738041,0.3236108890490375,0.5057716945258306,high,3.2111945328590816,0.041666666666666664,0.03314917127071823,0.010111223458038422,train_oof,0.4033178729595159,0,1,1,0,drop,train_oof,0.3472293893676648
RFERF_LR_class_weight,RFERF,supervised,LR,class_weight,33,23,0.18737200914958607,0.023213227736944713,0.1641587814126413,0.21058523688653083,0.5208333333333334,0.4791666666666667,48,48,44,0.10141928555292204,0.02418377981747977,0.07723550573544223,0.12560306537040172,0.5125,0.4875,181,80,1,0.08595272359666403,21.0,true_anomaly_candidate,1,train_oof,48,181,989,35,0.4009740328340325,0.2102081052241431,-0.06555641338067096,0.21501312499739803,-0.06613256984260454,-0.0683015004608122,-0.1546520506982136,-0.130319360325194,0.5424768741808141,0.12172951214744393,0.3053142429980079,high,1.3364199702378898,0.041666666666666664,0.03867403314917127,0.011122345803842264,train_oof,0.392655283370615,0,1,1,0,drop,train_oof,0.3472293893676648
RFERF_LR_class_weight,RFERF,supervised,LR,class_weight,132,4,0.4541704327238083,0.49940732969223234,-0.045236896968423895,0.9535777624160405,0.3958333333333333,0.6041666666666666,48,48,7,0.3723232728359865,0.4622666795542164,-0.08994340671822985,0.8345899523902028,0.5,0.5,181,80,1,0.08184715988782182,3.0,shared_signal,1,train_oof,48,181,989,35,0.13229940694898004,0.04026109504508168,-0.011249861658954726,-0.08320150879581521,0.20653416993998874,-0.008233068901931,-0.1949871896340301,-0.1576363654876136,0.14499614571369204,0.08875429114432547,0.052120081012442795,high,2.0044534410520938,0.0,0.011049723756906077,0.010111223458038422,train_oof,0.3836439940430558,0,0,1,0,drop,train_oof,0.3472293893676648
RFERF_LR_class_weight,RFERF,supervised,LR,class_weight,551,56,0.07483034735235243,0.014124399979720871,0.060705947372631554,0.08895474733207331,0.5625,0.4375,48,48,61,0.05601419560867019,0.012701554310206854,0.04331264129846335,0.06871574991887702,0.4625,0.5375,181,80,1,0.018816151743682237,5.0,shared_signal,1,train_oof,48,181,989,35,0.4236410599272035,0.0841551656331186,-0.04052371645303367,-0.06884663678451518,0.013693945664989951,-0.0872792811867216,-0.0458781562432398,-0.0298516124714541,0.7674253990418792,0.1667646327634683,0.15805518029576973,high,0.6998184784632124,0.0625,0.022099447513812154,0.010111223458038422,train_oof,0.375602631768353,0,1,1,0,drop,train_oof,0.3472293893676648
RFERF_LR_class_weight,RFERF,supervised,LR,class_weight,295,37,0.1296258545617456,0.01776253596966888,0.11186331859207671,0.14738839053141448,0.5625,0.4375,48,48,46,0.09726606094951104,0.02810996873662147,0.06915609221288954,0.12537602968613246,0.45,0.55,181,80,1,0.032359793612234566,9.0,shared_signal,1,train_oof,48,181,989,35,0.4716684891061771,0.279240633075967,-0.07916521693303125,0.15655976781042516,-0.044438349008008304,-0.1594864954352533,-0.2016182669038766,-0.1712137703144553,0.6502084856331274,0.12672886679655482,0.37867298090825247,high,5.158350807659236,0.0,0.049723756906077346,0.010111223458038422,train_oof,0.3741411903793138,0,1,1,0,drop,train_oof,0.3472293893676648
RFERF_LR_class_weight,RFERF,supervised,LR,class_weight,63,25,0.1832832977637537,0.4133110446834322,-0.23002774691967864,0.5965943424471858,0.5625,0.4375,48,48,22,0.20464750520038896,0.5660291051491273,-0.3613815999487383,0.7706766103495164,0.525,0.475,181,80,1,-0.021364207436635252,-3.0,shared_signal,1,train_oof,48,181,989,35,0.3685686986009859,0.27966078971230734,-0.0741861471130541,0.1307648450202366,-0.02483476146013695,-0.0169941709639245,-0.1389663136875001,-0.0912299742687594,0.6701986881030565,0.04817047354146823,0.3603466897273894,high,2.1175836094402483,0.10416666666666667,0.022099447513812154,0.010111223458038422,train_oof,0.36570678988771527,0,1,0,0,drop,train_oof,0.3472293893676648
RFERF_LR_class_weight,RFERF,supervised,LR,class_weight,65,22,0.1913778229880052,0.44555110580703716,-0.254173282819032,0.6369289287950424,0.3958333333333333,0.6041666666666666,48,48,21,0.21005556261483357,0.42922448256179146,-0.2191689199469581,0.6392800451766248,0.5375,0.4625,181,80,1,-0.018677739626828366,-1.0,shared_signal,1,train_oof,48,181,989,35,0.5183004174657381,0.185921018651803,-0.05939070391306704,-0.0502574698297983,0.3973459532154929,-0.1473759656586074,-0.1570695725881087,-0.141975437115373,0.6390838198278701,0.24937276265152575,0.2519433191515989,high,2.5413620741026266,0.08333333333333333,0.04419889502762431,0.010111223458038422,train_oof,0.36347623250030786,0,1,0,0,drop,train_oof,0.3472293893676648
RFERF_LR_class_weight,RFERF,supervised,LR,class_weight,280,5,0.4291502411329547,0.0658921157783505,0.36325812535460417,0.4950423569113053,0.75,0.25,48,48,5,0.44306880435651275,0.06094693213892159,0.3821218722175911,0.5040157364954345,0.8125,0.1875,181,80,1,-0.013918563223558056,0.0,shared_signal,1,train_oof,48,181,989,35,-0.22743099334294237,-0.24692344345943656,0.06088051967196178,-0.14163991787011423,-0.46564617352459425,-0.3244816223058373,-0.1362622206808282,-0.1676321209516629,-0.27445391180485806,0.029877733754900736,-0.3041293909294916,low,-1.3948226195467228,0.0,0.0055248618784530384,0.010111223458038422,train_oof,0.3574247518788726,1,0,0,0,drop,train_oof,0.3472293893676648
RFERF_LR_class_weight,RFERF,supervised,LR,class_weight,75,16,0.2324490528042126,0.14691203956374527,0.0855370132404673,0.3793610923679578,0.5,0.5,48,48,32,0.1514881409081801,0.17697456266379308,-0.02548642175561295,0.3284627035719731,0.525,0.475,181,80,1,0.0809609118960325,16.0,true_anomaly_candidate,1,train_oof,48,181,989,35,0.2520305800512734,-0.03725188650721346,-0.003931552804343458,-0.05213316149141111,0.02552566613650825,0.1224418691729717,0.0211203841803054,0.1312524330853774,0.2655080607606944,0.217206990944787,-0.03526248206210924,high,1.9737175584476712,0.041666666666666664,0.022099447513812154,0.010111223458038422,train_oof,0.3539843121686351,0,0,1,0,drop,train_oof,0.3472293893676648
RFERF_LR_class_weight,RFERF,supervised,LR,class_weight,28,69,0.03425095118937404,0.014683868641074085,0.019567082548299957,0.048934819830448145,0.5416666666666666,0.4583333333333333,48,48,72,0.03623836528294156,0.023047863268786963,0.013190502014154597,0.059286228551728534,0.6125,0.3875,181,80,1,-0.0019874140935675216,3.0,shared_signal,1,train_oof,48,181,989,35,-0.5956490145889627,-0.3787363248294717,0.10420081176438765,-0.18313905709411418,-0.42708595146367173,-0.3979563740609511,-0.0160384847338562,-0.3882562247858414,-0.7191049250004059,-0.22350238971330114,-0.4915476987103443,low,-2.295272947145094,0.041666666666666664,0.022099447513812154,0.010111223458038422,train_oof,0.34921724656947606,0,1,0,0,drop,train_oof,0.3472293893676648
RFERF_LR_class_weight,RFERF,supervised,LR,class_weight,14,28,0.16591451865595944,0.07363216007028305,0.09228235858567639,0.23954667872624244,0.5625,0.4375,48,48,33,0.1503386953682078,0.08872991829954126,0.0616087770686665,0.23906861366774912,0.6125,0.3875,181,80,1,0.015575823287751644,5.0,shared_signal,1,train_oof,48,181,989,35,-0.40123524433118973,-0.13476752863920088,0.05078935804212014,-0.16197104520790473,-0.5335364509474355,-0.3052065174497282,0.0071650323686424,-0.143415557286798,-0.4725595221639372,-0.22935921436551876,-0.18664326258125083,low,-2.096850824955553,0.020833333333333332,0.03314917127071823,0.010111223458038422,train_oof,0.34497401092773666,0,1,1,0,drop,train_oof,0.3472293893676648
RFERF_LR_class_weight,RFERF,supervised,LR,class_weight,107,24,0.18577003816661364,0.08834262207941425,0.0974274160871994,0.27411266024602793,0.5625,0.4375,48,48,37,0.13181542395634058,0.11926010764556882,0.01255531631077179,0.2510755316019093,0.4125,0.5875,181,80,1,0.05395461421027306,13.0,shared_signal,1,train_oof,48,181,989,35,-0.3180220291254305,-0.025950419037234385,0.021304940307978273,-0.029231960621059372,-0.1752237888884967,0.047575308782032,0.0069638276876572,0.0430629219937682,-0.3383748491461321,-0.2755826743183881,-0.04764524131644859,low,-2.6300750113737505,0.041666666666666664,0.022099447513812154,0.010111223458038422,train_oof,0.343850165004613,0,1,1,0,drop,train_oof,0.3472293893676648
RFERF_LR_class_weight,RFERF,supervised,LR,class_weight,79,68,0.03531860182688557,0.1584268127409742,-0.12310821091408863,0.19374541456785985,0.2708333333333333,0.7291666666666666,48,48,66,0.04645339191859288,0.11998881547624127,-0.07353542355764843,0.16644220739483417,0.3875,0.6125,181,80,1,-0.011134790091707307,-2.0,false_positive_risk,1,train_oof,48,181,989,35,0.543734091636945,0.2140935468584591,-0.07095289039958128,0.02635309189238241,0.5379746720874488,0.077941035571441,-0.1769132794937651,-0.0905219862513223,0.6505175140122744,0.2805283215192102,0.29123189342121975,high,2.9134760623748983,0.020833333333333332,0.03867403314917127,0.010111223458038422,train_oof,0.3338856275317055,0,1,0,0,drop,train_oof,0.3472293893676648
RFERF_LR_class_weight,RFERF,supervised,LR,class_weight,43,6,0.3729842200931759,0.2682682408573645,0.10471597923581139,0.6412524609505404,0.4375,0.5625,48,48,9,0.3338722304366366,0.3596900415270802,-0.02581781109044349,0.6935622719637171,0.4375,0.5625,181,80,1,0.03911198965653928,3.0,shared_signal,1,train_oof,48,181,989,35,0.028235074080674643,0.020820806515612262,-0.000703273966236629,-0.12717496823278918,-0.12615505922106826,-0.1173212830139266,-0.3352157374480636,-0.5765008095007336,0.028942100828554432,0.007681467700983513,0.021441200190780142,high,2.348559102479035,0.0,0.016574585635359115,0.010111223458038422,train_oof,0.3271066966898034,0,0,1,0,drop,train_oof,0.3472293893676648
RFERF_LR_class_weight,RFERF,supervised,LR,class_weight,125,53,0.07868090081758777,0.125373351718442,-0.046692450900854214,0.2040542525360298,0.3333333333333333,0.6666666666666666,48,48,56,0.07198277253810245,0.13432143533834617,-0.06233866280024373,0.20630420787644863,0.375,0.625,181,80,1,0.006698128279485321,3.0,shared_signal,1,train_oof,48,181,989,35,-0.36174787723590907,-0.3861443384680509,0.1031976579428984,-0.4000190379132568,-0.5990185222116753,-0.522181787677035,-0.0826041901067694,-0.4364105491267392,-0.4606333836597875,0.02868232953783309,-0.4929798841142347,low,-1.5678761376693908,0.0625,0.06077348066298342,0.011122345803842264,train_oof,0.3195618333908316,0,1,1,0,drop,train_oof,0.3472293893676648
RFERF_LR_class_weight,RFERF,supervised,LR,class_weight,57,38,0.1280020824398108,0.052003138667585234,0.07599894377222556,0.18000522110739595,0.5833333333333334,0.4166666666666667,48,48,49,0.09093604853437597,0.07169967686477206,0.019236371669603916,0.16263572539914803,0.55,0.45,181,80,1,0.03706603390543482,11.0,shared_signal,1,train_oof,48,181,989,35,-0.29302041233216597,0.0028136597493164405,0.015409551583144181,-0.041304885449352506,-0.10786994987642734,0.037084147270272,0.037084147270272,-0.1299185746106598,-0.30837863818407696,-0.288360967041564,-0.012680809936471405,low,-2.5872443394299625,0.041666666666666664,0.0055248618784530384,0.011122345803842264,train_oof,0.3184372372122583,0,1,1,0,drop,train_oof,0.3472293893676648
RFERF_LR_class_weight,RFERF,supervised,LR,class_weight,55,7,0.3333338599983593,0.30214591580442074,0.031187944193938482,0.63547977580278,0.4791666666666667,0.5208333333333334,48,48,13,0.3010635975670558,0.26150719542625606,0.03955640214079974,0.5625707929933119,0.5125,0.4875,181,80,1,0.03227026243130349,6.0,shared_signal,1,train_oof,48,181,989,35,0.025810206676120013,0.0863908965334585,-0.01583814901547037,-0.004816228025009279,-0.33031223017780187,0.0786442853475016,-0.077148672947852,0.0786442853475016,0.042788415520404674,-0.05286299776143076,0.10405535765793564,low,-2.063508891213612,0.0,0.0,0.016177957532861477,train_oof,0.3175507729243684,0,0,1,0,drop,train_oof,0.3472293893676648
RFERF_LR_class_weight,RFERF,supervised,LR,class_weight,115,35,0.13644021059230976,0.07963042024273251,0.056809790349577255,0.21607063083504227,0.5416666666666666,0.4583333333333333,48,48,38,0.12430227125483026,0.10673363591648463,0.017568635338345615,0.23103590717131475,0.45,0.55,181,80,1,0.012137939337479503,3.0,shared_signal,1,train_oof,48,181,989,35,-0.30150925689392394,-0.1472901793620586,0.040839798223488655,0.02118303864025503,-0.14107181096331115,-0.0599464219744894,0.1159091521193901,0.1794405768165205,-0.34401042739906523,-0.1487910029575022,-0.18854303777145706,low,-2.899156851687608,0.0,0.0,0.010111223458038422,train_oof,0.3152757886161215,0,1,1,0,drop,train_oof,0.3472293893676648
RFERF_LR_class_weight,RFERF,supervised,LR,class_weight,133,9,0.2958462269196339,0.13281539655122843,0.16303083036840546,0.42866162347086245,0.625,0.375,48,48,10,0.3313039138319314,0.1395186714710911,0.1917852423608403,0.47082258530302246,0.725,0.275,181,80,1,-0.035457686912297504,1.0,shared_signal,1,train_oof,48,181,989,35,0.18852316883561146,0.21503503896576084,-0.06006941515898195,0.31627146909194165,0.1222732321194762,0.3186794293210581,-0.0351565858625062,0.3568021999226186,0.24772035571517476,-0.02751847501187462,0.27568229986476955,high,2.1469719020373548,0.0,0.0055248618784530384,0.014155712841253791,train_oof,0.3136340394856146,1,0,0,0,drop,train_oof,0.3472293893676648
RFERF_LR_class_weight,RFERF,supervised,LR,class_weight,281,17,0.22452874490566835,0.06810603768535418,0.1564227072203141,0.29263478259102255,0.7916666666666666,0.20833333333333334,48,48,17,0.22906378549181908,0.07160699250319094,0.15745679298862816,0.30067077799501,0.8,0.2,181,80,1,-0.004535040586150729,0.0,shared_signal,1,train_oof,48,181,989,35,-0.19016812736706776,-0.24414127998464133,0.06151494807154477,-0.21576006517644808,-0.2995154980071485,-0.3460462940242044,-0.1413107915491586,-0.3460462940242044,-0.24154606989485336,0.07604462796767386,-0.30423399497975645,low,-1.2811291707829584,0.041666666666666664,0.0055248618784530384,0.010111223458038422,train_oof,0.3103553515346801,1,0,0,0,drop,train_oof,0.3472293893676648
RFERF_LR_class_weight,RFERF,supervised,LR,class_weight,137,21,0.201043463235578,0.08407019593970168,0.11697326729587626,0.2851136591752797,0.6458333333333334,0.3541666666666667,48,48,23,0.20425145738726896,0.095697571166006,0.10855388622126294,0.2999490285532749,0.65,0.35,181,80,1,-0.003207994151690957,2.0,shared_signal,1,train_oof,48,181,989,35,0.2008421860546333,0.12465705456493978,-0.03748500098171363,0.1508459093831978,0.3144137658246421,0.1141410645760796,-0.145809887697626,0.1025953478855229,0.2390466260374555,0.07734965138003243,0.16184322852050406,high,2.1889682521462217,0.020833333333333332,0.022099447513812154,0.010111223458038422,train_oof,0.3052782680034355,1,0,0,0,drop,train_oof,0.3472293893676648
RFERF_LR_class_weight,RFERF,supervised,LR,class_weight,19,10,0.28798871217152194,0.006740203112894769,0.28124850905862714,0.2947289152844167,0.9583333333333334,0.041666666666666664,48,48,12,0.3028402588592005,0.02592894376753353,0.276911315091667,0.32876920262673404,0.85,0.15,181,80,1,-0.014851546687678574,2.0,shared_signal,1,train_oof,48,181,989,35,0.12649359047608538,0.12296857189126618,-0.032484390935915944,0.11111578730085624,0.028531956773812303,0.0766096744205156,0.0661008836780716,0.0668802177194821,0.14689113873022222,0.00951737777455925,0.1512296993846813,low,-1.8825021485314393,0.0,0.0,0.010111223458038422,train_oof,0.30406000868706395,1,0,0,0,drop,train_oof,0.3472293893676648
RFERF_LR_class_weight,RFERF,supervised,LR,class_weight,416,15,0.23901390469429462,0.13147908772825706,0.1075348169660376,0.37049299242255157,0.6458333333333334,0.3541666666666667,48,48,14,0.258914476088587,0.10260302460070361,0.15631145148788328,0.36151750068929056,0.6625,0.3375,181,80,1,-0.019900571394292355,-1.0,shared_signal,1,train_oof,48,181,989,35,-0.1688530025919018,-0.20831162582751223,0.05322492651398136,-0.26408942298986,-0.4023457883707454,-0.4534252382050796,-0.1292119310121767,-0.4534252382050796,-0.21757173019611228,0.04446456389244056,-0.25900718644483517,low,-2.0942753429157297,0.0,0.016574585635359115,0.010111223458038422,train_oof,0.3027627832073996,1,0,0,0,drop,train_oof,0.3472293893676648
RFERF_LR_class_weight,RFERF,supervised,LR,class_weight,460,66,0.05036783703686946,0.022789644551574742,0.027578192485294722,0.07315748158844422,0.5,0.5,48,48,59,0.059151868456657666,0.0287558337017925,0.030396034754865176,0.08790770215845019,0.4625,0.5375,181,80,1,-0.008784031419788209,-7.0,shared_signal,1,train_oof,48,181,989,35,0.3293689305526532,0.20024751186756323,-0.05204930302991891,-0.024443114356245563,0.033344592671147706,-0.0975370252778921,-0.2431491842206006,-0.2313929722755652,0.39980162392263674,0.1072410682835886,0.2537095478076627,high,2.898218480845613,0.041666666666666664,0.022099447513812154,0.010111223458038422,train_oof,0.29616875984352303,0,1,0,0,drop,train_oof,0.3472293893676648
RFERF_LR_class_weight,RFERF,supervised,LR,class_weight,488,58,0.07280436543781615,0.041134053786794425,0.031670311651021764,0.11393841922461058,0.5833333333333334,0.4166666666666667,48,48,63,0.051642582492565293,0.04979545866517618,0.0018471238273891108,0.1014380411577415,0.5,0.5,181,80,1,0.02116178294525086,5.0,shared_signal,1,train_oof,48,181,989,35,-0.2735007596344539,0.02209078008968757,0.008246316517385492,-0.07600378267918523,-0.1643953791874434,-0.0232578371315817,-0.0005018833715307,-0.3418304767936475,-0.2867180700810994,-0.2878573569789556,0.013982968252432818,low,-1.395282106447686,0.2708333333333333,0.143646408839779,0.13953488372093023,train_oof,0.2954341709198151,0,0,1,0,drop,train_oof,0.3472293893676648
RFERF_LR_class_weight,RFERF,supervised,LR,class_weight,124,95,0.001856698396658303,0.004625562408156657,-0.0027688640114983554,0.006482260804814961,0.3541666666666667,0.6458333333333334,48,48,95,0.002046193446967013,0.004094152375769198,-0.0020479589288021844,0.006140345822736213,0.4125,0.5875,181,80,1,-0.00018949505030870992,0.0,shared_signal,1,train_oof,48,181,989,35,0.3444795794353664,0.2013839567676184,-0.06570557750499142,0.30407963209591843,0.2991009479565267,0.0377200306384171,-0.2236608866797079,-0.1365339142403381,0.4129905701937276,0.14392609556378833,0.2698028888921554,high,2.1287673691833247,0.10416666666666667,0.03867403314917127,0.01314459049544995,train_oof,0.2913547961560504,0,1,0,0,drop,train_oof,0.3472293893676648
RFERF_LR_class_weight,RFERF,supervised,LR,class_weight,586,32,0.153706205174278,0.11627874661427573,0.0374274585600023,0.2699849517885537,0.5208333333333334,0.4791666666666667,48,48,36,0.1321492254899726,0.1592550457397986,-0.02710582024982604,0.2914042712297712,0.4,0.6,181,80,1,0.021556979684305394,4.0,shared_signal,1,train_oof,48,181,989,35,0.13475975543379062,0.002978455472014101,-0.009039257506611352,0.04521588244698987,0.1071251793737314,-0.1235634555624151,-0.0741301766475266,-0.1070856959241187,0.15130104731243543,0.10645348680184773,0.011950104991246354,high,2.70237232240538,0.041666666666666664,0.03314917127071823,0.01314459049544995,train_oof,0.2909264195370363,0,0,1,0,drop,train_oof,0.3472293893676648
RFERF_LR_class_weight,RFERF,supervised,LR,class_weight,16,50,0.08799769984925791,0.060412379980748075,0.02758531986850984,0.14841007983000598,0.5416666666666666,0.4583333333333333,48,48,50,0.09091563790157722,0.06712193086407062,0.023793707037506592,0.15803756876564784,0.55,0.45,181,80,1,-0.0029179380523193105,0.0,shared_signal,1,train_oof,48,181,989,35,0.2463051892475976,0.06645189389367726,-0.02998958017403326,0.15957765899573698,0.15128538385917828,0.1435113759186551,-0.0281147993836736,0.2348061358355729,0.301246967487811,0.14256574526950402,0.09684327311607015,high,1.8823057919572426,0.041666666666666664,0.016574585635359115,0.010111223458038422,train_oof,0.2906115760806132,0,1,0,0,drop,train_oof,0.3472293893676648
RFERF_LR_class_weight,RFERF,supervised,LR,class_weight,76,60,0.06343508471266492,0.031745871488179596,0.03168921322448533,0.09518095620084449,0.6666666666666666,0.3333333333333333,48,48,65,0.05053867853474005,0.05119640707414751,-0.0006577285394074721,0.10173508560888753,0.5125,0.4875,181,80,1,0.012896406177924868,5.0,shared_signal,1,train_oof,48,181,989,35,-0.2392204619814902,-0.026371527209691194,0.029359703091229792,-0.12372421125178017,-0.18532221164095886,-0.0475822385484897,0.0721916510971354,-0.1523843919884119,-0.27196668787997275,-0.22451620020516883,-0.05633577156585321,low,-2.417667966856122,0.020833333333333332,0.0055248618784530384,0.010111223458038422,train_oof,0.2872061293377268,1,0,1,0,drop,train_oof,0.3472293893676648
RFERF_LR_class_weight,RFERF,supervised,LR,class_weight,480,36,0.13493371343051316,0.11340915521461259,0.0215245582159006,0.2483428686451258,0.625,0.375,48,48,39,0.12336554431072881,0.2065676527866669,-0.08320210847593815,0.32993319709739577,0.5375,0.4625,181,80,1,0.011568169119784352,3.0,shared_signal,1,train_oof,48,181,989,35,-0.17620880951488363,0.04001774020695354,-0.0017429694139463956,0.08726169161595626,-0.3986319263015541,-0.1602646312114345,-0.1187373051023684,0.0300253169181152,-0.18004436643727076,-0.19481940723580524,0.041636510140412857,low,-1.7049030971947128,0.0,0.0055248618784530384,0.010111223458038422,train_oof,0.28714255952739365,1,0,1,0,drop,train_oof,0.3472293893676648
RFERF_LR_class_weight,RFERF,supervised,LR,class_weight,425,54,0.07855804846788161,0.030749407364481385,0.04780864110340021,0.109307455832363,0.4583333333333333,0.5416666666666666,48,48,54,0.07678261731969381,0.03276058424906225,0.04402203307063155,0.10954320156875608,0.3875,0.6125,181,80,1,0.0017754311481878032,0.0,shared_signal,1,train_oof,48,181,989,35,0.16018404855199922,0.2236609150904036,-0.051824149563396316,0.06706222808809408,-0.1832063366010397,-0.2080186619275164,-0.2546150011712085,-0.1356997013682541,0.2804531249671269,-0.036387335428405096,0.275231585292151,high,1.8262942308883279,0.020833333333333332,0.04419889502762431,0.010111223458038422,train_oof,0.2870874392184057,0,0,1,0,drop,train_oof,0.3472293893676648
RFERF_LR_class_weight,RFERF,supervised,LR,class_weight,273,41,0.11097651174361271,0.1653827789087908,-0.05440626716517808,0.2763592906524034,0.20833333333333334,0.7916666666666666,48,48,47,0.09638047305282056,0.16283150662666596,-0.06645103357384542,0.2592119796794865,0.2375,0.7625,181,80,1,0.014596038690792151,6.0,shared_signal,1,train_oof,48,181,989,35,0.16522159464858607,0.14229262701910336,-0.029121573105101817,-0.013923276858667824,-0.1732097515049946,-0.2335718985761292,-0.1470650718056974,-0.1876444534814844,0.20009058795186727,0.019705477529523487,0.1714934155356748,low,-2.796662974903808,0.0,0.0,0.012133468149646108,train_oof,0.28650021336732523,0,0,1,0,drop,train_oof,0.3472293893676648
RFERF_LR_class_weight,RFERF,supervised,LR,class_weight,452,44,0.1079629768785114,0.13580149939462458,-0.02783852251611314,0.243764476273136,0.3958333333333333,0.6041666666666666,48,48,25,0.19297023206910624,0.1454970474503903,0.04747318461871598,0.3384672795194965,0.525,0.475,181,80,1,-0.08500725519059484,-19.0,false_positive_risk,1,train_oof,48,181,989,35,-0.36725497362666354,-0.2264231008972784,0.06448232281573714,-0.14501660970307007,-0.45939893499736606,-0.2741281433346743,0.0045697996792906,-0.0230597377746795,-0.45365559280328316,-0.12530574288470187,-0.29055787428148877,low,-2.055099733626561,0.0,0.027624309392265192,0.010111223458038422,train_oof,0.2843457750015428,0,1,0,0,drop,train_oof,0.3472293893676648
RFERF_LR_class_weight,RFERF,supervised,LR,class_weight,131,49,0.09557677582240974,0.15025406868789834,-0.05467729286548862,0.24583084451030823,0.3333333333333333,0.6666666666666666,48,48,58,0.05936391796824383,0.16201402612166635,-0.10265010815342253,0.22137794408991018,0.3,0.7,181,80,1,0.03621285785416591,9.0,true_anomaly_candidate,1,train_oof,48,181,989,35,0.11938345362666192,0.05635821858423406,-0.018089257096848468,0.0681391291192111,0.061292721391503505,-0.0476274015494089,-0.0476274015494089,-0.0040593523730439,0.14364016878256056,0.052629010757767665,0.07434348514423733,high,1.8780803720461194,0.041666666666666664,0.016574585635359115,0.010111223458038422,train_oof,0.28314439792527585,0,0,1,0,drop,train_oof,0.3472293893676648
RFERF_LR_class_weight,RFERF,supervised,LR,class_weight,468,51,0.08353505133978033,0.25465971232545365,-0.1711246609856734,0.338194763665234,0.14583333333333334,0.8541666666666666,48,48,35,0.13855626275513142,0.24792722214666907,-0.10937095939153754,0.3864834849018005,0.2375,0.7625,181,80,1,-0.05502121141535109,-16.0,false_positive_risk,1,train_oof,48,181,989,35,-0.34989002838376465,-0.15213178531810667,0.03951562366756971,0.156893903396343,-0.5659280297636253,-0.6310502653094339,-0.236174027417767,-0.2529996158133769,-0.3998067205398425,-0.19213190888020906,-0.19274596875708092,low,-0.9802319324172032,0.0625,0.13259668508287292,0.16279069767441862,train_oof,0.2831145920135332,0,1,0,0,drop,train_oof,0.3472293893676648
RFERF_LR_class_weight,RFERF,supervised,LR,class_weight,282,64,0.05298600112007432,0.01775142822334979,0.035234572896724534,0.07073742934342413,0.6875,0.3125,48,48,68,0.04303864327266573,0.02532000526097953,0.017718638011686206,0.06835864853364523,0.575,0.425,181,80,1,0.009947357847408592,4.0,shared_signal,1,train_oof,48,181,989,35,0.2527439804925143,0.048506642251954515,-0.025084990196982584,0.0972866886895871,0.4508828262769313,0.0758566197448994,-0.1341580559130465,0.135860812790027,0.26922764701467755,0.26534499456075794,0.07324035277545247,high,1.8339794759671348,0.0,0.0,0.010111223458038422,train_oof,0.28310757159090477,1,0,1,0,drop,train_oof,0.3472293893676648
RFERF_LR_class_weight,RFERF,supervised,LR,class_weight,90,92,0.007009432502474736,0.004624002541757415,0.002385429960717319,0.011633435044232148,0.5416666666666666,0.4583333333333333,48,48,93,0.006882644073711028,0.00754235325678614,-0.0006597091830751111,0.014424997330497166,0.4875,0.5125,181,80,1,0.00012678842876370777,1.0,shared_signal,1,train_oof,48,181,989,35,-0.30021805557250697,-0.13500669605560225,0.03806033909429285,0.04439314396803403,-0.21214099914937007,-0.197654043238012,0.0391989097936331,-0.0061560733700427,-0.3422224224846346,-0.1730772354845948,-0.17404638459209246,low,-2.2556786314131645,0.020833333333333332,0.016574585635359115,0.010111223458038422,train_oof,0.28075706535024747,0,1,1,0,drop,train_oof,0.3472293893676648
RFERF_LR_class_weight,RFERF,supervised,LR,class_weight,344,75,0.02600568479219897,0.0377757641558444,-0.011770079363645443,0.06378144894804337,0.4583333333333333,0.5416666666666666,48,48,67,0.04372855111191752,0.027647996884537222,0.016080554227380316,0.07137654799645478,0.55,0.45,181,80,1,-0.01772286631971855,-8.0,false_positive_risk,1,train_oof,48,181,989,35,-0.3146873190482244,0.0047206033884881525,0.010223572789874603,0.11442501191081103,-0.23895568686591015,-0.092112348189923,0.0151820373706485,0.1067406481938169,-0.3329592759045663,-0.2809860435197955,-0.005500065850528845,low,-2.066195393177311,0.0625,0.027624309392265192,0.010111223458038422,train_oof,0.27554388677296426,0,1,0,0,drop,train_oof,0.3472293893676648
RFERF_LR_class_weight,RFERF,supervised,LR,class_weight,183,26,0.18125584248523363,0.1480531717785469,0.033202670706686734,0.3293090142637804,0.5833333333333334,0.4166666666666667,48,48,19,0.2206876571471847,0.14738985031215862,0.07329780683502604,0.3680775074593435,0.5875,0.4125,181,80,1,-0.03943181466195106,-7.0,false_positive_risk,1,train_oof,48,181,989,35,0.15472268466789876,0.04298491960370475,-0.019833360873021566,0.12184942706466857,0.4412872090314412,0.1003974108306978,0.0114632776807076,0.4657879776212821,0.17929063098196799,0.10072174850780778,0.06258243318418899,high,1.8808529055636887,0.020833333333333332,0.016574585635359115,0.010111223458038422,train_oof,0.274790816049281,0,0,0,0,drop,train_oof,0.3472293893676648
RFERF_LR_class_weight,RFERF,supervised,LR,class_weight,423,33,0.15163527923700498,0.15083640658322045,0.0007988726537845556,0.30247168582022543,0.3958333333333333,0.6041666666666666,48,48,20,0.21134855855024615,0.12901044540116682,0.08233811314907931,0.34035900395141305,0.5125,0.4875,181,80,1,-0.05971327931324116,-13.0,false_positive_risk,1,train_oof,48,181,989,35,0.15007608891978702,0.3245868444355119,-0.07689753565801491,0.2765817955011624,-0.27021081631157406,0.1638412143166103,-0.2944237820116901,0.0198201273303816,0.24547710237285011,-0.14068941713732896,0.4076860612561186,high,3.054623467935999,0.020833333333333332,0.022099447513812154,0.010111223458038422,train_oof,0.2703197117500616,0,0,0,0,drop,train_oof,0.3472293893676648
RFERF_LR_class_weight,RFERF,supervised,LR,class_weight,310,82,0.01843835908657623,0.01650611414461808,0.0019322449419581459,0.03494447323119432,0.4791666666666667,0.5208333333333334,48,48,85,0.019813455140418407,0.01753101363171123,0.0022824415087071737,0.037344468772129616,0.5125,0.4875,181,80,1,-0.0013750960538421765,3.0,shared_signal,1,train_oof,48,181,989,35,0.21554388049940307,0.13122250570888022,-0.037116566336531084,0.07007304056236494,0.14226059883972,0.09897410086457,-0.1060672053335074,-0.0650589440938914,0.25123181908459746,0.08688010698552215,0.1672252526725353,high,2.520739750737417,0.0,0.027624309392265192,0.011122345803842264,train_oof,0.26735908824299465,0,0,0,0,drop,train_oof,0.3472293893676648
RFERF_LR_class_weight,RFERF,supervised,LR,class_weight,0,93,0.006221126375860392,0.0117133776810143,-0.005492251305153908,0.017934504056874686,0.375,0.625,48,48,92,0.007280216046427759,0.009548889769541411,-0.0022686737231136516,0.01682910581596917,0.4375,0.5625,181,80,1,-0.0010590896705673673,-1.0,shared_signal,1,train_oof,48,181,989,35,-0.22990530121340105,-0.061824856847232205,0.020219802876309326,0.03293510538690283,-0.3399920611207359,-0.0646458634226751,-0.0258064336940608,-0.348133659792372,-0.2543432760950856,-0.16948936692133862,-0.08336364443892601,low,-2.271777206393855,0.0,0.0055248618784530384,0.010111223458038422,train_oof,0.26529341264273076,0,0,0,0,drop,train_oof,0.3472293893676648
RFERF_LR_class_weight,RFERF,supervised,LR,class_weight,88,84,0.015896241126001194,0.01356467378579296,0.002331567340208238,0.02946091491179416,0.5416666666666666,0.4583333333333333,48,48,90,0.011294455572851367,0.015347587368300619,-0.004053131795449256,0.026642042941151987,0.4875,0.5125,181,80,1,0.004601785553149827,6.0,shared_signal,1,train_oof,48,181,989,35,0.20047618306163154,0.09317338674676451,-0.025304185252966818,-0.041754302084117886,0.34794182956969066,0.0819966059657112,0.0229645459776822,-0.071294139662139,0.22454645391276923,0.1181470539897389,0.11849800521687462,high,2.220118557697986,0.0,0.0055248618784530384,0.010111223458038422,train_oof,0.2649535111553083,0,0,1,0,drop,train_oof,0.3472293893676648
RFERF_LR_class_weight,RFERF,supervised,LR,class_weight,37,86,0.014807570837203377,0.023723534354003765,-0.008915963516800391,0.03853110519120714,0.3958333333333333,0.6041666666666666,48,48,80,0.02632704639820981,0.02566816145297466,0.0006588849452351491,0.05199520785118446,0.3875,0.6125,181,80,1,-0.011519475561006432,-6.0,false_positive_risk,1,train_oof,48,181,989,35,0.2180523155681485,0.1354299841560998,-0.03461453980484759,-0.005020555476700009,0.2173077024311958,0.1472738181978923,0.0049520856410351,0.0616231827677481,0.26046385874858174,0.07476895384542996,0.16921279522087482,high,2.895306837051162,0.0,0.011049723756906077,0.010111223458038422,train_oof,0.263609954900773,0,0,0,0,drop,train_oof,0.3472293893676648
RFERF_LR_class_weight,RFERF,supervised,LR,class_weight,92,61,0.06175928452489032,0.05485371051683296,0.006905574008057361,0.11661299504172329,0.5625,0.4375,48,48,60,0.056938412104171034,0.07064532504091886,-0.013706912936747811,0.12758373714508991,0.4625,0.5375,181,80,1,0.00482087242071929,-1.0,shared_signal,1,train_oof,48,181,989,35,-0.12306057031709346,-0.12061262829292418,0.027823113499097402,0.0007177943454676919,-0.20633625659410632,-0.0995399566357997,-0.0385134995167673,-0.0995399566357997,-0.14510546181558598,-0.0031612757345016286,-0.14713817825488845,low,-2.388032098599513,0.020833333333333332,0.0055248618784530384,0.011122345803842264,train_oof,0.26194677823379076,0,0,1,0,drop,train_oof,0.3472293893676648
RFERF_LR_class_weight,RFERF,supervised,LR,class_weight,490,46,0.10229279640020676,0.0762251231438694,0.026067673256337368,0.17851791954407617,0.5208333333333334,0.4791666666666667,48,48,42,0.11911418640832483,0.07628970958388585,0.04282447682443898,0.1954038959922106,0.675,0.325,181,80,1,-0.016821390008118067,-4.0,shared_signal,1,train_oof,48,181,989,35,-0.11378618930603503,-0.13392010963468212,0.03267263048653692,-0.07462727487479998,-0.112649724093738,-0.3427075006368525,-0.1062164005527821,-0.2554728646795819,-0.14691381052834285,0.02015096666828292,-0.16621043841005756,low,-1.6521912270160308,0.0,0.027624309392265192,0.010111223458038422,train_oof,0.26172459674336657,0,0,0,0,drop,train_oof,0.3472293893676648
RFERF_LR_class_weight,RFERF,supervised,LR,class_weight,58,72,0.03239972377367083,0.03972406545423766,-0.00732434168056683,0.07212378922790848,0.4791666666666667,0.5208333333333334,48,48,75,0.03202220182452119,0.04031054310693381,-0.008288341282412627,0.072332744931455,0.525,0.475,181,80,1,0.00037752194914963955,3.0,shared_signal,1,train_oof,48,181,989,35,0.15106727527825672,0.13662390345075368,-0.03761413303187973,0.186431901764427,0.12513613179067754,-0.0158424538101859,-0.2977996250119338,0.2495983977395735,0.18624494059358238,0.015637712920797853,0.17328806109518974,high,2.2115012249717947,0.0,0.0055248618784530384,0.012133468149646108,train_oof,0.26033522400954245,0,0,1,0,drop,train_oof,0.3472293893676648
RFERF_LR_class_weight,RFERF,supervised,LR,class_weight,288,74,0.026789229413927074,0.05881390324706606,-0.03202467383313899,0.08560313266099313,0.3125,0.6875,48,48,76,0.031095535450558355,0.04778664411967179,-0.016691108669113445,0.07888217957023014,0.4375,0.5625,181,80,1,-0.004306306036631281,2.0,shared_signal,1,train_oof,48,181,989,35,0.19117312495659458,0.026343311490944078,-0.018149809674758186,0.09182406864308515,0.2879289776332567,0.0824298215058328,-0.1230693346215914,0.0413299902803478,0.20252889377179537,0.23300888483484733,0.04451890587877982,high,1.7921828004860023,0.020833333333333332,0.0,0.010111223458038422,train_oof,0.25974513936934235,0,0,0,0,drop,train_oof,0.3472293893676648
RFERF_LR_class_weight,RFERF,supervised,LR,class_weight,48,55,0.07725533774976495,0.09626862270021641,-0.019013284950451466,0.1735239604499813,0.4375,0.5625,48,48,53,0.08470157195267815,0.08070128519726757,0.004000286755410578,0.16540285714994568,0.55,0.45,181,80,1,-0.007446234202913196,-2.0,shared_signal,1,train_oof,48,181,989,35,-0.1495878566790814,0.07630897950052407,-0.009984021216961615,0.09720352301782327,-0.3800504475443973,0.150408797792055,-0.0202066195268127,0.1154181407961905,-0.1431625300990039,-0.19984813859344863,0.08655260492643867,low,-2.3406922666274537,0.0,0.022099447513812154,0.010111223458038422,train_oof,0.2596521688650513,0,0,0,0,drop,train_oof,0.3472293893676648
RFERF_LR_class_weight,RFERF,supervised,LR,class_weight,486,14,0.2405773514328952,0.1722048087391107,0.06837254269378447,0.4127821601720059,0.4583333333333333,0.5416666666666666,48,48,8,0.34756927417048233,0.17488262689012513,0.17268664728035715,0.5224519010606071,0.5625,0.4375,181,80,1,-0.10699192273758715,-6.0,false_positive_risk,1,train_oof,48,181,989,35,0.13165383264745348,0.20062510046374474,-0.05267546845341848,0.2115800226856478,-0.0034589832366020996,0.0360595673589673,-0.2252001001899332,0.0260366836838664,0.18552438187883258,-0.07444594916831015,0.2546392083820853,high,2.267410486827466,0.0,0.016574585635359115,0.010111223458038422,train_oof,0.2591873476880528,0,0,0,0,drop,train_oof,0.3472293893676648
RFERF_LR_class_weight,RFERF,supervised,LR,class_weight,31,71,0.032720398773191973,0.02779311519488055,0.004927283578311425,0.06051351396807252,0.8541666666666666,0.14583333333333334,48,48,69,0.04281032332661898,0.019050004583436943,0.023760318743182032,0.061860327910055926,0.9125,0.0875,181,80,1,-0.010089924553427006,-2.0,false_positive_risk,1,train_oof,48,181,989,35,-0.1607001681801074,-0.1570771357487326,0.0444529580192801,-0.21071247013328667,-0.43606609448512357,-0.479795947745489,-0.4528136978614336,-0.4732829908769242,-0.2007314870374868,-0.004322561967692127,-0.1999387539371373,high,1.9460906796234134,0.0,0.0055248618784530384,0.010111223458038422,train_oof,0.25820822316838754,1,0,0,0,drop,train_oof,0.3472293893676648
RFERF_LR_class_weight,RFERF,supervised,LR,class_weight,563,39,0.11626328292600985,0.04836385007882465,0.06789943284718519,0.1646271330048345,0.625,0.375,48,48,40,0.12224851251399242,0.09538551332146578,0.026862999192526577,0.21763402583545816,0.6375,0.3625,181,80,1,-0.005985229587982574,1.0,shared_signal,1,train_oof,48,181,989,35,-0.02713743290304847,0.07314487288165032,0.04046305364057085,-0.009077137552634881,-0.009580479772564099,-0.0314176516064799,-0.0251858625352775,-0.1452448943649783,-0.07262267297450518,-0.11566069526255537,0.03481750576455816,high,2.5080431492049575,0.0,0.016574585635359115,0.010111223458038422,train_oof,0.25715952737681935,1,0,0,0,drop,train_oof,0.3472293893676648
RFERF_LR_class_weight,RFERF,supervised,LR,class_weight,405,40,0.11247936602259238,0.132836142254021,-0.020356776231428605,0.2453155082766134,0.4375,0.5625,48,48,45,0.09747297783516613,0.11943636164251561,-0.021963383807349503,0.21690933947768168,0.475,0.525,181,80,1,0.01500638818742625,5.0,shared_signal,1,train_oof,48,181,989,35,-0.0274560219051531,0.06021645753983423,-0.011157372449276629,0.019983234904624197,-0.08625771021550145,-0.0723309945630507,-0.0723309945630507,0.2062033184859683,-0.016631335112835023,-0.08025801062369932,0.07215967330498994,low,-1.5207094224179487,0.125,0.03314917127071823,0.014155712841253791,train_oof,0.25619807224505553,0,0,1,0,drop,train_oof,0.3472293893676648
RFERF_LR_class_weight,RFERF,supervised,LR,class_weight,428,29,0.16124660275513142,0.00578256837427791,0.1554640343808535,0.16702917112940932,0.7916666666666666,0.20833333333333334,48,48,24,0.19402878062200066,0.006456117242011582,0.1875726633799891,0.20048489786401222,0.8875,0.1125,181,80,1,-0.03278217786686924,-5.0,false_positive_risk,1,train_oof,48,181,989,35,-0.06206976656845311,-0.07423360779884271,0.020752183174289035,-0.10580812818857581,-0.051969948782878306,-0.123129411453512,-0.1589249430786937,-0.1241565115672992,-0.07590061219509474,0.05064098038599596,-0.09203457288730511,high,6.441373360475646,0.0,0.0,0.011122345803842264,train_oof,0.255896776488507,1,0,0,0,drop,train_oof,0.3472293893676648
RFERF_LR_class_weight,RFERF,supervised,LR,class_weight,47,31,0.15834743395564518,0.15289495252982443,0.005452481425820753,0.31124238648546954,0.5625,0.4375,48,48,30,0.17090206515742046,0.1359941588264692,0.03490790633095125,0.3068962239838896,0.6,0.4,181,80,1,-0.012554631201775274,-1.0,shared_signal,1,train_oof,48,181,989,35,-0.020222402638947378,0.1480390314352344,-0.03363482584698486,0.2249960048308447,0.22860637078495005,0.493679289016215,0.3302745762908958,0.6061185447178805,0.013313901897108772,-0.17634225222179306,0.1814696554320741,low,-1.878137489106371,0.0,0.0,0.010111223458038422,train_oof,0.25368680821177214,0,0,0,0,drop,train_oof,0.3472293893676648
RFERF_LR_class_weight,RFERF,supervised,LR,class_weight,182,91,0.009574217179493843,0.018257511093211328,-0.008683293913717485,0.027831728272705164,0.375,0.625,48,48,81,0.02367241740472192,0.014772745629223108,0.00889967177549881,0.03844516303394502,0.4625,0.5375,181,80,1,-0.014098200225228077,-10.0,false_positive_risk,1,train_oof,48,181,989,35,-0.20106964090970017,0.03196579018453402,0.0028839108395662936,0.04871562007496151,-0.32201348723286866,-0.2355968401047319,-0.0982772364490627,0.2781678839173407,-0.21389020815291537,-0.20171475763682176,0.028611218454993863,low,-1.5054717128073998,0.0,0.011049723756906077,0.010111223458038422,train_oof,0.25347621580767427,0,0,0,0,drop,train_oof,0.3472293893676648
RFERF_LR_class_weight,RFERF,supervised,LR,class_weight,139,87,0.01309628444627932,0.006233678869819061,0.00686260557646026,0.01932996331609838,0.7291666666666666,0.2708333333333333,48,48,89,0.011916390333617024,0.009279494303462685,0.0026368960301543405,0.02119588463707971,0.6125,0.3875,181,80,1,0.001179894112662297,2.0,shared_signal,1,train_oof,48,181,989,35,-0.16083726088618375,0.018364471558836432,0.003576233272156002,0.052925432189842976,-0.3577938395366098,-0.3521812730789957,-0.3039715187462845,-0.3634064059942239,-0.1663657309714423,-0.18818021195431395,0.014814260254885844,low,-1.1114761562387847,0.0,0.0,0.010111223458038422,train_oof,0.2530401670948421,1,0,1,0,drop,train_oof,0.3472293893676648
RFERF_LR_class_weight,RFERF,supervised,LR,class_weight,525,43,0.10925369209676494,0.11914494402099685,-0.009891251924231924,0.22839863611776187,0.6041666666666666,0.3958333333333333,48,48,41,0.12117397241194179,0.13469462498015866,-0.013520652568216884,0.2558685973921004,0.5125,0.4875,181,80,1,-0.011920280315176848,-2.0,shared_signal,1,train_oof,48,181,989,35,-0.057174904601348005,-0.016915204606443374,0.0077147309450760594,-0.05408767734475547,-0.19467057353142295,-0.1115268686744902,-0.0954480987021571,-0.0686851787482087,-0.062124781406332215,-0.05584974456119795,-0.024266135214848134,low,-1.1710190252513997,0.0,0.0055248618784530384,0.010111223458038422,train_oof,0.25120421884406724,1,0,0,0,drop,train_oof,0.3472293893676648
RFERF_LR_class_weight,RFERF,supervised,LR,class_weight,571,80,0.020176390376195254,0.02655895410748597,-0.006382563731290721,0.046735344483681225,0.5833333333333334,0.4166666666666667,48,48,84,0.02101862487798846,0.017487126147108036,0.0035314987308804257,0.03850575102509649,0.55,0.45,181,80,1,-0.0008422345017932049,4.0,shared_signal,1,train_oof,48,181,989,35,-0.13312915543833595,-0.023346099553344858,0.010005704647238945,0.020577188116453326,0.37750370330049066,0.1306292705943977,0.0222808450473944,0.3615059491928787,-0.14938957373289063,-0.08936688068811185,-0.0341727188689913,high,1.8692942738352456,0.0,0.011049723756906077,0.01314459049544995,train_oof,0.2508745279070513,0,0,0,0,drop,train_oof,0.3472293893676648
RFERF_LR_class_weight,RFERF,supervised,LR,class_weight,217,48,0.0984005081474074,0.0766581416370548,0.021742366510352617,0.1750586497844622,0.4375,0.5625,48,48,52,0.08545997319046347,0.06930769100324195,0.01615228218722152,0.1547676641937055,0.4625,0.5375,181,80,1,0.01294053495694393,4.0,shared_signal,1,train_oof,48,181,989,35,-0.0071277585516540355,0.0388358614349901,-0.013610462415938999,0.1704819596291907,-0.1091197752677112,-0.0894628185379893,-0.2260269389760576,-0.2280960923160284,0.006269846458798747,-0.062031174610488814,0.05207078493779293,high,2.6210452906900703,0.0,0.011049723756906077,0.010111223458038422,train_oof,0.25039930333033533,0,0,1,0,drop,train_oof,0.3472293893676648
RFERF_LR_class_weight,RFERF,supervised,LR,class_weight,271,73,0.028826747071885785,0.06078803719088811,-0.03196129011900231,0.0896147842627739,0.4583333333333333,0.5416666666666666,48,48,82,0.023507498812925916,0.057668589234939206,-0.03416109042201326,0.08117608804786514,0.375,0.625,181,80,1,0.0053192482589598696,9.0,shared_signal,1,train_oof,48,181,989,35,0.08046982312859227,0.06705432969233223,-0.02414400174175058,0.22533578816561994,-0.055861526768176,0.0934681268756115,-0.0658854724565001,0.2267253362047398,0.10404395093881484,0.014023655279088682,0.09160084942298881,high,2.2157973298905462,0.0,0.0,0.010111223458038422,train_oof,0.2479152809253375,0,0,1,0,drop,train_oof,0.3472293893676648
RFERF_LR_class_weight,RFERF,supervised,LR,class_weight,489,67,0.045686934749583,0.05309129381128114,-0.007404359061698132,0.09877822856086409,0.2916666666666667,0.7083333333333334,48,48,70,0.042755599968557524,0.05533411749319791,-0.01257851752464042,0.09808971746175547,0.4,0.6,181,80,1,0.002931334781025474,3.0,shared_signal,1,train_oof,48,181,989,35,0.05340554920237248,0.08003615904309926,-0.02165944536759326,0.12704758516978343,-0.15376168631239662,-0.0849529449549328,-0.2308951138764702,-0.3120433938333624,0.07605644294737868,-0.027386767663518184,0.10290366300702408,high,2.9037017390564746,0.0,0.011049723756906077,0.010111223458038422,train_oof,0.2459219480357487,0,0,1,0,drop,train_oof,0.3472293893676648
RFERF_LR_class_weight,RFERF,supervised,LR,class_weight,91,45,0.10250280549493053,0.11159766276237641,-0.009094857267445869,0.21410046825730686,0.5208333333333334,0.4791666666666667,48,48,31,0.15175745979701774,0.14171038928546348,0.010047070511554294,0.29346784908248125,0.4875,0.5125,181,80,1,-0.04925465430208721,-14.0,false_positive_risk,1,train_oof,48,181,989,35,0.08589015855880926,0.10266560155457441,-0.02503775725290982,0.0640516794925582,0.11115665372964256,0.0659875003516164,-0.0209631199010839,-0.0175754333977319,0.10834299162483967,-0.02049836132736264,0.1263107942082777,high,2.577076244096225,0.0,0.0,0.010111223458038422,train_oof,0.24093913923528765,0,0,0,0,drop,train_oof,0.3472293893676648
RFERF_LR_class_weight,RFERF,supervised,LR,class_weight,227,96,0.0011649071679033496,0.0010133463759435907,0.00015156079195975908,0.002178253543846941,0.6875,0.3125,48,48,96,0.0010977835834150198,0.0011314785573744387,-3.369497395941862e-05,0.0022292621407894587,0.6875,0.3125,181,80,1,6.71235844883298e-05,0.0,shared_signal,1,train_oof,48,181,989,35,0.0810979855062588,0.07970735002827244,-0.026791977106685867,0.22600869647093924,-0.15714287438294827,-0.1481667666320204,-0.2738322751450091,-0.1571428743829484,0.10871628974945664,0.0014769491104979376,0.10760160042805166,high,4.559622226574568,0.0,0.0055248618784530384,0.010111223458038422,train_oof,0.24019881397948567,1,0,1,0,drop,train_oof,0.3472293893676648
RFERF_LR_class_weight,RFERF,supervised,LR,class_weight,252,97,0.0002912006715585761,0.00045942789322469055,-0.00016822722166611465,0.0007506285647832664,0.4791666666666667,0.5208333333333334,48,48,97,0.00040299968824595623,0.0318377515615995,-0.03143475187335354,0.032240751249845455,0.6,0.4,181,80,1,-0.00011179901668738015,0.0,false_positive_risk,1,train_oof,48,181,989,35,-0.026304632522596138,0.16774112334090413,-0.028382517645999354,-0.029377457477875086,-0.0274861700254819,-0.0316585919852777,-0.0301350289441529,-0.0300349408611593,0.106398248690504,-0.08280264529911502,0.18980705722640676,high,0.005384063135145513,0.0,0.011049723756906077,0.010111223458038422,train_oof,0.23953512045581843,0,0,0,0,drop,train_oof,0.3472293893676648
RFERF_LR_class_weight,RFERF,supervised,LR,class_weight,41,99,0.00011691699727774334,0.0006700548035896326,-0.0005531378063118893,0.000786971800867376,0.1875,0.8125,48,48,98,0.0003724158180186803,0.0008331182286499279,-0.0004607024106312474,0.0012055340466686076,0.125,0.875,181,80,1,-0.00025549882074093696,-1.0,false_positive_risk,1,train_oof,48,181,989,35,0.08207883855555324,0.07209167831180874,-0.0167850507198221,-0.01246724780652044,0.1055943851515539,-0.1133787465675309,-0.1233837494705835,-0.1615846696458756,0.10356222521694158,0.00884596664259888,0.08726965276850258,high,1.3064221199474908,0.0,0.011049723756906077,0.012133468149646108,train_oof,0.23895618546524516,0,0,0,0,drop,train_oof,0.3472293893676648
RFERF_LR_class_weight,RFERF,supervised,LR,class_weight,81,70,0.03284169418872443,0.03152911176065084,0.0013125824280735866,0.06437080594937525,0.5416666666666666,0.4583333333333333,48,48,79,0.027165368732331864,0.031935435726757354,-0.004770066994425495,0.05910080445908922,0.5125,0.4875,181,80,1,0.0056763254563925655,9.0,shared_signal,1,train_oof,48,181,989,35,0.033974011298587035,0.005970372478515507,-0.0017966608738275343,-0.06021727723394282,0.1385271527426592,0.1207518843035252,0.0852013474252574,-0.0629258895675251,0.037304663685752644,0.02442391947647748,0.00789393501742132,high,2.242644928777738,0.0,0.022099447513812154,0.010111223458038422,train_oof,0.23775833372226207,0,0,1,0,drop,train_oof,0.3472293893676648
RFERF_LR_class_weight,RFERF,supervised,LR,class_weight,173,94,0.0027992094910429567,0.001733079738483188,0.0010661297525597685,0.004532289229526146,0.5833333333333334,0.4166666666666667,48,48,94,0.004265230036401784,0.0023769530166440527,0.0018882770197577333,0.00664218305304584,0.525,0.475,181,80,1,-0.0014660205453588277,0.0,false_positive_risk,1,train_oof,48,181,989,35,-0.07332070358197018,-0.058847756020781294,0.012403197824015784,0.05014959960644642,-0.0540188512010004,-0.0252945612992193,0.0593115289569364,0.0237978614420072,-0.08524049760149563,-0.016028233004818416,-0.07066144465495076,low,-2.733733969128998,0.0,0.0,0.01314459049544995,train_oof,0.23594159826068062,0,0,0,0,drop,train_oof,0.3472293893676648
RFERF_LR_class_weight,RFERF,supervised,LR,class_weight,24,59,0.06734163529967453,0.04267988015539347,0.02466175514428108,0.110021515455068,0.4375,0.5625,48,48,48,0.0956151144545262,0.04763313946534741,0.04798197498917878,0.14324825391987364,0.55,0.45,181,80,1,-0.028273479154851663,-11.0,false_positive_risk,1,train_oof,48,181,989,35,-0.04001230209100562,-0.1337724929578969,0.030600452103597627,-0.10980179494927553,0.12953199835174825,0.0471816418087949,0.0870040421493812,0.00752833870957,-0.06995394298375157,0.09860914018952925,-0.16194338570284927,high,3.2079033120514704,0.0,0.0055248618784530384,0.010111223458038422,train_oof,0.23592326209028955,0,0,0,0,drop,train_oof,0.3472293893676648
RFERF_LR_class_weight,RFERF,supervised,LR,class_weight,9,79,0.023240122455381526,0.02221135249054364,0.001028769964837875,0.04545147494592516,0.4583333333333333,0.5416666666666666,48,48,78,0.0290116817431822,0.027466683122153286,0.001544998621028897,0.05647836486533547,0.5375,0.4625,181,80,1,-0.005771559287800675,-1.0,false_positive_risk,1,train_oof,48,181,989,35,-0.05521449349110454,-0.03472582761843408,0.011445173817752972,-0.075228255216617,-0.0224353674247414,-0.0389626578783697,-0.0323517416969184,-0.1513482329630422,-0.0662016816510445,-0.021220409008576763,-0.045677468774202125,high,2.747141857632469,0.0,0.011049723756906077,0.010111223458038422,train_oof,0.23540254829600532,0,0,0,0,drop,train_oof,0.3472293893676648
RFERF_LR_class_weight,RFERF,supervised,LR,class_weight,2,78,0.023435844596602227,0.01437127053604613,0.009064574060556097,0.03780711513264836,0.5625,0.4375,48,48,83,0.0211411595978376,0.013106196279105387,0.008034963318732208,0.034247355876942984,0.55,0.45,181,80,1,0.0022946849987646283,5.0,shared_signal,1,train_oof,48,181,989,35,0.019499122373047018,0.022905592080295186,-0.0021399979208966816,-0.06925128395233486,-0.04537665631282049,-0.1095710732053563,0.0634936960833912,-0.1482363840957742,0.021542962999461384,-0.003444843172199447,0.025138539150957144,low,-2.5553411916221265,0.0,0.0055248618784530384,0.01314459049544995,train_oof,0.23151362444477297,0,0,1,0,drop,train_oof,0.3472293893676648
RFERF_LR_class_weight,RFERF,supervised,LR,class_weight,338,63,0.053798046707372815,0.04293212356946686,0.010865923137905964,0.09673017027683971,0.6041666666666666,0.3958333333333333,48,48,55,0.07206483746605097,0.29858708609099804,-0.2265222486249471,0.3706519235570491,0.625,0.375,181,80,1,-0.018266790758678153,-8.0,false_positive_risk,1,train_oof,48,181,989,35,-0.052784247821148156,0.08273670427226384,-0.018119021418047956,0.14319331278483516,-0.0761183414439362,-0.0863671870096252,-0.0926692721711358,-0.0509259151543622,-0.035003700143112305,-0.14702743008150163,0.09925649724560645,high,0.5432251252589779,0.0,0.027624309392265192,0.010111223458038422,train_oof,0.2314558730309505,1,0,0,0,drop,train_oof,0.3472293893676648
RFERF_LR_class_weight,RFERF,supervised,LR,class_weight,8,85,0.015293839892540871,0.020669538789031532,-0.00537569889649066,0.03596337868157241,0.4791666666666667,0.5208333333333334,48,48,86,0.01854858940990651,0.020699788529975414,-0.0021511991200688966,0.03924837793988192,0.5125,0.4875,181,80,1,-0.0032547495173656377,1.0,false_positive_risk,1,train_oof,48,181,989,35,0.04106437850847126,-0.001733709794443413,-0.0036949800160249496,0.022612310309731327,0.00926005995486515,-0.0706599312996313,-0.0015765490287954,0.0810525944716143,0.04376572729117471,0.04671795858417544,0.0019323852645524284,high,2.103434746047219,0.0,0.0055248618784530384,0.010111223458038422,train_oof,0.23097283234773952,0,0,0,0,drop,train_oof,0.3472293893676648
RFERF_LR_class_weight,RFERF,supervised,LR,class_weight,126,77,0.02468296319527762,0.029292924140921956,-0.004609960945644336,0.05397588733619959,0.4166666666666667,0.5833333333333334,48,48,77,0.02972631428980746,0.02604892394608997,0.0036773903437174954,0.05577523823589745,0.525,0.475,181,80,1,-0.00504335109452984,0.0,false_positive_risk,1,train_oof,48,181,989,35,0.006169574780169884,0.09259274124088848,-0.029147635759851173,0.2848989758469847,-0.0639999994404245,0.0378274757075997,-0.0953315302551998,0.1396549508556259,0.03498777687422862,-0.09602677312070736,0.1210071178258088,high,4.717974891164911,0.0,0.0055248618784530384,0.011122345803842264,train_oof,0.23080337784788008,0,0,0,0,drop,train_oof,0.3472293893676648
RFERF_LR_class_weight,RFERF,supervised,LR,class_weight,552,76,0.024969370501668336,0.04295721998811295,-0.017987849486444628,0.06792659048978131,0.5625,0.4375,48,48,74,0.032307294399877645,0.026772276575476095,0.005535017824401549,0.05907957097535378,0.6375,0.3625,181,80,1,-0.007337923898209309,-2.0,false_positive_risk,1,train_oof,48,181,989,35,0.1027662331479438,-0.10457451950001556,0.06338601932158101,-0.0536042027667681,-0.12388060775539995,-0.2619792492238921,-0.1380435664932243,-0.0903649272973541,0.03994691662127025,0.26354227859467794,-0.1820169434263759,high,3.9100526541936413,0.020833333333333332,0.0,0.010111223458038422,train_oof,0.23068499367800563,0,0,0,0,drop,train_oof,0.3472293893676648
RFERF_LR_class_weight,RFERF,supervised,LR,class_weight,35,83,0.017550883726748314,0.09344542720196625,-0.07589454347521792,0.11099631092871454,0.5208333333333334,0.4791666666666667,48,48,87,0.01703980084036309,0.037516827757396704,-0.02047702691703361,0.05455662859775978,0.5625,0.4375,181,80,1,0.0005110828863852251,4.0,shared_signal,1,train_oof,48,181,989,35,-0.012672443557912305,-0.06997419006948641,0.01528819043373206,-0.05736292602686738,-0.1750404154125366,-0.1569299099062283,-0.1505315876016079,-0.1567853150518869,-0.026267638781283513,0.0901895175648944,-0.08385032815827874,low,-0.3208643260162251,0.020833333333333332,0.0055248618784530384,0.012133468149646108,train_oof,0.23020385517512632,0,0,1,0,drop,train_oof,0.3472293893676648
RFERF_LR_class_weight,RFERF,supervised,LR,class_weight,67,98,0.00016917202712539146,0.00032741059835543945,-0.0001582385712300481,0.000496582625480831,0.4166666666666667,0.5833333333333334,48,48,99,0.00017182585511879998,0.5728447324417194,-0.5726729065866004,0.5730165582968383,0.4875,0.5125,181,80,1,-2.653827993408513e-06,1.0,shared_signal,1,train_oof,48,181,989,35,-0.05710395792867023,0.16188740650109718,-0.043893411544613646,0.4716223526472164,-0.057179469251093504,-0.0572198970751352,-0.0573109323911428,-0.0571809234893684,-0.03901661327907274,-0.1180564033787144,0.23445902868542332,high,-0.05567549602721037,0.041666666666666664,0.022099447513812154,0.010111223458038422,train_oof,0.22823672434946327,0,0,0,0,drop,train_oof,0.3472293893676648
RFERF_LR_class_weight,RFERF,supervised,LR,class_weight,15,90,0.009671696954541465,0.03010588743738615,-0.020434190482844682,0.0397775843919276,0.3541666666666667,0.6458333333333334,48,48,88,0.013869267738739227,0.06029947053341036,-0.04643020279467115,0.07416873827214958,0.425,0.575,181,80,1,-0.004197570784197762,-2.0,false_positive_risk,1,train_oof,48,181,989,35,-0.02852817375748437,0.03643127295764832,-0.005057057001762015,-0.005666912439376782,-0.06376922944920099,-0.0587801464926757,-0.068124693545721,-0.0144694225180645,-0.028498956792677194,-0.04169915172892422,0.0403210638398187,high,1.0258511738409604,0.0,0.011049723756906077,0.010111223458038422,train_oof,0.22673546240419173,0,0,0,0,drop,train_oof,0.3472293893676648
RFERF_LR_class_weight,RFERF,supervised,LR,class_weight,156,89,0.011137554303922687,0.009237200238762172,0.0019003540651605126,0.02037475454268486,0.2916666666666667,0.7083333333333334,48,48,73,0.03341820272580497,0.009247466481441681,0.024170736244363285,0.04266566920724667,0.35,0.65,181,80,1,-0.022280648421882286,-16.0,false_positive_risk,1,train_oof,48,181,989,35,-0.0012453083197657606,0.20445761287145614,-0.03934819741905776,0.05623754620181291,-0.132755935793469,-0.0851511438749487,-0.1264468669849904,-0.0840040404552254,0.06661578196090476,-0.10288685796065737,0.23775699033126663,low,-0.4879220966082219,0.041666666666666664,0.0055248618784530384,0.010111223458038422,train_oof,0.22546366342651275,0,0,0,0,drop,train_oof,0.3472293893676648
RFERF_LR_class_weight,RFERF,supervised,LR,class_weight,39,81,0.019354450929939582,0.05414021830163592,-0.034785767371696356,0.0734946692315755,0.5833333333333334,0.4166666666666667,48,48,71,0.03983099894315422,0.03979382976720465,3.716917594954929e-05,0.07962482871035885,0.6125,0.3875,181,80,1,-0.02047654801321464,-10.0,false_positive_risk,1,train_oof,48,181,989,35,0.05312934523069529,-0.07790220260711224,0.01480310819136019,-0.09096010760143938,-0.20795947759875466,-0.1774123604665061,-0.1439125342968708,-0.2372181398783278,0.037121657685990204,0.15679033544099538,-0.09212387611834429,low,-1.5225592266627026,0.0,0.0055248618784530384,0.011122345803842264,train_oof,0.2231422235071876,0,0,0,0,drop,train_oof,0.3472293893676648
RFERF_LR_class_weight,RFERF,supervised,LR,class_weight,200,20,0.20970547149691707,0.07678304369787155,0.13292242779904562,0.28648851519478863,0.6875,0.3125,48,48,6,0.42830086318504523,0.15079820257202062,0.2775026606130247,0.579099065757066,0.5125,0.4875,181,80,1,-0.21859539168812817,-14.0,false_positive_risk,1,train_oof,48,181,989,35,0.12430028782326737,0.13491739306924247,-0.044614539101649295,0.3956295598296025,0.09348880130822221,0.0091440146931494,-0.0629999537323218,-0.0385983173531186,0.23343547237230533,-0.007266416292093931,0.1930587509988078,high,1.1202460037023785,0.0,0.022099447513812154,0.010111223458038422,train_oof,0.2109535909182751,1,0,0,0,drop,train_oof,0.3472293893676648
ANOVA_SVM_class_weight,ANOVA,supervised,SVM,class_weight,64,1,0.09677863686335055,8.278111387746097e-07,0.09677780905221178,0.09677946467448932,0.9782608695652174,0.021739130434782608,46,46,2,0.013884991505093489,0.006087448945134575,0.007797542559958913,0.019972440450228075,0.4875,0.5125,276,80,1,0.08289364535825705,1.0,true_anomaly_candidate,1,train_oof,46,276,894,37,0.8027516795203783,0.3978018714630733,-0.16263306541801031,-0.09897894105535907,0.5949503681795183,0.13078110142370963,-0.1620581405519414,-0.3064492270289908,1.2477682229613076,0.27859785013136784,0.6120084608177211,high,1.4051267664384186,0.391304347826087,0.2318840579710145,0.010067114093959731,train_oof,0.8754738420414314,1,1,1,1,monitor_first,train_oof,0.07685139318795782
ANOVA_SVM_class_weight,ANOVA,supervised,SVM,class_weight,65,3,0.06298799756210248,0.0,0.06298799756210248,0.06298799756210248,1.0,0.0,46,46,3,0.005714460489596351,0.005105649090348022,0.0006088113992483279,0.010820109579944372,0.425,0.575,276,80,1,0.057273537072506125,0.0,true_anomaly_candidate,1,train_oof,46,276,894,37,0.5643652491105854,0.4330824462181592,-0.16176337466471913,-0.07679440175066055,0.474956333660226,0.14528482860013187,-0.1972659116187642,-0.1649584459284789,1.103862536905896,0.08244471165921534,0.6298128455281555,high,1.2539509931839634,0.3695652173913043,0.21739130434782608,0.010067114093959731,train_oof,0.6758755615597705,1,1,1,1,monitor_first,train_oof,0.07685139318795782
ANOVA_SVM_class_weight,ANOVA,supervised,SVM,class_weight,103,6,0.05525434367629766,0.0,0.05525434367629766,0.05525434367629766,1.0,0.0,46,46,8,0.0028565831824503853,0.00448770812503427,-0.0016311249425838854,0.007344291307484654,0.4875,0.5125,276,80,1,0.05239776049384728,2.0,true_anomaly_candidate,1,train_oof,46,276,894,37,0.8850432803016943,0.45556222033585,-0.20765696785253307,0.4773304647550423,0.8921499718620778,0.418133644784496,-0.268372759948553,0.2546797388956752,1.2664918206513924,0.37613576168028334,0.7149627540073797,high,1.9264862883265348,0.10869565217391304,0.07608695652173914,0.010067114093959731,train_oof,0.668399438968345,1,1,1,1,monitor_first,train_oof,0.07685139318795782
ANOVA_SVM_class_weight,ANOVA,supervised,SVM,class_weight,38,2,0.07034231462365358,0.0,0.07034231462365358,0.07034231462365358,1.0,0.0,46,46,27,0.0009956436261911146,0.009787889673008723,-0.008792246046817609,0.01078353329919984,0.1875,0.8125,276,80,1,0.06934667099746246,25.0,true_anomaly_candidate,1,train_oof,46,276,894,37,0.18323051964259593,0.2060488987590883,-0.0833289806819429,0.24829247350050507,0.2059165029382131,0.03800611229009525,-0.0588394000730359,0.0328499854744536,0.3056618862299882,-0.017476071834378624,0.30988168589926035,high,3.0908501608767174,0.06521739130434782,0.08333333333333333,0.010067114093959731,train_oof,0.6659284597679143,1,1,1,1,monitor_first,train_oof,0.07685139318795782
ANOVA_SVM_class_weight,ANOVA,supervised,SVM,class_weight,510,8,0.04986806785840351,4.846019720771289e-13,0.04986806785791891,0.049868067858888115,0.9782608695652174,0.021739130434782608,46,46,30,0.0007685013491267341,0.005702068382109464,-0.00493356703298273,0.006470569731236197,0.225,0.775,276,80,1,0.04909956650927678,22.0,true_anomaly_candidate,1,train_oof,46,276,894,37,0.6104641953121528,0.41424197315511113,-0.18248011761504704,0.5351844563026692,0.25743482353183866,0.0989246418519613,-0.29953589554970517,-0.0402415534128636,1.1332146847150764,0.13765134704454612,0.6602878129942603,high,1.8772064864740865,0.15217391304347827,0.10144927536231885,0.010067114093959731,train_oof,0.6286833832746026,1,1,1,1,monitor_first,train_oof,0.07685139318795782
ANOVA_SVM_class_weight,ANOVA,supervised,SVM,class_weight,59,4,0.059980964662898546,3.0712346249972304e-05,0.05995025231664858,0.060011677009148515,0.9782608695652174,0.021739130434782608,46,46,1,0.015269981880495808,0.004006760595979096,0.011263221284516721,0.019276742476474908,0.625,0.375,276,80,1,0.044710982782402736,-3.0,true_anomaly_candidate,1,train_oof,46,276,894,37,0.8378769368711241,0.3375033992559935,-0.15990912349715491,0.2825755974542995,0.606820674964561,-0.0289052298351529,-0.26558571680800713,-0.0624700343295808,1.481076944351172,0.32722278051707,0.5216278876596008,high,2.4647840200942093,0.043478260869565216,0.036231884057971016,0.010067114093959731,train_oof,0.6097232444036413,1,1,1,1,monitor_first,train_oof,0.07685139318795782
ANOVA_SVM_class_weight,ANOVA,supervised,SVM,class_weight,63,10,0.04753558623437861,1.8241145188321272e-07,0.04753540382292673,0.0475357686458305,0.9782608695652174,0.021739130434782608,46,46,7,0.003068439737692854,0.005107390570472599,-0.0020389508327797443,0.008175830308165448,0.3125,0.6875,276,80,1,0.04446714649668576,-3.0,true_anomaly_candidate,1,train_oof,46,276,894,37,0.515522423542338,0.3434192242361661,-0.13147114367568757,-0.03908011822680928,0.04048128766081635,0.0597463579369814,-0.15290218056776883,-0.0849281912531121,1.0920115487079782,0.1018630430997852,0.48982975789495414,high,1.2156618990640944,0.2391304347826087,0.13043478260869565,0.010067114093959731,train_oof,0.5812827021531963,1,1,1,1,review,train_oof,0.07685139318795782
ANOVA_SVM_class_weight,ANOVA,supervised,SVM,class_weight,582,5,0.05915581807646958,0.0,0.05915581807646958,0.05915581807646958,1.0,0.0,46,46,11,0.0019390152855302794,0.012935019664852717,-0.010996004379322435,0.014874034950382992,0.15,0.85,276,80,1,0.0572168027909393,6.0,true_anomaly_candidate,1,train_oof,46,276,894,37,0.24392426054149058,0.12371454062683805,-0.061305865494148036,0.269645053737367,0.3333472377087641,0.1381832218473487,-0.0719934106188243,0.1081579886378668,0.31199608647144333,0.10922931640293637,0.1874735636641143,high,2.302101779252536,0.08695652173913043,0.014492753623188406,0.010067114093959731,train_oof,0.570528083395817,1,1,1,1,review,train_oof,0.07685139318795782
ANOVA_SVM_class_weight,ANOVA,supervised,SVM,class_weight,79,12,0.0462827698532332,0.0,0.0462827698532332,0.0462827698532332,1.0,0.0,46,46,13,0.0016165078949014356,0.006013141773827085,-0.004396633878925649,0.007629649668728519,0.3125,0.6875,276,80,1,0.04466626195833177,1.0,true_anomaly_candidate,1,train_oof,46,276,894,37,0.5762873325688801,0.2735596111417602,-0.119601710625202,0.013848035584817977,0.5098975017836549,0.0585029945918914,-0.2028306674664979,-0.142356762196788,0.7750273497197546,0.2598294299550975,0.4053626203186683,high,2.9939495520302333,0.0,0.014492753623188406,0.010067114093959731,train_oof,0.5406883090733737,1,1,1,1,review,train_oof,0.07685139318795782
ANOVA_SVM_class_weight,ANOVA,supervised,SVM,class_weight,100,7,0.05243716508048185,0.0,0.05243716508048185,0.05243716508048185,1.0,0.0,46,46,16,0.001348435909653695,0.008752181213855629,-0.007403745304201929,0.010100617123509327,0.2,0.8,276,80,1,0.05108872917082816,9.0,true_anomaly_candidate,1,train_oof,46,276,894,37,0.32106699283763485,0.040997411318586106,-0.04512727190813073,0.395012576561954,0.048074981970692,0.048074981970692,0.048074981970692,0.3271334819680114,0.39737455992968396,0.23139534539461915,0.08813297244614188,flat,,,,,train_oof,0.5367428261356367,1,1,1,1,review,train_oof,0.07685139318795782
ANOVA_SVM_class_weight,ANOVA,supervised,SVM,class_weight,70,9,0.04840294537553844,0.0,0.04840294537553844,0.04840294537553844,1.0,0.0,46,46,12,0.001617760224389753,0.007810794551378381,-0.006193034326988627,0.009428554775768132,0.225,0.775,276,80,1,0.04678518515114869,3.0,true_anomaly_candidate,1,train_oof,46,276,894,37,-0.4865178851484984,-0.049454881526079686,0.03747270909319411,0.0915771411607201,-0.4392725630131794,-0.02041453839057155,0.00482946399219215,0.0226017017923182,-0.5710620985949602,-0.3611426399343305,-0.08751111227034138,low,-1.8232051386620005,0.08695652173913043,0.06521739130434782,0.010067114093959731,train_oof,0.5277409295508206,1,1,1,1,review,train_oof,0.07685139318795782
ANOVA_SVM_class_weight,ANOVA,supervised,SVM,class_weight,NA_112,11,0.04699231381389445,0.0,0.04699231381389445,0.04699231381389445,1.0,0.0,46,46,19,0.0011136687636712317,0.006351761934957244,-0.005238093171286014,0.007465430698628474,0.3125,0.6875,276,80,1,0.045878645050223224,8.0,true_anomaly_candidate,1,train_oof,46,276,894,37,0.21739130434782608,0.4166666666666667,0.4697986577181208,0.43243243243243246,0.0,0.0,0.0,0.0,-0.5091642745956879,-0.4118702074710596,-0.1066724764870608,flat,,,,,train_oof,0.5130177112027495,1,1,1,1,review,train_oof,0.07685139318795782
ANOVA_SVM_class_weight,ANOVA,supervised,SVM,class_weight,28,21,0.04044631404132486,0.0,0.04044631404132486,0.04044631404132486,1.0,0.0,46,46,42,0.0003594832226355895,0.005860155560711133,-0.005500672338075542,0.006219638783346724,0.2,0.8,276,80,1,0.040086830818689266,21.0,true_anomaly_candidate,1,train_oof,46,276,894,37,-0.5718079290962189,-0.33329694449878083,0.1414913699356919,-0.23507716108481452,-0.5500855920466661,-0.36721010511237545,0.02279124194397,-0.1163607493088339,-0.7585034153700386,-0.23122579472022256,-0.48581481893986916,low,-2.2481214827948564,0.021739130434782608,0.03260869565217391,0.010067114093959731,train_oof,0.5058445733238424,1,1,1,1,review,train_oof,0.07685139318795782
ANOVA_SVM_class_weight,ANOVA,supervised,SVM,class_weight,437,15,0.04281631299687944,0.0,0.04281631299687944,0.04281631299687944,1.0,0.0,46,46,36,0.0005434964482492944,0.010693569822781385,-0.01015007337453209,0.01123706627103068,0.05,0.95,276,80,1,0.042272816548630146,21.0,true_anomaly_candidate,1,train_oof,46,276,894,37,0.5045590942585597,0.04278125255699536,-0.03714456467584885,-0.04678903172158156,-0.07445423711375015,-0.14649912804482695,-0.14335094793691444,-0.1088723215627561,0.5647455132257142,0.3095252752162878,0.09318015430792415,high,2.14055079908092,0.06521739130434782,0.018115942028985508,0.010067114093959731,train_oof,0.49444543784104006,1,1,1,1,review,train_oof,0.07685139318795782
ANOVA_SVM_class_weight,ANOVA,supervised,SVM,class_weight,NA_72,13,0.045131077598447505,0.0,0.045131077598447505,0.045131077598447505,1.0,0.0,46,46,17,0.001182696991869073,0.00885685002630311,-0.007674153034434035,0.010039547018172185,0.2,0.8,276,80,1,0.043948380606578435,4.0,true_anomaly_candidate,1,train_oof,46,276,894,37,0.34782608695652173,0.358695652173913,0.5727069351230425,0.3783783783783784,0.0,0.0,1.0,0.0,-0.45492333672942376,-0.022614900852368305,-0.4353424100280725,low,0.0,0.6521739130434783,0.6413043478260869,0.4272930648769575,train_oof,0.49007646160954094,1,1,1,1,review,train_oof,0.07685139318795782
ANOVA_SVM_class_weight,ANOVA,supervised,SVM,class_weight,348,19,0.04119924112759612,9.713591835964237e-05,0.041102105209236475,0.041296377045955755,0.9782608695652174,0.021739130434782608,46,46,6,0.003614198164233612,0.007650856714214384,-0.004036658549980773,0.011265054878447995,0.35,0.65,276,80,1,0.03758504296336251,-13.0,true_anomaly_candidate,1,train_oof,46,276,894,37,0.5536058942905849,0.24730281613446436,-0.12923367999481647,0.48648146116062757,-0.07457388062081635,-0.03804769707961965,-0.216620149947692,0.0350046700027735,0.8026786128855187,0.20830179866367918,0.449720084166086,high,2.6428930055474313,0.021739130434782608,0.028985507246376812,0.010067114093959731,train_oof,0.48494903125336036,1,1,1,1,review,train_oof,0.07685139318795782
ANOVA_SVM_class_weight,ANOVA,supervised,SVM,class_weight,95,20,0.040786456937052115,0.0,0.040786456937052115,0.040786456937052115,1.0,0.0,46,46,26,0.0009991411061789953,0.009182268265560133,-0.008183127159381139,0.01018140937173913,0.2375,0.7625,276,80,1,0.03978731583087312,6.0,true_anomaly_candidate,1,train_oof,46,276,894,37,0.36260260120890864,0.3728315353478942,-0.14209702561190748,0.2050217239326457,0.3830604694868797,0.3830604694868797,-0.5580014712997856,0.3830604694868797,0.5741171496082093,-0.008802406801430993,0.5326653407118122,high,2.26518435106021,0.021739130434782608,0.050724637681159424,0.017897091722595078,train_oof,0.4754260678782206,1,1,1,1,review,train_oof,0.07685139318795782
ANOVA_SVM_class_weight,ANOVA,supervised,SVM,class_weight,130,17,0.04173561832239201,0.0,0.04173561832239201,0.04173561832239201,1.0,0.0,46,46,29,0.0008327082878295334,0.006430182401500795,-0.005597474113671261,0.007262890689330327,0.1625,0.8375,276,80,1,0.04090291003456248,12.0,true_anomaly_candidate,1,train_oof,46,276,894,37,0.41902539796006166,0.20871691350756877,-0.0974009973170286,0.23251265938483515,0.6963960969769061,0.2769070459167377,0.04826112419062745,0.0842347492088688,0.5005336252662297,0.25160897981897473,0.3057406713718052,high,1.5731769914892948,0.043478260869565216,0.036231884057971016,0.011185682326621925,train_oof,0.47388052469375935,1,1,1,1,review,train_oof,0.07685139318795782
ANOVA_SVM_class_weight,ANOVA,supervised,SVM,class_weight,562,16,0.04182946590069311,0.0,0.04182946590069311,0.04182946590069311,1.0,0.0,46,46,28,0.0009246268338274072,0.006071437129932442,-0.005146810296105036,0.006996063963759849,0.1875,0.8125,276,80,1,0.0409048390668657,12.0,true_anomaly_candidate,1,train_oof,46,276,894,37,-0.45617157684227905,-0.0031981984156049885,-0.020675578618351936,0.06062542064359209,-0.08282904813762221,0.16124115426830965,0.1887927251301679,0.1887927251301679,-0.47613385633440763,-0.47522984822344266,0.019025098334834484,low,-2.058857640961957,0.13043478260869565,0.021739130434782608,0.010067114093959731,train_oof,0.47015989809408354,1,1,1,1,review,train_oof,0.07685139318795782
ANOVA_SVM_class_weight,ANOVA,supervised,SVM,class_weight,122,23,0.03714144968366182,0.0,0.03714144968366182,0.03714144968366182,1.0,0.0,46,46,21,0.0010920334502019986,0.00513559588093795,-0.004043562430735952,0.006227629331139947,0.2625,0.7375,276,80,1,0.03604941623345982,-2.0,true_anomaly_candidate,1,train_oof,46,276,894,37,-0.5366251943386208,-0.2912843833900298,0.1250572855187707,-0.1773717094175029,-0.7763509938745743,-0.3021977347562447,0.1198872926364737,-0.0396409066930573,-0.6432136165036548,-0.3085947486009929,-0.41885945349718307,low,-1.74902987589769,0.0,0.018115942028985508,0.011185682326621925,train_oof,0.456174390672953,1,1,1,1,review,train_oof,0.07685139318795782
ANOVA_SVM_class_weight,ANOVA,supervised,SVM,class_weight,129,28,0.034391824784774906,1.6432214309679706e-06,0.03439018156334393,0.034393468006205866,0.9782608695652174,0.021739130434782608,46,46,15,0.0015106838115788665,0.00483089880284109,-0.0033202149912622244,0.006341582614419956,0.2875,0.7125,276,80,1,0.03288114097319604,-13.0,true_anomaly_candidate,1,train_oof,46,276,894,37,0.5609237587795846,0.27577580376719585,-0.12511731430049325,0.25671977804815876,0.460546058970014,0.421931196747262,0.17093459229937363,0.460546058970014,0.6731695474156828,0.34495068587063393,0.402923773763445,high,1.8278877173134016,0.021739130434782608,0.007246376811594203,0.010067114093959731,train_oof,0.4349154686292723,1,1,1,1,review,train_oof,0.07685139318795782
ANOVA_SVM_class_weight,ANOVA,supervised,SVM,class_weight,511,18,0.041649298269630354,0.0,0.041649298269630354,0.041649298269630354,1.0,0.0,46,46,5,0.0036979902258283855,0.018368309208570056,-0.014670318982741671,0.022066299434398442,0.2,0.8,276,80,1,0.037951308043801965,-13.0,true_anomaly_candidate,1,train_oof,46,276,894,37,0.2586172114983404,0.0855525514600653,-0.049735741352603655,0.21778785773627787,0.02620807055161855,-0.8374816063277984,-0.8374816063277984,0.1304148250276995,0.31662750847466364,0.16320694924963847,0.13643028918034752,high,2.1046832949505947,0.0,0.018115942028985508,0.010067114093959731,train_oof,0.41759521355293994,1,1,1,1,review,train_oof,0.07685139318795782
ANOVA_SVM_class_weight,ANOVA,supervised,SVM,class_weight,452,27,0.03468935056045163,0.0,0.03468935056045163,0.03468935056045163,1.0,0.0,46,46,25,0.0010077143381084046,0.005821999099767933,-0.004814284761659528,0.006829713437876336,0.325,0.675,276,80,1,0.03368163622234323,-2.0,true_anomaly_candidate,1,train_oof,46,276,894,37,-0.3416232240887882,-0.16402901855407437,0.07613248895221607,-0.18889599366494714,-0.4642040719458826,-0.25856605208095507,0.007354594956272151,-0.2314279490876284,-0.45656995769482595,-0.15284785293053824,-0.23979431459852552,low,-2.040894001484219,0.0,0.028985507246376812,0.010067114093959731,train_oof,0.4111460158558608,1,1,1,1,review,train_oof,0.07685139318795782
ANOVA_SVM_class_weight,ANOVA,supervised,SVM,class_weight,125,32,0.030895874214320596,0.0,0.030895874214320596,0.030895874214320596,1.0,0.0,46,46,20,0.00111062163951261,0.007426959103474058,-0.0063163374639614465,0.008537580742986666,0.25,0.75,276,80,1,0.029785252574807988,-12.0,true_anomaly_candidate,1,train_oof,46,276,894,37,-0.5254836695958646,-0.2653773466873857,0.11791331781714512,-0.19438690899669894,-0.6240351334555115,-0.3863773266390666,-0.0826041901067694,-0.3184750961200829,-0.6274783652786481,-0.3190642332505653,-0.3851950782526829,low,-1.5678761376693908,0.08695652173913043,0.043478260869565216,0.011185682326621925,train_oof,0.40530233786225733,1,1,1,1,review,train_oof,0.07685139318795782
ANOVA_SVM_class_weight,ANOVA,supervised,SVM,class_weight,124,24,0.035284007614525534,0.0,0.035284007614525534,0.035284007614525534,1.0,0.0,46,46,22,0.0010573140557209198,0.00721506325753053,-0.00615774920180961,0.008272377313251453,0.1,0.9,276,80,1,0.034226693558804616,-2.0,true_anomaly_candidate,1,train_oof,46,276,894,37,0.3331941110849761,0.03450270481608482,-0.04256718848628299,0.32029399530664415,0.2991009479565267,-0.0494069418009682,-0.2236608866797079,0.0377200306384171,0.38266193886829425,0.304047426159889,0.07752633048112587,high,2.1287673691833247,0.043478260869565216,0.036231884057971016,0.011185682326621925,train_oof,0.404608948218591,1,1,1,1,review,train_oof,0.07685139318795782
ANOVA_SVM_class_weight,ANOVA,supervised,SVM,class_weight,14,22,0.03716360268148131,0.0,0.03716360268148131,0.03716360268148131,1.0,0.0,46,46,9,0.0022573422867344433,0.015558712840074717,-0.013301370553340273,0.01781605512680915,0.2625,0.7375,276,80,1,0.03490626039474687,-13.0,true_anomaly_candidate,1,train_oof,46,276,894,37,-0.2746421419265387,-0.08854776410274189,0.05623818267597116,-0.3322902643662972,-0.32788039586326373,-0.1036549044707182,0.0092082127998462,-0.1624731871495302,-0.3359027217331165,-0.17964122901871774,-0.14558022407313184,low,-2.1371846531669356,0.0,0.010869565217391304,0.010067114093959731,train_oof,0.4002449896998357,1,1,1,1,review,train_oof,0.07685139318795782
ANOVA_SVM_class_weight,ANOVA,supervised,SVM,class_weight,316,29,0.032945956773235426,3.0998072319133247e-09,0.032945953673428195,0.03294595987304266,0.9782608695652174,0.021739130434782608,46,46,35,0.0006073141867810813,0.00778601370139019,-0.007178699514609107,0.008393327888171273,0.2625,0.7375,276,80,1,0.032338642586454344,6.0,true_anomaly_candidate,1,train_oof,46,276,894,37,-0.3495354786619345,-0.11313401072676513,0.062086211723226356,-0.21632003223400867,-0.4531803223726063,-0.29934497201937327,-0.06955372569179616,-0.2552017727355823,-0.4407498777321594,-0.20962435670845353,-0.17476155973820212,low,-1.7531783056962025,0.021739130434782608,0.04710144927536232,0.010067114093959731,train_oof,0.3994239634818346,1,1,1,1,drop,train_oof,0.07685139318795782
ANOVA_SVM_class_weight,ANOVA,supervised,SVM,class_weight,22,30,0.03293150823603736,0.0,0.03293150823603736,0.03293150823603736,1.0,0.0,46,46,24,0.0010297448111137176,0.0048233550988198235,-0.003793610287706107,0.005853099909933541,0.3125,0.6875,276,80,1,0.031901763424923645,-6.0,true_anomaly_candidate,1,train_oof,46,276,894,37,-0.2575050124458215,-0.0435536927951341,0.043982255309555754,-0.4146733620168758,-0.19606649193041675,-0.11717521367768474,-0.11423777246614684,-0.1637546386034999,-0.3510756188395193,-0.15917070251928003,-0.09334589425324465,low,-1.484008572852146,0.043478260869565216,0.04710144927536232,0.010067114093959731,train_oof,0.38210373983851165,1,1,1,1,drop,train_oof,0.07685139318795782
ANOVA_SVM_class_weight,ANOVA,supervised,SVM,class_weight,377,33,0.029940487705583697,0.0,0.029940487705583697,0.029940487705583697,1.0,0.0,46,46,38,0.0004975264062347072,0.006677845787262088,-0.006180319381027379,0.007175372193496796,0.25,0.75,276,80,1,0.02944296129934899,5.0,true_anomaly_candidate,1,train_oof,46,276,894,37,-0.36221432353352134,-0.12089144177909042,0.06349267036959859,-0.20994510396497706,-0.3714959728317686,-0.3714959728317686,0.0554598948876092,-0.1580180389720797,-0.4587004470982612,-0.20754192089947923,-0.1827498113360212,low,-1.66730703136008,0.043478260869565216,0.018115942028985508,0.010067114093959731,train_oof,0.37982602028808177,1,1,1,1,drop,train_oof,0.07685139318795782
ANOVA_SVM_class_weight,ANOVA,supervised,SVM,class_weight,471,38,0.024274367483174724,0.0,0.024274367483174724,0.024274367483174724,1.0,0.0,46,46,37,0.0005233251098158675,0.001994923763968777,-0.0014715986541529087,0.0025182488737846443,0.175,0.825,276,80,1,0.023751042373358858,-1.0,true_anomaly_candidate,1,train_oof,46,276,894,37,0.4481970016456109,0.12047722404025561,-0.06057491137337363,-0.03243217699665429,-0.1704924860584693,-0.20181893097148268,-0.2267511116865369,-0.2656571211921597,0.6836656521826648,0.18785306822748019,0.20164428882160632,high,1.888807002213539,0.043478260869565216,0.021739130434782608,0.010067114093959731,train_oof,0.3680333059633206,1,1,1,1,drop,train_oof,0.07685139318795782
ANOVA_SVM_class_weight,ANOVA,supervised,SVM,class_weight,33,40,0.02107106246259506,0.0,0.02107106246259506,0.02107106246259506,1.0,0.0,46,46,39,0.0004581541944069504,0.00106985918434258,-0.0006117049899356292,0.001528013378749531,0.0875,0.9125,276,80,1,0.02061290826818811,-1.0,true_anomaly_candidate,1,train_oof,46,276,894,37,0.6067339507073803,0.1530480359895753,-0.07721351646648375,-0.030744561664783735,-0.10812171102947316,-0.1104600893522285,-0.1539064807982051,-0.0596935570697993,0.777300147776137,0.29380266228061025,0.25487474629498397,high,0.7268759095314303,0.08695652173913043,0.05434782608695652,0.010067114093959731,train_oof,0.35734642691373025,1,1,1,1,drop,train_oof,0.07685139318795782
ANOVA_SVM_class_weight,ANOVA,supervised,SVM,class_weight,295,36,0.026359209906549604,0.0,0.026359209906549604,0.026359209906549604,1.0,0.0,46,46,32,0.0007215160790785186,0.0020020183438473347,-0.0012805022647688156,0.002723534422925853,0.225,0.775,276,80,1,0.025637693827471084,-4.0,true_anomaly_candidate,1,train_oof,46,276,894,37,0.19665129691343425,0.29737944024632534,-0.12285074996420993,0.5155059376336056,-0.055554355952043555,-0.19390829061064796,-0.19758585252457284,-0.1491413939510694,0.4978125938617328,-0.06568919150525013,0.4477728646016573,high,2.3213613675611207,0.06521739130434782,0.09057971014492754,0.010067114093959731,train_oof,0.3554176992646433,1,1,1,1,drop,train_oof,0.07685139318795782
ANOVA_SVM_class_weight,ANOVA,supervised,SVM,class_weight,32,34,0.026527746637188244,6.245619290858326e-05,0.02646529044427966,0.02659020283009683,0.9782608695652174,0.021739130434782608,46,46,23,0.0010334143352285095,0.003138572382794208,-0.002105158047565698,0.0041719867180227185,0.125,0.875,276,80,1,0.025494332301959736,-11.0,true_anomaly_candidate,1,train_oof,46,276,894,37,0.3850600975547867,0.1324668061007063,-0.06077159070585163,-0.0028021360339448337,-0.1576908821571923,-0.0531766507289345,-0.13235699573735488,0.0405109292387702,0.49646664185162687,0.17449361473438496,0.20530469107493435,low,-0.9652443616288308,0.0,0.007246376811594203,0.011185682326621925,train_oof,0.35335907313536175,1,1,1,1,drop,train_oof,0.07685139318795782
ANOVA_SVM_class_weight,ANOVA,supervised,SVM,class_weight,21,37,0.0254116697251541,0.0,0.0254116697251541,0.0254116697251541,1.0,0.0,46,46,31,0.0007350848251822871,0.008842536080626342,-0.008107451255444056,0.009577620905808631,0.175,0.825,276,80,1,0.024676584899971814,-6.0,true_anomaly_candidate,1,train_oof,46,276,894,37,0.28485436727659463,0.1859925734539246,-0.09571621035102813,0.5741096592283529,0.2283481826498936,0.19068001518962796,0.123232301726744,0.2545778489965707,0.4346841589886888,0.07794323924044592,0.301662114404318,high,1.483621127787277,0.043478260869565216,0.050724637681159424,0.010067114093959731,train_oof,0.3388437565744313,1,1,1,1,drop,train_oof,0.07685139318795782
ANOVA_SVM_class_weight,ANOVA,supervised,SVM,class_weight,200,41,0.02055511699091604,0.0,0.02055511699091604,0.02055511699091604,1.0,0.0,46,46,45,0.0003332636726854302,0.0036530281029457335,-0.0033197644302603033,0.003986291775631164,0.1875,0.8125,276,80,1,0.02022185331823061,4.0,true_anomaly_candidate,1,train_oof,46,276,894,37,0.3940579178429863,0.08604436096868057,-0.04860399849368467,0.04558876185879873,0.08500127561110796,-0.06459136480053079,-0.0566343094594862,-0.0078310367010791,0.6624409113234454,0.17203816277241066,0.14471408432338131,high,1.0842801135608542,0.021739130434782608,0.021739130434782608,0.010067114093959731,train_oof,0.33807697455426633,1,1,1,1,drop,train_oof,0.07685139318795782
ANOVA_SVM_class_weight,ANOVA,supervised,SVM,class_weight,545,31,0.03137319168623415,0.0,0.03137319168623415,0.03137319168623415,1.0,0.0,46,46,4,0.0038742763958308384,0.0046982570052131,-0.0008239806093822599,0.00857253340104394,0.8625,0.1375,276,80,1,0.027498915290403308,-27.0,true_anomaly_candidate,1,train_oof,46,276,894,37,-0.2611160571927196,-0.020087440147108997,0.02679370954083155,-0.16022284267216863,-0.3737353644723715,-0.3737353644723715,-0.3737353644723715,-0.3737353644723715,-0.3012661231923905,-0.2201415350281498,-0.045837225516613,flat,,,,,train_oof,0.33392790120332744,1,1,1,1,drop,train_oof,0.07685139318795782
ANOVA_SVM_class_weight,ANOVA,supervised,SVM,class_weight,56,35,0.026507459894894326,0.0,0.026507459894894326,0.026507459894894326,1.0,0.0,46,46,10,0.0022396135711746025,0.004182075654320474,-0.001942462083145871,0.006421689225495078,0.575,0.425,276,80,1,0.024267846323719724,-25.0,true_anomaly_candidate,1,train_oof,46,276,894,37,0.28377784225308295,0.04165448834808423,-0.033084003176953626,0.15893070138871437,0.506794437311762,0.4059358086475797,0.240239490127862,0.4059358086475797,0.32822746217210186,0.22243252597362984,0.07364478784285972,high,1.1900396046339454,0.0,0.0036231884057971015,0.010067114093959731,train_oof,0.3167110611865843,1,1,1,1,drop,train_oof,0.07685139318795782
ANOVA_SVM_class_weight,ANOVA,supervised,SVM,class_weight,159,39,0.023160046580221277,7.706164424078537e-05,0.02308298493598049,0.02323710822446206,0.9782608695652174,0.021739130434782608,46,46,41,0.00037811838854441934,0.007945117509200442,-0.007566999120656022,0.008323235897744861,0.05,0.95,276,80,1,0.02278192819167686,2.0,true_anomaly_candidate,1,train_oof,46,276,894,37,0.1606992255846231,0.21174788489881394,-0.09915969639052377,0.6201341706081579,-0.20509077412218113,-0.22565448523805337,-0.27219341039502726,-0.1428584904820416,0.3550855543680054,-0.03586615133364842,0.3356581344116232,high,2.216113041678153,0.043478260869565216,0.06884057971014493,0.010067114093959731,train_oof,0.3135561280235002,1,1,1,1,drop,train_oof,0.07685139318795782
ANOVA_SVM_class_weight,ANOVA,supervised,SVM,class_weight,553,42,0.020355242370527712,0.0,0.020355242370527712,0.020355242370527712,1.0,0.0,46,46,14,0.0015507802944436367,0.005779700079412765,-0.004228919784969127,0.0073304803738564,0.3375,0.6625,276,80,1,0.018804462076084074,-28.0,true_anomaly_candidate,1,train_oof,46,276,894,37,0.32722759676567287,0.1504990822440967,-0.07747086766159977,0.051449895659280084,0.07105532945723475,0.010366563268692251,-0.1393666271885014,-0.1341950318332657,0.5690843269142841,0.11765190094639094,0.27045126562862765,high,1.3432436304630162,0.06521739130434782,0.03260869565217391,0.010067114093959731,train_oof,0.3107046849749394,1,1,1,1,drop,train_oof,0.07685139318795782
ANOVA_SVM_class_weight,ANOVA,supervised,SVM,class_weight,26,43,0.016514862280149745,3.550912394796662e-06,0.016511311367754945,0.016518413192544542,0.9565217391304348,0.043478260869565216,46,46,48,8.131725357702554e-05,0.0009660664204769607,-0.000884749166899935,0.0010473836740539863,0.275,0.725,276,80,1,0.01643354502657272,5.0,true_anomaly_candidate,1,train_oof,46,276,894,37,-0.29438271640249214,-0.16158379278938936,0.0828222503626914,-0.44180023458681766,0.2876294324802172,0.2666885669879484,0.241611234237948,0.2038659705111422,-0.4903645014123748,-0.0890667127256252,-0.272380507862528,high,0.505311021918369,0.021739130434782608,0.0036231884057971015,0.011185682326621925,train_oof,0.28453892106215317,1,1,1,1,drop,train_oof,0.07685139318795782
ANOVA_SVM_class_weight,ANOVA,supervised,SVM,class_weight,337,44,0.01567191901463132,0.0,0.01567191901463132,0.01567191901463132,1.0,0.0,46,46,40,0.0004398416628593251,0.004019560987181363,-0.0035797193243220387,0.004459402650040687,0.1875,0.8125,276,80,1,0.015232077351771995,-4.0,true_anomaly_candidate,1,train_oof,46,276,894,37,0.3940614268887964,0.13111038155539542,-0.06211987812478939,0.01660396610941853,-0.14294476447469465,-0.15262722878915747,-0.17311041386003506,-0.0955416011548739,0.5602107733931664,0.1498572406367599,0.2292909730302404,high,1.5569206713732338,0.021739130434782608,0.03260869565217391,0.010067114093959731,train_oof,0.2844165661377123,1,1,1,1,drop,train_oof,0.07685139318795782
ANOVA_SVM_class_weight,ANOVA,supervised,SVM,class_weight,434,47,0.0094155135953722,0.0,0.0094155135953722,0.0094155135953722,1.0,0.0,46,46,49,5.3565269858224376e-05,0.00022008552120937743,-0.0001665202513511531,0.0002736507910676018,0.3,0.7,276,80,1,0.009361948325513975,2.0,true_anomaly_candidate,1,train_oof,46,276,894,37,0.3885379862346257,0.19545854823397707,-0.10427188769389442,0.5909100831645594,-0.1188248937820901,-0.1322957425317228,-0.12761406087753896,-0.0902722161151211,0.7955197309583751,0.11432211353613973,0.3690662600760031,high,0.27113804114322354,0.08695652173913043,0.057971014492753624,0.010067114093959731,train_oof,0.2737272428903817,1,1,1,1,drop,train_oof,0.07685139318795782
ANOVA_SVM_class_weight,ANOVA,supervised,SVM,class_weight,477,48,0.007037248065281265,6.4814632628280675e-06,0.0070307666020184385,0.007043729528544095,0.9782608695652174,0.021739130434782608,46,46,44,0.000336908186624647,0.0010573404137998734,-0.0007204322271752259,0.0013942486004245207,0.2875,0.7125,276,80,1,0.006700339878656618,-4.0,true_anomaly_candidate,1,train_oof,46,276,894,37,0.3941684246068581,0.17462786123547838,-0.07427108185838154,-0.005315254837344224,0.02939394161535305,-0.10096379410924686,-0.11199087468417745,-0.0572965550325215,0.9080030446377914,0.113918366085718,0.2674825711494199,high,0.6833605127602239,0.043478260869565216,0.036231884057971016,0.010067114093959731,train_oof,0.2686068235144961,1,1,1,1,drop,train_oof,0.07685139318795782
ANOVA_SVM_class_weight,ANOVA,supervised,SVM,class_weight,298,45,0.015183342901345593,0.0,0.015183342901345593,0.015183342901345593,1.0,0.0,46,46,46,0.00024241263609244904,0.0015615027196803203,-0.0013190900835878716,0.001803915355772769,0.15,0.85,276,80,1,0.014940930265253144,1.0,true_anomaly_candidate,1,train_oof,46,276,894,37,0.1851105100194459,0.2180607256395553,-0.10322126834657634,0.6554974609434459,-0.09909409231647626,-0.158447940283949,-0.1771484677257556,-0.0576277053802966,0.4469324397361075,-0.021719545636354,0.35639713898795733,high,0.8380299911129634,0.043478260869565216,0.06159420289855073,0.010067114093959731,train_oof,0.26632449934920027,1,1,1,1,drop,train_oof,0.07685139318795782
ANOVA_SVM_class_weight,ANOVA,supervised,SVM,class_weight,551,46,0.012050048000192246,1.3156590572676067e-05,0.012036891409619568,0.012063204590764924,0.9565217391304348,0.043478260869565216,46,46,33,0.0006162067451569435,0.0016840908968255332,-0.001067884151668589,0.002300297641982476,0.225,0.775,276,80,1,0.011433841255035302,-13.0,true_anomaly_candidate,1,train_oof,46,276,894,37,0.30943826631031685,0.07143512413620208,-0.049845598270746756,0.09975617131819366,-0.01136830973440495,-0.0417960177909775,-0.0542745109900623,0.0167641836352849,0.6205132520701039,0.1401105812695125,0.15382394057760054,high,0.6609388591715454,0.043478260869565216,0.03260869565217391,0.010067114093959731,train_oof,0.26322918101590587,1,1,1,1,drop,train_oof,0.07685139318795782
ANOVA_SVM_class_weight,ANOVA,supervised,SVM,class_weight,165,49,0.006771990484257523,0.0,0.006771990484257523,0.006771990484257523,1.0,0.0,46,46,47,9.213846142237914e-05,0.000851088183701924,-0.0007589497222795447,0.0009432266451243029,0.325,0.675,276,80,1,0.006679852022835144,-2.0,true_anomaly_candidate,1,train_oof,46,276,894,37,0.12198377450189474,0.17437379146766024,-0.08843384993554855,0.7000531622557876,-0.22368221451908935,-0.1755090504184911,-0.1481675248478812,-0.0531231740548088,0.32586555898394964,-0.03431009187877887,0.2969266547653925,low,-0.5194133630004382,0.021739130434782608,0.021739130434782608,0.010067114093959731,train_oof,0.18521217149906521,1,1,1,1,drop,train_oof,0.07685139318795782
ANOVA_SVM_class_weight,ANOVA,supervised,SVM,class_weight,16,14,0.044403375388913285,0.0,0.044403375388913285,0.044403375388913285,1.0,0.0,46,46,18,0.0011382177374775668,0.011424565116779875,-0.010286347379302304,0.012562782854257446,0.175,0.825,276,80,1,0.043265157651435716,4.0,true_anomaly_candidate,1,train_oof,46,276,894,37,0.04127493815902668,0.08287570287308269,-0.045308272919836835,0.4191681079302771,-0.041470146358418246,0.11719934904303614,-0.05572249424937855,0.4660330386819151,0.093419429497546,-0.03464977132119693,0.12883163871428005,high,1.8571598662727031,0.021739130434782608,0.025362318840579712,0.010067114093959731,train_oof,0.4328312688590793,1,0,1,0,drop,train_oof,0.07685139318795782
ANOVA_SVM_class_weight,ANOVA,supervised,SVM,class_weight,133,26,0.034719597000679114,7.573917444663567e-08,0.03471952126150466,0.03471967273985356,0.9782608695652174,0.021739130434782608,46,46,43,0.00035355160500234723,0.012960041042080508,-0.012606489437078164,0.013313592647082859,0.05,0.95,276,80,1,0.03436604539567677,17.0,true_anomaly_candidate,1,train_oof,46,276,894,37,0.23636219917844328,0.07386524770880935,-0.0457204898289282,0.2498906043275382,0.07158259891856035,0.1251694042163572,-0.0330225643174351,0.3539669998698845,0.28918025545191933,0.1571185850029113,0.1193981916444118,high,2.1469719020373548,0.0,0.014492753623188406,0.012304250559284116,train_oof,0.3939280316289768,1,0,1,0,drop,train_oof,0.07685139318795782
ANOVA_SVM_class_weight,ANOVA,supervised,SVM,class_weight,123,25,0.03482702271748541,0.0,0.03482702271748541,0.03482702271748541,1.0,0.0,46,46,34,0.0006081627558326201,0.009430952867437939,-0.008822790111605316,0.010039115623270556,0.15,0.85,276,80,1,0.03421885996165279,9.0,true_anomaly_candidate,1,train_oof,46,276,894,37,0.16536828639687848,0.02409923399056135,-0.028199728885552906,0.26698422185332626,0.0852875704887081,0.0392411588415114,-0.0068052528056853,-0.0068052528056853,0.19393580728952575,0.14774600284848116,0.05238677526432184,high,1.9271440363766104,0.043478260869565216,0.05434782608695652,0.021252796420581657,train_oof,0.3784568758975385,1,0,1,0,drop,train_oof,0.07685139318795782
ANOVA_SVM_class_weight,ANOVA,supervised,SVM,class_weight,249,50,0.0,0.0,0.0,0.0,0.0,0.0,46,46,50,0.0,0.0,0.0,0.0,0.0,0.0,276,80,1,0.0,0.0,weak_signal,0,train_oof,46,276,894,37,-0.0713974120796145,0.01642657850382446,-0.04750452264668832,1.114042933371519,-0.0713974120796145,-0.0713974120796145,-0.0713974120796145,-0.0713974120796145,-0.09217655647746423,-0.10330821036105792,0.12736456010770694,flat,,,,,train_oof,0.1,0,0,0,0,drop,train_oof,0.07685139318795782
RFERF_RF_SMOTE,RFERF,supervised,RF,SMOTE,59,1,0.05958154917723453,0.004253115642088799,0.05532843353514572,0.06383466481932333,0.7538461538461538,0.24615384615384617,65,65,1,0.038408160501797003,0.008386433199528505,0.030021727302268493,0.04679459370132551,0.8,0.2,319,80,1,0.021173388675437527,0.0,true_anomaly_candidate,1,train_oof,65,319,851,18,0.7465746669346198,0.5890272978660538,-0.27932729286847646,0.026126825062805725,0.5458692587160796,0.2770064644767664,-0.3006646849330678,-0.20462923646711562,1.9704106258934029,0.10520938253390479,0.9683160725510384,high,1.9392745417365718,0.16923076923076924,0.1786833855799373,0.010575793184488837,train_oof,0.8650956625236546,1,1,1,1,monitor_first,train_oof,0.1755144641265648
RFERF_RF_SMOTE,RFERF,supervised,RF,SMOTE,103,2,0.04175729061060218,0.0011270806166326498,0.04063020999396954,0.04288437122723483,0.8461538461538461,0.15384615384615385,65,65,2,0.01788644350312154,0.0035682744262150686,0.014318169076906476,0.021454717929336606,0.8375,0.1625,319,80,1,0.023870847107480643,0.0,true_anomaly_candidate,1,train_oof,65,319,851,18,0.9809180161370838,0.6984135398352345,-0.3322022040598234,-0.29924738661644135,1.1373308306953096,0.7450414565621388,-0.3337543223040816,-0.3500997128929636,1.643757092390642,0.2658194417655421,1.2071443150029246,high,1.5296202048284806,0.26153846153846155,0.19122257053291536,0.011750881316098707,train_oof,0.799125316928215,1,1,1,1,monitor_first,train_oof,0.1755144641265648
RFERF_RF_SMOTE,RFERF,supervised,RF,SMOTE,64,3,0.0201295957615886,0.000896075017176459,0.01923352074441214,0.02102567077876506,0.6461538461538462,0.35384615384615387,65,65,4,0.007563188725569279,0.006359898298711672,0.001203290426857608,0.013923087024280944,0.425,0.575,319,80,1,0.012566407036019321,1.0,true_anomaly_candidate,1,train_oof,65,319,851,18,0.6061119892222735,0.1861681652603864,-0.11161961066739869,-0.3407179366977032,0.3764163453335986,-0.1316301228902988,-0.1275730538687458,-0.3293310963105463,0.9333345438239881,0.28766979185909874,0.3178661090643045,high,1.5520433783813874,0.2923076923076923,0.1724137931034483,0.010575793184488837,train_oof,0.46056089155182056,1,1,1,1,review,train_oof,0.1755144641265648
RFERF_RF_SMOTE,RFERF,supervised,RF,SMOTE,477,4,0.019916154234772512,0.0024283440068092817,0.017487810227963228,0.022344498241581794,0.676923076923077,0.3230769230769231,65,65,7,0.0060613136692779495,0.0135204150550037,-0.0074591013857257474,0.019581728724281648,0.3875,0.6125,319,80,1,0.013854840565494563,3.0,true_anomaly_candidate,1,train_oof,65,319,851,18,0.2988062170429107,0.14054667612700236,-0.07407220583421249,-0.08262894471419219,0.0465785439833249,-0.0726903595151247,-0.1153431071789564,-0.1416978297530406,0.6439589517642589,0.09163722479281518,0.23037241317212595,high,0.6515727034785493,0.03076923076923077,0.034482758620689655,0.010575793184488837,train_oof,0.4502815280442901,1,1,1,1,review,train_oof,0.1755144641265648
RFERF_RF_SMOTE,RFERF,supervised,RF,SMOTE,510,10,0.01366582313031081,0.0007940128555173053,0.012871810274793507,0.014459835985828114,0.8307692307692308,0.16923076923076924,65,65,10,0.004352346769623821,0.0026789143315129166,0.0016734324381109046,0.007031261101136742,0.7875,0.2125,319,80,1,0.009313476360686988,0.0,true_anomaly_candidate,1,train_oof,65,319,851,18,0.8167474494832564,0.5099107923321669,-0.24849351740423334,-0.28918924160299275,0.3255627375110363,0.1777920353706084,-0.3475747585338173,-0.3912909282553662,1.4117500877761706,0.22329722613206884,0.8661052066183665,high,1.4074215629880644,0.23076923076923078,0.14733542319749215,0.010575793184488837,train_oof,0.43153490832665986,1,1,1,1,review,train_oof,0.1755144641265648
RFERF_RF_SMOTE,RFERF,supervised,RF,SMOTE,348,8,0.015069915376422403,0.0006900806336103612,0.014379834742812044,0.015759996010032765,0.7846153846153846,0.2153846153846154,65,65,13,0.003770839871563834,0.0038635318734739224,-9.269200191008606e-05,0.007634371745037756,0.475,0.525,319,80,1,0.01129907550485857,5.0,true_anomaly_candidate,1,train_oof,65,319,851,18,0.7657780925090394,0.2939067372488033,-0.1657292383603079,-0.3505494895987465,0.2541617712499535,0.0755893183818809,-0.2247370796235137,-0.3059063763817283,1.0437642327623113,0.3347146997677602,0.5554943945663058,high,2.466025107911306,0.046153846153846156,0.034482758620689655,0.010575793184488837,train_oof,0.4308811826148634,1,1,1,1,review,train_oof,0.1755144641265648
RFERF_RF_SMOTE,RFERF,supervised,RF,SMOTE,65,6,0.017943130106124333,0.0006683392763828216,0.017274790829741513,0.01861146938250715,0.7384615384615385,0.26153846153846155,65,65,5,0.006825045898284811,0.005008415481827235,0.0018166304164575757,0.011833461380112051,0.4375,0.5625,319,80,1,0.011118084207839522,-1.0,true_anomaly_candidate,1,train_oof,65,319,851,18,0.43469184385068055,0.23130094715256488,-0.11618179075877225,-0.28530895866565237,0.3201183950472423,-0.119963156217633,-0.1649174292559988,-0.1932257693794584,0.6995187252047207,0.14607089799963735,0.35994640090288404,high,1.3143146831841983,0.3076923076923077,0.16927899686520376,0.010575793184488837,train_oof,0.4051194836050824,1,1,1,1,review,train_oof,0.1755144641265648
RFERF_RF_SMOTE,RFERF,supervised,RF,SMOTE,129,9,0.014331957541389257,0.0004112097892758547,0.013920747752113403,0.014743167330665111,0.8923076923076924,0.1076923076923077,65,65,11,0.004285587709743582,0.003446309240895015,0.0008392784688485668,0.007731896950638599,0.375,0.625,319,80,1,0.010046369831645675,2.0,true_anomaly_candidate,1,train_oof,65,319,851,18,0.5109796186562916,0.45644897005678836,-0.21309985733608738,0.11596941549909984,0.460546058970014,0.460546058970014,0.0743157985559761,0.22881606654024306,0.692462018949898,0.09222531168534986,0.6943234740987476,high,2.043510495543296,0.015384615384615385,0.0,0.012925969447708578,train_oof,0.37260948590144505,1,1,1,1,drop,train_oof,0.1755144641265648
RFERF_RF_SMOTE,RFERF,supervised,RF,SMOTE,377,7,0.016848221386692286,0.0030734388840699097,0.013774782502622372,0.019921660270762198,0.7076923076923077,0.2923076923076923,65,65,6,0.006097948409793504,0.011619332230311755,-0.005521383820518248,0.017717280640105255,0.6375,0.3625,319,80,1,0.010750272976898782,-1.0,true_anomaly_candidate,1,train_oof,65,319,851,18,-0.33536893787089816,-0.2577303027498028,0.12410384953769599,-0.14615815375765256,-0.3714959728317686,-0.3714959728317686,0.0554598948876092,-0.1580180389720797,-0.4428005548643738,-0.09477918450844779,-0.3827651475078384,low,-1.6523635759899018,0.046153846153846156,0.05642633228840126,0.01527614571092832,train_oof,0.36872043849629854,1,1,1,1,drop,train_oof,0.1755144641265648
RFERF_RF_SMOTE,RFERF,supervised,RF,SMOTE,79,15,0.009501284833974314,0.0002947644282392016,0.00920652040573511,0.009796049262213512,0.8923076923076924,0.1076923076923077,65,65,17,0.0028874874187477763,0.003344823111152932,-0.0004573356924051562,0.00623231052990071,0.5875,0.4125,319,80,1,0.006613797415226537,2.0,true_anomaly_candidate,1,train_oof,65,319,851,18,0.534552247778229,0.46357389454503484,-0.21069512218997755,-0.4291278605987856,0.5055779371215329,0.3111975273260366,-0.237387184763475,-0.55055562276733,0.9582896157974101,0.055492270874355994,0.7194676667839514,high,2.0627809978165637,0.15384615384615385,0.14106583072100312,0.010575793184488837,train_oof,0.3260274903692018,1,1,1,1,drop,train_oof,0.1755144641265648
RFERF_RF_SMOTE,RFERF,supervised,RF,SMOTE,124,11,0.012917217720402777,0.001479181036659802,0.011438036683742974,0.014396398757062577,0.8461538461538461,0.15384615384615385,65,65,9,0.004547976710835825,0.0065733290472920255,-0.0020253523364562012,0.011121305758127854,0.7875,0.2125,319,80,1,0.008369241009566953,-2.0,true_anomaly_candidate,1,train_oof,65,319,851,18,0.39561082512013884,0.20848513783038938,-0.11167929370786346,0.08128351685809515,0.2991009479565267,0.2119739755171568,-0.2236608866797079,-0.18009740046002298,0.5099164360702249,0.19876899754962854,0.32525057477409974,high,2.0416403967439547,0.07692307692307693,0.034482758620689655,0.010575793184488837,train_oof,0.3220568284977848,1,1,1,1,drop,train_oof,0.1755144641265648
RFERF_RF_SMOTE,RFERF,supervised,RF,SMOTE,28,16,0.00942344742038779,0.0002842185691346541,0.009139228851253137,0.009707665989522444,0.9692307692307692,0.03076923076923077,65,65,12,0.004187703022491229,0.0001435145771525352,0.004044188445338693,0.004331217599643764,0.9375,0.0625,319,80,1,0.005235744397896562,-4.0,true_anomaly_candidate,1,train_oof,65,319,851,18,-0.6385540677530747,-0.5838769519596557,0.25941254490713894,0.36138859474364726,-0.508007917488434,-0.5468376441662645,0.1360761684631589,0.36589396938193425,-0.9824529783565739,-0.06021855325755156,-0.9122348257149654,low,-2.087471863418843,0.03076923076923077,0.0438871473354232,0.011750881316098707,train_oof,0.3067366031121272,1,1,1,1,drop,train_oof,0.1755144641265648
RFERF_RF_SMOTE,RFERF,supervised,RF,SMOTE,33,12,0.011834707574056767,0.0007931271208856527,0.011041580453171114,0.01262783469494242,0.9538461538461539,0.046153846153846156,65,65,8,0.0047218219022214765,0.005078496843526311,-0.00035667494130483336,0.009800318745747796,0.9,0.1,319,80,1,0.007112885671835291,-4.0,true_anomaly_candidate,1,train_oof,65,319,851,18,0.4455400608498392,0.11395496323519412,-0.07419419395997721,-0.12154950023872539,-0.0639636392243969,-0.0951420168611349,-0.1591932491800866,-0.14377350806626477,0.5395305748571186,0.2533619970825394,0.20793742875508542,high,3.088305898013492,0.046153846153846156,0.012539184952978056,0.011750881316098707,train_oof,0.30100123018006986,1,1,1,1,drop,train_oof,0.1755144641265648
RFERF_RF_SMOTE,RFERF,supervised,RF,SMOTE,102,13,0.011146373422143993,0.0004941131481996119,0.01065226027394438,0.011640486570343606,0.8153846153846154,0.18461538461538463,65,65,16,0.0029889117516392976,0.004518249745854984,-0.0015293379942156859,0.00750716149749428,0.5625,0.4375,319,80,1,0.008157461670504695,3.0,true_anomaly_candidate,1,train_oof,65,319,851,18,-0.24804520014777431,-0.11455563661519827,0.061506113360710886,-0.01086009257564121,-0.448198677762217,-0.1240724862134216,-0.0149606989593717,-0.17221003941373775,-0.3115431288247938,-0.12428705187111987,-0.18042127374664882,low,-2.0399471035860044,0.046153846153846156,0.018808777429467086,0.010575793184488837,train_oof,0.29118067175896667,1,1,1,1,drop,train_oof,0.1755144641265648
RFERF_RF_SMOTE,RFERF,supervised,RF,SMOTE,333,21,0.006158312664736914,0.0014094855943247169,0.0047488270704121975,0.007567798259061631,0.6923076923076923,0.3076923076923077,65,65,32,0.0011178787746032222,0.006261695104095341,-0.005143816329492122,0.0073795738786985605,0.4,0.6,319,80,1,0.005040433890133692,11.0,true_anomaly_candidate,1,train_oof,65,319,851,18,0.2554239328649783,0.08732159880926266,-0.05327935378726334,0.026276629377195115,-0.0395115765902701,-0.0785886044565008,-0.080682963480539,0.0990740157914941,0.611919910733338,0.09641190358539292,0.14615202980261333,high,0.7155578733229236,0.06153846153846154,0.0219435736677116,0.010575793184488837,train_oof,0.25235558473250996,1,1,1,1,drop,train_oof,0.1755144641265648
RFERF_RF_SMOTE,RFERF,supervised,RF,SMOTE,21,19,0.006648348949908044,0.0011681200145967933,0.0054802289353112505,0.007816468964504835,0.7384615384615385,0.26153846153846155,65,65,20,0.0018411044706641625,0.004094114588991733,-0.00225301011832757,0.005935219059655895,0.4625,0.5375,319,80,1,0.004807244479243881,1.0,true_anomaly_candidate,1,train_oof,65,319,851,18,0.4735657302382965,0.11503085562508664,-0.0833503933313027,0.1979769900379517,0.2600998840169238,0.1579422361403919,0.1350652339132149,0.2297286914049819,0.6248932752498049,0.2656646992065378,0.2116439048067828,high,1.3627319482595681,0.09230769230769231,0.05329153605015674,0.010575793184488837,train_oof,0.2521031432001003,1,1,1,1,drop,train_oof,0.1755144641265648
RFERF_RF_SMOTE,RFERF,supervised,RF,SMOTE,425,18,0.007263714981044789,0.0009542678016015758,0.006309447179443212,0.008217982782646363,0.6,0.4,65,65,26,0.0013323777313117963,0.0045199713553654335,-0.0031875936240536354,0.005852349086677229,0.3375,0.6625,319,80,1,0.005931337249732993,8.0,true_anomaly_candidate,1,train_oof,65,319,851,18,0.17091544222997226,0.20711281247962554,-0.09029429549687011,-0.05963841285383017,-0.1311392085912119,-0.1736617479629217,-0.2845556276639639,-0.2708651365012621,0.36447701666570204,-0.024800428895006586,0.29827138546495524,high,1.6619816589544438,0.015384615384615385,0.03761755485893417,0.010575793184488837,train_oof,0.24568610175883354,1,1,1,1,drop,train_oof,0.1755144641265648
RFERF_RF_SMOTE,RFERF,supervised,RF,SMOTE,63,33,0.004328540008838654,0.00017010657807313092,0.0041584334307655235,0.004498646586911785,0.8,0.2,65,65,35,0.0010073531718162764,0.0016631984558909368,-0.0006558452840746602,0.002670551627707213,0.25,0.75,319,80,1,0.003321186837022378,2.0,true_anomaly_candidate,1,train_oof,65,319,851,18,0.3534108812516764,0.288228683904266,-0.13477843328124997,-0.0390911207112978,-0.0992237793626038,0.050366959960204,-0.1532485787885021,0.0159536290312039,0.8056177549472143,0.04145362042056529,0.4351183832589529,high,1.204372647820314,0.2,0.11912225705329153,0.010575793184488837,train_oof,0.2376507298613125,1,1,1,1,drop,train_oof,0.1755144641265648
RFERF_RF_SMOTE,RFERF,supervised,RF,SMOTE,295,40,0.0037995047223483144,0.0008558806176066266,0.0029436241047416877,0.0046553853399549415,0.8,0.2,65,65,22,0.001568129980569678,0.0030248196534623925,-0.0014566896728927154,0.0045929496340320715,0.3,0.7,319,80,1,0.0022313747417786363,-18.0,true_anomaly_candidate,1,train_oof,65,319,851,18,0.4087478790663844,0.3581798372223004,-0.16687569099169414,0.08617040061924415,-0.0345998109393365,-0.0847178827768262,-0.2316537169293041,-0.2478169241341546,0.8822121628105818,0.03302851324644976,0.5668799713158559,high,1.2596675036266864,0.12307692307692308,0.09717868338557993,0.010575793184488837,train_oof,0.22627856150484374,1,1,1,1,drop,train_oof,0.1755144641265648
RFERF_RF_SMOTE,RFERF,supervised,RF,SMOTE,130,20,0.006647548211996041,0.0009404820419848538,0.005707066170011186,0.007588030253980895,0.9076923076923077,0.09230769230769231,65,65,18,0.0028193949529659633,0.0009521551403006265,0.0018672398126653369,0.00377155009326659,0.9,0.1,319,80,1,0.0038281532590300777,-2.0,true_anomaly_candidate,1,train_oof,65,319,851,18,0.28906397369343606,0.16844142433033277,-0.0977713723087083,0.5049432451849104,0.3159292832246588,0.16471811365646,0.1049653127787032,0.9415045250672958,0.36455616084613335,0.16147874541471136,0.26550870323678855,high,1.5731769914892948,0.046153846153846156,0.02821316614420063,0.012925969447708578,train_oof,0.21041966197955897,1,1,1,1,drop,train_oof,0.1755144641265648
RFERF_RF_SMOTE,RFERF,supervised,RF,SMOTE,582,30,0.004584510039609849,0.000609515142031783,0.003974994897578064,0.005194025181641632,0.6615384615384615,0.3384615384615385,65,65,39,0.0008211265372624925,0.002543566580276227,-0.001722440043013734,0.0033646931175387203,0.325,0.675,319,80,1,0.0037633835023473568,9.0,true_anomaly_candidate,1,train_oof,65,319,851,18,0.3585222409382346,0.15983150911433786,-0.08419328078288461,-0.11703126043300546,0.3783850875229369,0.1381832218473487,-0.0719934106188243,-0.1020186438282812,0.4574976976171554,0.18603335427755185,0.2479803553935652,high,2.1949116966947892,0.07692307692307693,0.0219435736677116,0.010575793184488837,train_oof,0.21021369652541,1,1,1,1,drop,train_oof,0.1755144641265648
RFERF_RF_SMOTE,RFERF,supervised,RF,SMOTE,122,28,0.004908819965393344,0.00021859283750703322,0.004690227127886311,0.005127412802900378,0.9846153846153847,0.015384615384615385,65,65,21,0.0017933222330628225,0.0009331687734147418,0.0008601534596480798,0.0027264910064775647,0.7875,0.2125,319,80,1,0.003115497732330522,-7.0,true_anomaly_candidate,1,train_oof,65,319,851,18,-0.38502968440811686,-0.2857725685741472,0.14402840518599969,-0.3455879278609205,-0.5171176699640857,-0.27450186681709,0.1254264662243041,-0.46006418200942695,-0.5015842737315591,-0.14004680357885851,-0.4335863450571979,low,-1.6648344373626591,0.015384615384615385,0.025078369905956112,0.01410105757931845,train_oof,0.20598299990356878,1,1,1,1,drop,train_oof,0.1755144641265648
RFERF_RF_SMOTE,RFERF,supervised,RF,SMOTE,67,39,0.004046682841766673,0.00035403606383916893,0.0036926467779275045,0.0044007189056058426,0.6615384615384615,0.3384615384615385,65,65,49,0.0005822889504566579,0.0019415139464784982,-0.0013592249960218403,0.0025238028969351563,0.1875,0.8125,319,80,1,0.003464393891310015,10.0,true_anomaly_candidate,1,train_oof,65,319,851,18,0.22756941467187333,0.10031297740691344,-0.0541819074426906,-0.057012199533075916,-0.0571748156886139,-0.0571820868799883,-0.0573510693675296,-0.05730366119976845,0.4591390094283344,0.070892293611259,0.17593378830289144,high,-0.0556900384099592,0.06153846153846154,0.0219435736677116,0.010575793184488837,train_oof,0.2034790314541516,1,1,1,1,drop,train_oof,0.1755144641265648
RFERF_RF_SMOTE,RFERF,supervised,RF,SMOTE,14,26,0.00495672599300291,0.0018845233114682214,0.003072202681534688,0.006841249304471134,0.7692307692307693,0.23076923076923078,65,65,24,0.0014275629204433702,0.007672605659390257,-0.006245042738946883,0.009100168579833628,0.5125,0.4875,319,80,1,0.00352916307255954,-2.0,true_anomaly_candidate,1,train_oof,65,319,851,18,-0.28627350907551613,-0.05962231715970211,0.05271124746640002,-0.35113890112584567,-0.2963467085002608,-0.1622562122364825,0.0317555225141032,-0.29665408962707923,-0.35995898920350955,-0.19990811435903322,-0.1128768971455942,low,-2.115862166836835,0.015384615384615385,0.01567398119122257,0.010575793184488837,train_oof,0.19821888345424113,1,1,1,1,drop,train_oof,0.1755144641265648
RFERF_RF_SMOTE,RFERF,supervised,RF,SMOTE,56,27,0.004909582807922894,0.0007623556355171388,0.004147227172405757,0.005671938443440033,0.8615384615384616,0.13846153846153847,65,65,27,0.0013116266647517332,0.0031978761249334534,-0.0018862494601817198,0.0045095027896851865,0.725,0.275,319,80,1,0.003597956143171161,0.0,true_anomaly_candidate,1,train_oof,65,319,851,18,0.2771470981994802,0.1632066234969824,-0.08242464506658365,0.05109196178100187,0.506794437311762,0.463569310741405,0.2330353023661358,0.25464786565131436,0.3425954344912281,0.14028950876976903,0.24333699120237737,high,1.183988086914101,0.046153846153846156,0.018808777429467086,0.011750881316098707,train_oof,0.19732579194871255,1,1,1,1,drop,train_oof,0.1755144641265648
RFERF_RF_SMOTE,RFERF,supervised,RF,SMOTE,200,29,0.0046437966904153555,0.0009462899377550308,0.003697506752660325,0.005590086628170387,0.9076923076923077,0.09230769230769231,65,65,29,0.0012435932991048935,0.004913590843445859,-0.003669997544340965,0.00615718414255075,0.625,0.375,319,80,1,0.003400203391310462,0.0,true_anomaly_candidate,1,train_oof,65,319,851,18,0.3015555971235379,-0.00290429745224368,-0.022064935533175702,0.011796366473497487,0.0133877775417064,-0.0555733687473468,-0.0598171315959042,0.0775746906261329,0.34822587072679206,0.22986782014553003,0.020555042537821484,high,1.166099861281038,0.015384615384615385,0.012539184952978056,0.010575793184488837,train_oof,0.1937103087801164,1,1,1,1,drop,train_oof,0.1755144641265648
RFERF_RF_SMOTE,RFERF,supervised,RF,SMOTE,25,47,0.0032460589431870706,0.0004776895467605359,0.002768369396426535,0.0037237484899476057,0.7076923076923077,0.2923076923076923,65,65,60,0.0004114327834641371,0.0024631362892954508,-0.0020517035058313137,0.0028745690727595874,0.2,0.8,319,80,1,0.0028346261597229335,13.0,true_anomaly_candidate,1,train_oof,65,319,851,18,-0.32926571870223315,-0.2102003155886876,0.09552273313787689,0.36175660576121027,0.4112510583721981,0.4241789469406198,0.448348477742452,0.5711634191424609,-0.48441612801342915,-0.08999964330785101,-0.3232883816442139,low,-1.3716733998466921,0.13846153846153847,0.0877742946708464,0.010575793184488837,train_oof,0.19290373117296367,1,1,1,1,drop,train_oof,0.1755144641265648
RFERF_RF_SMOTE,RFERF,supervised,RF,SMOTE,125,62,0.0026620875362244226,0.0001012214726267505,0.0025608660635976725,0.002763309008851173,0.8615384615384616,0.13846153846153847,65,65,61,0.0003835069210292724,0.0007942380778265112,-0.0004107311567972392,0.001177744998855784,0.3375,0.6625,319,80,1,0.00227858061519515,-1.0,true_anomaly_candidate,1,train_oof,65,319,851,18,-0.381110092887068,-0.3810525845696144,0.18064175431318014,-0.36624491092378925,-0.540050795708347,-0.4364105491267392,-0.0147019595877856,-0.47071904454685776,-0.5443923865738146,-7.750037742705581e-05,-0.5750804490231376,low,-1.4579817382768243,0.046153846153846156,0.050156739811912224,0.010575793184488837,train_oof,0.1879091982805896,1,1,1,1,drop,train_oof,0.1755144641265648
RFERF_RF_SMOTE,RFERF,supervised,RF,SMOTE,468,41,0.0036231841963368715,0.0006518426123882387,0.0029713415839486327,0.004275026808725108,0.8461538461538461,0.15384615384615385,65,65,51,0.0005547140461366736,0.0036869692048973716,-0.0031322551587606986,0.004241683251034045,0.425,0.575,319,80,1,0.003068470150200198,10.0,true_anomaly_candidate,1,train_oof,65,319,851,18,-0.19954708120793455,-0.3904023267886439,0.15991003632224038,0.09261808527594712,-0.5609850280704225,-0.7201992541188972,-0.0854405634484518,-0.19416687500463814,-0.3539279810863402,0.22851948520070176,-0.5696423718505227,low,-0.9802319324172032,0.015384615384615385,0.07523510971786834,0.1891891891891892,train_oof,0.18485613999978096,1,1,1,1,drop,train_oof,0.1755144641265648
RFERF_RF_SMOTE,RFERF,supervised,RF,SMOTE,452,71,0.0020457375953219104,0.00035295295457240725,0.0016927846407495035,0.002398690549894318,0.8615384615384616,0.13846153846153847,65,65,67,0.00027544208909936096,0.0019360390839584126,-0.0016605969948590513,0.0022114811730577734,0.4875,0.5125,319,80,1,0.0017702955062225494,-4.0,true_anomaly_candidate,1,train_oof,65,319,851,18,-0.350266042319264,-0.3371296646110712,0.15315487545627302,0.003526259836936496,-0.443400013111964,-0.3650981223827272,0.0716233016426817,-0.0743327331685102,-0.5428468897632465,-0.012216215198788917,-0.49890850120072705,low,-1.9964421164041233,0.03076923076923077,0.034482758620689655,0.010575793184488837,train_oof,0.17726822328767228,1,1,1,1,drop,train_oof,0.1755144641265648
RFERF_RF_SMOTE,RFERF,supervised,RF,SMOTE,551,83,0.001706430572628653,0.00013354934024777915,0.0015728812323808738,0.0018399799128764318,0.6461538461538462,0.35384615384615387,65,65,80,0.0001820255805881909,0.0012818364156655321,-0.0010998108350773412,0.0014638619962537226,0.15,0.85,319,80,1,0.001524404992040462,-3.0,true_anomaly_candidate,1,train_oof,65,319,851,18,0.31134749136158385,0.03954381655129587,-0.044019210425757016,-0.1284693527475117,0.0051340753639247,-0.0476735569507304,-0.0542745109900623,-0.11698357436371515,0.5575911627249405,0.17169472113621218,0.10587747991190091,high,0.675130910356111,0.046153846153846156,0.02821316614420063,0.010575793184488837,train_oof,0.1735227059566154,1,1,1,1,drop,train_oof,0.1755144641265648
RFERF_RF_SMOTE,RFERF,supervised,RF,SMOTE,460,55,0.002878191433911071,0.0005780468809388533,0.002300144552972219,0.0034562383148499247,0.8307692307692308,0.16923076923076924,65,65,57,0.00043994945415508,0.002396479697025467,-0.0019565302428703863,0.002836429151180546,0.5375,0.4625,319,80,1,0.002438241979755991,2.0,true_anomaly_candidate,1,train_oof,65,319,851,18,0.29948028935965004,0.11057430549671816,-0.05934801939132075,-0.2506677302399162,-0.0537278690784206,-0.1015027973427366,-0.2788708389619905,-0.3130811929258598,0.35608386579819973,0.190233446852086,0.17064941021554955,high,3.140203951010868,0.03076923076923077,0.009404388714733543,0.010575793184488837,train_oof,0.1721567539500493,1,1,1,1,drop,train_oof,0.1755144641265648
RFERF_RF_SMOTE,RFERF,supervised,RF,SMOTE,316,74,0.0019508064063181452,0.00010040518354786824,0.001850401222770277,0.002051211589866013,0.8769230769230769,0.12307692307692308,65,65,77,0.0002051449336946156,0.0019750714241968423,-0.0017699264905022272,0.0021802163578914574,0.325,0.675,319,80,1,0.0017456614726235296,3.0,true_anomaly_candidate,1,train_oof,65,319,851,18,-0.3458874974077683,-0.26740178073084275,0.1287676314607709,-0.08887699331124296,-0.4611704880530246,-0.4209237275886968,-0.0256571364598702,-0.1154725173490127,-0.4977423216983124,-0.07533013335878971,-0.4002689344231228,low,-1.5699786032473293,0.046153846153846156,0.08150470219435736,0.010575793184488837,train_oof,0.1719029843557076,1,1,1,1,drop,train_oof,0.1755144641265648
RFERF_RF_SMOTE,RFERF,supervised,RF,SMOTE,58,51,0.003119476666718251,0.0007242622044188112,0.0023952144622994384,0.003843738871137062,0.8769230769230769,0.12307692307692308,65,65,38,0.000824464705182192,0.0012904987228245734,-0.0004660340176423815,0.002114963428006766,0.5375,0.4625,319,80,1,0.0022950119615360587,-13.0,true_anomaly_candidate,1,train_oof,65,319,851,18,0.2157671671557227,0.3407414111348158,-0.1423830331327249,-0.013806671667261556,0.1882520676036252,0.415941331377423,-0.432289656463813,-0.2063699983670148,0.3570157912780731,-0.13778685588966036,0.490891945131962,high,2.0646239537809294,0.0,0.01567398119122257,0.010575793184488837,train_oof,0.1710362734894079,1,1,1,1,drop,train_oof,0.1755144641265648
RFERF_RF_SMOTE,RFERF,supervised,RF,SMOTE,133,54,0.0029565504768933304,0.0003452075980807116,0.0026113428788126195,0.0033017580749740423,0.8307692307692308,0.16923076923076924,65,65,45,0.0006686089020676594,0.0019844377191664477,-0.0013158288170987888,0.0026530466212341076,0.3875,0.6125,319,80,1,0.002287941574825671,-9.0,true_anomaly_candidate,1,train_oof,65,319,851,18,0.2972789453498061,0.11848207751558748,-0.06848776999636055,0.04419344858832852,0.1355651377430604,0.1222732321194762,-0.0702155112457948,-0.009411140222352954,0.35851269111422607,0.19840743837586766,0.1870838434995533,high,2.1469719020373548,0.0,0.003134796238244514,0.01645123384253819,train_oof,0.1703957193704538,1,1,1,1,drop,train_oof,0.1755144641265648
RFERF_RF_SMOTE,RFERF,supervised,RF,SMOTE,107,57,0.0027754662105240737,0.0007123770796205473,0.0020630891309035265,0.003487843290144621,0.7846153846153846,0.2153846153846154,65,65,56,0.00045027251510115237,0.0031212392360840412,-0.0026709667209828887,0.0035715117511851933,0.475,0.525,319,80,1,0.002325193695422921,-1.0,true_anomaly_candidate,1,train_oof,65,319,851,18,-0.3422775543901656,0.04866804194627469,0.0009970090928195935,0.3311036119779456,-0.1396887429309186,0.1299263676678478,0.0069638276876572,0.32452304791172737,-0.3542081792705866,-0.3564368271146811,0.04806822743272617,low,-2.5069996617238535,0.03076923076923077,0.03761755485893417,0.010575793184488837,train_oof,0.16977836137855667,1,1,1,1,drop,train_oof,0.1755144641265648
RFERF_RF_SMOTE,RFERF,supervised,RF,SMOTE,76,59,0.0027512030225478913,0.00018801228311241615,0.002563190739435475,0.0029392153056603076,0.8923076923076924,0.1076923076923077,65,65,64,0.000355294473960725,0.0018696535943125985,-0.0015143591203518737,0.0022249480682733237,0.4375,0.5625,319,80,1,0.0023959085485871666,5.0,true_anomaly_candidate,1,train_oof,65,319,851,18,-0.24502488894123978,-0.15270353871630774,0.08575314780584527,0.006316011792041554,-0.1733448226763963,-0.1583730864706931,0.1710051100547762,-0.1239380931975759,-0.3433600658576909,-0.08592625253000036,-0.24239558467812303,low,-2.377184392155901,0.046153846153846156,0.018808777429467086,0.010575793184488837,train_oof,0.16967326600809357,1,1,1,1,drop,train_oof,0.1755144641265648
RFERF_RF_SMOTE,RFERF,supervised,RF,SMOTE,288,75,0.0018792408922831912,0.00013117604463259598,0.001748064847650595,0.0020104169369157873,0.7076923076923077,0.2923076923076923,65,65,86,0.00011586085327285953,0.0009376261805142764,-0.0008217653272414166,0.0010534870337871362,0.05,0.95,319,80,1,0.0017633800390103318,11.0,true_anomaly_candidate,1,train_oof,65,319,851,18,0.1393372801257341,0.34667983355432525,-0.14544405322244972,0.18517939956954466,0.2468291464077718,0.2468291464077718,-0.2463688282980458,0.02078007466760535,0.4291536877488677,-0.14457000038475032,0.504645384982765,high,1.6031235768487706,0.03076923076923077,0.03134796238244514,0.011750881316098707,train_oof,0.1649070543043052,1,1,1,1,drop,train_oof,0.1755144641265648
RFERF_RF_SMOTE,RFERF,supervised,RF,SMOTE,282,92,0.0013929259860579303,0.00018138691577512748,0.001211539070282803,0.0015743129018330577,0.7230769230769231,0.27692307692307694,65,65,83,0.0001554703389692967,0.0007337466962849583,-0.0005782763573156616,0.000889217035254255,0.2625,0.7375,319,80,1,0.0012374556470886337,-9.0,true_anomaly_candidate,1,train_oof,65,319,851,18,0.1561699242822235,0.32979285990452956,-0.1424597830396674,0.2992055605239835,0.2858712954028456,0.3458754884479732,-0.2241643454807379,0.24086815061900002,0.3774003141163236,-0.13431041246411304,0.48048636384597054,high,1.6209645906569317,0.015384615384615385,0.018808777429467086,0.010575793184488837,train_oof,0.14943365894263122,1,1,1,1,drop,train_oof,0.1755144641265648
RFERF_RF_SMOTE,RFERF,supervised,RF,SMOTE,37,90,0.0014882860296379738,7.560722285609044e-05,0.0014126788067818834,0.0015638932524940643,0.8769230769230769,0.12307692307692308,65,65,98,2.3928626025370342e-05,0.0025822703521652104,-0.0025583417261398397,0.0026061989781905807,0.075,0.925,319,80,1,0.0014643574036126035,8.0,true_anomaly_candidate,1,train_oof,65,319,851,18,0.2908637151659694,-0.010348222321451318,-0.007543912825143632,-0.47863054334452126,0.2992553968558932,0.0831968390603314,0.0049520856410351,-0.6327587544694303,0.3307801424937998,0.2525001681041662,-0.0027853764236392083,high,3.1134905609889807,0.015384615384615385,0.006269592476489028,0.011750881316098707,train_oof,0.14862176484086675,1,1,1,1,drop,train_oof,0.1755144641265648
RFERF_RF_SMOTE,RFERF,supervised,RF,SMOTE,486,5,0.019690796096020195,0.006919757259004529,0.012771038837015665,0.026610553355024723,0.8461538461538461,0.15384615384615385,65,65,3,0.009306003492056134,0.006761518803123269,0.0025444846889328644,0.016067522295179403,0.9,0.1,319,80,1,0.010384792603964061,-2.0,true_anomaly_candidate,1,train_oof,65,319,851,18,0.07604089412098428,0.061984726122189235,-0.04178146034015446,0.4878903690673034,-0.0817780322697149,-0.0915815786012332,-0.2027665238958431,0.5159957040744688,0.11570645347565663,0.015654428632717148,0.10398586548804743,high,2.2902566020655253,0.0,0.006269592476489028,0.010575793184488837,train_oof,0.34170589381555444,1,0,1,0,drop,train_oof,0.1755144641265648
RFERF_RF_SMOTE,RFERF,supervised,RF,SMOTE,338,14,0.01111655684203894,0.002213468195902959,0.008903088646135976,0.013330025037941904,0.8153846153846154,0.18461538461538463,65,65,14,0.0034740478578052466,0.010545083675462183,-0.007071035817656937,0.014019131533267429,0.55,0.45,319,80,1,0.007642508984233694,0.0,true_anomaly_candidate,1,train_oof,65,319,851,18,0.04190840219625241,0.026823028045767736,-0.013514588314652848,-0.013662449483460433,-0.0723784676738478,-0.1090133162642454,-0.0834230310629599,-0.05661529759183705,0.0524981560196724,0.018156676857639116,0.03967861176101679,high,0.5337357127839639,0.015384615384615385,0.0219435736677116,0.010575793184488837,train_oof,0.2567215680850046,1,0,1,0,drop,train_oof,0.1755144641265648
RFERF_RF_SMOTE,RFERF,supervised,RF,SMOTE,31,17,0.008069293207112305,0.0031119115317987875,0.004957381675313517,0.011181204738911089,0.8,0.2,65,65,15,0.0031435562940667627,0.00914368889969444,-0.006000132605627679,0.012287245193761205,0.6375,0.3625,319,80,1,0.004925736913045542,-2.0,true_anomaly_candidate,1,train_oof,65,319,851,18,-0.06314159191588742,0.022527736232625273,0.009808068216615687,-0.6102411695987504,-0.4187602376629362,-0.4226680117840752,-0.4678865409001133,-0.4928218614826194,-0.07234737379752748,-0.08850650044495406,0.012586516863927501,high,1.9593994417731206,0.0,0.0,0.010575793184488837,train_oof,0.20373853322058433,1,0,1,0,drop,train_oof,0.1755144641265648
RFERF_RF_SMOTE,RFERF,supervised,RF,SMOTE,416,24,0.005220569008813277,0.0017415429059830347,0.0034790261028302435,0.0069621119147963125,0.8153846153846154,0.18461538461538463,65,65,23,0.001555734424843812,0.007587601238282062,-0.006031866813438246,0.009143335663125873,0.625,0.375,319,80,1,0.003664834583969465,-1.0,true_anomaly_candidate,1,train_oof,65,319,851,18,-0.22800034157889135,-0.0019184378020901218,0.01826913008979391,-0.14044731813491362,-0.4415347746160978,-0.184403499504367,-0.144570446481278,-0.3812402155003027,-0.2458996110875317,-0.23315420991258926,-0.019905846301165916,low,-2.1572295833095927,0.0,0.006269592476489028,0.011750881316098707,train_oof,0.1898403755452401,1,0,1,0,drop,train_oof,0.1755144641265648
RFERF_RF_SMOTE,RFERF,supervised,RF,SMOTE,137,32,0.004439880390578237,0.0007799066627546512,0.003659973727823586,0.005219787053332888,0.8615384615384616,0.13846153846153847,65,65,34,0.0010245752558957664,0.0027838257516354338,-0.0017592504957396674,0.0038084010075312,0.525,0.475,319,80,1,0.0034153051346824705,2.0,true_anomaly_candidate,1,train_oof,65,319,851,18,0.2179549170400586,0.15719777816879932,-0.07597629886076109,0.04183123063502851,0.3741080472438483,0.0910416159979347,-0.1920248152479791,-0.07167385399420326,0.2909897569377864,0.0656404957840542,0.23360204279618793,high,2.191895197557744,0.015384615384615385,0.01567398119122257,0.010575793184488837,train_oof,0.18727292515877314,1,0,1,0,drop,train_oof,0.1755144641265648
RFERF_RF_SMOTE,RFERF,supervised,RF,SMOTE,0,42,0.0036017203156409046,0.0005577800539292208,0.003043940261711684,0.004159500369570126,0.6461538461538462,0.35384615384615387,65,65,79,0.00018734109664485672,0.0032442718645822903,-0.0030569307679374344,0.003431612961227147,0.1375,0.8625,319,80,1,0.003414379218996048,37.0,true_anomaly_candidate,1,train_oof,65,319,851,18,-0.18980266600362314,-0.0779510637454038,0.0395693011634603,0.136358195585214,-0.4009873167426543,-0.0545022322908059,-0.0202007428053935,0.02290968950506389,-0.2334984671866732,-0.10967932159215912,-0.11952460080854613,low,-2.0170279186467237,0.015384615384615385,0.02821316614420063,0.010575793184488837,train_oof,0.17790245450305858,1,0,1,0,drop,train_oof,0.1755144641265648
RFERF_RF_SMOTE,RFERF,supervised,RF,SMOTE,428,23,0.005327313579955719,0.0005867055499175647,0.004740608030038155,0.0059140191298732835,0.8461538461538461,0.15384615384615385,65,65,30,0.001233515149064333,0.0027193295241678215,-0.0014858143751034884,0.003952844673232156,0.675,0.325,319,80,1,0.004093798430891386,7.0,true_anomaly_candidate,1,train_oof,65,319,851,18,-0.06266323514292926,0.04452998486996915,-0.008363618126602607,-0.14497349986641672,-0.0713045620950758,-0.0527839802560395,-0.1778279558111615,-0.1672073035707229,-0.050985286808186134,-0.144613012274058,0.051235138166971804,high,6.441373360475646,0.0,0.003134796238244514,0.011750881316098707,train_oof,0.17714428280940941,1,0,1,0,drop,train_oof,0.1755144641265648
RFERF_RF_SMOTE,RFERF,supervised,RF,SMOTE,132,31,0.0044466927134386314,0.0005348197590519484,0.003911872954386683,0.00498151247249058,0.46153846153846156,0.5384615384615384,65,65,25,0.0013372169141228317,0.002495168112871342,-0.0011579511987485093,0.0038323850269941727,0.075,0.925,319,80,1,0.0031094757993157997,-6.0,true_anomaly_candidate,1,train_oof,65,319,851,18,0.18711174138385225,0.11677428876124109,-0.048284198698451644,-0.48466358134738236,0.2756331946108676,0.1000843211226934,-0.2603511318902715,-0.7038921686290109,0.23154890511001067,0.07332352615838855,0.16744499526728637,high,2.176790143663675,0.0,0.0,0.012925969447708578,train_oof,0.1765059753296914,0,0,1,0,drop,train_oof,0.1755144641265648
RFERF_RF_SMOTE,RFERF,supervised,RF,SMOTE,19,22,0.005862892167658898,0.0013167801850529938,0.004546111982605904,0.007179672352711892,0.8923076923076924,0.1076923076923077,65,65,19,0.002242395981768382,0.010357415925699725,-0.008115019943931339,0.012599811907468108,0.7625,0.2375,319,80,1,0.0036204961858905156,-3.0,true_anomaly_candidate,1,train_oof,65,319,851,18,0.08146379160171567,0.0029510358347875146,-0.012704032379082134,0.2591999135705861,-0.0237492771698798,-0.000629937536488,0.0834403884031107,0.3054385928373644,0.08946608627283156,0.09970686141607621,0.015207347029488989,low,-1.8966785072430028,0.0,0.003134796238244514,0.010575793184488837,train_oof,0.1759429556932594,1,0,1,0,drop,train_oof,0.1755144641265648
RFERF_RF_SMOTE,RFERF,supervised,RF,SMOTE,24,25,0.005027393819757987,0.0014496688142707026,0.0035777250054872837,0.006477062634028688,0.7692307692307693,0.23076923076923078,65,65,33,0.0010416317922026358,0.004818533620846619,-0.0037769018286439833,0.005860165413049253,0.65,0.35,319,80,1,0.003985762027555351,8.0,true_anomaly_candidate,1,train_oof,65,319,851,18,-0.06463950834982564,0.0033745011273537016,0.005845546469392344,-0.0867825156030137,0.127418282834732,0.151599188349398,0.0488726142224079,0.030652386465727856,-0.06786475474853373,-0.07912490269208272,-0.0024303518166839152,high,3.2674413177832666,0.0,0.0,0.010575793184488837,train_oof,0.17592368126974783,1,0,1,0,drop,train_oof,0.1755144641265648
RFERF_RF_SMOTE,RFERF,supervised,RF,SMOTE,310,35,0.004170446453477776,0.00110805926801389,0.003062387185463886,0.005278505721491667,0.8,0.2,65,65,40,0.0008200450406168758,0.004062313327789078,-0.0032422682871722014,0.004882358368405954,0.5125,0.4875,319,80,1,0.0033504014128609,5.0,true_anomaly_candidate,1,train_oof,65,319,851,18,0.15855875394777205,0.0616795797581138,-0.03834641188761483,0.13846353761382954,0.121756468219912,-0.0445548134740834,-0.1037889685979735,-0.0741718910360285,0.1910195830372427,0.10744283286919257,0.09927972727103308,high,2.6243995222042225,0.0,0.0,0.010575793184488837,train_oof,0.1749738089783993,1,0,1,0,drop,train_oof,0.1755144641265648
RFERF_RF_SMOTE,RFERF,supervised,RF,SMOTE,131,37,0.004058703914382111,0.0008734237291538207,0.00318528018522829,0.004932127643535931,0.8,0.2,65,65,46,0.0006522013204936118,0.006288895105830666,-0.005636693785337055,0.006941096426324278,0.5125,0.4875,319,80,1,0.003406502593888499,9.0,true_anomaly_candidate,1,train_oof,65,319,851,18,0.15948840145824056,-0.098703543411072,0.027963563622908583,-0.1250817111963043,0.083076745979686,-0.1227730518969172,-0.0040593523730439,-0.2872516720194648,0.12987801745569705,0.26753117666185683,-0.12664568867563072,high,1.8257987130344795,0.046153846153846156,0.034482758620689655,0.025851938895417155,train_oof,0.169163057857765,1,0,1,0,drop,train_oof,0.1755144641265648
RFERF_RF_SMOTE,RFERF,supervised,RF,SMOTE,252,36,0.004115183959500051,0.0008653184609257727,0.0032498654985742793,0.004980502420425824,0.8615384615384616,0.13846153846153847,65,65,44,0.0006939293844318505,0.0030479264190248173,-0.0023539970345929665,0.0037418558034566667,0.4375,0.5625,319,80,1,0.003421254575068201,8.0,true_anomaly_candidate,1,train_oof,65,319,851,18,-0.026436111300921075,-0.025396367195949333,0.012211838435156436,-0.031804785458354023,-0.0286086856785004,-0.0304561448770907,-0.0304561448770907,-0.0333357624315525,-0.03301685329145677,-0.04010491183323459,-0.03631612887033653,high,0.00436408216270485,0.015384615384615385,0.01567398119122257,0.010575793184488837,train_oof,0.15978397944427156,1,0,1,0,drop,train_oof,0.1755144641265648
RFERF_RF_SMOTE,RFERF,supervised,RF,SMOTE,55,44,0.0035241704790281462,0.00019544748991881232,0.0033287229891093336,0.003719617968946958,0.7846153846153846,0.2153846153846154,65,65,55,0.0004551231273539746,0.0018578845438580506,-0.0014027614165040764,0.0023130076712120245,0.3625,0.6375,319,80,1,0.0030690473516741716,11.0,true_anomaly_candidate,1,train_oof,65,319,851,18,0.051080915802939116,0.10697027776483872,-0.04013007721589631,-0.12499653264514476,-0.3887345895385595,0.1175925249213401,-0.077148672947852,0.05697006359717075,0.09990435595249883,-0.045507573030791074,0.14995603155860013,low,-2.0245606516397734,0.0,0.025078369905956112,0.011750881316098707,train_oof,0.15863089686373255,1,0,1,0,drop,train_oof,0.1755144641265648
RFERF_RF_SMOTE,RFERF,supervised,RF,SMOTE,563,34,0.00424311851573491,0.0004156149250672094,0.0038275035906677017,0.0046587334408021205,0.8307692307692308,0.16923076923076924,65,65,31,0.0011347487137732023,0.0026644994607603143,-0.001529750746987112,0.0037992481745335155,0.675,0.325,319,80,1,0.0031083698019617077,-3.0,true_anomaly_candidate,1,train_oof,65,319,851,18,-0.04767031156158037,0.15518108477466475,0.004411769681533748,0.08212631432300976,-0.0790054285279027,0.0766573161892273,-0.1232683849250544,-0.0916720225965397,-0.0540159649418912,-0.26587530480773686,0.1610221032804912,high,2.5540133384958885,0.0,0.009404388714733543,0.010575793184488837,train_oof,0.15759097660607652,1,0,1,0,drop,train_oof,0.1755144641265648
RFERF_RF_SMOTE,RFERF,supervised,RF,SMOTE,57,58,0.002763840660524694,0.0009108415498569881,0.0018529991106677058,0.003674682210381682,0.7076923076923077,0.2923076923076923,65,65,53,0.0004963353873030389,0.003962261521989029,-0.00346592613468599,0.004458596909292068,0.275,0.725,319,80,1,0.002267505273221655,-5.0,true_anomaly_candidate,1,train_oof,65,319,851,18,-0.2466369604527132,0.06453152699722224,-0.005683006089022359,0.028930647041947324,-0.2253487013997487,0.1802293374539053,0.0132266155729998,-0.0243685889359746,-0.23673432210192755,-0.31872089945836085,0.07072226407809679,low,-2.4918142126408602,0.03076923076923077,0.009404388714733543,0.010575793184488837,train_oof,0.15689273938700551,1,0,1,0,drop,train_oof,0.1755144641265648
RFERF_RF_SMOTE,RFERF,supervised,RF,SMOTE,35,38,0.004050205742470175,0.00013745272916383726,0.003912753013306337,0.004187658471634013,0.9076923076923077,0.09230769230769231,65,65,42,0.0008071915800733963,0.0018968570642835328,-0.001089665484210137,0.0027040486443569286,0.55,0.45,319,80,1,0.003243014162396779,4.0,true_anomaly_candidate,1,train_oof,65,319,851,18,-0.0008570047999864391,0.047993974481821765,-0.015106211425754596,-0.14223746609561264,-0.1750404154125366,-0.167810672695449,-0.1465913778207919,-0.14603107276021948,0.014206145350294557,-0.04938281385719841,0.062050327159178596,low,-0.3208643260162251,0.015384615384615385,0.003134796238244514,0.01410105757931845,train_oof,0.15482912588308745,1,0,1,0,drop,train_oof,0.1755144641265648
RFERF_RF_SMOTE,RFERF,supervised,RF,SMOTE,344,48,0.0031814198473666395,0.0009187314905846469,0.0022626883567819916,0.004100151337951285,0.7384615384615385,0.26153846153846155,65,65,50,0.0005595482438491309,0.005731897750066465,-0.005172349506217333,0.006291445993915597,0.4125,0.5875,319,80,1,0.0026218716035175085,2.0,true_anomaly_candidate,1,train_oof,65,319,851,18,-0.1418328497721934,0.0657085067809185,-0.011745559295664698,-0.10449892568021198,-0.0273056571375614,0.0941586447072175,-0.0255523367568694,-0.0578564377331998,-0.1321957320114428,-0.19629175418326048,0.07745916562390605,low,-2.0692291887945187,0.046153846153846156,0.018808777429467086,0.010575793184488837,train_oof,0.15352564661479706,1,0,1,0,drop,train_oof,0.1755144641265648
RFERF_RF_SMOTE,RFERF,supervised,RF,SMOTE,144,61,0.0026870729718553015,0.00027443431644403796,0.002412638655411264,0.00296150728829934,0.7846153846153846,0.2153846153846154,65,65,37,0.0008342865226330324,0.0015321105296276709,-0.0006978240069946383,0.0023663970522607033,0.6125,0.3875,319,80,1,0.0018527864492222691,-24.0,true_anomaly_candidate,1,train_oof,65,319,851,18,-0.17922231933693106,-0.18962271531981545,0.09148456145794069,-0.2786072685659596,-0.3132311551450702,-0.3587936586329859,-0.1277266766585559,-0.440155272004264,-0.25735580796645413,0.012364720010068005,-0.2816119141387086,low,-1.117897511387011,0.0,0.03761755485893417,0.010575793184488837,train_oof,0.15222055511908664,1,0,1,0,drop,train_oof,0.1755144641265648
RFERF_RF_SMOTE,RFERF,supervised,RF,SMOTE,39,50,0.003127724375287793,0.00033116919307813543,0.0027965551822096576,0.003458893568365929,0.8769230769230769,0.12307692307692308,65,65,65,0.00031945966986262714,0.00541620513224626,-0.005096745462383633,0.005735664802108888,0.225,0.775,319,80,1,0.002808264705425166,15.0,true_anomaly_candidate,1,train_oof,65,319,851,18,0.03861526610217088,0.06569463402117366,-0.023991319533944178,-0.17463263842322835,-0.2304537519017632,-0.2418351031004259,-0.117713952292411,-0.0718664337846065,0.08615873893913596,-0.018406635125024558,0.08914423683347071,low,-1.4780001630075774,0.0,0.01567398119122257,0.010575793184488837,train_oof,0.1515186866713884,1,0,1,0,drop,train_oof,0.1755144641265648
RFERF_RF_SMOTE,RFERF,supervised,RF,SMOTE,16,70,0.0021559412060565488,0.0004901686595503433,0.0016657725465062051,0.002646109865606892,0.6923076923076923,0.3076923076923077,65,65,66,0.000293858208917204,0.002776284127438177,-0.0024824259185209723,0.0030701423363553816,0.3375,0.6625,319,80,1,0.0018620829971393448,-4.0,true_anomaly_candidate,1,train_oof,65,319,851,18,0.18766835435478882,0.10692461127549137,-0.0608000622729084,0.28941245087078926,0.1449067106772109,0.1181960167277181,-0.0582141634610861,0.19792943150231915,0.2548631318684496,0.07613673956003184,0.1687957665826538,high,1.8577797935725773,0.046153846153846156,0.0219435736677116,0.010575793184488837,train_oof,0.14988581534410156,1,0,1,0,drop,train_oof,0.1755144641265648
RFERF_RF_SMOTE,RFERF,supervised,RF,SMOTE,183,49,0.0031342390796147844,0.0005496118360781247,0.00258462724353666,0.0036838509156929098,0.7230769230769231,0.27692307692307694,65,65,36,0.0008483297943255592,0.0038045610208545617,-0.0029562312265290027,0.004652890815180123,0.35,0.65,319,80,1,0.0022859092852892254,-13.0,true_anomaly_candidate,1,train_oof,65,319,851,18,0.12218987402463766,-0.003855474520154261,-0.012461841460891373,0.20828205554006074,0.3853376926994163,0.2533992254275558,-0.0052118722849156,0.6388292268259507,0.13842098182074547,0.1194643565476609,0.008571918865491747,high,1.9209873586125272,0.015384615384615385,0.009404388714733543,0.010575793184488837,train_oof,0.14873840947403366,1,0,1,0,drop,train_oof,0.1755144641265648
RFERF_RF_SMOTE,RFERF,supervised,RF,SMOTE,227,82,0.0017082493977625607,0.0005317126868447358,0.0011765367109178241,0.002239962084607296,0.8,0.2,65,65,88,9.32986306215758e-05,0.0016537524993597472,-0.0015604538687381715,0.0017470511299813227,0.2375,0.7625,319,80,1,0.0016149507671409848,6.0,true_anomaly_candidate,1,train_oof,65,319,851,18,0.24429628303162035,0.11779615017603311,-0.05833984360699128,-0.22645837312622374,-0.1481667666320204,-0.1481667666320204,-0.2917844906468645,-0.2828083828959368,0.2986043338070562,0.12465221156766301,0.1783853724534763,high,4.501457048348556,0.015384615384615385,0.009404388714733543,0.010575793184488837,train_oof,0.14861405578263837,1,0,1,0,drop,train_oof,0.1755144641265648
RFERF_RF_SMOTE,RFERF,supervised,RF,SMOTE,2,45,0.003340170225787267,0.0005713087124543575,0.002768861513332908,0.003911478938241624,0.5692307692307692,0.4307692307692308,65,65,63,0.00036710436070727724,0.0020107048043693215,-0.0016436004436620444,0.0023778091650765994,0.2125,0.7875,319,80,1,0.00297306586507999,18.0,true_anomaly_candidate,1,train_oof,65,319,851,18,0.012615956156476028,0.001803091451449968,0.001708893125445445,-0.12821523414424454,-0.1290929332477285,-0.0945529583060222,0.0908979547894733,-0.16738321359735503,0.010599153580580558,0.011397497502319916,9.45440016484505e-05,low,-2.5553411916221265,0.0,0.003134796238244514,0.01527614571092832,train_oof,0.14729074228310846,0,0,1,0,drop,train_oof,0.1755144641265648
RFERF_RF_SMOTE,RFERF,supervised,RF,SMOTE,423,63,0.0026615783763769434,0.0008785650576998323,0.0017830133186771116,0.003540143434076776,0.676923076923077,0.3230769230769231,65,65,48,0.0006011292802201526,0.0023593388703666658,-0.001758209590146513,0.0029604681505868177,0.25,0.75,319,80,1,0.0020604490961567907,-15.0,true_anomaly_candidate,1,train_oof,65,319,851,18,0.08725269949013403,0.15626627073396454,-0.07890761960879412,0.6229216468795417,-0.2585954253584319,-0.0302346430322924,-0.3001033665586309,-0.1185884808339508,0.1780241756218756,-0.06382378714996047,0.23756932653368928,high,3.5543213690628574,0.0,0.009404388714733543,0.010575793184488837,train_oof,0.14727829084513405,1,0,1,0,drop,train_oof,0.1755144641265648
RFERF_RF_SMOTE,RFERF,supervised,RF,SMOTE,552,52,0.0030730874401496714,0.0011225311191132002,0.0019505563210364708,0.004195618559262871,0.7692307692307693,0.23076923076923078,65,65,52,0.0005210583669409514,0.006114929482461718,-0.005593871115520768,0.006635987849402669,0.375,0.625,319,80,1,0.0025520290732087203,0.0,true_anomaly_candidate,1,train_oof,65,319,851,18,0.11748864109490394,0.02286779693810443,0.0428507142847068,-0.25445164316135205,-0.0580775702068808,-0.1634924398612337,-0.179155159296156,-0.42324055990946285,0.07466558918448636,0.11760043195842283,-0.021609427217624374,high,3.9309903033677456,0.015384615384615385,0.003134796238244514,0.010575793184488837,train_oof,0.14613856697362382,1,0,1,0,drop,train_oof,0.1755144641265648
RFERF_RF_SMOTE,RFERF,supervised,RF,SMOTE,8,60,0.0027450369543493064,0.0007034403197924737,0.002041596634556832,0.00344847727414178,0.8461538461538461,0.15384615384615385,65,65,54,0.0004639821505855072,0.003927911021030213,-0.003463928870444706,0.004391893171615721,0.425,0.575,319,80,1,0.0022810548037637992,-6.0,true_anomaly_candidate,1,train_oof,65,319,851,18,0.04047782968087015,0.22497312279575096,-0.08899478599352233,0.007303449999480926,0.0810525944716143,0.1799366514475127,-0.1397433135704641,-0.0076721415821052,0.12609427025403383,-0.2121999317861839,0.31232667088373806,high,2.1163032192153155,0.0,0.006269592476489028,0.010575793184488837,train_oof,0.14577896513752536,1,0,1,0,drop,train_oof,0.1755144641265648
RFERF_RF_SMOTE,RFERF,supervised,RF,SMOTE,271,81,0.0017217042526021108,0.0003267010548577281,0.001395003197744383,0.002048405307459839,0.8,0.2,65,65,94,6.237274498997839e-05,0.0022307248253000656,-0.0021683520803100873,0.002293097570290044,0.2375,0.7625,319,80,1,0.0016593315076121324,13.0,true_anomaly_candidate,1,train_oof,65,319,851,18,0.19711743400558368,0.11238424745881415,-0.05592498118406687,-0.059073839688545134,0.0711597420252907,0.142667431613226,-0.1041571936444093,-0.41122900572818616,0.2540511946842734,0.08456918929754115,0.16944038652902604,high,2.1809247418344584,0.0,0.012539184952978056,0.010575793184488837,train_oof,0.1448318699778238,1,0,1,0,drop,train_oof,0.1755144641265648
RFERF_RF_SMOTE,RFERF,supervised,RF,SMOTE,48,73,0.0019852958138531934,8.57354137567199e-05,0.0018995604000964729,0.0020710312276099136,0.8461538461538461,0.15384615384615385,65,65,91,8.47970775810005e-05,0.002732824094740672,-0.002648027017159671,0.0028176211723216723,0.1625,0.8375,319,80,1,0.001900498736272193,18.0,true_anomaly_candidate,1,train_oof,65,319,851,18,-0.20686976374562513,0.05938066664834983,-0.017631850005644854,0.5371356015829747,-0.4161698354110992,0.122256921954776,-0.0202066195268127,0.28783731431061077,-0.19513621725978383,-0.24960599545842008,0.07725208060178088,low,-2.2565433883287414,0.0,0.025078369905956112,0.010575793184488837,train_oof,0.14369709327476496,1,0,1,0,drop,train_oof,0.1755144641265648
RFERF_RF_SMOTE,RFERF,supervised,RF,SMOTE,126,67,0.0023643224539211106,0.000349635686354686,0.0020146867675664244,0.002713958140275795,0.9076923076923077,0.09230769230769231,65,65,74,0.00022700265471402317,0.0011982775024958936,-0.0009712748477818708,0.0014252801572099162,0.325,0.675,319,80,1,0.0021373197992070876,7.0,true_anomaly_candidate,1,train_oof,65,319,851,18,0.1382088802026362,-0.006202999119994015,-0.011855427594140905,0.07133480727340386,0.0299945930039064,-0.0914150889033548,-0.0639999994404245,0.0789501099019952,0.14218833915055384,0.17164939575932653,0.005613020147549722,high,4.717974891164911,0.0,0.0,0.01410105757931845,train_oof,0.14358503211822565,1,0,1,0,drop,train_oof,0.1755144641265648
RFERF_RF_SMOTE,RFERF,supervised,RF,SMOTE,41,69,0.0023486573958100628,0.00011403102152109261,0.00223462637428897,0.0024626884173311546,0.8,0.2,65,65,78,0.00019231963373322861,0.0012256208468079716,-0.0010333012130747427,0.0014179404805412003,0.2375,0.7625,319,80,1,0.0021563377620768343,9.0,true_anomaly_candidate,1,train_oof,65,319,851,18,0.07053839421047324,0.1147699351838186,-0.04719557075335465,-0.060086947013467715,-0.0569869120230521,-0.0938235136206551,-0.1242932951890429,-0.15339875817974158,0.1389229219574639,-0.03582601959388064,0.1593580070942871,high,1.294825412037134,0.0,0.01567398119122257,0.010575793184488837,train_oof,0.14348309971536255,1,0,1,0,drop,train_oof,0.1755144641265648
RFERF_RF_SMOTE,RFERF,supervised,RF,SMOTE,217,46,0.0032945319318770333,0.0007905054312019757,0.0025040265006750564,0.004085037363079009,0.5538461538461539,0.4461538461538462,65,65,43,0.0007563172828952702,0.003035729222656993,-0.0022794119397617227,0.0037920465055522644,0.3,0.7,319,80,1,0.002538214648981763,-3.0,true_anomaly_candidate,1,train_oof,65,319,851,18,0.0013570965225720825,0.07865751192815908,-0.03704254138039154,0.3075847168097275,-0.2487876257157356,-0.1039468919177846,-0.2363727056759112,0.04606672523009345,0.0403215693892821,-0.072984838559794,0.11500196839454761,low,-1.1861140887224766,0.0,0.012539184952978056,0.010575793184488837,train_oof,0.14336110459665935,0,0,1,0,drop,train_oof,0.1755144641265648
RFERF_RF_SMOTE,RFERF,supervised,RF,SMOTE,90,72,0.002041209424297257,0.0005204729553938326,0.001520736468903425,0.0025616823796910894,0.8307692307692308,0.16923076923076924,65,65,58,0.0004335065077461507,0.0016728946733208954,-0.0012393881655747452,0.002106401181067046,0.5,0.5,319,80,1,0.0016077029165511064,-14.0,true_anomaly_candidate,1,train_oof,65,319,851,18,-0.18769329880669464,-0.056691062410109926,0.03676840456758717,-0.03648012256466606,-0.1791097221504262,-0.0103029803984339,0.0228936437706999,-0.07364341121444375,-0.22867718637143228,-0.1346889679393158,-0.0938844993091082,low,-2.104832026477454,0.015384615384615385,0.0219435736677116,0.010575793184488837,train_oof,0.1427892974479614,1,0,1,0,drop,train_oof,0.1755144641265648
RFERF_RF_SMOTE,RFERF,supervised,RF,SMOTE,281,56,0.002806282946518714,0.0005587494921525714,0.002247533454366143,0.0033650324386712864,0.6615384615384615,0.3384615384615385,65,65,41,0.0008164859599089552,0.001830021852319346,-0.001013535892410391,0.0026465078122283017,0.4125,0.5875,319,80,1,0.0019897969866097586,-15.0,true_anomaly_candidate,1,train_oof,65,319,851,18,-0.1496147489922028,0.11401054183094925,-0.02317350279498838,-0.3863729839056528,-0.3274339756173822,-0.1599231099559809,-0.1971477467696444,-0.3460462940242044,-0.13544455034979105,-0.2322012776528466,0.1359744252002673,low,-1.276662214365321,0.046153846153846156,0.012539184952978056,0.011750881316098707,train_oof,0.1424586529072701,1,0,1,0,drop,train_oof,0.1755144641265648
RFERF_RF_SMOTE,RFERF,supervised,RF,SMOTE,182,79,0.0017543719174445587,0.0002418344125760801,0.001512537504868479,0.001996206330020638,0.7538461538461538,0.24615384615384617,65,65,73,0.00023883747741827886,0.0024503259917857617,-0.0022114885143674824,0.0026891634692040407,0.3875,0.6125,319,80,1,0.0015155344400262798,-6.0,true_anomaly_candidate,1,train_oof,65,319,851,18,-0.18697040220544323,-0.11824209072610033,0.05447382230946853,0.23371000457288085,-0.3681812850136541,-0.2947863244390721,0.0035286766060023,0.4486335988002404,-0.2384226985712467,-0.07456220435875663,-0.17040090224783974,low,-1.536581705773529,0.0,0.0,0.010575793184488837,train_oof,0.14114507134573942,1,0,1,0,drop,train_oof,0.1755144641265648
RFERF_RF_SMOTE,RFERF,supervised,RF,SMOTE,489,66,0.0024808174074450046,0.0009055595123099458,0.0015752578951350584,0.0033863769197549497,0.9230769230769231,0.07692307692307693,65,65,75,0.00022275734060408,0.004199081346890543,-0.003976324006286462,0.004421838687494623,0.375,0.625,319,80,1,0.0022580600668409244,9.0,true_anomaly_candidate,1,train_oof,65,319,851,18,0.11027906005303148,-0.06947790548854922,0.017895188212806615,-0.008778170043930326,-0.1484152035049011,-0.2375474993957608,-0.2093401782534195,-0.3508092755221912,0.09097004610552753,0.19215999332400366,-0.08841833684323751,high,2.941981163113538,0.0,0.0,0.010575793184488837,train_oof,0.14074416135468185,1,0,1,0,drop,train_oof,0.1755144641265648
RFERF_RF_SMOTE,RFERF,supervised,RF,SMOTE,405,43,0.0035724196535181583,0.00026753045859738173,0.003304889194920776,0.00383995011211554,0.6461538461538462,0.35384615384615387,65,65,28,0.0012879449828599582,0.0013951137569897898,-0.00010716877412983153,0.0026830587398497486,0.3375,0.6625,319,80,1,0.0022844746706582,-15.0,true_anomaly_candidate,1,train_oof,65,319,851,18,-0.0011976161536088237,-0.05894793152085275,0.021937635273240257,-0.030035043322273705,-0.0537620403597826,-0.1001844258679525,-0.0073396548516127,0.12264302457126257,-0.02310024441898433,0.05745198774146758,-0.08180257823740766,low,-1.5207094224179487,0.06153846153846154,0.025078369905956112,0.01410105757931845,train_oof,0.13883111678949397,1,0,1,0,drop,train_oof,0.1755144641265648
RFERF_RF_SMOTE,RFERF,supervised,RF,SMOTE,115,84,0.0016728099948925838,0.0005106112313253558,0.0011621987635672282,0.00218342122621794,0.7538461538461538,0.24615384615384617,65,65,85,0.0001217641009170149,0.001234706019249045,-0.0011129419183320303,0.0013564701201660599,0.275,0.725,319,80,1,0.001551045893975569,1.0,true_anomaly_candidate,1,train_oof,65,319,851,18,-0.17091771000380185,-0.03613991692894509,0.029682340163138837,-0.1456326015695722,-0.0070384258648829,0.120420162135322,0.0820745265407882,-0.03299621281793334,-0.20281512273254995,-0.13032313200640158,-0.06584205456658998,low,-2.7290146768248182,0.0,0.01567398119122257,0.010575793184488837,train_oof,0.13773605756274473,1,0,1,0,drop,train_oof,0.1755144641265648
RFERF_RF_SMOTE,RFERF,supervised,RF,SMOTE,484,87,0.0016080953588356248,0.00024294478954756249,0.0013651505692880623,0.001851040148383187,0.8923076923076924,0.1076923076923077,65,65,81,0.0001607112361191289,0.0034431017185431153,-0.0032823904824239867,0.0036038129546622443,0.35,0.65,319,80,1,0.001447384122716496,-6.0,true_anomaly_candidate,1,train_oof,65,319,851,18,-0.22055286037062447,0.08747162472445434,-0.016440265570798897,-0.033611600738420844,-0.4212884102733357,-0.3021797971009728,-0.3574365362218255,-0.2756743029012051,-0.21815822331551396,-0.28123953637778776,0.10374304389082004,low,-1.0153846670981137,0.26153846153846155,0.1974921630094044,0.1128084606345476,train_oof,0.1374130048213491,1,0,1,0,drop,train_oof,0.1755144641265648
RFERF_RF_SMOTE,RFERF,supervised,RF,SMOTE,156,53,0.0030561185980914197,0.0006728948643631619,0.0023832237337282577,0.0037290134624545813,0.6923076923076923,0.3076923076923077,65,65,47,0.0006423875703364056,0.0029883850257155157,-0.0023459974553791106,0.0036307725960519214,0.15,0.85,319,80,1,0.002413731027755014,-6.0,true_anomaly_candidate,1,train_oof,65,319,851,18,0.0100407922171729,-0.040917541473640684,0.013095365936988028,0.0697715457554698,-0.1275939704047138,-0.1230055567258203,-0.1207113498863735,-0.08228338532564031,-0.002704504004920286,0.10322892516396887,-0.05249326968515695,low,-0.48950509932744024,0.015384615384615385,0.0,0.010575793184488837,train_oof,0.13660351574002738,1,0,1,0,drop,train_oof,0.1755144641265648
RFERF_RF_SMOTE,RFERF,supervised,RF,SMOTE,586,65,0.002637974632441134,0.0012957862158545072,0.0013421884165866278,0.003933760848295641,0.5692307692307692,0.4307692307692308,65,65,62,0.000372153950354519,0.003994008199903263,-0.0036218542495487444,0.004366162150257783,0.2375,0.7625,319,80,1,0.002265820682086615,-3.0,true_anomaly_candidate,1,train_oof,65,319,851,18,-0.00923315407208327,-0.11376067670718519,0.032771951393640426,0.4806210645084448,-0.1318023353815631,-0.1482800950198592,-0.0411746573709341,0.5108302905119877,-0.04203162349153872,0.10565969594092131,-0.14601514991902523,low,-1.8866837368601064,0.03076923076923077,0.025078369905956112,0.0199764982373678,train_oof,0.13654925465962495,0,0,1,0,drop,train_oof,0.1755144641265648
RFERF_RF_SMOTE,RFERF,supervised,RF,SMOTE,280,88,0.001602916623075836,0.0003615880918210263,0.00124132853125481,0.001964504714896862,0.9076923076923077,0.09230769230769231,65,65,82,0.00016040936215120315,0.0011989961611799404,-0.0010385867990287373,0.0013594055233311438,0.3625,0.6375,319,80,1,0.0014425072609246328,-6.0,true_anomaly_candidate,1,train_oof,65,319,851,18,-0.19152150654252986,0.03818982659334414,0.003919078738114456,-0.19028816003615492,-0.2617418217641674,-0.2303719214933327,-0.1519471708162455,-0.31663914723812864,-0.2083405380155179,-0.2079721372262207,0.03366212075383284,low,-1.3832157564465137,0.0,0.012539184952978056,0.010575793184488837,train_oof,0.1363176135923624,1,0,1,0,drop,train_oof,0.1755144641265648
RFERF_RF_SMOTE,RFERF,supervised,RF,SMOTE,139,80,0.0017458014392290134,0.00045058342124342226,0.0012952180179855912,0.0021963848604724364,0.7230769230769231,0.27692307692307694,65,65,92,8.438297268638469e-05,0.002577709768075929,-0.002493326795389544,0.002662092740762314,0.2375,0.7625,319,80,1,0.0016614184665426288,12.0,true_anomaly_candidate,1,train_oof,65,319,851,18,-0.14148076230748366,-0.04591346363529265,0.02527292474497065,0.184913953005229,-0.3634064059942239,-0.3634064059942239,-0.269003112466586,-0.08659265963479684,-0.1624988270868314,-0.10281941770293512,-0.07134667145403013,low,-1.1219720641063897,0.015384615384615385,0.003134796238244514,0.010575793184488837,train_oof,0.13565980548167467,1,0,1,0,drop,train_oof,0.1755144641265648
RFERF_RF_SMOTE,RFERF,supervised,RF,SMOTE,488,95,0.0012523681367989212,0.0007074649835081245,0.0005449031532907966,0.0019598331203070462,0.6615384615384615,0.3384615384615385,65,65,90,9.104550718153868e-05,0.002809412026271382,-0.002718366519089843,0.0029004575334529207,0.2,0.8,319,80,1,0.0011613226296173825,-5.0,true_anomaly_candidate,1,train_oof,65,319,851,18,-0.23899614301920455,0.03133652945882102,0.0025354704283945943,-0.01407886444316527,-0.1687238193389359,0.0065365436013655,-0.0006284552303926,-0.07782637776910012,-0.24916670966302246,-0.26363530095097465,0.029091267111824668,low,-1.395282106447686,0.2153846153846154,0.1536050156739812,0.13513513513513514,train_oof,0.134627363023038,1,0,1,0,drop,train_oof,0.1755144641265648
RFERF_RF_SMOTE,RFERF,supervised,RF,SMOTE,273,78,0.0017566079803254806,0.00020646275566126677,0.0015501452246642136,0.001963070735986747,0.7846153846153846,0.2153846153846154,65,65,76,0.00020642771127479478,0.0017279547561734458,-0.0015215270448986512,0.00193438246744824,0.0875,0.9125,319,80,1,0.0015501802690506858,-2.0,true_anomaly_candidate,1,train_oof,65,319,851,18,0.08248402662905265,0.17449396896836702,-0.06898924372667108,0.11565889567724101,-0.1876444534814844,-0.1118337535487681,-0.1682038627598553,-0.19431052305096125,0.16139281783472842,-0.0819073294188576,0.24456802178271686,low,-2.796662974903808,0.0,0.003134796238244514,0.012925969447708578,train_oof,0.133863573561115,1,0,1,0,drop,train_oof,0.1755144641265648
RFERF_RF_SMOTE,RFERF,supervised,RF,SMOTE,173,85,0.0016689359661590138,0.0003759087269060371,0.0012930272392529764,0.002044844693065051,0.8769230769230769,0.12307692307692308,65,65,93,7.36107212986601e-05,0.003548957848278131,-0.003475347126979471,0.0036225685695767916,0.175,0.825,319,80,1,0.0015953252448603536,8.0,true_anomaly_candidate,1,train_oof,65,319,851,18,-0.11645702094274658,-0.06843747879661108,0.02755214400036326,0.3225304764205326,-0.1516814368670571,-0.0252945612992193,0.0739348038160258,0.3350647120140372,-0.1448314158029954,-0.05027294944541083,-0.09525003486289509,low,-2.733733969128998,0.0,0.0,0.01527614571092832,train_oof,0.13251457421414248,1,0,1,0,drop,train_oof,0.1755144641265648
RFERF_RF_SMOTE,RFERF,supervised,RF,SMOTE,571,64,0.0026593971185599674,0.0001318927425088034,0.002527504376051164,0.00279128986106877,0.8307692307692308,0.16923076923076924,65,65,59,0.0004215098182796225,0.0011900421708173161,-0.0007685323525376934,0.0016115519890969395,0.375,0.625,319,80,1,0.002237887300280345,-5.0,true_anomaly_candidate,1,train_oof,65,319,851,18,-0.031954897549599,0.11296061968415334,-0.0356808928346428,-0.19960719645779593,0.3687776556054301,0.2742454722422714,-0.0289846851610872,0.24406789063018655,0.003952148174408587,-0.126062926427761,0.15264051724442987,high,1.985459783775741,0.0,0.003134796238244514,0.010575793184488837,train_oof,0.13233438857883256,1,0,1,0,drop,train_oof,0.1755144641265648
RFERF_RF_SMOTE,RFERF,supervised,RF,SMOTE,43,68,0.002351440738144368,0.0004443489266798194,0.0019070918114645484,0.002795789664824187,0.8461538461538461,0.15384615384615385,65,65,71,0.00025527201306601584,0.0020234745672555446,-0.0017682025541895293,0.0022787465803215602,0.1,0.9,319,80,1,0.002096168725078352,3.0,true_anomaly_candidate,1,train_oof,65,319,851,18,-0.028907592635813762,0.1018458484011879,-0.03456615465718114,-0.06760260060818579,-0.1276903196901872,0.0476830463583514,-0.3868037044156833,-0.6158227687412385,0.00563357035567788,-0.1356782021431112,0.13613253650603682,high,2.3976282777157465,0.0,0.006269592476489028,0.010575793184488837,train_oof,0.1290117982724629,1,0,1,0,drop,train_oof,0.1755144641265648
RFERF_RF_SMOTE,RFERF,supervised,RF,SMOTE,91,77,0.0017698175842288015,0.00031870033721619377,0.0014511172470126079,0.0020885179214449956,0.8153846153846154,0.18461538461538463,65,65,70,0.0002608283759279868,0.0025449666068297913,-0.0022841382309018035,0.0028057949827577783,0.325,0.675,319,80,1,0.0015089892083008146,-7.0,true_anomaly_candidate,1,train_oof,65,319,851,18,0.027732701990688165,0.12877120758615188,-0.055532177745866364,0.253439486870425,0.0874428482061788,0.1337412304186556,-0.0345138659144917,0.19641343073066697,0.08304070763134282,-0.10663202748124974,0.18270621793359493,high,2.5796508858387726,0.0,0.003134796238244514,0.010575793184488837,train_oof,0.125314850424875,1,0,1,0,drop,train_oof,0.1755144641265648
RFERF_RF_SMOTE,RFERF,supervised,RF,SMOTE,88,97,0.0010652411997643186,0.00019377653672790905,0.0008714646630364097,0.0012590177364922273,0.8923076923076924,0.1076923076923077,65,65,95,6.218227301672789e-05,0.0011012989070344498,-0.001039116634017722,0.0011634811800511778,0.2375,0.7625,319,80,1,0.0010030589267475906,-2.0,true_anomaly_candidate,1,train_oof,65,319,851,18,0.14864667116956973,0.04460658697314916,-0.02631134836481126,-0.0833654117782137,0.041900173937771,0.0863754816874843,0.0197932468080481,-0.256622342648704,0.1759170869368782,0.10511338985415795,0.07090039661906153,high,2.2229433087306014,0.0,0.006269592476489028,0.010575793184488837,train_oof,0.12393788858469262,1,0,1,0,drop,train_oof,0.1755144641265648
RFERF_RF_SMOTE,RFERF,supervised,RF,SMOTE,92,86,0.001638736125346457,0.0006930175167820229,0.0009457186085644342,0.00233175364212848,0.6307692307692307,0.36923076923076925,65,65,68,0.000271654132761018,0.0027127819835484563,-0.0024411278507874374,0.002984436116309474,0.325,0.675,319,80,1,0.001367081992585439,-18.0,true_anomaly_candidate,1,train_oof,65,319,851,18,-0.0831097566422141,0.028443428356779068,-0.003980352663013479,-0.026647243965844437,-0.1300531851953159,-0.0080002709572512,-0.0690267280762835,-0.31313255655241284,-0.07829893963859155,-0.117572988415868,0.032098152720920765,low,-2.204952727242416,0.015384615384615385,0.01567398119122257,0.011750881316098707,train_oof,0.12207772162861165,1,0,1,0,drop,train_oof,0.1755144641265648
RFERF_RF_SMOTE,RFERF,supervised,RF,SMOTE,75,76,0.001873511509512898,0.0006008932864160518,0.0012726182230968464,0.002474404795928952,0.7076923076923077,0.2923076923076923,65,65,72,0.0002416720090460042,0.004731779868487428,-0.004490107859441424,0.0049734518775334325,0.3125,0.6875,319,80,1,0.0016318395004668938,-4.0,true_anomaly_candidate,1,train_oof,65,319,851,18,0.09079161265686804,-0.29686087702197533,0.09878698306546277,0.24285290930918388,0.0167151022241025,-0.2828440707976934,0.1048207413481602,0.1642920477568991,-0.008935611336185433,0.2991180720174394,-0.4261604436741659,low,-1.7299791934103403,0.07692307692307693,0.09717868338557993,0.010575793184488837,train_oof,0.1201268891459494,1,0,1,0,drop,train_oof,0.1755144641265648
RFERF_RF_SMOTE,RFERF,supervised,RF,SMOTE,9,98,0.0009460007807394978,0.00022846600611060072,0.0007175347746288974,0.0011744667868500986,0.7846153846153846,0.2153846153846154,65,65,89,9.191346533932412e-05,0.001658431419755483,-0.0015665179544161584,0.0017503448850948067,0.3375,0.6625,319,80,1,0.0008540873154001737,-9.0,true_anomaly_candidate,1,train_oof,65,319,851,18,-0.11320833191620774,-0.07483568580969334,0.03396766848426943,0.11529205302216068,-0.2174573947775554,-0.0918499873299803,-0.0059080769711131,0.2122521570167804,-0.14629964568624337,-0.04030239436171314,-0.10774966250382291,low,-2.2304813720294825,0.0,0.018808777429467086,0.010575793184488837,train_oof,0.11811218046200099,1,0,1,0,drop,train_oof,0.1755144641265648
RFERF_RF_SMOTE,RFERF,supervised,RF,SMOTE,480,91,0.0014431904435006895,0.0003171082554236861,0.001126082188077004,0.0017602986989243756,0.7846153846153846,0.2153846153846154,65,65,87,9.465280043230468e-05,0.0038612581536145744,-0.00376660535318227,0.003955910954046879,0.1875,0.8125,319,80,1,0.001348537643068385,-4.0,true_anomaly_candidate,1,train_oof,65,319,851,18,-0.006373054235850806,0.1640690963596129,-0.055016013527204366,-0.2772008402680911,-0.1419511662720021,-0.0163219454896988,-0.1690931008471891,-0.39156804253275157,0.05013743424910305,-0.162506864189136,0.21945098605757532,high,3.0211354838511273,0.0,0.012539184952978056,0.010575793184488837,train_oof,0.11810759560501678,1,0,1,0,drop,train_oof,0.1755144641265648
RFERF_RF_SMOTE,RFERF,supervised,RF,SMOTE,525,94,0.0012725694554676552,9.0463552871287e-05,0.0011821059025963682,0.0013630330083389424,0.8615384615384616,0.13846153846153847,65,65,96,4.585238862288188e-05,0.001833284100427921,-0.0017874317118050389,0.0018791364890508027,0.2,0.8,319,80,1,0.0012267170668447734,2.0,true_anomaly_candidate,1,train_oof,65,319,851,18,-0.07794064365535955,0.14732879834090662,-0.04985860140991214,0.02381542831484583,-0.1989267185240992,-0.051065088778528,-0.1106861486759366,-0.06003276876309705,-0.04355540006772299,-0.14964134636713405,0.19499965738780067,low,-1.1750376668444849,0.0,0.003134796238244514,0.010575793184488837,train_oof,0.11482994604879171,1,0,1,0,drop,train_oof,0.1755144641265648
RFERF_RF_SMOTE,RFERF,supervised,RF,SMOTE,15,89,0.0015792633206296385,0.00046401884012460017,0.0011152444805050386,0.002043282160754238,0.8153846153846154,0.18461538461538463,65,65,69,0.0002646480176443791,0.002717805486473093,-0.0024531574688287138,0.0029824535041174717,0.3875,0.6125,319,80,1,0.0013146153029852594,-20.0,true_anomaly_candidate,1,train_oof,65,319,851,18,-0.028952139318224372,0.04642059715048512,-0.015529423572753292,0.01745526555261932,-0.0520925390290708,-0.0448245579878127,-0.0697220520163255,0.052728786076214194,-0.015408636739070867,-0.061994503468685444,0.060222340923412596,high,1.0392840001636738,0.0,0.009404388714733543,0.010575793184488837,train_oof,0.11462068453346237,1,0,1,0,drop,train_oof,0.1755144641265648
RFERF_RF_SMOTE,RFERF,supervised,RF,SMOTE,490,93,0.0013057109981973714,0.00045890954011372726,0.0008468014580836444,0.001764620538311099,0.8153846153846154,0.18461538461538463,65,65,84,0.00013897945805607594,0.0022189394367553143,-0.0020799599786992386,0.0023579188948113896,0.225,0.775,319,80,1,0.0011667315401412955,-9.0,true_anomaly_candidate,1,train_oof,65,319,851,18,-0.010280127847814208,0.10355287249051438,-0.029329817411476538,-0.41141574428887534,0.0264292725609193,-0.0665698899271771,-0.1677009524631284,-0.8896855139383124,0.019523045434797583,-0.1110200758029024,0.1325693212679337,high,2.8244660894054157,0.015384615384615385,0.012539184952978056,0.010575793184488837,train_oof,0.11159373512146856,1,0,1,0,drop,train_oof,0.1755144641265648
RFERF_RF_SMOTE,RFERF,supervised,RF,SMOTE,81,96,0.0010767337056171806,0.0001441573920127401,0.000932576313604441,0.001220891097629921,0.7076923076923077,0.2923076923076923,65,65,99,1.229146101479332e-05,0.002090581970858806,-0.0020782905098440125,0.0021028734318735993,0.025,0.975,319,80,1,0.0010644422446023873,3.0,true_anomaly_candidate,1,train_oof,65,319,851,18,-0.0260080243477853,-0.01996434735256507,0.006665530693142349,0.06742607898612357,-0.0392255316486798,0.1266769737832367,0.0674260789861236,0.5562459610623063,-0.03336201861103174,-0.006037885809266139,-0.027066829180644056,low,-2.8832684819101067,0.015384615384615385,0.01567398119122257,0.010575793184488837,train_oof,0.11045073655210762,1,0,1,0,drop,train_oof,0.1755144641265648
RFERF_RF_SMOTE,RFERF,supervised,RF,SMOTE,47,99,0.0007172198548816114,0.00010179189779819744,0.0006154279570834139,0.0008190117526798088,0.8,0.2,65,65,97,3.081308125203819e-05,0.0011009157442463586,-0.0010701026629943203,0.0011317288254983969,0.0875,0.9125,319,80,1,0.0006864067736295732,-2.0,true_anomaly_candidate,1,train_oof,65,319,851,18,-0.04670005554971532,0.0853511561205453,-0.03959670608148596,0.5522049140634215,0.1332431702716216,0.4442900832407164,0.337104998366231,0.8514883223472178,-0.006976179150768967,-0.14112123173396324,0.12473139672243375,low,-1.8664942465533385,0.0,0.009404388714733543,0.010575793184488837,train_oof,0.10038593958752215,1,0,1,0,drop,train_oof,0.1755144641265648
ANOVA_SVM_NoResample,ANOVA,supervised,SVM,NoResample,64,1,0.053623017473283165,8.031286455867414e-05,0.05354270460872449,0.05370333033784184,0.9615384615384616,0.038461538461538464,52,52,1,0.007808942647482199,0.004287429237598415,0.0035215134098837845,0.01209637188508062,0.475,0.525,284,80,1,0.045814074825800966,0.0,true_anomaly_candidate,1,train_oof,52,284,886,31,0.7951725759349861,0.3612865444357233,-0.15598873880320363,-0.2607941132171021,0.5880330654977715,0.11021176148443905,-0.15450184949930004,-0.3391086326524878,1.2201570324595312,0.299339581772276,0.562386775517409,high,1.409183835459973,0.36538461538461536,0.22535211267605634,0.010158013544018058,train_oof,0.8520434061726399,1,1,1,1,monitor_first,train_oof,0.07569208662861764
ANOVA_SVM_NoResample,ANOVA,supervised,SVM,NoResample,103,4,0.03638737965098291,0.0,0.03638737965098291,0.03638737965098291,1.0,0.0,52,52,7,0.0018002933508461942,0.002535881484604998,-0.0007355881337588039,0.0043361748354511925,0.5,0.5,284,80,1,0.03458708630013672,3.0,true_anomaly_candidate,1,train_oof,52,284,886,31,1.0141117324098905,0.5021627654174823,-0.2285828237314164,0.18191638724194173,1.039258487162017,0.4508244259622606,-0.268372759948553,0.0912258330068538,1.566208917029111,0.40672720496261616,0.7965551689610978,high,1.768262907426158,0.21153846153846154,0.10915492957746478,0.010158013544018058,train_oof,0.7625630690195376,1,1,1,1,monitor_first,train_oof,0.07569208662861764
ANOVA_SVM_NoResample,ANOVA,supervised,SVM,NoResample,510,5,0.03466003347526644,0.0,0.03466003347526644,0.03466003347526644,1.0,0.0,52,52,20,0.0006535761940257149,0.0024991953281032625,-0.0018456191340775463,0.0031527715221289785,0.3125,0.6875,284,80,1,0.03400645728124072,15.0,true_anomaly_candidate,1,train_oof,52,284,886,31,0.8690740095039128,0.4502446841785675,-0.1994084998462241,0.08681707655981734,0.28119644949221967,0.1017717116365477,-0.30306605109085283,-0.0726947203413821,1.5021496160829617,0.2711196950249022,0.7248366208952723,high,1.7228830930025845,0.21153846153846154,0.11267605633802817,0.010158013544018058,train_oof,0.7506777855641918,1,1,1,1,monitor_first,train_oof,0.07569208662861764
ANOVA_SVM_NoResample,ANOVA,supervised,SVM,NoResample,65,3,0.037942861661677416,0.0,0.037942861661677416,0.037942861661677416,1.0,0.0,52,52,3,0.0035678222277056347,0.003987072612260159,-0.00041925038455452253,0.007554894839965795,0.4,0.6,284,80,1,0.03437503943397178,0.0,true_anomaly_candidate,1,train_oof,52,284,886,31,0.5696020424810396,0.4054569268364345,-0.15827931040134804,-0.2096741166032766,0.41339714437943487,0.05480204910867685,-0.19013584671927897,-0.3827022879020223,1.1000096337819645,0.10434219187407595,0.5950850507579989,high,1.2564579322059584,0.34615384615384615,0.2112676056338028,0.010158013544018058,train_oof,0.6861348333984795,1,1,1,1,monitor_first,train_oof,0.07569208662861764
ANOVA_SVM_NoResample,ANOVA,supervised,SVM,NoResample,59,6,0.031420983052848496,0.0,0.031420983052848496,0.031420983052848496,1.0,0.0,52,52,2,0.007457304515395569,0.00246834641874668,0.004988958096648888,0.009925650934142247,0.625,0.375,284,80,1,0.023963678537452928,-4.0,true_anomaly_candidate,1,train_oof,52,284,886,31,0.7730163969540546,0.3516345345641547,-0.1689300519503637,0.2838962438796759,0.5950821087578495,-0.0091552694355951,-0.270325707303901,-0.0729628338033971,1.4140699702383832,0.2779669831078614,0.5474817101553433,high,2.480909103146587,0.057692307692307696,0.03169014084507042,0.010158013544018058,train_oof,0.5558006138197558,1,1,1,1,review,train_oof,0.07569208662861764
ANOVA_SVM_NoResample,ANOVA,supervised,SVM,NoResample,63,11,0.02774040928085386,0.0,0.02774040928085386,0.02774040928085386,1.0,0.0,52,52,5,0.0021133952169835497,0.002659780284916371,-0.0005463850679328202,0.004773175501899921,0.35,0.65,284,80,1,0.025627014063870312,-6.0,true_anomaly_candidate,1,train_oof,52,284,886,31,0.4737721697641616,0.3364964848132521,-0.13354006573797572,-0.07638986190905805,-0.0237689207809578,0.10198029484945931,-0.1562129481774694,-0.0809845807401488,1.0193661101418858,0.08232662451424484,0.4848131436451601,high,1.2176390335239728,0.23076923076923078,0.1267605633802817,0.010158013544018058,train_oof,0.5520393468791815,1,1,1,1,review,train_oof,0.07569208662861764
ANOVA_SVM_NoResample,ANOVA,supervised,SVM,NoResample,100,7,0.03031712480329346,2.6235525290702483e-11,0.030317124777057933,0.030317124829528988,0.9807692307692307,0.019230769230769232,52,52,13,0.0010578997633638198,0.004842478599321539,-0.003784578835957719,0.00590037836268536,0.175,0.825,284,80,1,0.02925922503992964,6.0,true_anomaly_candidate,1,train_oof,52,284,886,31,0.4720292415820041,0.025475173872317586,-0.04092939609670125,0.15609762713094463,0.048074981970692,0.048074981970692,0.048074981970692,0.048074981970692,0.5908719205593017,0.3334920789997006,0.06793426258410121,flat,,,,,train_oof,0.5518329613584156,1,1,1,1,review,train_oof,0.07569208662861764
ANOVA_SVM_NoResample,ANOVA,supervised,SVM,NoResample,95,9,0.02829064725358302,0.0,0.02829064725358302,0.02829064725358302,1.0,0.0,52,52,18,0.0007548482886741278,0.004843470686446198,-0.004088622397772071,0.005598318975120328,0.25,0.75,284,80,1,0.027535798964908893,9.0,true_anomaly_candidate,1,train_oof,52,284,886,31,0.45544984954739226,0.3101613050597436,-0.12665806746951883,0.018778427892041497,0.3830604694868797,0.3830604694868797,-0.5580014712997856,0.3830604694868797,0.7098650763552827,0.11170692928703528,0.4488163924920762,high,2.26518435106021,0.038461538461538464,0.0528169014084507,0.016930022573363433,train_oof,0.544188195044353,1,1,1,1,review,train_oof,0.07569208662861764
ANOVA_SVM_NoResample,ANOVA,supervised,SVM,NoResample,79,10,0.02819529128644926,0.0,0.02819529128644926,0.02819529128644926,1.0,0.0,52,52,17,0.0008698519357618862,0.0037383495436722355,-0.002868497607910348,0.004608201479434122,0.275,0.725,284,80,1,0.027325439350687375,7.0,true_anomaly_candidate,1,train_oof,52,284,886,31,0.5169583286352007,0.3100128868397617,-0.13483649716286353,0.0045084363153647085,0.4623822905003115,0.0822606002335632,-0.20499044979755893,-0.1855524088180093,0.7343543710359398,0.1778330775364747,0.46074787521618155,high,2.9942951172032033,0.0,0.014084507042253521,0.010158013544018058,train_oof,0.5438906057557638,1,1,1,1,review,train_oof,0.07569208662861764
ANOVA_SVM_NoResample,ANOVA,supervised,SVM,NoResample,348,12,0.027273407834619064,9.545837189281417e-05,0.027177949462726256,0.02736886620651188,0.9807692307692307,0.019230769230769232,52,52,6,0.0020737714846350472,0.003870791107183682,-0.0017970196225486356,0.005944562591818726,0.3875,0.6125,284,80,1,0.02519963634998402,-6.0,true_anomaly_candidate,1,train_oof,52,284,886,31,0.6080286861554781,0.2790205804772637,-0.14280042609232124,0.3821997909750083,-0.058340021269173356,-0.0055799783763338,-0.22067861478560286,0.0350046700027735,0.8719293863184466,0.2152185702567814,0.5063999865616226,high,2.2882643480108147,0.038461538461538464,0.04929577464788732,0.010158013544018058,train_oof,0.5254479569152417,1,1,1,1,review,train_oof,0.07569208662861764
ANOVA_SVM_NoResample,ANOVA,supervised,SVM,NoResample,70,8,0.028886355334831068,0.0,0.028886355334831068,0.028886355334831068,1.0,0.0,52,52,12,0.001079912664274096,0.0050016268546017794,-0.003921714190327685,0.006081539518875877,0.2375,0.7625,284,80,1,0.02780644267055697,4.0,true_anomaly_candidate,1,train_oof,52,284,886,31,-0.45653802235746416,-0.08427274731396857,0.04941818833553567,0.15317769899044692,-0.35399823930555746,-0.0945152015571855,0.01780701451289965,0.0888698223803593,-0.5497492226666535,-0.3094462589583248,-0.1347199567873481,low,-1.8094258244036385,0.09615384615384616,0.06690140845070422,0.010158013544018058,train_oof,0.5244282482158236,1,1,1,1,review,train_oof,0.07569208662861764
ANOVA_SVM_NoResample,ANOVA,supervised,SVM,NoResample,NA_112,15,0.026013120954775856,0.0,0.026013120954775856,0.026013120954775856,1.0,0.0,52,52,15,0.0009091347280119584,0.0035923164386161715,-0.0026831817106042124,0.00450145116662813,0.3125,0.6875,284,80,1,0.025103986226763898,0.0,true_anomaly_candidate,1,train_oof,52,284,886,31,0.25,0.4084507042253521,0.4729119638826185,0.41935483870967744,0.0,0.0,0.0,0.0,-0.4490986579430704,-0.32710958063338724,-0.12948478044941006,flat,,,,,train_oof,0.47114123568980176,1,1,1,1,review,train_oof,0.07569208662861764
ANOVA_SVM_NoResample,ANOVA,supervised,SVM,NoResample,582,13,0.027061821757168765,0.0,0.027061821757168765,0.027061821757168765,1.0,0.0,52,52,14,0.0009156632526009142,0.006895779098671689,-0.005980115846070776,0.007811442351272601,0.15,0.85,284,80,1,0.026146158504567852,1.0,true_anomaly_candidate,1,train_oof,52,284,886,31,0.2686775046422596,0.1162986328531217,-0.06059937050682575,0.23310170102560157,0.3633724709182127,0.1381832218473487,-0.0719934106188243,0.0781327554284183,0.3362931931170517,0.137822181403777,0.17920492289780693,high,2.304503797909293,0.07692307692307693,0.014084507042253521,0.010158013544018058,train_oof,0.4709699183142566,1,1,1,1,review,train_oof,0.07569208662861764
ANOVA_SVM_NoResample,ANOVA,supervised,SVM,NoResample,NA_72,16,0.025091760912979315,0.0,0.025091760912979315,0.025091760912979315,1.0,0.0,52,52,26,0.0005757627576825289,0.0054206351246484175,-0.004844872366965889,0.005996397882330946,0.125,0.875,284,80,1,0.024515998155296786,10.0,true_anomaly_candidate,1,train_oof,52,284,886,31,0.3269230769230769,0.3767605633802817,0.5688487584650113,0.41935483870967744,0.0,0.0,1.0,0.0,-0.4893802451434072,-0.10304417179035127,-0.38955876954989205,low,0.0,0.6730769230769231,0.6232394366197183,0.43115124153498874,train_oof,0.469617224512697,1,1,1,1,review,train_oof,0.07569208662861764
ANOVA_SVM_NoResample,ANOVA,supervised,SVM,NoResample,28,24,0.020538127173716874,0.0,0.020538127173716874,0.020538127173716874,1.0,0.0,52,52,33,0.00038098449626581713,0.003117399630997918,-0.0027364151347321008,0.0034983841272637354,0.25,0.75,284,80,1,0.020157142677451056,9.0,true_anomaly_candidate,1,train_oof,52,284,886,31,-0.6116256611882952,-0.35385429644216265,0.15236788739324963,-0.10311242957331797,-0.5193393230980925,-0.3914896078775453,0.0325059560077775,0.1716725120492833,-0.8196054077161721,-0.24716778156719418,-0.5197456268116547,low,-2.250451848987074,0.038461538461538464,0.03169014084507042,0.010158013544018058,train_oof,0.4515346225079806,1,1,1,1,review,train_oof,0.07569208662861764
ANOVA_SVM_NoResample,ANOVA,supervised,SVM,NoResample,562,17,0.0246777072132538,0.0,0.0246777072132538,0.0246777072132538,1.0,0.0,52,52,19,0.0006562118543674654,0.0036515507172318155,-0.0029953388628643505,0.004307762571599281,0.225,0.775,284,80,1,0.024021495358886334,2.0,true_anomaly_candidate,1,train_oof,52,284,886,31,-0.3899682191836449,-0.014621285207259095,-0.01717181156732733,0.04959985247153574,-0.0499514370309301,0.14741718006009014,0.1887927251301679,0.1887927251301679,-0.4043804313335635,-0.3926518014447394,0.0027763007462026936,low,-2.05959957531171,0.1346153846153846,0.02112676056338028,0.010158013544018058,train_oof,0.4500916481592418,1,1,1,1,review,train_oof,0.07569208662861764
ANOVA_SVM_NoResample,ANOVA,supervised,SVM,NoResample,125,21,0.02111705212912903,0.0,0.02111705212912903,0.02111705212912903,1.0,0.0,52,52,16,0.0008994575824783401,0.004506879696017299,-0.0036074221135389585,0.0054063372784956395,0.3,0.7,284,80,1,0.020217594546650692,-5.0,true_anomaly_candidate,1,train_oof,52,284,886,31,-0.504807613714283,-0.28834481033607223,0.1287362128422729,-0.16498608132725523,-0.6240351334555115,-0.40424633467037824,-0.0826041901067694,-0.2505728656010983,-0.6303244926314305,-0.2500745728566729,-0.4203232885444765,low,-1.4191523838247841,0.07692307692307693,0.056338028169014086,0.010158013544018058,train_oof,0.42365950526024804,1,1,1,1,review,train_oof,0.07569208662861764
ANOVA_SVM_NoResample,ANOVA,supervised,SVM,NoResample,122,23,0.020587497487254,0.0,0.020587497487254,0.020587497487254,1.0,0.0,52,52,30,0.0004853505728191221,0.0030471296059771747,-0.0025617790331580524,0.003532480178796296,0.2625,0.7375,284,80,1,0.02010214691443488,7.0,true_anomaly_candidate,1,train_oof,52,284,886,31,-0.5062736724402167,-0.3044996365286081,0.1330526187497263,-0.15875100713331933,-0.7630569772637802,-0.3127221645731235,0.12819605301822,-0.0396409066930573,-0.624682837203896,-0.2500514447758645,-0.4410817637906633,low,-1.6648344373626591,0.038461538461538464,0.03169014084507042,0.012415349887133182,train_oof,0.42319237715545766,1,1,1,1,review,train_oof,0.07569208662861764
ANOVA_SVM_NoResample,ANOVA,supervised,SVM,NoResample,437,20,0.021956698525237153,1.0406345554650263e-06,0.02195565789068169,0.021957739159792617,0.9615384615384616,0.038461538461538464,52,52,32,0.0004017724967613462,0.0061198236333959094,-0.005718051136634562,0.006521596130157256,0.075,0.925,284,80,1,0.021554926028475807,12.0,true_anomaly_candidate,1,train_oof,52,284,886,31,0.40497805392361713,0.03850718913372235,-0.03649622666868544,0.013537592198939897,-0.13275611103528556,-0.14649912804482695,-0.14335094793691444,0.2058246053781997,0.4601993007087914,0.24882294280698428,0.0874344683842777,high,2.1077068046858716,0.057692307692307696,0.02112676056338028,0.010158013544018058,train_oof,0.4224056502327745,1,1,1,1,review,train_oof,0.07569208662861764
ANOVA_SVM_NoResample,ANOVA,supervised,SVM,NoResample,14,18,0.024043662493044408,0.0,0.024043662493044408,0.024043662493044408,1.0,0.0,52,52,8,0.0016352252039695178,0.008867721816354762,-0.007232496612385243,0.010502947020324284,0.35,0.65,284,80,1,0.02240843728907489,-10.0,true_anomaly_candidate,1,train_oof,52,284,886,31,-0.33316220504467725,-0.08624254036590591,0.05680658451905048,-0.24528527896292124,-0.41358548651729715,-0.08371129371303905,0.005971670346877249,-0.143415557286798,-0.3978392641324046,-0.23652179855300007,-0.14383262430684604,low,-2.1279404369965174,0.019230769230769232,0.014084507042253521,0.010158013544018058,train_oof,0.4204028985152175,1,1,1,1,review,train_oof,0.07569208662861764
ANOVA_SVM_NoResample,ANOVA,supervised,SVM,NoResample,22,30,0.019012212971935526,2.7233059419230924e-05,0.018984979912516294,0.019039446031354757,0.9807692307692307,0.019230769230769232,52,52,27,0.0005320057438099576,0.0031638420024594424,-0.002631836258649484,0.003695847746269399,0.2875,0.7125,284,80,1,0.01848020722812557,-3.0,true_anomaly_candidate,1,train_oof,52,284,886,31,-0.4602977409294219,-0.06747217168889619,0.052439518955905595,-0.10492459480007281,-0.19606649193041675,-0.1104610623370267,-0.1175948481364759,-0.1637546386034999,-0.6278191212133359,-0.26067155087515886,-0.1279624822428808,low,-1.4714615025342914,0.07692307692307693,0.05985915492957746,0.010158013544018058,train_oof,0.3992855188834011,1,1,1,1,drop,train_oof,0.07569208662861764
ANOVA_SVM_NoResample,ANOVA,supervised,SVM,NoResample,129,28,0.019441777534020786,0.0,0.019441777534020786,0.019441777534020786,1.0,0.0,52,52,11,0.0010959484266627045,0.002557779869569834,-0.0014618314429071294,0.003653728296232539,0.3375,0.6625,284,80,1,0.018345829107358082,-17.0,true_anomaly_candidate,1,train_oof,52,284,886,31,0.5330015194693728,0.29144868490044185,-0.1337609296350117,0.2446788928785604,0.460546058970014,0.460546058970014,0.1516271611879976,0.460546058970014,0.6503597890854232,0.3071815429394055,0.42828870708705846,high,2.043510495543296,0.019230769230769232,0.0035211267605633804,0.011286681715575621,train_oof,0.3976456188399361,1,1,1,1,drop,train_oof,0.07569208662861764
ANOVA_SVM_NoResample,ANOVA,supervised,SVM,NoResample,434,36,0.013777352544754538,1.0935292876453969e-05,0.013766417251878084,0.013788287837630992,0.9807692307692307,0.019230769230769232,52,52,49,2.4399479427124893e-05,0.0002546687824996561,-0.00023026930307253128,0.0002790682619267811,0.25,0.75,284,80,1,0.013752953065327414,13.0,true_anomaly_candidate,1,train_oof,52,284,886,31,0.6543976024299456,0.22195888321728174,-0.1154727213538058,0.18412081024271978,-0.1188248937820901,-0.1215284621401054,-0.12901210383073303,-0.0902722161151211,1.1034771436589308,0.2384474833988221,0.4169910652915931,high,0.15738507205992108,0.11538461538461539,0.07394366197183098,0.010158013544018058,train_oof,0.3974147691453525,1,1,1,1,drop,train_oof,0.07569208662861764
ANOVA_SVM_NoResample,ANOVA,supervised,SVM,NoResample,21,31,0.01775480179280498,1.3380952272352012e-05,0.017741420840532627,0.017768182745077334,0.9615384615384616,0.038461538461538464,52,52,23,0.000580871039498553,0.005250383755006488,-0.004669512715507935,0.005831254794505042,0.2,0.8,284,80,1,0.017173930753306425,-8.0,true_anomaly_candidate,1,train_oof,52,284,886,31,0.5068086218636991,0.22223172333660518,-0.10987601716493435,0.25778419191161445,0.26680521225592396,0.19225773948115743,0.11928799099792034,0.2297286914049819,0.7330147751370608,0.1996149246812533,0.35685633151056895,high,1.2751682500796817,0.07692307692307693,0.06690140845070422,0.010158013544018058,train_oof,0.39420424871631343,1,1,1,1,drop,train_oof,0.07569208662861764
ANOVA_SVM_NoResample,ANOVA,supervised,SVM,NoResample,452,25,0.020436657433267953,0.0,0.020436657433267953,0.020436657433267953,1.0,0.0,52,52,22,0.0006157100325102146,0.002986844467024795,-0.0023711344345145793,0.0036025544995350093,0.3625,0.6375,284,80,1,0.019820947400757738,-3.0,true_anomaly_candidate,1,train_oof,52,284,886,31,-0.30941691787397657,-0.18409873446716368,0.0847341722246401,-0.21335936594324256,-0.4370113651235952,-0.2823733215076964,0.014562300379047249,-0.2314279490876284,-0.4350106354047693,-0.10742107225297348,-0.2688098122947051,low,-2.02119403207188,0.0,0.03169014084507042,0.010158013544018058,train_oof,0.3920873804869296,1,1,1,1,drop,train_oof,0.07569208662861764
ANOVA_SVM_NoResample,ANOVA,supervised,SVM,NoResample,130,27,0.019957628342659243,0.0,0.019957628342659243,0.019957628342659243,1.0,0.0,52,52,28,0.0005080469394684649,0.0036258251783152875,-0.0031177782388468224,0.0041338721177837535,0.1625,0.8375,284,80,1,0.019449581403190776,1.0,true_anomaly_candidate,1,train_oof,52,284,886,31,0.3768546272907555,0.22573054005181342,-0.10561861946732463,0.26715148658975646,0.3964126476722507,0.2988570544024432,0.0275305606207931,0.0842347492088688,0.4677657996066953,0.18200246585442706,0.33148625033374657,high,1.5500075380877156,0.057692307692307696,0.04225352112676056,0.011286681715575621,train_oof,0.3916337641730283,1,1,1,1,drop,train_oof,0.07569208662861764
ANOVA_SVM_NoResample,ANOVA,supervised,SVM,NoResample,124,26,0.020354228576814053,0.0,0.020354228576814053,0.020354228576814053,1.0,0.0,52,52,37,0.0002803240274728548,0.004417395812100831,-0.004137071784627978,0.004697719839573686,0.1125,0.8875,284,80,1,0.020073904549341198,11.0,true_anomaly_candidate,1,train_oof,52,284,886,31,0.3208826910663698,0.07079397719081892,-0.054895947516580314,0.33844861292914535,0.2991009479565267,0.0377200306384171,-0.2236608866797079,0.0377200306384171,0.3812921659315835,0.25722072849968486,0.12655194291414415,high,1.9806515160363918,0.057692307692307696,0.03873239436619718,0.010158013544018058,train_oof,0.39004848759009664,1,1,1,1,drop,train_oof,0.07569208662861764
ANOVA_SVM_NoResample,ANOVA,supervised,SVM,NoResample,316,29,0.019212414595991226,1.9865035145420547e-06,0.01921042809247668,0.019214401099505767,0.9807692307692307,0.019230769230769232,52,52,31,0.00043467632446778277,0.003905170631356715,-0.003470494306888933,0.004339846955824497,0.2625,0.7375,284,80,1,0.01877773827152344,2.0,true_anomaly_candidate,1,train_oof,52,284,886,31,-0.3328763510713839,-0.14565446165434795,0.07409249822777877,-0.21848074049662422,-0.4531803223726063,-0.3183339460129593,-0.0648681347063653,-0.2552017727355823,-0.43430398929644415,-0.16959224216331303,-0.21953761531063823,low,-1.7573134630458707,0.019230769230769232,0.04225352112676056,0.010158013544018058,train_oof,0.37736840933237425,1,1,1,1,drop,train_oof,0.07569208662861764
ANOVA_SVM_NoResample,ANOVA,supervised,SVM,NoResample,377,34,0.017170090681303127,0.0,0.017170090681303127,0.017170090681303127,1.0,0.0,52,52,29,0.0004935173603722734,0.0034901529733927595,-0.0029966356130204856,0.003983670333765033,0.2125,0.7875,284,80,1,0.016676573320930855,-5.0,true_anomaly_candidate,1,train_oof,52,284,886,31,-0.4084440767690225,-0.1317091386724702,0.06862506180854822,-0.10292695926635365,-0.3714959728317686,-0.3714959728317686,0.0554598948876092,-0.1580180389720797,-0.5174145826186722,-0.2386333002071263,-0.19868067112648188,low,-1.6523635759899018,0.057692307692307696,0.04225352112676056,0.02144469525959368,train_oof,0.35736035936420696,1,1,1,1,drop,train_oof,0.07569208662861764
ANOVA_SVM_NoResample,ANOVA,supervised,SVM,NoResample,26,40,0.011704711350587703,1.7336822051455225e-05,0.011687374528536246,0.011722048172639157,0.9807692307692307,0.019230769230769232,52,52,47,6.395313689515056e-05,0.000599313374659332,-0.0005353602377641815,0.0006632665115544825,0.2875,0.7125,284,80,1,0.011640758213692553,7.0,true_anomaly_candidate,1,train_oof,52,284,886,31,-0.49672427635427824,-0.24815777697233835,0.11277965426017916,-0.13092100850982022,0.2700494466348554,0.2566059280472264,0.24548917229207146,0.2038659705111422,-0.8845315680001323,-0.14597808316214347,-0.40558897267516597,high,0.505311021918369,0.019230769230769232,0.0035211267605633804,0.011286681715575621,train_oof,0.33547776306067895,1,1,1,1,drop,train_oof,0.07569208662861764
ANOVA_SVM_NoResample,ANOVA,supervised,SVM,NoResample,56,33,0.017424519239647218,5.500695863939283e-07,0.017423969170060824,0.017425069309233612,0.9807692307692307,0.019230769230769232,52,52,10,0.00120732872948873,0.002269639437999959,-0.0010623107085112294,0.003476968167488689,0.6125,0.3875,284,80,1,0.016217190510158488,-23.0,true_anomaly_candidate,1,train_oof,52,284,886,31,0.29454798248549774,0.03466647033548441,-0.03151889123183167,0.11670069696059242,0.506794437311762,0.4059358086475797,0.2330353023661358,0.3915274331241274,0.34095108871425084,0.23669120140108615,0.06521042784894222,high,1.183988086914101,0.057692307692307696,0.014084507042253521,0.013544018058690745,train_oof,0.32257530350494323,1,1,1,1,drop,train_oof,0.07569208662861764
ANOVA_SVM_NoResample,ANOVA,supervised,SVM,NoResample,298,42,0.011253830261268737,0.0,0.011253830261268737,0.011253830261268737,1.0,0.0,52,52,45,0.00012169402109388353,0.001105767764595344,-0.0009840737435014603,0.0012274617856892274,0.15,0.85,284,80,1,0.011132136240174853,3.0,true_anomaly_candidate,1,train_oof,52,284,886,31,0.41693951612544594,0.2577504487821965,-0.1188444481709546,0.35766563475092955,-0.0925895610323696,-0.15763487387343572,-0.1771484677257556,-0.0576277053802966,0.842128661089461,0.09602814389974593,0.4196905871562143,high,0.7960920256586961,0.07692307692307693,0.06690140845070422,0.011286681715575621,train_oof,0.3217568253634837,1,1,1,1,drop,train_oof,0.07569208662861764
ANOVA_SVM_NoResample,ANOVA,supervised,SVM,NoResample,159,39,0.012157594983620386,0.00011911201492500586,0.01203848296869538,0.012276706998545392,0.9423076923076923,0.057692307692307696,52,52,42,0.00021379009016283726,0.00424065233327044,-0.004026862243107603,0.0044544424234332775,0.0875,0.9125,284,80,1,0.011943804893457548,3.0,true_anomaly_candidate,1,train_oof,52,284,886,31,0.36973211719709026,0.2361868020898627,-0.10980068186746798,0.35842124500470357,-0.18993856593153852,-0.2537943004492469,-0.2716522601025043,-0.2013027220745205,0.6645448859054164,0.08839868160283822,0.3745334700571992,high,2.1633617111630246,0.09615384615384616,0.07746478873239436,0.010158013544018058,train_oof,0.3087619263347195,1,1,1,1,drop,train_oof,0.07569208662861764
ANOVA_SVM_NoResample,ANOVA,supervised,SVM,NoResample,471,37,0.012455882632012747,5.044763991759588e-06,0.012450837868020988,0.012460927396004507,0.9807692307692307,0.019230769230769232,52,52,35,0.0003284809189246587,0.0011926061269171631,-0.0008641252079925044,0.001521087045841822,0.1375,0.8625,284,80,1,0.012127401713088088,-2.0,true_anomaly_candidate,1,train_oof,52,284,886,31,0.3771103575411161,0.11946692573557827,-0.0618858508370087,-0.006215066623101372,-0.1757105326234233,-0.1837851077256758,-0.22885831238813703,-0.2656571211921597,0.5892962677791096,0.1504819214789403,0.20199630255234677,high,1.8904433525514721,0.038461538461538464,0.02112676056338028,0.010158013544018058,train_oof,0.3005007607356331,1,1,1,1,drop,train_oof,0.07569208662861764
ANOVA_SVM_NoResample,ANOVA,supervised,SVM,NoResample,545,32,0.017432559319909394,0.0,0.017432559319909394,0.017432559319909394,1.0,0.0,52,52,4,0.0024456474178472442,0.0016875154304859374,0.0007581319873613056,0.004133162848333181,0.9,0.1,284,80,1,0.01498691190206215,-28.0,true_anomaly_candidate,1,train_oof,52,284,886,31,-0.2878046849128849,-0.04119682822019816,0.033983456053541305,-0.09592710304081688,-0.3737353644723715,-0.3737353644723715,-0.3737353644723715,-0.3737353644723715,-0.3368441745798624,-0.22919177519440234,-0.07352884291152495,flat,,,,,train_oof,0.29764273330012214,1,1,1,1,drop,train_oof,0.07569208662861764
ANOVA_SVM_NoResample,ANOVA,supervised,SVM,NoResample,553,38,0.012286756288518948,0.0,0.012286756288518948,0.012286756288518948,1.0,0.0,52,52,21,0.0006353311301689178,0.0034787263351812397,-0.0028433952050123234,0.004114057465350157,0.2375,0.7625,284,80,1,0.01165142515835003,-17.0,true_anomaly_candidate,1,train_oof,52,284,886,31,0.3684615080568797,0.15085746021044982,-0.07964416217817974,-0.07109299446269114,0.07105532945723475,0.01707395049866445,-0.1475616669982504,-0.2507688929979358,0.6280988741285025,0.14751969923802463,0.2735315771917328,high,1.3507712577243105,0.07692307692307693,0.028169014084507043,0.010158013544018058,train_oof,0.29729700575560347,1,1,1,1,drop,train_oof,0.07569208662861764
ANOVA_SVM_NoResample,ANOVA,supervised,SVM,NoResample,200,43,0.01105760280990034,0.0,0.01105760280990034,0.01105760280990034,1.0,0.0,52,52,43,0.00018120475864740165,0.002295672615483071,-0.002114467856835669,0.002476877374130473,0.2,0.8,284,80,1,0.010876398051252938,0.0,true_anomaly_candidate,1,train_oof,52,284,886,31,0.3683744592823101,0.07254775551050203,-0.045493559357766195,0.021225049253961147,0.06908716492901865,-0.068835127649088,-0.0561038391034165,-0.0025263331403826,0.6188607662937583,0.16831509529180544,0.12681372936049629,high,1.0871658722978745,0.019230769230769232,0.02112676056338028,0.010158013544018058,train_oof,0.28672207167514896,1,1,1,1,drop,train_oof,0.07569208662861764
ANOVA_SVM_NoResample,ANOVA,supervised,SVM,NoResample,33,45,0.009185672904185047,0.0,0.009185672904185047,0.009185672904185047,1.0,0.0,52,52,40,0.0002398672335575191,0.0007634048185394725,-0.0005235375849819531,0.0010032720520969916,0.1125,0.8875,284,80,1,0.008945805670627529,-5.0,true_anomaly_candidate,1,train_oof,52,284,886,31,0.5290459751610527,0.17924584440631147,-0.08769011918657577,-0.02381218572362084,-0.11571296819320054,-0.11174789190678944,-0.1539064807982051,-0.0531867652151763,0.7493263893310269,0.21847516254788038,0.29611346895019736,high,0.6809962490481933,0.07692307692307693,0.056338028169014086,0.011286681715575621,train_oof,0.2758132843046697,1,1,1,1,drop,train_oof,0.07569208662861764
ANOVA_SVM_NoResample,ANOVA,supervised,SVM,NoResample,165,48,0.008332440120068261,0.0,0.008332440120068261,0.008332440120068261,1.0,0.0,52,52,48,4.989649380591016e-05,0.0004227316517342133,-0.00037283515792830305,0.0004726281455401236,0.25,0.75,284,80,1,0.00828254362626235,0.0,true_anomaly_candidate,1,train_oof,52,284,886,31,0.3702368529359005,0.22017288653646144,-0.10548735346914359,0.3955130412220798,-0.1976426663566039,-0.1729050956022425,-0.1494695022560055,-0.0713508577685487,0.7532012925677144,0.0888778808871051,0.369607625613552,low,-0.5192310861633007,0.019230769230769232,0.02464788732394366,0.011286681715575621,train_oof,0.26742157318843496,1,1,1,1,drop,train_oof,0.07569208662861764
ANOVA_SVM_NoResample,ANOVA,supervised,SVM,NoResample,32,41,0.011297494670956938,0.0,0.011297494670956938,0.011297494670956938,1.0,0.0,52,52,36,0.0002979778705488443,0.0021719230220644107,-0.0018739451515155658,0.002469900892613255,0.1,0.9,284,80,1,0.010999516800408093,-5.0,true_anomaly_candidate,1,train_oof,52,284,886,31,0.31735625728070427,0.15601608181364338,-0.07006493323059948,0.03569548631185832,-0.1865380528258199,-0.048611771194795,-0.1327154941300868,0.0405109292387702,0.4525700960313866,0.10802780161357131,0.24056074317491583,low,-0.9652443616288308,0.0,0.0035211267605633804,0.012415349887133182,train_oof,0.26493479439591766,1,1,1,1,drop,train_oof,0.07569208662861764
ANOVA_SVM_NoResample,ANOVA,supervised,SVM,NoResample,551,47,0.008789833736207871,0.0,0.008789833736207871,0.008789833736207871,1.0,0.0,52,52,38,0.0002674594059407925,0.001094341606713449,-0.0008268822007726562,0.001361801012654242,0.2,0.8,284,80,1,0.008522374330267079,-9.0,true_anomaly_candidate,1,train_oof,52,284,886,31,0.38628858009901623,0.06351511476668147,-0.04840199005213699,-0.06973766374519696,-0.01136830973440495,-0.05216019608436165,-0.05208193082989925,0.0167641836352849,0.703665235653144,0.18978218534488378,0.1419078958759147,high,0.6916332954544406,0.057692307692307696,0.028169014084507043,0.011286681715575621,train_oof,0.2630551700810768,1,1,1,1,drop,train_oof,0.07569208662861764
ANOVA_SVM_NoResample,ANOVA,supervised,SVM,NoResample,337,44,0.009949536724561715,2.2027253536705835e-07,0.009949316452026348,0.009949756997097083,0.9807692307692307,0.019230769230769232,52,52,44,0.0001797483240306427,0.0024464249347605016,-0.0022666766107298595,0.0026261732587911446,0.225,0.775,284,80,1,0.009769788400531072,0.0,true_anomaly_candidate,1,train_oof,52,284,886,31,0.3532275070573205,0.1200244165787303,-0.0603111061429255,0.012043290837175978,-0.10857883479519286,-0.1603868367378754,-0.16520079512427677,-0.1035057689853617,0.5064531199449039,0.13555061068375476,0.21387636705051216,high,1.5569904942144874,0.019230769230769232,0.03169014084507042,0.010158013544018058,train_oof,0.25470004651808537,1,1,1,1,drop,train_oof,0.07569208662861764
ANOVA_SVM_NoResample,ANOVA,supervised,SVM,NoResample,295,49,0.007658155335641973,1.5696205019493776e-14,0.007658155335626277,0.007658155335657668,0.9807692307692307,0.019230769230769232,52,52,25,0.0005781470216370008,0.0011496728892813677,-0.000571525867644367,0.001727819910918368,0.2125,0.7875,284,80,1,0.007080008314004973,-24.0,true_anomaly_candidate,1,train_oof,52,284,886,31,0.3135004781656453,0.35387329439400866,-0.14475379296604554,0.3812146608338007,-0.062089540161189796,-0.178349346461128,-0.20184352909228842,-0.1311458576522632,0.7737231325478543,-0.025008943802074718,0.5355491161123584,high,1.3319720023316295,0.11538461538461539,0.1056338028169014,0.010158013544018058,train_oof,0.24979712842053825,1,1,1,1,drop,train_oof,0.07569208662861764
ANOVA_SVM_NoResample,ANOVA,supervised,SVM,NoResample,477,50,0.0029982343753517525,1.7007474928076116e-05,0.0029812269004236766,0.0030152418502798284,0.9230769230769231,0.07692307692307693,52,52,39,0.0002548458349011004,0.0006234402586959277,-0.0003685944237948275,0.0008782860935970281,0.3,0.7,284,80,1,0.002743388540450652,-11.0,true_anomaly_candidate,1,train_oof,52,284,886,31,0.3723390315013847,0.1751384743497652,-0.07668214920511783,-0.04601763016575056,0.051448102765214304,-0.09655737271150455,-0.11199087468417745,-0.0683765655942118,0.872232176446752,0.10444765648624388,0.27069909283226523,high,0.6522599111399782,0.038461538461538464,0.03873239436619718,0.010158013544018058,train_oof,0.20056373934765462,1,1,1,1,drop,train_oof,0.07569208662861764
ANOVA_SVM_NoResample,ANOVA,supervised,SVM,NoResample,38,2,0.03907742420390907,0.0,0.03907742420390907,0.03907742420390907,1.0,0.0,52,52,24,0.0005784569191722284,0.004615054794089872,-0.004036597874917645,0.005193511713262102,0.1625,0.8375,284,80,1,0.03849896728473684,22.0,true_anomaly_candidate,1,train_oof,52,284,886,31,0.17101349064779023,0.22134699390451762,-0.09084555185218011,0.28137819062558095,0.16791809010128594,0.0350917797421294,-0.06186582233438875,0.0328499854744536,0.29552625106178887,-0.03744060366650782,0.3348559252571074,high,3.0926077275825676,0.09615384615384616,0.08098591549295775,0.010158013544018058,train_oof,0.6506180046829505,1,0,1,0,drop,train_oof,0.07569208662861764
ANOVA_SVM_NoResample,ANOVA,supervised,SVM,NoResample,511,14,0.027006689341724906,0.0,0.027006689341724906,0.027006689341724906,1.0,0.0,52,52,9,0.001396623213284885,0.010218215988419216,-0.00882159277513433,0.0116148392017041,0.2,0.8,284,80,1,0.02561006612844002,-5.0,true_anomaly_candidate,1,train_oof,52,284,886,31,0.23908470467258922,0.027294825048154257,-0.03228327187350503,0.24264960716746134,0.02620807055161855,-0.8374816063277984,-0.8374816063277984,0.1304148250276995,0.27605650398216725,0.20549429332886185,0.06000017857853447,high,2.105276373488908,0.0,0.017605633802816902,0.010158013544018058,train_oof,0.4522934428682468,1,0,1,0,drop,train_oof,0.07569208662861764
ANOVA_SVM_NoResample,ANOVA,supervised,SVM,NoResample,16,19,0.023755925156685988,0.0,0.023755925156685988,0.023755925156685988,1.0,0.0,52,52,34,0.00037340650367788885,0.006485842257717802,-0.006112435754039915,0.006859248761395692,0.125,0.875,284,80,1,0.0233825186530081,15.0,true_anomaly_candidate,1,train_oof,52,284,886,31,0.05935045662171441,0.10483365096646159,-0.0535041296521878,0.46198849691633326,0.00876190494958015,0.1307540295547186,-0.06598817140160934,0.4660330386819151,0.12302099665537163,-0.03783018855882761,0.15927054350202105,high,1.8496270519118727,0.019230769230769232,0.028169014084507043,0.010158013544018058,train_oof,0.40298791867817524,1,0,1,0,drop,train_oof,0.07569208662861764
ANOVA_SVM_NoResample,ANOVA,supervised,SVM,NoResample,123,22,0.020857158476767484,0.0,0.020857158476767484,0.020857158476767484,1.0,0.0,52,52,41,0.00023076167404111335,0.004939061190321352,-0.004708299516280238,0.005169822864362466,0.1,0.9,284,80,1,0.02062639680272637,19.0,true_anomaly_candidate,1,train_oof,52,284,886,31,0.1543571879595054,0.05241303047691917,-0.03774770846245419,0.30512205190113545,0.0852875704887081,0.0852875704887081,-0.0068052528056853,-0.0068052528056853,0.1922168461347309,0.1063011961032399,0.09035759749605178,high,1.9271440363766104,0.057692307692307696,0.056338028169014086,0.020316027088036117,train_oof,0.3723027767082042,1,0,1,0,drop,train_oof,0.07569208662861764
ANOVA_SVM_NoResample,ANOVA,supervised,SVM,NoResample,133,35,0.017137068159102528,0.0,0.017137068159102528,0.017137068159102528,1.0,0.0,52,52,46,0.00010148427704131588,0.006437554430616535,-0.006336070153575221,0.00653903870765785,0.075,0.925,284,80,1,0.017035583882061212,11.0,true_anomaly_candidate,1,train_oof,52,284,886,31,0.15066685779235378,0.08782360546244196,-0.05127450732591866,0.39625602958467454,0.007203741807123001,0.1652585232415979,-0.0351565858625062,0.4812156560001893,0.20633115618472012,0.06178296246687795,0.13894788582569628,high,2.1469719020373548,0.0,0.014084507042253521,0.012415349887133182,train_oof,0.32150977136717884,1,0,1,0,drop,train_oof,0.07569208662861764
ANOVA_SVM_NoResample,ANOVA,supervised,SVM,NoResample,249,46,0.008975122275661022,0.0,0.008975122275661022,0.008975122275661022,0.038461538461538464,0.0,52,52,50,0.0,0.0,0.0,0.0,0.0,0.0,284,80,1,0.008975122275661022,4.0,true_anomaly_candidate,1,train_oof,52,284,886,31,0.7720889875683071,0.013952663276121994,-0.047288785496052414,-0.07139741207961452,-0.0713974120796145,-0.0713974120796145,-0.0713974120796145,-0.0713974120796145,0.7973285472131802,0.40737420634902416,0.12199471806080198,flat,,,,,train_oof,0.2840778047325555,0,1,1,0,drop,train_oof,0.07569208662861764
Base_LR_SMOTE,Base,supervised,LR,SMOTE,64,2,0.9665750862535711,0.38171166301020915,0.5848634232433618,1.3482867492637802,0.6428571428571429,0.35714285714285715,28,28,5,0.4709114046228482,0.3792781057575604,0.0916332988652878,0.8501895103804088,0.425,0.575,185,80,1,0.49566368163072294,3.0,true_anomaly_candidate,1,train_oof,28,185,985,55,0.8742476933425161,0.10779374834759388,-0.05638831208548007,0.1597349277327031,0.8874244739432295,-0.2243950060680941,-0.1218525865483573,-0.2564864220285729,1.014263022608061,0.5794089033003985,0.17386867004321538,high,2.9927795866425155,0.10714285714285714,0.02702702702702703,0.01015228426395939,train_oof,0.7566627116812129,1,1,1,1,monitor_first,train_oof,0.12060301142481507
Base_LR_SMOTE,Base,supervised,LR,SMOTE,348,5,0.6008928918685454,0.06859216994399922,0.5323007219245462,0.6694850618125449,0.6428571428571429,0.35714285714285715,28,28,61,0.1732684931910459,0.14234892680142897,0.03091956638961694,0.3156174199924748,0.4375,0.5625,185,80,1,0.4276243986774996,56.0,true_anomaly_candidate,1,train_oof,28,185,985,55,1.1676062501254343,0.09798779695824564,-0.06640312192845602,0.19586745812359915,0.4692604076592224,-0.0705154157829055,-0.2085032202718706,-0.1679185718927632,1.2411570527879732,0.7497811807536996,0.19333224000848348,high,3.0538531550342936,0.07142857142857142,0.010810810810810811,0.01015228426395939,train_oof,0.6811389006956198,1,1,1,1,monitor_first,train_oof,0.12060301142481507
Base_LR_SMOTE,Base,supervised,LR,SMOTE,59,1,1.552399457054804,0.14793775477220447,1.4044617022825994,1.7003372118270086,0.8214285714285714,0.17857142857142858,28,28,1,1.5349757709223786,0.3295993764660128,1.2053763944563656,1.8645751473883916,0.55,0.45,185,80,1,0.01742368613242551,0.0,shared_signal,1,train_oof,28,185,985,55,0.7726718717220634,0.42768719284042017,-0.13089334912414213,0.4975058871575094,0.43215506364631806,-0.0611837548574045,-0.2688115436732682,0.191656250996216,1.1788483009277166,0.2113180370579649,0.584787984764234,high,2.4534723568776733,0.10714285714285714,0.05405405405405406,0.01015228426395939,train_oof,0.6382713921967448,1,1,1,1,review,train_oof,0.12060301142481507
Base_LR_SMOTE,Base,supervised,LR,SMOTE,477,4,0.7637730754604001,0.024348778104866412,0.7394242973555337,0.7881218535652665,0.7857142857142857,0.21428571428571427,28,28,2,0.6594843175231303,0.05799176314935384,0.6014925543737766,0.717476080672484,0.5,0.5,185,80,1,0.10428875793726977,-2.0,shared_signal,1,train_oof,28,185,985,55,0.649691798591911,0.1964006385957104,-0.055365660528535525,-0.0046597683207232204,0.17010831141592797,-0.0895397386336187,-0.1116115431123999,-0.0579670015314773,1.1049688373128093,0.20638431579919775,0.2701379580916819,high,0.6987687847725407,0.07142857142857142,0.03783783783783784,0.01015228426395939,train_oof,0.5224337161063702,1,1,1,1,review,train_oof,0.12060301142481507
Base_LR_SMOTE,Base,supervised,LR,SMOTE,56,3,0.8880664638741064,0.45123403592093997,0.43683242795316646,1.3393004997950464,0.7857142857142857,0.21428571428571427,28,28,3,0.643126610173835,0.31537066255080937,0.3277559476230257,0.9584972727246448,0.75,0.25,185,80,1,0.24493985370027138,0.0,shared_signal,1,train_oof,28,185,985,55,0.3085264564818286,0.17213070961294,-0.050684915060425585,0.18719047115514637,0.6724907558314797,0.420344184171032,0.2618520534130405,0.3483023065537704,0.3408662779694091,0.18730979024516234,0.22015558595508633,high,1.183988086914101,0.03571428571428571,0.016216216216216217,0.013197969543147208,train_oof,0.5166902950475483,1,1,1,1,review,train_oof,0.12060301142481507
Base_LR_SMOTE,Base,supervised,LR,SMOTE,103,38,0.25613444411579056,0.015205101449504394,0.24092934266628616,0.271339545565295,0.8928571428571429,0.10714285714285714,28,28,59,0.1743909515689936,0.039523545660607035,0.13486740590838658,0.21391449722960063,0.6625,0.3375,185,80,1,0.08174349254679697,21.0,shared_signal,1,train_oof,28,185,985,55,1.150173637586574,0.4729127916229124,-0.14964367806873985,0.47578829522528043,1.1536762212841918,0.3527520824289679,-0.2029911975930242,0.3854428636067319,1.4665129233463166,0.5820039607020285,0.6605650953733444,high,2.1232847910166783,0.07142857142857142,0.04864864864864865,0.01015228426395939,train_oof,0.46208185758474063,1,1,1,1,review,train_oof,0.12060301142481507
Base_LR_SMOTE,Base,supervised,LR,SMOTE,551,22,0.31880466177675126,0.04604194417176193,0.27276271760498927,0.36484660594851326,0.6071428571428571,0.39285714285714285,28,28,164,0.05492233822584307,0.03471876175632219,0.020203576469520867,0.08964109998216524,0.5,0.5,185,80,1,0.2638823235509082,142.0,true_anomaly_candidate,1,train_oof,28,185,985,55,0.5900464045176694,-0.014706202813862567,-0.022462155402935294,0.02552435022823615,0.0513407536392479,-0.0083483957938572,-0.0542745109900623,-0.0306062462366187,0.6263868234583393,0.5429568771543498,0.009816221344333196,high,0.7365197829218966,0.07142857142857142,0.005405405405405406,0.01015228426395939,train_oof,0.4561038356695157,1,1,1,1,review,train_oof,0.12060301142481507
Base_LR_SMOTE,Base,supervised,LR,SMOTE,510,119,0.08966382486149217,0.013114546463491526,0.07654927839800064,0.10277837132498373,0.6071428571428571,0.39285714285714285,28,28,170,0.0486224695162658,0.038313086901958525,0.010309382614307269,0.08693555641822434,0.3875,0.6125,185,80,1,0.04104135534522637,51.0,true_anomaly_candidate,1,train_oof,28,185,985,55,1.008653015323856,0.32042711303494076,-0.10973142788680754,0.35710715342708765,0.5428288438421559,-0.0268594023364474,-0.2689275876432507,-0.0726947203413821,1.3721871350554316,0.48537169646961204,0.4648400784986529,high,3.1283649782127023,0.07142857142857142,0.043243243243243246,0.01015228426395939,train_oof,0.39557592334106845,1,1,1,1,drop,train_oof,0.12060301142481507
Base_LR_SMOTE,Base,supervised,LR,SMOTE,70,35,0.26795437232655805,0.08433002841532962,0.18362434391122842,0.3522844007418876,0.6785714285714286,0.32142857142857145,28,28,77,0.1416796804540345,0.21829681322012445,-0.07661713276609006,0.3599764936741589,0.475,0.525,185,80,1,0.12627469187252355,42.0,true_anomaly_candidate,1,train_oof,28,185,985,55,-0.691861230362898,-0.052575218803644644,0.030027888433291176,0.006920835568670273,-0.5593436629961268,-0.1091606967258043,0.0173362401592626,0.0243167044396944,-0.7773706912210593,-0.4962263646558464,-0.08313845349670974,low,-2.058055405154075,0.10714285714285714,0.03783783783783784,0.01015228426395939,train_oof,0.39393739599914057,1,1,1,1,drop,train_oof,0.12060301142481507
Base_LR_SMOTE,Base,supervised,LR,SMOTE,21,43,0.2479227660727461,0.05480975085257286,0.19311301522017324,0.30273251692531894,0.6428571428571429,0.35714285714285715,28,28,67,0.16344330111106709,0.05568962900943627,0.10775367210163081,0.21913293012050325,0.7,0.3,185,80,1,0.08447946496167902,24.0,true_anomaly_candidate,1,train_oof,28,185,985,55,0.763548306741075,0.26846608688173673,-0.08518027193264698,0.23574555813495102,0.316897958511984,0.2545778489965707,0.118893559925038,0.2391950371541586,0.9427658456882314,0.3590421056740785,0.37920580924728625,high,1.6893445424705356,0.10714285714285714,0.03783783783783784,0.01015228426395939,train_oof,0.3904841002597112,1,1,1,1,drop,train_oof,0.12060301142481507
Base_LR_SMOTE,Base,supervised,LR,SMOTE,545,7,0.4570392068444738,0.028799497792693758,0.42823970905178,0.48583870463716755,0.9285714285714286,0.07142857142857142,28,28,14,0.33819140153338617,0.3575924695064707,-0.01940106797308449,0.6957838710398577,0.75,0.25,185,80,1,0.11884780531108763,7.0,shared_signal,1,train_oof,28,185,985,55,-0.400233671328361,-0.08677382676502947,0.03498741198013378,-0.12241892750074965,-0.3737353644723715,-0.3737353644723715,-0.3737353644723715,-0.3737353644723715,-0.4336639938926412,-0.31632523474973795,-0.11913994144432495,flat,,,,,train_oof,0.37950036339145643,1,1,1,1,drop,train_oof,0.12060301142481507
Base_LR_SMOTE,Base,supervised,LR,SMOTE,61,33,0.2760715645346984,0.12852310953211718,0.1475484550025812,0.40459467406681554,0.6071428571428571,0.39285714285714285,28,28,83,0.13262921413182127,0.13982541269574333,-0.007196198563922096,0.27245462682756477,0.525,0.475,185,80,1,0.14344235040287712,50.0,true_anomaly_candidate,1,train_oof,28,185,985,55,0.5069113715544937,0.0039711886768355725,-0.009103914212654707,-0.09118303741010673,0.501325920926144,0.0707905330980283,0.0460010272789659,-0.0305547995151985,0.5415038025023344,0.40164653687191315,0.013437100669891101,high,1.9928813219346013,0.10714285714285714,0.04864864864864865,0.01015228426395939,train_oof,0.3724196626027167,1,1,1,1,drop,train_oof,0.12060301142481507
Base_LR_SMOTE,Base,supervised,LR,SMOTE,129,14,0.40900603433682947,0.05598677566248612,0.3530192586743433,0.46499280999931564,0.8571428571428571,0.14285714285714285,28,28,12,0.3536031306243607,0.14759709688733677,0.20600603373702384,0.5012002275116976,0.75,0.25,185,80,1,0.055402903712468754,-2.0,shared_signal,1,train_oof,28,185,985,55,0.604719096359824,0.28377202110641475,-0.08958231578637728,0.33398163624668525,0.47985349008139,0.421931196747262,0.2563185342876394,0.460546058970014,0.6817541133487501,0.3943858779871928,0.373284020959171,high,1.811658045833748,0.03571428571428571,0.016216216216216217,0.012182741116751269,train_oof,0.37045862870471824,1,1,1,1,drop,train_oof,0.12060301142481507
Base_LR_SMOTE,Base,supervised,LR,SMOTE,200,80,0.1512803565347999,0.016070817884057283,0.13520953865074256,0.1673511744188572,0.75,0.25,28,28,123,0.08080135288700488,0.03210634626343019,0.0486950066235747,0.11290769915043505,0.525,0.475,185,80,1,0.07047900364779502,43.0,true_anomaly_candidate,1,train_oof,28,185,985,55,0.7162609993339818,0.1070430357576342,-0.0401083174021935,-0.004397446759973934,0.23989861958344344,0.0367284732087705,-0.0746703015658542,-0.0354154952167006,0.8478495983348264,0.35464752398896826,0.15811648780039522,high,1.1210523186436034,0.03571428571428571,0.021621621621621623,0.01015228426395939,train_oof,0.3515018488040446,1,1,1,1,drop,train_oof,0.12060301142481507
Base_LR_SMOTE,Base,supervised,LR,SMOTE,57,29,0.2834800833129176,0.06657486995781235,0.21690521335510524,0.35005495327072983,0.6071428571428571,0.39285714285714285,28,28,60,0.17346041218834238,0.14917401538134326,0.024286396806999136,0.32263442756968563,0.525,0.475,185,80,1,0.1100196711245752,31.0,true_anomaly_candidate,1,train_oof,28,185,985,55,-0.4546806242745127,0.10207980119148836,-0.003183192172659366,-0.05053806005427181,-0.6309267402534293,0.1325142740593609,0.0132266155729998,0.0847992106648165,-0.45631464092865537,-0.5529372137245531,0.10605096570241138,low,-2.426921726424271,0.03571428571428571,0.010810810810810811,0.01015228426395939,train_oof,0.3444959498297959,1,1,1,1,drop,train_oof,0.12060301142481507
Base_LR_SMOTE,Base,supervised,LR,SMOTE,108,27,0.2898638319098771,0.11569471230889954,0.17416911960097753,0.4055585442187765,0.7142857142857143,0.2857142857142857,28,28,64,0.16764042180748512,0.3110666595488175,-0.14342623774133248,0.47870708135630274,0.425,0.575,185,80,1,0.12222341010239196,37.0,true_anomaly_candidate,1,train_oof,28,185,985,55,-0.377845845922537,0.04608761128207309,-0.002218753817340356,0.07243632544391082,-0.44455322693482924,0.0424230921269389,0.0354579957875573,0.1132349049106525,-0.38398457673025904,-0.4039692079151411,0.048516344314512086,low,-2.247421980408178,0.0,0.005405405405405406,0.01015228426395939,train_oof,0.3423273187522456,1,1,1,1,drop,train_oof,0.12060301142481507
Base_LR_SMOTE,Base,supervised,LR,SMOTE,434,201,0.024562987420397277,0.17961079963395046,-0.15504781221355318,0.2041737870543478,0.8571428571428571,0.14285714285714285,28,28,198,0.0332839563187038,0.08222119617291915,-0.048937239854215366,0.11550515249162294,0.925,0.075,185,80,1,-0.008720968898306525,-3.0,false_positive_risk,1,train_oof,28,185,985,55,0.9281978218134969,0.12938459040121206,-0.06417122589846515,0.24994329878370117,-0.08329374960926095,-0.1345367231478723,-0.1274613334960975,-0.1395855379305211,1.2373061673940862,0.45169019133518934,0.2363279345125545,high,1.7098343799185198,0.10714285714285714,0.03783783783783784,0.01015228426395939,train_oof,0.3382465334679594,1,1,0,1,false_positive_risk,train_oof,0.12060301142481507
Base_LR_SMOTE,Base,supervised,LR,SMOTE,582,26,0.30566460547399693,0.16929561915037952,0.1363689863236174,0.47496022462437637,0.6071428571428571,0.39285714285714285,28,28,35,0.22765805627853558,0.18631397110642078,0.0413440851721147,0.4139720273849564,0.5375,0.4625,185,80,1,0.07800654919546135,9.0,shared_signal,1,train_oof,28,185,985,55,0.28509239862215346,0.11497452806921747,-0.042571084499052045,0.24026901475947005,0.3183346211040398,0.0180822890095212,-0.0119429441999272,0.3183346211040398,0.3348529814900172,0.15164783531860512,0.1593997119614083,high,2.3792666286008166,0.10714285714285714,0.005405405405405406,0.01015228426395939,train_oof,0.31521487306247364,1,1,1,1,drop,train_oof,0.12060301142481507
Base_LR_SMOTE,Base,supervised,LR,SMOTE,20,58,0.20589599006249562,0.0749870288635062,0.1309089611989894,0.2808830189260018,0.6785714285714286,0.32142857142857145,28,28,104,0.10251485766561438,0.2196245443122627,-0.11710968664664825,0.3221394019778771,0.4125,0.5875,185,80,1,0.10338113239688124,46.0,true_anomaly_candidate,1,train_oof,28,185,985,55,0.346152490957841,-0.1719833939619736,0.02736786156904544,-0.08786700926112379,0.5317821645138588,-0.1380452637380482,0.0976879942733533,-0.0862989388087218,0.349801701144709,0.38377136045427723,-0.19773194253315335,high,1.9996529150092448,0.0,0.010810810810810811,0.01015228426395939,train_oof,0.3115046910680233,1,1,1,1,drop,train_oof,0.12060301142481507
Base_LR_SMOTE,Base,supervised,LR,SMOTE,485,34,0.27419440308238274,0.07305957620021601,0.20113482688216675,0.34725397928259877,0.8214285714285714,0.17857142857142858,28,28,53,0.1892960445068937,0.156556743420266,0.03273930108662771,0.3458527879271597,0.725,0.275,185,80,1,0.08489835857548905,19.0,shared_signal,1,train_oof,28,185,985,55,-0.31383572860617165,0.025967323830068202,-0.0021702705838591357,0.08762205120095155,-0.6185797300527927,-0.3349697506350074,-0.4018755629551198,-0.1921911442038929,-0.3126251087192735,-0.35671633991041546,0.028318800117207884,low,-0.9144555869241014,0.17857142857142858,0.11891891891891893,0.11370558375634518,train_oof,0.30977821633179564,1,1,1,1,drop,train_oof,0.12060301142481507
Base_LR_SMOTE,Base,supervised,LR,SMOTE,333,9,0.449507690569758,0.03552834867429314,0.413979341895465,0.48503603924405103,0.6428571428571429,0.35714285714285715,28,28,4,0.5871315846890697,0.08870086395079069,0.49843072073827904,0.6758324486398604,0.525,0.475,185,80,1,-0.1376238941193117,-5.0,false_positive_risk,1,train_oof,28,185,985,55,0.3990710628296662,0.1631965825730004,-0.04840254601909787,0.1073008219233171,-0.045688610167496646,-0.0745589516507565,-0.0810276048389252,-0.0110388982128402,0.8991370078365959,0.10619995909626337,0.2201965127584854,high,0.7259824790878884,0.10714285714285714,0.016216216216216217,0.01015228426395939,train_oof,0.3055483568992977,1,1,0,1,false_positive_risk,train_oof,0.12060301142481507
Base_LR_SMOTE,Base,supervised,LR,SMOTE,130,30,0.2820210117135518,0.106451342083929,0.17556966962962287,0.3884723537974808,0.6428571428571429,0.35714285714285715,28,28,28,0.2499175147903268,0.10310308974289632,0.14681442504743056,0.3530206045332231,0.6625,0.3375,185,80,1,0.032103496923225006,-2.0,shared_signal,1,train_oof,28,185,985,55,0.39266720971635605,0.19211860029240435,-0.06600260358114661,0.3069719060244321,0.5275029761285533,0.2293486941977067,0.1049653127787032,0.2939792747389533,0.4458005187369219,0.24333217221278522,0.25677605371415757,high,1.577664548779705,0.03571428571428571,0.021621621621621623,0.01015228426395939,train_oof,0.3014580001092283,1,1,1,1,drop,train_oof,0.12060301142481507
Base_LR_SMOTE,Base,supervised,LR,SMOTE,165,135,0.07613148232935874,0.2984564043857649,-0.22232492205640614,0.3745878867151236,0.7857142857142857,0.21428571428571427,28,28,152,0.06259542268002695,0.17750376945724278,-0.11490834677721577,0.24009919213726977,0.7375,0.2625,185,80,1,0.013536059649331786,17.0,shared_signal,1,train_oof,28,185,985,55,0.6035701239624284,0.12671861344361182,-0.055203694298857214,0.2656955847200601,-0.20675650821347386,-0.1676971859697454,-0.152073457072254,-0.1442615926235083,0.7890134840636089,0.3037100555166883,0.20449141326935683,low,-0.5196477189339005,0.0,0.02702702702702703,0.01015228426395939,train_oof,0.2988065291268943,1,1,1,1,drop,train_oof,0.12060301142481507
Base_LR_SMOTE,Base,supervised,LR,SMOTE,38,69,0.17966030709116204,0.16084998429103212,0.018810322800129915,0.3405102913821942,0.6428571428571429,0.35714285714285715,28,28,79,0.1363583100334535,0.09455926545845583,0.04179904457499766,0.23091757549190936,0.7,0.3,185,80,1,0.04330199705770854,10.0,shared_signal,1,train_oof,28,185,985,55,0.3176619407732174,0.1755783617029302,-0.05087168486009207,0.15856165602596392,0.2059165029382131,0.003930839421569,-0.0491996847220744,0.0115529399316286,0.3946838792161052,0.10839833315089639,0.24135174310809354,high,3.279210198834487,0.03571428571428571,0.02702702702702703,0.01015228426395939,train_oof,0.28071565507307444,1,1,1,1,drop,train_oof,0.12060301142481507
Base_LR_SMOTE,Base,supervised,LR,SMOTE,122,82,0.14934735839514848,0.04080718101647357,0.10854017737867493,0.19015453941162205,0.6428571428571429,0.35714285714285715,28,28,86,0.12990238241490062,0.04207572590034053,0.08782665651456004,0.17197810831524116,0.6875,0.3125,185,80,1,0.01944497598024786,4.0,shared_signal,1,train_oof,28,185,985,55,-0.45468327052410545,-0.2603988306064159,0.08079239299524842,-0.33666146569725847,-0.7248366795077467,-0.3232465943900025,0.000241143139325,-0.398579355184503,-0.5219692282391489,-0.2405245191623109,-0.34054664464254736,low,-1.74902987589769,0.0,0.021621621621621623,0.01116751269035533,train_oof,0.27959615857279196,1,1,1,1,drop,train_oof,0.12060301142481507
Base_LR_SMOTE,Base,supervised,LR,SMOTE,447,64,0.19349191428624807,0.09384224042308865,0.09964967386315939,0.28733415470933676,0.6428571428571429,0.35714285714285715,28,28,70,0.15455457663077846,0.1937988549745856,-0.039244278343807136,0.34835343160536425,0.4625,0.5375,185,80,1,0.03893733765546961,6.0,shared_signal,1,train_oof,28,185,985,55,-0.3301089373011007,-0.004750581458520459,0.010827203982407756,-0.007895988201062229,-0.38911825110189735,-0.0242878439088613,-0.0383197826470547,0.0318399110439137,-0.3449633075281349,-0.31618741070602346,-0.015578064574140836,low,-2.1898837225034216,0.0,0.021621621621621623,0.01116751269035533,train_oof,0.27427910271214906,1,1,1,1,drop,train_oof,0.12060301142481507
Base_LR_SMOTE,Base,supervised,LR,SMOTE,28,242,0.002465343483835461,0.0009363305379884805,0.0015290129458469808,0.003401674021823942,0.6071428571428571,0.39285714285714285,28,28,244,0.00234684569940829,0.0014938255292395338,0.0008530201701687567,0.003840671228647824,0.5875,0.4125,185,80,1,0.00011849778442717075,2.0,shared_signal,1,train_oof,28,185,985,55,-0.6361758206132342,-0.2833470752415774,0.08824623041678867,-0.3125108494798844,-0.5141811932147193,-0.3979563740609511,-0.0160384847338562,-0.3299970699804001,-0.7378825813245454,-0.3581666880062509,-0.3758627544530238,low,-2.2998043442058616,0.03571428571428571,0.021621621621621623,0.01015228426395939,train_oof,0.2705314869138359,1,1,1,1,drop,train_oof,0.12060301142481507
Base_LR_SMOTE,Base,supervised,LR,SMOTE,467,93,0.12138909971824967,0.008065047211455236,0.11332405250679443,0.1294541469297049,0.6428571428571429,0.35714285714285715,28,28,81,0.13394602885574702,0.016577681139127942,0.117368347716619,0.15052370999487505,0.55,0.45,185,80,1,-0.012556929137497355,-12.0,shared_signal,1,train_oof,28,185,985,55,0.4232329745662699,0.137617033403061,-0.04220456747661217,0.10057518588766967,-0.01862234353417255,-0.0646763783710127,-0.0644589613778924,-0.0488433055778974,0.6133837630276991,0.16309750965439038,0.20137201436710186,high,2.030967650611112,0.03571428571428571,0.021621621621621623,0.01116751269035533,train_oof,0.269715645639422,1,1,0,1,drop,train_oof,0.12060301142481507
Base_LR_SMOTE,Base,supervised,LR,SMOTE,88,91,0.12396302098034055,0.07274182613350322,0.05122119484683734,0.1967048471138438,0.6785714285714286,0.32142857142857145,28,28,127,0.07950399796314607,0.12651651139031872,-0.047012513427172616,0.20602050935346475,0.45,0.55,185,80,1,0.04445902301719448,36.0,true_anomaly_candidate,1,train_oof,28,185,985,55,0.32352857632803717,-0.004815672790540596,-0.007381275886060698,-0.016315344057651896,0.45896645539251013,-0.0184711298277049,0.0399044749941283,-0.0909915565686715,0.3303756296624154,0.34753266288459556,0.0025636899969774976,high,2.2266600864050954,0.0,0.0,0.01116751269035533,train_oof,0.26183136732867945,1,1,1,1,drop,train_oof,0.12060301142481507
Base_LR_SMOTE,Base,supervised,LR,SMOTE,377,168,0.04906334738609911,0.013794622308555398,0.03526872507754371,0.0628579696946545,0.7142857142857143,0.2857142857142857,28,28,186,0.03971997949257238,0.025285400478980914,0.0144345790135915,0.06500537997155328,0.6625,0.3375,185,80,1,0.00934336789352673,18.0,shared_signal,1,train_oof,28,185,985,55,-0.4934833636087336,-0.25494856029215474,0.07163643962785869,-0.1929507917854834,-0.3714959728317686,-0.3714959728317686,0.0554598948876092,-0.3714959728317686,-0.550507757858169,-0.2845007402403066,-0.32498323548064423,low,-1.686520045407452,0.07142857142857142,0.021621621621621623,0.01015228426395939,train_oof,0.2588265772382603,1,1,1,1,drop,train_oof,0.12060301142481507
Base_LR_SMOTE,Base,supervised,LR,SMOTE,25,37,0.2616838930732517,0.5831486453593395,-0.32146475228608773,0.8448325384325912,0.75,0.25,28,28,20,0.2791231023465629,0.4185842532564033,-0.13946115090984038,0.6977073556029658,0.8125,0.1875,185,80,1,-0.017439209273311218,-17.0,shared_signal,1,train_oof,28,185,985,55,-0.31235832578209693,-0.00022646846915475087,0.014495270958716276,-0.11172035800081181,0.4359826712857007,0.4562176273058397,0.4382309997323825,0.4314860143923371,-0.3519336428156458,-0.2364428434431705,-0.015408687368295317,low,-3.167076080944667,0.10714285714285714,0.03783783783783784,0.01015228426395939,train_oof,0.2584594810318815,1,1,0,1,drop,train_oof,0.12060301142481507
Base_LR_SMOTE,Base,supervised,LR,SMOTE,334,208,0.01982073942417754,0.08379201724603381,-0.06397127782185626,0.10361275667021135,0.6071428571428571,0.39285714285714285,28,28,212,0.018948568280785068,0.08727300194836372,-0.06832443366757862,0.10622157022914883,0.6,0.4,185,80,1,0.000872171143392473,4.0,shared_signal,1,train_oof,28,185,985,55,0.41277692064726956,0.15337572963170867,-0.043876832060423754,0.03938319559224995,-0.2628247894420569,-0.2035318273950303,-0.2242710697253805,-0.0870730050784489,0.6097520643097462,0.12854247413268707,0.2134954102141272,low,-0.6674952670971807,0.03571428571428571,0.010810810810810811,0.01015228426395939,train_oof,0.25678837971428836,1,1,1,1,drop,train_oof,0.12060301142481507
Base_LR_SMOTE,Base,supervised,LR,SMOTE,125,112,0.10205038351925151,0.054196176967568836,0.047854206551682654,0.15624656048682034,0.6428571428571429,0.35714285714285715,28,28,102,0.10438634915208114,0.047035223244098714,0.05735112590798243,0.1514215723961798,0.7,0.3,185,80,1,-0.0023359656328296313,-10.0,shared_signal,1,train_oof,28,185,985,55,-0.41333400161201705,-0.33166053172880844,0.09495183432755214,-0.3598402252572936,-0.6240351334555115,-0.4364105491267392,-0.0826041901067694,-0.4364105491267392,-0.5009385479345418,-0.09655643891474935,-0.42824411370820703,low,-1.5678761376693908,0.07142857142857142,0.05945945945945946,0.01116751269035533,train_oof,0.25606951407035655,1,1,0,1,drop,train_oof,0.12060301142481507
Base_LR_SMOTE,Base,supervised,LR,SMOTE,183,65,0.19048710557544307,0.08943719485938476,0.10104991071605832,0.27992430043482786,0.6785714285714286,0.32142857142857145,28,28,50,0.19079350256403013,0.15777504557741806,0.03301845698661211,0.3485685481414483,0.5375,0.4625,185,80,1,-0.0003063969885870599,-15.0,shared_signal,1,train_oof,28,185,985,55,0.32359941268414966,0.07752169846296883,-0.026575063625174623,0.04782973193029731,0.5496756838079919,0.2876271648306768,-0.0052118722849156,0.3853376926994163,0.35397739803569084,0.2421744510176217,0.1037537312607104,high,1.8724977777914384,0.0,0.021621621621621623,0.01015228426395939,train_oof,0.25411797431145156,1,1,0,1,drop,train_oof,0.12060301142481507
Base_LR_SMOTE,Base,supervised,LR,SMOTE,79,203,0.023132953779314937,0.005836736005083916,0.01729621777423102,0.02896968978439885,0.6428571428571429,0.35714285714285715,28,28,216,0.01665064152632013,0.0075548856579884015,0.00909575586833173,0.024205527184308538,0.6,0.4,185,80,1,0.006482312252994806,13.0,shared_signal,1,train_oof,28,185,985,55,0.45189191917801474,0.20840541260741552,-0.07104210960017934,0.26124765232404235,0.38031056191999074,0.1427345055032731,-0.1812328441558872,0.2248062340835938,0.5492606871729854,0.2165953102901961,0.2854771801346785,high,2.94820536225836,0.0,0.02702702702702703,0.01015228426395939,train_oof,0.2521469972577791,1,1,1,1,drop,train_oof,0.12060301142481507
Base_LR_SMOTE,Base,supervised,LR,SMOTE,100,205,0.021814627763203788,0.006911899059438603,0.014902728703765184,0.028726526822642384,0.6428571428571429,0.35714285714285715,28,28,211,0.018975691661717288,0.00682086429133868,0.012154827370378618,0.02579655595305596,0.65,0.35,185,80,1,0.0028389361014865,6.0,shared_signal,1,train_oof,28,185,985,55,0.4467299819668626,0.20495111169891486,-0.06796390987435366,0.30683831833184266,0.1876042319693517,0.048074981970692,0.048074981970692,0.048074981970692,0.5330608217612244,0.22705234083810094,0.2805439895189107,high,2.2805429819492478,0.07142857142857142,0.021621621621621623,0.012182741116751269,train_oof,0.2477504029351449,1,1,1,1,drop,train_oof,0.12060301142481507
Base_LR_SMOTE,Base,supervised,LR,SMOTE,484,131,0.07847624840026422,0.020571049459967256,0.05790519894029694,0.09904729786023146,0.7857142857142857,0.21428571428571427,28,28,146,0.06684632194984644,0.049287625629484806,0.01755869632036165,0.11613394757933126,0.7,0.3,185,80,1,0.011629926450417785,15.0,shared_signal,1,train_oof,28,185,985,55,-0.38202246291607295,-0.056747619991037175,0.024782834502226347,-0.07716937774058398,-0.5837534622449041,-0.4463193905821672,-0.3080616882928316,-0.3554057941102677,-0.4102774162208295,-0.33192532467830965,-0.0813469664164247,low,-1.0153846670981137,0.21428571428571427,0.17297297297297298,0.12893401015228426,train_oof,0.24656663249240846,1,1,1,1,drop,train_oof,0.12060301142481507
Base_LR_SMOTE,Base,supervised,LR,SMOTE,37,177,0.04145254954019741,0.012971720899479334,0.02848082864071808,0.054424270439676736,0.6785714285714286,0.32142857142857145,28,28,190,0.0369696482075837,0.03300337197058241,0.003966276237001307,0.06997302017816613,0.6125,0.3875,185,80,1,0.004482901332613712,13.0,shared_signal,1,train_oof,28,185,985,55,0.45727437932708864,0.033757572663377935,-0.01620924231214733,-0.0456889257376701,0.3634933734285014,0.1121763773637626,0.0049520856410351,0.0616231827677481,0.4848870170831166,0.3739932416272952,0.04963758193786515,high,2.9052242790483267,0.03571428571428571,0.010810810810810811,0.01015228426395939,train_oof,0.24582937073704558,1,1,1,1,drop,train_oof,0.12060301142481507
Base_LR_SMOTE,Base,supervised,LR,SMOTE,542,110,0.10287670148649834,0.039778247375202476,0.0630984541112958,0.14265494886170085,0.7857142857142857,0.21428571428571427,28,28,109,0.09567979557990496,0.061703704904591664,0.03397609067531328,0.1573835004844966,0.75,0.25,185,80,1,0.007196905906593387,-1.0,shared_signal,1,train_oof,28,185,985,55,-0.34494305071503384,-0.1517249804148892,0.045266111853503904,-0.10056427173082225,-0.6121175618220817,-0.6121175618220817,-0.6121175618220817,-0.6121175618220817,-0.3820747939364111,-0.22298089355653422,-0.19536015927830677,flat,,,,,train_oof,0.24506474876237314,1,1,1,1,drop,train_oof,0.12060301142481507
Base_LR_SMOTE,Base,supervised,LR,SMOTE,547,98,0.11650809216189652,0.05598171042882021,0.06052638173307633,0.17248980259071675,0.6071428571428571,0.39285714285714285,28,28,99,0.10685524178742838,0.057699468580080404,0.04915577320734799,0.16455471036750877,0.575,0.425,185,80,1,0.009652850374468142,1.0,shared_signal,1,train_oof,28,185,985,55,0.30296553584921976,0.20560701144072965,-0.022602339051451977,0.1780024456460786,0.3685695259070086,0.2611470136559703,-0.0545559521449752,0.2376399667903394,0.3463402355999725,0.10972453223213566,0.24465152634923765,high,1.9943059076942968,0.0,0.010810810810810811,0.01015228426395939,train_oof,0.24411537544486667,1,1,1,1,drop,train_oof,0.12060301142481507
Base_LR_SMOTE,Base,supervised,LR,SMOTE,316,143,0.06635269973091053,0.05557050130807177,0.010782198422838753,0.12192320103898231,0.6071428571428571,0.39285714285714285,28,28,140,0.07200083009617822,0.0958438664012379,-0.02384303630505967,0.16784469649741604,0.5125,0.4875,185,80,1,-0.005648130365267692,-3.0,shared_signal,1,train_oof,28,185,985,55,-0.3537506724614787,-0.1543555908778941,0.053640477799378264,-0.25777189785792565,-0.4997403001646723,-0.2907136202041073,-0.08582998911487,-0.31784072590923,-0.40957307037014007,-0.20487125748055812,-0.2074748643760873,low,-1.8394839323272063,0.03571428571428571,0.043243243243243246,0.01015228426395939,train_oof,0.23497321154554074,1,1,0,1,drop,train_oof,0.12060301142481507
Base_LR_SMOTE,Base,supervised,LR,SMOTE,134,171,0.048036750092768914,0.013821761032477089,0.03421498906029182,0.06185851112524599,0.75,0.25,28,28,193,0.03640503748045072,0.016208358754542053,0.020196678725908673,0.05261339623499278,0.6625,0.3375,185,80,1,0.011631712612318192,22.0,shared_signal,1,train_oof,28,185,985,55,-0.30887744778190784,-0.15114312040616135,0.03842653997794553,-0.02090693397252657,-0.5358306496095748,-0.3154674391049766,-0.0751682444000431,-0.2017393634336219,-0.3400723082165754,-0.1815412895902299,-0.1896950927872882,low,-1.760430328485589,0.0,0.016216216216216217,0.013197969543147208,train_oof,0.23112759489568108,1,1,1,1,drop,train_oof,0.12060301142481507
Base_LR_SMOTE,Base,supervised,LR,SMOTE,249,20,0.33927696051763767,5.660766230625399e-18,0.33927696051763767,0.33927696051763767,0.03571428571428571,0.9642857142857143,28,28,255,0.0,5.870424239167082e-18,-5.870424239167082e-18,5.870424239167082e-18,0.0,1.0,185,80,1,0.33927696051763767,235.0,true_anomaly_candidate,1,train_oof,28,185,985,55,0.7306593855756208,-0.07139741207961448,-0.025103336390208238,0.31776081423575486,-0.0713974120796145,-0.0713974120796145,-0.0713974120796145,-0.0713974120796145,0.8597952948669664,0.5282996584330988,-0.0921451454219689,flat,,,,,train_oof,0.5318799243193701,0,1,1,0,drop,train_oof,0.12060301142481507
Base_LR_SMOTE,Base,supervised,LR,SMOTE,62,6,0.5590678188920222,0.4107697012046848,0.1482981176873374,0.969837520096707,0.5357142857142857,0.4642857142857143,28,28,21,0.27867889420763625,0.6173754931575558,-0.3386965989499193,0.8960543873651916,0.4625,0.5375,185,80,1,0.2803889246843859,15.0,true_anomaly_candidate,1,train_oof,28,185,985,55,-0.36599224954731885,0.0605330831409662,-0.00023491144865752623,-0.013135218829111011,-0.5978904327636032,-0.110614720123272,-0.0309146720102556,-0.0421258195855844,-0.4830222605577069,-0.23438234361473495,0.06194917272907323,low,-1.76827661432946,0.14285714285714285,0.04864864864864865,0.01015228426395939,train_oof,0.49155019669539024,0,1,1,0,drop,train_oof,0.12060301142481507
Base_LR_SMOTE,Base,supervised,LR,SMOTE,558,13,0.4106489566723353,0.0721122220103029,0.33853673466203243,0.48276117868263835,0.5,0.5,28,28,62,0.17240742242559587,0.13973734800723714,0.03267007441835869,0.312144770432833,0.25,0.75,185,80,1,0.23824153424673944,49.0,true_anomaly_candidate,1,train_oof,28,185,985,55,0.4875270279434173,-0.021283160627077868,-0.009223096342027982,-0.004708492694201045,-0.13272648749727825,-0.2920302968086232,-0.2490719662078104,-0.2204330791406027,0.5095345239353838,0.44948626204888614,-0.012494950186641283,high,4.1625099291033765,0.07142857142857142,0.016216216216216217,0.012182741116751269,train_oof,0.44424201727398616,0,1,1,0,drop,train_oof,0.12060301142481507
Base_LR_SMOTE,Base,supervised,LR,SMOTE,22,17,0.36721558187950426,0.10286528667839359,0.26435029520111064,0.47008086855789777,0.5714285714285714,0.42857142857142855,28,28,29,0.24962585878723814,0.12882305266279745,0.12080280612444069,0.3784489114500355,0.6125,0.3875,185,80,1,0.11758972309226612,12.0,shared_signal,1,train_oof,28,185,985,55,-0.6562382748208435,-0.1369252527733299,0.05343196832319987,-0.1602449685845196,-0.22879797971612476,-0.144451453499108,-0.1100414278782356,-0.1637546386034999,-0.8028735931682175,-0.35164011453801447,-0.20339080310618757,low,-1.5682543867990528,0.10714285714285714,0.043243243243243246,0.01015228426395939,train_oof,0.41192094716998745,0,1,1,0,drop,train_oof,0.12060301142481507
Base_LR_SMOTE,Base,supervised,LR,SMOTE,63,28,0.2893941100955416,0.0748920688465061,0.2145020412490355,0.3642861789420477,0.5,0.5,28,28,26,0.25319693891737727,0.10321309093631377,0.1499838479810634,0.35641002985369086,0.4625,0.5375,185,80,1,0.036197171178164345,-2.0,shared_signal,1,train_oof,28,185,985,55,0.6995238871185719,0.24761806154523017,-0.06960491161700552,0.04875269580428347,0.23439101472474663,-0.0550180371936445,-0.1289074422777459,-0.0849281912531121,1.1656635763775656,0.23161709146980528,0.32255151485776873,high,1.9856288029154787,0.21428571428571427,0.043243243243243246,0.01015228426395939,train_oof,0.40327736631389066,0,1,1,0,drop,train_oof,0.12060301142481507
Base_LR_SMOTE,Base,supervised,LR,SMOTE,104,18,0.3654669025770228,0.16712378989859458,0.19834311267842822,0.5325906924756174,0.39285714285714285,0.6071428571428571,28,28,66,0.16751813923897144,0.18540991486718014,-0.01789177562820873,0.3529280541061515,0.4,0.6,185,80,1,0.19794876333805136,48.0,true_anomaly_candidate,1,train_oof,28,185,985,55,-0.35705345343867834,-0.0684380768061162,0.02628403047016153,-0.06691213267940561,0.0742376990413215,0.0167322120439882,0.0167322120439882,0.2467541600333214,-0.41314927786582406,-0.1902343871763071,-0.10425879042675094,high,2.123733255626273,0.0,0.0,0.01015228426395939,train_oof,0.4010224005759574,0,1,1,0,drop,train_oof,0.12060301142481507
Base_LR_SMOTE,Base,supervised,LR,SMOTE,437,39,0.2513686427597865,0.12489557306076064,0.12647306969902586,0.3762642158205471,0.42857142857142855,0.5714285714285714,28,28,125,0.07999864802580428,0.1006288671183333,-0.020630219092529038,0.18062751514413747,0.4125,0.5875,185,80,1,0.1713699947339822,86.0,true_anomaly_candidate,1,train_oof,28,185,985,55,0.6108947881421235,-0.01902319583220057,-0.01815261308174726,0.07951763807665035,0.021767311644629996,-0.126792731407797,-0.1459239797558814,-0.1127470047724948,0.6132455427185193,0.45874450808301587,-0.001014159517805805,high,2.3507426765012154,0.03571428571428571,0.0,0.01015228426395939,train_oof,0.3922646672030892,0,1,1,0,drop,train_oof,0.12060301142481507
Base_LR_SMOTE,Base,supervised,LR,SMOTE,26,25,0.3119065406307984,0.0732103970421852,0.2386961435886132,0.3851169376729836,0.25,0.75,28,28,43,0.20651829733856922,0.08350958640417036,0.1230087109343988,0.2900278837427395,0.1875,0.8125,185,80,1,0.1053882432922292,18.0,true_anomaly_candidate,1,train_oof,28,185,985,55,-0.5804672569693929,-0.09089086052598111,0.04696525300678291,-0.24791146252879795,0.24342093866320563,0.2726347386709388,0.2457477014956797,0.2571229864544428,-0.7401840983971177,-0.31541415149706165,-0.15285372733182578,low,-5.413973623896264,0.10714285714285714,0.032432432432432434,0.01116751269035533,train_oof,0.38624769188673874,0,1,1,0,drop,train_oof,0.12060301142481507
Base_LR_SMOTE,Base,supervised,LR,SMOTE,75,40,0.250947386910273,0.08952721765587389,0.16142016925439912,0.34047460456614687,0.5357142857142857,0.4642857142857143,28,28,111,0.09493267832712667,0.13369296827897342,-0.038760289951846695,0.22862564660610002,0.475,0.525,185,80,1,0.15601470858314637,71.0,true_anomaly_candidate,1,train_oof,28,185,985,55,0.5802765296212,-0.16806040040977213,0.020771854715235048,-0.1086351934387613,0.1510762018882904,-0.0846063827685637,0.0563626398299284,-0.0449588451627378,0.5737081096539954,0.5828324273611439,-0.20035657996223452,high,1.987814460707519,0.07142857142857142,0.016216216216216217,0.01015228426395939,train_oof,0.3786449119563282,0,1,1,0,drop,train_oof,0.12060301142481507
Base_LR_SMOTE,Base,supervised,LR,SMOTE,471,10,0.44093326420455886,0.0983312891425631,0.3426019750619957,0.5392645533471222,0.2857142857142857,0.7142857142857143,28,28,10,0.3611438979140643,0.12712796832145196,0.23401592959261244,0.4882718662355166,0.3125,0.6875,185,80,1,0.07978936629049455,0.0,shared_signal,1,train_oof,28,185,985,55,0.4633194895035731,0.10639179593545527,-0.04120278089415705,0.1171659240131246,-0.15059215529465003,-0.1843936527558793,-0.2243850522780591,-0.2595353398435452,0.5607591144054794,0.23481397377947394,0.1640749958253944,high,1.8906478963437134,0.03571428571428571,0.02702702702702703,0.01015228426395939,train_oof,0.37302803861045586,0,1,1,0,drop,train_oof,0.12060301142481507
Base_LR_SMOTE,Base,supervised,LR,SMOTE,337,59,0.2020797406237301,0.05644462918639158,0.14563511143733848,0.2585243698101217,0.42857142857142855,0.5714285714285714,28,28,112,0.09343768900443142,0.05058567394191019,0.04285201506252122,0.1440233629463416,0.4125,0.5875,185,80,1,0.10864205161929869,53.0,true_anomaly_candidate,1,train_oof,28,185,985,55,0.6740993691095959,0.08747238082198419,-0.03607217886938036,-0.0024292718570101362,-0.06864889745329565,-0.1330168292339497,-0.1787289706171601,-0.1224343048564523,0.6931939291920265,0.36872773909306344,0.14611714442063858,high,1.556999222069644,0.03571428571428571,0.043243243243243246,0.01015228426395939,train_oof,0.3604176491766033,0,1,1,0,drop,train_oof,0.12060301142481507
Base_LR_SMOTE,Base,supervised,LR,SMOTE,168,11,0.42636516533942903,0.3732694272138385,0.05309573812559064,0.7996345925532674,0.35714285714285715,0.6428571428571429,28,28,24,0.2649881562870624,0.3120868670490401,-0.047098710761977844,0.5770750233361024,0.4125,0.5875,185,80,1,0.16137700905236663,13.0,true_anomaly_candidate,1,train_oof,28,185,985,55,0.17160802734563171,-0.03443902430431795,0.00372644738042455,-0.042261372754252916,-0.23255534285342994,-0.0757456010259819,-0.1180819815994327,-0.1392501718861602,0.16339295738121218,0.20946071620869391,-0.038469073459498106,low,-1.6421916822436604,0.0,0.0,0.01116751269035533,train_oof,0.35927033721599244,0,0,1,0,drop,train_oof,0.12060301142481507
Base_LR_SMOTE,Base,supervised,LR,SMOTE,14,23,0.3175239896428063,0.17867196598482657,0.1388520236579797,0.4961959556276328,0.5357142857142857,0.4642857142857143,28,28,42,0.2069739196274926,0.19410914326346476,0.012864776364027835,0.4010830628909573,0.4875,0.5125,185,80,1,0.11055007001531372,19.0,true_anomaly_candidate,1,train_oof,28,185,985,55,-0.35457864230690717,-0.21930165349737518,0.06741985615936637,-0.27272866046509764,-0.4478313602934021,-0.2855341253333597,0.0317555225141032,-0.2576890114921759,-0.42998542775106824,-0.12363860722674273,-0.2893461113908324,low,-2.0959380838213306,0.03571428571428571,0.032432432432432434,0.01015228426395939,train_oof,0.3477385586261299,0,1,1,0,drop,train_oof,0.12060301142481507
Base_LR_SMOTE,Base,supervised,LR,SMOTE,159,42,0.24896330366618732,0.08236111605875984,0.1666021876074275,0.3313244197249472,0.39285714285714285,0.6071428571428571,28,28,57,0.1830246359725294,0.06808354712947909,0.11494108884305029,0.25110818310200844,0.325,0.675,185,80,1,0.06593866769365792,15.0,shared_signal,1,train_oof,28,185,985,55,0.4478776749487041,0.1667672309425774,-0.06198811174155577,0.32357370528783264,-0.13149433433905966,-0.1991381209044287,-0.2759814624426879,-0.2013027220745205,0.5864256946013572,0.19827454786912016,0.24547192986130534,high,4.552507783634308,0.10714285714285714,0.03783783783783784,0.01015228426395939,train_oof,0.3322270607106246,0,1,1,0,drop,train_oof,0.12060301142481507
Base_LR_SMOTE,Base,supervised,LR,SMOTE,561,31,0.27872628172442726,0.19416342869287265,0.08456285303155453,0.4728897104172997,0.5,0.5,28,28,73,0.15142967904938234,0.26275257407978586,-0.11132289503040357,0.41418225312916795,0.3625,0.6375,185,80,1,0.12729660267504492,42.0,true_anomaly_candidate,1,train_oof,28,185,985,55,0.28473451145134177,0.03856947917435656,-0.017575491298019493,0.05060455769868967,0.1816382392108958,0.0169088844342699,-0.1999196848201034,-0.3769423557503596,0.30136602046006744,0.2537272858124474,0.05638931627533729,high,2.7244401058375343,0.0,0.016216216216216217,0.01116751269035533,train_oof,0.33159996630247235,0,1,1,0,drop,train_oof,0.12060301142481507
Base_LR_SMOTE,Base,supervised,LR,SMOTE,460,24,0.31475249083210305,0.16836152322614023,0.1463909676059628,0.48311401405824334,0.39285714285714285,0.6071428571428571,28,28,46,0.20020606072688857,0.23030522003694856,-0.030099159310059943,0.4305112807638369,0.375,0.625,185,80,1,0.11454643010521448,22.0,true_anomaly_candidate,1,train_oof,28,185,985,55,0.27606697712707107,0.04109687619596217,-0.023182622482044526,0.13135135099092307,-0.23144867132141994,-0.1647620603546197,-0.2256374042039275,-0.0537278690784206,0.2959989112378746,0.23281917312131198,0.06438641821451921,low,-1.4153800149356637,0.0,0.016216216216216217,0.01015228426395939,train_oof,0.33104131962372996,0,0,1,0,drop,train_oof,0.12060301142481507
Base_LR_SMOTE,Base,supervised,LR,SMOTE,33,87,0.1405331155891183,0.013652349200127475,0.12688076638899082,0.15418546478924577,0.5,0.5,28,28,119,0.0836747161234033,0.009923839734353308,0.07375087638905001,0.0935985558577566,0.55,0.45,185,80,1,0.056858399465715,32.0,true_anomaly_candidate,1,train_oof,28,185,985,55,0.6456518785610807,0.09939127542768965,-0.04586295608328556,0.15807200638604066,-0.0955486913520491,-0.1130356944613504,-0.1528220154891013,-0.1057833327067178,0.7482786512418675,0.37359318661315827,0.16011909013113793,high,3.088305898013492,0.07142857142857142,0.016216216216216217,0.01116751269035533,train_oof,0.3286222643006354,0,1,1,0,drop,train_oof,0.12060301142481507
Base_LR_SMOTE,Base,supervised,LR,SMOTE,32,66,0.19000199339298574,0.045062112068076164,0.1449398813249096,0.23506410546106196,0.5,0.5,28,28,92,0.12131236094610347,0.052812782277795824,0.06849957866830766,0.17412514322389927,0.525,0.475,185,80,1,0.06868963244688227,26.0,true_anomaly_candidate,1,train_oof,28,185,985,55,0.4883932140920381,0.04997632031581595,-0.027425972452449092,0.07152864472158485,-0.0734437598648058,-0.0413223038758783,-0.1222951408479649,-0.0860629032890252,0.5301935332403496,0.3413928693792783,0.08196101851502194,high,3.3446366997540915,0.07142857142857142,0.016216216216216217,0.01015228426395939,train_oof,0.3146617467666549,0,1,1,0,drop,train_oof,0.12060301142481507
Base_LR_SMOTE,Base,supervised,LR,SMOTE,133,12,0.4215725858877641,0.19027034426120082,0.2313022416265634,0.611842930148965,0.7142857142857143,0.2857142857142857,28,28,8,0.3863699951640759,0.1395420755691616,0.24682791959491435,0.5259120707332376,0.7125,0.2875,185,80,1,0.0352025907236882,-4.0,shared_signal,1,train_oof,28,185,985,55,0.2495137223510006,0.14878711290311702,-0.048744086727418354,0.23876780539089615,0.2518007183996857,0.2163530962349759,-0.0320165255890551,0.102884122081413,0.2902551798876906,0.11261583889860806,0.19747955101139067,high,2.1469719020373548,0.0,0.005405405405405406,0.014213197969543147,train_oof,0.30874285213240515,1,0,1,0,drop,train_oof,0.12060301142481507
Base_LR_SMOTE,Base,supervised,LR,SMOTE,67,253,0.00024283289005927773,0.7684928582457344,-0.7682500253556751,0.768735691135794,0.5,0.5,28,28,252,0.0001924194825539054,0.5765758462094736,-0.5763834267269197,0.5767682656920275,0.4375,0.5625,185,80,1,5.041340750537232e-05,-1.0,shared_signal,1,train_oof,28,185,985,55,0.6035897456634115,0.15718581416678457,-0.04384602950434462,-0.05699491848180216,-0.0573264927406841,-0.0572044821494215,-0.0573202395161021,-0.0571617275441399,0.9716211630971562,0.19449579769418543,0.22902474303299383,low,-0.058703976319417955,0.0,0.016216216216216217,0.01015228426395939,train_oof,0.30196228546491033,0,1,1,0,drop,train_oof,0.12060301142481507
Base_LR_SMOTE,Base,supervised,LR,SMOTE,65,72,0.16566432520694427,0.44481495712610897,-0.27915063191916467,0.6104792823330533,0.35714285714285715,0.6428571428571429,28,28,55,0.18504027003575882,0.2783008517696509,-0.09326058173389207,0.4633411218054098,0.5625,0.4375,185,80,1,-0.01937594482881455,-17.0,shared_signal,1,train_oof,28,185,985,55,0.7013424861841041,0.10403569135719266,-0.0450074159341397,0.06330579965741036,0.7043557467302433,-0.237188806166218,-0.1484560713672542,-0.1254730625541483,0.8126481087547338,0.4441046476548694,0.15267653075408283,high,2.5700343688332237,0.14285714285714285,0.03783783783783784,0.01015228426395939,train_oof,0.3018136040651199,0,1,0,0,drop,train_oof,0.12060301142481507
Base_LR_SMOTE,Base,supervised,LR,SMOTE,132,8,0.45156333808177784,0.6350077332155806,-0.18344439513380256,1.0865710712973586,0.35714285714285715,0.6428571428571429,28,28,6,0.4426625516393966,0.5677757213964296,-0.12511316975703296,1.010438273035826,0.4375,0.5625,185,80,1,0.008900786442381237,-2.0,shared_signal,1,train_oof,28,185,985,55,0.24595262899451684,0.047046005912370605,-0.012733366569883251,-0.06269736156634476,0.2915072948730967,-0.008233068901931,-0.1949871896340301,0.0440580849030603,0.25978900870154026,0.19828089964550907,0.06049026494688737,high,2.0748223937439434,0.0,0.005405405405405406,0.01015228426395939,train_oof,0.29641035875691263,0,0,1,0,drop,train_oof,0.12060301142481507
Base_LR_SMOTE,Base,supervised,LR,SMOTE,562,51,0.21667877165066524,0.10418633761898984,0.11249243403167535,0.32086510926965506,0.4642857142857143,0.5357142857142857,28,28,76,0.14519508784673785,0.09332942857734043,0.05186565926939736,0.2385245164240783,0.425,0.575,185,80,1,0.07148368380392739,25.0,shared_signal,1,train_oof,28,185,985,55,-0.3076893312773129,-0.1887272704969889,0.015784644664395265,-0.18409910354849393,0.0818746857997669,0.1050852931649826,0.1887927251301679,-0.0002208576750326,-0.34718045988956425,-0.1310850763493552,-0.2233545149175456,low,-2.0785374495891444,0.14285714285714285,0.016216216216216217,0.01015228426395939,train_oof,0.2963062803019047,0,1,1,0,drop,train_oof,0.12060301142481507
Base_LR_SMOTE,Base,supervised,LR,SMOTE,68,89,0.1337221865885143,0.0544844533848413,0.07923773320367303,0.18820663997335565,0.5357142857142857,0.4642857142857143,28,28,122,0.0808304862890417,0.06206190975649091,0.01876857653255081,0.14289239604553255,0.525,0.475,185,80,1,0.05289170029947261,33.0,true_anomaly_candidate,1,train_oof,28,185,985,55,-0.4802375341129001,-0.04152467087955198,0.021980364496375682,-0.019617049357978197,-0.0031877467981671495,-0.0526520307512506,0.0679699769227741,-0.1488255086548765,-0.5164255434678001,-0.29666746760801826,-0.06892753583792612,low,-2.0836423332151215,0.03571428571428571,0.016216216216216217,0.01015228426395939,train_oof,0.2935698261032181,0,1,1,0,drop,train_oof,0.12060301142481507
Base_LR_SMOTE,Base,supervised,LR,SMOTE,80,71,0.1707574386531841,0.06778310149989039,0.10297433715329375,0.23854054015307447,0.5357142857142857,0.4642857142857143,28,28,93,0.12006126435382794,0.07587348889776588,0.044187775456062034,0.19593475325159387,0.4875,0.5125,185,80,1,0.05069617429935616,22.0,shared_signal,1,train_oof,28,185,985,55,-0.3916065190358898,-0.12408730688813567,0.04499932053398384,-0.09951167591801378,-0.7582390326888944,0.110288475382301,0.2180916555410208,0.1936833883352729,-0.46320473324812,-0.22349980917713838,-0.17307102444896433,low,-1.927801836297647,0.07142857142857142,0.021621621621621623,0.01116751269035533,train_oof,0.2922731551440654,0,1,1,0,drop,train_oof,0.12060301142481507
Base_LR_SMOTE,Base,supervised,LR,SMOTE,298,226,0.01193265901767943,0.12211471326570884,-0.11018205424802939,0.13404737228338826,0.5,0.5,28,28,206,0.026418352057746085,0.07174427983270333,-0.04532592777495726,0.09816263189044942,0.6125,0.3875,185,80,1,-0.014485693040066654,-20.0,false_positive_risk,1,train_oof,28,185,985,55,0.733228744017528,0.12766353714533496,-0.056561226393105526,0.22251063060565854,-0.0429925099910567,-0.1763354013152423,-0.1747092684942156,-0.1405604792526559,0.9262122630015939,0.4006071296860423,0.2026083516720911,high,2.248944133276611,0.10714285714285714,0.03783783783783784,0.01015228426395939,train_oof,0.2903073880648563,0,1,0,0,drop,train_oof,0.12060301142481507
Base_LR_SMOTE,Base,supervised,LR,SMOTE,102,61,0.19956586546766103,0.12233685469705395,0.07722901077060705,0.32190272016471494,0.7857142857142857,0.21428571428571427,28,28,91,0.12520045998539525,0.07010023106264003,0.055100228922755165,0.19530069104803527,0.5875,0.4125,185,80,1,0.07436540548226578,30.0,true_anomaly_candidate,1,train_oof,28,185,985,55,-0.21003240264255765,-0.2876881264964421,0.07007183532137923,-0.1897729527631866,-0.45221014052891007,-0.244416369214212,-0.0310065500261438,-0.2604622202809841,-0.287110245150586,0.0673861579493896,-0.36873686412137796,low,-1.9801923542133448,0.07142857142857142,0.032432432432432434,0.01015228426395939,train_oof,0.28634316358983536,1,0,1,0,drop,train_oof,0.12060301142481507
Base_LR_SMOTE,Base,supervised,LR,SMOTE,332,144,0.06547072595670793,0.36551092873409896,-0.30004020277739096,0.4309816546908069,0.5714285714285714,0.42857142857142855,28,28,157,0.0586748614301227,0.5826498084028822,-0.5239749469727596,0.6413246698330046,0.5875,0.4125,185,80,1,0.0067958645265852255,13.0,shared_signal,1,train_oof,28,185,985,55,0.2863847035144829,0.19539936623500087,-0.04949310681949364,0.07352040477138826,-0.07177547496927056,-0.0905322804337176,-0.1023745008328812,-0.0874485344505797,0.7213647405765438,0.04064650929342441,0.2530697157073981,high,0.5011699047477268,0.03571428571428571,0.021621621621621623,0.01015228426395939,train_oof,0.2839485175485901,0,1,1,0,drop,train_oof,0.12060301142481507
Base_LR_SMOTE,Base,supervised,LR,SMOTE,295,74,0.16054621079978326,0.020639454366792886,0.13990675643299041,0.18118566516657622,0.5714285714285714,0.42857142857142855,28,28,78,0.13687628721640094,0.04494020839495167,0.09193607882144922,0.1818164956113526,0.4375,0.5625,185,80,1,0.023669923583382324,4.0,shared_signal,1,train_oof,28,185,985,55,0.3861207305746341,0.19449617710315217,-0.06470420073512796,0.31469634353402953,-0.015051956401073601,-0.1537203732965279,-0.2020687912807002,-0.1464740094450797,0.5172108235668581,0.14085853503885215,0.27266288996803073,high,5.428120129665659,0.0,0.032432432432432434,0.01015228426395939,train_oof,0.28334350600207536,0,1,1,0,drop,train_oof,0.12060301142481507
Base_LR_SMOTE,Base,supervised,LR,SMOTE,115,68,0.18779982337104012,0.07507062455617027,0.1127291988148698,0.2628704479272103,0.5714285714285714,0.42857142857142855,28,28,68,0.16269907813149662,0.13834769169175462,0.024351386439741957,0.30104676982325135,0.4625,0.5375,185,80,1,0.025100745239543504,0.0,shared_signal,1,train_oof,28,185,985,55,-0.4085495867842244,-0.0980017790621019,0.0323465655888188,-0.041666355428020684,-0.14107181096331115,0.020544349923455,0.1024622413537116,0.0627038394405493,-0.4435396734408063,-0.3089270117223724,-0.13047929663823485,low,-2.820208927233477,0.0,0.010810810810810811,0.01015228426395939,train_oof,0.2792963539727352,0,1,1,0,drop,train_oof,0.12060301142481507
Base_LR_SMOTE,Base,supervised,LR,SMOTE,441,83,0.1478428944393413,0.08204089028411489,0.06580200415522638,0.2298837847234561,0.5357142857142857,0.4642857142857143,28,28,98,0.107048236675782,0.09083268139769682,0.016215555278085172,0.19788091807347882,0.5625,0.4375,185,80,1,0.04079465776355928,15.0,shared_signal,1,train_oof,28,185,985,55,0.36823011488778995,0.19135940537547097,-0.05064834661258074,0.07667824164845172,0.22915111588017112,0.2318308653793545,0.0238823042427217,0.0463922000358622,0.42787492982389225,0.15996525687914548,0.24531342146628027,high,1.9404391460586967,0.17857142857142858,0.05405405405405406,0.013197969543147208,train_oof,0.2777895601581619,0,1,1,0,drop,train_oof,0.12060301142481507
Base_LR_SMOTE,Base,supervised,LR,SMOTE,302,115,0.09226336501988064,0.042415197227092416,0.04984816779278824,0.13467856224697303,0.39285714285714285,0.6071428571428571,28,28,196,0.03455410093800743,0.03342371832394368,0.0011303826140637413,0.06797781926195114,0.4875,0.5125,185,80,1,0.057709264081873206,81.0,true_anomaly_candidate,1,train_oof,28,185,985,55,0.4023556913045446,-0.03760664317091423,0.0009676274415661866,-0.10352136060737831,-0.0875421799601558,-0.1251895828751011,-0.1037480156520198,-0.132669199348269,0.37557368914805184,0.433564530871473,-0.039928907826907396,high,1.7925441895572967,0.03571428571428571,0.005405405405405406,0.01015228426395939,train_oof,0.26892329088381567,0,1,1,0,drop,train_oof,0.12060301142481507
Base_LR_SMOTE,Base,supervised,LR,SMOTE,511,56,0.2090471776324316,0.1296055618383694,0.07944161579406218,0.33865273947080093,0.5357142857142857,0.4642857142857143,28,28,49,0.1918108760854796,0.12417322609284558,0.06763764999263387,0.3159841021783251,0.5375,0.4625,185,80,1,0.01723630154695202,-7.0,shared_signal,1,train_oof,28,185,985,55,0.3129458003856022,0.13346226002150377,-0.04623529611190643,0.20349200098852868,0.3304886963531945,-0.2206847659643505,-0.8374816063277984,0.0057615609068684,0.36583501262938845,0.16887190596862597,0.1813067399308263,high,2.1118729445804045,0.0,0.010810810810810811,0.01015228426395939,train_oof,0.268612811551471,0,1,1,0,drop,train_oof,0.12060301142481507
Base_LR_SMOTE,Base,supervised,LR,SMOTE,553,159,0.05535543123359996,0.1904433327949242,-0.13508790156132425,0.2457987640285241,0.5357142857142857,0.4642857142857143,28,28,134,0.07673344529181972,0.05705060274225095,0.019682842549568775,0.13378404803407068,0.5625,0.4375,185,80,1,-0.021378014058219756,-25.0,false_positive_risk,1,train_oof,28,185,985,55,0.6368124712002091,-0.0066795759297724475,-0.026888819739179295,-0.015902429145300594,0.07105532945723475,-0.0362349206766773,-0.1046942720851995,-0.1168819902162101,0.6879051067894817,0.6015914600983232,0.023819293088375295,high,1.4541007943473152,0.07142857142857142,0.005405405405405406,0.01015228426395939,train_oof,0.26249357151444414,0,1,0,0,drop,train_oof,0.12060301142481507
Base_LR_SMOTE,Base,supervised,LR,SMOTE,30,60,0.20061901787245087,0.2081675272730564,-0.00754850940060557,0.4087865451455072,0.42857142857142855,0.5714285714285714,28,28,52,0.1898551359182864,0.2297515925401159,-0.039896456621829536,0.4196067284584024,0.475,0.525,185,80,1,0.010763881954164473,-8.0,shared_signal,1,train_oof,28,185,985,55,0.285412689114883,0.23265044795765538,-0.057544551054572776,0.1031509565033183,0.3845439786930389,0.2435474750372088,0.0335526823583125,0.0785515665037903,0.34181527500092074,0.05386652016642615,0.2913239396556444,high,2.144900326464127,0.03571428571428571,0.021621621621621623,0.01015228426395939,train_oof,0.26028002074024564,0,1,1,0,drop,train_oof,0.12060301142481507
Base_LR_SMOTE,Base,supervised,LR,SMOTE,281,16,0.3694761608487241,0.2200616254725369,0.1494145353761871,0.5895377863212609,0.7142857142857143,0.2857142857142857,28,28,11,0.3543828410531069,0.0909397796195488,0.2634430614335579,0.44532262067265577,0.7625,0.2375,185,80,1,0.015093319795617177,-5.0,shared_signal,1,train_oof,28,185,985,55,-0.05024337648720654,-0.0564989838899631,0.02751372993419379,-0.2776883246027846,-0.2529847019900928,-0.2529847019900926,-0.1785354283628034,-0.3460462940242044,-0.07498108540858126,0.00703830428464629,-0.08315774254866705,low,-1.3228207640142409,0.03571428571428571,0.0,0.01015228426395939,train_oof,0.25867331686099426,1,0,1,0,drop,train_oof,0.12060301142481507
Base_LR_SMOTE,Base,supervised,LR,SMOTE,60,46,0.235036340330588,0.3233580353409187,-0.08832169501033062,0.5583943756715066,0.39285714285714285,0.6071428571428571,28,28,40,0.21635928305310767,0.36800160055553266,-0.151642317502425,0.5843608836086405,0.375,0.625,185,80,1,0.01867705727748034,-6.0,shared_signal,1,train_oof,28,185,985,55,-0.21170916973895823,-0.14292579886795714,0.032143824205241645,0.04511296364437989,-0.373058436097205,-0.2837694945436463,-0.2073192141999656,-0.198394474951151,-0.2480674125679501,-0.0648206869082665,-0.17511586374206284,low,-1.4667252341891526,0.03571428571428571,0.03783783783783784,0.01015228426395939,train_oof,0.2583103209407719,0,0,1,0,drop,train_oof,0.12060301142481507
Base_LR_SMOTE,Base,supervised,LR,SMOTE,304,32,0.278094617349099,0.2985696866086157,-0.020475069259516702,0.5766643039577145,0.5,0.5,28,28,36,0.2233386277176582,0.23497640837255646,-0.011637780654898285,0.4583150360902149,0.45,0.55,185,80,1,0.05475598963144082,4.0,shared_signal,1,train_oof,28,185,985,55,0.04256746863465213,-0.006181732792503923,0.007104142386378567,-0.13560283991030575,0.029123109538877753,0.0963137725782046,0.0994029984650703,-0.0396121664438818,0.034918344505446106,0.05088447057613504,-0.013230634973680062,low,-1.650890604515242,0.10714285714285714,0.032432432432432434,0.01015228426395939,train_oof,0.2566488089157254,0,0,1,0,drop,train_oof,0.12060301142481507
Base_LR_SMOTE,Base,supervised,LR,SMOTE,273,73,0.16346759573497205,0.21528032398108513,-0.051812728246113056,0.37874791971605715,0.17857142857142858,0.8214285714285714,28,28,90,0.1266761457974617,0.2259704016025721,-0.09929425580511045,0.3526465474000338,0.2625,0.7375,185,80,1,0.03679144993751035,17.0,shared_signal,1,train_oof,28,185,985,55,0.20108408034268524,0.22610261244929966,-0.04555863311026236,0.032963047336064956,-0.26640799411703,-0.0832178123170608,-0.1580146613646852,-0.1562150760436484,0.2533115303087366,-0.02134546053186012,0.272605494131185,low,-2.796662974903808,0.0,0.0,0.012182741116751269,train_oof,0.2548544859124874,0,0,1,0,drop,train_oof,0.12060301142481507
Base_LR_SMOTE,Base,supervised,LR,SMOTE,137,15,0.38092539479770604,0.16076157674138258,0.2201638180563235,0.5416869715390887,0.6428571428571429,0.35714285714285715,28,28,7,0.42467602910556695,0.19256948029701051,0.23210654880855636,0.6172455094025774,0.6375,0.3625,185,80,1,-0.043750634307860914,-8.0,shared_signal,1,train_oof,28,185,985,55,0.1916553645190162,0.19005713398497626,-0.0504267095247526,0.17370330095457948,0.2893806800682005,0.0910416159979347,-0.1515867536414201,0.3529262054499365,0.24638304208850623,0.0015083027825833978,0.24055261705636946,high,2.1276564482627522,0.03571428571428571,0.03783783783783784,0.01015228426395939,train_oof,0.25305862400978657,1,0,0,0,drop,train_oof,0.12060301142481507
Base_LR_SMOTE,Base,supervised,LR,SMOTE,282,54,0.21361016588941362,0.10131876447456493,0.1122914014148486,0.31492893036397857,0.5714285714285714,0.42857142857142855,28,28,47,0.1998765569917536,0.08850429204787683,0.11137226494387686,0.28838084903963057,0.625,0.375,185,80,1,0.01373360889766001,-7.0,shared_signal,1,train_oof,28,185,985,55,0.16479140586535626,0.18516155518386126,-0.05104999062561052,0.19859246915538648,0.0608555714836176,0.1058587162674632,-0.1341580559130465,0.2858712954028456,0.25055329928768133,-0.013731345758177116,0.23587157037527917,high,1.6551669806926506,0.03571428571428571,0.016216216216216217,0.01015228426395939,train_oof,0.2519028810123102,0,0,1,0,drop,train_oof,0.12060301142481507
Base_LR_SMOTE,Base,supervised,LR,SMOTE,423,127,0.08220623333950193,0.053231435729636435,0.0289747976098655,0.13543766906913837,0.5,0.5,28,28,155,0.05880875571085222,0.06102937445872245,-0.002220618747870196,0.11983813016957463,0.5125,0.4875,185,80,1,0.02339747762864971,28.0,shared_signal,1,train_oof,28,185,985,55,0.3245332807103014,0.232850549062499,-0.06129826954265121,0.14176515001458218,0.1694811454805705,0.1291048508254387,-0.2989808707942517,-0.1906203761486702,0.3950835572171418,0.08603115407972645,0.2972285042002392,high,3.5385036955970235,0.0,0.010810810810810811,0.01015228426395939,train_oof,0.25145229107225076,0,1,1,0,drop,train_oof,0.12060301142481507
Base_LR_SMOTE,Base,supervised,LR,SMOTE,95,198,0.02608197515541619,0.1624778780173468,-0.13639590286193062,0.188559853172763,0.2857142857142857,0.7142857142857143,28,28,195,0.03531755980061275,0.12361145930214465,-0.08829389950153195,0.15892901910275734,0.35,0.65,185,80,1,-0.009235584645196557,-3.0,false_positive_risk,1,train_oof,28,185,985,55,0.5174978895992605,0.17958761742489798,-0.05823040240064226,0.1777378642243345,0.3830604694868797,0.3830604694868797,-0.5580014712997856,0.3830604694868797,0.579244165770422,0.35103031482490205,0.24086668406028858,high,2.26518435106021,0.07142857142857142,0.032432432432432434,0.024365482233502538,train_oof,0.24847024344698238,0,1,0,0,drop,train_oof,0.12060301142481507
Base_LR_SMOTE,Base,supervised,LR,SMOTE,448,19,0.3403492379928998,0.32687622184175097,0.013473016151148801,0.6672254598346509,0.75,0.25,28,28,13,0.3444108458751816,0.2891032287897698,0.055307617085411896,0.6335140746649512,0.7625,0.2375,185,80,1,-0.004061607882281826,-6.0,shared_signal,1,train_oof,28,185,985,55,0.11364014494712896,0.005473042791049888,0.0003961660521690844,-0.08455768802338187,-0.37501459218955546,-0.4053139684878124,-0.3035946337722356,-0.3732831992582265,0.11323778416631732,0.10368735220295225,0.005076948990942774,low,-1.1675597065053904,0.0,0.0,0.012182741116751269,train_oof,0.24812747954656877,1,0,0,0,drop,train_oof,0.12060301142481507
Base_LR_SMOTE,Base,supervised,LR,SMOTE,438,137,0.07128696939437863,0.17517776573459543,-0.10389079634021688,0.24646473512897402,0.5357142857142857,0.4642857142857143,28,28,147,0.06632686616147701,0.06831867695911278,-0.0019918107976357896,0.13464554312058968,0.6,0.4,185,80,1,0.004960103232901622,10.0,shared_signal,1,train_oof,28,185,985,55,0.4792149216646894,-0.08038865171772737,0.008652280672553865,-0.13763692311198036,-0.06448839134758849,-0.2380541149500115,-0.1709325859235628,-0.2710518330302809,0.45046720830023956,0.4495847006616915,-0.09588289673347625,high,2.47721823189318,0.07142857142857142,0.0,0.01015228426395939,train_oof,0.24712936319930245,0,1,1,0,drop,train_oof,0.12060301142481507
Base_LR_SMOTE,Base,supervised,LR,SMOTE,154,206,0.02007246407013679,0.008039422365572882,0.012033041704563905,0.028111886435709665,0.5714285714285714,0.42857142857142855,28,28,228,0.010413340830615857,0.010660339230827064,-0.00024699840021120826,0.021073680061442928,0.45,0.55,185,80,1,0.009659123239520933,22.0,true_anomaly_candidate,1,train_oof,28,185,985,55,0.4853113208436808,0.02818380545095795,-0.011254002224440552,-0.1284319359321724,0.22227685897064514,-0.0131060476501582,-0.0617334257657927,-0.2887024349009391,0.4964276973264028,0.4232855434361046,0.04026240018335508,high,2.2643479263615984,0.07142857142857142,0.016216216216216217,0.01015228426395939,train_oof,0.24603327781410128,0,1,1,0,drop,train_oof,0.12060301142481507
Base_LR_SMOTE,Base,supervised,LR,SMOTE,19,45,0.2357560735316488,0.0012289969515454169,0.23452707658010336,0.2369850704831942,0.9642857142857143,0.03571428571428571,28,28,41,0.21594156380283955,0.027101855296599066,0.18883970850624046,0.24304341909943866,0.8125,0.1875,185,80,1,0.019814509728809243,-4.0,shared_signal,1,train_oof,28,185,985,55,0.13954982468869145,0.08593264249010742,-0.026159685262915296,0.11006090558361284,0.09788997567397831,0.0508631371015174,0.0692535209008085,-0.000629937536488,0.15126689708270102,0.14918221417827024,0.10897025500302501,high,0.8456429809529966,0.0,0.021621621621621623,0.01015228426395939,train_oof,0.24584321642032725,1,0,1,0,drop,train_oof,0.12060301142481507
Base_LR_SMOTE,Base,supervised,LR,SMOTE,0,97,0.11887300614775989,0.07209042103171841,0.04678258511604146,0.19096342717947828,0.6428571428571429,0.35714285714285715,28,28,120,0.08248532516240514,0.047206826992839165,0.03527849816956598,0.1296921521552443,0.575,0.425,185,80,1,0.03638768098535475,23.0,shared_signal,1,train_oof,28,185,985,55,-0.2233689035679216,-0.02178289241023937,0.01303240715859409,-0.06597084490545178,-0.31703542224334047,0.0222423453516487,-0.0354161895032002,-0.4009873167426543,-0.23829741009446043,-0.19950757272321873,-0.03536186238824741,low,-2.278167694006935,0.0,0.005405405405405406,0.01015228426395939,train_oof,0.2440063363730314,1,0,1,0,drop,train_oof,0.12060301142481507
Base_LR_SMOTE,Base,supervised,LR,SMOTE,405,79,0.1513489171255348,0.11526986897257654,0.036079048152958225,0.2666187860981113,0.5357142857142857,0.4642857142857143,28,28,97,0.11377351691534288,0.12897269168167882,-0.015199174766335982,0.24274620859702178,0.475,0.525,185,80,1,0.03757540021019193,18.0,shared_signal,1,train_oof,28,185,985,55,0.19227660283351738,-0.08379726535839009,0.01560104726261683,-0.10913128562043611,0.252625703994138,-0.1280378571728545,-0.0073396548516127,-0.1187533800712203,0.1780867882000356,0.27130196887487,-0.1005261202285377,high,2.0445297846094923,0.0,0.005405405405405406,0.016243654822335026,train_oof,0.2426723984598035,0,0,1,0,drop,train_oof,0.12060301142481507
Base_LR_SMOTE,Base,supervised,LR,SMOTE,51,44,0.24352621715574002,0.17455622282228012,0.0689699943334599,0.4180824399780202,0.6428571428571429,0.35714285714285715,28,28,38,0.21869293980815,0.1562361763146431,0.06245676349350683,0.3749291161227931,0.575,0.425,185,80,1,0.024833277347590027,-6.0,shared_signal,1,train_oof,28,185,985,55,0.08171685782664258,0.05610190169661292,-0.012067800787217451,-0.002749492477319211,0.6732580202384905,0.4517565393770975,0.3807848168508331,0.4582043155026735,0.09348411431284662,0.025924412932422293,0.06835872997831259,high,1.4668897940733183,0.0,0.005405405405405406,0.01015228426395939,train_oof,0.24211603559107728,1,0,1,0,drop,train_oof,0.12060301142481507
Base_LR_SMOTE,Base,supervised,LR,SMOTE,419,53,0.21490122903139322,0.10380359628984014,0.11109763274155303,0.3187048253212334,0.5714285714285714,0.42857142857142855,28,28,34,0.22806596052922776,0.1097901162599483,0.1182758442692794,0.337856076789176,0.625,0.375,185,80,1,-0.013164731497834536,-19.0,shared_signal,1,train_oof,28,185,985,55,0.25456616431075707,0.10045410882872319,-0.025848633178644564,-0.0014265755834844281,0.2200932678632196,0.1375806039880872,-0.1816861916126299,0.0651472968356543,0.27883810577540846,0.15338225248827234,0.12582518077982585,high,2.0442763230972107,0.0,0.010810810810810811,0.01015228426395939,train_oof,0.24174567093526877,0,0,0,0,drop,train_oof,0.12060301142481507
Base_LR_SMOTE,Base,supervised,LR,SMOTE,280,21,0.33772123092551853,0.08088122092974138,0.2568400099957771,0.41860245185525985,0.6785714285714286,0.32142857142857145,28,28,9,0.37361065949181793,0.046259594493653,0.3273510649981649,0.419870253985471,0.8125,0.1875,185,80,1,-0.0358894285662994,-12.0,shared_signal,1,train_oof,28,185,985,55,-0.15754893872175188,-0.09675310304242558,0.03392590330178775,-0.20841299130374874,-0.3244816223058373,-0.2774267718995853,-0.1519471708162455,-0.2460568716287501,-0.18435943551421338,-0.0725834087879758,-0.12848496992281652,low,-1.377882873400472,0.0,0.016216216216216217,0.01015228426395939,train_oof,0.24044675754550313,1,0,0,0,drop,train_oof,0.12060301142481507
Base_LR_SMOTE,Base,supervised,LR,SMOTE,563,41,0.25026346416608597,0.08580039613155356,0.16446306803453234,0.33606386029763946,0.6428571428571429,0.35714285714285715,28,28,31,0.24059462640655224,0.1379216363915992,0.10267299001495304,0.37851626279815165,0.65,0.35,185,80,1,0.009668837759533727,-10.0,shared_signal,1,train_oof,28,185,985,55,-0.0828125253370866,0.07176161628173267,0.040590135055820036,0.012699165740906864,-0.0968072849716164,0.0004819304765895,-0.0293258291500953,-0.0790054285279027,-0.13040545078424287,-0.18645380332569497,0.03320827543589531,low,-1.21600585962132,0.0,0.005405405405405406,0.01015228426395939,train_oof,0.24040881095354194,1,0,1,0,drop,train_oof,0.12060301142481507
Base_LR_SMOTE,Base,supervised,LR,SMOTE,124,125,0.08469102705668448,0.17121916966774367,-0.0865281426110592,0.2559101967244281,0.42857142857142855,0.5714285714285714,28,28,126,0.07997025134956144,0.16074761100780668,-0.08077735965824515,0.24071786235736803,0.4375,0.5625,185,80,1,0.004720775707123037,1.0,shared_signal,1,train_oof,28,185,985,55,0.29598927036940637,0.21539087945670896,-0.06942094688019161,0.3434564975620246,0.12484700307778696,0.0377200306384171,-0.2236608866797079,0.2991009479565267,0.363627447952333,0.08435157366210076,0.287921559300098,high,2.1287673691833247,0.10714285714285714,0.03783783783783784,0.013197969543147208,train_oof,0.23773324741047763,0,1,1,0,drop,train_oof,0.12060301142481507
Base_LR_SMOTE,Base,supervised,LR,SMOTE,416,47,0.23399645195776161,0.13565044923108177,0.09834600272667982,0.3696469011888435,0.6071428571428571,0.39285714285714285,28,28,32,0.2380394018912289,0.11180951315391216,0.12622988873731683,0.349848915045141,0.65,0.35,185,80,1,-0.004042949933467294,-15.0,shared_signal,1,train_oof,28,185,985,55,-0.1598617242098466,-0.045695817706008016,0.023744948551430813,-0.23403537547601233,-0.6040377769988489,-0.2328571386294678,-0.144570446481278,-0.363057714928818,-0.17721403205833525,-0.13322374562816924,-0.06849042254939379,low,-2.1572295833095927,0.0,0.005405405405405406,0.01116751269035533,train_oof,0.23639241953474266,1,0,0,0,drop,train_oof,0.12060301142481507
Base_LR_SMOTE,Base,supervised,LR,SMOTE,476,162,0.054011079314292436,0.1426608394044038,-0.08864976009011137,0.19667191871869624,0.5714285714285714,0.42857142857142855,28,28,173,0.04793210979208475,0.1338837861712892,-0.0859516763792044,0.1818158959633739,0.5375,0.4625,185,80,1,0.006078969522207683,11.0,shared_signal,1,train_oof,28,185,985,55,0.33632907856555233,0.16339039610239367,-0.04308586237662696,0.03434453410833759,-0.2258221796555127,-0.1656299293782982,-0.2895049434937763,-0.1771014894575853,0.3909294532778884,0.13489056564389976,0.211334905842771,high,2.9231739293762313,0.03571428571428571,0.016216216216216217,0.01015228426395939,train_oof,0.23627260673189326,0,1,1,0,drop,train_oof,0.12060301142481507
Base_LR_SMOTE,Base,supervised,LR,SMOTE,213,189,0.03193192771660301,0.011419887592316784,0.020512040124286226,0.0433518153089198,0.35714285714285715,0.6428571428571429,28,28,218,0.01526497773044647,0.00922737164478498,0.00603760608566148,0.024492349375231443,0.55,0.45,185,80,1,0.016666949986156542,29.0,true_anomaly_candidate,1,train_oof,28,185,985,55,0.3725432351952561,0.08304492077085461,-0.032527446889775276,0.05893687048688949,-0.0731016380401791,0.0074634306841386,-0.1207476464255284,-0.0375837045165552,0.38051273412092473,0.33497629462717776,0.11751250635102779,high,1.7343626844239597,0.03571428571428571,0.016216216216216217,0.01015228426395939,train_oof,0.236215827541373,0,1,1,0,drop,train_oof,0.12060301142481507
Base_LR_SMOTE,Base,supervised,LR,SMOTE,NA_109,48,0.22770517309168772,0.3869136680988841,-0.15920849500719633,0.6146188411905718,0.21428571428571427,0.7857142857142857,28,28,23,0.26565603527363557,0.36932668318529854,-0.10367064791166283,0.6349827184589335,0.25,0.75,185,80,1,-0.03795086218194785,-25.0,shared_signal,1,train_oof,28,185,985,55,0.7857142857142857,0.7135135135135136,0.6375634517766497,0.6727272727272727,1.0,1.0,1.0,1.0,0.30905247834764804,0.16081731839128693,0.15932264949752503,flat,,,,,train_oof,0.23518839383963602,0,1,0,0,drop,train_oof,0.12060301142481507
Base_LR_SMOTE,Base,supervised,LR,SMOTE,221,50,0.2186048135156587,0.3104140601564029,-0.09180924664074418,0.5290188736720617,0.5,0.5,28,28,51,0.19034073362989373,0.37218695399663265,-0.1818462203667389,0.5625276876265264,0.4625,0.5375,185,80,1,0.02826407988576496,1.0,shared_signal,1,train_oof,28,185,985,55,-0.05090111202764188,-0.0829768748901623,0.007568620218163919,0.1694702195738641,-0.23541710935835988,-0.1391080138170574,0.0749121984969488,-0.0363783119063342,-0.0592033689620368,0.034991560038260545,-0.09277964272968774,low,-1.5173981811192565,0.0,0.010810810810810811,0.012182741116751269,train_oof,0.23445994390714092,0,0,1,0,drop,train_oof,0.12060301142481507
Base_LR_SMOTE,Base,supervised,LR,SMOTE,489,117,0.09132828755393156,0.06696547608363915,0.024362811470292435,0.15829376363757072,0.32142857142857145,0.6785714285714286,28,28,149,0.06451076998238778,0.0814006446803809,-0.016889874697993162,0.14591141466276858,0.4375,0.5625,185,80,1,0.026817517571543784,32.0,shared_signal,1,train_oof,28,185,985,55,0.22874574423452376,0.03161815468203079,-0.012978685581649205,0.01100456371072065,-0.14121366460340856,-0.1464820771400902,-0.2308951138764702,-0.3161589391322874,0.2419672553373626,0.20826099357855327,0.04510146383726913,high,2.9220481462382666,0.0,0.005405405405405406,0.01015228426395939,train_oof,0.23412877438397445,0,0,1,0,drop,train_oof,0.12060301142481507
Base_LR_SMOTE,Base,supervised,LR,SMOTE,NA_72,152,0.05731749522336902,0.06413362979047237,-0.006816134567103345,0.1214511250138414,0.35714285714285715,0.6428571428571429,28,28,166,0.054165032986083717,0.06609326847851452,-0.011928235492430852,0.12025830146459808,0.3375,0.6625,185,80,1,0.0031524622372853042,14.0,shared_signal,1,train_oof,28,185,985,55,0.35714285714285715,0.3945945945945946,0.5461928934010152,0.36363636363636365,0.0,0.0,1.0,0.0,-0.37973612813753754,-0.07646074871741103,-0.30511332869405844,low,0.0,0.6428571428571429,0.6054054054054054,0.45380710659898477,train_oof,0.23382971254080426,0,1,1,0,drop,train_oof,0.12060301142481507
Base_LR_SMOTE,Base,supervised,LR,SMOTE,488,92,0.12245674703984909,0.08254324514921826,0.03991350189063083,0.20499999218906736,0.6071428571428571,0.39285714285714285,28,28,101,0.10531800509708944,0.07173572008671183,0.03358228501037754,0.1770537251838013,0.5625,0.4375,185,80,1,0.017138741942759647,9.0,shared_signal,1,train_oof,28,185,985,55,-0.22382008753980864,0.05862572724784311,0.0013282017168291527,-0.17311284372928412,-0.3223030973770463,0.0396170313408818,-0.0033102708857174,-0.1497408179485377,-0.2278627101234945,-0.27428139114157685,0.057882933947541564,low,-1.395282106447686,0.25,0.15675675675675677,0.13705583756345177,train_oof,0.23306385230759702,1,0,1,0,drop,train_oof,0.12060301142481507
Base_LR_SMOTE,Base,supervised,LR,SMOTE,76,244,0.002245370794420079,0.006590011410342803,-0.004344640615922724,0.00883538220476288,0.32142857142857145,0.6785714285714286,28,28,240,0.0042156502067561795,0.004507371293656598,-0.0002917210869004204,0.00872302150041278,0.5,0.5,185,80,1,-0.0019702794123361003,-4.0,false_positive_risk,1,train_oof,28,185,985,55,-0.4117162512657702,-0.15415472565524252,0.0535859128715655,-0.07790680969967764,-0.1793335171586776,-0.1864500907202956,0.1141125124731043,-0.1523843919884119,-0.46602672392060135,-0.26129384316643134,-0.21057020992926523,low,-2.4201832185386802,0.07142857142857142,0.005405405405405406,0.01015228426395939,train_oof,0.23228529855531654,0,1,0,0,drop,train_oof,0.12060301142481507
Base_LR_SMOTE,Base,supervised,LR,SMOTE,NA_112,230,0.008143140363940926,0.018681322011393883,-0.010538181647452962,0.02682446237533482,0.25,0.75,28,28,226,0.010586082473123204,0.01681318981025449,-0.006227107337131286,0.027399272283377678,0.325,0.675,185,80,1,-0.002442942109182278,-4.0,false_positive_risk,1,train_oof,28,185,985,55,0.25,0.3567567567567568,0.4761421319796954,0.34545454545454546,0.0,0.0,0.0,0.0,-0.4539130660163063,-0.22452202730083257,-0.24036333232961501,flat,,,,,train_oof,0.23151708363661072,0,1,0,0,drop,train_oof,0.12060301142481507
Base_LR_SMOTE,Base,supervised,LR,SMOTE,366,36,0.26464134585349725,0.07324812775190062,0.19139321810159657,0.33788947360539795,0.5357142857142857,0.4642857142857143,28,28,18,0.2843591829176072,0.08599244008441617,0.19836674283319106,0.37035162300202334,0.525,0.475,185,80,1,-0.019717837064109955,-18.0,shared_signal,1,train_oof,28,185,985,55,0.10113027072131829,0.11374531289706735,-0.029179541904324317,0.07912530713686838,-0.1297480531568414,-0.2120995572152933,-0.2532753092445194,-0.2120995572152933,0.1372312102709829,-0.010665284078642277,0.14324238356736768,high,2.6619679344246707,0.03571428571428571,0.03783783783783784,0.01015228426395939,train_oof,0.2285231844677144,0,0,0,0,drop,train_oof,0.12060301142481507
Base_LR_SMOTE,Base,supervised,LR,SMOTE,182,121,0.08728594046767069,0.038731568346992984,0.04855437212067771,0.1260175088146637,0.7142857142857143,0.2857142857142857,28,28,121,0.08141735590746112,0.07656141702002184,0.004855938887439245,0.1579787729274829,0.6375,0.3625,185,80,1,0.005868584560209569,0.0,shared_signal,1,train_oof,28,185,985,55,-0.27635302788923477,0.010669807905150867,0.00676556485409016,-0.003789296002606933,-0.4995819402358892,-0.2308616813579848,-0.1172178714360516,0.0603505815669689,-0.28777179106484885,-0.2598820719403586,0.0038408546692859733,low,-1.5057558223322047,0.0,0.010810810810810811,0.01015228426395939,train_oof,0.22849067040014948,1,0,1,0,drop,train_oof,0.12060301142481507
Base_LR_SMOTE,Base,supervised,LR,SMOTE,181,118,0.09009812698375118,0.04768321955243267,0.042414907431318524,0.13778134653618385,0.6428571428571429,0.35714285714285715,28,28,115,0.08583307464551725,0.04806489721184877,0.037768177433668455,0.13389797185736602,0.625,0.375,185,80,1,0.004265052338233932,-3.0,shared_signal,1,train_oof,28,185,985,55,-0.27464467108023,-0.03924347890882508,0.01730690358139212,-0.035071506543124444,-0.4266429149206659,-0.1129310755716423,-0.0822180283626469,-0.1568068572987785,-0.2844170829676996,-0.26828193052148996,-0.05605234802281526,low,-1.6441958578486946,0.03571428571428571,0.005405405405405406,0.01116751269035533,train_oof,0.227723877445939,1,0,1,0,drop,train_oof,0.12060301142481507
Base_LR_SMOTE,Base,supervised,LR,SMOTE,58,105,0.10552828251106987,0.09271882225034565,0.012809460260724213,0.1982471047614156,0.5,0.5,28,28,128,0.07913280950000458,0.10473753800054877,-0.02560472850054419,0.18387034750055326,0.425,0.575,185,80,1,0.02639547301106529,23.0,shared_signal,1,train_oof,28,185,985,55,0.13381820587005683,0.07866405477761569,-0.027435838759189375,0.1823533820136305,0.0142408426987796,-0.1043227376601092,-0.2895414651859396,0.1882520676036252,0.15929542097247074,0.05589744680359963,0.10539245713848722,high,2.2115012249717947,0.0,0.005405405405405406,0.012182741116751269,train_oof,0.22535772207383015,0,0,1,0,drop,train_oof,0.12060301142481507
Base_LR_SMOTE,Base,supervised,LR,SMOTE,248,124,0.08596983248007792,0.3167490779788678,-0.23077924549878995,0.4027189104589457,0.4642857142857143,0.5357142857142857,28,28,131,0.07842779121330799,0.09258917425583776,-0.014161383042529766,0.17101696546914577,0.5625,0.4375,185,80,1,0.007542041266769925,7.0,shared_signal,1,train_oof,28,185,985,55,0.2715551233794605,-0.07262496329351914,0.007341721096004624,-0.025445827725242932,0.00031695754142269973,-0.0961511199159856,-0.0786114694691841,-0.0961511199159856,0.2398281949585177,0.5826627996194058,-0.07956735799945051,high,1.255003323931621,0.03571428571428571,0.0,0.01015228426395939,train_oof,0.2225826633365445,0,0,1,0,drop,train_oof,0.12060301142481507
Base_LR_SMOTE,Base,supervised,LR,SMOTE,571,158,0.05565041741345901,0.036088545225295324,0.01956187218816369,0.09173896263875433,0.39285714285714285,0.6071428571428571,28,28,188,0.03875143389900727,0.0369209164920248,0.0018305174069824554,0.07567235039103204,0.45,0.55,185,80,1,0.016898983514451738,30.0,shared_signal,1,train_oof,28,185,985,55,-0.2256194176704695,-0.01116114314610911,0.007852598334004146,0.011769923960161596,0.37750370330049066,0.0710012780114829,0.0222808450473944,0.3615059491928787,-0.24214551225843753,-0.18306865747025752,-0.019480744930189663,high,1.8692942738352456,0.0,0.010810810810810811,0.013197969543147208,train_oof,0.22202423349152056,0,0,1,0,drop,train_oof,0.12060301142481507
Base_LR_SMOTE,Base,supervised,LR,SMOTE,522,100,0.11161626932698311,0.08235211710386935,0.029264152223113786,0.19396838643085249,0.4642857142857143,0.5357142857142857,28,28,103,0.10357757505528395,0.09941776608055451,0.004159808974729386,0.2029953411358385,0.475,0.525,185,80,1,0.008038694271699162,3.0,shared_signal,1,train_oof,28,185,985,55,0.17253450847325189,0.07296531386570594,-0.02426353811644294,0.10127337713253308,-0.02368987167456315,-0.0015469946957835,-0.1813998031632842,-0.0541479409174022,0.19453465844895312,0.10674201847305677,0.0972246965155056,high,2.6793316905919844,0.0,0.005405405405405406,0.01015228426395939,train_oof,0.22160293564862343,0,0,1,0,drop,train_oof,0.12060301142481507
Base_LR_SMOTE,Base,supervised,LR,SMOTE,442,224,0.012774500494768038,0.04794041205162709,-0.03516591155685907,0.06071491254639514,0.25,0.75,28,28,207,0.025757278585557902,0.027507589406844717,-0.001750310821286819,0.05326486799240261,0.3875,0.6125,185,80,1,-0.012982778090789864,-17.0,false_positive_risk,1,train_oof,28,185,985,55,-0.3991268154074196,-0.03356395741714921,0.014461454815668753,0.0530461083165541,-0.4504173169157169,-0.2222565663744091,-0.0812929696523994,-0.1484625086368764,-0.4113452807051027,-0.3844994870397352,-0.047819093901940134,low,-1.481993539484654,0.03571428571428571,0.0,0.01116751269035533,train_oof,0.22101038502504683,0,1,0,0,drop,train_oof,0.12060301142481507
Base_LR_SMOTE,Base,supervised,LR,SMOTE,120,150,0.0607965646638114,0.03902523749961725,0.021771327164194155,0.09982180216342863,0.6428571428571429,0.35714285714285715,28,28,191,0.036572053113335765,0.05735768857160215,-0.020785635458266376,0.09392974168493791,0.5125,0.4875,185,80,1,0.024224511550475634,41.0,true_anomaly_candidate,1,train_oof,28,185,985,55,-0.19653395097985982,0.04805066207602712,-0.004207810262392509,0.013786750033210823,-0.452141233398098,-0.0187558998176148,0.0240671706551122,0.0732343997163981,-0.19462688949964999,-0.23188793266659838,0.05235570897876681,low,-2.6980843965209282,0.0,0.0,0.01015228426395939,train_oof,0.22041585694646626,1,0,1,0,drop,train_oof,0.12060301142481507
Base_LR_SMOTE,Base,supervised,LR,SMOTE,53,49,0.2187901675353118,0.2469186669328318,-0.028128499397519945,0.46570883446814365,0.5,0.5,28,28,44,0.20484471172136726,0.26854934153922005,-0.06370462981785288,0.47339405326058737,0.425,0.575,185,80,1,0.013945455813944546,-5.0,shared_signal,1,train_oof,28,185,985,55,0.009482218059120208,0.002637134452799991,-0.0011079222952206022,0.006448271595063471,-0.039332797764317605,0.0220808318641101,0.0922678371537619,0.0922678371537619,0.009851330668382745,0.011737464664271821,0.00366215544380639,low,-2.040715253598513,0.0,0.0,0.01015228426395939,train_oof,0.22016750795707143,0,0,1,0,drop,train_oof,0.12060301142481507
Base_LR_SMOTE,Base,supervised,LR,SMOTE,40,52,0.2162512414869077,0.1268293100077493,0.08942193147915842,0.34308055149465694,0.35714285714285715,0.6428571428571429,28,28,30,0.24806886646406245,0.1304688129513811,0.11760005351268141,0.3785376794154434,0.3375,0.6625,185,80,1,-0.03181762497715476,-22.0,shared_signal,1,train_oof,28,185,985,55,-0.12837715704609245,-0.2123634773203986,0.054372737649882284,-0.19621257493888605,0.3617287118830703,0.3861164217284885,0.4478986200035466,0.4275755284656985,-0.1906767662934344,0.0769819745086344,-0.27156985259611965,low,-2.6377157220048573,0.0,0.010810810810810811,0.012182741116751269,train_oof,0.2200830802862357,0,0,0,0,drop,train_oof,0.12060301142481507
Base_LR_SMOTE,Base,supervised,LR,SMOTE,339,219,0.014692569081046053,0.06938823061273884,-0.0546956615316928,0.0840807996937849,0.35714285714285715,0.6428571428571429,28,28,220,0.014048336560142963,0.06701455953262063,-0.05296622297247765,0.08106289609276361,0.35,0.65,185,80,1,0.0006442325209030896,1.0,shared_signal,1,train_oof,28,185,985,55,0.3126303283701253,0.08400622759542073,-0.024204307118971546,-0.011863030208098917,0.0864297942758533,0.0158868938840242,0.0083829635764088,-0.0065355645351597,0.3470904773248728,0.18151354845501727,0.10914059422636531,high,0.41648064005592644,0.10714285714285714,0.021621621621621623,0.01015228426395939,train_oof,0.219838762184515,0,1,1,0,drop,train_oof,0.12060301142481507
Base_LR_SMOTE,Base,supervised,LR,SMOTE,439,67,0.188848805908919,0.1819071890213539,0.00694161688756514,0.37075599493027317,0.6428571428571429,0.35714285714285715,28,28,58,0.179983504662383,0.1395085039243204,0.04047500073806259,0.3194920085867034,0.6,0.4,185,80,1,0.008865301246536006,-9.0,shared_signal,1,train_oof,28,185,985,55,-0.04035480039082547,-0.12232076808394717,0.030246660836983,-0.11307598699266576,-0.16890348161537455,-0.2112889198494459,-0.117777441524584,-0.1840863909590811,-0.06643547705700965,0.11639104816183557,-0.15016328529401843,low,-1.1835461519119583,0.0,0.005405405405405406,0.01015228426395939,train_oof,0.21943021351408665,1,0,1,0,drop,train_oof,0.12060301142481507
Base_LR_SMOTE,Base,supervised,LR,SMOTE,497,107,0.10359629969630753,0.11411374838500662,-0.010517448688699086,0.21771004808131414,0.4642857142857143,0.5357142857142857,28,28,100,0.10658733406468276,0.10762495034476953,-0.0010376162800867692,0.21421228440945234,0.5375,0.4625,185,80,1,-0.0029910343683752366,-7.0,shared_signal,1,train_oof,28,185,985,55,0.1766672068538348,0.15183285259322793,-0.04488570461000076,0.12787442944974184,0.15303521484563165,0.0042007743184819,-0.2001819091744543,-0.1685326822867804,0.229197645193157,0.023967846124739917,0.20221735959860618,high,3.030289124631786,0.03571428571428571,0.005405405405405406,0.01015228426395939,train_oof,0.2189393354725651,0,0,0,0,drop,train_oof,0.12060301142481507
Base_LR_SMOTE,Base,supervised,LR,SMOTE,3,175,0.043322676848339514,0.047351004714180425,-0.004028327865840907,0.09067368156251995,0.5357142857142857,0.4642857142857143,28,28,181,0.043365445038525956,0.06765662545164526,-0.0242911804131193,0.11102207049017121,0.4625,0.5375,185,80,1,-4.276819018644157e-05,6.0,shared_signal,1,train_oof,28,185,985,55,-0.2580893959909992,-0.21656587504092245,0.054021460720327895,-0.09683598705926809,-0.4646424718330525,-0.4444979613207083,-0.2357824497247368,-0.3113419201464962,-0.30027880218502445,-0.056679820269175646,-0.26854665786056664,low,-1.2009619320121359,0.0,0.010810810810810811,0.01015228426395939,train_oof,0.21859854422686914,0,1,0,0,drop,train_oof,0.12060301142481507
Base_LR_SMOTE,Base,supervised,LR,SMOTE,66,86,0.143982673129219,0.4079334396663429,-0.2639507665371239,0.5519161127955619,0.35714285714285715,0.6428571428571429,28,28,17,0.28721651741018767,0.24482613543081336,0.04239038197937446,0.5320426528410012,0.5375,0.4625,185,80,1,-0.14323384428096866,-69.0,false_positive_risk,1,train_oof,28,185,985,55,-0.6553132475046859,-0.06693770504363332,0.02981639477543533,0.05244157456173505,-0.5795772800615125,-0.0698511910518125,0.0090607732175596,-0.0559487143786184,-0.7139132883005143,-0.4980203195804773,-0.09725527095126416,low,-1.9783705190025902,0.14285714285714285,0.032432432432432434,0.01015228426395939,train_oof,0.21847939204960054,0,1,0,0,drop,train_oof,0.12060301142481507
Base_LR_SMOTE,Base,supervised,LR,SMOTE,499,136,0.07307200801874777,0.03767668565795805,0.03539532236078974,0.11074869367670577,0.6785714285714286,0.32142857142857145,28,28,139,0.07228195137444261,0.05190310541962852,0.020378845954814158,0.1241850567940711,0.6625,0.3375,185,80,1,0.0007900566443051621,3.0,shared_signal,1,train_oof,28,185,985,55,-0.2322021444875582,-0.027297766835101517,0.013829553886963915,-0.03937612210810275,-0.8068866385758996,-0.8068866385758996,-0.8068866385758996,-0.8068866385758996,-0.2482701316813204,-0.20370307432524967,-0.04115722156950626,flat,,,,,train_oof,0.21767067118799355,1,0,1,0,drop,train_oof,0.12060301142481507
Base_LR_SMOTE,Base,supervised,LR,SMOTE,NA_578,88,0.13400146398143528,0.28916105385467594,-0.15515958987324074,0.4231625178361112,0.5,0.5,28,28,74,0.15075164697911456,0.25301592212284146,-0.10226427514372698,0.4037675691019563,0.5625,0.4375,185,80,1,-0.016750182997679275,-14.0,shared_signal,1,train_oof,28,185,985,55,0.5,0.5945945945945946,0.6121827411167513,0.5818181818181818,0.5,1.0,1.0,1.0,-0.22983960551464291,-0.19129580475748717,-0.03602210863706144,low,0.0,0.5,0.40540540540540543,0.38781725888324875,train_oof,0.21758339937588478,0,0,0,0,drop,train_oof,0.12060301142481507
Base_LR_SMOTE,Base,supervised,LR,SMOTE,560,62,0.1991829084673369,0.3984831389688811,-0.19930023050154416,0.597666047436218,0.5357142857142857,0.4642857142857143,28,28,16,0.28771676097697263,0.15290224151263346,0.13481451946433923,0.4406190024896059,0.6875,0.3125,185,80,1,-0.08853385250963572,-46.0,false_positive_risk,1,train_oof,28,185,985,55,0.40824846147849797,-0.002971396565010564,-0.008797997833129944,-0.02480886886721526,0.0890887679887066,-0.2665217178331021,-0.2825945081527318,-0.3087127924221302,0.407229185819044,0.42105172747102193,0.0058267470419130244,high,3.689393799585776,0.03571428571428571,0.016216216216216217,0.013197969543147208,train_oof,0.2162676707456356,0,1,0,0,drop,train_oof,0.12060301142481507
Base_LR_SMOTE,Base,supervised,LR,SMOTE,144,76,0.15607053551375857,0.09236630716707593,0.06370422834668267,0.24843684268083452,0.6785714285714286,0.32142857142857145,28,28,56,0.18342212568759406,0.09909931530017144,0.08432281038742265,0.28252144098776555,0.775,0.225,185,80,1,-0.027351590173835483,-20.0,shared_signal,1,train_oof,28,185,985,55,-0.17735726081503556,-0.21997755244644407,0.058943718595206654,-0.21269778705939626,-0.34170771982501746,-0.4059833943883272,-0.1456262316002371,-0.399474465318625,-0.2290183664711538,0.05542596707301483,-0.27867849897594066,low,-1.1450072009623211,0.0,0.021621621621621623,0.01015228426395939,train_oof,0.21609764248646296,1,0,0,0,drop,train_oof,0.12060301142481507
Base_LR_SMOTE,Base,supervised,LR,SMOTE,92,130,0.07907523147509747,0.07131962232132148,0.00775560915377599,0.1503948537964189,0.6071428571428571,0.39285714285714285,28,28,165,0.05420531160621066,0.07068797992632325,-0.016482668320112588,0.12489329153253385,0.475,0.525,185,80,1,0.024869919868886814,35.0,shared_signal,1,train_oof,28,185,985,55,-0.12460439438111656,-0.03307059928723208,0.011983994312412182,-0.043506573281051855,-0.2978759422726548,-0.0385134995167673,-0.0385134995167673,-0.0995399566357997,-0.132627586359927,-0.09969967132956835,-0.04460346706485712,low,-2.1536905032624283,0.03571428571428571,0.02702702702702703,0.01015228426395939,train_oof,0.2158170080175943,1,0,1,0,drop,train_oof,0.12060301142481507
Base_LR_SMOTE,Base,supervised,LR,SMOTE,82,207,0.019830170383254114,0.0025908990560390287,0.017239271327215085,0.022421069439293142,0.6428571428571429,0.35714285714285715,28,28,217,0.015950593799360847,0.005428610722418292,0.010521983076942552,0.021379204521779143,0.625,0.375,185,80,1,0.0038795765838932662,10.0,shared_signal,1,train_oof,28,185,985,55,-0.2725694830544412,-0.08672737826169007,0.02222699458766626,0.006869287041087785,-0.0549087841781741,-0.110112584617807,0.0554988167010917,0.0361774865472202,-0.29264122973873297,-0.20229158120671922,-0.10890714664750586,low,-2.145697522028832,0.0,0.010810810810810811,0.01015228426395939,train_oof,0.21511381941057184,1,0,1,0,drop,train_oof,0.12060301142481507
Base_LR_SMOTE,Base,supervised,LR,SMOTE,16,95,0.11996221906367151,0.11231140617479778,0.007650812888873713,0.23227362523846934,0.4642857142857143,0.5357142857142857,28,28,87,0.1279236828403454,0.11098251071032028,0.016941172130025096,0.2389061935506655,0.55,0.45,185,80,1,-0.00796146377667388,-8.0,shared_signal,1,train_oof,28,185,985,55,0.13509665303797808,0.18683571206287014,-0.05299137942029877,0.24773019752131076,0.06776463188278364,0.1995240997978128,-0.0647921701799896,0.2348061358355729,0.19020314724934062,-0.05314196257002934,0.24161342039826667,high,1.8828400058362318,0.03571428571428571,0.016216216216216217,0.01015228426395939,train_oof,0.21413304318658027,0,0,0,0,drop,train_oof,0.12060301142481507
Base_LR_SMOTE,Base,supervised,LR,SMOTE,90,166,0.0512343970785588,0.08993849568628114,-0.038704098607722386,0.14117289276483994,0.42857142857142855,0.5714285714285714,28,28,116,0.08501193784882413,0.08425117949518418,0.0007607583536399792,0.1692631173440083,0.4875,0.5125,185,80,1,-0.03377754077026533,-50.0,false_positive_risk,1,train_oof,28,185,985,55,-0.34453682225377374,-0.12040158932986995,0.03602005827839345,-0.05835773828169958,-0.4248919311329148,-0.1340844158060902,0.0370371863285813,-0.0452800120201273,-0.38660567048646566,-0.22402189212556187,-0.15725426326629444,low,-2.2036794901906904,0.0,0.02702702702702703,0.01015228426395939,train_oof,0.2140103966500344,0,1,0,0,drop,train_oof,0.12060301142481507
Base_LR_SMOTE,Base,supervised,LR,SMOTE,77,133,0.07795130589910963,0.11906157901664911,-0.04111027311753946,0.19701288491575877,0.5,0.5,28,28,151,0.06415098651308895,0.08835904415344417,-0.02420805764035521,0.15251003066653307,0.45,0.55,185,80,1,0.013800319386020679,18.0,shared_signal,1,train_oof,28,185,985,55,-0.15043386159022445,-0.042322855053090004,0.010996956805134515,-0.027902088348032667,0.1409228713979443,-0.1700246974283655,-0.0871053457413496,-0.0711593165707695,-0.16383532298952713,-0.0987142993052704,-0.053898536495960485,high,2.544372172104443,0.0,0.021621621621621623,0.01015228426395939,train_oof,0.21398838900736364,0,0,1,0,drop,train_oof,0.12060301142481507
Base_LR_SMOTE,Base,supervised,LR,SMOTE,452,106,0.10502505767909187,0.13460775451229448,-0.029582696833202655,0.23963281219138638,0.35714285714285715,0.6428571428571429,28,28,65,0.16754369774390138,0.1199539633885526,0.04758973435534874,0.2874976611324539,0.5625,0.4375,185,80,1,-0.0625186400648095,-41.0,false_positive_risk,1,train_oof,28,185,985,55,-0.37660002892588906,-0.13019008894835868,0.04758944411959695,-0.2210730775229528,-0.4802029938312846,-0.2088219638980154,-0.0310318968029002,-0.1269162204573918,-0.42153225840026437,-0.2605982736056978,-0.17696168220836325,low,-2.1140718689038107,0.0,0.021621621621621623,0.01015228426395939,train_oof,0.21388931404652387,0,1,0,0,drop,train_oof,0.12060301142481507
Base_LR_SMOTE,Base,supervised,LR,SMOTE,48,81,0.15103430040064025,0.14703677373402368,0.003997526666616589,0.29807107413466394,0.5,0.5,28,28,82,0.13324956715764125,0.12234998418287486,0.010899582974766385,0.255599551340516,0.5625,0.4375,185,80,1,0.017784733242999007,1.0,shared_signal,1,train_oof,28,185,985,55,-0.03917688626352778,0.014771476076212315,0.0012233555654015684,-0.048748018174423875,-0.15399442568748278,0.0711541850771904,-0.0125489551874301,-0.1262409254516723,-0.04061141975969646,-0.05083491544975885,0.013582383237944121,low,-2.3506250982907964,0.0,0.016216216216216217,0.01015228426395939,train_oof,0.21335678373571904,0,0,1,0,drop,train_oof,0.12060301142481507
Base_LR_SMOTE,Base,supervised,LR,SMOTE,46,63,0.19746855065149843,0.280071370895598,-0.08260282024409961,0.47753992154709624,0.42857142857142855,0.5714285714285714,28,28,25,0.257537462136136,0.2101442935196632,0.04739316861647276,0.46768175565579917,0.4875,0.5125,185,80,1,-0.060068911484637555,-38.0,false_positive_risk,1,train_oof,28,185,985,55,-0.25425238994703914,-0.03762660749522144,0.009715336598346442,0.08230191067380761,-0.45244864232699933,-0.0826787164365494,-0.0084677590416331,0.0368542835314893,-0.2662400363035965,-0.20706410524907906,-0.04712840441625903,low,-1.8766894927581717,0.03571428571428571,0.016216216216216217,0.01015228426395939,train_oof,0.21179516328437353,0,0,0,0,drop,train_oof,0.12060301142481507
Base_LR_SMOTE,Base,supervised,LR,SMOTE,128,187,0.034986448120342496,0.11253954817983106,-0.07755310005948855,0.14752599630017355,0.32142857142857145,0.6785714285714286,28,28,184,0.0411413109857431,0.0971306868958936,-0.05598937591015046,0.13827199788163663,0.425,0.575,185,80,1,-0.006154862865400602,-3.0,shared_signal,1,train_oof,28,185,985,55,0.2621272652523984,0.08006246638890357,-0.03067360384931391,0.09623452922247812,0.39821095812912854,-0.0373650767248204,0.0194491886909125,-0.0222146059472917,0.2797050232276247,0.23772261882694617,0.1089911440025639,high,2.515489249288759,0.0,0.005405405405405406,0.012182741116751269,train_oof,0.2109447658528163,0,0,0,0,drop,train_oof,0.12060301142481507
Base_LR_SMOTE,Base,supervised,LR,SMOTE,126,151,0.05954925441211363,0.09015799342941765,-0.030608739017303987,0.14970724784153128,0.4642857142857143,0.5357142857142857,28,28,156,0.058795895739029824,0.07723020244488209,-0.01843430670585229,0.13602609818391193,0.55,0.45,185,80,1,0.0007533586730838066,5.0,shared_signal,1,train_oof,28,185,985,55,0.2079129287021044,0.004406724338277888,-0.013079156958856258,0.08083712255333994,0.184694026401868,-0.048334234033036,-0.0953315302551998,0.0299945930039064,0.21263523489232153,0.24622753931010816,0.017364265711287234,high,4.717974891164911,0.0,0.0,0.012182741116751269,train_oof,0.21018527766329548,0,0,1,0,drop,train_oof,0.12060301142481507
Base_LR_SMOTE,Base,supervised,LR,SMOTE,2,123,0.08674269235394638,0.11805705219682842,-0.03131435984288207,0.2047997445507748,0.4642857142857143,0.5357142857142857,28,28,162,0.0553013520404261,0.11876794315631571,-0.06346659111588959,0.17406929519674189,0.425,0.575,185,80,1,0.031441340313520284,39.0,true_anomaly_candidate,1,train_oof,28,185,985,55,-0.06072744791773983,0.07159481233932934,-0.011386381786811483,0.0038642086776591532,-0.16419207534709795,-0.0138436830044993,0.0469720803673646,-0.1290929332477285,-0.04923070770075492,-0.13273343781872066,0.083324251128877,low,-2.5553411916221265,0.0,0.010810810810810811,0.012182741116751269,train_oof,0.20939832901220246,0,0,1,0,drop,train_oof,0.12060301142481507
Base_LR_SMOTE,Base,supervised,LR,SMOTE,408,213,0.01706982703122079,0.006802430463757196,0.010267396567463592,0.023872257494977983,0.6428571428571429,0.35714285714285715,28,28,223,0.012857034996283332,0.024042841430330197,-0.011185806434046871,0.03689987642661354,0.525,0.475,185,80,1,0.004212792034937457,10.0,shared_signal,1,train_oof,28,185,985,55,-0.23745169561572096,0.04765446451359516,-0.00469678612122617,0.03518795235937049,-0.28678472870299176,-0.1770412429590409,-0.1375867510254893,-0.1974709991286763,-0.24826670477269358,-0.25580153210617185,0.0528971673746783,low,-0.932334644843878,0.03571428571428571,0.021621621621621623,0.01116751269035533,train_oof,0.2087039998797054,1,0,1,0,drop,train_oof,0.12060301142481507
Base_LR_SMOTE,Base,supervised,LR,SMOTE,428,77,0.1546960449712397,0.004735699007683712,0.14996034596355598,0.1594317439789234,0.8214285714285714,0.17857142857142858,28,28,69,0.15535011304696528,0.09447134216081696,0.06087877088614833,0.24982145520778215,0.825,0.175,185,80,1,-0.0006540680757255724,-8.0,shared_signal,1,train_oof,28,185,985,55,-0.07008390512093962,0.001059452190524853,0.006996576134552525,-0.08582334433635627,-0.0863887291917069,-0.1239379796281956,-0.1589249430786937,-0.1042045455271339,-0.07155418753688206,-0.12089433073076572,-0.005749480790844524,high,3.547203666823729,0.0,0.005405405405405406,0.01015228426395939,train_oof,0.20850512733436372,1,0,0,0,drop,train_oof,0.12060301142481507
Base_LR_SMOTE,Base,supervised,LR,SMOTE,41,70,0.17234161908453244,0.045018618443184825,0.12732300064134758,0.2173602375277173,0.75,0.25,28,28,37,0.21903823545933604,0.02341653383522676,0.19562170162410922,0.24245476929456283,0.8375,0.1625,185,80,1,-0.0466966163748036,-33.0,false_positive_risk,1,train_oof,28,185,985,55,0.14360040267289048,0.20009127878115943,-0.04118650554515856,-0.009406921770956232,0.09695370082619024,-0.0451628176830806,-0.131114888077488,-0.1242932951890429,0.22504129163824615,-0.0354718728477423,0.23768715911933075,high,1.286939650658091,0.0,0.021621621621621623,0.01015228426395939,train_oof,0.20842791618874937,1,0,0,0,drop,train_oof,0.12060301142481507
Base_LR_SMOTE,Base,supervised,LR,SMOTE,418,176,0.04178264862183195,0.03679487315275385,0.004987775469078105,0.0785775217745858,0.5714285714285714,0.42857142857142855,28,28,194,0.03634719149394243,0.04270611160096384,-0.006358920107021415,0.0790533030949063,0.5125,0.4875,185,80,1,0.005435457127889523,18.0,shared_signal,1,train_oof,28,185,985,55,-0.18685108109264878,-0.07396234178956186,0.018897509136510626,0.007654363109894953,-0.28586413057842053,-0.1178301921785401,-0.0399573315422211,-0.1081074065065047,-0.20330901818068678,-0.12091926847522491,-0.09297355198365313,low,-1.117143565828484,0.42857142857142855,0.3081081081081081,0.3269035532994924,train_oof,0.20797539869670906,0,0,1,0,drop,train_oof,0.12060301142481507
Base_LR_SMOTE,Base,supervised,LR,SMOTE,55,147,0.06175079151342727,0.09011770636687297,-0.02836691485344572,0.15186849788030024,0.39285714285714285,0.6071428571428571,28,28,148,0.06582204818731457,0.061761596573568514,0.0040604516137460545,0.12758364476088307,0.475,0.525,185,80,1,-0.004071256673887302,1.0,shared_signal,1,train_oof,28,185,985,55,-0.21918869582136427,0.07780216124860784,-0.014640179629174284,0.1310473713195752,-0.8171652248507822,0.0007478061998248,-0.077148672947852,0.1175925249213401,-0.21152692003423254,-0.2677439263955488,0.09408263214492855,low,-2.063508891213612,0.0,0.0,0.016243654822335026,train_oof,0.20789917411162212,0,0,0,0,drop,train_oof,0.12060301142481507
Base_LR_SMOTE,Base,supervised,LR,SMOTE,43,75,0.15758161573546015,0.1993604312604886,-0.04177881552502848,0.35694204699594867,0.39285714285714285,0.6071428571428571,28,28,54,0.1869747923783275,0.22430987291419538,-0.03733508053586786,0.4112846652925228,0.4125,0.5875,185,80,1,-0.029393176642867364,-21.0,shared_signal,1,train_oof,28,185,985,55,-0.15889101515518908,-0.03792969898450789,0.010243677501372343,0.024601965310364658,-0.29971183434803345,-0.25819549757836,-0.3292354558301215,-0.1276903196901872,-0.16816819413315606,-0.1287006971025009,-0.047993804902212306,high,2.432497177794513,0.0,0.0,0.01015228426395939,train_oof,0.20700250470914766,0,0,0,0,drop,train_oof,0.12060301142481507
Base_LR_SMOTE,Base,supervised,LR,SMOTE,78,120,0.08905524714746973,0.07217471211479089,0.016880535032678855,0.16122995926226064,0.5357142857142857,0.4642857142857143,28,28,133,0.0774956328212261,0.04207044779724887,0.03542518502397722,0.11956608061847496,0.675,0.325,185,80,1,0.011559614326243639,13.0,shared_signal,1,train_oof,28,185,985,55,-0.046295703129993,-0.2167043448615217,0.056531125226058895,-0.21487019913998748,-0.371904142855899,-0.3162621942951429,0.1144477038233023,-0.0565997676782811,-0.10156073491570866,0.17203785107606123,-0.2760605667578437,low,-1.854617815096373,0.03571428571428571,0.005405405405405406,0.01015228426395939,train_oof,0.2064400801378905,0,0,1,0,drop,train_oof,0.12060301142481507
Base_LR_SMOTE,Base,supervised,LR,SMOTE,47,194,0.028131903500219473,0.01638069845334164,0.01175120504687784,0.044512601953561125,0.6785714285714286,0.32142857142857145,28,28,209,0.02369222084678147,0.022516567165821157,0.0011756536809603268,0.046208788012602614,0.5875,0.4125,185,80,1,0.004439682653438002,15.0,shared_signal,1,train_oof,28,185,985,55,0.1962932201977891,0.05994606718628143,-0.017827208631830124,0.025599539579490824,0.5520005851979198,0.4863234498581618,0.3402575008625391,0.3234441542155616,0.21341059703565787,0.13888110970910186,0.07754991675062771,high,1.4013057743867101,0.03571428571428571,0.0,0.01015228426395939,train_oof,0.20619769159599405,1,0,1,0,drop,train_oof,0.12060301142481507
Base_LR_SMOTE,Base,supervised,LR,SMOTE,31,116,0.09196592849981262,0.07057298878001958,0.021392939719793034,0.16253891727983213,0.8571428571428571,0.14285714285714285,28,28,96,0.1150326442326515,0.07798946793893319,0.037043176293718345,0.1930221121715847,0.875,0.125,185,80,1,-0.023066715732838874,-20.0,false_positive_risk,1,train_oof,28,185,985,55,-0.1842013299717274,-0.16780167598270185,0.04728560808867742,-0.1805619506927604,-0.42210975833819825,-0.4714221460573344,-0.4513250220057618,-0.4745855822506375,-0.22548087366211989,-0.01955833301462025,-0.2134780798492023,high,1.951137290774142,0.0,0.0,0.01015228426395939,train_oof,0.20554609734886314,1,0,0,0,drop,train_oof,0.12060301142481507
Base_LR_SMOTE,Base,supervised,LR,SMOTE,548,114,0.09430757437109367,0.08270329904446835,0.011604275326625304,0.17701087341556204,0.6785714285714286,0.32142857142857145,28,28,130,0.0784721899859521,0.08234365979408956,-0.0038714698081374634,0.16081584978004165,0.6,0.4,185,80,1,0.01583538438514158,16.0,shared_signal,1,train_oof,28,185,985,55,0.07124850185314595,0.17146526902108938,0.007887595092443219,0.05926518440892858,-0.3798559745238552,-0.251503160320059,-0.2909593705461002,-0.3310134021392013,0.06991159272336066,-0.1001131876485117,0.17863636677272562,low,-1.2298258710883863,0.03571428571428571,0.0,0.01015228426395939,train_oof,0.20540019410706764,1,0,1,0,drop,train_oof,0.12060301142481507
Base_LR_SMOTE,Base,supervised,LR,SMOTE,212,129,0.07967887176654612,0.08110472727411515,-0.001425855507569038,0.16078359904066128,0.5714285714285714,0.42857142857142855,28,28,138,0.07245036345023795,0.0677063809656697,0.004743982484568261,0.1401567444159076,0.65,0.35,185,80,1,0.007228508316308169,9.0,shared_signal,1,train_oof,28,185,985,55,0.08828643240577778,0.10826514358868126,-0.020177266203440805,-0.05634813682702683,-0.13121450382369926,-0.2358343606241309,-0.3232778230244916,-0.3732455158246977,0.12222874912328321,-0.013956643752971058,0.12782532268887883,high,3.2311740043181736,0.0,0.010810810810810811,0.01015228426395939,train_oof,0.20515823649590081,0,0,1,0,drop,train_oof,0.12060301142481507
Base_LR_SMOTE,Base,supervised,LR,SMOTE,433,243,0.002405694358172158,0.005394424669617355,-0.0029887303114451975,0.007800119027789512,0.5,0.5,28,28,246,0.002291215185860643,0.0034979057761427386,-0.0012066905902820958,0.0057891209620033815,0.45,0.55,185,80,1,0.00011447917231151511,3.0,shared_signal,1,train_oof,28,185,985,55,0.24473968533778542,0.012444945090596205,-0.013330306761629612,0.06643656596053946,-0.10822655773433486,-0.1486962060222151,-0.2502259896475837,-0.2258389027625041,0.25788816011903737,0.22882100027140853,0.025960741084911435,high,3.159940323247934,0.03571428571428571,0.021621621621621623,0.01015228426395939,train_oof,0.20502027064550138,0,0,1,0,drop,train_oof,0.12060301142481507
Base_LR_SMOTE,Base,supervised,LR,SMOTE,525,190,0.03067675369549747,0.01677403123524685,0.013902722460250622,0.04745078493074432,0.5357142857142857,0.4642857142857143,28,28,192,0.03646796318725325,0.07483067596765847,-0.03836271278040525,0.11129863915491175,0.575,0.425,185,80,1,-0.005791209491755777,2.0,shared_signal,1,train_oof,28,185,985,55,-0.17571183713547422,0.1299875705014105,-0.01977612555517459,0.005135769306584241,-0.14562857361581036,-0.1183927486626758,-0.0924705487072807,-0.1913602385371192,-0.24085920077703463,-0.15851504208342637,0.1477605211161429,low,-1.169034926054814,0.0,0.010810810810810811,0.01015228426395939,train_oof,0.20500722953403533,0,0,0,0,drop,train_oof,0.12060301142481507
Base_LR_SMOTE,Base,supervised,LR,SMOTE,18,204,0.022397355832720265,0.06254159725950906,-0.040144241426788796,0.08493895309222932,0.42857142857142855,0.5714285714285714,28,28,204,0.027269446632279322,0.05649572474330487,-0.02922627811102556,0.08376517137558417,0.525,0.475,185,80,1,-0.004872090799559057,0.0,false_positive_risk,1,train_oof,28,185,985,55,0.2389923192219067,0.05067486741297906,-0.011975939180012059,-0.07812289675891157,0.23435055269393995,-0.1098534662967586,-0.1584377345428622,-0.1832347860033508,0.24721455250204213,0.21634391462606317,0.06269258669820206,high,2.245416110986796,0.03571428571428571,0.005405405405405406,0.01015228426395939,train_oof,0.20476796394090982,0,0,0,0,drop,train_oof,0.12060301142481507
Base_LR_SMOTE,Base,supervised,LR,SMOTE,349,134,0.07664980567003492,0.04042516944640508,0.03622463622362985,0.11707497511644002,0.6071428571428571,0.39285714285714285,28,28,132,0.0776725441938411,0.09220765962728143,-0.01453511543344033,0.16988020382112254,0.4,0.6,185,80,1,-0.0010227385238061881,-2.0,shared_signal,1,train_oof,28,185,985,55,0.1593246684479401,-0.07612934004888111,0.008231427476818813,-0.028779868155450215,0.05551660839195205,-0.1874963584276403,-0.1207869165555954,-0.2256160394973804,0.14821887210522686,0.27782626595148463,-0.08419058800359316,high,4.414311540311365,0.0,0.0,0.01015228426395939,train_oof,0.20374557048083572,1,0,0,0,drop,train_oof,0.12060301142481507
Base_LR_SMOTE,Base,supervised,LR,SMOTE,483,160,0.054992999937965845,0.0276489295206227,0.027344070417343137,0.08264192945858854,0.8214285714285714,0.17857142857142858,28,28,158,0.05809983903208883,0.025999505185845102,0.03210033384624372,0.08409934421793396,0.7625,0.2375,185,80,1,-0.0031068390941229873,-2.0,shared_signal,1,train_oof,28,185,985,55,-0.14855049184291394,-0.14299471326478186,0.0398330789901586,-0.09625543433901342,-0.33835536722320947,-0.4155275345918631,-0.2631407964228853,-0.2993519644489684,-0.18315363438399165,-0.006729282673210768,-0.18171954604026025,low,-1.0627729969763844,0.03571428571428571,0.06486486486486487,0.09746192893401015,train_oof,0.20323797562649704,1,0,0,0,drop,train_oof,0.12060301142481507
Base_LR_SMOTE,Base,supervised,LR,SMOTE,107,196,0.026754706049962104,0.05681762571321817,-0.030062919663256055,0.08357233176318025,0.42857142857142855,0.5714285714285714,28,28,171,0.047998932001401734,0.05622518156881662,-0.008226249567414882,0.1042241135702184,0.55,0.45,185,80,1,-0.02124422595143963,-25.0,false_positive_risk,1,train_oof,28,185,985,55,-0.26527007881501236,-0.0014145769705516623,0.01688858564304888,-0.16110206932613447,-0.1504056615530453,0.0735215328145493,0.0069638276876572,0.0069638276876572,-0.29161340571442507,-0.2477289745657686,-0.018451849161825382,low,-2.5932990590494,0.0,0.032432432432432434,0.01116751269035533,train_oof,0.20298241654646054,0,0,0,0,drop,train_oof,0.12060301142481507
Base_LR_SMOTE,Base,supervised,LR,SMOTE,6,169,0.048872949850143683,0.060199496669086854,-0.01132654681894316,0.10907244651923051,0.35714285714285715,0.6428571428571429,28,28,175,0.04414177543869454,0.07660649425431079,-0.032464718815616266,0.12074826969300534,0.4375,0.5625,185,80,1,0.004731174411449143,6.0,shared_signal,1,train_oof,28,185,985,55,0.12756791473907253,0.13173060473128814,-0.03403253567189414,0.057613377044426844,-0.0955974285363066,0.1207014751956478,0.0426083464600983,0.1903455542148767,0.15615390052722225,-0.005076882913777786,0.16399263500092517,low,-2.826514463517873,0.0,0.0,0.01116751269035533,train_oof,0.20253234974873074,0,0,1,0,drop,train_oof,0.12060301142481507
Base_LR_SMOTE,Base,supervised,LR,SMOTE,354,164,0.05194997551515862,0.07472327248493875,-0.022773296969780123,0.1266732480000974,0.5714285714285714,0.42857142857142855,28,28,179,0.04355598282059412,0.056031304196781394,-0.012475321376187263,0.09958728701737554,0.5375,0.4625,185,80,1,0.008393992694564499,15.0,shared_signal,1,train_oof,28,185,985,55,-0.14258608442022175,0.07952104161633879,-0.008805950111026209,-0.017377850205099427,0.21960293054374805,0.1931342329550317,0.1704467778789887,0.0343220474227313,-0.1358908712890863,-0.22015344022349645,0.08980442349366842,high,2.0659080246321144,0.0,0.016216216216216217,0.01015228426395939,train_oof,0.20230229501856511,0,0,1,0,drop,train_oof,0.12060301142481507
Base_LR_SMOTE,Base,supervised,LR,SMOTE,34,248,0.0018233206744036712,0.0004030985584411716,0.0014202221159624992,0.002226419232844843,0.35714285714285715,0.6428571428571429,28,28,249,0.0010820183348886465,0.0003356318754991391,0.0007463864593895075,0.0014176502103877854,0.4,0.6,185,80,1,0.0007413023395150247,1.0,true_anomaly_candidate,1,train_oof,28,185,985,55,0.22643665872469582,0.010994795744520749,-0.005593651389970962,-0.05540891068278756,-0.2244940672307216,-0.1779128198493064,-0.159460741221111,-0.1624950830399665,0.2358748043652891,0.17941485624130446,0.016748803909665447,low,-0.5855807436750265,0.0,0.005405405405405406,0.012182741116751269,train_oof,0.2022367541469941,0,0,1,0,drop,train_oof,0.12060301142481507
Base_LR_SMOTE,Base,supervised,LR,SMOTE,139,216,0.015382963585864443,0.06797829371433102,-0.05259533012846657,0.08336125730019546,0.17857142857142858,0.8214285714285714,28,28,176,0.04411796099637093,0.06057954772044764,-0.016461586724076743,0.1046975087168186,0.325,0.675,185,80,1,-0.028734997410506485,-40.0,false_positive_risk,1,train_oof,28,185,985,55,-0.31947049605355116,0.003947801367043292,0.006223878990262611,0.05595228170194762,-0.3634064059942239,-0.3086175797159625,-0.3089518821522202,-0.2970102276819467,-0.3260476341927741,-0.3589418677590351,-0.002280050716503762,low,-1.112580988645901,0.03571428571428571,0.0,0.01015228426395939,train_oof,0.2015191879457563,0,1,0,0,drop,train_oof,0.12060301142481507
Base_LR_SMOTE,Base,supervised,LR,SMOTE,500,139,0.06787609185548334,0.08133033543713475,-0.013454243581651421,0.1492064272926181,0.39285714285714285,0.6071428571428571,28,28,168,0.05166717334777153,0.10032129451192409,-0.048654121164152554,0.15198846785969558,0.3125,0.6875,185,80,1,0.016208918507711806,29.0,shared_signal,1,train_oof,28,185,985,55,0.09082157879390616,-0.08351388886859261,0.017344526886407422,-0.0702893890937456,-0.5538563420510734,-0.7451791565961735,-0.7451791565961735,-0.7451791565961735,0.07293424372317474,0.1788459593122783,-0.10078952057932573,high,2.278259271059122,0.0,0.0,0.01015228426395939,train_oof,0.20092221416576295,0,0,1,0,drop,train_oof,0.12060301142481507
Base_LR_SMOTE,Base,supervised,LR,SMOTE,585,200,0.025147122006711365,0.011835732383353644,0.013311389623357721,0.03698285439006501,0.5,0.5,28,28,153,0.06050423962715277,0.013370186206626531,0.04713405342052624,0.07387442583377929,0.3875,0.6125,185,80,1,-0.0353571176204414,-47.0,false_positive_risk,1,train_oof,28,185,985,55,0.08308558546234844,0.1538176134293131,-0.032038419912118296,0.012029941285980053,-0.01980857770343585,-0.0977422566895624,-0.0916574480523571,-0.1532618383228197,0.3335936973194557,-0.030670497731205868,0.18145054498510718,high,1.2786180803803224,0.07142857142857142,0.016216216216216217,0.01015228426395939,train_oof,0.20091666255025725,0,1,0,0,drop,train_oof,0.12060301142481507
Base_LR_SMOTE,Base,supervised,LR,SMOTE,45,57,0.20768530324225096,0.2662779252375161,-0.0585926219952651,0.4739632284797671,0.5357142857142857,0.4642857142857143,28,28,22,0.26757919369034566,0.20592621422678792,0.06165297946355765,0.4735054079171334,0.5125,0.4875,185,80,1,-0.059893890448094705,-35.0,false_positive_risk,1,train_oof,28,185,985,55,-0.16577115843421275,-0.00422696932817304,-0.00011505154065283466,0.10058070552985225,-0.02437093850328,-0.2630494133446102,0.003445260346577,0.0849260290450713,-0.1712810128629237,-0.14130420869309696,-0.00412924157351731,low,-1.8445060728365184,0.10714285714285714,0.021621621621621623,0.01015228426395939,train_oof,0.20089726751016046,0,0,0,0,drop,train_oof,0.12060301142481507
Base_LR_SMOTE,Base,supervised,LR,SMOTE,288,192,0.03020754890714695,0.044716426336290825,-0.014508877429143882,0.07492397524343777,0.42857142857142855,0.5714285714285714,28,28,210,0.022738699390020177,0.050211374476525475,-0.027472675086505315,0.07295007386654567,0.3875,0.6125,185,80,1,0.007468849517126772,18.0,shared_signal,1,train_oof,28,185,985,55,0.07362271481465735,0.18240238394620092,-0.047641079612712835,0.18779484337480212,0.0413299902803478,0.0413299902803478,-0.1230693346215914,0.1235296527313173,0.15920327856657193,-0.06426493434974295,0.2309640007588998,high,1.6853232392997408,0.0,0.021621621621621623,0.01116751269035533,train_oof,0.20080693474866762,0,0,1,0,drop,train_oof,0.12060301142481507
Base_LR_SMOTE,Base,supervised,LR,SMOTE,472,94,0.12014704439927437,0.11414810458837281,0.005998939810901561,0.23429514898764717,0.4642857142857143,0.5357142857142857,28,28,88,0.1277594651968164,0.10671106499524734,0.02104840020156907,0.23447053019206385,0.55,0.45,185,80,1,-0.007612420797542041,-6.0,shared_signal,1,train_oof,28,185,985,55,-0.0736050604328365,-0.028505723388636394,0.008769329721903195,-0.013207780149069906,-0.17887810671963578,-0.0478415737043933,0.0208405380243309,0.0528680647551131,-0.08296108935164513,-0.042055176509683885,-0.03742454180621465,low,-1.9863700588110071,0.03571428571428571,0.032432432432432434,0.01015228426395939,train_oof,0.19972003143805056,0,0,0,0,drop,train_oof,0.12060301142481507
Base_LR_SMOTE,Base,supervised,LR,SMOTE,101,161,0.054310695388642985,0.015733212903092975,0.038577482485550006,0.07004390829173597,0.7857142857142857,0.21428571428571427,28,28,136,0.07458831795089207,0.04534409735700739,0.02924422059388469,0.11993241530789948,0.6875,0.3125,185,80,1,-0.02027762256224909,-25.0,false_positive_risk,1,train_oof,28,185,985,55,-0.1786948211340431,-0.16082724794939787,0.04255453229252267,-0.13462147394525142,-0.17869482113404314,0.0416719148099151,0.0416719148099151,0.0416719148099151,-0.2241910489367243,-0.017121756348367295,-0.2004528574459699,low,-2.161995444629668,0.0,0.043243243243243246,0.015228426395939087,train_oof,0.19959996089751364,1,0,0,0,drop,train_oof,0.12060301142481507
Base_LR_SMOTE,Base,supervised,LR,SMOTE,368,113,0.09598554887190566,0.2191498015462505,-0.12316425267434485,0.31513535041815605,0.32142857142857145,0.6785714285714286,28,28,106,0.09861741069581272,0.2711677764187671,-0.1725503657229544,0.36978518711457975,0.4875,0.5125,185,80,1,-0.002631861823907053,-7.0,shared_signal,1,train_oof,28,185,985,55,0.05302885765725,0.16369512372915232,-0.03596276556510398,0.04881704627049319,0.056291528449808,-0.080740644837631,-0.1720954270292572,-0.080740644837631,0.09149993070840771,-0.10389754951957575,0.1994290763424651,high,3.030803236609145,0.0,0.02702702702702703,0.01015228426395939,train_oof,0.1988750826374523,0,0,0,0,drop,train_oof,0.12060301142481507
Base_LR_SMOTE,Base,supervised,LR,SMOTE,89,209,0.01966459418586904,0.03383698457346498,-0.014172390387595931,0.053501578759334,0.42857142857142855,0.5714285714285714,28,28,189,0.03849370345697396,0.01946825696759544,0.01902544648937852,0.05796196042456938,0.625,0.375,185,80,1,-0.018829109271104923,-20.0,false_positive_risk,1,train_oof,28,185,985,55,-0.22302845252749964,-0.05934984657098047,-0.0007132639792355405,0.26683882957733934,-0.33479756605062017,-0.0204508216177593,0.0196044422157906,-0.0239338880380681,-0.2592537722792252,-0.4302746235414909,-0.0723231387056849,low,-0.7094710208832274,0.0,0.016216216216216217,0.01015228426395939,train_oof,0.19848265269514148,0,0,0,0,drop,train_oof,0.12060301142481507
Base_LR_SMOTE,Base,supervised,LR,SMOTE,588,182,0.037939497635451604,0.020903017209766683,0.017036480425684904,0.05884251484521829,0.5357142857142857,0.4642857142857143,28,28,180,0.043378207943214245,0.038382994107406775,0.004995213835807469,0.081761202050621,0.325,0.675,185,80,1,-0.005438710307762641,-2.0,shared_signal,1,train_oof,28,185,985,55,0.16816246710352095,-0.00259159106168931,-0.00916168128501552,0.09578808121500407,0.0430020772038354,-0.2833965866522073,-0.2490388325620975,-0.0085345539313291,0.18072651160209743,0.16217748943568866,0.00655252479850631,high,3.358525346899427,0.0,0.005405405405405406,0.01116751269035533,train_oof,0.1983869829756224,0,0,0,0,drop,train_oof,0.12060301142481507
Base_LR_SMOTE,Base,supervised,LR,SMOTE,577,128,0.07988754529667094,0.06889800887645411,0.010989536420216797,0.14878555417312506,0.7142857142857143,0.2857142857142857,28,28,129,0.07849502472092104,0.09066475416527527,-0.012169729444354217,0.16915977888619632,0.7625,0.2375,185,80,1,0.0013925205757499004,1.0,shared_signal,1,train_oof,28,185,985,55,-0.06636872654783675,-0.0971060962433006,0.03102509390823174,-0.19521391547742503,-0.22200475747645987,-0.2195732715529488,-0.2187099752478586,-0.2326177579243586,-0.09174060491360322,0.041151297254140254,-0.12513931099536804,low,-0.7716472985833824,0.0,0.032432432432432434,0.013197969543147208,train_oof,0.19794307350833168,1,0,1,0,drop,train_oof,0.12060301142481507
Base_LR_SMOTE,Base,supervised,LR,SMOTE,338,184,0.03670750345790613,0.15756060336506156,-0.12085309990715543,0.19426810682296766,0.6428571428571429,0.35714285714285715,28,28,183,0.042141590943713794,0.20857683907382202,-0.1664352481301083,0.2507184300175359,0.5625,0.4375,185,80,1,-0.005434087485807662,-1.0,shared_signal,1,train_oof,28,185,985,55,0.16359904167062037,0.07714018024218693,-0.017477464014187045,-0.038230020267695494,-0.07258535430793786,-0.0783145226365839,-0.098748556342088,-0.0723784676738478,0.1775523544465012,0.08336799533664759,0.09311107841834149,high,0.5454416768279051,0.03571428571428571,0.021621621621621623,0.01015228426395939,train_oof,0.1977191241969643,1,0,0,0,drop,train_oof,0.12060301142481507
Base_LR_SMOTE,Base,supervised,LR,SMOTE,296,103,0.10998259113695068,0.09553670654624624,0.014445884590704434,0.20551929768319693,0.6428571428571429,0.35714285714285715,28,28,95,0.11591452583679016,0.09491193126357428,0.021002594573215898,0.2108264571003644,0.7125,0.2875,185,80,1,-0.005931934699839478,-8.0,shared_signal,1,train_oof,28,185,985,55,-0.04789695647905327,-0.0871585123367738,0.025121843846941282,-0.11708661115017284,-0.25460638527795953,-0.3165049123528943,-0.3709307244487728,-0.258662660332648,-0.070008592460293,0.04738995941661251,-0.11071118663881373,high,3.5675388683542786,0.03571428571428571,0.005405405405405406,0.01015228426395939,train_oof,0.1968869940752097,1,0,0,0,drop,train_oof,0.12060301142481507
Base_LR_SMOTE,Base,supervised,LR,SMOTE,367,148,0.06104734531185625,0.04051694633169969,0.020530398980156572,0.10156429164355595,0.6071428571428571,0.39285714285714285,28,28,159,0.0576210800515917,0.07757363667634651,-0.01995255662475478,0.1351947167279382,0.6125,0.3875,185,80,1,0.0034262652602645507,11.0,shared_signal,1,train_oof,28,185,985,55,-0.10718995839345699,0.06981434734097548,-0.014623277806981807,0.0672980479874136,-0.15133365825982253,-0.2396210579925537,-0.2043060980994612,-0.1689911382063688,-0.10019595211981241,-0.15373276367694383,0.08612186869620311,high,3.279161545755175,0.0,0.010810810810810811,0.01015228426395939,train_oof,0.19654835261326842,1,0,1,0,drop,train_oof,0.12060301142481507
Base_LR_SMOTE,Base,supervised,LR,SMOTE,310,188,0.0323902549452518,0.03073945749277703,0.0016507974524747789,0.06312971243802883,0.5357142857142857,0.4642857142857143,28,28,185,0.04052521919381092,0.03194827027537432,0.008576948918436588,0.0724734894691852,0.5625,0.4375,185,80,1,-0.00813496424855912,-3.0,false_positive_risk,1,train_oof,28,185,985,55,0.15633684724141325,0.07709071341027678,-0.02763329193342448,0.15311329019808265,0.0386008273729143,-0.0445548134740834,-0.1037889685979735,0.0648005498315571,0.18441777931460288,0.07743859293420384,0.103915815023949,high,2.520739750737417,0.0,0.021621621621621623,0.012182741116751269,train_oof,0.19639240417988812,0,0,0,0,drop,train_oof,0.12060301142481507
Base_LR_SMOTE,Base,supervised,LR,SMOTE,353,170,0.048048518474351695,0.07422003477866368,-0.02617151630431198,0.12226855325301542,0.32142857142857145,0.6785714285714286,28,28,137,0.07284839506873889,0.050444946473300736,0.022403448595438157,0.12329334154203964,0.5,0.5,185,80,1,-0.02479987659438719,-33.0,false_positive_risk,1,train_oof,28,185,985,55,0.24589615059456463,-0.06636538286979414,0.01768768943158518,-0.18475715635634274,0.34056159708147704,0.0952506564254876,0.1143657946584219,-0.0895290131595432,0.22598511160915286,0.34571617719810505,-0.0842507264345624,high,2.113299516803793,0.03571428571428571,0.0,0.01015228426395939,train_oof,0.19624083888388102,0,0,0,0,drop,train_oof,0.12060301142481507
Base_LR_SMOTE,Base,supervised,LR,SMOTE,123,231,0.007792134460783712,0.01672413998432908,-0.00893200552354537,0.024516274445112788,0.5,0.5,28,28,236,0.005287735207811216,0.015368606608993321,-0.01008087140118211,0.020656341816804542,0.375,0.625,185,80,1,0.0025043992529724954,5.0,shared_signal,1,train_oof,28,185,985,55,0.12146689392579242,0.18520213611628264,-0.05362595352670218,0.2560778973255872,-0.1909908993944805,0.1773803937831016,-0.0068052528056853,0.1773803937831016,0.1710074269095374,-0.07137036905474657,0.24008725005617682,low,-2.677497128343162,0.0,0.0,0.012182741116751269,train_oof,0.19546943273163492,0,0,1,0,drop,train_oof,0.12060301142481507
Base_LR_SMOTE,Base,supervised,LR,SMOTE,10,235,0.006050353575271095,0.012727632901953423,-0.006677279326682328,0.018777986477224517,0.2857142857142857,0.7142857142857143,28,28,237,0.005078110406298046,0.009009043610423834,-0.003930933204125792,0.014087154016721875,0.4375,0.5625,185,80,1,0.0009722431689730493,2.0,shared_signal,1,train_oof,28,185,985,55,0.1764646279351259,-0.05578796379563324,0.0009104952528946493,0.08297683709089518,0.40417692777714304,0.0751307280054296,0.0319771280353688,0.1830147279305815,0.17620955570092436,0.22908360390030008,-0.05735438608529693,high,2.302719558459966,0.03571428571428571,0.005405405405405406,0.01015228426395939,train_oof,0.19503139533015243,0,0,1,0,drop,train_oof,0.12060301142481507
Base_LR_SMOTE,Base,supervised,LR,SMOTE,184,142,0.06693664172863352,0.04121155441615908,0.025725087312474443,0.10814819614479261,0.7142857142857143,0.2857142857142857,28,28,143,0.06903312110471906,0.03311728245715824,0.035915838647560816,0.10215040356187728,0.6875,0.3125,185,80,1,-0.002096479376085536,1.0,shared_signal,1,train_oof,28,185,985,55,-0.10154766106404818,-0.02934451596681296,0.008038054626576821,0.006076478107861311,-0.16481392686752872,-0.0776589863115098,-0.1101857105381581,-0.0801610420212521,-0.10036242191383236,-0.16507707549690834,-0.036340762073107366,low,-0.8167996037121427,0.0,0.010810810810810811,0.01015228426395939,train_oof,0.1947759114315576,1,0,0,0,drop,train_oof,0.12060301142481507
Base_LR_SMOTE,Base,supervised,LR,SMOTE,98,232,0.007680344632106471,0.021961062213869537,-0.014280717581763061,0.029641406845976003,0.32142857142857145,0.6785714285714286,28,28,214,0.01760562794736708,0.025509889158185816,-0.007904261210818737,0.04311551710555289,0.475,0.525,185,80,1,-0.00992528331526061,-18.0,false_positive_risk,1,train_oof,28,185,985,55,-0.16986627386685096,-0.15515669131428805,0.039592841235917116,-0.10964047851845844,-0.1679941956529355,0.0065398219010423,0.0526956617591707,0.0526956617591707,-0.21338088337978778,-0.013979900263457893,-0.19270573861486556,low,-2.3396426967004387,0.0,0.02702702702702703,0.01015228426395939,train_oof,0.19463797463733595,0,0,0,0,drop,train_oof,0.12060301142481507
Base_LR_SMOTE,Base,supervised,LR,SMOTE,468,180,0.03853489551770926,0.1144652133985968,-0.07593031788088757,0.15300010891630608,0.17857142857142858,0.8214285714285714,28,28,113,0.0893800788437757,0.12611096804187075,-0.03673088919809502,0.2154910468856464,0.2875,0.7125,185,80,1,-0.05084518332606645,-67.0,false_positive_risk,1,train_oof,28,185,985,55,-0.28645143750960095,-0.11882183432985237,0.03403770356920998,-0.059687172605088594,-0.47361199497470957,-0.5346417921879876,-0.2490047339036106,-0.553504272927027,-0.3267621702857819,-0.16851917269630023,-0.153604105541433,low,-0.9802319324172032,0.0,0.12972972972972974,0.1634517766497462,train_oof,0.19434785753627504,0,1,0,0,drop,train_oof,0.12060301142481507
Base_LR_SMOTE,Base,supervised,LR,SMOTE,269,122,0.08678730240665253,0.12055675305147977,-0.033769450644827274,0.20734405545813228,0.4642857142857143,0.5357142857142857,28,28,114,0.08787931497723975,0.1666006776743853,-0.07872136269714555,0.254479992651625,0.3125,0.6875,185,80,1,-0.0010920125705872197,-8.0,shared_signal,1,train_oof,28,185,985,55,-0.05217786083441871,-0.0811446644059592,0.011624311209215758,0.11675925997320008,-0.07282539483716954,-0.1446485445305078,-0.0406109177019877,0.0351471547018226,-0.06502089609978305,0.027707001486916297,-0.09297666012197417,low,-1.838453754025781,0.0,0.010810810810810811,0.01015228426395939,train_oof,0.1943077089937552,0,0,0,0,drop,train_oof,0.12060301142481507
Base_LR_SMOTE,Base,supervised,LR,SMOTE,118,254,6.991052941693301e-05,4.318940761091676e-05,2.6721121806016256e-05,0.00011309993702784977,0.5714285714285714,0.42857142857142855,28,28,253,8.191478089427512e-05,4.522104956333979e-05,3.669373133093536e-05,0.00012713583045761485,0.5375,0.4625,185,80,1,-1.2004251477342113e-05,-1.0,shared_signal,1,train_oof,28,185,985,55,-0.1584703536061681,-0.09173400358867821,0.019565950278489546,-0.012239408013024507,-0.14713685773837226,0.0623061458984972,0.0623061458984972,0.0369191151546368,-0.1816044666345675,-0.06247542325104397,-0.11089707826817638,low,-2.3535236996875275,0.0,0.016216216216216217,0.01015228426395939,train_oof,0.19409422498479106,0,0,0,0,drop,train_oof,0.12060301142481507
Base_LR_SMOTE,Base,supervised,LR,SMOTE,39,218,0.014732655744896737,0.0647099440707836,-0.049977288325886875,0.07944259981568037,0.6071428571428571,0.39285714285714285,28,28,205,0.027258219046162647,0.049983593423044974,-0.02272537437688234,0.07724181246920761,0.5375,0.4625,185,80,1,-0.01252556330126591,-13.0,false_positive_risk,1,train_oof,28,185,985,55,0.20344108911179118,0.03160461627642804,-0.005387694093168809,-0.11508628527467564,-0.22036085555578344,-0.1439125342968708,-0.1503548085602628,-0.2304537519017632,0.20887582945889752,0.15627826796028055,0.0367431903683577,low,-1.5225592266627026,0.0,0.005405405405405406,0.01116751269035533,train_oof,0.19400189292669254,1,0,0,0,drop,train_oof,0.12060301142481507
Base_LR_SMOTE,Base,supervised,LR,SMOTE,81,153,0.05697513929078316,0.07614414214609333,-0.019169002855310185,0.13311928143687649,0.5,0.5,28,28,160,0.05615779732305674,0.06239586410728483,-0.006238066784228065,0.11855366143034152,0.5375,0.4625,185,80,1,0.000817341967726419,7.0,shared_signal,1,train_oof,28,185,985,55,-0.10651761931111547,0.07215828135103071,-0.014259433741669847,0.04555711236100749,0.055575900026701,0.1444522422223705,0.0792762579455461,0.0615009895064123,-0.09480924309062574,-0.16439112131869366,0.08787449904582804,low,-2.9136049400462287,0.0,0.016216216216216217,0.01015228426395939,train_oof,0.19364571065369107,0,0,1,0,drop,train_oof,0.12060301142481507
Base_LR_SMOTE,Base,supervised,LR,SMOTE,11,202,0.024092443929692186,0.04609753812437222,-0.022005094194680035,0.0701899820540644,0.4642857142857143,0.5357142857142857,28,28,208,0.023870361215633195,0.04461402559445805,-0.020743664378824855,0.06848438681009125,0.4375,0.5625,185,80,1,0.00022208271405899094,6.0,shared_signal,1,train_oof,28,185,985,55,-0.11675803165240972,-0.08987404081260475,0.02764331103964198,-0.1188394938587933,0.0674061244341239,-0.017762884686979,0.1525751335552269,-0.1416450797722096,-0.13872507883660187,-0.032279917050117735,-0.11582757298841533,low,-1.493509533639842,0.07142857142857142,0.05405405405405406,0.01015228426395939,train_oof,0.19299203884374697,0,0,1,0,drop,train_oof,0.12060301142481507
Base_LR_SMOTE,Base,supervised,LR,SMOTE,9,223,0.013338067135367062,0.009593429017476045,0.00374463811789102,0.02293149615284312,0.4642857142857143,0.5357142857142857,28,28,221,0.013675377723458924,0.011133283560985856,0.002542094162473067,0.024808661284444783,0.575,0.425,185,80,1,-0.00033731058809186205,-2.0,shared_signal,1,train_oof,28,185,985,55,-0.13836250474947712,-0.05579369312952417,0.015589579021099581,-0.025620627039440968,-0.02574082551546705,-0.1315154844186882,-0.0191299093340158,-0.1513482329630422,-0.15475601295517916,-0.08018002619096337,-0.07063407528208429,low,-2.290905145927948,0.0,0.016216216216216217,0.01015228426395939,train_oof,0.19281245657067556,0,0,0,0,drop,train_oof,0.12060301142481507
Base_LR_SMOTE,Base,supervised,LR,SMOTE,555,249,0.001103299422179341,0.00240825118335647,-0.001304951761177129,0.0035115506055358107,0.35714285714285715,0.6428571428571429,28,28,248,0.0013894004566361302,0.0024109490660087435,-0.001021548609372613,0.0038003495226448733,0.4625,0.5375,185,80,1,-0.0002861010344567892,-1.0,false_positive_risk,1,train_oof,28,185,985,55,0.18145696921547708,0.12483187454181911,0.02420295395704102,0.13129946470101025,0.06859788516087084,-0.0022182934657631,-0.0142743004697673,0.0227669814878637,0.1711262245991133,0.059670973799935544,0.10876343791627391,high,3.5411101903700537,0.0,0.016216216216216217,0.01015228426395939,train_oof,0.19271799778818588,0,0,0,0,drop,train_oof,0.12060301142481507
Base_LR_SMOTE,Base,supervised,LR,SMOTE,29,90,0.1256240673939087,0.17906874631879216,-0.05344467892488348,0.3046928137127009,0.5357142857142857,0.4642857142857143,28,28,72,0.152635341970921,0.14428290218995832,0.008352439780962633,0.2969182441608792,0.4875,0.5125,185,80,1,-0.0270112745770123,-18.0,false_positive_risk,1,train_oof,28,185,985,55,0.064294276043065,0.14522582296296788,-0.03257236254821936,0.06419124953698947,0.35852489082440786,0.1316095382309192,-0.0017287578933655,-0.0017287578933655,0.09540560334043487,-0.08489384072208958,0.177024947741266,high,2.1338462227350328,0.0,0.032432432432432434,0.01116751269035533,train_oof,0.19218451335323966,0,0,0,0,drop,train_oof,0.12060301142481507
Base_LR_SMOTE,Base,supervised,LR,SMOTE,254,138,0.0694321924708612,0.12073658159222622,-0.05130438912136503,0.19016877406308746,0.42857142857142855,0.5714285714285714,28,28,150,0.06422288408594293,0.14426119433740478,-0.08003831025146188,0.20848407842334776,0.425,0.575,185,80,1,0.005209308384918274,12.0,shared_signal,1,train_oof,28,185,985,55,-0.04487690540346873,0.005056698178649488,0.0011375838539069288,-0.014535561960933295,0.21239564111323425,-0.0052367245202414,0.1144610765781752,0.1035794582965018,-0.04673191528832494,-0.045382204708511696,0.0038911538516100273,high,1.8916469743410476,0.0,0.043243243243243246,0.01015228426395939,train_oof,0.19181278149462794,0,0,1,0,drop,train_oof,0.12060301142481507
Base_LR_SMOTE,Base,supervised,LR,SMOTE,521,256,0.0,0.06669660515768902,-0.06669660515768902,0.06669660515768902,0.0,0.03571428571428571,28,28,256,0.0,0.0,0.0,0.0,0.0,0.0,185,80,1,0.0,0.0,weak_signal,0,train_oof,28,185,985,55,0.18986754698073757,-0.1161003982103422,0.013311405165471387,0.055464513917516556,-0.1161003982103422,-0.1161003982103422,-0.1161003982103422,-0.1161003982103422,0.16470443887839348,0.5282996584330992,-0.13390326174637684,flat,,,,,train_oof,0.19178104035004997,0,0,0,0,drop,train_oof,0.12060301142481507
Base_LR_SMOTE,Base,supervised,LR,SMOTE,567,222,0.013497519481896253,0.010016251410979263,0.0034812680709169867,0.023513770892875506,0.4642857142857143,0.5357142857142857,28,28,225,0.011088721793884017,0.010627609410174824,0.00046111238370918873,0.02171633120405884,0.4125,0.5875,185,80,1,0.0024087976880122364,3.0,shared_signal,1,train_oof,28,185,985,55,0.09334313882624323,0.04850009517915084,-0.028915719932745707,0.12027472708573102,-0.10945117343066975,-0.1459402347273956,-0.2636058192434135,-0.0620820279128063,0.13462516648425737,0.04949988103433498,0.08584516826037944,high,3.0590225704688936,0.03571428571428571,0.010810810810810811,0.01015228426395939,train_oof,0.19155258202270647,0,0,1,0,drop,train_oof,0.12060301142481507
Base_LR_SMOTE,Base,supervised,LR,SMOTE,71,220,0.014021897633303429,0.04819379497168508,-0.03417189733838164,0.062215692604988486,0.42857142857142855,0.5714285714285714,28,28,178,0.04387107628645033,0.0630384430831755,-0.019167366796725125,0.10690951936962587,0.3625,0.6375,185,80,1,-0.0298491786531469,-42.0,false_positive_risk,1,train_oof,28,185,985,55,-0.2172178838055218,-0.07889746891878835,0.021815473402577317,-0.0026364491179840894,-0.0865210137763866,-0.1310221528667607,-0.0170729903287143,-0.1644003961226501,-0.2525679806613902,-0.12735281980133023,-0.10222219505131008,low,-1.7431351780069184,0.0,0.02702702702702703,0.01015228426395939,train_oof,0.19063959883796883,0,0,0,0,drop,train_oof,0.12060301142481507
Base_LR_SMOTE,Base,supervised,LR,SMOTE,1,237,0.004698452983987294,0.011626537959205785,-0.006928084975218491,0.01632499094319308,0.32142857142857145,0.6785714285714286,28,28,235,0.0075751376577886265,0.010133225577878293,-0.002558087920089671,0.017708363235666925,0.3875,0.6125,185,80,1,-0.0028766846738013324,-2.0,false_positive_risk,1,train_oof,28,185,985,55,0.13474582613943104,0.0899048836256669,-0.020472877625257187,0.012925488076807209,0.21322581210871033,0.1080875737773103,0.050223723184854,-0.1340833564800235,0.15860165944979726,0.04045504932193625,0.10980387476403347,high,2.556381470714343,0.03571428571428571,0.02702702702702703,0.01015228426395939,train_oof,0.1903271915227917,0,0,0,0,drop,train_oof,0.12060301142481507
Base_LR_SMOTE,Base,supervised,LR,SMOTE,87,132,0.07838421635250058,0.14799784586782347,-0.06961362951532292,0.22638206222032406,0.6071428571428571,0.39285714285714285,28,28,107,0.09861631820385877,0.2106507532050815,-0.11203443500122276,0.3092670714089402,0.7,0.3,185,80,1,-0.020232101851358195,-25.0,false_positive_risk,1,train_oof,28,185,985,55,-0.0760314587750942,-0.04820823612229409,0.01786038317140912,-0.11900132537313068,0.26913351114449285,0.4087084170136116,0.3785300589878589,0.4087084170136116,-0.12181716859959142,-0.020202021766414845,-0.07256769956109714,low,-1.9334339493653152,0.0,0.010810810810810811,0.01015228426395939,train_oof,0.1902892695039409,1,0,0,0,drop,train_oof,0.12060301142481507
Base_LR_SMOTE,Base,supervised,LR,SMOTE,217,101,0.1110132695232086,0.1440932074547964,-0.03307993793158779,0.255106476978005,0.2857142857142857,0.7142857142857143,28,28,75,0.14603229897391515,0.0812536477456752,0.06477865122823999,0.22728594671959046,0.55,0.45,185,80,1,-0.03501902945070655,-26.0,false_positive_risk,1,train_oof,28,185,985,55,-0.14599504371933256,0.03737335196031885,-0.013548757890649188,0.17659268001242895,-0.4319076963031453,-0.0894628185379893,-0.2218886322961161,-0.0398031383786918,-0.13095981203888354,-0.19906893831173653,0.050557122775850574,low,-1.200929226636667,0.0,0.005405405405405406,0.01015228426395939,train_oof,0.18997635612146377,0,0,0,0,drop,train_oof,0.12060301142481507
Base_LR_SMOTE,Base,supervised,LR,SMOTE,586,96,0.11990644853499186,0.13287863316333243,-0.012972184628340613,0.25278508169832414,0.5,0.5,28,28,89,0.12699658278737985,0.1133736702787093,0.013622912508670551,0.24037025306608917,0.4875,0.5125,185,80,1,-0.007090134252387997,-7.0,shared_signal,1,train_oof,28,185,985,55,-0.018811983576103666,0.0026472763698318427,-0.009025859250784736,0.15595926702904536,1.974172480634362e-05,-0.0823690564666746,-0.0823690564666746,0.1071251793737314,-0.009848042930172631,-0.019989496702869147,0.011607461824066951,high,2.711599867802824,0.0,0.010810810810810811,0.01015228426395939,train_oof,0.1899740686748932,0,0,0,0,drop,train_oof,0.12060301142481507
Base_LR_SMOTE,Base,supervised,LR,SMOTE,412,239,0.0039003463724282426,0.012746108134569334,-0.008845761762141094,0.016646454506997577,0.2857142857142857,0.7142857142857143,28,28,230,0.008905113132603898,0.012397770881800428,-0.0034926577491965344,0.021302884014404326,0.3,0.7,185,80,1,-0.005004766760175655,-9.0,false_positive_risk,1,train_oof,28,185,985,55,-0.18722816087279642,0.15239138712915926,-0.028975920942237023,0.11904746360061774,-0.2690023746947532,-0.1455336670633917,-0.2704585443749042,-0.1105534141943515,-0.1638674244736811,-0.31430417417070733,0.18220839225012606,high,3.81116093367911,0.0,0.005405405405405406,0.01116751269035533,train_oof,0.18976346634004587,0,0,0,0,drop,train_oof,0.12060301142481507
Base_LR_SMOTE,Base,supervised,LR,SMOTE,271,229,0.008418740428428455,0.018943239902568167,-0.010524499474139712,0.027361980330996623,0.39285714285714285,0.6071428571428571,28,28,232,0.008503706590487384,0.019263253769977565,-0.010759547179490183,0.027766960360464943,0.4,0.6,185,80,1,-8.496616205892933e-05,3.0,shared_signal,1,train_oof,28,185,985,55,0.10940108883130462,0.07975989488189149,-0.02690067472226306,0.1579286110671381,0.0217674000974742,0.1278902948212275,-0.060458050007338,0.1485872387794257,0.13718629800609858,0.029511344128292583,0.10715444323034032,high,2.169189087820722,0.0,0.016216216216216217,0.01015228426395939,train_oof,0.18960175264858675,0,0,0,0,drop,train_oof,0.12060301142481507
Base_LR_SMOTE,Base,supervised,LR,SMOTE,357,245,0.002095532441325471,0.0011938690801176987,0.0009016633612077724,0.0032894015214431703,0.5714285714285714,0.42857142857142855,28,28,245,0.0023376457512794104,0.0016553251995587645,0.000682320551720646,0.003992970950838173,0.5,0.5,185,80,1,-0.00024211330995393921,0.0,shared_signal,1,train_oof,28,185,985,55,0.10948750094366334,0.0982776159313009,-0.02462422830602827,0.05059855483869135,-0.0031696133441091,-0.2003195633477112,-0.2003195633477112,-0.0031696133441091,0.1383426909506994,0.009898834998893545,0.12262845510754782,high,3.9713733787285,0.0,0.032432432432432434,0.01015228426395939,train_oof,0.18845887460741215,0,0,0,0,drop,train_oof,0.12060301142481507
Base_LR_SMOTE,Base,supervised,LR,SMOTE,83,191,0.03026690447562933,0.017546313621685173,0.01272059085394415,0.047813218097314515,0.6428571428571429,0.35714285714285715,28,28,200,0.029217382714197427,0.024150299886931074,0.005067082827266348,0.05336768260112849,0.5,0.5,185,80,1,0.0010495217614319013,9.0,shared_signal,1,train_oof,28,185,985,55,-0.08629102306022561,0.03625347401192898,0.0027405639174206105,-0.12709453645782115,-0.1655100740095721,0.1231577713132881,0.024574063465211,-0.1196143123834511,-0.08922114073898302,-0.11941425165462712,0.03353302766790329,low,-2.3810779954382255,0.0,0.005405405405405406,0.01015228426395939,train_oof,0.18786450485301032,1,0,1,0,drop,train_oof,0.12060301142481507
Base_LR_SMOTE,Base,supervised,LR,SMOTE,487,104,0.10788736283311548,0.10631250419374912,0.0015748586393663619,0.21419986702686458,0.25,0.75,28,28,85,0.1317263295420762,0.10907300567831286,0.022653323863763335,0.240799335220389,0.3125,0.6875,185,80,1,-0.023838966708960713,-19.0,false_positive_risk,1,train_oof,28,185,985,55,-0.05920751972549953,-0.03477551921603594,0.014921248745279916,-0.09257872566998444,-0.5108128586070156,-0.5265204765487769,-0.4502356547523923,-0.5211388119791742,-0.0747547961116746,-0.023803803570180863,-0.04985226714837556,low,-0.915088955541793,0.10714285714285714,0.15135135135135136,0.23045685279187816,train_oof,0.18763438693845902,0,0,0,0,drop,train_oof,0.12060301142481507
Base_LR_SMOTE,Base,supervised,LR,SMOTE,570,252,0.00027277155057163716,0.015962865373348713,-0.015690093822777074,0.016235636923920348,0.03571428571428571,0.9642857142857143,28,28,224,0.012517304900230489,0.012021491719173773,0.0004958131810567136,0.024538796619404273,0.125,0.875,185,80,1,-0.012244533349658852,-28.0,false_positive_risk,1,train_oof,28,185,985,55,0.17052415129650053,0.024529280951195914,-0.001821493974363991,-0.13669857540945196,0.1623336731214049,0.1053046386401117,0.1182207180160678,0.0978909743160041,0.18130970650184947,0.15057996416002828,0.02702107016034727,high,0.4870512892496974,0.0,0.005405405405405406,0.01015228426395939,train_oof,0.18760561375943124,0,0,0,0,drop,train_oof,0.12060301142481507
Base_LR_SMOTE,Base,supervised,LR,SMOTE,324,140,0.06768040203986812,0.13043018266859271,-0.06274978062872456,0.19811058470846085,0.32142857142857145,0.6785714285714286,28,28,110,0.0951365583624068,0.14296506736597187,-0.04782850900356511,0.23810162572837856,0.4875,0.5125,185,80,1,-0.027456156322538672,-30.0,false_positive_risk,1,train_oof,28,185,985,55,0.10641000169136161,0.11009794218843452,-0.029855455225338706,0.11596382198049685,0.1793392170895975,-0.0438698588862854,-0.167654892149255,0.1746140249570436,0.1372249366878024,-0.0036994794602881837,0.1399848734590008,high,2.491895648688938,0.03571428571428571,0.016216216216216217,0.01015228426395939,train_oof,0.18649982660224843,0,0,0,0,drop,train_oof,0.12060301142481507
Base_LR_SMOTE,Base,supervised,LR,SMOTE,91,225,0.012070680054237339,0.013822169300317728,-0.0017514892460803923,0.025892849354555065,0.4642857142857143,0.5357142857142857,28,28,203,0.0284188649139837,0.020295000880424744,0.008123864033558952,0.04871386579440844,0.525,0.475,185,80,1,-0.01634818485974636,-22.0,false_positive_risk,1,train_oof,28,185,985,55,0.13474947044941527,0.16536574172291968,-0.03733251803095428,0.04711911309961368,0.11115665372964256,0.1427750610942609,-0.0209631199010839,0.0874428482061788,0.17227928703483109,-0.031780325435880136,0.20081650125889833,high,2.525041379404737,0.0,0.005405405405405406,0.01015228426395939,train_oof,0.18646833317045608,0,0,0,0,drop,train_oof,0.12060301142481507
Base_LR_SMOTE,Base,supervised,LR,SMOTE,24,157,0.05566336954120121,0.030695843859814716,0.02496752568138649,0.08635921340101592,0.4642857142857143,0.5357142857142857,28,28,145,0.0672534282806875,0.044664922824929135,0.022588505455758363,0.11191835110561661,0.5375,0.4625,185,80,1,-0.011590058739486292,-12.0,false_positive_risk,1,train_oof,28,185,985,55,-0.04810809085177714,-0.14618653847113056,0.03359952844897246,-0.08030230508623916,0.1098744440434971,-0.0010110719791756,0.0919642391691288,0.1336748807651001,-0.0801187308251971,0.10696928860045966,-0.17719499996083082,high,3.2613650958802585,0.0,0.0,0.01015228426395939,train_oof,0.18480839240521763,0,0,0,0,drop,train_oof,0.12060301142481507
Base_LR_SMOTE,Base,supervised,LR,SMOTE,223,167,0.050318705413727335,0.040542022086566085,0.009776683327161263,0.09086072750029342,0.5714285714285714,0.42857142857142855,28,28,167,0.05255912790461179,0.08883057622561494,-0.03627144832100316,0.14138970413022675,0.5875,0.4125,185,80,1,-0.002240422490884457,0.0,shared_signal,1,train_oof,28,185,985,55,-0.03251765068826615,0.02080492841143964,-0.0015676777057758357,-0.025350090848290555,-0.2563443841346015,-0.168554770432517,-0.0489278137024533,-0.0771867249711264,-0.05103003924906597,-0.026315350840231948,0.021918028262839537,low,-1.087553722322252,0.0,0.032432432432432434,0.01015228426395939,train_oof,0.1847686732696573,0,0,0,0,drop,train_oof,0.12060301142481507
Base_LR_SMOTE,Base,supervised,LR,SMOTE,474,78,0.1523742747958971,0.11681797495683645,0.035556299839060626,0.2691922497527336,0.2857142857142857,0.7142857142857143,28,28,39,0.2168365929004902,0.09576153559015105,0.12107505731033916,0.31259812849064134,0.425,0.575,185,80,1,-0.0644623181045931,-39.0,false_positive_risk,1,train_oof,28,185,985,55,0.10002452176028184,0.14978065411718985,-0.03215436946208166,0.019487341124112392,-0.3553789728467725,-0.1641131963641942,-0.2038412818688288,-0.1347088369435452,0.1437703134061092,-0.03453592447144471,0.1844567088191234,low,-0.9983668648105265,0.0,0.016216216216216217,0.01015228426395939,train_oof,0.1840720901917977,0,0,0,0,drop,train_oof,0.12060301142481507
Base_LR_SMOTE,Base,supervised,LR,SMOTE,106,211,0.017175891562902314,0.019563983437958253,-0.002388091875055937,0.03673987500086056,0.39285714285714285,0.6071428571428571,28,28,233,0.008422616343947285,0.015575410758177328,-0.007152794414230043,0.023998027102124612,0.3,0.7,185,80,1,0.008753275218955029,22.0,true_anomaly_candidate,1,train_oof,28,185,985,55,-0.03579547190996974,-0.033505629233455035,0.013292365903448872,-0.1196444011576371,-0.1753978123588522,-0.1417006956987771,-0.108003579038702,-0.1753978123588522,-0.04885058626693245,-0.002141486452468988,-0.04721101462760351,low,-2.0004336506685174,0.07142857142857142,0.021621621621621623,0.01015228426395939,train_oof,0.18392112467675037,0,0,1,0,drop,train_oof,0.12060301142481507
Base_LR_SMOTE,Base,supervised,LR,SMOTE,574,240,0.003742397823726033,0.004552822312571538,-0.0008104244888455053,0.008295220136297571,0.9642857142857143,0.03571428571428571,28,28,241,0.003673429488214956,0.006034275221260861,-0.002360845733045904,0.009707704709475818,0.95,0.05,185,80,1,6.89683355110768e-05,1.0,shared_signal,1,train_oof,28,185,985,55,-0.07862537547095354,-0.10674788189102553,0.02812523563486621,-0.10460888067848569,-0.22658773422715878,-0.2300811981073601,-0.2248037157267605,-0.219545354659134,-0.10084131240052334,0.03841372637891971,-0.13235328751472164,low,-0.2732773149073163,0.03571428571428571,0.021621621621621623,0.01015228426395939,train_oof,0.18382365836662937,1,0,1,0,drop,train_oof,0.12060301142481507
Base_LR_SMOTE,Base,supervised,LR,SMOTE,393,126,0.0830476995877377,0.0685530339969828,0.014494665590754865,0.15160073358472048,0.42857142857142855,0.5714285714285714,28,28,94,0.118747227173817,0.08184074610063144,0.03690648107318563,0.2005879732744485,0.5,0.5,185,80,1,-0.035699527586079305,-32.0,false_positive_risk,1,train_oof,28,185,985,55,0.10792400034790259,0.08827739071599879,-0.018236105491750067,-0.02528409786957939,-0.0838744938899459,-0.0337442986511403,-0.0157488439500304,0.0690868710694869,0.1252955292830735,0.020476225931857266,0.10550351290444294,low,-1.952368263298603,0.0,0.0,0.01015228426395939,train_oof,0.18345866250028678,0,0,0,0,drop,train_oof,0.12060301142481507
Base_LR_SMOTE,Base,supervised,LR,SMOTE,490,84,0.14649405254909278,0.11304242542885226,0.033451627120240524,0.2595364779779451,0.4642857142857143,0.5357142857142857,28,28,45,0.20398739065011906,0.157444957180587,0.046542433469532095,0.36143234783070616,0.65,0.35,185,80,1,-0.057493338101026276,-39.0,false_positive_risk,1,train_oof,28,185,985,55,-0.08059064159261879,-0.1437261187225912,0.03519088697562123,-0.10576643168571553,0.033970728386441745,-0.3427075006368525,-0.113016303208077,-0.3406871180372132,-0.1152276194613896,0.06825782874550118,-0.17856269743633724,high,2.9149755360949627,0.0,0.0,0.01015228426395939,train_oof,0.1827412045975533,0,0,0,0,drop,train_oof,0.12060301142481507
Base_LR_SMOTE,Base,supervised,LR,SMOTE,425,146,0.0644858074931885,0.03526739278140744,0.02921841471178106,0.09975320027459596,0.4642857142857143,0.5357142857142857,28,28,118,0.08427072307822116,0.0331925208086135,0.051078202269607666,0.11746324388683463,0.4,0.6,185,80,1,-0.01978491558503266,-28.0,false_positive_risk,1,train_oof,28,185,985,55,0.04330865296222773,0.1370958129485102,-0.03668445043889372,0.1604249096479433,-0.19230929649197376,-0.2071714557594493,-0.2546150011712085,-0.1577811387274507,0.08388143854774295,-0.08124439844145935,0.17311014610474504,high,1.8567265974718223,0.0,0.02702702702702703,0.01015228426395939,train_oof,0.18267422047877846,0,0,0,0,drop,train_oof,0.12060301142481507
Base_LR_SMOTE,Base,supervised,LR,SMOTE,482,181,0.038179972702402656,0.03439654931201703,0.0037834233903856194,0.07257652201441968,0.4642857142857143,0.5357142857142857,28,28,197,0.03394666694757619,0.03087233244858706,0.00307433449898912,0.06481899939616328,0.4625,0.5375,185,80,1,0.004233305754826465,16.0,shared_signal,1,train_oof,28,185,985,55,0.0425398863539983,-0.06528310217056442,0.018371648025995894,-0.1408026610189471,-0.05364441908011615,-0.1573143712381568,-0.065027392230083,-0.302368690836501,0.02398547207657562,0.11450111003427595,-0.08430926808546887,high,2.365584517120424,0.0,0.0,0.01015228426395939,train_oof,0.18217468470318424,0,0,1,0,drop,train_oof,0.12060301142481507
Base_LR_SMOTE,Base,supervised,LR,SMOTE,352,183,0.03768178721007616,0.06529913404650017,-0.02761734683642401,0.10298092125657632,0.39285714285714285,0.6071428571428571,28,28,163,0.05515451193807595,0.07034187581843206,-0.015187363880356113,0.12549638775650807,0.4875,0.5125,185,80,1,-0.017472724727999787,-20.0,false_positive_risk,1,train_oof,28,185,985,55,-0.09212073539604092,-0.09854872357612612,0.02301092749237182,-0.05362356447615158,-0.0913299930579627,-0.1208510403462136,-0.1208510403462136,0.0119936724509149,-0.10870898689444582,0.009990142178359791,-0.11964701588195686,high,6.354590682331582,0.0,0.0,0.01015228426395939,train_oof,0.1821280601677893,0,0,0,0,drop,train_oof,0.12060301142481507
Base_LR_SMOTE,Base,supervised,LR,SMOTE,35,234,0.007429695680868685,0.0722355916129483,-0.0648058959320796,0.07966528729381696,0.5357142857142857,0.4642857142857143,28,28,231,0.008861405366661242,0.04148561229100286,-0.032624206924341606,0.050347017657664084,0.6,0.4,185,80,1,-0.001431709685792557,-3.0,shared_signal,1,train_oof,28,185,985,55,0.1033821407245035,-0.044127165268266454,0.010779916254835807,-0.10019417530920448,-0.17386558222100915,-0.175293456407638,-0.1479288802234516,-0.1567853150518869,0.0876558974252579,0.18414722375375767,-0.0539833884001566,low,-0.31673469697622264,0.0,0.016216216216216217,0.01015228426395939,train_oof,0.18193843985408015,0,0,0,0,drop,train_oof,0.12060301142481507
Base_LR_SMOTE,Base,supervised,LR,SMOTE,8,246,0.0019959963512897506,0.0022111503784627167,-0.00021515402717296606,0.004207146729752467,0.4642857142857143,0.5357142857142857,28,28,243,0.00244709775689884,0.0020607185054018376,0.0003863792514970034,0.004507816262300677,0.5375,0.4625,185,80,1,-0.0004511014056090895,-3.0,false_positive_risk,1,train_oof,28,185,985,55,-0.10060573916072761,0.013975449269375629,-0.006653395759875553,0.10144512228631983,-0.15870737929187062,0.0092600599548636,-0.0124131580124575,0.090534627332316,-0.09127749709769827,-0.12707639258326725,0.020325584899073323,low,-2.351495207135533,0.0,0.0,0.01015228426395939,train_oof,0.18190659923107,0,0,0,0,drop,train_oof,0.12060301142481507
Base_LR_SMOTE,Base,supervised,LR,SMOTE,589,197,0.026623212688156678,0.03428662642318909,-0.0076634137350324125,0.06090983911134575,0.6071428571428571,0.39285714285714285,28,28,199,0.032177222928835805,0.02077789768718254,0.011399325241653274,0.05295512061601835,0.725,0.275,185,80,1,-0.0055540102406791275,2.0,false_positive_risk,1,train_oof,28,185,985,55,0.09023677473901538,-0.05601498960810044,0.015115900469445581,-0.12187236185403609,-0.1922824717672581,-0.313645975102765,-0.2802007835272708,-0.2909325706962247,0.07239959733475196,0.16992900230008637,-0.07010456176418664,high,4.075687609638256,0.0,0.010810810810810811,0.017258883248730966,train_oof,0.1813655048007082,1,0,0,0,drop,train_oof,0.12060301142481507
Base_LR_SMOTE,Base,supervised,LR,SMOTE,480,145,0.06480446712521776,0.08808125564522455,-0.023276788520006808,0.1528857227704423,0.5357142857142857,0.4642857142857143,28,28,144,0.06831435320500807,0.1174580562474182,-0.04914370304241013,0.1857724094524263,0.5,0.5,185,80,1,-0.003509886079790317,-1.0,shared_signal,1,train_oof,28,185,985,55,0.006272166806972813,0.05031458795649294,-0.003846481771457449,-0.10144516946820333,-0.26017703428252703,-0.208246407979838,-0.1221778320203499,-0.2801899865522186,0.010451583147956463,-0.038333902116520595,0.054004358367225475,low,-1.7051653750438225,0.0,0.005405405405405406,0.01015228426395939,train_oof,0.1813470615740193,0,0,0,0,drop,train_oof,0.12060301142481507
Base_LR_SMOTE,Base,supervised,LR,SMOTE,113,193,0.029948590846559812,0.02553117204247606,0.004417418804083761,0.055479762889035875,0.6428571428571429,0.35714285714285715,28,28,201,0.028862631029114887,0.026370719822377393,0.0024919112067374937,0.0552333508514923,0.55,0.45,185,80,1,0.0010859598174449252,8.0,shared_signal,1,train_oof,28,185,985,55,0.03114150862944089,0.058533647370579714,-0.008596500064250895,-0.05878426257959701,0.3653210893595493,0.1357775771720558,0.0606542459106926,0.0856953563311439,0.03956874428461851,-0.026518331778721746,0.06698234160358064,high,2.2626025555492846,0.0,0.016216216216216217,0.01015228426395939,train_oof,0.18104723452686888,1,0,1,0,drop,train_oof,0.12060301142481507
Base_LR_SMOTE,Base,supervised,LR,SMOTE,96,109,0.10292497450089086,0.10357996747842903,-0.0006549929775381906,0.20650494197931993,0.5357142857142857,0.4642857142857143,28,28,80,0.13536178806905017,0.14966310276175107,-0.014301314692700882,0.28502489083080135,0.45,0.55,185,80,1,-0.032436813568159306,-29.0,false_positive_risk,1,train_oof,28,185,985,55,-0.0692383574077877,0.05364207996352124,-0.006651216617169235,-0.020753825971750118,0.0112248301114711,-0.0698964445189565,-0.0622562136673373,-0.0685481684863178,-0.06414371191811458,-0.11101671933749327,0.05975664993589695,high,2.791253158822948,0.0,0.016216216216216217,0.01015228426395939,train_oof,0.18067128952681,0,0,0,0,drop,train_oof,0.12060301142481507
Base_LR_SMOTE,Base,supervised,LR,SMOTE,376,155,0.05621537512506695,0.0511862513458722,0.005029123779194759,0.10740162647093911,0.5,0.5,28,28,117,0.08478761734178032,0.050926271218303634,0.033861346123476646,0.13571388856008387,0.55,0.45,185,80,1,-0.028572242216713374,-38.0,false_positive_risk,1,train_oof,28,185,985,55,0.12911332581727114,-0.061054305478479724,0.013024818862768467,-0.09795555911442871,0.10222680553472324,0.0081239845458058,-0.1800816574320294,-0.1800816574320294,0.11191391154698241,0.23906011042357525,-0.07337348793446621,high,2.643002972235499,0.03571428571428571,0.0,0.01116751269035533,train_oof,0.18024687914202867,0,0,0,0,drop,train_oof,0.12060301142481507
Base_LR_SMOTE,Base,supervised,LR,SMOTE,566,111,0.10256462414361232,0.10097540750153093,0.0015892166420813727,0.2035400316451432,0.4642857142857143,0.5357142857142857,28,28,84,0.1320477749720614,0.06390828117210419,0.06813949379995725,0.19595605614416553,0.5,0.5,185,80,1,-0.029483150828449087,-27.0,false_positive_risk,1,train_oof,28,185,985,55,0.008655501111717983,0.12442617633619149,-0.0325478958317705,0.08747514096452744,-0.2767599903698412,-0.1577368616874274,-0.2794289651515542,-0.0144875867979397,0.048380394017997784,-0.09699283254425883,0.1708232984840006,high,2.6230293464632877,0.0,0.02702702702702703,0.01015228426395939,train_oof,0.18001738954964097,0,0,0,0,drop,train_oof,0.12060301142481507
Base_LR_SMOTE,Base,supervised,LR,SMOTE,NA_157,228,0.010322116950423567,0.01111612594661,-0.0007940089961864264,0.021438242897033583,0.9285714285714286,0.07142857142857142,28,28,229,0.010143464926281636,0.013617254284597249,-0.003473789358315631,0.02376071921087885,0.9125,0.0875,185,80,1,0.00017865202414193114,1.0,shared_signal,1,train_oof,28,185,985,55,0.9285714285714286,0.9135135135135135,0.9116751269035533,0.9090909090909091,1.0,1.0,1.0,1.0,0.05962958105950904,0.05389084435523359,0.00648263538091516,flat,,,,,train_oof,0.17952499939130634,1,0,1,0,drop,train_oof,0.12060301142481507
Base_LR_SMOTE,Base,supervised,LR,SMOTE,323,172,0.04655095852997059,0.03201892885730117,0.014532029672669419,0.07856988738727175,0.5,0.5,28,28,161,0.05564047253289659,0.04755161710913044,0.008088855423766169,0.10319208964202704,0.5375,0.4625,185,80,1,-0.009089514002926,-11.0,shared_signal,1,train_oof,28,185,985,55,0.05266419570525565,-0.022660211179191016,0.005033630083691398,-0.04354148692732276,0.0009136127883629004,-0.0386411387404369,0.0237715198930239,0.0068194835235383,0.04394453587932346,0.1477655412110922,-0.026953163559758235,low,-1.0747948070737154,0.0,0.010810810810810811,0.01015228426395939,train_oof,0.17944409003422832,0,0,0,0,drop,train_oof,0.12060301142481507
Base_LR_SMOTE,Base,supervised,LR,SMOTE,185,215,0.015527005622599163,0.01776937350876425,-0.0022423678861650887,0.033296379131363414,0.35714285714285715,0.6428571428571429,28,28,227,0.010437956766726,0.016418954270772675,-0.0059809975040466725,0.026856911037498675,0.3875,0.6125,185,80,1,0.005089048855873163,12.0,shared_signal,1,train_oof,28,185,985,55,-0.027983858218308264,-0.022936177132566515,0.006595001327841923,-0.02571775908965106,-0.14946967793152116,-0.0732485747484906,-0.0883668100905792,-0.0593901923515759,-0.031415185759799,-0.014443121542578936,-0.028630128547405542,low,-0.5649439821910226,0.0,0.0,0.01015228426395939,train_oof,0.17928123898511578,0,0,1,0,drop,train_oof,0.12060301142481507
Base_LR_SMOTE,Base,supervised,LR,SMOTE,362,241,0.002928387347773709,0.0031567078075506383,-0.00022832045977693,0.006085095155324345,0.6785714285714286,0.32142857142857145,28,28,242,0.0028294846376600616,0.008978631441555722,-0.006149146803895661,0.01180811607921578,0.6125,0.3875,185,80,1,9.890271011364724e-05,1.0,shared_signal,1,train_oof,28,185,985,55,-0.08678923196805657,0.09356233167441952,-0.025982311153834037,0.1743871290675274,-0.2204005691877645,-0.2422273920707973,-0.2596888503772236,-0.2946117669900761,-0.06681226553085429,-0.18648898373528042,0.12804289339318023,high,3.479333216777826,0.0,0.021621621621621623,0.01015228426395939,train_oof,0.17903939122781573,1,0,1,0,drop,train_oof,0.12060301142481507
Base_LR_SMOTE,Base,supervised,LR,SMOTE,44,251,0.0007080757061061855,0.0006358512906995796,7.222441540660608e-05,0.0013439269968057654,0.5714285714285714,0.42857142857142855,28,28,251,0.0006177895043153232,0.0005794260953116364,3.836340900368705e-05,0.0011972155996269596,0.575,0.425,185,80,1,9.028620179086231e-05,0.0,shared_signal,1,train_oof,28,185,985,55,-0.05257131547262535,-0.0493578423433334,0.0177970805091199,-0.1259710588122164,-0.15365581617667579,-0.0199489604911796,0.0621567419340286,-0.2178008961963714,-0.06956529122816939,-0.0032889733070554927,-0.06675322757374856,low,-2.7426424743297426,0.0,0.005405405405405406,0.01015228426395939,train_oof,0.17898303539724247,0,0,1,0,drop,train_oof,0.12060301142481507
Base_LR_SMOTE,Base,supervised,LR,SMOTE,162,221,0.013957664198079813,0.015164714761026954,-0.001207050562947142,0.02912237895910677,0.25,0.75,28,28,215,0.017191624243215055,0.013732370237862574,0.0034592540053524795,0.030923994481077625,0.2875,0.7125,185,80,1,-0.003233960045135242,-6.0,false_positive_risk,1,train_oof,28,185,985,55,-0.05695357986874594,-0.023333403402692406,0.006728777613235364,-0.024093469305990843,-0.4991078139239174,-0.4470297295764804,-0.4654896845468976,-0.4629383086566773,-0.06335868010901333,-0.033045389433789055,-0.02976454766000205,low,-0.7332580850348603,0.03571428571428571,0.016216216216216217,0.01015228426395939,train_oof,0.17892390456570334,0,0,0,0,drop,train_oof,0.12060301142481507
Base_LR_SMOTE,Base,supervised,LR,SMOTE,15,210,0.01897021606348953,0.0925856546167018,-0.0736154385532123,0.11155587068019134,0.25,0.75,28,28,202,0.028545961278297078,0.08321239206395545,-0.054666430785658374,0.11175835334225252,0.3875,0.6125,185,80,1,-0.009575745214807547,-8.0,false_positive_risk,1,train_oof,28,185,985,55,0.056728457589578715,0.06166977706087058,-0.009965764188496793,-0.057383474331738925,0.0711676273552438,-0.0613518936303505,-0.0660428030056968,-0.0985330742978244,0.07802473780960555,-0.003185773958255152,0.06963517920633891,high,1.0570456679417293,0.0,0.005405405405405406,0.01015228426395939,train_oof,0.17852684144286607,0,0,0,0,drop,train_oof,0.12060301142481507
Base_LR_SMOTE,Base,supervised,LR,SMOTE,275,255,1.2474117298413597e-06,5.135117554989338e-07,7.338999743424265e-07,1.7609234853402937e-06,0.75,0.25,28,28,254,7.769738883182963e-07,0.0013108639558088863,-0.0013100869819205679,0.0013116409296972048,0.525,0.475,185,80,1,4.704378415230634e-07,-1.0,true_anomaly_candidate,1,train_oof,28,185,985,55,-0.049294158103201736,0.0611482126521517,0.012633058874646847,-0.04916891048141183,-0.04946292423266785,-0.049283507707316,-0.0493275964097916,-0.0492283968292216,-0.06344720065564652,-0.07883049711340599,0.044677102970704693,low,-0.049690691368401235,0.0,0.0,0.01015228426395939,train_oof,0.17796448141046495,1,0,1,0,drop,train_oof,0.12060301142481507
Base_LR_SMOTE,Base,supervised,LR,SMOTE,116,165,0.051743966097203234,0.03290662240628689,0.01883734369091634,0.08465058850349012,0.10714285714285714,0.8928571428571429,28,28,141,0.07133928162603347,0.032387237345440426,0.03895204428059307,0.10372651897147389,0.125,0.875,185,80,1,-0.01959531552883023,-24.0,false_positive_risk,1,train_oof,28,185,985,55,0.06400489819224954,0.012141341517450426,-0.0009086481623015427,-0.057150307095746485,0.3437632813118004,0.3643229525121969,0.3540431169120043,0.3540431169120043,0.06500622848039608,0.05105226322380672,0.012935453180909808,low,-2.8581999114365115,0.0,0.010810810810810811,0.01015228426395939,train_oof,0.17774612410929355,0,0,0,0,drop,train_oof,0.12060301142481507
Base_LR_SMOTE,Base,supervised,LR,SMOTE,424,179,0.03930466750430744,0.030352703656123487,0.008951963848183952,0.06965737116043093,0.6071428571428571,0.39285714285714285,28,28,169,0.04982710374823362,0.018119006019540456,0.031708097728693166,0.06794610976777406,0.6875,0.3125,185,80,1,-0.010522436243926181,-10.0,false_positive_risk,1,train_oof,28,185,985,55,-0.03325601358050399,-0.05955047410220237,0.01823839487518243,-0.11689269491923482,-0.07200357429325975,-0.1006482893888405,-0.1075583959608252,-0.115757589659037,-0.04672471364282412,0.08476148740016483,-0.07530712012968743,high,3.351608576902688,0.0,0.005405405405405406,0.01015228426395939,train_oof,0.17766847607202343,1,0,0,0,drop,train_oof,0.12060301142481507
Base_LR_SMOTE,Base,supervised,LR,SMOTE,23,236,0.005831263779084213,0.005896655298058204,-6.539151897399247e-05,0.011727919077142417,0.42857142857142855,0.5714285714285714,28,28,238,0.004468900984065821,0.004215051342902784,0.0002538496411630353,0.008683952326968607,0.5125,0.4875,185,80,1,0.001362362795018392,2.0,shared_signal,1,train_oof,28,185,985,55,0.03625691226981002,0.03874941610341174,-0.009706146766886381,0.03404727106077765,0.19182227935833684,-0.0363618493054089,0.0007232989063722,-0.0164756104092363,0.04492803894230089,-0.0026724808111067513,0.048551376728872754,high,3.400899892032124,0.0,0.0,0.01015228426395939,train_oof,0.17728210488122437,0,0,1,0,drop,train_oof,0.12060301142481507
Base_LR_SMOTE,Base,supervised,LR,SMOTE,546,199,0.025636865709883213,0.03375520413669243,-0.008118338426809212,0.05939206984657565,0.42857142857142855,0.5714285714285714,28,28,187,0.03911133763141007,0.036371046801043264,0.0027402908303668055,0.07548238443245336,0.425,0.575,185,80,1,-0.01347447192152686,-12.0,false_positive_risk,1,train_oof,28,185,985,55,-0.025113484231938217,0.022424525882094568,0.03874608697861472,-0.0947881295202888,-0.1187580286884006,-0.1177392843580277,-0.1014710574947624,-0.2089169019264122,-0.07024221120817584,-0.0462787163338779,-0.017467510985644037,low,-1.4166179306970073,0.0,0.0,0.01015228426395939,train_oof,0.17668066268921723,0,0,0,0,drop,train_oof,0.12060301142481507
Base_LR_SMOTE,Base,supervised,LR,SMOTE,7,238,0.004265776171276543,0.0035123731770402367,0.0007534029942363058,0.007778149348316782,0.6071428571428571,0.39285714285714285,28,28,239,0.00428903064917127,0.0080700794198709,-0.003781048770699632,0.012359110069042166,0.5375,0.4625,185,80,1,-2.3254477894726726e-05,1.0,shared_signal,1,train_oof,28,185,985,55,0.03485405224763188,-0.027262328495038807,-0.01703262724667445,0.030600330677885753,0.0184623226317328,0.0184623226317328,0.0601867252903854,0.0323704568512843,0.04539549596821156,0.0864024577248347,-0.009258961071938689,low,-0.6769443883458228,0.03571428571428571,0.005405405405405406,0.01116751269035533,train_oof,0.17630965377464242,1,0,0,0,drop,train_oof,0.12060301142481507
Base_LR_SMOTE,Base,supervised,LR,SMOTE,523,217,0.014922708174524185,0.047661234345900576,-0.03273852617137639,0.06258394252042478,0.8928571428571429,0.10714285714285714,28,28,222,0.013517040084563291,0.23194211803213743,-0.2184250779475742,0.24545915811670066,0.8625,0.1375,185,80,1,0.0014056680899608934,5.0,shared_signal,1,train_oof,28,185,985,55,-0.029231216134323706,0.058854835237433796,-0.006605163639742294,-0.06479244149123563,-0.08797883154804255,-0.0878921077714993,-0.087003189061931,-0.0891496025313765,-0.024598043926524923,-0.06417273698531877,0.06326279900541315,low,-0.10071248365788826,0.0,0.005405405405405406,0.01015228426395939,train_oof,0.1762812106616175,1,0,1,0,drop,train_oof,0.12060301142481507
Base_LR_SMOTE,Base,supervised,LR,SMOTE,432,227,0.011334661421818132,0.023864104644856755,-0.01252944322303863,0.035198766066674894,0.21428571428571427,0.7857142857142857,28,28,219,0.014876353942923554,0.02431167707401139,-0.009435323131087832,0.039188031016934924,0.225,0.775,185,80,1,-0.0035416925211054218,-8.0,false_positive_risk,1,train_oof,28,185,985,55,-0.05035631990098377,0.004769945142911867,-0.0021419782799277733,0.05195495493078988,-0.29412690798460955,-0.2824484730785209,-0.3517099781817987,-0.3145820283789642,-0.04888103557834286,-0.05167917347220021,0.006842910292733873,high,4.48613147031213,0.0,0.021621621621621623,0.01015228426395939,train_oof,0.17628017940700919,0,0,0,0,drop,train_oof,0.12060301142481507
Base_LR_SMOTE,Base,supervised,LR,SMOTE,NA_85,178,0.041363978469141326,0.03906597966530014,0.002297998803841196,0.0804299581344415,0.8571428571428571,0.14285714285714285,28,28,177,0.044035402078606775,0.023927912544996342,0.02010748953361035,0.06796331462360304,0.9125,0.0875,185,80,1,-0.0026714236094654495,-1.0,shared_signal,1,train_oof,28,185,985,55,0.8571428571428571,0.8810810810810811,0.8568527918781725,0.9090909090909091,1.0,1.0,1.0,1.0,0.0008274317202962145,-0.07280280129856542,0.06993106158690052,flat,,,,,train_oof,0.17596575523896754,1,0,0,0,drop,train_oof,0.12060301142481507
Base_LR_SMOTE,Base,supervised,LR,SMOTE,406,149,0.061011916321578256,0.09399293904243007,-0.0329810227208518,0.15500485536400826,0.6071428571428571,0.39285714285714285,28,28,135,0.07510331777890863,0.10912042232964965,-0.034017104550741015,0.18422374010855824,0.5125,0.4875,185,80,1,-0.014091401457330378,-14.0,false_positive_risk,1,train_oof,28,185,985,55,0.008483581892579223,0.021590005448714783,-0.008569485837205543,0.06208050364912596,-0.25334923127782727,-0.2033267973189058,-0.2929956032522776,-0.26176225450848,0.017464254716064328,-0.01221553192026685,0.030389557428604757,high,2.334461660207431,0.07142857142857142,0.021621621621621623,0.01116751269035533,train_oof,0.17596200119885824,1,0,0,0,drop,train_oof,0.12060301142481507
Base_LR_SMOTE,Base,supervised,LR,SMOTE,17,247,0.0018646098195048131,0.0020686348838800687,-0.00020402506437525565,0.003933244703384882,0.4642857142857143,0.5357142857142857,28,28,247,0.0016209641973876517,0.002344612929901891,-0.000723648732514238,0.003965577127289543,0.5125,0.4875,185,80,1,0.0002436456221171614,0.0,shared_signal,1,train_oof,28,185,985,55,-0.03017789416929651,-0.029527334941895283,0.009759688880205132,-0.0419508485465312,-0.09552818760053565,0.0455195290552231,0.1065131362577163,-0.0230982790475807,-0.03700221239717163,-0.0011790368661706854,-0.03833955986713881,low,-1.179232103570807,0.03571428571428571,0.021621621621621623,0.01015228426395939,train_oof,0.1748436298694302,0,0,1,0,drop,train_oof,0.12060301142481507
Base_LR_SMOTE,Base,supervised,LR,SMOTE,84,156,0.0559099063194007,0.08058715559702033,-0.024677249277619585,0.13649706191642103,0.4642857142857143,0.5357142857142857,28,28,124,0.08063151549918379,0.06055073362150302,0.020080781877680767,0.14118224912068683,0.525,0.475,185,80,1,-0.02472160917978309,-32.0,false_positive_risk,1,train_oof,28,185,985,55,0.06224411806372514,-0.029297486734436502,0.00543138311058971,-0.04554833151107752,0.18557909444235665,0.0367265367440068,-0.0029674786422147,-0.0823555094146687,0.05683943925869675,0.0905183707029709,-0.034503298283182375,high,2.3985204522244508,0.0,0.016216216216216217,0.014213197969543147,train_oof,0.17471504683573125,0,0,0,0,drop,train_oof,0.12060301142481507
Base_LR_SMOTE,Base,supervised,LR,SMOTE,496,212,0.01708783737632521,0.020673531970503672,-0.003585694594178465,0.037761369346828874,0.5714285714285714,0.42857142857142855,28,28,213,0.018074322375563046,0.04810732899725569,-0.030033006621692632,0.06618165137281874,0.6375,0.3625,185,80,1,-0.0009864849992378376,1.0,shared_signal,1,train_oof,28,185,985,55,-0.015832606864882658,0.16684720089032995,-0.031085187987645868,0.016831557719658552,-0.1416103906701537,-0.2669376975842172,-0.3152304327669278,-0.3031935289893341,0.016464682506125143,-0.15120995286150987,0.20027080576950385,high,3.9960329561899615,0.0,0.021621621621621623,0.01015228426395939,train_oof,0.1743195366672608,0,0,0,0,drop,train_oof,0.12060301142481507
Base_LR_SMOTE,Base,supervised,LR,SMOTE,252,250,0.0009186118316549548,0.0003969140273099793,0.0005216978043449754,0.001315525858964934,0.6071428571428571,0.39285714285714285,28,28,250,0.000771364457854184,0.0007014716246499812,6.9892833204203e-05,0.0014728360825041653,0.4,0.6,185,80,1,0.0001472473738007708,0.0,shared_signal,1,train_oof,28,185,985,55,-0.024029457294076767,-0.027678925997628515,0.007524299169920358,-0.029418337610474417,-0.02701909230484505,-0.0307564091260715,-0.0304061008355939,-0.0302629192724225,-0.02834725067584027,0.18465073992061434,-0.03399194065212445,high,0.005392515017709409,0.03571428571428571,0.010810810810810811,0.01015228426395939,train_oof,0.17342937186941354,1,0,1,0,drop,train_oof,0.12060301142481507
Base_LR_SMOTE,Base,supervised,LR,SMOTE,277,186,0.03550815240788716,0.01688385093754001,0.01862430147034716,0.05239200334542717,0.6785714285714286,0.32142857142857145,28,28,174,0.04416408879425401,0.04580112398848758,-0.0016370351942335693,0.08996521278274161,0.7125,0.2875,185,80,1,-0.008655936386366844,-12.0,false_positive_risk,1,train_oof,28,185,985,55,-0.0033852648261480526,0.07637627973865897,-0.00033382676684814294,-0.02725619596299003,-0.08614401830056914,-0.154700960993577,-0.1255821403266513,-0.1214952883032231,-0.0034170642428794943,-0.0535188274458563,0.07397942392666666,high,2.298329794768617,0.0,0.010810810810810811,0.013197969543147208,train_oof,0.17201792287074363,1,0,0,0,drop,train_oof,0.12060301142481507
Base_LR_SMOTE,Base,supervised,LR,SMOTE,344,173,0.0462852882814311,0.07297690538096084,-0.026691617099529746,0.11926219366239199,0.4642857142857143,0.5357142857142857,28,28,154,0.059628943726850056,0.08297222326394177,-0.023343279537091692,0.1426011669907919,0.45,0.55,185,80,1,-0.013343655445418955,-19.0,false_positive_risk,1,train_oof,28,185,985,55,0.01845513837782051,-0.04868609231117527,0.02027661906606067,-0.2112156322184611,0.1045848360276202,-0.0372190849504036,0.0105506250442931,-0.0390385683643287,-0.0018790682621852334,0.05913781374363538,-0.0689480305850364,high,2.4833013639054946,0.0,0.02702702702702703,0.01015228426395939,train_oof,0.17139674669196892,0,0,0,0,drop,train_oof,0.12060301142481507
Base_LR_SMOTE,Base,supervised,LR,SMOTE,285,233,0.0075229857448064295,0.006152512197758815,0.0013704735470476143,0.013675497942565246,0.75,0.25,28,28,234,0.007890898144708907,0.008441006313046872,-0.0005501081683379686,0.01633190445775578,0.5875,0.4125,185,80,1,-0.0003679123999024772,1.0,shared_signal,1,train_oof,28,185,985,55,-0.0036842682811141702,0.00814171478797746,0.0015696489279278508,-0.05244122379640346,-0.24752430118008728,-0.2245701487393506,-0.2575568941232926,-0.097875833665994,-0.0053069437266511236,-0.011263299279888986,0.0065693145075826085,high,3.150566404814869,0.0,0.010810810810810811,0.01015228426395939,train_oof,0.1712836579261281,1,0,0,0,drop,train_oof,0.12060301142481507
Base_LR_SMOTE,Base,supervised,LR,SMOTE,552,185,0.03568311103562543,0.05022450778339645,-0.014541396747771024,0.08590761881902187,0.6071428571428571,0.39285714285714285,28,28,172,0.04797554072200738,0.0818262696830788,-0.033850728961071386,0.12980181040508615,0.6375,0.3625,185,80,1,-0.012292429686381952,-13.0,false_positive_risk,1,train_oof,28,185,985,55,0.03271582501062839,0.08969260969573843,0.027581372879014406,0.03891979989030585,-0.09577884571136694,-0.196351686442169,-0.1580981872806299,-0.0731684001513413,0.005764011422275042,-0.05569034881451477,0.06718387597738819,high,3.6108471198343537,0.0,0.016216216216216217,0.01015228426395939,train_oof,0.17044326691833261,1,0,0,0,drop,train_oof,0.12060301142481507
Base_LR_SMOTE,Base,supervised,LR,SMOTE,131,174,0.044542793974447326,0.11290360972689795,-0.06836081575245063,0.1574464037013453,0.32142857142857145,0.6785714285714286,28,28,142,0.07042555984814058,0.13689444679810703,-0.06646888694996647,0.20732000664624767,0.35,0.65,185,80,1,-0.02588276587369326,-32.0,false_positive_risk,1,train_oof,28,185,985,55,0.04262070031591682,-0.024462291224262866,-0.0032120952574092813,0.1258526488073907,0.10486077056786851,0.039508696803321,-0.0476274015494089,-0.0040593523730439,0.044932314341412705,0.08182967265922422,-0.021213471945921367,high,2.2614792047981296,0.0,0.010810810810810811,0.01116751269035533,train_oof,0.1702860748479224,0,0,0,0,drop,train_oof,0.12060301142481507
Base_LR_SMOTE,Base,supervised,LR,SMOTE,86,195,0.027956105906645136,0.036572718511004576,-0.008616612604359438,0.0645288244176497,0.42857142857142855,0.5714285714285714,28,28,182,0.042908257270435415,0.04420654932298647,-0.0012982920525510594,0.08711480659342191,0.5625,0.4375,185,80,1,-0.01495215136379028,-13.0,false_positive_risk,1,train_oof,28,185,985,55,0.005473313210643831,0.07315352744625062,-0.02019303268793892,0.11279057909384425,0.03650091884845555,0.165606497725272,0.0418803179683224,0.2140210898040738,0.02553566584983397,-0.06982133401382133,0.09269742159954915,low,-3.285278037669704,0.0,0.0,0.01116751269035533,train_oof,0.17024305215858573,0,0,0,0,drop,train_oof,0.12060301142481507
Base_LR_SMOTE,Base,supervised,LR,SMOTE,227,154,0.05674913672761946,0.08149932480854996,-0.024750188080930484,0.1382484615361694,0.35714285714285715,0.6428571428571429,28,28,108,0.0968707451359155,0.09407001660339295,0.0028007285325225575,0.19094076173930846,0.2875,0.7125,185,80,1,-0.04012160840829603,-46.0,false_positive_risk,1,train_oof,28,185,985,55,0.03904919503018654,0.12106794639445563,-0.034992695519156666,0.19472054945341946,-0.13919065888109272,-0.1661189821338761,-0.2648561673940814,-0.1661189821338761,0.0765748799522854,-0.08121927388028174,0.15781786329208747,high,4.570034511565635,0.0,0.005405405405405406,0.01015228426395939,train_oof,0.16940232001406458,0,0,0,0,drop,train_oof,0.12060301142481507
Base_LR_SMOTE,Base,supervised,LR,SMOTE,473,141,0.0674633060154685,0.08393270216544171,-0.01646939614997322,0.15139600818091023,0.25,0.75,28,28,105,0.0988036320847793,0.06675586420357368,0.0320477678812056,0.16555949628835295,0.4375,0.5625,185,80,1,-0.031340326069310795,-36.0,false_positive_risk,1,train_oof,28,185,985,55,-0.016440685974073187,0.12611067487675923,-0.023516682575288102,0.00975118524223694,-0.40782478942281364,-0.1646808925028174,-0.2373631123696293,-0.0890465634982188,0.007283868042553232,-0.11992634075810382,0.1502913336206397,low,-1.1585058048530723,0.03571428571428571,0.016216216216216217,0.01015228426395939,train_oof,0.16666698849660433,0,0,0,0,drop,train_oof,0.12060301142481507
Base_LR_SMOTE,Base,supervised,LR,SMOTE,173,99,0.1138035794488375,0.08824106035825492,0.025562519090582596,0.20204463980709245,0.5357142857142857,0.4642857142857143,28,28,63,0.16891351828901405,0.1591763919313342,0.009737126357679829,0.3280899102203483,0.5,0.5,185,80,1,-0.05510993884017655,-36.0,false_positive_risk,1,train_oof,28,185,985,55,-0.013804845338506637,0.0040931397206868106,0.0008711552892011614,-0.025047674840559205,-0.009626766807338,-0.0440959146894753,0.0593115289569364,-0.1516814368670571,-0.014805319108812503,-0.017559737793069578,0.003194284424149455,low,-2.733733969128998,0.0,0.0,0.013197969543147208,train_oof,0.16400860251610566,0,0,0,0,drop,train_oof,0.12060301142481507
Base_LR_SMOTE,Base,supervised,LR,SMOTE,119,55,0.20993139189076948,0.12854161082229623,0.08138978106847321,0.33847300271306574,0.5714285714285714,0.42857142857142855,28,28,15,0.3122381103126355,0.12003530876466229,0.1922028015479732,0.43227341907729794,0.575,0.425,185,80,1,-0.102306718421866,-40.0,false_positive_risk,1,train_oof,28,185,985,55,0.04667945888763614,-0.06448628371762082,0.013221007990327514,-0.043631913301093166,0.0081391137613885,0.0241657919326985,-0.1895232503514586,-0.2002077024656653,0.038330803018041704,0.07458931764332657,-0.07641831572570386,high,1.167402168152943,0.0,0.005405405405405406,0.012182741116751269,train_oof,0.16069459541894093,0,0,0,0,drop,train_oof,0.12060301142481507
Base_LR_SMOTE,Base,supervised,LR,SMOTE,309,85,0.14578759467394667,0.36361954615513803,-0.21783195148119133,0.5094071408290846,0.32142857142857145,0.6785714285714286,28,28,19,0.2831267733508805,0.32748678163802836,-0.044360008287147826,0.610613554988909,0.55,0.45,185,80,1,-0.13733917867693382,-66.0,false_positive_risk,1,train_oof,28,185,985,55,-0.16538447933130418,0.10608369913114447,-0.02567192292724506,0.18502427894851461,-0.08887160346414724,0.2462155554617602,-0.0247838954728533,0.3048100313395111,-0.14061234726812577,-0.25843847940095066,0.13083444890514284,low,-2.4195401245966743,0.0,0.010810810810810811,0.01015228426395939,train_oof,0.1437233350675272,0,0,0,0,drop,train_oof,0.12060301142481507
Base_LR_SMOTE,Base,supervised,LR,SMOTE,486,102,0.1102784705385401,0.17519952730060528,-0.06492105676206518,0.28547799783914535,0.32142857142857145,0.6785714285714286,28,28,33,0.23342839695777057,0.1315473059452286,0.1018810910125421,0.3649757029029992,0.5375,0.4625,185,80,1,-0.12314992641923046,-69.0,false_positive_risk,1,train_oof,28,185,985,55,-0.11788940480018144,0.23656828476707525,-0.06045485055675331,0.3095561471905549,-0.23569627786496555,0.1405203654511855,-0.2296597851939776,0.1970025078457591,-0.0574730821437761,-0.38914687335950704,0.299101010473801,low,-1.0674901188596386,0.21428571428571427,0.14054054054054055,0.3583756345177665,train_oof,0.13306760626320058,0,0,0,0,drop,train_oof,0.12060301142481507
Base_LR_SMOTE,Base,supervised,LR,SMOTE,544,108,0.10353909665774416,0.2536707868114733,-0.15013169015372924,0.3572098834692175,0.7142857142857143,0.2857142857142857,28,28,27,0.2527648197157181,0.11868168954393932,0.13408313017177886,0.3714465092596571,0.825,0.175,185,80,1,-0.14922572305797396,-81.0,false_positive_risk,1,train_oof,28,185,985,55,-0.15245340465340582,0.12816608349302275,-0.028219239184797674,0.14971694573750782,0.3018890646394068,0.3018890646394068,0.3018890646394068,0.3018890646394068,-0.12205031639718825,-0.2968309966212236,0.1544223730082401,flat,,,,,train_oof,0.12675290352758917,1,0,0,0,drop,train_oof,0.12060301142481507
Base_LR_SMOTE,Base,supervised,LR,SMOTE,156,163,0.052257892608663405,0.04100078880279827,0.011257103805865141,0.09325868141146168,0.32142857142857145,0.6785714285714286,28,28,48,0.19581766927155844,0.04197113720812247,0.153846532063436,0.23778880647968106,0.3625,0.6375,185,80,1,-0.14355977666289504,-115.0,false_positive_risk,1,train_oof,28,185,985,55,0.008255848873954976,0.25369080519328646,-0.04958511500352545,0.030497737258981004,-0.132755935793469,-0.067944592579098,-0.1287410738244372,-0.1126816259483099,0.10645690538643303,-0.11663823286354208,0.296383445030141,low,-0.48796798074501085,0.03571428571428571,0.005405405405405406,0.01015228426395939,train_oof,0.11775744805550328,0,0,0,0,drop,train_oof,0.12060301142481507
Base_LR_SMOTE,Base,supervised,LR,SMOTE,222,214,0.015555935454126955,0.010144160323395001,0.005411775130731959,0.02570009577752195,0.39285714285714285,0.6071428571428571,28,28,71,0.1539880722034518,0.013546259507964505,0.1404418126954873,0.1675343317114163,0.25,0.75,185,80,1,-0.13843213674932484,-143.0,false_positive_risk,1,train_oof,28,185,985,55,-0.05407390455379424,0.11698928260072582,-0.03466920254185636,0.2549130281836456,-0.1070127956167822,-0.1186772970374406,-0.1168827583573393,-0.1258554517578457,-0.03464860442912248,-0.0996700114059526,0.16923593781715804,high,1.0387283700806822,0.0,0.010810810810810811,0.01015228426395939,train_oof,0.10361247463525013,0,0,0,0,drop,train_oof,0.12060301142481507
RFEXGB_LR_SMOTE,RFEXGB,supervised,LR,SMOTE,64,1,0.7859577409532832,0.08261266210216832,0.703345078851115,0.8685704030554515,0.8260869565217391,0.17391304347826086,23,23,7,0.36776721898793585,0.24975888615209224,0.11800833283584367,0.6175261051400285,0.4657534246575342,0.5342465753424658,73,73,1,0.41819052196534734,6.0,true_anomaly_candidate,1,train_oof,23,73,1097,60,1.4005572719600166,0.3674674514452376,-0.05690589600309511,0.01752565306347892,1.3379417034415142,-0.0989910026119095,-0.1316301228902988,-0.3130013934987978,1.586302548498918,0.742208511603942,0.4511750713332409,high,3.0048031163947875,0.13043478260869565,0.0410958904109589,0.010027347310847767,train_oof,0.9670870439572767,1,1,1,1,monitor_first,train_oof,0.5483517567913296
RFEXGB_LR_SMOTE,RFEXGB,supervised,LR,SMOTE,21,9,0.33120647932288877,0.06405813505794751,0.2671483442649413,0.3952646143808362,0.6956521739130435,0.30434782608695654,23,23,17,0.17705237021891881,0.079830282848014,0.09722208737090487,0.2568826530669327,0.6712328767123288,0.3287671232876712,73,73,1,0.15415410910396996,8.0,true_anomaly_candidate,1,train_oof,23,73,1097,60,0.945980513689253,0.4142089670409066,-0.058772649384249906,0.20979677452199313,0.2971764048678659,0.2735105404949241,0.1358540960589796,0.23446186427957025,1.0759772798119278,0.30709266042927363,0.5061289786895902,high,1.7445648926740605,0.13043478260869565,0.0684931506849315,0.010027347310847767,train_oof,0.6145203682832058,1,1,1,1,monitor_first,train_oof,0.5483517567913296
RFEXGB_LR_SMOTE,RFEXGB,supervised,LR,SMOTE,348,23,0.18443249748279675,0.015720137031479686,0.16871236045131707,0.20015263451427642,0.6956521739130435,0.30434782608695654,23,23,65,0.05303060998616061,0.029503229724688475,0.023527380261472122,0.08253383971084909,0.4931506849315068,0.5068493150684932,73,73,1,0.13140188749663614,42.0,true_anomaly_candidate,1,train_oof,23,73,1097,60,1.503110211368745,0.17221413876939942,-0.05455876462390147,0.1482358389804831,0.7574114111508847,-0.127333923513656,-0.1922693609202277,-0.11921699383783445,1.6397260377322969,0.6459957056404898,0.26658793664099867,high,3.038593327243752,0.08695652173913043,0.0273972602739726,0.010027347310847767,train_oof,0.6112364376629866,1,1,1,1,monitor_first,train_oof,0.5483517567913296
RFEXGB_LR_SMOTE,RFEXGB,supervised,LR,SMOTE,56,3,0.5186454586288927,0.16750200094944917,0.35114345767944344,0.6861474595783419,0.782608695652174,0.21739130434782608,23,23,3,0.42728863950888335,0.21392606672770043,0.21336257278118287,0.6412147062365838,0.7397260273972602,0.2602739726027397,73,73,1,0.09135681912000931,0.0,shared_signal,1,train_oof,23,73,1097,60,0.39760590566874776,0.2683654286496727,-0.034340142522836264,0.16315468107738415,0.6364698170228489,0.463569310741405,0.2762604289364928,0.39873162088585357,0.42130308199672056,0.19140720551634766,0.29890936709349036,high,1.183988086914101,0.043478260869565216,0.0273972602739726,0.01276207839562443,train_oof,0.5948409739789825,1,1,1,1,review,train_oof,0.5483517567913296
RFEXGB_LR_SMOTE,RFEXGB,supervised,LR,SMOTE,129,5,0.41267470516548105,0.08024965147312284,0.33242505369235825,0.4929243566386038,0.8695652173913043,0.13043478260869565,23,23,6,0.382952302147598,0.09718160845551907,0.28577069369207886,0.4801339106031169,0.7945205479452054,0.2054794520547945,73,73,1,0.029722403017883037,1.0,shared_signal,1,train_oof,23,73,1097,60,0.6070759553097188,0.5487287203847218,-0.06909567341201418,0.3556396286586538,0.5763906456382701,0.499160921192766,0.2674717478562538,0.460546058970014,0.6689951224741227,0.08618388989395297,0.6188785876242388,high,1.8209321438221213,0.043478260869565216,0.0,0.010027347310847767,train_oof,0.5573660110671055,1,1,1,1,review,train_oof,0.5483517567913296
RFEXGB_LR_SMOTE,RFEXGB,supervised,LR,SMOTE,582,13,0.2694173817800057,0.03720109179841015,0.2322162899815955,0.3066184735784158,0.7391304347826086,0.2608695652173913,23,23,28,0.12685159616738903,0.0978471164131312,0.029004479754257843,0.22469871258052013,0.5068493150684932,0.4931506849315068,73,73,1,0.14256578561261665,15.0,true_anomaly_candidate,1,train_oof,23,73,1097,60,0.764796784479374,0.07237449152524826,-0.023651384156886203,0.060117615502759174,0.8888140520836286,-0.0119429441999272,-0.0119429441999272,0.09314537203314255,0.7961845880675769,0.701010010490821,0.09701854722589842,high,2.3312262554657015,0.08695652173913043,0.0136986301369863,0.010027347310847767,train_oof,0.5493615660808074,1,1,1,1,review,train_oof,0.5483517567913296
RFEXGB_LR_SMOTE,RFEXGB,supervised,LR,SMOTE,103,20,0.19022323516426284,0.013074968736623536,0.17714826642763928,0.20329820390088638,0.8695652173913043,0.13043478260869565,23,23,21,0.15930770057966867,0.05852571252977506,0.10078198804989359,0.21783341310944374,0.5616438356164384,0.4383561643835616,73,73,1,0.030915534584594173,1.0,shared_signal,1,train_oof,23,73,1097,60,0.9383434670045707,0.6241303480964359,-0.09614555319827692,0.6131886391451562,1.039258487162017,0.4508244259622606,-0.1703004164152602,0.4181336447844962,1.136501104471163,0.24414413038697494,0.7552569960925126,high,2.248817390739294,0.0,0.0410958904109589,0.010938924339106655,train_oof,0.517556768094742,1,1,1,1,review,train_oof,0.5483517567913296
RFEXGB_LR_SMOTE,RFEXGB,supervised,LR,SMOTE,102,12,0.28248029790003754,0.07582558464000788,0.20665471326002965,0.3583058825400455,0.8260869565217391,0.17391304347826086,23,23,20,0.1621623002578849,0.07245205505391462,0.08971024520397029,0.23461435531179958,0.6438356164383562,0.3561643835616438,73,73,1,0.12031799764215265,8.0,true_anomaly_candidate,1,train_oof,23,73,1097,60,-0.4896388322564022,-0.17412235317101066,0.025988501523427982,-0.08427877556782702,-0.5444737841628493,-0.181837550053801,-0.0310065500261438,-0.25324158730093665,-0.5192161780648069,-0.3517012548919223,-0.20465673665427164,low,-2.214718513405285,0.043478260869565216,0.0,0.010027347310847767,train_oof,0.5135763920993837,1,1,1,1,review,train_oof,0.5483517567913296
RFEXGB_LR_SMOTE,RFEXGB,supervised,LR,SMOTE,122,7,0.3728491445498552,0.16000276127239194,0.2128463832774632,0.5328519058222471,0.6086956521739131,0.391304347826087,23,23,5,0.41662995737581027,0.10516010670847314,0.311469850667337,0.5217900640842834,0.684931506849315,0.3150684931506849,73,73,1,-0.043780812825955084,-2.0,shared_signal,1,train_oof,23,73,1097,60,-0.32449892928812063,-0.46246954917016997,0.05940474068145414,-0.3964006135732899,-0.5171176699640857,-0.5935582654761528,-0.0185920470593,-0.5525683809262038,-0.3789011953789327,0.18928149955836074,-0.5210017893282787,low,-1.7513341721102278,0.0,0.0,0.010027347310847767,train_oof,0.4790940973025027,1,1,0,1,review,train_oof,0.5483517567913296
RFEXGB_LR_SMOTE,RFEXGB,supervised,LR,SMOTE,14,14,0.21263163464352747,0.0629799314464708,0.14965170319705662,0.2756115660899982,0.6086956521739131,0.391304347826087,23,23,18,0.1752240348067381,0.11365849896490103,0.061565535841837035,0.2888825337716391,0.6027397260273972,0.3972602739726027,73,73,1,0.037407599836789374,4.0,shared_signal,1,train_oof,23,73,1097,60,-0.5210116527058279,-0.24406318510335534,0.03979431625570318,-0.21575017163232887,-0.4915518052726117,-0.4373804019815814,0.0021746093685342,-0.1529443722181641,-0.5672569275106383,-0.26242526159477264,-0.28554994707276804,low,-2.1267470749747526,0.043478260869565216,0.0273972602739726,0.010027347310847767,train_oof,0.46016531386336545,1,1,1,1,review,train_oof,0.5483517567913296
RFEXGB_LR_SMOTE,RFEXGB,supervised,LR,SMOTE,511,18,0.1968184492959229,0.07767692747001456,0.11914152182590836,0.2744953767659375,0.6086956521739131,0.391304347826087,23,23,24,0.1455776178392751,0.1149562293660629,0.030621388473212184,0.2605338472053382,0.4794520547945205,0.5205479452054794,73,73,1,0.05124083145664782,6.0,shared_signal,1,train_oof,23,73,1097,60,0.5074721489858647,0.18487736694932383,-0.031310206338696696,0.13804471730818416,0.590562164990782,-0.1421535816034179,-0.8374816063277984,-0.0963959753434519,0.545353244196202,0.3024807357995237,0.21794974782179058,high,2.1115778329584844,0.0,0.0273972602739726,0.010938924339106655,train_oof,0.4553746285891522,1,1,1,1,review,train_oof,0.5483517567913296
RFEXGB_LR_SMOTE,RFEXGB,supervised,LR,SMOTE,59,2,0.7196713123523366,0.1206097507800221,0.5990615615723146,0.8402810631323588,0.782608695652174,0.21739130434782608,23,23,1,1.3931820171248188,0.15978237222966155,1.2333996448951572,1.5529643893544802,0.6164383561643836,0.3835616438356164,73,73,1,-0.6735107047724822,-1.0,false_positive_risk,1,train_oof,23,73,1097,60,0.40195788060463533,0.9093034931169114,-0.10591337576056227,0.6625434157995697,0.2705649389310645,0.2022402041334149,-0.2469853053855518,0.218637735357458,0.6597599177122014,-0.24470654013908943,1.0739663346833652,high,2.489337069581092,0.0,0.0684931506849315,0.010027347310847767,train_oof,0.4467243794347902,1,1,0,1,false_positive_risk,train_oof,0.5483517567913296
RFEXGB_LR_SMOTE,RFEXGB,supervised,LR,SMOTE,545,17,0.1968690293362651,0.00027040595578480323,0.19659862338048031,0.19713943529204989,0.9565217391304348,0.043478260869565216,23,23,22,0.15662829544658735,0.12298827032730106,0.0336400251192864,0.2796165657738882,0.821917808219178,0.1780821917808219,73,73,1,0.04024073388967775,5.0,shared_signal,1,train_oof,23,73,1097,60,-0.4581670648804742,-0.0476267932707393,0.0199509560233959,-0.12336235529140722,-0.3737353644723715,-0.3737353644723715,-0.3737353644723715,-0.3737353644723715,-0.4848012518852472,-0.33973704006627575,-0.06606888363302015,flat,,,,,train_oof,0.44419803853016415,1,1,1,1,review,train_oof,0.5483517567913296
RFEXGB_LR_SMOTE,RFEXGB,supervised,LR,SMOTE,107,25,0.17682864062247727,0.04070995933266065,0.13611868128981666,0.21753859995513794,0.6086956521739131,0.391304347826087,23,23,23,0.14777924095670275,0.09381443433510236,0.05396480662160041,0.24159367529180512,0.5068493150684932,0.4931506849315068,73,73,1,0.029049399665774522,-2.0,shared_signal,1,train_oof,23,73,1097,60,-0.5050449297328491,-0.2117633045078457,0.029017576433841237,-0.07786904393170359,-0.5864150349690421,-0.0663624576216307,0.0069638276876572,0.0069638276876572,-0.5464862186597786,-0.26516582376152864,-0.24315148652074012,low,-2.5947430228216444,0.043478260869565216,0.0547945205479452,0.010027347310847767,train_oof,0.43908266973414034,1,1,1,1,review,train_oof,0.5483517567913296
RFEXGB_LR_SMOTE,RFEXGB,supervised,LR,SMOTE,333,6,0.3949738010259769,0.058662847211286666,0.3363109538146901,0.4536366482372635,0.6086956521739131,0.391304347826087,23,23,2,0.7209398730857604,0.08093802700131847,0.6400018460844423,0.8018779000870784,0.5342465753424658,0.4657534246575342,73,73,1,-0.32596607205978345,-4.0,false_positive_risk,1,train_oof,23,73,1097,60,0.2647744687574485,0.5843430301611833,-0.054824230861050774,0.18309536972652973,-0.0450258383244466,-0.0605877211992616,-0.0809480722177591,-0.027820281278867348,0.7593455391744812,-0.10038340631120735,0.6717046849433862,high,0.7191246462734818,0.043478260869565216,0.0547945205479452,0.010027347310847767,train_oof,0.43737428202358825,1,1,0,1,false_positive_risk,train_oof,0.5483517567913296
RFEXGB_LR_SMOTE,RFEXGB,supervised,LR,SMOTE,377,32,0.12206595974613546,0.015303791968172213,0.10676216777796324,0.13736975171430768,0.8695652173913043,0.13043478260869565,23,23,48,0.08219923226740382,0.06119021061246675,0.02100902165493701,0.14338944287987054,0.6301369863013698,0.3698630136986301,73,73,1,0.03986672747873164,16.0,shared_signal,1,train_oof,23,73,1097,60,-0.6592271010774361,-0.22235385465582164,0.03612419395557627,-0.1544600734077516,-0.7984518405511466,-0.3714959728317686,0.0554598948876092,-0.1580180389720797,-0.6877891179966972,-0.5032210904198557,-0.25590769330142127,low,-1.8658415098495904,0.08695652173913043,0.0273972602739726,0.010938924339106655,train_oof,0.4361273261761414,1,1,1,1,review,train_oof,0.5483517567913296
RFEXGB_LR_SMOTE,RFEXGB,supervised,LR,SMOTE,28,56,0.06351830497208524,0.016078237534841184,0.04744006743724406,0.07959654250692642,0.6956521739130435,0.30434782608695654,23,23,64,0.05522182653949671,0.026233217031353593,0.028988609508143113,0.08145504357085034,0.6164383561643836,0.3835616438356164,73,73,1,0.00829647843258853,8.0,shared_signal,1,train_oof,23,73,1097,60,-0.7778843957590909,-0.6039950624893938,0.07164536700325504,-0.2851613099350852,-0.5306707287077509,-0.4853451062691171,-0.0354679128614753,-0.3251324305541454,-0.863978113615438,-0.17941978966713476,-0.6863369572112183,low,-2.265871882080979,0.08695652173913043,0.0684931506849315,0.010027347310847767,train_oof,0.4210820953929894,1,1,1,1,review,train_oof,0.5483517567913296
RFEXGB_LR_SMOTE,RFEXGB,supervised,LR,SMOTE,281,19,0.19376256017586255,0.04758352271003284,0.14617903746582972,0.24134608288589535,0.9130434782608695,0.08695652173913043,23,23,19,0.16408046948843738,0.044044480515039924,0.12003598897339746,0.20812495000347728,0.7534246575342466,0.2465753424657534,73,73,1,0.029682090687425167,0.0,shared_signal,1,train_oof,23,73,1097,60,-0.29425549497913434,-0.21270050598628576,0.029330764724281286,-0.16519660017124738,-0.3832709308378492,-0.3088216572105596,-0.1785354283628034,-0.3367401348207933,-0.31554147026562995,-0.11245158286352569,-0.23986113936523323,low,-1.2781511998378667,0.08695652173913043,0.0,0.010027347310847767,train_oof,0.4185338052457791,1,1,1,1,review,train_oof,0.5483517567913296
RFEXGB_LR_SMOTE,RFEXGB,supervised,LR,SMOTE,165,103,0.002441273226178747,0.014858649850776234,-0.01241737662459749,0.017299923076954982,0.782608695652174,0.21739130434782608,23,23,104,0.0023008949884143924,0.009506546127549384,-0.007205651139134993,0.011807441115963777,0.6712328767123288,0.3287671232876712,73,73,1,0.00014037823776435468,1.0,shared_signal,1,train_oof,23,73,1097,60,0.8179949017351035,0.4758006891689393,-0.059859749960472865,0.21165563151073205,-0.1650932311534968,-0.1130141348285256,-0.1598853215209997,-0.1559793892966269,1.0668905013110452,0.15803462353566092,0.6068873821818132,low,-0.5297510636209449,0.0,0.0,0.010027347310847767,train_oof,0.41630574655599395,1,1,1,1,review,train_oof,0.5483517567913296
RFEXGB_LR_SMOTE,RFEXGB,supervised,LR,SMOTE,588,33,0.12167784503781769,0.03131941324110994,0.09035843179670774,0.15299725827892763,0.6956521739130435,0.30434782608695654,23,23,54,0.06794526062921198,0.08971172591650813,-0.021766465287296106,0.15765698654572002,0.3013698630136986,0.6986301369863014,73,73,1,0.053732584408605705,21.0,true_anomaly_candidate,1,train_oof,23,73,1097,60,0.4127213875213209,-0.10219473288930149,-0.001862793902674387,0.008071693878890503,0.2319697246994391,-0.3864698489225366,-0.2490388325620975,-0.1803233243818781,0.4123276864427585,0.5749688834587844,-0.10009277960755862,high,3.358525346899427,0.0,0.0,0.010938924339106655,train_oof,0.4071617814781317,1,1,1,1,review,train_oof,0.5483517567913296
RFEXGB_LR_SMOTE,RFEXGB,supervised,LR,SMOTE,124,26,0.15876067201233618,0.07218407123573459,0.08657660077660156,0.23094474324807074,0.6956521739130435,0.30434782608695654,23,23,25,0.1400155018200158,0.060415258881980065,0.07960024293803576,0.20043076070199586,0.6301369863013698,0.3698630136986301,73,73,1,0.018745170192320387,-1.0,shared_signal,1,train_oof,23,73,1097,60,0.2991009479565267,0.2752305445484797,-0.04432465791206618,0.33830808555424363,0.2991009479565267,0.2119739755171568,-0.2236608866797079,0.1684104892974719,0.3425892129169521,0.025848086560479887,0.3222494988228503,high,2.39014828650145,0.13043478260869565,0.0273972602739726,0.010938924339106655,train_oof,0.4027406707514845,1,1,1,1,review,train_oof,0.5483517567913296
RFEXGB_LR_SMOTE,RFEXGB,supervised,LR,SMOTE,25,53,0.07455776048700427,0.22788830299301616,-0.1533305425060119,0.30244606348002034,0.6956521739130435,0.30434782608695654,23,23,56,0.06731078867405575,0.15269133311711372,-0.08538054444305801,0.22000212179116946,0.7397260273972602,0.2602739726027397,73,73,1,0.007246971812948519,3.0,shared_signal,1,train_oof,23,73,1097,60,-0.5427109498062124,-0.26367096215491787,0.030523177269690897,-0.04013834944000802,0.4112510583721981,0.4090027299255162,0.4438518208490884,0.44385182084908775,-0.6063896816807802,-0.17170092687584265,-0.30877598081340735,low,-3.253321960159392,0.13043478260869565,0.0684931506849315,0.010027347310847767,train_oof,0.3941232336662907,1,1,1,1,drop,train_oof,0.5483517567913296
RFEXGB_LR_SMOTE,RFEXGB,supervised,LR,SMOTE,79,50,0.08056127879363743,0.022079091334690038,0.0584821874589474,0.10264037012832747,0.6956521739130435,0.30434782608695654,23,23,58,0.06292399646446552,0.017764646162139273,0.04515935030232628,0.08068864262660477,0.6712328767123288,0.3287671232876712,73,73,1,0.017637282329171916,8.0,shared_signal,1,train_oof,23,73,1097,60,0.4862337997215944,0.34859430631865557,-0.05184034729723486,0.26397028702016784,0.7388344288761282,0.388949691244235,-0.1812328441558872,0.16649211114494483,0.5467849690244722,0.13997410101607505,0.40885802076964384,high,3.006087528730789,0.0,0.0136986301369863,0.010027347310847767,train_oof,0.39307816160020725,1,1,1,1,drop,train_oof,0.5483517567913296
RFEXGB_LR_SMOTE,RFEXGB,supervised,LR,SMOTE,484,35,0.115295196696449,0.030139512246601143,0.08515568444984786,0.14543470894305013,0.7391304347826086,0.2608695652173913,23,23,33,0.11377440998758866,0.07990351172776003,0.03387089825982864,0.19367792171534876,0.726027397260274,0.273972602739726,73,73,1,0.0015207867088603416,-2.0,shared_signal,1,train_oof,23,73,1097,60,-0.3724346324928902,-0.1497810820840236,0.02264977327118031,-0.10624913650076145,-0.4212884102733357,-0.5831306950161965,-0.3103288128457427,-0.3620258334307922,-0.3970511017240427,-0.235397313261931,-0.17211613783393867,low,-1.0153846670981137,0.2608695652173913,0.2465753424657534,0.12853236098450319,train_oof,0.3844124024521318,1,1,1,1,drop,train_oof,0.5483517567913296
RFEXGB_LR_SMOTE,RFEXGB,supervised,LR,SMOTE,100,78,0.03189294952666584,0.005132569812489745,0.026760379714176094,0.03702551933915559,0.6956521739130435,0.30434782608695654,23,23,85,0.028192652792719573,0.014370930157327842,0.01382172263539175,0.042563582950047425,0.6027397260273972,0.3972602739726027,73,73,1,0.003700296733946267,7.0,shared_signal,1,train_oof,23,73,1097,60,0.5091281558793065,0.26596997511928394,-0.044160714444527654,0.29457665696832414,0.3271334819680114,0.048074981970692,0.048074981970692,0.048074981970692,0.5803448664118251,0.20812157154393301,0.31807887516460065,high,2.2805429819492478,0.043478260869565216,0.0410958904109589,0.011850501367365542,train_oof,0.37106499988435737,1,1,1,1,drop,train_oof,0.5483517567913296
RFEXGB_LR_SMOTE,RFEXGB,supervised,LR,SMOTE,144,51,0.07990592661569393,0.019701056306541054,0.060204870309152884,0.09960698292223501,0.782608695652174,0.21739130434782608,23,23,46,0.08424643629267314,0.03259235565325611,0.051654080639417024,0.11683879194592925,0.7808219178082192,0.2191780821917808,73,73,1,-0.004340509676979215,-5.0,shared_signal,1,train_oof,23,73,1097,60,-0.31882034423753186,-0.2776549537914921,0.034304947347735024,-0.1555252278937426,-0.2823137420639845,-0.4238829493300085,-0.1700347156116206,-0.41818763639401885,-0.35200913562387864,-0.05076368237387214,-0.3109642258092314,low,-1.1466344332297465,0.0,0.0273972602739726,0.010027347310847767,train_oof,0.36141533436537354,1,1,0,1,drop,train_oof,0.5483517567913296
RFEXGB_LR_SMOTE,RFEXGB,supervised,LR,SMOTE,130,47,0.0829915413226157,0.041399521066310244,0.04159202025630546,0.12439106238892592,0.6521739130434783,0.34782608695652173,23,23,45,0.08521852292195474,0.044673637695494595,0.0405448852264601,0.12989216061744935,0.589041095890411,0.410958904109589,73,73,1,-0.0022269815993390396,-2.0,shared_signal,1,train_oof,23,73,1097,60,0.29026792064716717,0.2842738295865976,-0.04578178034016063,0.3533662421419482,0.3915348680087602,0.5646960460626672,0.1118424525326764,0.3348306794206851,0.33151187364623436,0.007520337105431319,0.3279300838988583,high,1.601224224554364,0.0,0.0273972602739726,0.010938924339106655,train_oof,0.36099648715846755,1,1,0,1,drop,train_oof,0.5483517567913296
RFEXGB_LR_SMOTE,RFEXGB,supervised,LR,SMOTE,316,99,0.007163046072666318,0.003540799736776407,0.0036222463358899105,0.010703845809442725,0.6956521739130435,0.30434782608695654,23,23,100,0.006356800626957497,0.009332338041000816,-0.0029755374140433225,0.01568913866795832,0.5753424657534246,0.4246575342465753,73,73,1,0.0008062454457088203,1.0,shared_signal,1,train_oof,23,73,1097,60,-0.46878752200279494,-0.17260294517237734,0.033619053160948695,-0.2216726700840506,-0.6267937988853934,-0.3884698447632955,-0.09786455964587,-0.2872610794780005,-0.510412478179531,-0.2745421413785577,-0.2053707246776314,low,-1.9037643220060665,0.0,0.0273972602739726,0.010027347310847767,train_oof,0.3507201361013781,1,1,1,1,drop,train_oof,0.5483517567913296
RFEXGB_LR_SMOTE,RFEXGB,supervised,LR,SMOTE,344,85,0.02632345331811218,0.015515592179061375,0.010807861139050808,0.04183904549717356,0.6086956521739131,0.391304347826087,23,23,91,0.020350491081035458,0.027570799766951752,-0.007220308685916307,0.04792129084798721,0.4931506849315068,0.5068493150684932,73,73,1,0.005972962237076721,6.0,shared_signal,1,train_oof,23,73,1097,60,-0.3718697892771342,-0.01605159708739349,0.011064092333529675,-0.042451845734371586,-0.389581345608421,-0.1069328676342609,0.0127229779687977,0.09232262053498361,-0.38885692395638854,-0.29740369977743164,-0.027101911831942264,low,-2.077733785086372,0.043478260869565216,0.0273972602739726,0.010027347310847767,train_oof,0.34605961740387453,1,1,1,1,drop,train_oof,0.5483517567913296
RFEXGB_LR_SMOTE,RFEXGB,supervised,LR,SMOTE,551,109,0.0005924311176432553,6.895409129119724e-05,0.0005234770263520581,0.0006613852089344524,0.7391304347826086,0.2608695652173913,23,23,111,8.043016132773997e-05,0.0001308967879034817,-5.046662657574173e-05,0.00021132694923122164,0.3835616438356164,0.6164383561643836,73,73,1,0.0005120009563155154,2.0,true_anomaly_candidate,1,train_oof,23,73,1097,60,0.38186952190301293,-0.09938608920108834,-0.01603526534254912,0.15236899308797397,0.0513407536392479,-0.1136830973440491,-0.0448333427332084,-0.07455388463980411,0.4796952759877334,0.6760686686536903,-0.10552563104974193,high,0.7325592104982972,0.043478260869565216,0.0,0.010027347310847767,train_oof,0.34399868061679145,1,1,1,1,drop,train_oof,0.5483517567913296
RFEXGB_LR_SMOTE,RFEXGB,supervised,LR,SMOTE,477,38,0.10630551925270598,0.011888497233743904,0.09441702201896207,0.1181940164864499,0.7391304347826086,0.2608695652173913,23,23,8,0.34069199927269345,0.03381142055843353,0.30688057871426005,0.37450341983112684,0.4657534246575342,0.5342465753424658,73,73,1,-0.23438648001998746,-30.0,false_positive_risk,1,train_oof,23,73,1097,60,0.11869603449400006,0.5767115150702263,-0.05496900463129225,0.25341790515952894,0.0512716694760154,-0.1022694004493186,-0.1079770173549027,-0.04061919837099645,0.4165482632941842,-0.15637976468319237,0.6836762389158397,high,0.7613020354633037,0.0,0.0547945205479452,0.010027347310847767,train_oof,0.3010999139567336,1,1,0,1,false_positive_risk,train_oof,0.5483517567913296
RFEXGB_LR_SMOTE,RFEXGB,supervised,LR,SMOTE,75,4,0.5093435475986309,0.1264958878501002,0.3828476597485306,0.6358394354487311,0.5652173913043478,0.43478260869565216,23,23,13,0.24814959205041853,0.17593839075263187,0.07221120129778662,0.42408798280305054,0.5753424657534246,0.4246575342465753,73,73,1,0.26119395554821234,9.0,true_anomaly_candidate,1,train_oof,23,73,1097,60,0.7841918325938831,0.1744604040530661,-0.021300370717570787,-0.12939341598995974,0.3118689932896956,0.2457897639466524,0.0167151022241025,-0.04936412711894065,0.8220821912046763,0.39310077629482626,0.20741520763703536,high,1.9830567561948196,0.08695652173913043,0.0273972602739726,0.010027347310847767,train_oof,0.6985246304310346,0,1,1,0,drop,train_oof,0.5483517567913296
RFEXGB_LR_SMOTE,RFEXGB,supervised,LR,SMOTE,132,8,0.33441425167872074,0.40442924719212636,-0.07001499551340565,0.7388434988708472,0.43478260869565216,0.5652173913043478,23,23,12,0.2570730729943861,0.3204309260892544,-0.06335785309486822,0.5775039990836405,0.5068493150684932,0.4931506849315068,73,73,1,0.07734117868433465,4.0,shared_signal,1,train_oof,23,73,1097,60,0.17933302626814118,0.1709485559758322,-0.014875204707185218,-0.011439014641162296,0.1467728513057182,0.0702036618055519,-0.1800468599754635,0.1206272744032266,0.19509478150121043,0.00835536985252637,0.18818266385030608,high,1.9998219388579355,0.0,0.0136986301369863,0.010027347310847767,train_oof,0.4818485757641611,0,0,1,0,drop,train_oof,0.5483517567913296
RFEXGB_LR_SMOTE,RFEXGB,supervised,LR,SMOTE,488,22,0.18550723356626295,0.07167571095746078,0.11383152260880215,0.2571829445237237,0.5652173913043478,0.43478260869565216,23,23,38,0.10580432042063863,0.09750071487669132,0.008303605543947322,0.20330503529733004,0.4931506849315068,0.5068493150684932,73,73,1,0.07970291314562432,16.0,true_anomaly_candidate,1,train_oof,23,73,1097,60,-0.4363170681066887,-0.06739771157174468,0.01556433106350507,-0.09588127149619056,-0.7656196443219225,-0.0374394402019498,0.0042586469188357,-0.1592323186437368,-0.4546295607370971,-0.3952731644516407,-0.08380819218867697,low,-1.395282106447686,0.34782608695652173,0.1506849315068493,0.13947128532360983,train_oof,0.4492273191520867,0,1,1,0,drop,train_oof,0.5483517567913296
RFEXGB_LR_SMOTE,RFEXGB,supervised,LR,SMOTE,55,10,0.2885816849002641,0.34932249642743446,-0.06074081152717031,0.6379041813276984,0.43478260869565216,0.5652173913043478,23,23,14,0.243721548639481,0.29666949263400266,-0.0529479439945216,0.5403910412734837,0.4520547945205479,0.547945205479452,73,73,1,0.044860136260783084,4.0,shared_signal,1,train_oof,23,73,1097,60,-0.12814203778011185,-0.11502983746487302,0.007629900666537387,0.06695981347535016,-0.8171652248507822,-0.4276828291123979,-0.0382004333740136,0.09811840513442086,-0.13824658505476764,-0.012013864447007028,-0.12481953764016804,low,-2.063508891213612,0.0,0.0,0.014585232452142206,train_oof,0.44361992790014526,0,0,1,0,drop,train_oof,0.5483517567913296
RFEXGB_LR_SMOTE,RFEXGB,supervised,LR,SMOTE,63,58,0.05915553781157008,0.26877991571745863,-0.20962437790588853,0.3279354535290287,0.43478260869565216,0.5652173913043478,23,23,42,0.09722795623203727,0.26916117879220497,-0.1719332225601678,0.36638913502424214,0.5616438356164384,0.4383561643835616,73,73,1,-0.038072418420467186,-16.0,false_positive_risk,1,train_oof,23,73,1097,60,0.6838175082622644,0.5726155697495476,-0.058844515176481156,0.10900440697539203,0.4169761845723974,-0.0195255425769753,-0.1192082920972148,-0.0952268768156816,1.1267101318992223,0.04098576082068823,0.6453944689593061,high,2.1008019479465627,0.21739130434782608,0.0410958904109589,0.010027347310847767,train_oof,0.4351530009193894,0,1,0,0,drop,train_oof,0.5483517567913296
RFEXGB_LR_SMOTE,RFEXGB,supervised,LR,SMOTE,280,11,0.28600926054909837,0.05049246686636331,0.23551679368273498,0.3365017274154616,0.6956521739130435,0.30434782608695654,23,23,9,0.32724388839043844,0.03096003841755002,0.2962838499728884,0.3582039268079884,0.8356164383561644,0.1643835616438356,73,73,1,-0.04123462784134008,-2.0,shared_signal,1,train_oof,23,73,1097,60,-0.17376971013508727,-0.30020217894553397,0.03412256130577589,-0.1979563578801371,-0.3872214228475072,-0.3715364727120899,-0.1519471708162455,-0.25389934669645875,-0.20171474585890461,0.20432888569565058,-0.32939257862329063,low,-1.3910582315142226,0.0,0.0136986301369863,0.010938924339106655,train_oof,0.4203986159681663,1,0,0,0,drop,train_oof,0.5483517567913296
RFEXGB_LR_SMOTE,RFEXGB,supervised,LR,SMOTE,295,54,0.06736040608417969,0.00795254159917667,0.05940786448500302,0.07531294768335636,0.5217391304347826,0.4782608695652174,23,23,59,0.06127433046817839,0.011810916825984966,0.049463413642193414,0.07308524729416334,0.5205479452054794,0.4794520547945205,73,73,1,0.006086075616001302,5.0,shared_signal,1,train_oof,23,73,1097,60,0.5746500208430881,0.4566680630965009,-0.05568697681500679,0.24837881451783914,0.0009547470411242,-0.0603685517888387,-0.2016182669038766,-0.1068182786595562,0.7030313068647567,0.07015695624916869,0.5408920641584469,high,5.47177275640294,0.0,0.0547945205479452,0.010027347310847767,train_oof,0.4023629784760979,0,1,1,0,drop,train_oof,0.5483517567913296
RFEXGB_LR_SMOTE,RFEXGB,supervised,LR,SMOTE,125,36,0.10964639672099237,0.15709155462328334,-0.04744515790229099,0.26673795134427575,0.34782608695652173,0.6521739130434783,23,23,53,0.06863434011478312,0.19304063328415505,-0.12440629316937196,0.26167497339893814,0.3424657534246575,0.6575342465753424,73,73,1,0.041012056606209255,17.0,true_anomaly_candidate,1,train_oof,23,73,1097,60,-0.32762713588568504,-0.5233322580571333,0.06415096926251597,-0.3971523384819478,-0.6579862487150034,-0.5900840181960196,-0.0826041901067694,-0.46142716037057546,-0.38962707511053263,0.23596863729203,-0.5885325139049588,low,-1.5678761376693908,0.043478260869565216,0.0958904109589041,0.013673655423883319,train_oof,0.39472416655239473,0,1,1,0,drop,train_oof,0.5483517567913296
RFEXGB_LR_SMOTE,RFEXGB,supervised,LR,SMOTE,428,15,0.20650686579822713,0.008056889901327495,0.19844997589689967,0.21456375569955463,0.8260869565217391,0.17391304347826086,23,23,16,0.23110822303984485,0.008062356881319288,0.22304586615852554,0.2391705799211642,0.8767123287671232,0.1232876712328767,73,73,1,-0.024601357241617716,1.0,shared_signal,1,train_oof,23,73,1097,60,-0.06728785004046375,-0.08474517442641386,0.012100295242397037,-0.08558354551592062,-0.0432450611141641,-0.1099191557346949,-0.1571766875658643,-0.10902863808284745,-0.07526153397773422,0.13625112335319695,-0.09380863478582302,high,3.1337508534448837,0.0,0.0,0.010027347310847767,train_oof,0.3759817792471258,1,0,0,0,drop,train_oof,0.5483517567913296
RFEXGB_LR_SMOTE,RFEXGB,supervised,LR,SMOTE,92,27,0.14406700187030674,0.13849919503473931,0.00556780683556742,0.28256619690504614,0.5217391304347826,0.4782608695652174,23,23,39,0.10437731033526029,0.12603121662855218,-0.021653906293291912,0.23040852696381237,0.4383561643835616,0.5616438356164384,73,73,1,0.03968969153504645,12.0,shared_signal,1,train_oof,23,73,1097,60,-0.10351994296964966,-0.034333605193545974,0.007468119151063743,-0.058347098080452894,-0.1300531851953159,0.0530261861617811,-0.0385134995167673,-0.1758230280345901,-0.10859489299736118,-0.07642955723679445,-0.04137975617599162,low,-2.2073937855271772,0.043478260869565216,0.0273972602739726,0.010027347310847767,train_oof,0.37503267568344434,0,0,1,0,drop,train_oof,0.5483517567913296
RFEXGB_LR_SMOTE,RFEXGB,supervised,LR,SMOTE,183,28,0.12874175218300038,0.09016788980471699,0.03857386237828333,0.2189096419877174,0.5652173913043478,0.43478260869565216,23,23,31,0.12201349662666275,0.08587087950042228,0.03614261712624046,0.2078843761270851,0.6027397260273972,0.3972602739726027,73,73,1,0.006728255556337631,3.0,shared_signal,1,train_oof,23,73,1097,60,0.21843356009155435,0.20908464370144123,-0.024702007698589757,0.11112411548694653,0.5263451011806506,0.4198581785931621,-0.0052118722849156,0.4363139186908167,0.2413544868851507,0.010112273868657207,0.23321998418103448,high,1.8989849370526215,0.043478260869565216,0.0136986301369863,0.010027347310847767,train_oof,0.37310343618916775,0,0,1,0,drop,train_oof,0.5483517567913296
RFEXGB_LR_SMOTE,RFEXGB,supervised,LR,SMOTE,154,40,0.09702886737808161,0.0676537425454933,0.029375124832588327,0.16468260992357492,0.4782608695652174,0.5217391304347826,23,23,66,0.05218185644372957,0.07932080370105092,-0.027138947257321317,0.13150266014478054,0.4520547945205479,0.547945205479452,73,73,1,0.04484701093435204,26.0,true_anomaly_candidate,1,train_oof,23,73,1097,60,0.23889843096436933,-0.1160276983066985,0.002369037186638343,0.017171609919551467,0.0470285726149779,-0.1157638458942754,-0.0417710415351166,-0.02123123296718915,0.23735558903911677,0.28800748397257947,-0.12091095246315618,high,2.3888439130405485,0.043478260869565216,0.0,0.010027347310847767,train_oof,0.3719627390865281,0,0,1,0,drop,train_oof,0.5483517567913296
RFEXGB_LR_SMOTE,RFEXGB,supervised,LR,SMOTE,19,16,0.20050687348364998,0.001518664482543253,0.19898820900110673,0.20202553796619324,0.9565217391304348,0.043478260869565216,23,23,15,0.2348948239223611,0.02351253179678606,0.21138229212557502,0.25840735571914725,0.8082191780821918,0.1917808219178082,73,73,1,-0.03438795043871112,-1.0,shared_signal,1,train_oof,23,73,1097,60,0.07820883822915291,0.0976704427166889,-0.015496530028824049,0.13603236031852586,-0.0452922981918985,0.0125060508915716,0.0692535209008085,0.0767366216726649,0.08942820962016663,-0.052043610328559635,0.10996691448959726,low,-1.878025403675156,0.0,0.0,0.010938924339106655,train_oof,0.37169497969412396,1,0,0,0,drop,train_oof,0.5483517567913296
RFEXGB_LR_SMOTE,RFEXGB,supervised,LR,SMOTE,90,31,0.12662901036602547,0.10129237090998044,0.025336639456045033,0.22792138127600597,0.5217391304347826,0.4782608695652174,23,23,27,0.127590864962814,0.1697365423547545,-0.042145677391940486,0.29732740731756846,0.410958904109589,0.589041095890411,73,73,1,-0.0009618545967885195,-4.0,shared_signal,1,train_oof,23,73,1097,60,-0.2357336513731757,-0.06253215107082633,0.016199006751469396,-0.12391387745026838,-0.2448922034800321,0.0580746883623838,-0.0063089559074009,-0.09466819423515666,-0.25416271187306005,-0.1827390456770973,-0.07903451956958671,low,-2.2420642099751036,0.0,0.0273972602739726,0.010027347310847767,train_oof,0.3710769393198136,0,0,0,0,drop,train_oof,0.5483517567913296
RFEXGB_LR_SMOTE,RFEXGB,supervised,LR,SMOTE,460,37,0.10739962146500821,0.05707752178220344,0.05032209968280475,0.1644771432472117,0.4782608695652174,0.5217391304347826,23,23,35,0.10912234753078615,0.06943199303076546,0.039690354500020675,0.17855434056155162,0.4246575342465753,0.5753424657534246,73,73,1,-0.0017227260657779325,-2.0,shared_signal,1,train_oof,23,73,1097,60,0.2730853945173936,0.22079894306067954,-0.028578198625333142,0.14455392650264512,-0.0117085088857422,-0.1361476038642715,-0.2256374042039275,-0.15435376531926454,0.30853469741490536,0.04197521675467517,0.250180480015392,high,3.09408514104329,0.043478260869565216,0.0136986301369863,0.010027347310847767,train_oof,0.36903905299626605,0,1,0,0,drop,train_oof,0.5483517567913296
RFEXGB_LR_SMOTE,RFEXGB,supervised,LR,SMOTE,586,30,0.12744755009646053,0.10514839001641742,0.022299160080043092,0.2325959401128779,0.5217391304347826,0.4782608695652174,23,23,36,0.10766062435438124,0.10713468804749553,0.0005259363068857232,0.21479531240187666,0.4794520547945205,0.5205479452054794,73,73,1,0.019786925742079284,6.0,shared_signal,1,train_oof,23,73,1097,60,0.1064087550416316,0.025187826651792818,-0.009334035167898764,0.0933937130084845,0.1071251793737314,-0.0823690564666746,-0.0823690564666746,0.012378061453528398,0.11565260710124754,0.0732086162486408,0.03432851654646315,high,2.7046792087547393,0.0,0.0136986301369863,0.010027347310847767,train_oof,0.3617300754354539,0,0,1,0,drop,train_oof,0.5483517567913296
RFEXGB_LR_SMOTE,RFEXGB,supervised,LR,SMOTE,510,79,0.030033595577369888,0.020719705756396086,0.009313889820973795,0.05075330133376597,0.34782608695652173,0.6521739130434783,23,23,73,0.04368029873998385,0.028369859075576754,0.015310439664407084,0.07205015781556057,0.4383561643835616,0.5616438356164384,73,73,1,-0.013646703162613964,-6.0,false_positive_risk,1,train_oof,23,73,1097,60,0.41124613890493616,0.4790633827846477,-0.07637016180521482,0.6404086112124043,0.1697321509225343,0.1777920353706084,-0.2649240193866484,0.18120218935992785,0.5432685549730302,-0.057031961202296366,0.597917349143045,high,3.7084716799991346,0.0,0.0410958904109589,0.010027347310847767,train_oof,0.35971734841816655,0,1,0,0,drop,train_oof,0.5483517567913296
RFEXGB_LR_SMOTE,RFEXGB,supervised,LR,SMOTE,486,21,0.18788176281710656,0.08977036215808938,0.09811140065901715,0.2776521249751959,0.5217391304347826,0.4782608695652174,23,23,10,0.30519512655108155,0.12321541235823145,0.18197971419284986,0.42841053890931285,0.5616438356164384,0.4383561643835616,73,73,1,-0.117313363733975,-11.0,false_positive_risk,1,train_oof,23,73,1097,60,0.22028682064888747,0.3837768418964593,-0.039925801800305014,0.1443014647691838,0.0318911166726226,0.2446118994080052,-0.2141751892369645,-0.13824733371221185,0.2628895680083768,-0.17508731188181606,0.4263978787373898,high,2.2896491556217398,0.0,0.0,0.010027347310847767,train_oof,0.3585945674981424,0,0,0,0,drop,train_oof,0.5483517567913296
RFEXGB_LR_SMOTE,RFEXGB,supervised,LR,SMOTE,416,34,0.12135064393795852,0.07057128218590922,0.050779361752049314,0.19192192612386774,0.6086956521739131,0.391304347826087,23,23,26,0.13701738928040194,0.043629836736944434,0.09338755254345753,0.1806472260173464,0.7123287671232876,0.2876712328767123,73,73,1,-0.015666745342443417,-8.0,shared_signal,1,train_oof,23,73,1097,60,-0.15486259050811774,-0.32777995823045786,0.03542660437408504,-0.22977057245616125,-0.4415347746160978,-0.6040377769988489,-0.1320854597128472,-0.4082910201652363,-0.18600730173178195,0.22480136422605101,-0.3594772497297709,low,-2.1572295833095927,0.0,0.0,0.010938924339106655,train_oof,0.3553591722955639,1,0,0,0,drop,train_oof,0.5483517567913296
RFEXGB_LR_SMOTE,RFEXGB,supervised,LR,SMOTE,489,67,0.045731165653729026,0.023139885258152436,0.022591280395576598,0.06887105091188146,0.391304347826087,0.6086956521739131,23,23,81,0.030829829342942257,0.0382379450817571,-0.007408115738814848,0.06906777442469937,0.3972602739726027,0.6027397260273972,73,73,1,0.014901336310786769,14.0,shared_signal,1,train_oof,23,73,1097,60,0.3488246115317819,0.028306230449524628,-0.008205106202884302,-0.016880570376244724,-0.1434085038078794,-0.0201816786255802,-0.2264007503316643,-0.3508092755221912,0.35918498294376994,0.3437519831316648,0.03692093868571843,high,2.9203920628753846,0.0,0.0,0.010027347310847767,train_oof,0.3540191306528713,0,1,1,0,drop,train_oof,0.5483517567913296
RFEXGB_LR_SMOTE,RFEXGB,supervised,LR,SMOTE,566,29,0.1278153397908961,0.13411489577218624,-0.006299555981290156,0.2619302355630823,0.43478260869565216,0.5652173913043478,23,23,40,0.10394747194144995,0.08785250239184449,0.016094969549605483,0.19179997433329432,0.4657534246575342,0.5342465753424658,73,73,1,0.023867867849446153,11.0,shared_signal,1,train_oof,23,73,1097,60,-0.01635737026344427,0.05069864718764404,-0.011615165010753457,0.09049510500393888,-0.390869436560573,-0.1564768356656503,-0.2780759131191764,-0.0024419943072511007,-0.005086536567436546,-0.08178683567164466,0.06768906125790866,low,-1.6899174549478804,0.0,0.0,0.010027347310847767,train_oof,0.34981810130103785,0,0,1,0,drop,train_oof,0.5483517567913296
RFEXGB_LR_SMOTE,RFEXGB,supervised,LR,SMOTE,31,39,0.10594069898796044,0.09412413715875827,0.011816561829202186,0.20006483614671872,0.8260869565217391,0.17391304347826086,23,23,32,0.11467355850945089,0.10238857375899056,0.012284984750460333,0.21706213226844148,0.8493150684931506,0.1506849315068493,73,73,1,-0.008732859521490458,-7.0,shared_signal,1,train_oof,23,73,1097,60,-0.1507912013126347,-0.15213431334808888,0.02428333526431896,-0.1936724482853265,-0.462676175405261,-0.4427651358356478,-0.4544884581990649,-0.4276922927969685,-0.17247144081605806,0.0016017491782135795,-0.17472421891976217,low,-0.8842691777315783,0.0,0.0,0.010027347310847767,train_oof,0.3493743274040351,1,0,0,0,drop,train_oof,0.5483517567913296
RFEXGB_LR_SMOTE,RFEXGB,supervised,LR,SMOTE,30,66,0.047733627885396514,0.04206727121635647,0.005666356669040041,0.08980089910175298,0.5652173913043478,0.43478260869565216,23,23,68,0.050358253815340016,0.04589315349774342,0.0044651003175966,0.09625140731308347,0.5342465753424658,0.4657534246575342,73,73,1,-0.0026246259299435026,2.0,shared_signal,1,train_oof,23,73,1097,60,0.31760020664988337,0.3076143794963868,-0.032905104484798726,0.10600088583253188,0.4505423421064061,0.324545466499069,0.0725517152843931,0.0935511945522829,0.3507563424727848,0.010191733905720849,0.34108288221609934,high,2.159059975341903,0.043478260869565216,0.0273972602739726,0.010027347310847767,train_oof,0.34779226322169926,0,1,0,0,drop,train_oof,0.5483517567913296
RFEXGB_LR_SMOTE,RFEXGB,supervised,LR,SMOTE,433,70,0.03846430165963875,0.014355257566085331,0.024109044093553415,0.05281955922572407,0.5652173913043478,0.43478260869565216,23,23,84,0.02854979922424872,0.015877203638690354,0.012672595585558376,0.04442700286293908,0.4794520547945205,0.5205479452054794,73,73,1,0.009914502435390032,14.0,shared_signal,1,train_oof,23,73,1097,60,0.32035296944273256,0.11704154580215424,-0.017659134149500582,0.052310067001746896,0.0298745918100557,-0.1486962060222151,-0.2460597173129554,-0.2627564412174112,0.34041398350117935,0.1809625686186832,0.1357371627359866,high,3.166426783110155,0.043478260869565216,0.0273972602739726,0.010027347310847767,train_oof,0.34682416331825666,0,1,1,0,drop,train_oof,0.5483517567913296
RFEXGB_LR_SMOTE,RFEXGB,supervised,LR,SMOTE,471,87,0.025331113111584574,0.010116436654309903,0.015214676457274671,0.03544754976589448,0.21739130434782608,0.782608695652174,23,23,87,0.025648374040122185,0.009238994699881592,0.01640937934024059,0.034887368740003755,0.2602739726027397,0.7397260273972602,73,73,1,-0.00031726092853761115,0.0,shared_signal,1,train_oof,23,73,1097,60,0.2857308797858027,0.30973806859278696,-0.039665575150372764,0.21408768819580726,-0.2436223414418058,-0.1981086228395703,-0.2194985265131413,-0.1702654170173486,0.39289193287146884,-0.012153710075840055,0.38944194256360204,low,-0.5981726652837404,0.0,0.0,0.010027347310847767,train_oof,0.34393792593481787,0,1,0,0,drop,train_oof,0.5483517567913296
RFEXGB_LR_SMOTE,RFEXGB,supervised,LR,SMOTE,480,52,0.0772506133733123,0.06837876666647258,0.008871846706839695,0.14562938003978484,0.6521739130434783,0.34782608695652173,23,23,50,0.07490793178946589,0.11614385273561735,-0.041235920946151465,0.19105178452508337,0.5753424657534246,0.4246575342465753,73,73,1,0.002342681583846401,-2.0,shared_signal,1,train_oof,23,73,1097,60,-0.15948284656449016,0.0978828096647794,-0.0014822523960467643,-0.02892930298621121,-0.4230521880128791,-0.2843064301916071,-0.116197077096097,-0.1740419747110972,-0.16125954739447945,-0.21052332594279308,0.09908678857476454,low,-1.7037083866881209,0.0,0.0,0.010027347310847767,train_oof,0.3393026277756755,1,0,1,0,drop,train_oof,0.5483517567913296
RFEXGB_LR_SMOTE,RFEXGB,supervised,LR,SMOTE,51,45,0.08867747155242825,0.05777254772516889,0.030904923827259373,0.14645001927759713,0.6521739130434783,0.34782608695652173,23,23,47,0.08394941634804773,0.06968167346185954,0.014267742886188175,0.1536310898099072,0.6027397260273972,0.3972602739726027,73,73,1,0.004728055204380521,2.0,shared_signal,1,train_oof,23,73,1097,60,0.10677251153595563,0.005855392023781996,-0.001764243919117488,-0.0053152972072257705,0.5966294421935097,0.4454621639114545,0.398666715284543,0.5099209562684072,0.10917780712277365,0.09829618857448943,0.007638398038676989,high,1.4655287838311246,0.0,0.0,0.010027347310847767,train_oof,0.33877182822730145,1,0,1,0,drop,train_oof,0.5483517567913296
RFEXGB_LR_SMOTE,RFEXGB,supervised,LR,SMOTE,84,44,0.09002637291173081,0.0908911122154,-0.0008647393036691945,0.18091748512713077,0.5217391304347826,0.4782608695652174,23,23,44,0.08786212348825638,0.07230589844407236,0.015556225044184023,0.16016802193232874,0.5068493150684932,0.4931506849315068,73,73,1,0.002164249423474429,0.0,shared_signal,1,train_oof,23,73,1097,60,-0.07545220239097769,-0.15629123768135733,0.010336497419142375,0.016217962127792165,-0.1617435401871227,-0.0823555094146687,0.016879529050896,0.0466500405905649,-0.08529266362136156,0.08034341833153269,-0.1656653719953054,low,-2.405249289816607,0.0,0.0136986301369863,0.010027347310847767,train_oof,0.33555939953775926,0,0,1,0,drop,train_oof,0.5483517567913296
RFEXGB_LR_SMOTE,RFEXGB,supervised,LR,SMOTE,563,48,0.08255252736091964,0.028171067382612228,0.054381459978307414,0.11072359474353184,0.6521739130434783,0.34782608695652173,23,23,49,0.08147319781280764,0.04744079370760115,0.0340324041052065,0.1289139915204088,0.5753424657534246,0.4246575342465753,73,73,1,0.001079329548112004,1.0,shared_signal,1,train_oof,23,73,1097,60,-0.05070459389445069,0.04090107270204938,0.04582625682302067,-0.007568182235269703,-0.0483696755782545,0.0812245648035321,-0.0283196637489479,-0.10218924157087919,-0.10211120036796045,-0.13411255508898445,-0.005246621974751651,low,-1.2014331771371636,0.0,0.0136986301369863,0.010027347310847767,train_oof,0.33396757398702837,1,0,1,0,drop,train_oof,0.5483517567913296
RFEXGB_LR_SMOTE,RFEXGB,supervised,LR,SMOTE,354,46,0.08439533687299662,0.07691004231086893,0.007485294562127703,0.1613053791838655,0.6086956521739131,0.391304347826087,23,23,52,0.06916393306375947,0.09108173904807045,-0.021917805984310996,0.16024567211183,0.5068493150684932,0.4931506849315068,73,73,1,0.015231403809237154,6.0,shared_signal,1,train_oof,23,73,1097,60,0.06095514685982529,-0.08129073734833614,0.010913177453136191,-0.1058360083803777,0.2536341131578123,0.1401968377775984,0.1855717479296838,0.0456657749607528,0.05091739183633746,0.14390619639595525,-0.09371993810917956,high,2.0622780318199476,0.0,0.0273972602739726,0.010027347310847767,train_oof,0.3334332775331026,1,0,1,0,drop,train_oof,0.5483517567913296
RFEXGB_LR_SMOTE,RFEXGB,supervised,LR,SMOTE,71,100,0.006155546060143621,0.01407157164277316,-0.007916025582629539,0.020227117702916783,0.391304347826087,0.6086956521739131,23,23,99,0.006693599336300504,0.0103212391855671,-0.0036276398492665913,0.017014838521867602,0.3561643835616438,0.6438356164383562,73,73,1,-0.0005380532761568831,-1.0,shared_signal,1,train_oof,23,73,1097,60,-0.3118675374848042,-0.10710445359022666,0.013410058945897318,0.015764131901779378,-0.2811398383717531,-0.0985071125808443,-0.0415548280675032,-0.1150035265346806,-0.33200159770925325,-0.17402983357837584,-0.12228892332298999,low,-1.7557422733096266,0.08695652173913043,0.0410958904109589,0.010027347310847767,train_oof,0.3280507534293805,0,1,0,0,drop,train_oof,0.5483517567913296
RFEXGB_LR_SMOTE,RFEXGB,supervised,LR,SMOTE,37,93,0.013938488809548972,0.02869444809221512,-0.014755959282666148,0.04263293690176409,0.30434782608695654,0.6956521739130435,23,23,88,0.02293549884261201,0.03422928483134218,-0.011293785988730183,0.057164783673954195,0.3835616438356164,0.6164383561643836,73,73,1,-0.008997010033063038,-5.0,false_positive_risk,1,train_oof,23,73,1097,60,0.2916535179675925,0.23799404251601455,-0.024698740053244544,0.05971267987219998,0.3050513045165886,0.1572556591690848,0.0088160240814834,0.07289300321909009,0.3235635281381342,0.04418141941465419,0.2614410553667483,high,2.8754719530568047,0.0,0.0136986301369863,0.010027347310847767,train_oof,0.32749226325974967,0,1,0,0,drop,train_oof,0.5483517567913296
RFEXGB_LR_SMOTE,RFEXGB,supervised,LR,SMOTE,77,64,0.050300188409890915,0.09606313731287615,-0.045762948902985226,0.14636332572276706,0.43478260869565216,0.5652173913043478,23,23,62,0.057521071710835564,0.09048805942996158,-0.032966987719126,0.14800913114079714,0.4520547945205479,0.547945205479452,73,73,1,-0.0072208833009446485,-2.0,shared_signal,1,train_oof,23,73,1097,60,-0.16877674731936376,-0.10108542611007726,0.009463546375817223,-0.031081629922045217,-0.0998621690778136,-0.0041859940543336,-0.1030513749119296,-0.059997096151363546,-0.18058122436079685,-0.06853589558717343,-0.1117681021286027,high,2.5797085727464477,0.0,0.0,0.010027347310847767,train_oof,0.32656292837793965,0,0,0,0,drop,train_oof,0.5483517567913296
RFEXGB_LR_SMOTE,RFEXGB,supervised,LR,SMOTE,589,42,0.0930636010881879,0.12617288672561977,-0.0331092856374319,0.21923648781380767,0.5217391304347826,0.4782608695652174,23,23,29,0.126840012099629,0.08342282565864823,0.04341718644098074,0.21026283775827723,0.7534246575342466,0.2465753424657534,73,73,1,-0.033776411011441104,-13.0,false_positive_risk,1,train_oof,23,73,1097,60,0.10962006564278756,-0.1292218417031081,0.012725235486993803,-0.11162686198439446,-0.0866576901576375,-0.3853181276024989,-0.2909325706962247,-0.27066824583670446,0.09515463309361781,0.26514319506936984,-0.13993335861143016,high,4.075687609638256,0.0,0.0136986301369863,0.016408386508659983,train_oof,0.325633876773,0,0,0,0,drop,train_oof,0.5483517567913296
RFEXGB_LR_SMOTE,RFEXGB,supervised,LR,SMOTE,98,60,0.05560991230992126,0.023791581684997933,0.031818330624923334,0.0794014939949192,0.6521739130434783,0.34782608695652173,23,23,55,0.06740208307945332,0.034777389987664914,0.03262469309178841,0.10217947306711818,0.5753424657534246,0.4246575342465753,73,73,1,-0.01179217076953206,-5.0,false_positive_risk,1,train_oof,23,73,1097,60,-0.14637849918452858,-0.15162979466241508,0.019474873048852665,-0.12366294175904803,-0.1224182030292057,-0.0526045960076145,0.0526956617591707,0.0526956617591707,-0.163535001452679,0.006370286277976419,-0.169032698394264,low,-2.4520217295047617,0.0,0.0136986301369863,0.010027347310847767,train_oof,0.32522055083947055,1,0,0,0,drop,train_oof,0.5483517567913296
RFEXGB_LR_SMOTE,RFEXGB,supervised,LR,SMOTE,269,55,0.06636763903520392,0.07251117741160773,-0.0061435383764038105,0.13887881644681163,0.5217391304347826,0.4782608695652174,23,23,72,0.04368641330520659,0.1040092223748959,-0.06032280906968932,0.1476956356801024,0.3287671232876712,0.6712328767123288,73,73,1,0.022681225729997326,17.0,true_anomaly_candidate,1,train_oof,23,73,1097,60,0.03219925273812467,-0.26359421513099207,0.014294039499122604,0.07033660636975689,0.2868092445363978,-0.3283359255644041,-0.0406109177019877,-0.0781440266326426,0.017925854676945352,0.3185392647681361,-0.2789840401963939,high,2.890863260690657,0.0,0.0,0.01276207839562443,train_oof,0.32410957436908727,0,0,1,0,drop,train_oof,0.5483517567913296
RFEXGB_LR_SMOTE,RFEXGB,supervised,LR,SMOTE,334,65,0.04945886494784634,0.09610701953130057,-0.04664815458345423,0.14556588447914692,0.6086956521739131,0.391304347826087,23,23,67,0.05061350835862553,0.23556473359173,-0.18495122523310442,0.2861782419503556,0.6164383561643836,0.3835616438356164,73,73,1,-0.0011546434107791853,2.0,shared_signal,1,train_oof,23,73,1097,60,0.036668828758823976,0.5277249699670581,-0.04864912707862037,0.21467410790407235,-0.273194410607232,-0.2529869437212498,-0.2200168661704367,-0.107812247408799,0.14437477833258383,-0.1901275590558972,0.6291199167983134,low,-0.6691969485191581,0.043478260869565216,0.0,0.010027347310847767,train_oof,0.32388100354489335,1,0,0,0,drop,train_oof,0.5483517567913296
RFEXGB_LR_SMOTE,RFEXGB,supervised,LR,SMOTE,182,107,0.001007488659458998,0.0027994502842323254,-0.0017919616247733267,0.0038069389436913245,0.34782608695652173,0.6521739130434783,23,23,106,0.0021525003382456523,0.002352073724917426,-0.0001995733866717739,0.004504574063163079,0.410958904109589,0.589041095890411,73,73,1,-0.0011450116787866543,-1.0,false_positive_risk,1,train_oof,23,73,1097,60,-0.3113593800526873,-0.06208246137118673,0.012005483613334872,-0.013083838663835749,-0.5078684680426969,-0.2355968401047319,-0.1195854508094251,-0.1207692404961119,-0.31795114811209796,-0.2940379348944638,-0.07289634580657171,low,-1.50490349375779,0.0,0.0136986301369863,0.010027347310847767,train_oof,0.32387587862358913,0,1,0,0,drop,train_oof,0.5483517567913296
RFEXGB_LR_SMOTE,RFEXGB,supervised,LR,SMOTE,547,74,0.03588006234670924,0.022496706805063365,0.013383355541645874,0.0583767691517726,0.5652173913043478,0.43478260869565216,23,23,77,0.03922279585780185,0.02419898387647463,0.015023811981327235,0.06342177973427648,0.5753424657534246,0.4246575342465753,73,73,1,-0.0033427335110926062,3.0,shared_signal,1,train_oof,23,73,1097,60,0.18697741095741743,0.20488201433257017,0.0007453109430967948,0.23287815103819795,0.1645803544274894,0.2497852743375839,-0.0244636057614285,0.2662053580221496,0.19840849913776076,-0.02184817138044079,0.2182804293934716,high,1.9926134003199714,0.0,0.0136986301369863,0.010027347310847767,train_oof,0.32377750771575425,0,0,0,0,drop,train_oof,0.5483517567913296
RFEXGB_LR_SMOTE,RFEXGB,supervised,LR,SMOTE,561,71,0.0379136093237426,0.03727789899338615,0.0006357103303564645,0.07519150831712876,0.43478260869565216,0.5652173913043478,23,23,86,0.028114303002218215,0.03741267049066496,-0.00929836748844674,0.0655269734928832,0.3972602739726027,0.6027397260273972,73,73,1,0.009799306321524388,15.0,shared_signal,1,train_oof,23,73,1097,60,0.13438448988477159,0.012317218348550358,-0.01009631925317905,0.12774956211192923,0.0290074978243583,-0.0591820372399156,-0.1563982087583952,0.0203269996164496,0.14451170517836662,0.12456155604271563,0.02250664559790003,high,2.7244401058375343,0.0,0.0,0.01276207839562443,train_oof,0.32264682214940893,0,0,1,0,drop,train_oof,0.5483517567913296
RFEXGB_LR_SMOTE,RFEXGB,supervised,LR,SMOTE,405,69,0.04294139237634949,0.037130217518928414,0.0058111748574210835,0.08007160989527792,0.4782608695652174,0.5217391304347826,23,23,78,0.03531465409882517,0.04237163345219305,-0.007056979353367897,0.07768628755101825,0.4657534246575342,0.5342465753424658,73,73,1,0.007626738277524317,9.0,shared_signal,1,train_oof,23,73,1097,60,0.1202209870664885,-0.025527055201389016,0.0015752164923216144,-0.056392642205245584,0.039082730656557,-0.1001844258679525,-0.0723309945630507,-0.12803785717285435,0.12006416864891821,0.13755343340721207,-0.027391936560548683,high,2.0445297846094923,0.0,0.0,0.015496809480401094,train_oof,0.3211097036815696,0,0,1,0,drop,train_oof,0.5483517567913296
RFEXGB_LR_SMOTE,RFEXGB,supervised,LR,SMOTE,271,86,0.02537195876721856,0.06448209377523251,-0.03911013500801396,0.08985405254245107,0.4782608695652174,0.5217391304347826,23,23,82,0.029707895580267388,0.04659796017984329,-0.016890064599575906,0.07630585576011072,0.4657534246575342,0.5342465753424658,73,73,1,-0.004335936813048828,-4.0,shared_signal,1,train_oof,23,73,1097,60,0.2058936189593684,-0.044755928974180306,-0.00772506949240112,0.11689584766506085,-0.0999998999539683,0.0316346779212868,-0.0271269618324295,0.0632088479013114,0.2139775763646265,0.24461533763818114,-0.037175382516241806,low,-1.6050758455020229,0.0,0.0136986301369863,0.010027347310847767,train_oof,0.32073855349165303,0,0,0,0,drop,train_oof,0.5483517567913296
RFEXGB_LR_SMOTE,RFEXGB,supervised,LR,SMOTE,227,63,0.05082187864818162,0.04044529874793757,0.010376579900244055,0.0912671773961192,0.6521739130434783,0.34782608695652173,23,23,69,0.048207801099468754,0.06508933885179577,-0.016881537752327043,0.11329713995126456,0.6575342465753424,0.3424657534246575,73,73,1,0.002614077548712866,6.0,shared_signal,1,train_oof,23,73,1097,60,0.05750318053054109,0.23128896650993902,-0.02639410169427581,0.17467390880968084,-0.1481667666320204,-0.1122623356283096,-0.2558800596431537,-0.1571428743829484,0.08759245458693249,-0.14258069485893726,0.26067032500422654,high,3.912624379887683,0.0,0.0273972602739726,0.010027347310847767,train_oof,0.31885658816149054,1,0,1,0,drop,train_oof,0.5483517567913296
RFEXGB_LR_SMOTE,RFEXGB,supervised,LR,SMOTE,574,94,0.013336541387529474,0.0,0.013336541387529474,0.013336541387529474,1.0,0.0,23,23,95,0.013796765717101984,0.007891663637139164,0.005905102079962819,0.021688429354241135,0.9726027397260274,0.0273972602739726,73,73,1,-0.0004602243295725103,1.0,shared_signal,1,train_oof,23,73,1097,60,-0.21969300444974435,-0.15533142801235345,0.017588143295720407,-0.04836766413598817,-0.2129523259459791,-0.2280505146696076,-0.2258477394150964,-0.22058555408487535,-0.22903039898980376,-0.16846635273353067,-0.1696339248999704,high,4.953217243311552,0.0,0.0,0.015496809480401094,train_oof,0.31865638963492127,1,0,0,0,drop,train_oof,0.5483517567913296
RFEXGB_LR_SMOTE,RFEXGB,supervised,LR,SMOTE,217,49,0.0806342654509867,0.05140946432531386,0.02922480112567285,0.13204372977630055,0.43478260869565216,0.5652173913043478,23,23,34,0.11004322987156145,0.053647529307129314,0.05639570056443212,0.16369075917869078,0.4794520547945205,0.5205479452054794,73,73,1,-0.02940896442057475,-15.0,false_positive_risk,1,train_oof,23,73,1097,60,0.046561522767912596,0.15795690070316828,-0.016374029317193933,0.07589701921467153,-0.099808585237843,-0.0749787451581944,-0.2177503256161747,-0.2146465956062186,0.06518604564613358,-0.08390806809125098,0.17320395974587263,high,2.596629281278407,0.0,0.0136986301369863,0.010027347310847767,train_oof,0.3180580984737148,0,0,0,0,drop,train_oof,0.5483517567913296
RFEXGB_LR_SMOTE,RFEXGB,supervised,LR,SMOTE,126,90,0.02100231265428686,0.007147283696107022,0.013855028958179841,0.028149596350393876,0.6086956521739131,0.391304347826087,23,23,92,0.017514067063054004,0.01684091837167033,0.0006731486913836729,0.03435498543472433,0.5068493150684932,0.4931506849315068,73,73,1,0.0034882455912328553,2.0,shared_signal,1,train_oof,23,73,1097,60,-0.20073488663752154,0.047538104264920465,-0.014164090440502458,0.2480751022792603,-0.3538166594771109,0.0378274757075997,-0.0953315302551998,0.10244875801307796,-0.18529695857818662,-0.29911340019521876,0.06127856068815576,low,-1.446503796642459,0.0,0.0136986301369863,0.016408386508659983,train_oof,0.31804141987873286,1,0,1,0,drop,train_oof,0.5483517567913296
RFEXGB_LR_SMOTE,RFEXGB,supervised,LR,SMOTE,338,43,0.09069022331263742,0.0784797825833009,0.012210440729336502,0.1691700058959383,0.6521739130434783,0.34782608695652173,23,23,30,0.12380275258217639,0.6438835093955327,-0.5200807568133563,0.7676862619777093,0.5616438356164384,0.4383561643835616,73,73,1,-0.033112529269538976,-13.0,false_positive_risk,1,train_oof,23,73,1097,60,-0.04725731002411088,0.27461903278401184,-0.020958576210029656,0.05941733637681112,-0.0734288152007663,-0.0779484924378093,-0.0947858815814411,-0.0720601805444786,-0.027548711590494365,-0.23034710862170876,0.29142573477412637,high,0.5430736205853981,0.0,0.0547945205479452,0.010027347310847767,train_oof,0.3165796367097532,1,0,0,0,drop,train_oof,0.5483517567913296
RFEXGB_LR_SMOTE,RFEXGB,supervised,LR,SMOTE,200,24,0.18238285979839408,0.05087138133954067,0.13151147845885347,0.23325424113793472,0.7391304347826086,0.2608695652173913,23,23,4,0.4248658965144018,0.10589814631575753,0.3189677501986444,0.5307640428301592,0.6027397260273972,0.3972602739726027,73,73,1,-0.24248303671600774,-20.0,false_positive_risk,1,train_oof,23,73,1097,60,0.15306292868769558,0.4297852069047559,-0.04656157805838236,0.27155001749559876,0.0802270424064812,0.0430941174816065,-0.0661827758687398,0.01444871825384565,0.28211780225151534,-0.1268244193094491,0.514946058079311,high,1.118633373819926,0.0,0.0410958904109589,0.010027347310847767,train_oof,0.31515478869179153,1,0,0,0,drop,train_oof,0.5483517567913296
RFEXGB_LR_SMOTE,RFEXGB,supervised,LR,SMOTE,0,61,0.052828951042663094,0.04595195730557651,0.006876993737086595,0.09878090834823962,0.5217391304347826,0.4782608695652174,23,23,61,0.05826639122982344,0.020983021382213928,0.037283369847609514,0.0792494126120374,0.6301369863013698,0.3698630136986301,73,73,1,-0.0054374401871603445,0.0,shared_signal,1,train_oof,23,73,1097,60,-0.04018624945194311,-0.32283126050722605,0.029511183201776113,-0.14930736720511598,-0.1516675410276844,-0.285002902879535,-0.0056526402609958,-0.41153135436657373,-0.07039011911972702,0.29797892554145267,-0.3591942292725399,low,-2.176048022275121,0.0,0.0410958904109589,0.010027347310847767,train_oof,0.31484515091308063,0,0,0,0,drop,train_oof,0.5483517567913296
RFEXGB_LR_SMOTE,RFEXGB,supervised,LR,SMOTE,139,96,0.011293945915344784,0.005940414233936051,0.005353531681408733,0.017234360149280835,0.782608695652174,0.21739130434782608,23,23,98,0.009261990485647449,0.006568741006603135,0.0026932494790443172,0.015830731492250588,0.684931506849315,0.3150684931506849,73,73,1,0.0020319554296973352,2.0,shared_signal,1,train_oof,23,73,1097,60,-0.18486031975187334,-0.07454458555564795,0.011214784689037359,-0.02693351735998713,-0.387469123908896,-0.3634064059942239,-0.3039715187462845,-0.27859202067990874,-0.19498327770117746,-0.12284161396683231,-0.08592762451035368,low,-1.1037542156978155,0.0,0.0,0.010027347310847767,train_oof,0.3144740003637986,1,0,1,0,drop,train_oof,0.5483517567913296
RFEXGB_LR_SMOTE,RFEXGB,supervised,LR,SMOTE,2,101,0.0028773756164161297,0.007721425194022346,-0.004844049577606215,0.010598800810438474,0.34782608695652173,0.6521739130434783,23,23,105,0.0022829586003653454,0.005261971497689196,-0.002979012897323849,0.007544930098054539,0.3972602739726027,0.6027397260273972,73,73,1,0.0005944170160507843,4.0,shared_signal,1,train_oof,23,73,1097,60,0.21598834135049266,0.05682728870665942,-0.001931575070938484,-0.10759281525811319,0.1772394455099278,-0.1095710732053563,0.0469720803673646,-0.1837139353894701,0.21660987734804157,0.18002277713497608,0.05898049942660031,high,2.241971777173737,0.043478260869565216,0.0136986301369863,0.013673655423883319,train_oof,0.3129343280201761,0,0,1,0,drop,train_oof,0.5483517567913296
RFEXGB_LR_SMOTE,RFEXGB,supervised,LR,SMOTE,58,106,0.0013513603808320799,0.0009968831113882429,0.0003544772694438369,0.0023482434922203225,0.4782608695652174,0.5217391304347826,23,23,108,0.0010920587977797257,0.0008537842596183085,0.00023827453816141695,0.0019458430573980343,0.5205479452054794,0.4794520547945205,73,73,1,0.0002593015830523542,2.0,shared_signal,1,train_oof,23,73,1097,60,0.20282239670912172,0.1616675804925524,-0.022126877319871424,0.15185717751335784,0.0018536029597882,0.2059481243736099,-0.2977996250119338,0.1634775881256426,0.2213805663727579,0.046868497968336184,0.18261209130192946,high,2.2115012249717947,0.0,0.0136986301369863,0.010938924339106655,train_oof,0.3127329881377346,0,0,1,0,drop,train_oof,0.5483517567913296
RFEXGB_LR_SMOTE,RFEXGB,supervised,LR,SMOTE,39,81,0.02943667705755483,0.023903137832263745,0.005533539225291088,0.05333981488981858,0.6956521739130435,0.30434782608695654,23,23,74,0.04349619661714641,0.04969570026533866,-0.006199503648192274,0.09319189688248504,0.6301369863013698,0.3698630136986301,73,73,1,-0.014059519559591581,-7.0,false_positive_risk,1,train_oof,23,73,1097,60,-0.1522548126364934,-0.09851176468369481,0.007047706610098112,0.047807758261039085,-0.2314200930412735,-0.2581555312343518,-0.1395103135502186,-0.2056509959877056,-0.15780640887452815,-0.0752596274105385,-0.10487293741395289,low,-1.5225592266627026,0.0,0.0,0.010938924339106655,train_oof,0.31229364545941307,1,0,0,0,drop,train_oof,0.5483517567913296
RFEXGB_LR_SMOTE,RFEXGB,supervised,LR,SMOTE,18,105,0.0019252123938008033,0.004602993521993602,-0.0026777811281927973,0.006528205915794405,0.4782608695652174,0.5217391304347826,23,23,101,0.003260768195354419,0.0030798187606137432,0.0001809494347406756,0.006340586955968164,0.589041095890411,0.410958904109589,73,73,1,-0.0013355558015536158,-4.0,false_positive_risk,1,train_oof,23,73,1097,60,0.21732321150155084,-0.09778463544894982,0.004299752750102625,-0.043390137467707014,0.0958909983851701,-0.2139038390917298,-0.1375304166448147,-0.06500932647606394,0.21239874372257597,0.3444714660267446,-0.10215693013567581,high,2.2443793473872717,0.043478260869565216,0.0,0.010027347310847767,train_oof,0.31133549059454635,0,0,0,0,drop,train_oof,0.5483517567913296
RFEXGB_LR_SMOTE,RFEXGB,supervised,LR,SMOTE,88,108,0.0008283078918159405,0.000978955170141977,-0.00015064727832603663,0.0018072630619579172,0.43478260869565216,0.5652173913043478,23,23,107,0.0011977546968220151,0.001326361239033674,-0.00012860654221165803,0.0025241159358556885,0.4383561643835616,0.5616438356164384,73,73,1,-0.00036944680500607466,-1.0,false_positive_risk,1,train_oof,23,73,1097,60,0.18991948726183053,0.18346583720205886,-0.019648552716289968,0.06322180011653476,0.2779230801096347,0.1880902942006315,0.0227106163288676,-0.059894579390742705,0.21084813296115268,0.007010662738500441,0.20320826290362984,high,2.216384324711335,0.0,0.0136986301369863,0.010027347310847767,train_oof,0.3110016372585077,0,0,0,0,drop,train_oof,0.5483517567913296
RFEXGB_LR_SMOTE,RFEXGB,supervised,LR,SMOTE,81,72,0.03650090484105902,0.03477683124017347,0.0017240736008855499,0.07127773608123249,0.5652173913043478,0.43478260869565216,23,23,90,0.021236789152773446,0.025130092290023977,-0.0038933031372505277,0.04636688144279742,0.4931506849315068,0.5068493150684932,73,73,1,0.015264115688285576,18.0,true_anomaly_candidate,1,train_oof,23,73,1097,60,0.039603919690087835,-0.03062197706170185,0.001403048441112227,-0.023129038562130704,0.2155533159789061,-0.0155251737298347,0.0970515263846801,0.008175184189010502,0.03845308123853737,0.06997911309648498,-0.032549143847586906,high,2.3445564678287707,0.0,0.0,0.010027347310847767,train_oof,0.31098591014604526,0,0,1,0,drop,train_oof,0.5483517567913296
RFEXGB_LR_SMOTE,RFEXGB,supervised,LR,SMOTE,406,75,0.033430986207501824,0.06602344975208406,-0.032592463544582236,0.0994544359595859,0.6521739130434783,0.34782608695652173,23,23,71,0.04616771047310352,0.05885163944680892,-0.012683928973705396,0.10501934991991244,0.547945205479452,0.4520547945205479,73,73,1,-0.012736724265601698,-4.0,false_positive_risk,1,train_oof,23,73,1097,60,0.12033378951222336,-0.044554993609833206,-0.0010886763975546138,0.014738180581883425,-0.4106377114275687,-0.2033267973189058,-0.2909975102349976,-0.18085701444037133,0.12264689924963514,0.15070836683064143,-0.04379765689350731,low,-1.4697321733763395,0.0,0.0273972602739726,0.01276207839562443,train_oof,0.3102094661748344,1,0,0,0,drop,train_oof,0.5483517567913296
RFEXGB_LR_SMOTE,RFEXGB,supervised,LR,SMOTE,68,59,0.056777331692697476,0.07295710364750443,-0.016179771954806972,0.12973443534020193,0.43478260869565216,0.5652173913043478,23,23,41,0.10201470747770688,0.07733544396055914,0.02467926351714773,0.1793501514382662,0.5342465753424658,0.4657534246575342,73,73,1,-0.04523737578500941,-18.0,false_positive_risk,1,train_oof,23,73,1097,60,0.11550912034612967,-0.10674497373990027,0.019836807656541153,-0.286371640630183,0.0970026060251166,-0.0488550999914531,0.0589175383430111,-0.1430375044478684,0.11076479670088042,0.1554343203683972,-0.13742269015178185,high,1.8493694989317602,0.043478260869565216,0.0136986301369863,0.010027347310847767,train_oof,0.3077024334093982,0,0,0,0,drop,train_oof,0.5483517567913296
RFEXGB_LR_SMOTE,RFEXGB,supervised,LR,SMOTE,423,68,0.04497998538669976,0.061031197875624235,-0.016051212488924473,0.10601118326232398,0.34782608695652173,0.6521739130434783,23,23,63,0.055411906091129184,0.04344397530595025,0.01196793078517894,0.09885588139707947,0.4931506849315068,0.5068493150684932,73,73,1,-0.010431920704429422,-5.0,false_positive_risk,1,train_oof,23,73,1097,60,0.020642106152170745,0.24262738860426225,-0.03191726826897014,0.273487444486509,-0.3941855930708989,0.1291048508254387,-0.2603859281130261,-0.04247381220232465,0.05300281168030013,-0.22025031908861628,0.27641607756152353,low,-1.3783293621157047,0.0,0.0,0.010027347310847767,train_oof,0.30756183911181645,0,0,0,0,drop,train_oof,0.5483517567913296
RFEXGB_LR_SMOTE,RFEXGB,supervised,LR,SMOTE,412,91,0.020254262423800854,0.04082148263351993,-0.020567220209719083,0.061075745057320795,0.2608695652173913,0.7391304347826086,23,23,89,0.022453695152152724,0.03563581680177467,-0.013182121649621938,0.05808951195392741,0.273972602739726,0.726027397260274,73,73,1,-0.0021994327283518696,-2.0,shared_signal,1,train_oof,23,73,1097,60,-0.09986061180606731,0.004670571576586757,-0.0006288306602550837,0.06003360108558702,-0.4188859466898104,-0.3366056554809871,-0.2331827459327347,-0.09428078506146775,-0.09979113055997639,-0.10144664428630494,0.0053122365949572255,low,-1.2219300038915757,0.0,0.0136986301369863,0.01276207839562443,train_oof,0.3053129328144424,0,0,0,0,drop,train_oof,0.5483517567913296
RFEXGB_LR_SMOTE,RFEXGB,supervised,LR,SMOTE,24,62,0.05217187548347418,0.04070536058725742,0.011466514896216761,0.0928772360707316,0.391304347826087,0.6086956521739131,23,23,60,0.060585598552830335,0.02755376613792804,0.03303183241490229,0.08813936469075838,0.5342465753424658,0.4657534246575342,73,73,1,-0.008413723069356158,-2.0,shared_signal,1,train_oof,23,73,1097,60,0.013234250580852135,-0.11370125723103179,0.013082240367314531,-0.1011340181158752,0.1316457138687645,0.0407559466370655,0.0793382892678528,0.05804613956625845,0.0001477973518159054,0.1659238118246862,-0.12475238449644879,high,3.2031415337347338,0.0,0.0,0.010027347310847767,train_oof,0.3049580331469278,0,0,0,0,drop,train_oof,0.5483517567913296
RFEXGB_LR_SMOTE,RFEXGB,supervised,LR,SMOTE,353,92,0.01651667191957656,0.016588992838866723,-7.232091929016072e-05,0.03310566475844329,0.391304347826087,0.6086956521739131,23,23,94,0.01659883004668064,0.012285849303900316,0.004312980742780328,0.028884679350580963,0.4794520547945205,0.5205479452054794,73,73,1,-8.215812710407958e-05,2.0,shared_signal,1,train_oof,23,73,1097,60,0.10273049312533158,0.003340882182201179,0.004467542260618771,-0.09398921208056109,0.2609151877775846,0.1079940819141103,0.1079940819141103,-0.0289977420885848,0.09744280501891717,0.11531562288090855,-0.0011287754324986012,high,2.0776179254356526,0.043478260869565216,0.0,0.010027347310847767,train_oof,0.3041262996968791,0,0,0,0,drop,train_oof,0.5483517567913296
RFEXGB_LR_SMOTE,RFEXGB,supervised,LR,SMOTE,419,57,0.060354409620724074,0.06395837504678746,-0.0036039654260633753,0.12431278466751156,0.5217391304347826,0.4782608695652174,23,23,37,0.10735391595788414,0.06784090966170961,0.03951300629617449,0.17519482561959374,0.589041095890411,0.410958904109589,73,73,1,-0.04699950633716007,-20.0,false_positive_risk,1,train_oof,23,73,1097,60,-0.08160321385426826,0.13599749556492605,-0.015318788262434543,0.14877108103762876,0.0651472968356543,0.2051872629381436,-0.1513050836380405,0.13328336359031065,-0.06623240943021039,-0.2312791218120759,0.15068542588560513,high,2.043774906127401,0.0,0.0136986301369863,0.010027347310847767,train_oof,0.3032233494041213,0,0,0,0,drop,train_oof,0.5483517567913296
RFEXGB_LR_SMOTE,RFEXGB,supervised,LR,SMOTE,296,89,0.0237198526538245,0.01813295522499264,0.005586897428831863,0.04185280787881715,0.5652173913043478,0.43478260869565216,23,23,79,0.0332614544558684,0.027269486454308708,0.005991968001559693,0.06053094091017712,0.6575342465753424,0.3424657534246575,73,73,1,-0.0095416018020439,-10.0,false_positive_risk,1,train_oof,23,73,1097,60,-0.06609193010627079,-0.0704411864044649,0.012545941672251565,-0.1043460667038128,-0.0200979405732926,-0.2970723352776641,-0.3650317301481925,-0.34311499280890256,-0.07765568328744253,0.004977976686550163,-0.08177657559605092,high,3.533038207065993,0.0,0.0136986301369863,0.010027347310847767,train_oof,0.30158321622691014,0,0,0,0,drop,train_oof,0.5483517567913296
RFEXGB_LR_SMOTE,RFEXGB,supervised,LR,SMOTE,8,83,0.0272315415595703,0.02732859474031281,-9.705318074251035e-05,0.05456013629988311,0.5652173913043478,0.43478260869565216,23,23,80,0.03162290772498545,0.05761191831305071,-0.025989010588065267,0.08923482603803613,0.4520547945205479,0.547945205479452,73,73,1,-0.004391366165415151,-3.0,shared_signal,1,train_oof,23,73,1097,60,-0.06365147222867672,0.1678382455273998,-0.014786078971871576,0.07044174817511299,-0.1519344986770837,0.1189807259144242,-0.0137677341354149,0.0932437795782323,-0.048286655074559294,-0.2645626913443626,0.18010558424409495,low,-2.32700447083246,0.0,0.0,0.010027347310847767,train_oof,0.30132089927005057,0,0,0,0,drop,train_oof,0.5483517567913296
RFEXGB_LR_SMOTE,RFEXGB,supervised,LR,SMOTE,553,88,0.024273781451887532,0.015643249150017153,0.008630532301870377,0.03991703060190468,0.6521739130434783,0.34782608695652173,23,23,93,0.01687201573242555,0.01714829248509398,-0.0002762767526684241,0.034020308217519536,0.5342465753424658,0.4657534246575342,73,73,1,0.007401765719461981,5.0,shared_signal,1,train_oof,23,73,1097,60,-0.015508857661890516,0.11318870493991537,-0.03280217361049528,0.2885469886139633,-0.4309161464865074,0.0533067333133898,-0.1056725888687013,-0.01745588314626455,0.020205330792241245,-0.19480409628656992,0.17221269275748965,low,-1.6050591725926862,0.0,0.0136986301369863,0.010027347310847767,train_oof,0.30068966952922566,1,0,1,0,drop,train_oof,0.5483517567913296
RFEXGB_LR_SMOTE,RFEXGB,supervised,LR,SMOTE,310,77,0.032589635762683575,0.05623087504381005,-0.02364123928112648,0.08882051080649363,0.391304347826087,0.6086956521739131,23,23,75,0.04172948592589227,0.0577772186447933,-0.016047732718901045,0.0995067045706856,0.4246575342465753,0.5753424657534246,73,73,1,-0.009139850163208695,-2.0,false_positive_risk,1,train_oof,23,73,1097,60,0.01418407279425415,0.06595689941506819,-0.016200423182153045,0.20787381682310455,0.0648005498315571,0.0853046804513651,-0.1037889685979735,0.07505261514146111,0.02994866836249682,-0.06190125510466236,0.08148050165786591,high,2.520739750737417,0.0,0.0,0.014585232452142206,train_oof,0.2997806825830669,0,0,0,0,drop,train_oof,0.5483517567913296
RFEXGB_LR_SMOTE,RFEXGB,supervised,LR,SMOTE,116,76,0.03317210720890835,0.018398800601965207,0.014773306606943147,0.051570907810873555,0.13043478260869565,0.8695652173913043,23,23,70,0.04667630153483398,0.01916797779582415,0.02750832373900983,0.06584427933065812,0.136986301369863,0.863013698630137,73,73,1,-0.01350419432592563,-6.0,false_positive_risk,1,train_oof,23,73,1097,60,0.03045177019285978,-0.0796814536167191,0.00653407097072179,-0.03419200758864741,0.3437632813118004,0.3540431169120043,0.3540431169120043,0.3489031991119024,0.02427801821749935,0.09254553450335784,-0.08547617132295378,low,-2.8544991706204406,0.0,0.0136986301369863,0.010027347310847767,train_oof,0.2978310099758564,0,0,0,0,drop,train_oof,0.5483517567913296
RFEXGB_LR_SMOTE,RFEXGB,supervised,LR,SMOTE,349,84,0.02676245725770591,0.026192960845302534,0.0005694964124033719,0.05295541810300843,0.5217391304347826,0.4782608695652174,23,23,83,0.029328932563253307,0.03328738637974372,-0.0039584538164903985,0.06261631894299703,0.4383561643835616,0.5616438356164384,73,73,1,-0.0025664753055473985,-1.0,shared_signal,1,train_oof,23,73,1097,60,0.010145901031772016,-0.038281305473144754,-0.002900124471136654,0.04408070407103004,0.0698114887931046,-0.1303168368230303,-0.1303168368230303,-0.14937667735790025,0.01297264852764287,0.05541287749433409,-0.03529442037385424,high,3.883685579820572,0.0,0.0,0.010027347310847767,train_oof,0.29744060372986925,0,0,0,0,drop,train_oof,0.5483517567913296
RFEXGB_LR_SMOTE,RFEXGB,supervised,LR,SMOTE,173,80,0.029809240524416136,0.03873148842501684,-0.008922247900600712,0.068540728949433,0.5217391304347826,0.4782608695652174,23,23,76,0.04165253964220227,0.048890132520677386,-0.007237592878475112,0.09054267216287962,0.4931506849315068,0.5068493150684932,73,73,1,-0.011843299117786137,-4.0,false_positive_risk,1,train_oof,23,73,1097,60,-0.02547621688753082,-0.010975752355725184,0.0022028703100803473,-0.019636746621595542,0.0593115289569364,0.0237978614420072,0.0582670093241444,-0.1109451711881671,-0.027547782949848294,-0.015177219834978222,-0.013065380023211573,high,2.5348230586740885,0.0,0.0136986301369863,0.01276207839562443,train_oof,0.2973353342003715,0,0,0,0,drop,train_oof,0.5483517567913296
RFEXGB_LR_SMOTE,RFEXGB,supervised,LR,SMOTE,9,102,0.002611127725722026,0.0016241815541050341,0.0009869461716169917,0.004235309279827061,0.6086956521739131,0.391304347826087,23,23,102,0.0031076800498907923,0.002753742185551319,0.0003539378643394735,0.005861422235442108,0.4931506849315068,0.5068493150684932,73,73,1,-0.0004965523241687664,0.0,shared_signal,1,train_oof,23,73,1097,60,0.096704839410544,0.009124965304515904,0.003981567583948454,-0.12512493210995204,0.0602010848434,-0.0786281549670776,-0.0323517416969184,-0.1579591491444935,0.09205056046253327,0.09325900019746965,0.005087727387979045,high,2.740795378098272,0.0,0.0136986301369863,0.010027347310847767,train_oof,0.2972457547538626,1,0,0,0,drop,train_oof,0.5483517567913296
RFEXGB_LR_SMOTE,RFEXGB,supervised,LR,SMOTE,275,112,3.378193570903096e-05,2.7881151072577977e-05,5.900784636452987e-06,6.166308678160895e-05,0.6086956521739131,0.391304347826087,23,23,112,2.6930991393875053e-05,3.596937034640505e-05,-9.038378952530011e-06,6.290036174028013e-05,0.5205479452054794,0.4794520547945205,73,73,1,6.850944315155911e-06,0.0,shared_signal,1,train_oof,23,73,1097,60,-0.04918260421553929,-0.04910317686146005,0.024922984724760063,-0.04922211010683159,-0.0492014537332643,-0.0492014537332643,-0.0493275964097916,-0.0493275964097916,-0.06676661751793626,-0.17779692073121353,-0.06817013599330365,high,-0.0404014711877658,0.0,0.0,0.011850501367365542,train_oof,0.29320927078267456,1,0,1,0,drop,train_oof,0.5483517567913296
RFEXGB_LR_SMOTE,RFEXGB,supervised,LR,SMOTE,91,104,0.002204122230579069,0.002829358814218569,-0.0006252365836394998,0.005033481044797639,0.4782608695652174,0.5217391304347826,23,23,103,0.0028262585852198165,0.004503192169416169,-0.0016769335841963534,0.007329450754635988,0.4657534246575342,0.5342465753424658,73,73,1,-0.0006221363546407475,-1.0,false_positive_risk,1,train_oof,23,73,1097,60,0.04934364926993077,-0.04750773195474591,-0.002472017875162602,0.08716054099756623,0.0174306604702383,0.067116729186067,-0.0209631199010839,0.10889819606074125,0.05126462837540217,0.11060175350954946,-0.04450072154697881,high,2.5177239765574964,0.0,0.0,0.010027347310847767,train_oof,0.2920491233577795,0,0,0,0,drop,train_oof,0.5483517567913296
RFEXGB_LR_SMOTE,RFEXGB,supervised,LR,SMOTE,33,73,0.03603594407050243,0.012011895327425207,0.024024048743077224,0.04804783939792764,0.5652173913043478,0.43478260869565216,23,23,43,0.09392224409974025,0.013368329588971382,0.08055391451076888,0.10729057368871163,0.547945205479452,0.4520547945205479,73,73,1,-0.057886300029237815,-30.0,false_positive_risk,1,train_oof,23,73,1097,60,0.02709018990792298,0.2637633644523713,-0.04197114985682477,0.43581897638433775,-0.0596935570697993,-0.0393598325241007,-0.1528220154891013,-0.12655762128424,0.08207794170402039,-0.17649847689053597,0.33756927402891984,high,3.088305898013492,0.0,0.0273972602739726,0.010938924339106655,train_oof,0.2907516446283303,0,0,0,0,drop,train_oof,0.5483517567913296
RFEXGB_LR_SMOTE,RFEXGB,supervised,LR,SMOTE,15,98,0.009182810513458364,0.027129744589742585,-0.017946934076284216,0.036312555103200944,0.391304347826087,0.6086956521739131,23,23,97,0.011825959059818408,0.026867601513018067,-0.015041642453199656,0.03869356057283649,0.410958904109589,0.589041095890411,73,73,1,-0.0026431485463600437,-1.0,false_positive_risk,1,train_oof,23,73,1097,60,-0.01742823970832608,-0.04899278833117942,0.004712036990672574,-0.019447412707432273,-0.0220675243099133,-0.0966801384719205,-0.0542276748514472,-0.04127842218306765,-0.02118482000263398,0.06098116725704608,-0.052192458865004905,high,1.0230232104045982,0.0,0.0136986301369863,0.010027347310847767,train_oof,0.2907303801203444,0,0,0,0,drop,train_oof,0.5483517567913296
RFEXGB_LR_SMOTE,RFEXGB,supervised,LR,SMOTE,162,95,0.012280874133361671,0.013604745626516163,-0.0013238714931544883,0.025885619759877833,0.6956521739130435,0.30434782608695654,23,23,96,0.012728193188558602,0.008084443266282148,0.004643749922276459,0.020812636454840754,0.7534246575342466,0.2465753424657534,73,73,1,-0.0004473190551969302,1.0,shared_signal,1,train_oof,23,73,1097,60,0.01552589594818907,-0.1717854071085614,0.013538287181826546,-0.05461561091604553,-0.487401501015848,-0.5448824990131631,-0.4590362043539875,-0.4746446215647467,0.0019557423585565654,0.19968124974439017,-0.1836592880387413,low,-0.7333961594948017,0.043478260869565216,0.0136986301369863,0.010027347310847767,train_oof,0.29050019570561325,1,0,0,0,drop,train_oof,0.5483517567913296
RFEXGB_LR_SMOTE,RFEXGB,supervised,LR,SMOTE,67,110,0.00027213769719588234,0.0006089752796754516,-0.0003368375824795693,0.000881112976871334,0.34782608695652173,0.6521739130434783,23,23,110,0.00022553931675644662,0.8336960323088193,-0.8334704929920629,0.8339215716255757,0.4246575342465753,0.5753424657534246,73,73,1,4.659838043943572e-05,0.0,shared_signal,1,train_oof,23,73,1097,60,-0.05702136193673825,0.4860944949474355,-0.04520862495176582,0.25128806144368976,-0.0571768516221987,-0.0571463126184262,-0.0573077330669381,-0.05718775840926035,-0.03625752952554841,-0.18998127863089048,0.6097139374971572,high,-0.05568614105138253,0.08695652173913043,0.0547945205479452,0.010027347310847767,train_oof,0.2896056721980631,0,0,1,0,drop,train_oof,0.5483517567913296
RFEXGB_LR_SMOTE,RFEXGB,supervised,LR,SMOTE,252,111,0.00027002892961950893,0.000544864212949159,-0.0002748352833296502,0.000814893142568668,0.391304347826087,0.6086956521739131,23,23,109,0.00039761957071374806,0.000712268204465878,-0.00031464863375212977,0.001109887775179626,0.5342465753424658,0.4657534246575342,73,73,1,-0.00012759064109423913,-2.0,false_positive_risk,1,train_oof,23,73,1097,60,-0.025210042512500204,-0.02470675480981616,0.0037323851175267726,-0.0285167065837123,-0.0266945010912477,-0.0303574469063609,-0.0304797767855753,-0.0311935994330366,-0.027340780078042318,-0.02253859929847627,-0.027459087722605784,high,0.005367159370017697,0.0,0.0136986301369863,0.010027347310847767,train_oof,0.2884566916785739,0,0,0,0,drop,train_oof,0.5483517567913296
RFEXGB_LR_SMOTE,RFEXGB,supervised,LR,SMOTE,131,82,0.028193662538992584,0.11104497760756242,-0.08285131506856984,0.139238640146555,0.34782608695652173,0.6521739130434783,23,23,51,0.0731888429420046,0.12523303133337868,-0.052044188391374084,0.1984218742753833,0.3013698630136986,0.6986301369863014,73,73,1,-0.04499518040301202,-31.0,false_positive_risk,1,train_oof,23,73,1097,60,-0.0305790344804029,0.08188310079677259,-0.012458435791432229,0.1469765514383571,0.039508696803321,0.039508696803321,-0.0476274015494089,0.039508696803321,-0.01863116836503402,-0.09670688013021661,0.09420015503283066,high,2.2614792047981296,0.0,0.0136986301369863,0.010938924339106655,train_oof,0.28405159293453397,0,0,0,0,drop,train_oof,0.5483517567913296
RFEXGB_LR_SMOTE,RFEXGB,supervised,LR,SMOTE,156,97,0.010065909189972381,0.015180340769238514,-0.005114431579266129,0.025246249959210897,0.21739130434782608,0.782608695652174,23,23,57,0.06533113387635951,0.014641307142559174,0.050689826733800326,0.07997244101891872,0.3287671232876712,0.6712328767123288,73,73,1,-0.05526522468638713,-40.0,false_positive_risk,1,train_oof,23,73,1097,60,-0.07856776772697113,0.46456281410016076,-0.03265417023429927,0.06192663292391719,-0.1780665208725426,-0.1425063148611178,-0.1207113498863735,-0.1012105917510761,-0.08046805357995594,-0.1795105504764635,0.4864334682518565,low,-0.487830328334644,0.08695652173913043,0.0,0.010027347310847767,train_oof,0.2801102136529813,0,0,0,0,drop,train_oof,0.5483517567913296
RFEXGB_LR_SMOTE,RFEXGB,supervised,LR,SMOTE,337,41,0.09619932070779771,0.12203837786829924,-0.02583905716050152,0.21823769857609687,0.43478260869565216,0.5652173913043478,23,23,11,0.2982107423051318,0.15265642892773645,0.14555431337739533,0.4508671712328683,0.410958904109589,0.589041095890411,73,73,1,-0.20201142159733407,-30.0,false_positive_risk,1,train_oof,23,73,1097,60,0.005879396145645892,0.2819941779628269,-0.03640317294946121,0.31009910452638767,-0.0425744301726579,-0.1364534222018999,-0.1658008351662997,-0.1669190916082518,0.0533594435404023,-0.22877781894040597,0.37760393010843263,high,1.5568944878077637,0.0,0.0958904109589041,0.010027347310847767,train_oof,0.2635995650242652,0,0,0,0,drop,train_oof,0.5483517567913296
RFEXGB_LR_NoResample,RFEXGB,supervised,LR,NoResample,64,2,0.6207441005405429,0.1434700794963419,0.47727402104420097,0.7642141800368848,0.7142857142857143,0.2857142857142857,28,28,3,0.33180865640968904,0.2403857821196004,0.09142287429008854,0.5721944385292895,0.4375,0.5625,118,80,1,0.2889354441308538,1.0,true_anomaly_candidate,1,train_oof,28,118,1052,55,1.0655153144571592,0.22950471877205783,-0.05958384104087054,0.062362320619793736,0.8874244739432295,-0.1549684124367786,-0.1265689292859121,-0.3060840908170513,1.2233224406215084,0.6329333083491844,0.3068330435358313,high,2.9967960849738535,0.10714285714285714,0.03389830508474576,0.010456273764258554,train_oof,0.8346379725228679,1,1,1,1,monitor_first,train_oof,0.1905491962006118
RFEXGB_LR_NoResample,RFEXGB,supervised,LR,NoResample,551,15,0.17540584384627636,0.010264691990162974,0.16514115185611342,0.18567053583643928,0.7142857142857143,0.2857142857142857,28,28,43,0.07209462609759816,0.020678303903664146,0.051416322193934036,0.09277293000126227,0.3875,0.6125,118,80,1,0.1033112177486782,28.0,true_anomaly_candidate,1,train_oof,28,118,1052,55,0.8669005586206631,0.14821618325540517,-0.04024275685987989,-0.11541958276965149,0.0513407536392479,-0.0872792811867216,-0.0468810483364034,-0.0816313502108822,1.549642765478259,0.2843257977338775,0.23913781646531526,high,0.7146706250517091,0.07142857142857142,0.01694915254237288,0.010456273764258554,train_oof,0.6022560710843337,1,1,1,1,monitor_first,train_oof,0.1905491962006118
RFEXGB_LR_NoResample,RFEXGB,supervised,LR,NoResample,21,12,0.20800057307096145,0.03555331556917021,0.17244725750179124,0.24355388864013167,0.7857142857142857,0.21428571428571427,28,28,18,0.15200705086347122,0.0650364903660581,0.08697056049741314,0.21704354122952924,0.675,0.325,118,80,1,0.05599352220749024,6.0,shared_signal,1,train_oof,28,118,1052,55,0.8778910574048655,0.36275558468887487,-0.0732333657545848,0.17753470325156676,0.327744813016249,0.21257093973459912,0.13467080284033256,0.2273621049676877,1.0693108431585523,0.3088096334680499,0.4676583173467479,high,1.6507060745709814,0.10714285714285714,0.06779661016949153,0.010456273764258554,train_oof,0.5299756111751794,1,1,1,1,review,train_oof,0.1905491962006118
RFEXGB_LR_NoResample,RFEXGB,supervised,LR,NoResample,59,1,0.8184346189077416,0.08618409360637376,0.7322505253013676,0.9046187125141153,0.8214285714285714,0.17857142857142858,28,28,1,1.2464052693978394,0.12851252404015953,1.1178927453576797,1.3749177934379988,0.6625,0.3375,118,80,1,-0.42797065049009775,0.0,false_positive_risk,1,train_oof,28,118,1052,55,0.5960634575227578,0.6438705191899897,-0.11956705273405044,0.5874156252953376,0.5406177948867613,0.00156541419667755,-0.2529254857826496,0.1860351084209573,0.9421062870094913,-0.0264741608226166,0.8042695630510824,high,2.4867029312730318,0.0,0.05084745762711865,0.010456273764258554,train_oof,0.5215820516556808,1,1,0,1,false_positive_risk,train_oof,0.1905491962006118
RFEXGB_LR_NoResample,RFEXGB,supervised,LR,NoResample,103,21,0.1476370148713681,0.0080279197372499,0.13960909513411818,0.155664934608618,0.8571428571428571,0.14285714285714285,28,28,25,0.12038391362331673,0.033961439944470935,0.08642247367884578,0.1543453535677876,0.6125,0.3875,118,80,1,0.027253101248051373,4.0,shared_signal,1,train_oof,28,118,1052,55,1.0310857918675758,0.5627487954183351,-0.12007083109014591,0.5364148348640433,1.0882946589286633,0.3200613012512033,-0.2029911975930242,0.3854428636067319,1.2820755491007447,0.3892733975941115,0.7207324664164318,high,2.166763529983106,0.03571428571428571,0.059322033898305086,0.010456273764258554,train_oof,0.5184455275527694,1,1,1,1,review,train_oof,0.1905491962006118
RFEXGB_LR_NoResample,RFEXGB,supervised,LR,NoResample,348,46,0.06926807114411361,0.009894125122934586,0.05937394602117903,0.0791621962670482,0.6428571428571429,0.35714285714285715,28,28,82,0.027748607233717183,0.010421014871581572,0.017327592362135626,0.03816962210529877,0.5625,0.4375,118,80,1,0.04151946391039643,36.0,true_anomaly_candidate,1,train_oof,28,118,1052,55,1.2044223240121963,0.27321591972624615,-0.075588223564592,0.17712472959942951,0.5544881692553479,-0.0218138377279768,-0.1922693609202277,-0.1111000641620129,1.379811554312777,0.4976702451720302,0.41234113057564403,high,3.005638592759917,0.07142857142857142,0.03389830508474576,0.010456273764258554,train_oof,0.5061598172358563,1,1,1,1,review,train_oof,0.1905491962006118
RFEXGB_LR_NoResample,RFEXGB,supervised,LR,NoResample,582,10,0.21622404157388297,0.0389453395313686,0.1772787020425144,0.25516938110525156,0.75,0.25,28,28,20,0.1302149073175617,0.07645295120669385,0.053761956110867815,0.20666785852425545,0.5625,0.4375,118,80,1,0.08600913425632128,10.0,true_anomaly_candidate,1,train_oof,28,118,1052,55,0.655046164952899,0.16922625957236073,-0.038622556243630805,0.051928915536545044,0.6636248030127313,0.18322107166152146,-0.0419681774093758,0.0781327554284183,0.7011747931623064,0.49657896780802424,0.21036110017866474,high,2.3147123772005065,0.07142857142857142,0.01694915254237288,0.010456273764258554,train_oof,0.5007865378677876,1,1,1,1,review,train_oof,0.1905491962006118
RFEXGB_LR_NoResample,RFEXGB,supervised,LR,NoResample,56,3,0.33166239281818094,0.15254742480050448,0.1791149680176765,0.4842098176186854,0.7857142857142857,0.21428571428571427,28,28,5,0.29043024127464084,0.1353716571012622,0.15505858417337864,0.425801898375903,0.775,0.225,118,80,1,0.041232151543540096,2.0,shared_signal,1,train_oof,28,118,1052,55,0.3270515107262707,0.2031196074233704,-0.039970127121751894,0.17775953444888487,0.6292656292611227,0.463569310741405,0.2618520534130405,0.3483023065537704,0.35517211255873793,0.16285577013526847,0.24004096588664106,high,1.183988086914101,0.03571428571428571,0.025423728813559324,0.012357414448669201,train_oof,0.4809553376968727,1,1,1,1,review,train_oof,0.1905491962006118
RFEXGB_LR_NoResample,RFEXGB,supervised,LR,NoResample,129,5,0.27991483789085264,0.06825003678337453,0.21166480110747812,0.34816487467422724,0.8214285714285714,0.17857142857142858,28,28,6,0.2646205735200282,0.07204127434479216,0.19257929917523608,0.3366618478648203,0.775,0.225,118,80,1,0.015294264370824429,1.0,shared_signal,1,train_oof,28,118,1052,55,0.5285069335962694,0.4095159657552656,-0.07990840409127017,0.37278055547176747,0.460546058970014,0.460546058970014,0.2674717478562538,0.460546058970014,0.6003066679136223,0.15833247210328288,0.49010971807939485,high,1.811658045833748,0.03571428571428571,0.00847457627118644,0.013307984790874524,train_oof,0.4785208643269032,1,1,1,1,review,train_oof,0.1905491962006118
RFEXGB_LR_NoResample,RFEXGB,supervised,LR,NoResample,588,28,0.11886066783997537,0.019570310280668645,0.09929035755930671,0.138430978120644,0.7142857142857143,0.2857142857142857,28,28,57,0.05376073736161087,0.06336445013271991,-0.009603712771109057,0.1171251874943308,0.325,0.675,118,80,1,0.0650999304783645,29.0,true_anomaly_candidate,1,train_oof,28,118,1052,55,0.6356733352582289,0.053192936467849894,-0.01500044383589269,-0.14221745166375624,0.2319697246994391,-0.2833965866522073,-0.2490388325620975,-0.1803233243818781,0.6472749703448385,0.5677290670920878,0.06802516020371709,high,3.358525346899427,0.0,0.0,0.011406844106463879,train_oof,0.44362673919949647,1,1,1,1,review,train_oof,0.1905491962006118
RFEXGB_LR_NoResample,RFEXGB,supervised,LR,NoResample,14,14,0.18271723646866148,0.057124527180066165,0.12559270928859528,0.2398417636487277,0.6071428571428571,0.39285714285714285,28,28,16,0.1710304309013163,0.09211716054405808,0.07891327035725827,0.26314759144537436,0.625,0.375,118,80,1,0.011686805567345165,2.0,shared_signal,1,train_oof,28,118,1052,55,-0.5217177757730073,-0.36303431577971057,0.06528118030605257,-0.18763964706417396,-0.6235448773769244,-0.4561487319602494,0.0227329823798497,-0.143415557286798,-0.5986053547948003,-0.15092724624838516,-0.43349677934504716,low,-2.0731463157050394,0.03571428571428571,0.05084745762711865,0.010456273764258554,train_oof,0.43679466137129763,1,1,1,1,review,train_oof,0.1905491962006118
RFEXGB_LR_NoResample,RFEXGB,supervised,LR,NoResample,488,20,0.15559588421065204,0.058233849552421786,0.09736203465823026,0.21382973376307382,0.6071428571428571,0.39285714285714285,28,28,30,0.09385582120709525,0.08879095943067145,0.0050648617764238275,0.18264678063776668,0.4875,0.5125,118,80,1,0.06174006300355679,10.0,true_anomaly_candidate,1,train_oof,28,118,1052,55,-0.4057188412264418,-0.08105220157377548,0.02064467492170457,-0.08050984185245272,-0.4361090534584457,-0.07164280681475635,0.0044931421181695005,-0.1255957479569002,-0.4308515750221955,-0.33961568222435506,-0.10276222336741148,low,-1.395282106447686,0.2857142857142857,0.17796610169491525,0.1359315589353612,train_oof,0.42902349485200403,1,1,1,1,review,train_oof,0.1905491962006118
RFEXGB_LR_NoResample,RFEXGB,supervised,LR,NoResample,122,11,0.21124427796849024,0.08077290460473525,0.13047137336375503,0.2920171825732255,0.6428571428571429,0.35714285714285715,28,28,10,0.20696702119207916,0.06334641389928641,0.1436206072927927,0.2703134350913655,0.6875,0.3125,118,80,1,0.004277256776411081,-1.0,shared_signal,1,train_oof,28,118,1052,55,-0.3720704530141696,-0.30452606534909565,0.06401216649175483,-0.37871890006595316,-0.604636612651815,-0.3869470906500583,-0.0185920470593,-0.398579355184503,-0.42686221564351284,-0.08861695627938093,-0.3672597463638511,low,-1.7772575045012766,0.0,0.0,0.010456273764258554,train_oof,0.42258573015589934,1,1,1,1,review,train_oof,0.1905491962006118
RFEXGB_LR_NoResample,RFEXGB,supervised,LR,NoResample,165,97,0.010794496714526767,0.054493189303500535,-0.04369869258897376,0.0652876860180273,0.8214285714285714,0.17857142857142858,28,28,98,0.010478107020456017,0.04468579944425101,-0.034207692423795,0.05516390646470705,0.6375,0.3625,118,80,1,0.00031638969407074904,1.0,shared_signal,1,train_oof,28,118,1052,55,0.6453263994087,0.36359786619974854,-0.07018749392478754,0.2444378444928673,-0.14686554743975688,-0.13384577335851425,-0.1598853215209997,-0.1624892763372483,0.9167409482307244,0.14435128665698768,0.4915538668786947,high,0.6873634570417938,0.10714285714285714,0.06779661016949153,0.010456273764258554,train_oof,0.40195310434229803,1,1,1,1,review,train_oof,0.1905491962006118
RFEXGB_LR_NoResample,RFEXGB,supervised,LR,NoResample,553,65,0.0484004899796927,0.1019404900294804,-0.05354000004978767,0.15034098000917306,0.6071428571428571,0.39285714285714285,28,28,74,0.039157895260333093,0.07233442651840012,-0.033176531258067014,0.11149232177873322,0.5625,0.4375,118,80,1,0.009242594719359606,9.0,shared_signal,1,train_oof,28,118,1052,55,0.45478513524677566,0.25197500631101544,-0.05461431533726173,0.07676603279462905,-0.13788593753138,0.014588109158534802,-0.10442942652522125,-0.0394603573910036,0.7313865034836358,0.09484122712595398,0.3635049262548335,low,-1.5794334066546731,0.0,0.01694915254237288,0.010456273764258554,train_oof,0.39784286015270726,1,1,1,1,drop,train_oof,0.1905491962006118
RFEXGB_LR_NoResample,RFEXGB,supervised,LR,NoResample,484,30,0.11105294053497226,0.020666029149421644,0.09038691138555062,0.13171896968439392,0.7857142857142857,0.21428571428571427,28,28,31,0.09300125301407754,0.06751822087662494,0.025483032137452594,0.1605194738907024,0.675,0.325,118,80,1,0.018051687520894727,1.0,shared_signal,1,train_oof,28,118,1052,55,-0.472835946426899,-0.07259773183610864,0.021368169812748944,-0.030937058862345254,-0.6571227823889794,-0.4947434497089669,-0.31241733260133264,-0.2629980298767161,-0.49831526983199315,-0.41353058036580087,-0.09375049268228677,low,-1.0153846670981137,0.35714285714285715,0.2033898305084746,0.12832699619771862,train_oof,0.3977472385491995,1,1,1,1,drop,train_oof,0.1905491962006118
RFEXGB_LR_NoResample,RFEXGB,supervised,LR,NoResample,100,45,0.07001612907298164,0.010859867252941033,0.05915626182004063,0.08087599632592267,0.75,0.25,28,28,52,0.05775921357041599,0.02719878310987845,0.03056043046053756,0.08495799668029444,0.6,0.4,118,80,1,0.012256915502565656,7.0,shared_signal,1,train_oof,28,118,1052,55,0.5463937319659051,0.2396320879010554,-0.05447251134435708,0.256100409241421,0.3271334819680114,0.048074981970692,0.048074981970692,0.048074981970692,0.6258827737909574,0.2943696406288044,0.30199504802409205,high,2.2805429819492478,0.03571428571428571,0.025423728813559324,0.012357414448669201,train_oof,0.3945586817373767,1,1,1,1,drop,train_oof,0.1905491962006118
RFEXGB_LR_NoResample,RFEXGB,supervised,LR,NoResample,102,29,0.11813986585739668,0.04598666957627585,0.07215319628112082,0.16412653543367253,0.75,0.25,28,28,37,0.08366506520547154,0.03384485535846934,0.04982020984700225,0.11750992056394091,0.6375,0.3625,118,80,1,0.03447480065192514,8.0,shared_signal,1,train_oof,28,118,1052,55,-0.3373676921795844,-0.20018149334962773,0.03747135989065854,-0.12494771445342749,-0.4465940926555398,-0.1850467202671554,-0.0310065500261438,-0.2749034862410789,-0.3771956164449498,-0.14753168247933066,-0.24340619677234573,low,-2.071060008804475,0.03571428571428571,0.01694915254237288,0.010456273764258554,train_oof,0.3931990289967721,1,1,1,1,drop,train_oof,0.1905491962006118
RFEXGB_LR_NoResample,RFEXGB,supervised,LR,NoResample,545,25,0.12885991273898814,0.0021210232454810015,0.12673888949350715,0.1309809359844691,0.9285714285714286,0.07142857142857142,28,28,23,0.12680591206350644,0.06575747380428268,0.06104843825922361,0.1925633858677892,0.875,0.125,118,80,1,0.0020540006754816986,-2.0,shared_signal,1,train_oof,28,118,1052,55,-0.4213041335142304,-0.13953242437962046,0.033150445746859845,-0.11169214675157976,-0.3737353644723715,-0.3737353644723715,-0.3737353644723715,-0.3737353644723715,-0.4566686557445724,-0.27143801130123785,-0.16902454395793498,flat,,,,,train_oof,0.39166826385267095,1,1,1,1,drop,train_oof,0.1905491962006118
RFEXGB_LR_NoResample,RFEXGB,supervised,LR,NoResample,28,99,0.009806696097368239,0.002438120220469151,0.007368575876899085,0.012244816317837385,0.6785714285714286,0.32142857142857145,28,28,101,0.010162594965664247,0.0045319171123589805,0.0056306778533052665,0.014694512078023228,0.65,0.35,118,80,1,-0.00035589886829600834,2.0,shared_signal,1,train_oof,28,118,1052,55,-0.7081914183471143,-0.4394319550659172,0.08208773644355825,-0.2758483633608183,-0.5141811932147193,-0.4368006655274792,-0.020888559371411097,-0.2167121434612112,-0.8039713934092746,-0.2844601859911966,-0.5292183855821735,low,-2.2588866094198057,0.07142857142857142,0.05084745762711865,0.010456273764258554,train_oof,0.3866585320627252,1,1,0,1,drop,train_oof,0.1905491962006118
RFEXGB_LR_NoResample,RFEXGB,supervised,LR,NoResample,377,58,0.05812582727653649,0.010487534585063159,0.047638292691473336,0.06861336186159965,0.7857142857142857,0.21428571428571427,28,28,61,0.05014463570247994,0.030858237355372277,0.01928639834710768,0.08100287305785228,0.6375,0.3625,118,80,1,0.007981191574056551,3.0,shared_signal,1,train_oof,28,118,1052,55,-0.5239802113029749,-0.2593296008037966,0.05132823410098875,-0.17742512386841514,-0.3714959728317686,-0.3714959728317686,0.0554598948876092,-0.1580180389720797,-0.5640439078329602,-0.33940784205689367,-0.30830253277310776,low,-1.8658415098495904,0.03571428571428571,0.01694915254237288,0.011406844106463879,train_oof,0.37958704315160596,1,1,1,1,drop,train_oof,0.1905491962006118
RFEXGB_LR_NoResample,RFEXGB,supervised,LR,NoResample,130,19,0.15803105298548953,0.07945651685058695,0.07857453613490255,0.23748756983607647,0.6428571428571429,0.35714285714285715,28,28,15,0.17132298703111948,0.07030943779967266,0.10101354923144676,0.24163242483079211,0.625,0.375,118,80,1,-0.01329193404562995,-4.0,shared_signal,1,train_oof,28,118,1052,55,0.27812649083260965,0.23753344312458,-0.0546573857053565,0.36528354472888475,0.3537320756167095,0.23239730648738782,0.13035389114139595,0.375682084102417,0.32615498101099677,0.051894387461940215,0.29050588994447524,high,1.601224224554364,0.0,0.01694915254237288,0.011406844106463879,train_oof,0.3790863124370847,1,1,0,1,drop,train_oof,0.1905491962006118
RFEXGB_LR_NoResample,RFEXGB,supervised,LR,NoResample,79,69,0.03997006287677384,0.010557848347294533,0.029412214529479303,0.05052791122406835,0.6785714285714286,0.32142857142857145,28,28,77,0.03670223107234405,0.00827823435005543,0.028423996722288614,0.04498046542239949,0.6875,0.3125,118,80,1,0.0032678318044297924,8.0,shared_signal,1,train_oof,28,118,1052,55,0.5055779371215328,0.33418639688377133,-0.06735310974913479,0.23391658864370588,0.6438040063094412,0.2096877577661641,-0.1769132794937651,0.1816105874623723,0.5994064773617214,0.1451954162622365,0.41111265842323624,high,2.976023358682427,0.0,0.025423728813559324,0.010456273764258554,train_oof,0.3743838670918156,1,1,1,1,drop,train_oof,0.1905491962006118
RFEXGB_LR_NoResample,RFEXGB,supervised,LR,NoResample,333,13,0.1887190319881759,0.03460689456937345,0.15411213741880242,0.22332592655754932,0.6071428571428571,0.39285714285714285,28,28,4,0.3298148897503216,0.045216536829231255,0.2845983529210902,0.375031426579553,0.4875,0.5125,118,80,1,-0.14109585776214567,-9.0,false_positive_risk,1,train_oof,28,118,1052,55,0.22953970627897677,0.3307381624690998,-0.053718862380380324,0.19360769434912273,-0.03940553309538225,-0.081107137460091,-0.07976833833712996,-0.0294639554496315,0.6618571525727593,-0.039026985594802596,0.40170273905474674,high,0.7200313181547743,0.07142857142857142,0.03389830508474576,0.010456273764258554,train_oof,0.3712184623120871,1,1,0,1,false_positive_risk,train_oof,0.1905491962006118
RFEXGB_LR_NoResample,RFEXGB,supervised,LR,NoResample,124,35,0.08311912589658939,0.031018757597163105,0.05210036829942629,0.11413788349375249,0.7142857142857143,0.2857142857142857,28,28,36,0.0837645760920993,0.032569695477021196,0.051194880615078084,0.11633427156912042,0.6375,0.3625,118,80,1,-0.0006454501955099057,1.0,shared_signal,1,train_oof,28,118,1052,55,0.3519994669375733,0.1949915995332094,-0.04899365848138431,0.3149422156727761,0.2991009479565267,0.0377200306384171,-0.2236608866797079,0.0377200306384171,0.40343992175093274,0.1574081874884363,0.24597030108829757,high,2.1287673691833247,0.10714285714285714,0.059322033898305086,0.012357414448669201,train_oof,0.3647653206457656,1,1,0,1,drop,train_oof,0.1905491962006118
RFEXGB_LR_NoResample,RFEXGB,supervised,LR,NoResample,144,44,0.07032205727410255,0.014369915447108436,0.055952141826994116,0.08469197272121098,0.7857142857142857,0.21428571428571427,28,28,50,0.06098357878096764,0.04039954136044531,0.02058403742052234,0.10138312014141293,0.7,0.3,118,80,1,0.009338478493134912,6.0,shared_signal,1,train_oof,28,118,1052,55,-0.3514129979914485,-0.10432487023634256,0.028207272149785946,-0.12408759358776786,-0.29777244860452734,-0.3156720035462085,-0.1716619478790461,-0.417374020260306,-0.37885701316816656,-0.28074573183708185,-0.13184038281853797,low,-1.1656405061132773,0.0,0.00847457627118644,0.010456273764258554,train_oof,0.3613433215927529,1,1,1,1,drop,train_oof,0.1905491962006118
RFEXGB_LR_NoResample,RFEXGB,supervised,LR,NoResample,271,68,0.04003811926636364,0.010251988734048131,0.029786130532315516,0.050290108000411775,0.6071428571428571,0.39285714285714285,28,28,79,0.030144439895693424,0.013968182498288767,0.016176257397404657,0.044112622393982184,0.5875,0.4125,118,80,1,0.00989367937067022,11.0,shared_signal,1,train_oof,28,118,1052,55,0.3682287905554859,0.09386339155662617,-0.021689604802244376,0.026161781098463927,0.34211401605819747,0.25876950977830027,-0.06317176123191905,-0.0460446064722422,0.3898178480954503,0.27714267655810604,0.11607023468435557,high,2.198480383203575,0.0,0.0,0.010456273764258554,train_oof,0.35066324943954397,1,1,1,1,drop,train_oof,0.1905491962006118
RFEXGB_LR_NoResample,RFEXGB,supervised,LR,NoResample,25,84,0.022634004044163675,0.04958945113575124,-0.026955447091587585,0.07222345517991492,0.75,0.25,28,28,93,0.01737420500138038,0.05025268917574984,-0.03287848417436947,0.06762689417713023,0.6875,0.3125,118,80,1,0.005259799042783297,9.0,shared_signal,1,train_oof,28,118,1052,55,-0.33090703546722394,-0.22149144350612315,0.0383763646019624,-0.1022773785247472,0.4359826712857007,0.4292376859456539,0.4438518208490884,0.4314860143923371,-0.4021296532049732,-0.0703244725223609,-0.2729080170705463,low,-3.128281173597168,0.10714285714285714,0.059322033898305086,0.010456273764258554,train_oof,0.3428314923252279,1,1,1,1,drop,train_oof,0.1905491962006118
RFEXGB_LR_NoResample,RFEXGB,supervised,LR,NoResample,477,51,0.06459223828090416,0.005253188746755155,0.059339049534149,0.06984542702765931,0.7857142857142857,0.21428571428571427,28,28,13,0.1948690068487263,0.02127571544055674,0.17359329140816965,0.21614472228928294,0.45,0.55,118,80,1,-0.13027676856782214,-38.0,false_positive_risk,1,train_oof,28,118,1052,55,0.12011215820808245,0.3294204693750368,-0.05425159017742911,0.2649444122383168,0.04969259153768535,-0.1197407069122387,-0.10725805170141725,-0.0579670015314773,0.4131966002853332,-0.08768732956590396,0.4128397746283896,high,0.7687572240984035,0.0,0.03389830508474576,0.010456273764258554,train_oof,0.29380917845580345,1,1,0,1,false_positive_risk,train_oof,0.1905491962006118
RFEXGB_LR_NoResample,RFEXGB,supervised,LR,NoResample,75,7,0.2446443689577307,0.10630456091743636,0.13833980804029433,0.3509489298751672,0.5,0.5,28,28,24,0.1222124990610757,0.13213895535928677,-0.00992645629821111,0.2543514544203624,0.55,0.45,118,80,1,0.122431869896655,17.0,true_anomaly_candidate,1,train_oof,28,118,1052,55,0.5228505326921269,0.09518885368120812,-0.020782492315288857,-0.07940014045668765,0.03653887102701545,0.2061422263408265,0.0167151022241025,0.034336230048914,0.5644478494997105,0.28286416951002213,0.12280502626392253,high,1.9614268217898654,0.07142857142857142,0.03389830508474576,0.010456273764258554,train_oof,0.5129127847910345,0,1,1,0,drop,train_oof,0.1905491962006118
RFEXGB_LR_NoResample,RFEXGB,supervised,LR,NoResample,511,8,0.24079912297838055,0.1014884105488911,0.13931071242948947,0.34228753352727154,0.5714285714285714,0.42857142857142855,28,28,14,0.18982559645088154,0.13519353524926997,0.054632061201611536,0.3250191317001515,0.4875,0.5125,118,80,1,0.05097352652749901,6.0,shared_signal,1,train_oof,28,118,1052,55,0.4901973868191594,0.2319980188153831,-0.04584316994911107,0.11325482971326319,0.8481029208883836,0.20502315539911187,-0.8374816063277984,-0.0941625543280991,0.5448432075667133,0.2430343603388963,0.28071621490663623,high,2.1115778329584844,0.0,0.01694915254237288,0.011406844106463879,train_oof,0.4731753412718684,0,1,1,0,drop,train_oof,0.1905491962006118
RFEXGB_LR_NoResample,RFEXGB,supervised,LR,NoResample,510,34,0.08569454938508943,0.02770681291763972,0.05798773646744971,0.11340136230272914,0.4642857142857143,0.5357142857142857,28,28,42,0.07265105264246666,0.039781253049825445,0.032869799592641205,0.1124323056922921,0.4375,0.5625,118,80,1,0.01304349674262277,8.0,shared_signal,1,train_oof,28,118,1052,55,0.7421340899646968,0.4196931259481384,-0.09346979982787235,0.49278951542811417,0.2560857950975488,0.1192616081409337,-0.27121816671496285,-0.018100607751351,0.9372777912939203,0.2565466396434061,0.5542931105027803,high,3.2673544678957165,0.03571428571428571,0.0423728813559322,0.010456273764258554,train_oof,0.4415493651312767,0,1,1,0,drop,train_oof,0.1905491962006118
RFEXGB_LR_NoResample,RFEXGB,supervised,LR,NoResample,55,6,0.27692641701515414,0.2314856165144717,0.0454408005006824,0.5084120335296258,0.4642857142857143,0.5357142857142857,28,28,11,0.20624927257301148,0.18469321241900208,0.02155606015400948,0.3909424849920135,0.5375,0.4625,118,80,1,0.07067714444214265,5.0,shared_signal,1,train_oof,28,118,1052,55,0.08266016087588353,-0.030278757528487167,0.0033704527420316288,-0.022621137544478254,-0.6613722665554285,-0.077148672947852,-0.0382004333740136,0.0786442853475016,0.08062459826207982,0.09697955445005664,-0.034227908120703206,low,-2.063508891213612,0.0,0.0,0.015209125475285171,train_oof,0.4378412073166312,0,0,1,0,drop,train_oof,0.1905491962006118
RFEXGB_LR_NoResample,RFEXGB,supervised,LR,NoResample,132,4,0.2881831106156555,0.31824739659540274,-0.030064285979747262,0.6064305072110582,0.39285714285714285,0.6071428571428571,28,28,7,0.24711951268206728,0.3038514698120145,-0.056731957129947164,0.5509709824940818,0.475,0.525,118,80,1,0.041063597933588214,3.0,shared_signal,1,train_oof,28,118,1052,55,0.13169912584662685,0.05295264556843708,-0.009588656991085565,-0.004531941781964416,0.2112030229582929,-0.008233068901931,-0.1800468599754635,0.0963492387080517,0.14275166180507234,0.07725725744066174,0.06328111278267134,high,2.025874138700065,0.0,0.00847457627118644,0.010456273764258554,train_oof,0.43569070857509185,0,0,1,0,drop,train_oof,0.1905491962006118
RFEXGB_LR_NoResample,RFEXGB,supervised,LR,NoResample,107,22,0.1350430211330161,0.04293906962246337,0.09210395151055274,0.1779820907554795,0.5714285714285714,0.42857142857142855,28,28,28,0.10883896482659969,0.07594590359017653,0.03289306123642318,0.18478486841677627,0.4875,0.5125,118,80,1,0.026204056306416423,6.0,shared_signal,1,train_oof,28,118,1052,55,-0.4362975959237637,-0.1725851898343424,0.03492263547462309,-0.07403351516167932,-0.3670002273897113,0.00301548924792635,0.0069638276876572,0.0069638276876572,-0.4852706799664111,-0.23549968101835422,-0.2096057903581865,low,-2.573162533006772,0.03571428571428571,0.05084745762711865,0.010456273764258554,train_oof,0.4099295988398197,0,1,1,0,drop,train_oof,0.1905491962006118
RFEXGB_LR_NoResample,RFEXGB,supervised,LR,NoResample,63,89,0.01834908171606022,0.06384705378013261,-0.04549797206407238,0.08219613549619284,0.5,0.5,28,28,84,0.0251368061901185,0.07134055123958978,-0.04620374504947129,0.09647735742970827,0.525,0.475,118,80,1,-0.006787724474058277,-5.0,false_positive_risk,1,train_oof,28,118,1052,55,0.541276523029555,0.3313345311181252,-0.05879179774602817,0.1293149902496012,0.15627155444515234,-0.09075034596312881,-0.11158086973683826,-0.0912299742687594,0.9088890003234087,0.09362170538586889,0.39676291022916904,high,2.0694313256964576,0.17857142857142858,0.03389830508474576,0.010456273764258554,train_oof,0.4004830393657015,0,1,0,0,drop,train_oof,0.1905491962006118
RFEXGB_LR_NoResample,RFEXGB,supervised,LR,NoResample,280,9,0.21892500170670018,0.03255807717689389,0.1863669245298063,0.251483078883594,0.7142857142857143,0.2857142857142857,28,28,9,0.22254084523621503,0.018549587014635792,0.20399125822157918,0.24109043225085078,0.85,0.15,118,80,1,-0.003615843529514856,0.0,shared_signal,1,train_oof,28,118,1052,55,-0.22308962321617468,-0.21681374425763317,0.039070068927578805,-0.17504682465204255,-0.46564617352459425,-0.30879667217042,-0.1519471708162455,-0.2146869713579154,-0.2516199686728215,-0.009944823030150056,-0.252035208890861,low,-1.3910582315142226,0.0,0.00847457627118644,0.011406844106463879,train_oof,0.39916777882112375,1,0,0,0,drop,train_oof,0.1905491962006118
RFEXGB_LR_NoResample,RFEXGB,supervised,LR,NoResample,295,73,0.0380189916117874,0.005205862663687727,0.032813128948099665,0.04322485427547513,0.5357142857142857,0.4642857142857143,28,28,76,0.03875503364408786,0.007405937850062003,0.03134909579402585,0.04616097149414987,0.525,0.475,118,80,1,-0.0007360420323004602,3.0,shared_signal,1,train_oof,28,118,1052,55,0.4846968757332785,0.3595328961710776,-0.06670791512186793,0.2645121241805378,-0.040767976312862504,-0.1063613024197256,-0.2030900290252187,-0.1311458576522632,0.6385769711390021,0.07877970327351777,0.4502627105383829,high,5.413357279049176,0.0,0.0423728813559322,0.010456273764258554,train_oof,0.3766460285224796,0,1,0,0,drop,train_oof,0.1905491962006118
RFEXGB_LR_NoResample,RFEXGB,supervised,LR,NoResample,344,50,0.06499639362706183,0.03348585759111457,0.031510536035947265,0.0984822512181764,0.5714285714285714,0.42857142857142855,28,28,73,0.04077913317760216,0.06330750063755193,-0.0225283674599498,0.10408663381515408,0.475,0.525,118,80,1,0.024217260449459675,23.0,true_anomaly_candidate,1,train_oof,28,118,1052,55,-0.4297529401258743,-0.07373584606111212,0.018694270473111764,0.016963025928874473,-0.3937826982187579,-0.1049204087067373,0.02991433943734155,0.1067406481938169,-0.45307981138647474,-0.32559558543020933,-0.09241699387404885,low,-2.0753985608283902,0.03571428571428571,0.025423728813559324,0.010456273764258554,train_oof,0.37616799870426365,0,1,1,0,drop,train_oof,0.1905491962006118
RFEXGB_LR_NoResample,RFEXGB,supervised,LR,NoResample,33,33,0.08741277082389264,0.01285182101914314,0.07456094980474948,0.10026459184303578,0.4642857142857143,0.5357142857142857,28,28,29,0.09398024478635283,0.012255380335430301,0.08172486445092256,0.10623562512178311,0.5125,0.4875,118,80,1,-0.006567473962460199,-4.0,shared_signal,1,train_oof,28,118,1052,55,0.32635672751925576,0.32028132299230305,-0.061388613974339784,0.3206222650982424,-0.11571296819320054,-0.0393598325241007,-0.1539064807982051,-0.0639636392243969,0.48431702765486073,0.0034583185908893814,0.4234177738907028,high,1.3364199702378898,0.03571428571428571,0.03389830508474576,0.013307984790874524,train_oof,0.3740053166225628,0,1,0,0,drop,train_oof,0.1905491962006118
RFEXGB_LR_NoResample,RFEXGB,supervised,LR,NoResample,125,47,0.06702475054907017,0.1161695588781961,-0.049144808329125926,0.18319430942726628,0.35714285714285715,0.6428571428571429,28,28,58,0.0537605917154201,0.12772726377756388,-0.07396667206214383,0.18148785549298393,0.375,0.625,118,80,1,0.01326415883365007,11.0,shared_signal,1,train_oof,28,118,1052,55,-0.3876026300469283,-0.344248868721178,0.06919365489725122,-0.37293983259952057,-0.5990185222116753,-0.4364105491267392,-0.0826041901067694,-0.4864437716144117,-0.453535235250007,-0.048595913178558325,-0.4132080669002908,low,-1.5678761376693908,0.07142857142857142,0.06779661016949153,0.013307984790874524,train_oof,0.37159313194367305,0,1,1,0,drop,train_oof,0.1905491962006118
RFEXGB_LR_NoResample,RFEXGB,supervised,LR,NoResample,416,24,0.13045801678390873,0.06555619591322638,0.06490182087068233,0.19601421269713507,0.6428571428571429,0.35714285714285715,28,28,26,0.11895782486858197,0.05847561009678892,0.06048221477179303,0.17743343496537084,0.65,0.35,118,80,1,0.011500191915326752,2.0,shared_signal,1,train_oof,28,118,1052,55,-0.2119532789806239,-0.2227342898607407,0.03918031772919703,-0.20751603850179845,-0.4022962447724579,-0.4706168668108157,-0.1307973261573743,-0.4534252382050796,-0.24546531177300604,0.012542478230705138,-0.25903521534590357,low,-2.1350020698914114,0.0,0.00847457627118644,0.010456273764258554,train_oof,0.3697707861182868,1,0,1,0,drop,train_oof,0.1905491962006118
RFEXGB_LR_NoResample,RFEXGB,supervised,LR,NoResample,281,23,0.13182015084877322,0.03810601200631796,0.09371413884245526,0.16992616285509118,0.8571428571428571,0.14285714285714285,28,28,21,0.12999757377584387,0.03013585909105293,0.09986171468479088,0.1601334328668968,0.7625,0.2375,118,80,1,0.001822577072929349,-2.0,shared_signal,1,train_oof,28,118,1052,55,-0.2091128086025836,-0.22049201053411494,0.04055776540737953,-0.19680934098041075,-0.2529847019900928,-0.3460462940242044,-0.1599231099559809,-0.3460462940242044,-0.24136600354695148,0.0159876728217513,-0.2590601711122911,low,-1.276662214365321,0.07142857142857142,0.01694915254237288,0.011406844106463879,train_oof,0.3649719297867616,1,0,1,0,drop,train_oof,0.1905491962006118
RFEXGB_LR_NoResample,RFEXGB,supervised,LR,NoResample,460,31,0.09831868007661404,0.04092067439868998,0.05739800567792404,0.13923935447530403,0.5,0.5,28,28,27,0.10936214649626827,0.04661744755927995,0.06274469893698832,0.15597959405554823,0.4875,0.5125,118,80,1,-0.01104346641965423,-4.0,shared_signal,1,train_oof,28,118,1052,55,0.3513028611654424,0.19235378821931437,-0.036054855568859276,0.09304944638957038,0.033344592671147706,-0.06207529941715689,-0.24974023798005657,-0.1623410084948081,0.3965110735532913,0.13682832863755054,0.22927077999450515,high,2.994897839758783,0.03571428571428571,0.01694915254237288,0.010456273764258554,train_oof,0.3648948996562066,0,1,0,0,drop,train_oof,0.1905491962006118
RFEXGB_LR_NoResample,RFEXGB,supervised,LR,NoResample,586,37,0.08054669332725369,0.04234361063296656,0.03820308269428715,0.12289030396022024,0.5714285714285714,0.42857142857142855,28,28,55,0.055669221491862285,0.05573351979261647,-6.42983007541887e-05,0.11140274128447876,0.4625,0.5375,118,80,1,0.0248774718353914,18.0,shared_signal,1,train_oof,28,118,1052,55,0.28838053539498937,0.09434793355251023,-0.018568233263118124,-0.0004296517198746938,0.47375533132582137,-0.024696897732638105,-0.0823690564666746,-0.1070856959241187,0.3106923672412922,0.16788539024475752,0.11234423022677158,high,2.70237232240538,0.07142857142857142,0.025423728813559324,0.015209125475285171,train_oof,0.3644712176714141,0,1,1,0,drop,train_oof,0.1905491962006118
RFEXGB_LR_NoResample,RFEXGB,supervised,LR,NoResample,19,17,0.16443244411861252,0.0009568446409678582,0.16347559947764467,0.1653892887595804,0.9642857142857143,0.03571428571428571,28,28,17,0.1599641274967985,0.02016993517143482,0.1397941923253637,0.18013406266823329,0.8125,0.1875,118,80,1,0.004468316621814017,0.0,shared_signal,1,train_oof,28,118,1052,55,0.1004136468339338,0.11665440117765935,-0.022466701960328413,0.12998477794603489,-0.0190203213357744,0.07871143256901,0.0661008836780716,0.0865930256258477,0.11548452596620899,-0.04373405404709616,0.13525149174929105,low,-1.878025403675156,0.0,0.0,0.011406844106463879,train_oof,0.36336607674769644,1,0,1,0,drop,train_oof,0.1905491962006118
RFEXGB_LR_NoResample,RFEXGB,supervised,LR,NoResample,471,39,0.07787911919859304,0.032528341562902324,0.045350777635690696,0.11040746076149537,0.25,0.75,28,28,34,0.08689703852620079,0.03355307108553322,0.05334396744066757,0.12045010961173404,0.2625,0.7375,118,80,1,-0.009017919327607746,-5.0,shared_signal,1,train_oof,28,118,1052,55,0.2275073171466806,0.19101651402674089,-0.04129487223178793,0.2372157572129971,-0.21002974749840764,-0.18784510218091416,-0.22294089317653132,-0.2005246374370946,0.3209357946587076,0.02243284877156458,0.25857063962752064,high,1.8835443592889103,0.03571428571428571,0.0423728813559322,0.010456273764258554,train_oof,0.347800077790028,0,1,0,0,drop,train_oof,0.1905491962006118
RFEXGB_LR_NoResample,RFEXGB,supervised,LR,NoResample,316,94,0.012145153192739245,0.026022823041519243,-0.013877669848779996,0.03816797623425849,0.32142857142857145,0.6785714285714286,28,28,80,0.029974589798018814,0.02406081848662199,0.005913771311396821,0.05403540828464083,0.45,0.55,118,80,1,-0.017829436605279567,-14.0,false_positive_risk,1,train_oof,28,118,1052,55,-0.501149500461042,-0.15193151460995372,0.04012167779843319,-0.18273249451269344,-0.5852153441409956,-0.26654583512136076,-0.096779475417665,-0.2800600659635494,-0.5516730778142789,-0.3267871181540811,-0.19134187044074455,low,-1.9106891322624286,0.0,0.01694915254237288,0.010456273764258554,train_oof,0.34633436125334305,0,1,0,0,drop,train_oof,0.1905491962006118
RFEXGB_LR_NoResample,RFEXGB,supervised,LR,NoResample,92,40,0.07588394715332888,0.06559590946587449,0.010288037687454376,0.1414798566192034,0.5357142857142857,0.4642857142857143,28,28,70,0.04367001260490501,0.07253066569655332,-0.028860653091648324,0.11620067830145835,0.4,0.6,118,80,1,0.032213934548423875,30.0,true_anomaly_candidate,1,train_oof,28,118,1052,55,-0.13768149233519494,0.05147466606553454,-0.0003686664126853852,-0.03684914159533924,-0.2215928708738644,0.0987960290010553,-0.0476827024298581,-0.160566413754832,-0.13443742390069277,-0.20527215170776328,0.05132356378802687,low,-2.2348556912307416,0.03571428571428571,0.01694915254237288,0.010456273764258554,train_oof,0.34347488975121165,0,0,1,0,drop,train_oof,0.1905491962006118
RFEXGB_LR_NoResample,RFEXGB,supervised,LR,NoResample,217,38,0.08009588269111058,0.04032175608759884,0.03977412660351173,0.1204176387787094,0.5,0.5,28,28,44,0.06803408977192346,0.044270519612902855,0.023763570159020607,0.11230460938482636,0.475,0.525,118,80,1,0.012061792919187117,6.0,shared_signal,1,train_oof,28,118,1052,55,0.11996505880047673,0.25191241216158844,-0.03436988692461777,0.04119480963870784,-0.0470451750685894,-0.0573909417684431,-0.2198194789561454,-0.2487876257157356,0.17176086945929414,-0.08584807244136446,0.28523008542040895,high,2.519429170164108,0.0,0.01694915254237288,0.010456273764258554,train_oof,0.33996328076989374,0,0,1,0,drop,train_oof,0.1905491962006118
RFEXGB_LR_NoResample,RFEXGB,supervised,LR,NoResample,71,61,0.05407130673392658,0.12108519226164903,-0.06701388552772246,0.1751564989955756,0.35714285714285715,0.6428571428571429,28,28,60,0.05234889434602365,0.09290783104740388,-0.04055893670138025,0.14525672539342754,0.3625,0.6375,118,80,1,0.0017224123879029316,-1.0,shared_signal,1,train_oof,28,118,1052,55,-0.27088048678411386,-0.07016861095035082,0.014422153653711233,0.024682694216571918,-0.27088651600886465,-0.0772598970413454,-0.041250636614984904,-0.1142645483463642,-0.2915182279246988,-0.18254685211119762,-0.08582736223002053,low,-1.764738058652053,0.07142857142857142,0.025423728813559324,0.010456273764258554,train_oof,0.33963310445294287,0,0,1,0,drop,train_oof,0.1905491962006118
RFEXGB_LR_NoResample,RFEXGB,supervised,LR,NoResample,310,57,0.05814927861245987,0.04978030681327086,0.008368971799188992,0.10792958542573075,0.5,0.5,28,28,54,0.0556897326819583,0.06607109895687846,-0.010381366274920128,0.12176083163883678,0.4375,0.5625,118,80,1,0.002459545930501572,-3.0,shared_signal,1,train_oof,28,118,1052,55,0.22867086359462388,0.12940308269154824,-0.02683134442122111,0.11628870005463002,0.22085976621564918,0.0853046804513651,-0.1037889685979735,0.0306269987985442,0.2535271801841157,0.10314697102495127,0.15508635942525167,high,2.520739750737417,0.0,0.01694915254237288,0.013307984790874524,train_oof,0.33676295579048227,0,0,1,0,drop,train_oof,0.1905491962006118
RFEXGB_LR_NoResample,RFEXGB,supervised,LR,NoResample,480,64,0.04977110777481376,0.035909261497834265,0.01386184627697949,0.08568036927264801,0.6428571428571429,0.35714285714285715,28,28,75,0.038809422397007895,0.0670117143836893,-0.0282022919866814,0.1058211367806972,0.575,0.425,118,80,1,0.010961685377805862,11.0,shared_signal,1,train_oof,28,118,1052,55,-0.2365396368886044,0.037770822040281676,0.0010099403291942662,0.02216811241318145,-0.4183803291987279,-0.29186201567372827,-0.11552808575093415,-0.1419511662720021,-0.2428331102953549,-0.23800506525179183,0.03664962690389331,low,-1.7029075915822833,0.0,0.00847457627118644,0.010456273764258554,train_oof,0.3361999249574922,1,0,1,0,drop,train_oof,0.1905491962006118
RFEXGB_LR_NoResample,RFEXGB,supervised,LR,NoResample,433,55,0.05890929567170667,0.027478802892845478,0.03143049277886119,0.08638809856455214,0.4642857142857143,0.5357142857142857,28,28,64,0.047804048995017515,0.03317694950931151,0.014627099485706018,0.08098099850432905,0.4625,0.5375,118,80,1,0.011105246676689155,9.0,shared_signal,1,train_oof,28,118,1052,55,0.1914399448082804,0.05848003699790146,-0.016852359015396633,0.09357097932101473,-0.1453388747309738,-0.11948236225786465,-0.24736215758504546,-0.279185175156097,0.21002609821160823,0.12369097000371257,0.07589095393495586,high,3.162317823570567,0.03571428571428571,0.025423728813559324,0.010456273764258554,train_oof,0.3357701150950414,0,0,1,0,drop,train_oof,0.1905491962006118
RFEXGB_LR_NoResample,RFEXGB,supervised,LR,NoResample,30,82,0.02530578844887842,0.022592688745649514,0.002713099703228902,0.04789847719452794,0.5357142857142857,0.4642857142857143,28,28,83,0.02586162310332381,0.022924355073784645,0.0029372680295391626,0.048785978177108454,0.5625,0.4375,118,80,1,-0.0005558346544453918,1.0,shared_signal,1,train_oof,28,118,1052,55,0.31380484220667254,0.24924224907595863,-0.04092360770679761,0.0886967694747709,0.3680443878396973,0.3590446110106018,0.0425524591874079,0.1085508226007755,0.3540517435137992,0.06705692225234267,0.29077044082766446,high,2.2023789011459516,0.03571428571428571,0.00847457627118644,0.010456273764258554,train_oof,0.3348170691503276,0,1,0,0,drop,train_oof,0.1905491962006118
RFEXGB_LR_NoResample,RFEXGB,supervised,LR,NoResample,489,80,0.027201633723227547,0.016547864818203972,0.01065376890502358,0.043749498541431515,0.39285714285714285,0.6071428571428571,28,28,91,0.018838743075217258,0.02127970425538526,-0.0024409611801680035,0.04011844733060252,0.45,0.55,118,80,1,0.008362890648010289,11.0,shared_signal,1,train_oof,28,118,1052,55,0.2905243274108002,0.10889309777986812,-0.018806114277350953,-0.02044635136083831,-0.11786754856248124,0.0212133081491215,-0.2380400961897311,-0.3854596119120951,0.3120717741825994,0.18783096603737165,0.12922454643921932,high,2.910487158978719,0.0,0.00847457627118644,0.010456273764258554,train_oof,0.33462073650283886,0,1,1,0,drop,train_oof,0.1905491962006118
RFEXGB_LR_NoResample,RFEXGB,supervised,LR,NoResample,486,16,0.1662451180270418,0.113490684325292,0.05275443370174982,0.27973580235233386,0.4642857142857143,0.5357142857142857,28,28,8,0.23938091891975985,0.1353722538418867,0.10400866507787312,0.37475317276164677,0.5125,0.4875,118,80,1,-0.07313580089271804,-8.0,false_positive_risk,1,train_oof,28,118,1052,55,0.14315474378555662,0.22482130406929837,-0.04022035075729114,0.17666094427417922,0.0221483045739001,0.0283565578502865,-0.21120768601123605,0.0121056388915459,0.18491540716567012,-0.08523097003820465,0.266170330424024,high,2.273810160523514,0.0,0.01694915254237288,0.010456273764258554,train_oof,0.334367434925607,0,0,0,0,drop,train_oof,0.1905491962006118
RFEXGB_LR_NoResample,RFEXGB,supervised,LR,NoResample,58,76,0.032438321979089906,0.016980652665421845,0.015457669313668066,0.04941897464451174,0.5357142857142857,0.4642857142857143,28,28,81,0.029287352532202278,0.01884984942488847,0.010437503107313806,0.048137201957090765,0.575,0.425,118,80,1,0.0031509694468876276,5.0,shared_signal,1,train_oof,28,118,1052,55,0.3014672770314051,0.05192244606944273,-0.017678992091384856,0.09700476396785315,0.13752337152966884,-0.0246904821951782,-0.2895414651859396,0.1634775881256426,0.31347957153841743,0.28570830836182415,0.06910119746245469,high,2.2115012249717947,0.0,0.00847457627118644,0.011406844106463879,train_oof,0.33434259065044575,0,1,1,0,drop,train_oof,0.1905491962006118
RFEXGB_LR_NoResample,RFEXGB,supervised,LR,NoResample,566,32,0.0946374964853657,0.08099645038261002,0.013641046102755674,0.17563394686797568,0.5,0.5,28,28,32,0.0893599574254577,0.05851304377269277,0.030846913652764908,0.1478730011981505,0.45,0.55,118,80,1,0.005277539059907993,0.0,shared_signal,1,train_oof,28,118,1052,55,0.06537578052383046,0.1761545658348301,-0.028352731502479543,0.058599362354724745,-0.09836478350905214,-0.07782364022088505,-0.2800560008777856,-0.0455782790693798,0.10817402937090598,-0.0868189590740012,0.22261788395034285,high,2.689836412850666,0.0,0.025423728813559324,0.010456273764258554,train_oof,0.33431310236595324,0,0,1,0,drop,train_oof,0.1905491962006118
RFEXGB_LR_NoResample,RFEXGB,supervised,LR,NoResample,98,48,0.0660706462606107,0.02695906398819833,0.03911158227241238,0.09302971024880903,0.7142857142857143,0.2857142857142857,28,28,45,0.06707814768399675,0.03229881888826937,0.03477932879572736,0.0993769665722661,0.5625,0.4375,118,80,1,-0.0010075014233860563,-3.0,shared_signal,1,train_oof,28,118,1052,55,-0.1944600801372714,-0.14197772787496993,0.025711342788480536,-0.09711999532624435,-0.3271042767719107,-0.03057040110046785,0.0526956617591707,0.0526956617591707,-0.21680099724718563,-0.06007741267136188,-0.16572630079173098,low,-2.443746149775425,0.0,0.01694915254237288,0.010456273764258554,train_oof,0.33352957598267574,1,0,0,0,drop,train_oof,0.1905491962006118
RFEXGB_LR_NoResample,RFEXGB,supervised,LR,NoResample,428,27,0.11886748845775763,0.004420226173863789,0.11444726228389383,0.12328771463162146,0.8214285714285714,0.17857142857142858,28,28,22,0.12959915608199238,0.045770057792848276,0.08382909828914412,0.17536921387484064,0.825,0.175,118,80,1,-0.010731667624234748,-5.0,shared_signal,1,train_oof,28,118,1052,55,-0.056822756794533795,-0.053030476875486135,0.012685572641719305,-0.0925744743934356,-0.0386231106021214,-0.12145764211936891,-0.1582584206644275,-0.1212391101802652,-0.064979232607834,-0.013005224179411893,-0.06365065884776008,high,4.684198903615652,0.0,0.0,0.010456273764258554,train_oof,0.3306525098124643,1,0,0,0,drop,train_oof,0.1905491962006118
RFEXGB_LR_NoResample,RFEXGB,supervised,LR,NoResample,547,60,0.05643917767784584,0.03743166356837159,0.019007514109474245,0.09387084124621743,0.6071428571428571,0.39285714285714285,28,28,53,0.056074880756025444,0.04322954763507611,0.01284533312094933,0.09930442839110155,0.6,0.4,118,80,1,0.00036429692182039786,-7.0,shared_signal,1,train_oof,28,118,1052,55,0.18134402257875828,0.211149882614552,-0.008689822241123895,0.2399188524019499,0.1932744783203726,0.3326476145389356,-0.0430112524944079,0.2736841053176438,0.20502502934511527,-0.031007462302625154,0.23533367102373728,high,1.9457050882996123,0.0,0.025423728813559324,0.010456273764258554,train_oof,0.3287590135417522,1,0,1,0,drop,train_oof,0.1905491962006118
RFEXGB_LR_NoResample,RFEXGB,supervised,LR,NoResample,563,26,0.12198872019658157,0.06285332431428213,0.059135395882299435,0.1848420445108637,0.6428571428571429,0.35714285714285715,28,28,19,0.1353107713155455,0.06264376106703021,0.07266701024851532,0.1979545323825757,0.6375,0.3625,118,80,1,-0.013322051118963937,-7.0,shared_signal,1,train_oof,28,118,1052,55,0.018883589701077418,-0.060370927184038976,0.05739634168233829,-0.03907340191488571,-0.03974086245760265,-0.0369140655755681,-0.0251858625352775,-0.1253730546138557,-0.04064481204033822,0.10389487481558685,-0.12554291977362608,low,-1.2070221320671668,0.0,0.00847457627118644,0.010456273764258554,train_oof,0.3274948185544647,1,0,0,0,drop,train_oof,0.1905491962006118
RFEXGB_LR_NoResample,RFEXGB,supervised,LR,NoResample,90,43,0.07088468899307013,0.08092455556860942,-0.010039866575539291,0.15180924456167957,0.5,0.5,28,28,40,0.07742970872620403,0.11471112674039637,-0.03728141801419232,0.19214083546660043,0.4125,0.5875,118,80,1,-0.0065450197331339,-3.0,shared_signal,1,train_oof,28,118,1052,55,-0.1313898111175453,-0.08932123656349233,0.022571643814338127,-0.16686894395105228,-0.14715956126427526,-0.0573124527850644,0.01907793984321125,-0.1014474282129906,-0.15693180327650927,-0.041080192123063256,-0.11236785259407306,low,-2.2284483716389842,0.0,0.025423728813559324,0.010456273764258554,train_oof,0.3250070492048608,0,0,0,0,drop,train_oof,0.1905491962006118
RFEXGB_LR_NoResample,RFEXGB,supervised,LR,NoResample,51,56,0.05865798594641349,0.03631108134228039,0.02234690460413311,0.09496906728869389,0.6785714285714286,0.32142857142857145,28,28,62,0.04962426170756239,0.04709591313064409,0.0025283485769183106,0.09672017483820654,0.6125,0.3875,118,80,1,0.009033724238851099,6.0,shared_signal,1,train_oof,28,118,1052,55,0.1346367865646473,-0.06773689226964359,0.0061644689413328365,-0.02969054710757618,0.597743658814852,0.3513632300634447,0.40546912734437324,0.3669226754951561,0.12905530241275784,0.20056596635875737,-0.07410167845948126,high,1.4706325722393516,0.0,0.0,0.010456273764258554,train_oof,0.3241830569496745,1,0,1,0,drop,train_oof,0.1905491962006118
RFEXGB_LR_NoResample,RFEXGB,supervised,LR,NoResample,31,63,0.049807501663893715,0.03848196254685273,0.011325539117040985,0.08828946421074647,0.8571428571428571,0.14285714285714285,28,28,56,0.053856853964088625,0.0675662760841298,-0.013709422120041153,0.12142313004821847,0.8,0.2,118,80,1,-0.00404935230019491,-7.0,shared_signal,1,train_oof,28,118,1052,55,-0.18215440067017835,-0.12150131664337599,0.02839369702895986,-0.1816040237917308,-0.43606609448512357,-0.46416485126093326,-0.453371951307311,-0.4732829908769242,-0.20744068546823596,-0.07009361929064908,-0.14847198889774754,high,1.9428807223096207,0.0,0.00847457627118644,0.010456273764258554,train_oof,0.32416053919894483,1,0,0,0,drop,train_oof,0.1905491962006118
RFEXGB_LR_NoResample,RFEXGB,supervised,LR,NoResample,154,49,0.06540363073304882,0.06516983203618162,0.0002337986968671982,0.13057346276923046,0.39285714285714285,0.6071428571428571,28,28,65,0.046702539671450584,0.060247212014782656,-0.013544672343332047,0.10694975168623325,0.4625,0.5375,118,80,1,0.018701091061598236,16.0,shared_signal,1,train_oof,28,118,1052,55,0.056218752309132966,0.04799537389635585,-0.010964488880624255,0.09001518986723381,-0.2393326540659816,0.1318068387020746,-0.0660434859974158,0.1182992336699541,0.06760242503601568,0.006956788331017032,0.06019603564511102,low,-1.9800979280360111,0.0,0.03389830508474576,0.010456273764258554,train_oof,0.32382785921436513,0,0,1,0,drop,train_oof,0.1905491962006118
RFEXGB_LR_NoResample,RFEXGB,supervised,LR,NoResample,183,53,0.062173395655063586,0.057707112858775,0.004466282796288594,0.11988050851383858,0.5,0.5,28,28,51,0.060050020827051576,0.05649244915929079,0.003557571667760797,0.11654246998634243,0.5125,0.4875,118,80,1,0.0021233748280120104,-2.0,shared_signal,1,train_oof,28,118,1052,55,0.10148975853051352,0.14407373415836366,-0.02741028905497593,0.16090373768123933,0.133162617780694,0.3737089696970738,-0.0038954130771032,0.4736867328681565,0.12717408715839737,-0.04722382955635544,0.17102313596911137,high,1.920509045100356,0.03571428571428571,0.00847457627118644,0.010456273764258554,train_oof,0.3219301950553364,0,0,1,0,drop,train_oof,0.1905491962006118
RFEXGB_LR_NoResample,RFEXGB,supervised,LR,NoResample,561,41,0.07576513378013218,0.08470511458771406,-0.008939980807581892,0.16047024836784624,0.42857142857142855,0.5714285714285714,28,28,39,0.07938117737359666,0.08315259408240051,-0.0037714167088038616,0.16253377145599715,0.4,0.6,118,80,1,-0.0036160435934644852,-2.0,shared_signal,1,train_oof,28,118,1052,55,0.0778199442223159,0.12816918445678868,-0.024049875520146678,0.1559428828334665,-0.17396742896300066,0.02210907074386765,-0.1999196848201034,0.0290074978243583,0.10327129487518652,-0.047545477402792816,0.15301157410578192,high,2.7244401058375343,0.0,0.01694915254237288,0.011406844106463879,train_oof,0.3215352562368864,0,0,0,0,drop,train_oof,0.1905491962006118
RFEXGB_LR_NoResample,RFEXGB,supervised,LR,NoResample,182,86,0.019904022128159532,0.00894510302184384,0.01095891910631569,0.02884912515000337,0.6428571428571429,0.35714285714285715,28,28,89,0.021153390642708252,0.015367207976345238,0.0057861826663630125,0.03652059861905348,0.6125,0.3875,118,80,1,-0.0012493685145487203,3.0,shared_signal,1,train_oof,28,118,1052,55,-0.25233900853073105,-0.07092968826339978,0.016167014314460933,-0.016014614948754294,-0.4960305711758288,-0.19653178044406738,-0.12787197861623276,-0.088806918955568,-0.26238785986998664,-0.21896451733001782,-0.0857111211811669,low,-1.5080997259118445,0.0,0.00847457627118644,0.010456273764258554,train_oof,0.32043291063641044,1,0,0,0,drop,train_oof,0.1905491962006118
RFEXGB_LR_NoResample,RFEXGB,supervised,LR,NoResample,139,87,0.019585337579473748,0.008892214318736187,0.010693123260737557,0.028477551898209937,0.7857142857142857,0.21428571428571427,28,28,94,0.0160934215866274,0.009069053443844082,0.007024368142783314,0.025162475030471487,0.7125,0.2875,118,80,1,0.0034919159928463485,7.0,shared_signal,1,train_oof,28,118,1052,55,-0.2235753911700832,0.006470319679382542,0.005795975604700139,0.007132955579454871,-0.44696344270105903,-0.3090822601023607,-0.3086175797159625,-0.2601738136778708,-0.22789938043366822,-0.2540079240314024,0.0006755209813185168,low,-1.1058202047538876,0.0,0.0,0.010456273764258554,train_oof,0.3182155761433113,1,0,1,0,drop,train_oof,0.1905491962006118
RFEXGB_LR_NoResample,RFEXGB,supervised,LR,NoResample,269,36,0.08143624597975974,0.10092434905947142,-0.019488103079711685,0.18236059503923122,0.5,0.5,28,28,41,0.07562867061460857,0.14078730424932787,-0.06515863363471933,0.21641597486393643,0.3375,0.6625,118,80,1,0.005807575365151169,5.0,shared_signal,1,train_oof,28,118,1052,55,-0.014833158721141207,-0.01593355085819947,-0.001598533624294106,0.09774741162462243,0.02321266384368815,-0.1058182083326645,-0.0434648176898023,-0.0781440266326426,-0.01351111789858071,0.0010026813528209054,-0.014358970363813665,high,2.890863260690657,0.0,0.01694915254237288,0.011406844106463879,train_oof,0.31696575651138814,0,0,1,0,drop,train_oof,0.1905491962006118
RFEXGB_LR_NoResample,RFEXGB,supervised,LR,NoResample,334,71,0.03930836520298199,0.08092104771326247,-0.04161268251028048,0.12022941291624445,0.5714285714285714,0.42857142857142855,28,28,72,0.04323330045911429,0.18080633551854455,-0.1375730350594303,0.22403963597765894,0.625,0.375,118,80,1,-0.0039249352561323,1.0,shared_signal,1,train_oof,28,118,1052,55,0.04826384551319474,0.3210961944748911,-0.0501269206708065,0.2249534883877789,-0.2484668524441222,-0.1968846343404309,-0.22294163111446058,-0.1115346755193746,0.16553753750336853,-0.12863625947318277,0.4035278628821138,low,-0.673265030668573,0.03571428571428571,0.0,0.010456273764258554,train_oof,0.31452477299108533,0,0,0,0,drop,train_oof,0.1905491962006118
RFEXGB_LR_NoResample,RFEXGB,supervised,LR,NoResample,77,78,0.031419985615923,0.05847389911946811,-0.027053913503545135,0.0898938847353911,0.42857142857142855,0.5714285714285714,28,28,78,0.03363665222757216,0.053203997634517365,-0.019567345406945217,0.08684064986208953,0.4625,0.5375,118,80,1,-0.002216666611649161,0.0,shared_signal,1,train_oof,28,118,1052,55,-0.16170998221799185,-0.10999735710996188,0.015191979474535506,-0.022161517846623797,0.026111461369768302,-0.1126189924142775,-0.09826756616075555,-0.0711593165707695,-0.1788951409240029,-0.05190743263322772,-0.12661571094383148,high,2.5709382567026298,0.0,0.00847457627118644,0.010456273764258554,train_oof,0.31387822456711467,0,0,0,0,drop,train_oof,0.1905491962006118
RFEXGB_LR_NoResample,RFEXGB,supervised,LR,NoResample,574,95,0.011626419450346787,0.0,0.011626419450346787,0.011626419450346787,1.0,0.0,28,28,97,0.011461289869697756,0.012256690810410354,-0.0007954009407125952,0.023717980680108112,0.9625,0.0375,118,80,1,0.00016512958064903056,2.0,shared_signal,1,train_oof,28,118,1052,55,-0.22306504205426997,-0.04163171387121028,0.012231503029758853,-0.031075959508797296,-0.2235914244842604,-0.22814994549706813,-0.2258477394150964,-0.2205511357215236,-0.22982736969023307,-0.2353852959156184,-0.052801951791527364,high,4.953217243311552,0.0,0.00847457627118644,0.015209125475285171,train_oof,0.3135539611923994,1,0,1,0,drop,train_oof,0.1905491962006118
RFEXGB_LR_NoResample,RFEXGB,supervised,LR,NoResample,18,105,0.0013440964699612857,0.0035213972400952123,-0.0021773007701339263,0.004865493710056497,0.39285714285714285,0.6071428571428571,28,28,105,0.0024019224047709922,0.0022526051831014255,0.00014931722166956667,0.004654527587872418,0.55,0.45,118,80,1,-0.0010578259348097065,0.0,false_positive_risk,1,train_oof,28,118,1052,55,0.26883052949578573,-0.13926101844165498,0.01331877429201952,-0.09331325835288641,0.2829348209400435,-0.2136420301019529,-0.1358473588533764,-0.1959886239340052,0.2541650086381368,0.44413841031504675,-0.15280333817542072,high,2.248267210885488,0.03571428571428571,0.0,0.010456273764258554,train_oof,0.3118848862171871,0,0,0,0,drop,train_oof,0.1905491962006118
RFEXGB_LR_NoResample,RFEXGB,supervised,LR,NoResample,423,59,0.05699990315126282,0.06177806776047149,-0.004778164609208681,0.11877797091173428,0.35714285714285715,0.6428571428571429,28,28,35,0.08532548399996451,0.03942617552908699,0.04589930847087752,0.12475165952905154,0.5625,0.4375,118,80,1,-0.02832558084870169,-24.0,false_positive_risk,1,train_oof,28,118,1052,55,0.11051264322498401,0.36602794626216606,-0.05750260606643034,0.25072111091619836,-0.3769272206935673,0.174149568761501,-0.271394317280539,0.0198201273303816,0.18129597598760522,-0.18307944289797917,0.4290079528644825,low,-1.3557762870271646,0.0,0.03389830508474576,0.010456273764258554,train_oof,0.31161768055856087,0,0,0,0,drop,train_oof,0.1905491962006118
RFEXGB_LR_NoResample,RFEXGB,supervised,LR,NoResample,349,52,0.06350243449901118,0.05386535457080183,0.009637079928209353,0.117367789069813,0.5,0.5,28,28,47,0.06301957103193787,0.06952056210082777,-0.006500991068889931,0.13254013313276564,0.4375,0.5625,118,80,1,0.0004828634670733106,-5.0,shared_signal,1,train_oof,28,118,1052,55,0.05279377402982745,-0.08848210208971424,0.004244216922252663,0.025454041730134356,0.02216188745592965,-0.20179123882879274,-0.1303168368230303,-0.1398467570904653,0.04778996321353693,0.17347471789809749,-0.0925315253983653,high,4.119551106439611,0.0,0.0,0.010456273764258554,train_oof,0.3114084918391308,0,0,1,0,drop,train_oof,0.1905491962006118
RFEXGB_LR_NoResample,RFEXGB,supervised,LR,NoResample,0,104,0.004869928584004041,0.0029366110766992507,0.001933317507304791,0.007806539660703293,0.6071428571428571,0.39285714285714285,28,28,104,0.0044965280161736055,0.0018721650269748042,0.002624362989198802,0.006368693043148412,0.6125,0.3875,118,80,1,0.00037340056783043574,0.0,shared_signal,1,train_oof,28,118,1052,55,-0.20291480526582412,-0.13878214790967128,0.02393857358237842,-0.07638384040470132,-0.4326861640297522,-0.17041991173858256,-0.0070540629831626,-0.3239758014388348,-0.2308631409877418,-0.06239665280940973,-0.16546686680514375,low,-2.1450085110115897,0.0,0.03389830508474576,0.010456273764258554,train_oof,0.3110313276714046,1,0,1,0,drop,train_oof,0.1905491962006118
RFEXGB_LR_NoResample,RFEXGB,supervised,LR,NoResample,406,75,0.03480264843646507,0.07526492119176098,-0.0404622727552959,0.11006756962822606,0.6071428571428571,0.39285714285714285,28,28,66,0.04641482085874902,0.0630985460633898,-0.016683725204640804,0.10951336692213882,0.525,0.475,118,80,1,-0.011612172422283948,-9.0,false_positive_risk,1,train_oof,28,118,1052,55,0.16335456980148869,0.014304329608714157,-0.005831467143976716,-0.016762908377227975,-0.30698225437323723,-0.1583872315618369,-0.2990950450945005,-0.26176225450848,0.171334212133954,0.13828095135512308,0.020288529092078338,low,-1.4697321733763395,0.0,0.025423728813559324,0.012357414448669201,train_oof,0.30959868054960016,1,0,0,0,drop,train_oof,0.1905491962006118
RFEXGB_LR_NoResample,RFEXGB,supervised,LR,NoResample,354,85,0.020760126094100693,0.03168457861916182,-0.01092445252506112,0.05244470471326251,0.5,0.5,28,28,90,0.01968045732934381,0.026520322270922048,-0.006839864941578235,0.04620077960026588,0.475,0.525,118,80,1,0.0010796687647568817,5.0,shared_signal,1,train_oof,28,118,1052,55,-0.1523092794528115,0.029964005204734648,0.0023781171345087274,-0.01242786000669012,0.007853349834015002,0.166665535366315,0.18252029308230736,0.1401968377775984,-0.15637724349776724,-0.18999843355639726,0.02803324439601827,low,-2.3892275286504203,0.0,0.01694915254237288,0.010456273764258554,train_oof,0.3082607835023192,0,0,1,0,drop,train_oof,0.1905491962006118
RFEXGB_LR_NoResample,RFEXGB,supervised,LR,NoResample,338,42,0.07422627553172627,0.05616619942125019,0.018060076110476084,0.13039247495297643,0.6428571428571429,0.35714285714285715,28,28,33,0.08748552693658171,0.4354270778106611,-0.3479415508740792,0.5229126047472427,0.5125,0.4875,118,80,1,-0.01325925140485544,-9.0,shared_signal,1,train_oof,28,118,1052,55,-0.05504659673994593,0.1604179525536513,-0.020792478241920646,0.07308048655950189,-0.0761183414439362,-0.06498624909424765,-0.09613860188126036,-0.0509259151543622,-0.03525956139208104,-0.18869239419890466,0.17847975845993314,high,0.5439258343742843,0.0,0.03389830508474576,0.010456273764258554,train_oof,0.3073189180092625,1,0,0,0,drop,train_oof,0.1905491962006118
RFEXGB_LR_NoResample,RFEXGB,supervised,LR,NoResample,405,66,0.047731044730678004,0.0592376358711093,-0.011506591140431297,0.10696868060178731,0.42857142857142855,0.5714285714285714,28,28,68,0.04487309214081929,0.06001419005656503,-0.015141097915745732,0.10488728219738434,0.425,0.575,118,80,1,0.0028579525898587144,2.0,shared_signal,1,train_oof,28,118,1052,55,-0.040498501643162724,-0.01560126583188041,0.00162118520013052,0.009372403931328292,-0.03983532470733165,-0.0862577102155016,-0.0723309945630507,-0.0537620403597826,-0.04275551971603339,-0.023727327778483492,-0.01740637877815042,high,2.0445297846094923,0.0,0.0,0.016159695817490494,train_oof,0.3055001256075375,0,0,1,0,drop,train_oof,0.1905491962006118
RFEXGB_LR_NoResample,RFEXGB,supervised,LR,NoResample,227,83,0.023022156593980114,0.020706050238995743,0.0023161063549843705,0.043728206832975854,0.6428571428571429,0.35714285714285715,28,28,88,0.021476816709999798,0.024926834659238027,-0.0034500179492382285,0.04640365136923782,0.6875,0.3125,118,80,1,0.0015453398839803158,5.0,shared_signal,1,train_oof,28,118,1052,55,0.0903412393212023,0.139981505914711,-0.02717495503928793,0.1686082359961751,-0.1706070360093398,-0.1481667666320204,-0.26036811351861755,-0.1571428743829484,0.12148891088097011,-0.045750168553785685,0.16897732969530485,high,4.05399807696481,0.0,0.01694915254237288,0.010456273764258554,train_oof,0.30491388503776623,1,0,1,0,drop,train_oof,0.1905491962006118
RFEXGB_LR_NoResample,RFEXGB,supervised,LR,NoResample,296,70,0.03985814725438479,0.027928507366095028,0.011929639888289763,0.06778665462047982,0.5714285714285714,0.42857142857142855,28,28,63,0.04861652759196905,0.04400070028199356,0.004615827309975495,0.09261722787396268,0.6375,0.3625,118,80,1,-0.008758380337584262,-7.0,false_positive_risk,1,train_oof,28,118,1052,55,-0.089716661914743,-0.0499083645612714,0.013792660099965838,-0.0957965792920035,-0.11803009564026094,-0.30678862381527916,-0.36701314869216217,-0.2932505198486898,-0.10168797258304817,-0.04658445223417601,-0.06277073736640855,high,3.5406725657745715,0.0,0.00847457627118644,0.010456273764258554,train_oof,0.30409754438343095,0,0,0,0,drop,train_oof,0.1905491962006118
RFEXGB_LR_NoResample,RFEXGB,supervised,LR,NoResample,37,106,0.0010096021315967026,0.0012910542587178098,-0.0002814521271211073,0.0023006563903145124,0.39285714285714285,0.6071428571428571,28,28,107,0.00121917449981424,0.0017518639366232234,-0.0005326894368089836,0.002971038436437464,0.375,0.625,118,80,1,-0.0002095723682175375,1.0,false_positive_risk,1,train_oof,28,118,1052,55,0.14856179767804828,0.23080238476582224,-0.03512892978812475,0.11147384310184134,0.2392033535937822,0.16353455913483056,0.0052740805110839,0.1202262491147081,0.1887604197384848,-0.07015461756759095,0.264976686513025,high,2.86555451105964,0.0,0.025423728813559324,0.014258555133079848,train_oof,0.3037291426445473,0,0,0,0,drop,train_oof,0.1905491962006118
RFEXGB_LR_NoResample,RFEXGB,supervised,LR,NoResample,412,96,0.011287675831603481,0.027643143365203165,-0.016355467533599684,0.03893081919680664,0.25,0.75,28,28,96,0.013431713032649163,0.022990763964220465,-0.009559050931571306,0.03642247699686964,0.275,0.725,118,80,1,-0.0021440372010456815,0.0,shared_signal,1,train_oof,28,118,1052,55,-0.16390875849689865,0.10321765745831914,-0.011909276700846641,0.10717576784561521,-0.4663522511809184,-0.2072076823564143,-0.24218793522545445,-0.078008155928584,-0.1533336385090693,-0.26210181311822356,0.11547553276502086,low,-1.2219300038915757,0.0,0.0,0.014258555133079848,train_oof,0.30239054998144277,0,0,0,0,drop,train_oof,0.1905491962006118
RFEXGB_LR_NoResample,RFEXGB,supervised,LR,NoResample,589,72,0.038770551634141406,0.06470744918977693,-0.02593689755563552,0.10347800082391835,0.5,0.5,28,28,48,0.06278363905363751,0.03139708089622706,0.03138655815741044,0.09418071994986459,0.75,0.25,118,80,1,-0.024013087419496107,-24.0,false_positive_risk,1,train_oof,28,118,1052,55,0.16151185795081272,-0.10280303853129012,0.015833790334218195,-0.15815785876186017,-0.036068941753003,-0.34240403198223024,-0.28556667711174777,-0.3030458062439108,0.14196007720475645,0.31588804929727177,-0.11695935625862845,high,4.075687609638256,0.0,0.00847457627118644,0.017110266159695818,train_oof,0.3012438856033508,0,0,0,0,drop,train_oof,0.1905491962006118
RFEXGB_LR_NoResample,RFEXGB,supervised,LR,NoResample,81,77,0.032125324262110434,0.03172776299030375,0.00039756127180668393,0.06385308725241416,0.5,0.5,28,28,87,0.02160092799733537,0.035141746240064595,-0.013540818242729232,0.05674267423739995,0.45,0.55,118,80,1,0.010524396264775065,10.0,shared_signal,1,train_oof,28,118,1052,55,0.022776297549727625,-0.05534378353840309,0.005545918509436728,-0.020265245313603554,0.031875542107855696,0.049650810546989554,0.0970515263846801,0.0615009895064123,0.017618752506821423,0.07252198583643514,-0.06189506277663915,low,-2.8827944747517296,0.0,0.025423728813559324,0.010456273764258554,train_oof,0.29970351093507325,0,0,1,0,drop,train_oof,0.1905491962006118
RFEXGB_LR_NoResample,RFEXGB,supervised,LR,NoResample,353,90,0.0163989643620699,0.018516184219270204,-0.0021172198572003073,0.03491514858134011,0.39285714285714285,0.6071428571428571,28,28,86,0.02181379632255404,0.012915568325101448,0.008898227997452598,0.03472936464765549,0.475,0.525,118,80,1,-0.0054148319604841386,-4.0,false_positive_risk,1,train_oof,28,118,1052,55,0.13916996212734845,-0.08029542943685462,0.013896995183220831,-0.13042382404575997,0.2258707676838717,0.050648667215307995,0.11755165103057769,-0.0767855876709204,0.12440509313723751,0.25021492809181345,-0.09440746547530791,high,2.0313592909119533,0.03571428571428571,0.00847457627118644,0.010456273764258554,train_oof,0.2991135377841272,0,0,0,0,drop,train_oof,0.1905491962006118
RFEXGB_LR_NoResample,RFEXGB,supervised,LR,NoResample,162,98,0.010039278508306552,0.00806177395241167,0.001977504555894885,0.018101052460718223,0.7857142857142857,0.21428571428571427,28,28,100,0.010196588657181474,0.007495450143968546,0.0027011385132129266,0.017692038801150025,0.75,0.25,118,80,1,-0.00015731014887492185,2.0,shared_signal,1,train_oof,28,118,1052,55,-0.1055208423504387,-0.06890463016935135,0.00992577250905153,0.0006316825028708673,-0.4791470496063118,-0.5212447517949461,-0.4589611638866281,-0.4863509344728161,-0.11406352056847921,-0.03771146208895752,-0.07806692562342195,low,-0.7331575308085988,0.03571428571428571,0.025423728813559324,0.010456273764258554,train_oof,0.29780252317394745,1,0,0,0,drop,train_oof,0.1905491962006118
RFEXGB_LR_NoResample,RFEXGB,supervised,LR,NoResample,173,67,0.041971297598541915,0.06796482522319777,-0.025993527624655854,0.1099361228217397,0.42857142857142855,0.5714285714285714,28,28,49,0.06265057360287626,0.10041854675060484,-0.037767973147728603,0.1630691203534811,0.475,0.525,118,80,1,-0.02067927600433435,-18.0,false_positive_risk,1,train_oof,28,118,1052,55,-0.07703558739502521,0.03529396231867733,-0.0024233543207354815,0.0071425211154866105,-0.023727781850030848,0.0593115289569364,0.0582670093241444,-0.0702089055092771,-0.0745963831088638,-0.11500431640780158,0.03739540326057801,low,-2.733733969128998,0.0,0.0,0.012357414448669201,train_oof,0.2955190425903774,0,0,0,0,drop,train_oof,0.1905491962006118
RFEXGB_LR_NoResample,RFEXGB,supervised,LR,NoResample,84,74,0.03633807168736517,0.04184210413188601,-0.005504032444520833,0.07818017581925117,0.4642857142857143,0.5357142857142857,28,28,71,0.04328641688904511,0.02996936913162835,0.013317047757416767,0.07325578602067351,0.5625,0.4375,118,80,1,-0.006948345201679938,-3.0,shared_signal,1,train_oof,28,118,1052,55,-0.020688021225353927,-0.15937967546879805,0.017810531391043993,-0.0033283333275463613,0.0863440559767919,-0.10220251710778219,0.016879529050896,-0.0823555094146687,-0.03837517238768056,0.13817330641452868,-0.17627359311962934,high,2.3985204522244508,0.0,0.00847457627118644,0.015209125475285171,train_oof,0.29539004993948015,0,0,0,0,drop,train_oof,0.1905491962006118
RFEXGB_LR_NoResample,RFEXGB,supervised,LR,NoResample,126,107,0.0008852979747957561,0.0017831267218583384,-0.0008978287470625819,0.002668424696654095,0.35714285714285715,0.6428571428571429,28,28,106,0.0013894606752712492,0.0014107434427261703,-2.1282767454920585e-05,0.0028002041179974175,0.5,0.5,118,80,1,-0.0005041627004754931,-1.0,false_positive_risk,1,train_oof,28,118,1052,55,-0.13253772309774894,0.0780207848354556,-0.020222602863570117,0.25415745437871984,-0.3538166594771109,0.0378274757075997,-0.0953315302551998,0.1396549508556259,-0.11092972940400649,-0.2503161039580833,0.09760033642450952,low,-1.446503796642459,0.0,0.00847457627118644,0.017110266159695818,train_oof,0.29348543086247847,0,0,0,0,drop,train_oof,0.1905491962006118
RFEXGB_LR_NoResample,RFEXGB,supervised,LR,NoResample,88,108,0.0008469085983629067,0.001023654999390964,-0.0001767464010280573,0.0018705635977538711,0.5357142857142857,0.4642857142857143,28,28,108,0.0010309657208110406,0.0012066406231600803,-0.00017567490234904004,0.00223760634397112,0.5125,0.4875,118,80,1,-0.00018405712244813394,0.0,false_positive_risk,1,train_oof,28,118,1052,55,0.09114579869593367,0.05032120159591056,-0.013402431561157075,0.10198861546414625,0.22746443744971784,0.1185502491525989,0.0229645459776822,-0.0533215634071802,0.10482689772743037,0.043480966283067544,0.06368781805500746,high,2.217716608935447,0.0,0.00847457627118644,0.010456273764258554,train_oof,0.2928416589220566,0,0,0,0,drop,train_oof,0.1905491962006118
RFEXGB_LR_NoResample,RFEXGB,supervised,LR,NoResample,2,102,0.0061939458351240526,0.011721846455782352,-0.005527900620658299,0.017915792290906403,0.4642857142857143,0.5357142857142857,28,28,103,0.005323068285806368,0.010084203473689936,-0.004761135187883569,0.0154072717594963,0.425,0.575,118,80,1,0.0008708775493176842,1.0,shared_signal,1,train_oof,28,118,1052,55,0.05827645171651149,0.058884956326226576,-0.004675827589095169,-0.0567195947725052,-0.04537665631282049,-0.1095710732053563,0.0556079187661692,-0.1474863230141916,0.06275562248127098,-0.0006472770653839457,0.0638058252450371,low,-2.5553411916221265,0.0,0.0,0.013307984790874524,train_oof,0.29012178425559904,0,0,1,0,drop,train_oof,0.1905491962006118
RFEXGB_LR_NoResample,RFEXGB,supervised,LR,NoResample,419,62,0.0535490673991254,0.04671436131392082,0.0068347060852045885,0.10026342871304625,0.5357142857142857,0.4642857142857143,28,28,38,0.07971465815455046,0.05295415043225264,0.026760507722297832,0.13266880858680305,0.5625,0.4375,118,80,1,-0.026165590755425065,-24.0,false_positive_risk,1,train_oof,28,118,1052,55,-0.015269750863867301,0.17521715417643086,-0.02619060621717676,0.13594443577814255,0.10989202624923436,0.18989351411927174,-0.1699964764900673,0.123432226206676,0.010979304290773276,-0.18932916075629933,0.2008014927534596,high,2.0456552197641886,0.0,0.00847457627118644,0.010456273764258554,train_oof,0.2893014379392397,0,0,0,0,drop,train_oof,0.1905491962006118
RFEXGB_LR_NoResample,RFEXGB,supervised,LR,NoResample,275,112,3.170568635284019e-05,3.1000407158042736e-05,7.052791947974509e-07,6.270609351088292e-05,0.5357142857142857,0.4642857142857143,28,28,112,2.8892891977833372e-05,3.628920589754035e-05,-7.396313919706971e-06,6.518209787537374e-05,0.55,0.45,118,80,1,2.8127943750068203e-06,0.0,shared_signal,1,train_oof,28,118,1052,55,-0.04915498126661726,0.0013805912888439401,0.022426875057121324,-0.049239764143673,-0.0492014537332643,-0.0492391128332955,-0.0493263717236117,-0.0493275964097916,-0.06414596821559083,-0.1022068198752063,-0.01937905664197202,high,-0.0404014711877658,0.0,0.00847457627118644,0.011406844106463879,train_oof,0.28735091747578956,0,0,1,0,drop,train_oof,0.1905491962006118
RFEXGB_LR_NoResample,RFEXGB,supervised,LR,NoResample,15,109,0.0004343518486515991,0.0016247163593549059,-0.0011903645107033066,0.0020590682080065055,0.32142857142857145,0.6785714285714286,28,28,109,0.0006075841259453862,0.00278575187845059,-0.002178167752505204,0.0033933360043959778,0.4125,0.5875,118,80,1,-0.00017323227729378705,0.0,false_positive_risk,1,train_oof,28,118,1052,55,0.03514015785933816,0.1329135641596402,-0.013394647851944701,-0.04639306719634374,0.02070174874056405,-0.08656087256063055,-0.053697884292029346,-0.0576886182044268,0.05918555892403617,-0.05137364849245826,0.14230743454687067,high,0.9808155153471064,0.0,0.025423728813559324,0.010456273764258554,train_oof,0.2867873486849436,0,0,0,0,drop,train_oof,0.1905491962006118
RFEXGB_LR_NoResample,RFEXGB,supervised,LR,NoResample,39,91,0.015240870661848685,0.026679072129745247,-0.01143820146789656,0.04191994279159393,0.6785714285714286,0.32142857142857145,28,28,85,0.022442531143264544,0.03405956592394463,-0.011617034780680083,0.05650209706720918,0.6,0.4,118,80,1,-0.007201660481415859,-6.0,false_positive_risk,1,train_oof,28,118,1052,55,-0.028078142228849357,-0.04698700523555896,0.005783690063843982,0.0027780506805595816,-0.23093692247151837,-0.23077586561493585,-0.1439125342968708,-0.2056509959877056,-0.03345927667949389,0.020650410300122303,-0.052417140376257804,low,-1.4936763637151655,0.0,0.01694915254237288,0.011406844106463879,train_oof,0.28601048383795546,1,0,0,0,drop,train_oof,0.1905491962006118
RFEXGB_LR_NoResample,RFEXGB,supervised,LR,NoResample,24,92,0.012724125611319663,0.010231445695504207,0.002492679915815453,0.02295557130682387,0.42857142857142855,0.5714285714285714,28,28,95,0.015605316005956835,0.011759451163999526,0.003845864841957314,0.027364767169956346,0.475,0.525,118,80,1,-0.0028811903946371724,3.0,false_positive_risk,1,train_oof,28,118,1052,55,0.03127803211658549,-0.0026430512375710856,0.006048389687368925,-0.12071705859740557,0.1260232305935013,0.10205369663053696,0.07859145439165649,0.1302929359378741,0.02461414632719331,0.041091836327789545,-0.008548332398720012,high,3.2229842495222782,0.0,0.0,0.010456273764258554,train_oof,0.28599525207512866,0,0,0,0,drop,train_oof,0.1905491962006118
RFEXGB_LR_NoResample,RFEXGB,supervised,LR,NoResample,91,81,0.025728069975432383,0.04927228459720251,-0.023544214621770133,0.07500035457263486,0.5,0.5,28,28,67,0.045368452788570844,0.05800526935315843,-0.012636816564587594,0.10337372214172938,0.5,0.5,118,80,1,-0.01964038281313846,-14.0,false_positive_risk,1,train_oof,28,118,1052,55,-0.048951863154967974,0.02922057508077394,-0.009151992301598055,0.14063979202548157,0.0637290426827151,0.0710690301066443,-0.0209631199010839,0.1055105095573893,-0.03938382480520909,-0.08247663446656345,0.037917004163295555,high,2.54516423723465,0.0,0.0,0.010456273764258554,train_oof,0.2848563127010978,0,0,0,0,drop,train_oof,0.1905491962006118
RFEXGB_LR_NoResample,RFEXGB,supervised,LR,NoResample,116,100,0.00933489795992234,0.004530961770090795,0.004803936189831544,0.013865859730013133,0.14285714285714285,0.8571428571428571,28,28,99,0.010431707110452649,0.004945334871269239,0.0054863722391834124,0.015377041981721892,0.125,0.875,118,80,1,-0.0010968091505303094,-1.0,shared_signal,1,train_oof,28,118,1052,55,-0.012359594837760233,-0.029621255827431494,0.00460688016016941,-0.018273837916832437,0.3489031991119024,0.3540431169120043,0.3540431169120043,0.3437632813118004,-0.01709560339839301,0.015856015434620715,-0.03392911956910642,low,-2.8683769486807056,0.0,0.00847457627118644,0.010456273764258554,train_oof,0.28453007869204217,0,0,0,0,drop,train_oof,0.1905491962006118
RFEXGB_LR_NoResample,RFEXGB,supervised,LR,NoResample,67,111,0.00019395034392667717,0.0003991299392488787,-0.00020517959532220147,0.0005930802831755559,0.35714285714285715,0.6428571428571429,28,28,111,0.00016913698977141274,0.5728058603225733,-0.5726367233328019,0.5729749973123448,0.4875,0.5125,118,80,1,2.4813354155264435e-05,0.0,shared_signal,1,train_oof,28,118,1052,55,-0.05706330677517914,0.2788590689943496,-0.044690431161841786,0.2793375445778439,-0.0571758336554063,-0.0572677415143788,-0.057300607299391154,-0.0571945933291523,-0.03729232177798005,-0.14466490941119298,0.3695920642460572,high,-0.05568156020081664,0.03571428571428571,0.03389830508474576,0.010456273764258554,train_oof,0.2839620277173267,0,0,1,0,drop,train_oof,0.1905491962006118
RFEXGB_LR_NoResample,RFEXGB,supervised,LR,NoResample,252,110,0.0002112993229325907,0.0005175679464758112,-0.0003062686235432206,0.0007288672694084019,0.39285714285714285,0.6071428571428571,28,28,110,0.0003575342778037517,0.0006008315216514345,-0.00024329724384768283,0.0009583657994551858,0.5375,0.4625,118,80,1,-0.000146234954871161,0.0,false_positive_risk,1,train_oof,28,118,1052,55,-0.024289507581140513,-0.026820836378679862,0.005186019073663978,-0.029285948373423788,-0.0258298512631641,-0.030440158586057,-0.030467960831332998,-0.0321242795936507,-0.027342413071644967,0.1270306890092397,-0.030904512634464247,high,0.005462243048861626,0.0,0.00847457627118644,0.010456273764258554,train_oof,0.28259952647132014,0,0,0,0,drop,train_oof,0.1905491962006118
RFEXGB_LR_NoResample,RFEXGB,supervised,LR,NoResample,8,101,0.008469933803098056,0.01004120412539565,-0.0015712703222975938,0.018511137928493706,0.5357142857142857,0.4642857142857143,28,28,102,0.009201251169263108,0.02022888835246054,-0.011027637183197433,0.029430139521723648,0.4125,0.5875,118,80,1,-0.0007313173661650518,1.0,shared_signal,1,train_oof,28,118,1052,55,-0.02194356859183647,0.18223254318134013,-0.02421252547912649,0.06139892636033886,-0.1397433135704657,0.13591292745139455,-0.0327317998568184,0.1054349646848503,0.0022492426237396552,-0.2203684683859776,0.20378786989976852,low,-2.3379765374284163,0.0,0.0,0.010456273764258554,train_oof,0.2824426913415554,0,0,0,0,drop,train_oof,0.1905491962006118
RFEXGB_LR_NoResample,RFEXGB,supervised,LR,NoResample,68,79,0.027834911671263927,0.030487207716874944,-0.0026522960456110225,0.05832211938813887,0.4642857142857143,0.5357142857142857,28,28,59,0.05289133032984803,0.030200267430575252,0.02269106289927278,0.0830915977604233,0.6,0.4,118,80,1,-0.025056418658584104,-20.0,false_positive_risk,1,train_oof,28,118,1052,55,0.05846607401486671,-0.19721538206430766,0.03539924904924073,-0.29386615895029583,0.05902172241873735,-0.08643082330334159,0.0747998218870385,-0.0795778263222451,0.026824099014834783,0.20250043230647974,-0.2531304126621636,low,-1.9872577089180257,0.0,0.03389830508474576,0.010456273764258554,train_oof,0.28139489512343846,0,0,0,0,drop,train_oof,0.1905491962006118
RFEXGB_LR_NoResample,RFEXGB,supervised,LR,NoResample,9,93,0.012285695257227986,0.014498963524384668,-0.002213268267156681,0.02678465878161265,0.42857142857142855,0.5714285714285714,28,28,92,0.018619176418969756,0.020481147374279918,-0.0018619709553101625,0.03910032379324968,0.5125,0.4875,118,80,1,-0.0063334811617417695,-1.0,false_positive_risk,1,train_oof,28,118,1052,55,0.005897130495763978,-0.008485213787611122,0.0057368415720144735,-0.09906189589156368,-0.01912990933401575,-0.1050718196928829,-0.0257408255154671,-0.1513482329630422,0.00015953798757339596,0.015003314229284399,-0.01406823661157235,high,2.776494325478116,0.0,0.00847457627118644,0.010456273764258554,train_oof,0.2809380083940071,0,0,0,0,drop,train_oof,0.1905491962006118
RFEXGB_LR_NoResample,RFEXGB,supervised,LR,NoResample,156,103,0.005703872565935762,0.010363666534258738,-0.004659793968322975,0.0160675391001945,0.21428571428571427,0.7857142857142857,28,28,69,0.043977954952345175,0.010148010171935774,0.03382994478040942,0.05412596512428096,0.3625,0.6375,118,80,1,-0.03827408238640941,-34.0,false_positive_risk,1,train_oof,28,118,1052,55,-0.09744153765769929,0.31276736696858604,-0.03689647207225067,0.08430731585691409,-0.18666979652046795,-0.13677079776250084,-0.1207113498863735,-0.0840040404552254,-0.10825955734278385,-0.16485340604839532,0.34152825844352513,low,-0.4883465248735196,0.07142857142857142,0.0,0.010456273764258554,train_oof,0.2762735200459285,0,0,0,0,drop,train_oof,0.1905491962006118
RFEXGB_LR_NoResample,RFEXGB,supervised,LR,NoResample,131,88,0.019289417807540232,0.12545483948109828,-0.10616542167355805,0.14474425728863854,0.25,0.75,28,28,46,0.06339003332935732,0.144044831833784,-0.08065479850442671,0.2074348651631414,0.3,0.7,118,80,1,-0.044100615521817085,-42.0,false_positive_risk,1,train_oof,28,118,1052,55,-0.1020874630198825,0.13144466498057192,-0.02205314465089759,0.19952225923288858,0.01772467221513855,0.039508696803321,-0.0476274015494089,0.039508696803321,-0.08401309917051429,-0.1947697072667151,0.15339160367803906,high,1.8257987130344795,0.0,0.06779661016949153,0.02376425855513308,train_oof,0.2757882486252498,0,0,0,0,drop,train_oof,0.1905491962006118
RFEXGB_LR_NoResample,RFEXGB,supervised,LR,NoResample,200,18,0.15883428390667118,0.07709955896926404,0.08173472493740715,0.2359338428759352,0.6785714285714286,0.32142857142857145,28,28,2,0.37661541461627523,0.09517904330349339,0.281436371312782,0.4717944579197687,0.625,0.375,118,80,1,-0.21778113070960406,-16.0,false_positive_risk,1,train_oof,28,118,1052,55,0.09144270136338231,0.27282374575169815,-0.049331685384694526,0.31369186857051307,0.0383198842769796,0.0446855285498153,-0.07413983120978451,0.0155096589659849,0.19639139965972924,-0.10114661513431944,0.3474755860567982,high,1.0994303469302058,0.0,0.03389830508474576,0.010456273764258554,train_oof,0.2606869418665977,1,0,0,0,drop,train_oof,0.1905491962006118
RFEXGB_LR_NoResample,RFEXGB,supervised,LR,NoResample,337,54,0.06084486272956029,0.10794755300017171,-0.04710269027061141,0.16879241572973203,0.39285714285714285,0.6071428571428571,28,28,12,0.19558674237377324,0.10318647455557858,0.0924002678181946,0.2987732169293519,0.4,0.6,118,80,1,-0.13474187964421297,-42.0,false_positive_risk,1,train_oof,28,118,1052,55,-0.06356024618782749,0.19141160026664653,-0.03986242829442669,0.3731065322944052,-0.16749185710291015,-0.14209925350638952,-0.16520079512427677,-0.1035057689853617,-0.02961504394302337,-0.2476338079967028,0.27407140094411686,low,-0.8286219758043231,0.0,0.00847457627118644,0.010456273764258554,train_oof,0.24054064393527866,0,0,0,0,drop,train_oof,0.1905491962006118
RFERF_LR_SMOTE,RFERF,supervised,LR,SMOTE,64,1,1.4382983169994314,0.5545824221160897,0.8837158948833415,1.9928807391155205,0.6,0.4,45,45,2,1.0498626395368778,0.6137926508572853,0.4360699886795924,1.6636552903941628,0.5,0.5,188,80,1,0.3884356774625537,1.0,shared_signal,1,train_oof,45,188,982,38,0.7497478366968492,0.1799520153780034,-0.07070430025555768,-0.012481479275502583,0.4704794905982912,-0.06976996298417845,-0.13365865740107497,-0.312818825392828,0.8982026402819152,0.44139359184089244,0.2661762116481709,high,2.679840204759915,0.15555555555555556,0.0425531914893617,0.010183299389002037,train_oof,0.8853670971795944,1,1,1,1,review,train_oof,0.2526011564304778
RFERF_LR_SMOTE,RFERF,supervised,LR,SMOTE,59,2,1.315788437298205,0.11228563939096078,1.2035027979072446,1.428074076689166,0.8,0.2,45,45,1,1.6289417137760331,0.23321019187247746,1.395731521903556,1.8621519056485099,0.625,0.375,188,80,1,-0.3131532764778282,-1.0,false_positive_risk,1,train_oof,45,188,982,38,0.6970549242362272,0.5848780200602934,-0.16269336658160638,0.46395170029606786,0.5458692587160796,-0.00427854844462735,-0.26341828525646593,0.019846787797293895,1.1980097815486466,0.0711467702965983,0.797601317882639,high,2.485428096649702,0.022222222222222223,0.03723404255319149,0.010183299389002037,train_oof,0.5659251526202648,1,1,0,1,false_positive_risk,train_oof,0.2526011564304778
RFERF_LR_SMOTE,RFERF,supervised,LR,SMOTE,21,6,0.4360840612234356,0.13460478285856503,0.30147927836487054,0.5706888440820008,0.6888888888888889,0.3111111111111111,45,45,16,0.2602710068063867,0.091519576564749,0.1687514302416377,0.35179058337113567,0.6875,0.3125,188,80,1,0.17581305441704892,10.0,true_anomaly_candidate,1,train_oof,45,188,982,38,0.6453710291519843,0.2403993107490228,-0.08088738513375994,0.13957005195613456,0.2735105404949241,0.22913704479565833,0.12776825906489114,0.23446186427957025,0.7633181667204593,0.30476242901376693,0.34396762533386877,high,1.634439737125309,0.1111111111111111,0.047872340425531915,0.010183299389002037,train_oof,0.5415925820773257,1,1,1,1,review,train_oof,0.2526011564304778
RFERF_LR_SMOTE,RFERF,supervised,LR,SMOTE,348,14,0.24616841513244442,0.04668924280986651,0.1994791723225779,0.2928576579423109,0.6,0.4,45,45,39,0.1338069850567818,0.05867034480075819,0.07513664025602361,0.19247732985753999,0.5,0.5,188,80,1,0.11236143007566263,25.0,true_anomaly_candidate,1,train_oof,45,188,982,38,0.8304637782332782,0.17169721975623523,-0.08101671077029118,0.16038987315296319,0.1324078261126312,-0.1760355015685849,-0.1841524312444063,-0.19226936092022762,0.9955784236524475,0.40223161748513403,0.298242722340552,high,2.663266499033758,0.044444444444444446,0.03723404255319149,0.010183299389002037,train_oof,0.508280674125698,1,1,1,1,review,train_oof,0.2526011564304778
RFERF_LR_SMOTE,RFERF,supervised,LR,SMOTE,103,23,0.19593129844057203,0.02914935937989425,0.16678193906067781,0.22508065782046627,0.7777777777777778,0.2222222222222222,45,45,26,0.18707327797683834,0.04626842575484409,0.1408048522219943,0.23334170373168245,0.625,0.375,188,80,1,0.008858020463733685,3.0,shared_signal,1,train_oof,45,188,982,38,0.86272826880209,0.503494421732891,-0.1574003133739852,0.5144854208873803,1.0065677059842526,0.49986059772890673,-0.2029911975930242,0.3200613012512036,1.1536920267698587,0.3221089302741165,0.7041537104680218,high,2.156956295629774,0.022222222222222223,0.0425531914893617,0.010183299389002037,train_oof,0.473246450908542,1,1,1,1,review,train_oof,0.2526011564304778
RFERF_LR_SMOTE,RFERF,supervised,LR,SMOTE,129,8,0.3534294299390295,0.11741757473731718,0.23601185520171228,0.47084700467634677,0.7333333333333333,0.26666666666666666,45,45,8,0.3350302422236212,0.1729102306920546,0.16212001153156652,0.5079404729156758,0.775,0.225,188,80,1,0.01839918771540827,0.0,shared_signal,1,train_oof,45,188,982,38,0.4658398418201898,0.4017730783625472,-0.11331374325565556,0.37732452130879524,0.460546058970014,0.460546058970014,0.2260957717237532,0.47985349008139,0.5732025891696659,0.0823207268903091,0.5194895702442595,high,1.8557100112785483,0.022222222222222223,0.005319148936170213,0.010183299389002037,train_oof,0.4148788170409285,1,1,1,1,review,train_oof,0.2526011564304778
RFERF_LR_SMOTE,RFERF,supervised,LR,SMOTE,582,16,0.23450072370249747,0.10454357033446128,0.12995715336803615,0.3390442940369587,0.6444444444444445,0.35555555555555557,45,45,23,0.1908375994495623,0.10681054861820212,0.08402705083136021,0.2976481480677643,0.575,0.425,188,80,1,0.04366312425293517,7.0,shared_signal,1,train_oof,45,188,982,38,0.34368926248091786,0.14776574308439386,-0.049330132625893156,0.1508254253039433,0.4084103207323855,0.1081579886378668,-0.0419681774093758,0.0781327554284183,0.39579789913391444,0.19079178653161646,0.19961356218260337,high,2.335730040447118,0.044444444444444446,0.010638297872340425,0.010183299389002037,train_oof,0.3717593289241859,1,1,1,1,drop,train_oof,0.2526011564304778
RFERF_LR_SMOTE,RFERF,supervised,LR,SMOTE,102,34,0.13359616825759107,0.029015414536857905,0.1045807537207332,0.16261158279444898,0.8444444444444444,0.15555555555555556,45,45,51,0.0833874673660778,0.040756129527673685,0.042631337838404115,0.12414359689375146,0.6375,0.3625,188,80,1,0.050208700891513275,17.0,true_anomaly_candidate,1,train_oof,45,188,982,38,-0.46884433946813026,-0.13261470804569342,0.04147659827118848,0.125778305265763,-0.4899178905358243,-0.1208633160000672,-0.0310065500261438,-0.032611135132821,-0.5052353424755364,-0.40066163855201026,-0.17820907687792376,low,-2.226271526173361,0.022222222222222223,0.005319148936170213,0.010183299389002037,train_oof,0.3714087090653241,1,1,1,1,drop,train_oof,0.2526011564304778
RFERF_LR_SMOTE,RFERF,supervised,LR,SMOTE,122,15,0.2400456001660461,0.07999861496599112,0.16004698520005498,0.32004421513203735,0.6666666666666666,0.3333333333333333,45,45,18,0.23051638611706143,0.08714461714175002,0.14337176897531143,0.3176610032588115,0.6375,0.3625,188,80,1,0.009529214048984658,3.0,shared_signal,1,train_oof,45,188,982,38,-0.4028876013083719,-0.26362976546650696,0.08245327835624855,-0.34519921392493236,-0.7065574066679046,-0.3232465943900025,0.016858663902818,-0.3470650408176754,-0.47665767565548706,-0.1693962844659663,-0.34554247425920337,low,-1.759975282907244,0.0,0.005319148936170213,0.010183299389002037,train_oof,0.3698051789800864,1,1,1,1,drop,train_oof,0.2526011564304778
RFERF_LR_SMOTE,RFERF,supervised,LR,SMOTE,130,17,0.22568438212270228,0.10029200880299205,0.12539237331971015,0.32597639092569436,0.6666666666666666,0.3333333333333333,45,45,17,0.23443845762073293,0.13768282086662448,0.09675563675410839,0.3721212784873575,0.5625,0.4375,188,80,1,-0.008754075498030645,0.0,shared_signal,1,train_oof,45,188,982,38,0.3083145271944332,0.18076548983661242,-0.06461765332242131,0.3685258678855852,0.3915348680087602,0.20861813062787235,0.1049653127787032,0.3098320586452972,0.3651693219937207,0.15508630581543653,0.24401385182198798,high,1.5804814665353697,0.0,0.02127659574468085,0.010183299389002037,train_oof,0.33908960798407317,1,1,0,1,drop,train_oof,0.2526011564304778
RFERF_LR_SMOTE,RFERF,supervised,LR,SMOTE,137,10,0.28616069220539325,0.09551640062950738,0.19064429157588583,0.3816770928349007,0.6666666666666666,0.3333333333333333,45,45,13,0.302784584522885,0.11899624233585551,0.18378834218702947,0.4217808268587403,0.675,0.325,188,80,1,-0.01662389231749173,3.0,shared_signal,1,train_oof,45,188,982,38,0.2589130611646346,0.16014587359061805,-0.045434993207430635,0.08602484227962552,0.3201906317684365,0.1420705985014496,-0.1583264305758465,0.030384111012826797,0.30636924911161406,0.10092786887212295,0.205433993146856,high,2.1895074263009753,0.022222222222222223,0.02127659574468085,0.010183299389002037,train_oof,0.33850644824338666,1,1,0,1,drop,train_oof,0.2526011564304778
RFERF_LR_SMOTE,RFERF,supervised,LR,SMOTE,377,59,0.06343030618435941,0.012711741522776474,0.0507185646615829,0.07614204770713587,0.7555555555555555,0.24444444444444444,45,45,59,0.06630328816993639,0.027662482972860163,0.03864080519707623,0.09396577114279656,0.6625,0.3375,188,80,1,-0.002872981985576978,0.0,shared_signal,1,train_oof,45,188,982,38,-0.49009482497604034,-0.23033668986823955,0.0679223086299605,-0.0625147527716926,-0.3714959728317686,-0.3714959728317686,0.0554598948876092,-0.1580180389720797,-0.5489700026621687,-0.311781633500902,-0.29647275053378563,low,-1.6523635759899018,0.06666666666666667,0.06382978723404255,0.019348268839103868,train_oof,0.33756481337997074,1,1,0,1,drop,train_oof,0.2526011564304778
RFERF_LR_SMOTE,RFERF,supervised,LR,SMOTE,124,44,0.10394496880352631,0.04000513601977824,0.06393983278374807,0.14395010482330453,0.6666666666666666,0.3333333333333333,45,45,47,0.09535839633945227,0.04573664108415032,0.04962175525530192,0.14109503742360252,0.5875,0.4125,188,80,1,0.008586572464074044,3.0,shared_signal,1,train_oof,45,188,982,38,0.3649302160218302,0.21429118223096838,-0.07008051144289168,0.2830512425071679,0.2991009479565267,0.0377200306384171,-0.2236608866797079,-0.1365339142403381,0.4386894189737801,0.15010516698977092,0.2874924992640113,high,2.1287673691833247,0.1111111111111111,0.047872340425531915,0.01120162932790224,train_oof,0.33348958060615086,1,1,1,1,drop,train_oof,0.2526011564304778
RFERF_LR_SMOTE,RFERF,supervised,LR,SMOTE,25,22,0.19755141198947793,0.4502476190768175,-0.2526962070873395,0.6477990310662954,0.7333333333333333,0.26666666666666666,45,45,20,0.20791763079128903,0.29490031537160943,-0.08698268458032041,0.5028179461628989,0.8125,0.1875,188,80,1,-0.0103662188018111,-2.0,shared_signal,1,train_oof,45,188,982,38,-0.32854201244901515,-0.014436447264231298,0.01726068972832728,-0.0027963750457285627,0.4174339616005731,0.4522830525241459,0.4410414102907348,0.4500347240774635,-0.36153450335666937,-0.24017948590556798,-0.033178134940116,low,-3.169942699714187,0.08888888888888889,0.03723404255319149,0.010183299389002037,train_oof,0.3315951743721052,1,1,0,1,drop,train_oof,0.2526011564304778
RFERF_LR_SMOTE,RFERF,supervised,LR,SMOTE,144,40,0.12013299799431222,0.016425559234542426,0.10370743875976979,0.13655855722885463,0.8,0.2,45,45,38,0.13713990185591746,0.026057296520292268,0.11108260533562517,0.16319719837620963,0.8,0.2,188,80,1,-0.017006903861605235,-2.0,shared_signal,1,train_oof,45,188,982,38,-0.37506598130724156,-0.2832485350686757,0.07190879858105645,0.005620725466791578,-0.3343851746216024,-0.37913406197580546,-0.1565365711373263,-0.40842424278946554,-0.4299866177377573,-0.16429897373441213,-0.3560348868104211,low,-1.1476107725902018,0.0,0.015957446808510637,0.010183299389002037,train_oof,0.3230263381659629,1,1,0,1,drop,train_oof,0.2526011564304778
RFERF_LR_SMOTE,RFERF,supervised,LR,SMOTE,316,32,0.1440251801320514,0.13213907281376697,0.011886107318284421,0.27616425294581837,0.6222222222222222,0.37777777777777777,45,45,28,0.17455526949640376,0.19535114655494717,-0.020795877058543334,0.3699064160513508,0.6375,0.3625,188,80,1,-0.030530089364352364,-4.0,false_positive_risk,1,train_oof,45,188,982,38,-0.3308902338092375,-0.2866393073259584,0.07960109582205434,-0.24190559709714798,-0.5038833490360002,-0.45944421768997135,-0.0673342352250128,-0.2227478899101806,-0.4219487311694238,-0.04264836389311177,-0.3675884684340111,low,-1.8616087997403052,0.0,0.03723404255319149,0.010183299389002037,train_oof,0.3202465547729164,1,1,0,1,false_positive_risk,train_oof,0.2526011564304778
RFERF_LR_SMOTE,RFERF,supervised,LR,SMOTE,488,66,0.05200654241107042,0.026031463439027385,0.025975078972043025,0.0780380058500978,0.6,0.4,45,45,75,0.037863564519870045,0.02885312791489547,0.009010436604974576,0.06671669243476552,0.525,0.475,188,80,1,0.014142977891200371,9.0,shared_signal,1,train_oof,45,188,982,38,-0.3147856988599422,-0.029436507468032447,0.01801232345816477,-0.04270558967178621,-0.1687238193389359,-0.05222077168821115,0.0072289194437300495,-0.2457856473710926,-0.339221480149048,-0.2797757197144333,-0.047930347358187506,low,-1.395282106447686,0.28888888888888886,0.16489361702127658,0.1354378818737271,train_oof,0.30829902582520474,1,1,1,1,drop,train_oof,0.2526011564304778
RFERF_LR_SMOTE,RFERF,supervised,LR,SMOTE,484,56,0.06919658367425126,0.028499091221691013,0.0406974924525603,0.09769567489594227,0.7333333333333333,0.26666666666666666,45,45,56,0.06919022652957796,0.05277901970858142,0.016411206820996525,0.12196924623815945,0.7,0.3,188,80,1,6.3571446732996195e-06,0.0,shared_signal,1,train_oof,45,188,982,38,-0.29681813697639586,-0.04818682538863323,0.023392979082906447,-0.04168759403800924,-0.4212884102733357,-0.5316794662119069,-0.3072208965427816,-0.3307458694088068,-0.329284616526337,-0.23529563304507717,-0.07141180843538648,low,-1.0153846670981137,0.28888888888888886,0.20212765957446807,0.12321792260692464,train_oof,0.30344874892168927,1,1,1,1,drop,train_oof,0.2526011564304778
RFERF_LR_SMOTE,RFERF,supervised,LR,SMOTE,76,61,0.059072508004952486,0.027229469740249056,0.03184303826470341,0.08630197774520156,0.6666666666666666,0.3333333333333333,45,45,69,0.05251488527419869,0.04840857390128512,0.0041063113729135825,0.1009234591754838,0.525,0.475,188,80,1,0.006557622730753797,8.0,shared_signal,1,train_oof,45,188,982,38,-0.2502662762488091,-0.1226957576400813,0.04819786391915218,-0.11976176678230087,-0.1733448226763963,-0.15687591285012284,0.1111181652319636,-0.15388156560898225,-0.30043210723739694,-0.14125867818014903,-0.1730605342503826,low,-2.422069657300599,0.022222222222222223,0.005319148936170213,0.010183299389002037,train_oof,0.2996282423768797,1,1,1,1,drop,train_oof,0.2526011564304778
RFERF_LR_SMOTE,RFERF,supervised,LR,SMOTE,477,37,0.1256760622196998,0.01740758350795659,0.10826847871174322,0.1430836457276564,0.7111111111111111,0.28888888888888886,45,45,6,0.39136805657621887,0.03947105799971669,0.3518969985765022,0.4308391145759356,0.475,0.525,188,80,1,-0.2656919943565191,-31.0,false_positive_risk,1,train_oof,45,188,982,38,0.09137652440682721,0.19830861089835988,-0.05650007772840401,0.36376682906911867,0.0399887606317464,-0.1072315867080374,-0.1078799790458433,-0.06116485489820721,0.34603205875941573,-0.05630896923906064,0.2734525896763725,high,0.6878015150826491,0.022222222222222223,0.0425531914893617,0.010183299389002037,train_oof,0.18856826818621525,1,1,0,1,false_positive_risk,train_oof,0.2526011564304778
RFERF_LR_SMOTE,RFERF,supervised,LR,SMOTE,56,3,0.7478552758763123,0.4936048344649997,0.2542504414113127,1.241460110341312,0.6888888888888889,0.3111111111111111,45,45,3,0.7558541075633199,0.36425746699450917,0.39159664056881066,1.1201115745578294,0.7375,0.2625,188,80,1,-0.007998831687007657,0.0,shared_signal,1,train_oof,45,188,982,38,0.19932067310678206,0.22399174751630763,-0.06129420426597874,0.2622312211899751,0.506794437311762,0.463569310741405,0.25464786565131436,0.42034418417103203,0.24871460200721998,-0.03408615662017102,0.2824840322922626,high,1.183988086914101,0.022222222222222223,0.02127659574468085,0.012219959266802444,train_oof,0.43314268172850345,1,0,0,0,drop,train_oof,0.2526011564304778
RFERF_LR_SMOTE,RFERF,supervised,LR,SMOTE,510,77,0.03365880297973133,0.012662659944676406,0.02099614303505491,0.046321462924407725,0.4666666666666667,0.5333333333333333,45,45,82,0.02727229561221431,0.01536111893097326,0.011911176681241057,0.04263341454318757,0.45,0.55,188,80,1,0.006386507367517023,5.0,shared_signal,1,train_oof,45,188,982,38,0.6787152018211978,0.3362417187169861,-0.11407320129922074,0.4563419417264181,0.2587891267596156,0.0774219462023707,-0.2929384475958905,-0.10838397307415046,0.9062499356737742,0.28641517682574813,0.48739660876787605,high,3.2503569469893354,0.022222222222222223,0.031914893617021274,0.010183299389002037,train_oof,0.3954461287270622,0,1,1,0,drop,train_oof,0.2526011564304778
RFERF_LR_SMOTE,RFERF,supervised,LR,SMOTE,33,25,0.18815248583260127,0.022266002809648695,0.16588648302295259,0.21041848864224993,0.5333333333333333,0.4666666666666667,45,45,34,0.14231308249880037,0.02138120018362364,0.12093188231517675,0.163694282682424,0.5375,0.4625,188,80,1,0.045839403333800904,9.0,shared_signal,1,train_oof,45,188,982,38,0.42784288465606,0.2011009929040221,-0.06577862775343161,0.1978758721426261,-0.0639636392243969,-0.0811117469246028,-0.1546520506982136,-0.1256426036796833,0.5711109684293296,0.14611587537626977,0.29541584678118704,high,1.3364199702378898,0.044444444444444446,0.03723404255319149,0.01120162932790224,train_oof,0.3921240403173759,0,1,1,0,drop,train_oof,0.2526011564304778
RFERF_LR_SMOTE,RFERF,supervised,LR,SMOTE,551,67,0.05082642131899843,0.008872424885915376,0.04195399643308306,0.059698846204913815,0.5555555555555556,0.4444444444444444,45,45,78,0.035531834785608514,0.00887888845106365,0.02665294633454488,0.044410723236672146,0.4125,0.5875,188,80,1,0.015294586533389914,11.0,shared_signal,1,train_oof,45,188,982,38,0.4615787411685397,0.0820937115550092,-0.04101780892545578,-0.07489223061938291,0.0222538159660552,-0.07737785012772386,-0.0468810483364034,-0.02556067663242845,0.8295346233339564,0.1880566225788819,0.15606965765256176,high,0.6928874767219133,0.06666666666666667,0.031914893617021274,0.010183299389002037,train_oof,0.3906814992095932,0,1,1,0,drop,train_oof,0.2526011564304778
RFERF_LR_SMOTE,RFERF,supervised,LR,SMOTE,55,7,0.42477090430774134,0.3539047620262628,0.07086614228147854,0.778675666334004,0.5111111111111111,0.4888888888888889,45,45,10,0.3309080540067618,0.3449930544953864,-0.014085000488624832,0.6759011085021482,0.475,0.525,188,80,1,0.09386285030097952,3.0,shared_signal,1,train_oof,45,188,982,38,0.0724878879931974,0.04508250443813024,-0.008658541688505812,-0.057674553160932854,0.0352958418468399,-0.0187263135870944,-0.077148672947852,-0.3108381103908826,0.08329181817801014,0.023921018788577084,0.05467340995794681,high,2.298693941056292,0.044444444444444446,0.031914893617021274,0.014256619144602852,train_oof,0.3852353403411153,0,0,1,0,drop,train_oof,0.2526011564304778
RFERF_LR_SMOTE,RFERF,supervised,LR,SMOTE,280,5,0.4511380216668713,0.06584040472437762,0.3852976169424937,0.516978426391249,0.7555555555555555,0.24444444444444444,45,45,4,0.43989867622631273,0.06152311166472683,0.378375564561586,0.5014217878910394,0.8125,0.1875,188,80,1,0.011239345440558546,-1.0,shared_signal,1,train_oof,45,188,982,38,-0.24396554494402786,-0.2278690039185324,0.05942674483309194,-0.12883250745878883,-0.4813311236600117,-0.3401665724412546,-0.1362622206808282,-0.1441046957485369,-0.2886488446496117,-0.023812350070035324,-0.28369156962046466,low,-1.3970185125656813,0.0,0.005319148936170213,0.010183299389002037,train_oof,0.3849230646907217,1,0,1,0,drop,train_oof,0.2526011564304778
RFERF_LR_SMOTE,RFERF,supervised,LR,SMOTE,63,24,0.18971358692510237,0.4302128837669922,-0.24049929684188978,0.6199264706920946,0.5555555555555556,0.4444444444444444,45,45,21,0.2058047196660338,0.6053860888802733,-0.3995813692142395,0.8111908085463069,0.525,0.475,188,80,1,-0.016091132740931435,-3.0,shared_signal,1,train_oof,45,188,982,38,0.3648758197061282,0.246486743054477,-0.07035743813760136,0.153911979520522,-0.0240820114804666,-0.04672446440878085,-0.13343726516425786,-0.0952268768156816,0.6593789066645528,0.06471336242913006,0.32219028143193484,high,2.0559138012827636,0.1111111111111111,0.026595744680851064,0.010183299389002037,train_oof,0.3769540619315451,0,1,0,0,drop,train_oof,0.2526011564304778
RFERF_LR_SMOTE,RFERF,supervised,LR,SMOTE,75,13,0.27184546415705646,0.16422067269404517,0.10762479146301127,0.4360661368511016,0.4888888888888889,0.5111111111111111,45,45,22,0.202735351024197,0.18649894415529694,0.016236406868900124,0.38923429517949404,0.5625,0.4375,188,80,1,0.06911011313285945,9.0,shared_signal,1,train_oof,45,188,982,38,0.2799551728958705,-0.03000900533264506,-0.005080655986521444,-0.06118883131716951,0.0167151022241025,0.0982128184138558,0.02242194494577865,0.1356577150415803,0.29673504601234857,0.23120048730401044,-0.026380444342492138,low,-3.1076430195736675,0.0,0.010638297872340425,0.010183299389002037,train_oof,0.3757146091879816,0,0,1,0,drop,train_oof,0.2526011564304778
RFERF_LR_SMOTE,RFERF,supervised,LR,SMOTE,28,64,0.053454852564909526,0.019499018205640387,0.033955834359269146,0.0729538707705499,0.5555555555555556,0.4444444444444444,45,45,70,0.05237990407781866,0.030753491626698586,0.021626412451120056,0.08313339570451724,0.625,0.375,188,80,1,0.0010749484870908668,6.0,shared_signal,1,train_oof,45,188,982,38,-0.6415539858595996,-0.39532541542106553,0.11081925268839647,-0.1613444824969006,-0.4529821457746905,-0.41738580218856614,-0.0095717185504524,-0.3591266473831207,-0.7739447940366069,-0.25491763261195655,-0.5162553037862824,low,-2.304431577576284,0.044444444444444446,0.02127659574468085,0.010183299389002037,train_oof,0.37499248331242246,0,1,1,0,drop,train_oof,0.2526011564304778
RFERF_LR_SMOTE,RFERF,supervised,LR,SMOTE,132,4,0.4608962641312496,0.4785364936536633,-0.017640229522413838,0.9394327577849129,0.4,0.6,45,45,5,0.41600606513831495,0.45696920625653314,-0.04096314111821823,0.8729752713948482,0.4875,0.5125,188,80,1,0.04489019899293467,1.0,shared_signal,1,train_oof,45,188,982,38,0.10722247862623041,0.00863440434291787,-0.005562243374760697,-0.03649191611796996,0.1467728513057182,-0.008233068901931,-0.19311964842670926,-0.05678914029227665,0.11441467925595822,0.09401775016130419,0.014362170116952096,high,2.0085060054719763,0.0,0.010638297872340425,0.010183299389002037,train_oof,0.37432761839535683,0,0,1,0,drop,train_oof,0.2526011564304778
RFERF_LR_SMOTE,RFERF,supervised,LR,SMOTE,14,21,0.20204688478829216,0.08485240825269147,0.11719447653560076,0.2868992930409836,0.5777777777777777,0.4222222222222222,45,45,29,0.17129482256480538,0.1104754290183213,0.060819393546484045,0.28177025158312663,0.6,0.4,188,80,1,0.03075206222348678,8.0,shared_signal,1,train_oof,45,188,982,38,-0.4224179726999363,-0.09988246475910387,0.04543345803938186,-0.155775514175701,-0.5755210966222594,-0.27309423031859675,0.009642162625942498,-0.04315506621578255,-0.484454725596355,-0.2869310169301841,-0.1460442983394998,low,-2.128374386822614,0.022222222222222223,0.015957446808510637,0.010183299389002037,train_oof,0.3732522449184018,0,1,1,0,drop,train_oof,0.2526011564304778
RFERF_LR_SMOTE,RFERF,supervised,LR,SMOTE,65,26,0.1852450848776655,0.43914331151075614,-0.2538982266330906,0.6243883963884216,0.37777777777777777,0.6222222222222222,45,45,19,0.2148628404860772,0.4543962386014725,-0.23953339811539515,0.6692590790875497,0.525,0.475,188,80,1,-0.029617755608411706,-7.0,shared_signal,1,train_oof,45,188,982,38,0.5218049693127725,0.21237526714994143,-0.06620392262549488,-0.009521448020059942,0.402233773352724,-0.12188410371212541,-0.15793092271019438,-0.15346694152192594,0.6547153796419184,0.23324039595985688,0.2865034665171335,high,2.3610023313722377,0.1111111111111111,0.047872340425531915,0.010183299389002037,train_oof,0.36859042967565425,0,1,0,0,drop,train_oof,0.2526011564304778
RFERF_LR_SMOTE,RFERF,supervised,LR,SMOTE,295,33,0.1360848903816023,0.02329726602720347,0.11278762435439883,0.15938215640880574,0.5555555555555556,0.4444444444444444,45,45,43,0.10774732033443701,0.036994703335596145,0.07075261699884086,0.1447420236700332,0.4625,0.5375,188,80,1,0.028337570047165278,10.0,shared_signal,1,train_oof,45,188,982,38,0.3595295847200476,0.1869300453209181,-0.06404754936899235,0.3142328431068221,-0.0542768870766801,-0.17685859742865126,-0.1990705183719288,-0.1572932306907982,0.4860635874181834,0.12302832783296097,0.2639474362144004,high,5.2972862026459095,0.0,0.0425531914893617,0.010183299389002037,train_oof,0.3580440019320699,0,1,1,0,drop,train_oof,0.2526011564304778
RFERF_LR_SMOTE,RFERF,supervised,LR,SMOTE,79,89,0.014541945901928645,0.06927904962648573,-0.05473710372455708,0.08382099552841438,0.24444444444444444,0.7555555555555555,45,45,86,0.020189354536787364,0.05160755731680459,-0.03141820278001722,0.07179691185359197,0.3875,0.6125,188,80,1,-0.005647408634858719,-3.0,false_positive_risk,1,train_oof,45,188,982,38,0.5602924228417465,0.20118648688858548,-0.0705137842758237,0.04759041018231974,0.5617322777291206,-0.055965468954345204,-0.1725937148316429,-0.12723828587936048,0.6735456355237035,0.3009860872016836,0.2774990303438358,high,2.8547731786166546,0.022222222222222223,0.0425531914893617,0.010183299389002037,train_oof,0.34646498574693174,0,1,0,0,drop,train_oof,0.2526011564304778
RFERF_LR_SMOTE,RFERF,supervised,LR,SMOTE,43,9,0.35278603320403606,0.23321603594504758,0.11956999725898845,0.5860020691490835,0.4666666666666667,0.5333333333333333,45,45,11,0.3035764822016515,0.33101755262346977,-0.02744107042181822,0.6345940348251211,0.4375,0.5625,188,80,1,0.049209551002384555,2.0,shared_signal,1,train_oof,45,188,982,38,0.06061352982079153,-0.08176128484495972,0.018782229712393295,-0.1532486624792331,-0.0946701625847053,-0.327547473115385,-0.3123475906697994,-0.559548640236986,0.041441575935600376,0.15360438230461895,-0.10022127564100736,high,2.372719279455234,0.0,0.010638297872340425,0.010183299389002037,train_oof,0.34079229513048903,0,0,1,0,drop,train_oof,0.2526011564304778
RFERF_LR_SMOTE,RFERF,supervised,LR,SMOTE,57,28,0.17084759404534666,0.07428369512208584,0.09656389892326084,0.24513128916743238,0.5777777777777777,0.4222222222222222,45,45,40,0.1270678677376727,0.09726919081464677,0.029798676923025947,0.22433705855231945,0.55,0.45,188,80,1,0.04377972630767396,12.0,shared_signal,1,train_oof,45,188,982,38,-0.25882964164096917,0.01525704380254355,0.013117102541219637,-0.10166623444283407,0.009608801646894,0.037084147270272,0.037084147270272,-0.16570487215656815,-0.27094100548044786,-0.2723719001915356,0.0021543461536408393,low,-2.6371065806772664,0.044444444444444446,0.0,0.010183299389002037,train_oof,0.3371196967471557,0,0,1,0,drop,train_oof,0.2526011564304778
RFERF_LR_SMOTE,RFERF,supervised,LR,SMOTE,125,41,0.11086040873545476,0.1602238992730703,-0.04936349053761548,0.27108430800852507,0.35555555555555557,0.6444444444444445,45,45,46,0.09566432260702337,0.17187789972070172,-0.0762135771136783,0.26754222232772507,0.4,0.6,188,80,1,0.015196086128431388,5.0,shared_signal,1,train_oof,45,188,982,38,-0.33084839145909767,-0.30922123110982486,0.09195921577541379,-0.433589126806006,-0.4864437716144117,-0.47036166438623106,-0.0826041901067694,-0.5811495141803635,-0.4205316380725563,-0.02370036590101673,-0.4022034409922392,low,-1.5678761376693908,0.06666666666666667,0.05851063829787234,0.01120162932790224,train_oof,0.3351809985842872,0,1,1,0,drop,train_oof,0.2526011564304778
RFERF_LR_SMOTE,RFERF,supervised,LR,SMOTE,416,11,0.28135624496247996,0.13597652049811534,0.14537972446436462,0.4173327654605954,0.6888888888888889,0.3111111111111111,45,45,12,0.3028072928785347,0.10211732758182879,0.20068996529670588,0.40492462046036337,0.675,0.325,188,80,1,-0.021451047916054733,1.0,shared_signal,1,train_oof,45,188,982,38,-0.21837719630332997,-0.21065916795352052,0.055538667640335763,-0.1979236867212246,-0.4928619424418692,-0.4534252382050796,-0.1280228846532786,-0.2707084477210596,-0.26598619505949356,-0.009128046634667162,-0.263702667362574,low,-2.1572295833095927,0.0,0.005319148936170213,0.01120162932790224,train_oof,0.32834479957876883,1,0,0,0,drop,train_oof,0.2526011564304778
RFERF_LR_SMOTE,RFERF,supervised,LR,SMOTE,19,12,0.27756394990474337,0.00693913169626654,0.27062481820847684,0.28450308160100996,0.9555555555555556,0.044444444444444446,45,45,14,0.28337501141929583,0.03044142058231982,0.25293359083697603,0.3138164320016157,0.825,0.175,188,80,1,-0.0058110615145524624,2.0,shared_signal,1,train_oof,45,188,982,38,0.1253938163338026,0.12771261575373075,-0.034500736135441,0.11363218850949873,-0.000629937536488,0.07766055349476281,0.0650500046038197,0.0767366216726649,0.14714844983799552,-0.006173040901846937,0.15783550268199623,low,-1.8851135830309378,0.0,0.0,0.010183299389002037,train_oof,0.31527809584042144,1,0,0,0,drop,train_oof,0.2526011564304778
RFERF_LR_SMOTE,RFERF,supervised,LR,SMOTE,281,31,0.15266230287029778,0.047479902453951055,0.1051824004163467,0.2001422053242489,0.8,0.2,45,45,32,0.1489396962545773,0.047673823932551165,0.10126587232202615,0.19661352018712838,0.7875,0.2125,188,80,1,0.003722606615720492,1.0,shared_signal,1,train_oof,45,188,982,38,-0.1950797113910899,-0.26377588659830364,0.06745272774543666,-0.20792329953147076,-0.3088216572105596,-0.3832709308378492,-0.1413107915491586,-0.3460462940242044,-0.25177644527199616,0.09529085148072022,-0.3301101361905507,low,-1.276662214365321,0.044444444444444446,0.015957446808510637,0.01120162932790224,train_oof,0.31038234230908135,1,0,1,0,drop,train_oof,0.2526011564304778
RFERF_LR_SMOTE,RFERF,supervised,LR,SMOTE,115,51,0.08052097873726405,0.047751107470232736,0.0327698712670313,0.12827208620749678,0.5333333333333333,0.4666666666666667,45,45,54,0.07530121661519772,0.06309806974368945,0.012203146871508258,0.13839928635888715,0.4625,0.5375,188,80,1,0.005219762122066332,3.0,shared_signal,1,train_oof,45,188,982,38,-0.29557820997314493,-0.11835561443058344,0.03664143940065921,-0.011316277097576337,-0.1323255776801448,-0.0439097813678462,0.10867615765065985,0.1276213744880319,-0.33124676594916963,-0.17603506669080296,-0.15522899529634865,low,-2.8751087803202116,0.0,0.005319148936170213,0.010183299389002037,train_oof,0.308781031522564,0,1,1,0,drop,train_oof,0.2526011564304778
RFERF_LR_SMOTE,RFERF,supervised,LR,SMOTE,344,70,0.04823130254835881,0.031063804730520752,0.01716749781783805,0.07929510727887956,0.5333333333333333,0.4666666666666667,45,45,74,0.04296450581163079,0.04910036121398552,-0.006135855402354721,0.09206486702561635,0.5125,0.4875,188,80,1,0.005266796736728023,4.0,shared_signal,1,train_oof,45,188,982,38,-0.33211041960377247,0.0050271277991487074,0.010204116778271256,0.10118034170350994,-0.1899013113092602,-0.09751014898456836,0.013263309406872599,0.09232262053498361,-0.35335155914338545,-0.2969857770804686,-0.005174256532041075,low,-2.074065375708732,0.06666666666666667,0.02127659574468085,0.010183299389002037,train_oof,0.30550562586597596,0,1,1,0,drop,train_oof,0.2526011564304778
RFERF_LR_SMOTE,RFERF,supervised,LR,SMOTE,107,39,0.12366799643447539,0.07648565088778475,0.047182345546690645,0.20015364732226013,0.5555555555555556,0.4444444444444444,45,45,42,0.11048941220014248,0.10425385429972867,0.006235557900413837,0.21474326649987113,0.425,0.575,188,80,1,0.013178584234332907,3.0,shared_signal,1,train_oof,45,188,982,38,-0.1927844941394903,-0.04767759320020277,0.025801372342657034,-0.20033878377580736,-0.0855401014717522,0.047575308782032,0.0069638276876572,0.0250133748407127,-0.22341763002661594,-0.13980002156524124,-0.0741016633203509,low,-2.5932990590494,0.022222222222222223,0.031914893617021274,0.01120162932790224,train_oof,0.3039748574032983,0,0,1,0,drop,train_oof,0.2526011564304778
RFERF_LR_SMOTE,RFERF,supervised,LR,SMOTE,133,30,0.1531375139824709,0.06966768124835723,0.08346983273411367,0.2228051952308281,0.6444444444444445,0.35555555555555557,45,45,30,0.1657393701212346,0.07282806330367442,0.09291130681756019,0.23856743342490896,0.725,0.275,188,80,1,-0.01260185613876369,0.0,shared_signal,1,train_oof,45,188,982,38,0.18483224307998264,0.18660538723965756,-0.05658770095772511,0.31055691009810754,0.1222732321194762,0.2522122796976641,-0.0351565858625062,0.3375578984894064,0.23911391220038547,-0.0018820192541712493,0.24346882957205218,high,2.1469719020373548,0.0,0.005319148936170213,0.014256619144602852,train_oof,0.3003831181110583,1,0,0,0,drop,train_oof,0.2526011564304778
RFERF_LR_SMOTE,RFERF,supervised,LR,SMOTE,460,69,0.04892434336290035,0.022716690665903653,0.026207652696996705,0.07164103402880398,0.5111111111111111,0.4888888888888889,45,45,61,0.06247765678713629,0.03101787783485061,0.031459778952285675,0.09349553462198691,0.4375,0.5625,188,80,1,-0.013553313424235942,-8.0,false_positive_risk,1,train_oof,45,188,982,38,0.3020103018828391,0.20710669386292524,-0.05516091598247535,0.03588779156134206,0.0783976942280376,-0.09951991131031435,-0.257708914806982,-0.25017097726799853,0.37639148979501413,0.08014197121711503,0.2638635204399522,high,2.938911386827603,0.022222222222222223,0.015957446808510637,0.010183299389002037,train_oof,0.30030960537621576,0,1,0,0,drop,train_oof,0.2526011564304778
RFERF_LR_SMOTE,RFERF,supervised,LR,SMOTE,468,73,0.041649174542382435,0.1871149490236839,-0.14546577448130146,0.2287641235660663,0.13333333333333333,0.8666666666666667,45,45,48,0.09403736253860184,0.1755931651531331,-0.08155580261453124,0.2696305276917349,0.225,0.775,188,80,1,-0.05238818799621941,-25.0,false_positive_risk,1,train_oof,45,188,982,38,-0.4299881789760773,-0.20310137819243684,0.050639671858276246,0.21173771869407323,-0.6468591228110918,-0.6579706921590808,-0.22664994763933105,-0.2138162394174025,-0.4924853143193471,-0.2337803360241168,-0.25569868451754496,low,-0.9802319324172032,0.06666666666666667,0.13297872340425532,0.1629327902240326,train_oof,0.2991759743826822,0,1,0,0,drop,train_oof,0.2526011564304778
RFERF_LR_SMOTE,RFERF,supervised,LR,SMOTE,16,52,0.07776774473078842,0.05966229980533474,0.018105444925453653,0.13743004453612315,0.5111111111111111,0.4888888888888889,45,45,55,0.0743745867008981,0.06391304131174233,0.010461545389155707,0.13828762801264036,0.525,0.475,188,80,1,0.0033931580298903197,3.0,shared_signal,1,train_oof,45,188,982,38,0.2073822707872645,0.0935709029226645,-0.03586887143261123,0.2125174990344362,0.1449067106772109,0.11909301764393379,-0.0275167987728637,0.23650047089953274,0.2544506698412862,0.10173198789262,0.13004759580733777,high,1.883240666245474,0.044444444444444446,0.015957446808510637,0.010183299389002037,train_oof,0.29443593114665045,0,0,1,0,drop,train_oof,0.2526011564304778
RFERF_LR_SMOTE,RFERF,supervised,LR,SMOTE,586,27,0.17928846820415992,0.1377407943036858,0.04154767390047413,0.3170292625078457,0.5333333333333333,0.4666666666666667,45,45,25,0.1893427693248764,0.17363306562856332,0.015709703696313037,0.3629758349534396,0.425,0.575,188,80,1,-0.01005430112071648,-2.0,shared_signal,1,train_oof,45,188,982,38,0.12799700824890659,0.028811997262999288,-0.01407065246338894,0.060293651980678944,0.1071251793737314,-0.10296625601454484,-0.0782496165571006,-0.12768289547198897,0.14728550786124736,0.08392279553751644,0.04264624428274082,high,2.70237232240538,0.044444444444444446,0.026595744680851064,0.014256619144602852,train_oof,0.2919254720476244,0,0,0,0,drop,train_oof,0.2526011564304778
RFERF_LR_SMOTE,RFERF,supervised,LR,SMOTE,452,42,0.10618646697887281,0.1298467020833795,-0.023660235104506704,0.23603316906225244,0.4,0.6,45,45,24,0.19077533908670774,0.1372658526050831,0.053509486481624666,0.3280411916917908,0.525,0.475,188,80,1,-0.08458887210783493,-18.0,false_positive_risk,1,train_oof,45,188,982,38,-0.3578443070599411,-0.2691162089062644,0.07472941270543212,-0.17370595410499864,-0.443400013111964,-0.2964065055505236,0.009156521311966051,-0.03359827676404005,-0.45138365584697937,-0.08159094418567348,-0.344275067060661,low,-2.0591207595912064,0.0,0.026595744680851064,0.010183299389002037,train_oof,0.2905379025632475,0,1,0,0,drop,train_oof,0.2526011564304778
RFERF_LR_SMOTE,RFERF,supervised,LR,SMOTE,90,74,0.04134325244844554,0.03107290132519209,0.010270351123253451,0.07241615377363764,0.5333333333333333,0.4666666666666667,45,45,71,0.04964218795924499,0.04847299705282694,0.001169190906418055,0.09811518501207192,0.5375,0.4625,188,80,1,-0.008298935510799452,-3.0,false_positive_risk,1,train_oof,45,188,982,38,-0.25438311409031444,-0.1220604588935035,0.03681550880872736,-0.03709122354039444,-0.1830780542350153,-0.14656164045883985,0.03899136645209785,-0.01911674771040295,-0.2927600584401534,-0.1444173178558262,-0.15973354206118542,low,-2.2640103481289615,0.0,0.010638297872340425,0.010183299389002037,train_oof,0.2872364793389143,0,0,0,0,drop,train_oof,0.2526011564304778
RFERF_LR_SMOTE,RFERF,supervised,LR,SMOTE,425,55,0.07155731634912621,0.024326345659558744,0.04723097068956746,0.09588366200868494,0.4888888888888889,0.5111111111111111,45,45,58,0.06778730774258082,0.02624859057972511,0.04153871716285571,0.09403589832230594,0.4375,0.5625,188,80,1,0.0037700086065453886,3.0,shared_signal,1,train_oof,45,188,982,38,0.20344754282176203,0.023574003535309588,-0.015482047812091776,0.023180865436841176,-0.1577811387274507,-0.21904135494396426,-0.25292058883507423,-0.20467490141312375,0.2152971051393114,0.17986773121302366,0.03883190057694572,high,2.1258329844400197,0.022222222222222223,0.015957446808510637,0.010183299389002037,train_oof,0.2867200918339543,0,0,1,0,drop,train_oof,0.2526011564304778
RFERF_LR_SMOTE,RFERF,supervised,LR,SMOTE,131,50,0.08248074484249696,0.13556946100499284,-0.053088716162495914,0.21805020584748985,0.3111111111111111,0.6888888888888889,45,45,66,0.05806578330272875,0.1374700268733582,-0.07940424357062945,0.195535810176087,0.325,0.675,188,80,1,0.024414961539768208,16.0,shared_signal,1,train_oof,45,188,982,38,0.10340850226199291,0.07751486736142718,-0.02267029813542269,0.09110243924901258,0.039508696803321,0.039508696803321,-0.0476274015494089,0.01772467221513855,0.13342163445540697,0.020889410874874656,0.10007666214373553,high,1.8257987130344795,0.044444444444444446,0.05319148936170213,0.023421588594704685,train_oof,0.285477581543106,0,0,1,0,drop,train_oof,0.2526011564304778
RFERF_LR_SMOTE,RFERF,supervised,LR,SMOTE,273,43,0.10545838518491273,0.1635877899494985,-0.05812940476458575,0.2690461751344112,0.2,0.8,45,45,44,0.10331091404448803,0.15054783676960187,-0.04723692272511385,0.25385875081408993,0.2625,0.7375,188,80,1,0.0021474711404246977,1.0,shared_signal,1,train_oof,45,188,982,38,0.14453421376038428,0.10181360798169567,-0.022593919155852123,0.024717953522670155,-0.2662939358924575,-0.16767159104518214,-0.1502587020937358,-0.12398729103380249,0.168130052133624,0.03949501094823058,0.12435565631404522,low,-2.796662974903808,0.0,0.0,0.012219959266802444,train_oof,0.28537908864588185,0,0,1,0,drop,train_oof,0.2526011564304778
RFERF_LR_SMOTE,RFERF,supervised,LR,SMOTE,480,48,0.09492139104693739,0.07872312211967826,0.01619826892725911,0.17364451316661572,0.6444444444444445,0.35555555555555557,45,45,45,0.0979844842433907,0.1259528131556659,-0.02796832891227523,0.2239372973990566,0.575,0.425,188,80,1,-0.003063093196453301,-3.0,shared_signal,1,train_oof,45,188,982,38,-0.18318824216782276,0.0817533397964714,-0.010030767469115095,0.07472650651042315,-0.4030406208184361,-0.1263275174657092,-0.12644663393710476,0.0279477040449381,-0.17945891874090233,-0.23441591827751518,0.09155253652763598,low,-1.7027879210807884,0.0,0.010638297872340425,0.010183299389002037,train_oof,0.28244368644592444,1,0,0,0,drop,train_oof,0.2526011564304778
RFERF_LR_SMOTE,RFERF,supervised,LR,SMOTE,571,62,0.05841661034218829,0.0863009211674629,-0.02788431082527458,0.14471753150965116,0.5777777777777777,0.4222222222222222,45,45,64,0.06033335088223073,0.05409063879946191,0.006242712082768814,0.11442398968169258,0.525,0.475,188,80,1,-0.0019167405400424345,2.0,shared_signal,1,train_oof,45,188,982,38,-0.193454524865399,0.03524227493487104,-0.0009730649804397667,0.07988041426259718,0.3687776556054301,0.1179037843724347,0.0222808450473944,0.41077176013790884,-0.19620088689636214,-0.20135997232512645,0.03710735018541781,high,1.8692942738352456,0.0,0.010638297872340425,0.013238289205702648,train_oof,0.2778945429202722,0,0,0,0,drop,train_oof,0.2526011564304778
RFERF_LR_SMOTE,RFERF,supervised,LR,SMOTE,310,92,0.012611533317842722,0.011074054555610235,0.0015374787622324834,0.023685587873452953,0.4666666666666667,0.5333333333333333,45,45,91,0.014475463350328588,0.01171990082243629,0.002755562527892298,0.026195364172764874,0.5125,0.4875,188,80,1,-0.0018639300324858662,-1.0,shared_signal,1,train_oof,45,188,982,38,0.21977127533089424,0.11474061550984413,-0.03516114693418799,0.07655145509904941,0.14226059883972,0.09897410086457,-0.1037889685979735,-0.017215972647673602,0.25325555838856645,0.11028715903619685,0.14886026156854978,high,2.520739750737417,0.0,0.02127659574468085,0.012219959266802444,train_oof,0.27754295201905554,0,0,0,0,drop,train_oof,0.2526011564304778
RFERF_LR_SMOTE,RFERF,supervised,LR,SMOTE,0,90,0.013364276392656476,0.02454136857077054,-0.01117709217811406,0.037905644963427,0.35555555555555557,0.6444444444444445,45,45,92,0.013546655205517493,0.020541049787964553,-0.0069943945824470595,0.03408770499348205,0.45,0.55,188,80,1,-0.00018237881286101675,2.0,shared_signal,1,train_oof,45,188,982,38,-0.22380002907655513,-0.05285046413674946,0.01908653076683279,0.004954619440613934,-0.4009873167426543,-0.01339383244058465,-0.027541528492935098,-0.3360547306156034,-0.24629695808393048,-0.17381261465715087,-0.07308659413163597,low,-2.1872794243770555,0.0,0.02127659574468085,0.010183299389002037,train_oof,0.2773635539446795,0,0,0,0,drop,train_oof,0.2526011564304778
RFERF_LR_SMOTE,RFERF,supervised,LR,SMOTE,282,93,0.009819128352592351,0.027216722960435362,-0.017397594607843007,0.0370358513130277,0.3111111111111111,0.6888888888888889,45,45,95,0.010695293540779137,0.02450188868990468,-0.013806595149125541,0.03519718223068383,0.375,0.625,188,80,1,-0.0008761651881867855,2.0,shared_signal,1,train_oof,45,188,982,38,0.2332009481743442,0.047131208180742595,-0.025346252744594316,0.13270269736659848,0.4358817780156345,-0.0441517663453553,-0.1041559593904829,0.1658629093125907,0.24982002623342106,0.24212562010353145,0.0721315079756121,high,1.8444802097500226,0.0,0.0,0.010183299389002037,train_oof,0.27684564277841067,0,0,0,0,drop,train_oof,0.2526011564304778
RFERF_LR_SMOTE,RFERF,supervised,LR,SMOTE,92,57,0.06905511324649326,0.057718479212773614,0.011336634033719662,0.12677359245926687,0.5777777777777777,0.4222222222222222,45,45,60,0.06283678829991532,0.07605639065772883,-0.013219602357813507,0.13889317895764414,0.4625,0.5375,188,80,1,0.006218324946577938,3.0,shared_signal,1,train_oof,45,188,982,38,-0.13886811789028722,-0.06328131412779207,0.01790535701182583,0.00966528241931075,-0.2215928708738644,-0.0690267280762835,-0.0385134995167673,-0.0842833423560416,-0.15149141369364022,-0.09203573409795884,-0.08039817969720368,low,-2.2891692380666804,0.022222222222222223,0.010638297872340425,0.010183299389002037,train_oof,0.27669432730353183,0,0,1,0,drop,train_oof,0.2526011564304778
RFERF_LR_SMOTE,RFERF,supervised,LR,SMOTE,37,79,0.02689965042871893,0.04107542316754975,-0.014175772738830809,0.06797507359626867,0.4,0.6,45,45,76,0.03748634999893903,0.04620679199952812,-0.008720442000589104,0.08369314199846711,0.35,0.65,188,80,1,-0.010586699570220102,-3.0,false_positive_risk,1,train_oof,45,188,982,38,0.2071934857912101,0.1298472760729529,-0.03475788252184864,0.025449601183741392,0.2058768845448523,0.1137863517139151,0.00398610103093445,0.0909247159412281,0.2495227888087963,0.06939834490883363,0.163789714148941,high,2.86555451105964,0.0,0.015957446808510637,0.015274949083503055,train_oof,0.2757495763575293,0,0,0,0,drop,train_oof,0.2526011564304778
RFERF_LR_SMOTE,RFERF,supervised,LR,SMOTE,88,87,0.01576658248774143,0.013635906761991362,0.002130675725750066,0.029402489249732783,0.5333333333333333,0.4666666666666667,45,45,94,0.01093895507122036,0.016007084314830205,-0.005068129243609842,0.026946039386050565,0.4875,0.5125,188,80,1,0.004827627416521069,7.0,shared_signal,1,train_oof,45,188,982,38,0.1956159330090991,0.07046453803990664,-0.021801211166519625,-0.016875283457770358,0.4179605790297466,0.1023476565978956,0.0228375811532749,-0.062307851534659606,0.2186987289334566,0.129123362952099,0.09224989149787256,high,2.2168284194527055,0.0,0.010638297872340425,0.010183299389002037,train_oof,0.275714355767079,0,0,1,0,drop,train_oof,0.2526011564304778
RFERF_LR_SMOTE,RFERF,supervised,LR,SMOTE,31,78,0.02845650995416942,0.030911290601503324,-0.0024547806473338993,0.059367800555672735,0.15555555555555556,0.8444444444444444,45,45,87,0.018285665395046734,0.0405032815923087,-0.022217616197261973,0.05878894698735546,0.0875,0.9125,188,80,1,0.010170844559122684,9.0,true_anomaly_candidate,1,train_oof,45,188,982,38,-0.13963801195530212,-0.18839358786413635,0.05188493730041245,-0.23170615761372612,-0.4282505462428455,-0.4865880313369933,-0.4481615858124587,-0.4710499770934164,-0.18654447455376896,0.059238981286148996,-0.23867262166482706,high,1.9511931161187297,0.0,0.0,0.010183299389002037,train_oof,0.2756952304705376,0,0,1,0,drop,train_oof,0.2526011564304778
RFERF_LR_SMOTE,RFERF,supervised,LR,SMOTE,47,29,0.16234643076330688,0.1455858099761905,0.016760620787116348,0.3079322407394974,0.5777777777777777,0.4222222222222222,45,45,31,0.16488060875343521,0.12386519929149278,0.041015409461942445,0.2887458080449279,0.6125,0.3875,188,80,1,-0.002534177990128339,2.0,shared_signal,1,train_oof,45,188,982,38,0.012432269051980442,0.1554476315598926,-0.03634820041359513,0.16696665092292032,0.4180192291048125,0.5057638819187303,0.33474062149399997,0.5617208012282047,0.04831495365537938,-0.15084050320198794,0.19164203533193988,high,1.3626088062445239,0.022222222222222223,0.03723404255319149,0.010183299389002037,train_oof,0.27536369011146555,0,0,0,0,drop,train_oof,0.2526011564304778
RFERF_LR_SMOTE,RFERF,supervised,LR,SMOTE,271,54,0.07176602763789894,0.15595899174523137,-0.08419296410733237,0.22772501938313028,0.4444444444444444,0.5555555555555556,45,45,65,0.05868061545776145,0.16399773780537383,-0.10531712234761234,0.22267835326313518,0.35,0.65,188,80,1,0.013085412180137486,11.0,shared_signal,1,train_oof,45,188,982,38,0.09311848399068491,0.06003924908069611,-0.023451082357892113,0.1989203241154817,-0.0117231535823837,0.062271638354677944,-0.0596047696738355,0.18765628749208274,0.11626750547367962,0.034032583494473835,0.08385257849268073,high,2.2164240013485936,0.0,0.0,0.010183299389002037,train_oof,0.27474363632244053,0,0,1,0,drop,train_oof,0.2526011564304778
RFERF_LR_SMOTE,RFERF,supervised,LR,SMOTE,423,45,0.10358305062992425,0.10463305707961226,-0.001050006449688029,0.20821610770953655,0.37777777777777777,0.6222222222222222,45,45,37,0.13896548716617876,0.1000407727459836,0.03892471442019512,0.23900625991216237,0.475,0.525,188,80,1,-0.035382436536254516,-8.0,false_positive_risk,1,train_oof,45,188,982,38,0.14352600670460433,0.20904358852207752,-0.05763914314164938,0.27435117918377017,-0.2723032948288679,0.031057286015091654,-0.2735447507421896,0.1079543463955311,0.21252438689974013,-0.05540663769839121,0.26920978144241176,high,3.539899372667537,0.0,0.010638297872340425,0.010183299389002037,train_oof,0.2740519513532337,0,0,0,0,drop,train_oof,0.2526011564304778
RFERF_LR_SMOTE,RFERF,supervised,LR,SMOTE,48,63,0.05751755575134434,0.07124540350179147,-0.013727847750447145,0.12876295925313583,0.4444444444444444,0.5555555555555556,45,45,67,0.0572895142843061,0.05877479814595871,-0.0014852838616526108,0.11606431243026476,0.5375,0.4625,188,80,1,0.0002280414670382397,4.0,shared_signal,1,train_oof,45,188,982,38,-0.15158302374425695,0.0045097376409252935,0.003146535264282958,0.08008269088209141,-0.4161698354110992,0.048413577826559,-0.007624590113691749,0.08734372688141605,-0.15877688871138848,-0.1366019873174084,0.001366633231277172,low,-2.2840266571148873,0.0,0.031914893617021274,0.010183299389002037,train_oof,0.2724839425319872,0,0,1,0,drop,train_oof,0.2526011564304778
RFERF_LR_SMOTE,RFERF,supervised,LR,SMOTE,58,58,0.0681906029112825,0.07604111355498411,-0.007850510643701611,0.14423171646626656,0.4888888888888889,0.5111111111111111,45,45,57,0.06804453456471724,0.07974419401091412,-0.01169965944619694,0.14778872857563136,0.525,0.475,188,80,1,0.0001460683465652618,-1.0,shared_signal,1,train_oof,45,188,982,38,0.11600132828606166,0.09387937336114571,-0.030672885168877822,0.22516542111153925,0.0867946754557125,-0.0583129900581533,-0.2977996250119338,0.2855803798385409,0.14356763548188725,0.024892709033687014,0.12375810235640335,high,2.2115012249717947,0.0,0.005319148936170213,0.012219959266802444,train_oof,0.27221125200468904,0,0,1,0,drop,train_oof,0.2526011564304778
RFERF_LR_SMOTE,RFERF,supervised,LR,SMOTE,405,49,0.09352717614234665,0.12536455959714948,-0.03183738345480278,0.21889173573949602,0.4222222222222222,0.5777777777777777,45,45,49,0.08769675638720965,0.11135378289361068,-0.02365702650640104,0.19905053928082034,0.4875,0.5125,188,80,1,0.005830419755136998,0.0,shared_signal,1,train_oof,45,188,982,38,-0.08491661907859882,-0.031933642067643264,0.005975623392151063,0.08428347444082757,-0.1187533800712203,-0.1001844258679525,-0.0537620403597826,0.24798346544332103,-0.09264543617349477,-0.0494584185241753,-0.0383173910653918,low,-1.5207094224179487,0.13333333333333333,0.03723404255319149,0.013238289205702648,train_oof,0.27195839901632085,0,0,1,0,drop,train_oof,0.2526011564304778
RFERF_LR_SMOTE,RFERF,supervised,LR,SMOTE,91,60,0.061776573315322124,0.04524222360556403,0.016534349709758075,0.10701879692088614,0.5555555555555556,0.4444444444444444,45,45,53,0.07772491314527932,0.09409640249936282,-0.016371489354083488,0.17182131564464215,0.4625,0.5375,188,80,1,-0.0159483398299572,-7.0,false_positive_risk,1,train_oof,45,188,982,38,0.17459422025167054,0.0630055109391847,-0.018355299489120736,-0.03926851363849454,0.161971951279922,0.06485827151716575,-0.0209631199010839,-0.0209631199010839,0.18828574558825195,0.1393061835180117,0.08042475221190926,high,2.5775505202066937,0.0,0.0,0.010183299389002037,train_oof,0.27043645492192536,0,0,0,0,drop,train_oof,0.2526011564304778
RFERF_LR_SMOTE,RFERF,supervised,LR,SMOTE,288,86,0.01645621189647139,0.03412213699566131,-0.01766592509918992,0.05057834889213268,0.3111111111111111,0.6888888888888889,45,45,90,0.014810205174996188,0.02969173373818381,-0.014881528563187635,0.04450193891317999,0.3875,0.6125,188,80,1,0.001646006721475201,4.0,shared_signal,1,train_oof,45,188,982,38,0.1801560868642077,0.02733855837379941,-0.018657506479378062,0.11271390767197827,0.3290288088587416,0.00023015905486304875,-0.1230693346215914,0.02078007466760535,0.1922040343203416,0.21186014156928185,0.046023330969735064,high,1.8065677414149088,0.022222222222222223,0.0,0.010183299389002037,train_oof,0.26987299460321235,0,0,1,0,drop,train_oof,0.2526011564304778
RFERF_LR_SMOTE,RFERF,supervised,LR,SMOTE,563,35,0.13343389164342712,0.060700756370241825,0.07273313527318531,0.19413464801366895,0.6222222222222222,0.37777777777777777,45,45,36,0.14106565947093028,0.09882318804660506,0.04224247142432526,0.23988884751753536,0.65,0.35,188,80,1,-0.007631767827503161,1.0,shared_signal,1,train_oof,45,188,982,38,-0.006331134840516772,0.04801710700720653,0.04504069849770717,-0.035141987522770875,0.0119510897918226,-0.02374779379457975,-0.02601385585824085,-0.1452448943649783,-0.05467642773161497,-0.06521670736489968,0.0031706608153937127,high,2.5111729639657567,0.0,0.015957446808510637,0.010183299389002037,train_oof,0.26766923153133715,1,0,0,0,drop,train_oof,0.2526011564304778
RFERF_LR_SMOTE,RFERF,supervised,LR,SMOTE,490,47,0.09758347966865064,0.07927998708059875,0.018303492588051872,0.1768634667492494,0.5111111111111111,0.4888888888888889,45,45,41,0.1107804672330123,0.07661099093124871,0.034169476301763604,0.187391458164261,0.65,0.35,188,80,1,-0.013196987564361662,-6.0,shared_signal,1,train_oof,45,188,982,38,-0.08316749777280576,-0.11875266798462641,0.030956408644009486,-0.11397774493503743,-0.0871542866071567,-0.3138764730411716,-0.1112953401903788,-0.31833698531793686,-0.11345476542670198,0.03688047970605858,-0.14932037251968097,high,2.9168314897727794,0.022222222222222223,0.0,0.010183299389002037,train_oof,0.2670165909196943,0,0,0,0,drop,train_oof,0.2526011564304778
RFERF_LR_SMOTE,RFERF,supervised,LR,SMOTE,217,46,0.10012530596657773,0.07518995010307403,0.024935355863503695,0.17531525606965165,0.4444444444444444,0.5555555555555556,45,45,50,0.08684369992274621,0.06122409777696057,0.02561960214578558,0.14806779769970674,0.5,0.5,188,80,1,0.013281606043831523,4.0,shared_signal,1,train_oof,45,188,982,38,0.0053963668033354725,0.06662618501235582,-0.019304663128262078,0.14162893869453114,-0.1080851985977258,-0.0894628185379893,-0.22395778563608687,-0.238441859015882,0.025260208779786183,-0.0588860857439548,0.08534235357787942,high,2.628908073381945,0.0,0.010638297872340425,0.010183299389002037,train_oof,0.2657522728466211,0,0,1,0,drop,train_oof,0.2526011564304778
RFERF_LR_SMOTE,RFERF,supervised,LR,SMOTE,182,85,0.01674364642661797,0.03305669306708055,-0.016313046640462566,0.04980033949369852,0.37777777777777777,0.6222222222222222,45,45,77,0.03567883251459822,0.02894637490054866,0.006732457614049553,0.0646252074151469,0.425,0.575,188,80,1,-0.018935186087980248,-8.0,false_positive_risk,1,train_oof,45,188,982,38,-0.2122893364957429,-0.038861068983229295,0.016236127100385776,0.04228221266490722,-0.3681812850136541,-0.2367806297914187,-0.09354207770231535,0.19056744710251722,-0.226925018220606,-0.18511515776131424,-0.054213357217355304,low,-1.5059689044758082,0.0,0.010638297872340425,0.010183299389002037,train_oof,0.26568322838783254,0,0,0,0,drop,train_oof,0.2526011564304778
RFERF_LR_SMOTE,RFERF,supervised,LR,SMOTE,428,38,0.12384558862208032,0.004417849095250153,0.11942773952683017,0.12826343771733048,0.8,0.2,45,45,35,0.1417091042408639,0.006053542394858866,0.135655561846005,0.14776264663572275,0.8625,0.1375,188,80,1,-0.017863515618783563,-3.0,shared_signal,1,train_oof,45,188,982,38,-0.05860664236682408,-0.07849024615183339,0.022244187804812653,-0.10645616777312684,-0.0432450611141641,-0.12574633142427843,-0.1582584206644275,-0.12732522468430252,-0.07374783404759377,0.08336570283357052,-0.09761326630637457,high,6.441373360475646,0.0,0.0,0.01120162932790224,train_oof,0.26378016202546534,1,0,0,0,drop,train_oof,0.2526011564304778
RFERF_LR_SMOTE,RFERF,supervised,LR,SMOTE,183,20,0.20967240937815299,0.19976260493340728,0.009909804444745724,0.4094350143115604,0.5555555555555556,0.4444444444444444,45,45,15,0.28268828580061267,0.16693328645061625,0.11575499934999647,0.44962157225122884,0.6,0.4,188,80,1,-0.07301587642245969,-5.0,false_positive_risk,1,train_oof,45,188,982,38,0.0900705197116364,0.10105813019197088,-0.03139903455319582,0.20100645853418167,0.4088876851947259,0.24359891799161937,-0.0327112424036624,0.484437816398624,0.12321824343897306,-0.010538439154278366,0.13208139588846057,high,1.9061596397351979,0.0,0.010638297872340425,0.010183299389002037,train_oof,0.2636943440158409,0,0,0,0,drop,train_oof,0.2526011564304778
RFERF_LR_SMOTE,RFERF,supervised,LR,SMOTE,139,97,0.0006606444922624017,0.0014640518153411736,-0.0008034073230787719,0.002124696307603575,0.24444444444444444,0.7555555555555555,45,45,97,0.0012092826103152457,0.0013448489632583878,-0.00013556635294314245,0.0025541315735736338,0.4,0.6,188,80,1,-0.000548638118052844,0.0,false_positive_risk,1,train_oof,45,188,982,38,-0.18196002773512437,0.059699292831159614,-0.00444256924027121,0.06106323295232316,-0.3634064059942239,-0.3428690929934642,-0.3086175797159625,-0.3229056658416133,-0.18156425155832978,-0.23947877588157424,0.06427173127881332,low,-1.1134096129512383,0.0,0.0,0.010183299389002037,train_oof,0.26359519620677163,0,0,0,0,drop,train_oof,0.2526011564304778
RFERF_LR_SMOTE,RFERF,supervised,LR,SMOTE,525,36,0.1293053667065805,0.1445573396850579,-0.015251972978477414,0.2738627063916383,0.6,0.4,45,45,33,0.145959155529871,0.144686764299695,0.0012723912301759624,0.290645919829566,0.5125,0.4875,188,80,1,-0.016653788823290494,-3.0,shared_signal,1,train_oof,45,188,982,38,-0.05130329277811806,-0.04406188373738703,0.013087424657375491,-0.06128463033989033,-0.1913602385371192,-0.1111065086752134,-0.09556126977394819,-0.1208098186585168,-0.06084991180826081,-0.011144779430417149,-0.05631506407538244,low,-1.1712495226510031,0.0,0.005319148936170213,0.010183299389002037,train_oof,0.2633960634350086,1,0,0,0,drop,train_oof,0.2526011564304778
RFERF_LR_SMOTE,RFERF,supervised,LR,SMOTE,200,18,0.21702245528817063,0.062253306811737186,0.15476914847643344,0.2792757620999078,0.7333333333333333,0.26666666666666666,45,45,7,0.35039547682953054,0.12445030802627681,0.22594516880325372,0.4748457848558073,0.5375,0.4625,188,80,1,-0.1333730215413599,-11.0,false_positive_risk,1,train_oof,45,188,982,38,0.15739279686941188,0.16213592603249097,-0.05110517833004742,0.3350203302744576,0.1407006629984204,0.0293018882237955,-0.07891406441441125,-0.13302204073351476,0.28658809752682646,-0.0032907772041692084,0.22956284202202684,high,1.1216570548495224,0.0,0.02127659574468085,0.010183299389002037,train_oof,0.2631200239878448,1,0,0,0,drop,train_oof,0.2526011564304778
RFERF_LR_SMOTE,RFERF,supervised,LR,SMOTE,489,68,0.05037763511749228,0.05688630714443128,-0.006508672026939001,0.10726394226192354,0.28888888888888886,0.7111111111111111,45,45,72,0.044919447138907095,0.0567848323319773,-0.01186538519307024,0.10170427947088438,0.4,0.6,188,80,1,0.005458187978585181,4.0,shared_signal,1,train_oof,45,188,982,38,0.06210693001042266,0.11241517405870363,-0.028583196949882945,0.11092947347861264,-0.1552947025392865,-0.053643661290994,-0.23965251343068739,-0.24671188459470364,0.09233597494791922,-0.05021644005617781,0.14277063478845783,high,2.863485613371059,0.0,0.015957446808510637,0.010183299389002037,train_oof,0.2623721656522019,0,0,1,0,drop,train_oof,0.2526011564304778
RFERF_LR_SMOTE,RFERF,supervised,LR,SMOTE,81,80,0.026038327199836602,0.020677576109841674,0.0053607510899949225,0.04671590330967827,0.5555555555555556,0.4444444444444444,45,45,85,0.02133097787822609,0.02197371045787205,-0.0006427325796459607,0.043304688336098136,0.525,0.475,188,80,1,0.004707349321610512,5.0,shared_signal,1,train_oof,45,188,982,38,0.10350329048481043,0.04278022806519676,-0.008899127354237387,-0.13511842717558656,0.1503773317020817,0.12371442904338095,0.0852013474252574,-0.0718135237870921,0.1173932938124588,0.054466721698408244,0.052533294374938415,high,2.2430596850413176,0.0,0.02127659574468085,0.010183299389002037,train_oof,0.26092403196192837,0,0,1,0,drop,train_oof,0.2526011564304778
RFERF_LR_SMOTE,RFERF,supervised,LR,SMOTE,173,82,0.020405122857970914,0.009682419938467387,0.01072270291950353,0.030087542796438306,0.6222222222222222,0.37777777777777777,45,45,81,0.030343827132809954,0.015224480200426577,0.015119346932383388,0.045568307333236545,0.5625,0.4375,188,80,1,-0.00993870427483904,-1.0,false_positive_risk,1,train_oof,45,188,982,38,-0.13211410241275254,-0.0766775861056587,0.016324546839158897,0.11002570586486635,-0.1516814368670571,-0.0315616790959715,0.0634896074881053,0.06140056822252085,-0.15007332717277,-0.05657278318084882,-0.092255505709444,low,-2.733733969128998,0.0,0.010638297872340425,0.01120162932790224,train_oof,0.25801162095508173,1,0,0,0,drop,train_oof,0.2526011564304778
RFERF_LR_SMOTE,RFERF,supervised,LR,SMOTE,24,53,0.0739493388792127,0.04619457912862546,0.02775475975058725,0.1201439180078382,0.4222222222222222,0.5777777777777777,45,45,52,0.08187885750110098,0.04554905358996779,0.03632980391113318,0.1274279110910687,0.5125,0.4875,188,80,1,-0.007929518621888273,-1.0,shared_signal,1,train_oof,45,188,982,38,-0.0442181818558286,-0.0885308873356562,0.023110827621366674,-0.0993114510547533,0.1316457138687645,0.04878806560172725,0.07923965484696675,0.01424995405368165,-0.0666286884753642,0.04612864792234679,-0.10989265244080965,high,3.212069868078609,0.0,0.005319148936170213,0.010183299389002037,train_oof,0.2566314302942712,0,0,0,0,drop,train_oof,0.2526011564304778
RFERF_LR_SMOTE,RFERF,supervised,LR,SMOTE,41,83,0.02021217744433874,0.003868464584798454,0.016343712859540286,0.024080642029137195,0.8,0.2,45,45,83,0.02480394111308786,0.01172803435159558,0.013075906761492275,0.03653197546468344,0.875,0.125,188,80,1,-0.004591763668749121,0.0,false_positive_risk,1,train_oof,45,188,982,38,0.098889011993801,0.055240721067515514,-0.014192542717066813,-0.024909867428492206,0.1126433644696137,-0.12561698209832955,-0.1220194308928946,-0.15339875817974158,0.11815250629121835,0.03873392921452838,0.06816516716758095,high,1.3064221199474908,0.0,0.015957446808510637,0.01120162932790224,train_oof,0.255241103953027,1,0,0,0,drop,train_oof,0.2526011564304778
RFERF_LR_SMOTE,RFERF,supervised,LR,SMOTE,9,76,0.036358677669602026,0.031381145648422294,0.004977532021179724,0.0677398233180243,0.4666666666666667,0.5333333333333333,45,45,73,0.044059668605561694,0.04235478824192436,0.0017048803636373383,0.08641445684748607,0.5375,0.4625,188,80,1,-0.007700990935959669,-3.0,false_positive_risk,1,train_oof,45,188,982,38,-0.08817725611806321,-0.05970968206483931,0.01655735471997037,-0.03461337091688861,-0.0323517416969184,-0.06871178069490065,-0.0257408255154671,-0.10507181969288296,-0.1042785778079193,-0.029336871006437146,-0.07547051155294213,low,-2.2879302336462946,0.0,0.015957446808510637,0.010183299389002037,train_oof,0.25489796107102203,0,0,0,0,drop,train_oof,0.2526011564304778
RFERF_LR_SMOTE,RFERF,supervised,LR,SMOTE,252,98,0.00023057761394914086,0.00035402000957207396,-0.00012344239562293315,0.0005845976235212148,0.4666666666666667,0.5333333333333333,45,45,98,0.00029053126072823405,0.024699754600789596,-0.02440922334006136,0.02499028586151783,0.575,0.425,188,80,1,-5.995364677909319e-05,0.0,false_positive_risk,1,train_oof,45,188,982,38,-0.026433190877036956,0.1614523432095944,-0.0285765856930687,-0.02898262587746262,-0.0273436835184424,-0.0311651021316287,-0.030370652972867,-0.029950839069199348,0.1096172886593227,-0.08087113927801548,0.183894848939373,high,0.0053988539296323315,0.0,0.010638297872340425,0.010183299389002037,train_oof,0.25169750843325295,0,0,0,0,drop,train_oof,0.2526011564304778
RFERF_LR_SMOTE,RFERF,supervised,LR,SMOTE,552,71,0.04429487985397049,0.08294460318778343,-0.03864972333381296,0.12723948304175395,0.5555555555555556,0.4444444444444444,45,45,63,0.06041110022283833,0.04767983526121121,0.012731264961627131,0.10809093548404954,0.65,0.35,188,80,1,-0.016116220368867847,-8.0,false_positive_risk,1,train_oof,45,188,982,38,0.12941931505443363,-0.09045011541507499,0.06187923297105387,-0.07282202850487098,-0.0917687254317226,-0.25776785482078685,-0.14160355920180107,-0.0950769466441827,0.06874689406687204,0.26768466447701383,-0.1650232844163608,high,3.9139095895678153,0.022222222222222223,0.0,0.010183299389002037,train_oof,0.24655530623456864,0,0,0,0,drop,train_oof,0.2526011564304778
RFERF_LR_SMOTE,RFERF,supervised,LR,SMOTE,486,19,0.21428601331814848,0.1743883924863417,0.03989762083180677,0.3886744058044902,0.4444444444444444,0.5555555555555556,45,45,9,0.3316179987211566,0.1862805628894725,0.14533743583168407,0.5178985616106291,0.5375,0.4625,188,80,1,-0.11733198540300813,-10.0,false_positive_risk,1,train_oof,45,188,982,38,0.08933691660650646,0.17196734573831987,-0.048994659995211014,0.25538219773112236,-0.0236321189492952,0.0102836119076722,-0.21771460679792415,0.03324444890569225,0.13936366377346446,-0.08897679641817462,0.22192700867970752,high,2.2839546827200574,0.0,0.010638297872340425,0.010183299389002037,train_oof,0.24572654114504627,0,0,0,0,drop,train_oof,0.2526011564304778
RFERF_LR_SMOTE,RFERF,supervised,LR,SMOTE,2,84,0.016785854332982606,0.02749063880842851,-0.010704784475445903,0.04427649314141112,0.4444444444444444,0.5555555555555556,45,45,88,0.01522982983309413,0.024424873199104916,-0.009195043366010796,0.03965470303219905,0.4625,0.5375,188,80,1,0.0015560244998884757,4.0,shared_signal,1,train_oof,45,188,982,38,0.03184945245246591,0.013592872563247014,-0.0005356474736495156,-0.07687006381016914,0.0372111503461785,-0.1095710732053563,0.06518302284371949,-0.1478613535549829,0.03209528265850631,0.018623642596186377,0.014180559472740523,low,-2.5553411916221265,0.0,0.005319148936170213,0.013238289205702648,train_oof,0.24309931254436143,0,0,1,0,drop,train_oof,0.2526011564304778
RFERF_LR_SMOTE,RFERF,supervised,LR,SMOTE,227,81,0.02514053111018301,0.01333111288384683,0.011809418226336176,0.03847164399402984,0.7111111111111111,0.28888888888888886,45,45,84,0.02133381503956247,0.02511356351698079,-0.0037797484774183287,0.04644737855654326,0.675,0.325,188,80,1,0.003806716070620539,3.0,shared_signal,1,train_oof,45,188,982,38,-0.03666356145938506,0.07354953097996147,-0.026372247278643367,0.3540228406962006,-0.1661189821338761,-0.16163092825841224,-0.2738322751450091,-0.1526548205074844,-0.010534926207902208,-0.1183542564490632,0.10094892070849514,high,4.323371070570115,0.0,0.010638297872340425,0.010183299389002037,train_oof,0.24240166094002918,1,0,1,0,drop,train_oof,0.2526011564304778
RFERF_LR_SMOTE,RFERF,supervised,LR,SMOTE,8,65,0.05323964968796269,0.06266789334293277,-0.009428243654970078,0.11590754303089545,0.5111111111111111,0.4888888888888889,45,45,62,0.06178338070543447,0.06414200465691816,-0.002358623951483689,0.12592538536235265,0.5125,0.4875,188,80,1,-0.00854373101747178,-3.0,shared_signal,1,train_oof,45,188,982,38,-0.007777497502779632,-0.0008920557751742183,-0.0038700918766906107,0.08190811623348158,-0.1275521284638477,-0.0320545117953412,-0.004962989336188901,0.10882140499224374,-0.0038173540632600454,-0.007491429041348777,0.002934177532368486,low,-2.351698393553977,0.0,0.0,0.010183299389002037,train_oof,0.2413281829261137,0,0,0,0,drop,train_oof,0.2526011564304778
RFERF_LR_SMOTE,RFERF,supervised,LR,SMOTE,67,99,0.0001714976953524921,0.00028046835621527014,-0.00010897066086277802,0.00045196605156776236,0.4222222222222222,0.5777777777777777,45,45,99,0.00015549777405299338,0.5618178898836153,-0.5616623921095624,0.561973387657668,0.4625,0.5375,188,80,1,1.5999921299498734e-05,0.0,shared_signal,1,train_oof,45,188,982,38,-0.057144754967651736,0.15371711350545908,-0.043796110773880466,0.4299291140952823,-0.0571820868799883,-0.05724505539729065,-0.057310350695832846,-0.05717016212613425,-0.03923377621156259,-0.11464720702251713,0.2249988332227361,high,-0.05567498704381416,0.022222222222222223,0.02127659574468085,0.010183299389002037,train_oof,0.23994011717318975,0,0,1,0,drop,train_oof,0.2526011564304778
RFERF_LR_SMOTE,RFERF,supervised,LR,SMOTE,338,75,0.0384206361078084,0.036447376093390674,0.0019732600144177306,0.07486801220119908,0.5777777777777777,0.4222222222222222,45,45,68,0.05467866248516987,0.23369644256384586,-0.17901778007867591,0.2883751050490159,0.6,0.4,188,80,1,-0.01625802637736147,-7.0,false_positive_risk,1,train_oof,45,188,982,38,-0.04281949562169407,0.06957755516466897,-0.016318685417645053,0.11592103565869345,-0.0723784676738478,-0.1049074122953825,-0.08860315409344399,-0.07353225851781126,-0.026625451379374575,-0.12305439597044052,0.08452048004726659,high,0.5455448018578207,0.0,0.02127659574468085,0.010183299389002037,train_oof,0.23816190904488627,0,0,0,0,drop,train_oof,0.2526011564304778
RFERF_LR_SMOTE,RFERF,supervised,LR,SMOTE,39,88,0.015735657684271796,0.0463378210136714,-0.0306021633293996,0.062073478697943205,0.5777777777777777,0.4222222222222222,45,45,80,0.030714180915347326,0.037974876161266144,-0.007260695245918808,0.06868905707661352,0.625,0.375,188,80,1,-0.01497852323107553,-8.0,false_positive_risk,1,train_oof,45,188,982,38,0.06770663114552884,-0.07316901679676925,0.014557790720122742,-0.09684719990857377,-0.2056509959877056,-0.20511413979909085,-0.1439125342968708,-0.24178141748156257,0.051274955061845415,0.16919170103025058,-0.08717289189039275,low,-1.5225592266627026,0.0,0.005319148936170213,0.01120162932790224,train_oof,0.23799690557186823,0,0,0,0,drop,train_oof,0.2526011564304778
RFERF_LR_SMOTE,RFERF,supervised,LR,SMOTE,35,91,0.013235157360442838,0.08676222811673157,-0.07352707075628871,0.09999738547717438,0.5111111111111111,0.4888888888888889,45,45,89,0.015121260240430544,0.05421470394082557,-0.039093443700395025,0.06933596418125612,0.55,0.45,188,80,1,-0.0018861028799877066,-2.0,shared_signal,1,train_oof,45,188,982,38,0.0034032910259084183,-0.07227645893791193,0.016336727308260114,-0.07287178415489545,-0.1750404154125366,-0.15745406625321928,-0.1505315876016079,-0.1647380320406843,-0.012096011381786658,0.11994244315681911,-0.08715021462521008,low,-0.3208643260162251,0.0,0.005319148936170213,0.012219959266802444,train_oof,0.2372987887715024,0,0,0,0,drop,train_oof,0.2526011564304778
RFERF_LR_SMOTE,RFERF,supervised,LR,SMOTE,15,95,0.00876924866286401,0.02934066011510422,-0.02057141145224021,0.03810990877796823,0.35555555555555557,0.6444444444444445,45,45,93,0.011354304419664204,0.05915439230780247,-0.04780008788813826,0.07050869672746667,0.375,0.625,188,80,1,-0.002585055756800193,-2.0,false_positive_risk,1,train_oof,45,188,982,38,-0.016610592805773105,0.017488679170115002,-0.0017263143109876838,-0.021584673670464394,-0.0576886182044268,-0.1076939251267492,-0.0515600862055359,-0.0224668639275645,-0.017991529277574164,-0.02208453777005705,0.018672834949287072,low,-0.9191181641950343,0.0,0.031914893617021274,0.010183299389002037,train_oof,0.2369759138415236,0,0,0,0,drop,train_oof,0.2526011564304778
RFERF_LR_SMOTE,RFERF,supervised,LR,SMOTE,126,96,0.007699684896407603,0.009912493686238992,-0.0022128087898313914,0.0176121785826466,0.4,0.6,45,45,96,0.009622269175611252,0.008811176467195056,0.0008110927084161945,0.018433445642806315,0.4875,0.5125,188,80,1,-0.0019225842792036495,0.0,false_positive_risk,1,train_oof,45,188,982,38,-0.01987476020961344,0.022578352997217367,-0.016611462286526338,0.29373599877697965,-0.0639999994404245,-0.018960923894181497,-0.0953315302551998,0.1455296128833968,-0.0032186916786501383,-0.04751773060294437,0.03892044669602811,high,4.717974891164911,0.0,0.005319148936170213,0.01120162932790224,train_oof,0.23459516442179426,0,0,0,0,drop,train_oof,0.2526011564304778
RFERF_LR_SMOTE,RFERF,supervised,LR,SMOTE,156,94,0.009367806597514548,0.008944432808770157,0.00042337378874438957,0.018312239406284708,0.26666666666666666,0.7333333333333333,45,45,79,0.03112888857820375,0.008829204024665607,0.022299684553538153,0.039958092602869366,0.3375,0.6625,188,80,1,-0.0217610819806892,-15.0,false_positive_risk,1,train_oof,45,188,982,38,-0.022264385287002624,0.21344963886134247,-0.0428076083743859,0.07659043830604773,-0.1379179011822242,-0.1040783503003845,-0.1230055567258203,-0.0599148686410344,0.037843073804595284,-0.11682775049245765,0.2500285411479202,low,-0.4840678291179514,0.044444444444444446,0.010638297872340425,0.010183299389002037,train_oof,0.2310516587176445,0,0,0,0,drop,train_oof,0.2526011564304778
RFERF_LR_SMOTE,RFERF,supervised,LR,SMOTE,333,72,0.04380293818741564,0.012999290447728998,0.03080364773968663,0.05680222863514465,0.6888888888888889,0.3111111111111111,45,45,27,0.18258807571578875,0.02053229577765029,0.16205577993813844,0.20312037149343917,0.55,0.45,188,80,1,-0.13878513752837313,-45.0,false_positive_risk,1,train_oof,45,188,982,38,0.02669726857358416,0.1607587602567313,-0.04858226780149878,0.4177409968211004,-0.0334140756342098,-0.10288582022271556,-0.07856209358277874,-0.036741190286321,0.19800327943956988,-0.06657196665192615,0.21784075837985128,high,0.7194268702339126,0.022222222222222223,0.026595744680851064,0.010183299389002037,train_oof,0.20810069499629072,1,0,0,0,drop,train_oof,0.2526011564304778
