artifact_key,feature_set,category,model,balance_method,feature,tp_rank,tp_mean_positive_shap,tp_mean_negative_shap_abs,tp_mean_shap,tp_mean_abs_shap,tp_positive_push_rate,tp_negative_push_rate,tp_group_rows_total,tp_explained_rows,fp_rank,fp_mean_positive_shap,fp_mean_negative_shap_abs,fp_mean_shap,fp_mean_abs_shap,fp_positive_push_rate,fp_negative_push_rate,fp_group_rows_total,fp_explained_rows,fp_evidence_sufficient,tp_fp_shap_gap,tp_fp_rank_gap,shap_signal_type,tp_signal_available,group_source_x,tp_n,fp_n,tn_n,fn_n,tp_mean,fp_mean,tn_mean,fn_mean,tp_median,fp_median,tn_median,fn_median,tp_vs_tn_smd,tp_vs_fp_smd,fp_vs_tn_smd,monitor_direction,suggested_threshold,tp_trigger_rate,fp_trigger_rate,tn_trigger_rate,group_source_y,model_feature_score,hard_gate_tp_signal,hard_gate_separation,hard_gate_gap,hard_gate_pass,recommendation,group_source,threshold
Base_LR_SMOTE,Base,supervised,LR,SMOTE,64,2,0.9665750862535711,0.38171166301020915,0.5848634232433618,1.3482867492637802,0.6428571428571429,0.35714285714285715,28,28,5,0.4709114046228482,0.3792781057575604,0.0916332988652878,0.8501895103804088,0.425,0.575,185,80,1,0.49566368163072294,3.0,true_anomaly_candidate,1,train_oof,28,185,985,55,0.8742476933425161,0.10779374834759388,-0.05638831208548007,0.1597349277327031,0.8874244739432295,-0.2243950060680941,-0.1218525865483573,-0.2564864220285729,1.014263022608061,0.5794089033003985,0.17386867004321538,high,2.9927795866425155,0.10714285714285714,0.02702702702702703,0.01015228426395939,train_oof,0.7566627116812129,1,1,1,1,monitor_first,train_oof,0.12060301142481507
Base_LR_SMOTE,Base,supervised,LR,SMOTE,348,5,0.6008928918685454,0.06859216994399922,0.5323007219245462,0.6694850618125449,0.6428571428571429,0.35714285714285715,28,28,61,0.1732684931910459,0.14234892680142897,0.03091956638961694,0.3156174199924748,0.4375,0.5625,185,80,1,0.4276243986774996,56.0,true_anomaly_candidate,1,train_oof,28,185,985,55,1.1676062501254343,0.09798779695824564,-0.06640312192845602,0.19586745812359915,0.4692604076592224,-0.0705154157829055,-0.2085032202718706,-0.1679185718927632,1.2411570527879732,0.7497811807536996,0.19333224000848348,high,3.0538531550342936,0.07142857142857142,0.010810810810810811,0.01015228426395939,train_oof,0.6811389006956198,1,1,1,1,monitor_first,train_oof,0.12060301142481507
Base_LR_SMOTE,Base,supervised,LR,SMOTE,59,1,1.552399457054804,0.14793775477220447,1.4044617022825994,1.7003372118270086,0.8214285714285714,0.17857142857142858,28,28,1,1.5349757709223786,0.3295993764660128,1.2053763944563656,1.8645751473883916,0.55,0.45,185,80,1,0.01742368613242551,0.0,shared_signal,1,train_oof,28,185,985,55,0.7726718717220634,0.42768719284042017,-0.13089334912414213,0.4975058871575094,0.43215506364631806,-0.0611837548574045,-0.2688115436732682,0.191656250996216,1.1788483009277166,0.2113180370579649,0.584787984764234,high,2.4534723568776733,0.10714285714285714,0.05405405405405406,0.01015228426395939,train_oof,0.6382713921967448,1,1,1,1,review,train_oof,0.12060301142481507
Base_LR_SMOTE,Base,supervised,LR,SMOTE,477,4,0.7637730754604001,0.024348778104866412,0.7394242973555337,0.7881218535652665,0.7857142857142857,0.21428571428571427,28,28,2,0.6594843175231303,0.05799176314935384,0.6014925543737766,0.717476080672484,0.5,0.5,185,80,1,0.10428875793726977,-2.0,shared_signal,1,train_oof,28,185,985,55,0.649691798591911,0.1964006385957104,-0.055365660528535525,-0.0046597683207232204,0.17010831141592797,-0.0895397386336187,-0.1116115431123999,-0.0579670015314773,1.1049688373128093,0.20638431579919775,0.2701379580916819,high,0.6987687847725407,0.07142857142857142,0.03783783783783784,0.01015228426395939,train_oof,0.5224337161063702,1,1,1,1,review,train_oof,0.12060301142481507
Base_LR_SMOTE,Base,supervised,LR,SMOTE,56,3,0.8880664638741064,0.45123403592093997,0.43683242795316646,1.3393004997950464,0.7857142857142857,0.21428571428571427,28,28,3,0.643126610173835,0.31537066255080937,0.3277559476230257,0.9584972727246448,0.75,0.25,185,80,1,0.24493985370027138,0.0,shared_signal,1,train_oof,28,185,985,55,0.3085264564818286,0.17213070961294,-0.050684915060425585,0.18719047115514637,0.6724907558314797,0.420344184171032,0.2618520534130405,0.3483023065537704,0.3408662779694091,0.18730979024516234,0.22015558595508633,high,1.183988086914101,0.03571428571428571,0.016216216216216217,0.013197969543147208,train_oof,0.5166902950475483,1,1,1,1,review,train_oof,0.12060301142481507
Base_LR_SMOTE,Base,supervised,LR,SMOTE,103,38,0.25613444411579056,0.015205101449504394,0.24092934266628616,0.271339545565295,0.8928571428571429,0.10714285714285714,28,28,59,0.1743909515689936,0.039523545660607035,0.13486740590838658,0.21391449722960063,0.6625,0.3375,185,80,1,0.08174349254679697,21.0,shared_signal,1,train_oof,28,185,985,55,1.150173637586574,0.4729127916229124,-0.14964367806873985,0.47578829522528043,1.1536762212841918,0.3527520824289679,-0.2029911975930242,0.3854428636067319,1.4665129233463166,0.5820039607020285,0.6605650953733444,high,2.1232847910166783,0.07142857142857142,0.04864864864864865,0.01015228426395939,train_oof,0.46208185758474063,1,1,1,1,review,train_oof,0.12060301142481507
Base_LR_SMOTE,Base,supervised,LR,SMOTE,551,22,0.31880466177675126,0.04604194417176193,0.27276271760498927,0.36484660594851326,0.6071428571428571,0.39285714285714285,28,28,164,0.05492233822584307,0.03471876175632219,0.020203576469520867,0.08964109998216524,0.5,0.5,185,80,1,0.2638823235509082,142.0,true_anomaly_candidate,1,train_oof,28,185,985,55,0.5900464045176694,-0.014706202813862567,-0.022462155402935294,0.02552435022823615,0.0513407536392479,-0.0083483957938572,-0.0542745109900623,-0.0306062462366187,0.6263868234583393,0.5429568771543498,0.009816221344333196,high,0.7365197829218966,0.07142857142857142,0.005405405405405406,0.01015228426395939,train_oof,0.4561038356695157,1,1,1,1,review,train_oof,0.12060301142481507
Base_LR_SMOTE,Base,supervised,LR,SMOTE,510,119,0.08966382486149217,0.013114546463491526,0.07654927839800064,0.10277837132498373,0.6071428571428571,0.39285714285714285,28,28,170,0.0486224695162658,0.038313086901958525,0.010309382614307269,0.08693555641822434,0.3875,0.6125,185,80,1,0.04104135534522637,51.0,true_anomaly_candidate,1,train_oof,28,185,985,55,1.008653015323856,0.32042711303494076,-0.10973142788680754,0.35710715342708765,0.5428288438421559,-0.0268594023364474,-0.2689275876432507,-0.0726947203413821,1.3721871350554316,0.48537169646961204,0.4648400784986529,high,3.1283649782127023,0.07142857142857142,0.043243243243243246,0.01015228426395939,train_oof,0.39557592334106845,1,1,1,1,drop,train_oof,0.12060301142481507
Base_LR_SMOTE,Base,supervised,LR,SMOTE,70,35,0.26795437232655805,0.08433002841532962,0.18362434391122842,0.3522844007418876,0.6785714285714286,0.32142857142857145,28,28,77,0.1416796804540345,0.21829681322012445,-0.07661713276609006,0.3599764936741589,0.475,0.525,185,80,1,0.12627469187252355,42.0,true_anomaly_candidate,1,train_oof,28,185,985,55,-0.691861230362898,-0.052575218803644644,0.030027888433291176,0.006920835568670273,-0.5593436629961268,-0.1091606967258043,0.0173362401592626,0.0243167044396944,-0.7773706912210593,-0.4962263646558464,-0.08313845349670974,low,-2.058055405154075,0.10714285714285714,0.03783783783783784,0.01015228426395939,train_oof,0.39393739599914057,1,1,1,1,drop,train_oof,0.12060301142481507
Base_LR_SMOTE,Base,supervised,LR,SMOTE,21,43,0.2479227660727461,0.05480975085257286,0.19311301522017324,0.30273251692531894,0.6428571428571429,0.35714285714285715,28,28,67,0.16344330111106709,0.05568962900943627,0.10775367210163081,0.21913293012050325,0.7,0.3,185,80,1,0.08447946496167902,24.0,true_anomaly_candidate,1,train_oof,28,185,985,55,0.763548306741075,0.26846608688173673,-0.08518027193264698,0.23574555813495102,0.316897958511984,0.2545778489965707,0.118893559925038,0.2391950371541586,0.9427658456882314,0.3590421056740785,0.37920580924728625,high,1.6893445424705356,0.10714285714285714,0.03783783783783784,0.01015228426395939,train_oof,0.3904841002597112,1,1,1,1,drop,train_oof,0.12060301142481507
Base_LR_SMOTE,Base,supervised,LR,SMOTE,545,7,0.4570392068444738,0.028799497792693758,0.42823970905178,0.48583870463716755,0.9285714285714286,0.07142857142857142,28,28,14,0.33819140153338617,0.3575924695064707,-0.01940106797308449,0.6957838710398577,0.75,0.25,185,80,1,0.11884780531108763,7.0,shared_signal,1,train_oof,28,185,985,55,-0.400233671328361,-0.08677382676502947,0.03498741198013378,-0.12241892750074965,-0.3737353644723715,-0.3737353644723715,-0.3737353644723715,-0.3737353644723715,-0.4336639938926412,-0.31632523474973795,-0.11913994144432495,flat,,,,,train_oof,0.37950036339145643,1,1,1,1,drop,train_oof,0.12060301142481507
Base_LR_SMOTE,Base,supervised,LR,SMOTE,61,33,0.2760715645346984,0.12852310953211718,0.1475484550025812,0.40459467406681554,0.6071428571428571,0.39285714285714285,28,28,83,0.13262921413182127,0.13982541269574333,-0.007196198563922096,0.27245462682756477,0.525,0.475,185,80,1,0.14344235040287712,50.0,true_anomaly_candidate,1,train_oof,28,185,985,55,0.5069113715544937,0.0039711886768355725,-0.009103914212654707,-0.09118303741010673,0.501325920926144,0.0707905330980283,0.0460010272789659,-0.0305547995151985,0.5415038025023344,0.40164653687191315,0.013437100669891101,high,1.9928813219346013,0.10714285714285714,0.04864864864864865,0.01015228426395939,train_oof,0.3724196626027167,1,1,1,1,drop,train_oof,0.12060301142481507
Base_LR_SMOTE,Base,supervised,LR,SMOTE,129,14,0.40900603433682947,0.05598677566248612,0.3530192586743433,0.46499280999931564,0.8571428571428571,0.14285714285714285,28,28,12,0.3536031306243607,0.14759709688733677,0.20600603373702384,0.5012002275116976,0.75,0.25,185,80,1,0.055402903712468754,-2.0,shared_signal,1,train_oof,28,185,985,55,0.604719096359824,0.28377202110641475,-0.08958231578637728,0.33398163624668525,0.47985349008139,0.421931196747262,0.2563185342876394,0.460546058970014,0.6817541133487501,0.3943858779871928,0.373284020959171,high,1.811658045833748,0.03571428571428571,0.016216216216216217,0.012182741116751269,train_oof,0.37045862870471824,1,1,1,1,drop,train_oof,0.12060301142481507
Base_LR_SMOTE,Base,supervised,LR,SMOTE,200,80,0.1512803565347999,0.016070817884057283,0.13520953865074256,0.1673511744188572,0.75,0.25,28,28,123,0.08080135288700488,0.03210634626343019,0.0486950066235747,0.11290769915043505,0.525,0.475,185,80,1,0.07047900364779502,43.0,true_anomaly_candidate,1,train_oof,28,185,985,55,0.7162609993339818,0.1070430357576342,-0.0401083174021935,-0.004397446759973934,0.23989861958344344,0.0367284732087705,-0.0746703015658542,-0.0354154952167006,0.8478495983348264,0.35464752398896826,0.15811648780039522,high,1.1210523186436034,0.03571428571428571,0.021621621621621623,0.01015228426395939,train_oof,0.3515018488040446,1,1,1,1,drop,train_oof,0.12060301142481507
Base_LR_SMOTE,Base,supervised,LR,SMOTE,57,29,0.2834800833129176,0.06657486995781235,0.21690521335510524,0.35005495327072983,0.6071428571428571,0.39285714285714285,28,28,60,0.17346041218834238,0.14917401538134326,0.024286396806999136,0.32263442756968563,0.525,0.475,185,80,1,0.1100196711245752,31.0,true_anomaly_candidate,1,train_oof,28,185,985,55,-0.4546806242745127,0.10207980119148836,-0.003183192172659366,-0.05053806005427181,-0.6309267402534293,0.1325142740593609,0.0132266155729998,0.0847992106648165,-0.45631464092865537,-0.5529372137245531,0.10605096570241138,low,-2.426921726424271,0.03571428571428571,0.010810810810810811,0.01015228426395939,train_oof,0.3444959498297959,1,1,1,1,drop,train_oof,0.12060301142481507
Base_LR_SMOTE,Base,supervised,LR,SMOTE,108,27,0.2898638319098771,0.11569471230889954,0.17416911960097753,0.4055585442187765,0.7142857142857143,0.2857142857142857,28,28,64,0.16764042180748512,0.3110666595488175,-0.14342623774133248,0.47870708135630274,0.425,0.575,185,80,1,0.12222341010239196,37.0,true_anomaly_candidate,1,train_oof,28,185,985,55,-0.377845845922537,0.04608761128207309,-0.002218753817340356,0.07243632544391082,-0.44455322693482924,0.0424230921269389,0.0354579957875573,0.1132349049106525,-0.38398457673025904,-0.4039692079151411,0.048516344314512086,low,-2.247421980408178,0.0,0.005405405405405406,0.01015228426395939,train_oof,0.3423273187522456,1,1,1,1,drop,train_oof,0.12060301142481507
Base_LR_SMOTE,Base,supervised,LR,SMOTE,434,201,0.024562987420397277,0.17961079963395046,-0.15504781221355318,0.2041737870543478,0.8571428571428571,0.14285714285714285,28,28,198,0.0332839563187038,0.08222119617291915,-0.048937239854215366,0.11550515249162294,0.925,0.075,185,80,1,-0.008720968898306525,-3.0,false_positive_risk,1,train_oof,28,185,985,55,0.9281978218134969,0.12938459040121206,-0.06417122589846515,0.24994329878370117,-0.08329374960926095,-0.1345367231478723,-0.1274613334960975,-0.1395855379305211,1.2373061673940862,0.45169019133518934,0.2363279345125545,high,1.7098343799185198,0.10714285714285714,0.03783783783783784,0.01015228426395939,train_oof,0.3382465334679594,1,1,0,1,false_positive_risk,train_oof,0.12060301142481507
Base_LR_SMOTE,Base,supervised,LR,SMOTE,582,26,0.30566460547399693,0.16929561915037952,0.1363689863236174,0.47496022462437637,0.6071428571428571,0.39285714285714285,28,28,35,0.22765805627853558,0.18631397110642078,0.0413440851721147,0.4139720273849564,0.5375,0.4625,185,80,1,0.07800654919546135,9.0,shared_signal,1,train_oof,28,185,985,55,0.28509239862215346,0.11497452806921747,-0.042571084499052045,0.24026901475947005,0.3183346211040398,0.0180822890095212,-0.0119429441999272,0.3183346211040398,0.3348529814900172,0.15164783531860512,0.1593997119614083,high,2.3792666286008166,0.10714285714285714,0.005405405405405406,0.01015228426395939,train_oof,0.31521487306247364,1,1,1,1,drop,train_oof,0.12060301142481507
Base_LR_SMOTE,Base,supervised,LR,SMOTE,20,58,0.20589599006249562,0.0749870288635062,0.1309089611989894,0.2808830189260018,0.6785714285714286,0.32142857142857145,28,28,104,0.10251485766561438,0.2196245443122627,-0.11710968664664825,0.3221394019778771,0.4125,0.5875,185,80,1,0.10338113239688124,46.0,true_anomaly_candidate,1,train_oof,28,185,985,55,0.346152490957841,-0.1719833939619736,0.02736786156904544,-0.08786700926112379,0.5317821645138588,-0.1380452637380482,0.0976879942733533,-0.0862989388087218,0.349801701144709,0.38377136045427723,-0.19773194253315335,high,1.9996529150092448,0.0,0.010810810810810811,0.01015228426395939,train_oof,0.3115046910680233,1,1,1,1,drop,train_oof,0.12060301142481507
Base_LR_SMOTE,Base,supervised,LR,SMOTE,485,34,0.27419440308238274,0.07305957620021601,0.20113482688216675,0.34725397928259877,0.8214285714285714,0.17857142857142858,28,28,53,0.1892960445068937,0.156556743420266,0.03273930108662771,0.3458527879271597,0.725,0.275,185,80,1,0.08489835857548905,19.0,shared_signal,1,train_oof,28,185,985,55,-0.31383572860617165,0.025967323830068202,-0.0021702705838591357,0.08762205120095155,-0.6185797300527927,-0.3349697506350074,-0.4018755629551198,-0.1921911442038929,-0.3126251087192735,-0.35671633991041546,0.028318800117207884,low,-0.9144555869241014,0.17857142857142858,0.11891891891891893,0.11370558375634518,train_oof,0.30977821633179564,1,1,1,1,drop,train_oof,0.12060301142481507
Base_LR_SMOTE,Base,supervised,LR,SMOTE,333,9,0.449507690569758,0.03552834867429314,0.413979341895465,0.48503603924405103,0.6428571428571429,0.35714285714285715,28,28,4,0.5871315846890697,0.08870086395079069,0.49843072073827904,0.6758324486398604,0.525,0.475,185,80,1,-0.1376238941193117,-5.0,false_positive_risk,1,train_oof,28,185,985,55,0.3990710628296662,0.1631965825730004,-0.04840254601909787,0.1073008219233171,-0.045688610167496646,-0.0745589516507565,-0.0810276048389252,-0.0110388982128402,0.8991370078365959,0.10619995909626337,0.2201965127584854,high,0.7259824790878884,0.10714285714285714,0.016216216216216217,0.01015228426395939,train_oof,0.3055483568992977,1,1,0,1,false_positive_risk,train_oof,0.12060301142481507
Base_LR_SMOTE,Base,supervised,LR,SMOTE,130,30,0.2820210117135518,0.106451342083929,0.17556966962962287,0.3884723537974808,0.6428571428571429,0.35714285714285715,28,28,28,0.2499175147903268,0.10310308974289632,0.14681442504743056,0.3530206045332231,0.6625,0.3375,185,80,1,0.032103496923225006,-2.0,shared_signal,1,train_oof,28,185,985,55,0.39266720971635605,0.19211860029240435,-0.06600260358114661,0.3069719060244321,0.5275029761285533,0.2293486941977067,0.1049653127787032,0.2939792747389533,0.4458005187369219,0.24333217221278522,0.25677605371415757,high,1.577664548779705,0.03571428571428571,0.021621621621621623,0.01015228426395939,train_oof,0.3014580001092283,1,1,1,1,drop,train_oof,0.12060301142481507
Base_LR_SMOTE,Base,supervised,LR,SMOTE,165,135,0.07613148232935874,0.2984564043857649,-0.22232492205640614,0.3745878867151236,0.7857142857142857,0.21428571428571427,28,28,152,0.06259542268002695,0.17750376945724278,-0.11490834677721577,0.24009919213726977,0.7375,0.2625,185,80,1,0.013536059649331786,17.0,shared_signal,1,train_oof,28,185,985,55,0.6035701239624284,0.12671861344361182,-0.055203694298857214,0.2656955847200601,-0.20675650821347386,-0.1676971859697454,-0.152073457072254,-0.1442615926235083,0.7890134840636089,0.3037100555166883,0.20449141326935683,low,-0.5196477189339005,0.0,0.02702702702702703,0.01015228426395939,train_oof,0.2988065291268943,1,1,1,1,drop,train_oof,0.12060301142481507
Base_LR_SMOTE,Base,supervised,LR,SMOTE,38,69,0.17966030709116204,0.16084998429103212,0.018810322800129915,0.3405102913821942,0.6428571428571429,0.35714285714285715,28,28,79,0.1363583100334535,0.09455926545845583,0.04179904457499766,0.23091757549190936,0.7,0.3,185,80,1,0.04330199705770854,10.0,shared_signal,1,train_oof,28,185,985,55,0.3176619407732174,0.1755783617029302,-0.05087168486009207,0.15856165602596392,0.2059165029382131,0.003930839421569,-0.0491996847220744,0.0115529399316286,0.3946838792161052,0.10839833315089639,0.24135174310809354,high,3.279210198834487,0.03571428571428571,0.02702702702702703,0.01015228426395939,train_oof,0.28071565507307444,1,1,1,1,drop,train_oof,0.12060301142481507
Base_LR_SMOTE,Base,supervised,LR,SMOTE,122,82,0.14934735839514848,0.04080718101647357,0.10854017737867493,0.19015453941162205,0.6428571428571429,0.35714285714285715,28,28,86,0.12990238241490062,0.04207572590034053,0.08782665651456004,0.17197810831524116,0.6875,0.3125,185,80,1,0.01944497598024786,4.0,shared_signal,1,train_oof,28,185,985,55,-0.45468327052410545,-0.2603988306064159,0.08079239299524842,-0.33666146569725847,-0.7248366795077467,-0.3232465943900025,0.000241143139325,-0.398579355184503,-0.5219692282391489,-0.2405245191623109,-0.34054664464254736,low,-1.74902987589769,0.0,0.021621621621621623,0.01116751269035533,train_oof,0.27959615857279196,1,1,1,1,drop,train_oof,0.12060301142481507
Base_LR_SMOTE,Base,supervised,LR,SMOTE,447,64,0.19349191428624807,0.09384224042308865,0.09964967386315939,0.28733415470933676,0.6428571428571429,0.35714285714285715,28,28,70,0.15455457663077846,0.1937988549745856,-0.039244278343807136,0.34835343160536425,0.4625,0.5375,185,80,1,0.03893733765546961,6.0,shared_signal,1,train_oof,28,185,985,55,-0.3301089373011007,-0.004750581458520459,0.010827203982407756,-0.007895988201062229,-0.38911825110189735,-0.0242878439088613,-0.0383197826470547,0.0318399110439137,-0.3449633075281349,-0.31618741070602346,-0.015578064574140836,low,-2.1898837225034216,0.0,0.021621621621621623,0.01116751269035533,train_oof,0.27427910271214906,1,1,1,1,drop,train_oof,0.12060301142481507
Base_LR_SMOTE,Base,supervised,LR,SMOTE,28,242,0.002465343483835461,0.0009363305379884805,0.0015290129458469808,0.003401674021823942,0.6071428571428571,0.39285714285714285,28,28,244,0.00234684569940829,0.0014938255292395338,0.0008530201701687567,0.003840671228647824,0.5875,0.4125,185,80,1,0.00011849778442717075,2.0,shared_signal,1,train_oof,28,185,985,55,-0.6361758206132342,-0.2833470752415774,0.08824623041678867,-0.3125108494798844,-0.5141811932147193,-0.3979563740609511,-0.0160384847338562,-0.3299970699804001,-0.7378825813245454,-0.3581666880062509,-0.3758627544530238,low,-2.2998043442058616,0.03571428571428571,0.021621621621621623,0.01015228426395939,train_oof,0.2705314869138359,1,1,1,1,drop,train_oof,0.12060301142481507
Base_LR_SMOTE,Base,supervised,LR,SMOTE,467,93,0.12138909971824967,0.008065047211455236,0.11332405250679443,0.1294541469297049,0.6428571428571429,0.35714285714285715,28,28,81,0.13394602885574702,0.016577681139127942,0.117368347716619,0.15052370999487505,0.55,0.45,185,80,1,-0.012556929137497355,-12.0,shared_signal,1,train_oof,28,185,985,55,0.4232329745662699,0.137617033403061,-0.04220456747661217,0.10057518588766967,-0.01862234353417255,-0.0646763783710127,-0.0644589613778924,-0.0488433055778974,0.6133837630276991,0.16309750965439038,0.20137201436710186,high,2.030967650611112,0.03571428571428571,0.021621621621621623,0.01116751269035533,train_oof,0.269715645639422,1,1,0,1,drop,train_oof,0.12060301142481507
Base_LR_SMOTE,Base,supervised,LR,SMOTE,88,91,0.12396302098034055,0.07274182613350322,0.05122119484683734,0.1967048471138438,0.6785714285714286,0.32142857142857145,28,28,127,0.07950399796314607,0.12651651139031872,-0.047012513427172616,0.20602050935346475,0.45,0.55,185,80,1,0.04445902301719448,36.0,true_anomaly_candidate,1,train_oof,28,185,985,55,0.32352857632803717,-0.004815672790540596,-0.007381275886060698,-0.016315344057651896,0.45896645539251013,-0.0184711298277049,0.0399044749941283,-0.0909915565686715,0.3303756296624154,0.34753266288459556,0.0025636899969774976,high,2.2266600864050954,0.0,0.0,0.01116751269035533,train_oof,0.26183136732867945,1,1,1,1,drop,train_oof,0.12060301142481507
Base_LR_SMOTE,Base,supervised,LR,SMOTE,377,168,0.04906334738609911,0.013794622308555398,0.03526872507754371,0.0628579696946545,0.7142857142857143,0.2857142857142857,28,28,186,0.03971997949257238,0.025285400478980914,0.0144345790135915,0.06500537997155328,0.6625,0.3375,185,80,1,0.00934336789352673,18.0,shared_signal,1,train_oof,28,185,985,55,-0.4934833636087336,-0.25494856029215474,0.07163643962785869,-0.1929507917854834,-0.3714959728317686,-0.3714959728317686,0.0554598948876092,-0.3714959728317686,-0.550507757858169,-0.2845007402403066,-0.32498323548064423,low,-1.686520045407452,0.07142857142857142,0.021621621621621623,0.01015228426395939,train_oof,0.2588265772382603,1,1,1,1,drop,train_oof,0.12060301142481507
Base_LR_SMOTE,Base,supervised,LR,SMOTE,25,37,0.2616838930732517,0.5831486453593395,-0.32146475228608773,0.8448325384325912,0.75,0.25,28,28,20,0.2791231023465629,0.4185842532564033,-0.13946115090984038,0.6977073556029658,0.8125,0.1875,185,80,1,-0.017439209273311218,-17.0,shared_signal,1,train_oof,28,185,985,55,-0.31235832578209693,-0.00022646846915475087,0.014495270958716276,-0.11172035800081181,0.4359826712857007,0.4562176273058397,0.4382309997323825,0.4314860143923371,-0.3519336428156458,-0.2364428434431705,-0.015408687368295317,low,-3.167076080944667,0.10714285714285714,0.03783783783783784,0.01015228426395939,train_oof,0.2584594810318815,1,1,0,1,drop,train_oof,0.12060301142481507
Base_LR_SMOTE,Base,supervised,LR,SMOTE,334,208,0.01982073942417754,0.08379201724603381,-0.06397127782185626,0.10361275667021135,0.6071428571428571,0.39285714285714285,28,28,212,0.018948568280785068,0.08727300194836372,-0.06832443366757862,0.10622157022914883,0.6,0.4,185,80,1,0.000872171143392473,4.0,shared_signal,1,train_oof,28,185,985,55,0.41277692064726956,0.15337572963170867,-0.043876832060423754,0.03938319559224995,-0.2628247894420569,-0.2035318273950303,-0.2242710697253805,-0.0870730050784489,0.6097520643097462,0.12854247413268707,0.2134954102141272,low,-0.6674952670971807,0.03571428571428571,0.010810810810810811,0.01015228426395939,train_oof,0.25678837971428836,1,1,1,1,drop,train_oof,0.12060301142481507
Base_LR_SMOTE,Base,supervised,LR,SMOTE,125,112,0.10205038351925151,0.054196176967568836,0.047854206551682654,0.15624656048682034,0.6428571428571429,0.35714285714285715,28,28,102,0.10438634915208114,0.047035223244098714,0.05735112590798243,0.1514215723961798,0.7,0.3,185,80,1,-0.0023359656328296313,-10.0,shared_signal,1,train_oof,28,185,985,55,-0.41333400161201705,-0.33166053172880844,0.09495183432755214,-0.3598402252572936,-0.6240351334555115,-0.4364105491267392,-0.0826041901067694,-0.4364105491267392,-0.5009385479345418,-0.09655643891474935,-0.42824411370820703,low,-1.5678761376693908,0.07142857142857142,0.05945945945945946,0.01116751269035533,train_oof,0.25606951407035655,1,1,0,1,drop,train_oof,0.12060301142481507
Base_LR_SMOTE,Base,supervised,LR,SMOTE,183,65,0.19048710557544307,0.08943719485938476,0.10104991071605832,0.27992430043482786,0.6785714285714286,0.32142857142857145,28,28,50,0.19079350256403013,0.15777504557741806,0.03301845698661211,0.3485685481414483,0.5375,0.4625,185,80,1,-0.0003063969885870599,-15.0,shared_signal,1,train_oof,28,185,985,55,0.32359941268414966,0.07752169846296883,-0.026575063625174623,0.04782973193029731,0.5496756838079919,0.2876271648306768,-0.0052118722849156,0.3853376926994163,0.35397739803569084,0.2421744510176217,0.1037537312607104,high,1.8724977777914384,0.0,0.021621621621621623,0.01015228426395939,train_oof,0.25411797431145156,1,1,0,1,drop,train_oof,0.12060301142481507
Base_LR_SMOTE,Base,supervised,LR,SMOTE,79,203,0.023132953779314937,0.005836736005083916,0.01729621777423102,0.02896968978439885,0.6428571428571429,0.35714285714285715,28,28,216,0.01665064152632013,0.0075548856579884015,0.00909575586833173,0.024205527184308538,0.6,0.4,185,80,1,0.006482312252994806,13.0,shared_signal,1,train_oof,28,185,985,55,0.45189191917801474,0.20840541260741552,-0.07104210960017934,0.26124765232404235,0.38031056191999074,0.1427345055032731,-0.1812328441558872,0.2248062340835938,0.5492606871729854,0.2165953102901961,0.2854771801346785,high,2.94820536225836,0.0,0.02702702702702703,0.01015228426395939,train_oof,0.2521469972577791,1,1,1,1,drop,train_oof,0.12060301142481507
Base_LR_SMOTE,Base,supervised,LR,SMOTE,100,205,0.021814627763203788,0.006911899059438603,0.014902728703765184,0.028726526822642384,0.6428571428571429,0.35714285714285715,28,28,211,0.018975691661717288,0.00682086429133868,0.012154827370378618,0.02579655595305596,0.65,0.35,185,80,1,0.0028389361014865,6.0,shared_signal,1,train_oof,28,185,985,55,0.4467299819668626,0.20495111169891486,-0.06796390987435366,0.30683831833184266,0.1876042319693517,0.048074981970692,0.048074981970692,0.048074981970692,0.5330608217612244,0.22705234083810094,0.2805439895189107,high,2.2805429819492478,0.07142857142857142,0.021621621621621623,0.012182741116751269,train_oof,0.2477504029351449,1,1,1,1,drop,train_oof,0.12060301142481507
Base_LR_SMOTE,Base,supervised,LR,SMOTE,484,131,0.07847624840026422,0.020571049459967256,0.05790519894029694,0.09904729786023146,0.7857142857142857,0.21428571428571427,28,28,146,0.06684632194984644,0.049287625629484806,0.01755869632036165,0.11613394757933126,0.7,0.3,185,80,1,0.011629926450417785,15.0,shared_signal,1,train_oof,28,185,985,55,-0.38202246291607295,-0.056747619991037175,0.024782834502226347,-0.07716937774058398,-0.5837534622449041,-0.4463193905821672,-0.3080616882928316,-0.3554057941102677,-0.4102774162208295,-0.33192532467830965,-0.0813469664164247,low,-1.0153846670981137,0.21428571428571427,0.17297297297297298,0.12893401015228426,train_oof,0.24656663249240846,1,1,1,1,drop,train_oof,0.12060301142481507
Base_LR_SMOTE,Base,supervised,LR,SMOTE,37,177,0.04145254954019741,0.012971720899479334,0.02848082864071808,0.054424270439676736,0.6785714285714286,0.32142857142857145,28,28,190,0.0369696482075837,0.03300337197058241,0.003966276237001307,0.06997302017816613,0.6125,0.3875,185,80,1,0.004482901332613712,13.0,shared_signal,1,train_oof,28,185,985,55,0.45727437932708864,0.033757572663377935,-0.01620924231214733,-0.0456889257376701,0.3634933734285014,0.1121763773637626,0.0049520856410351,0.0616231827677481,0.4848870170831166,0.3739932416272952,0.04963758193786515,high,2.9052242790483267,0.03571428571428571,0.010810810810810811,0.01015228426395939,train_oof,0.24582937073704558,1,1,1,1,drop,train_oof,0.12060301142481507
Base_LR_SMOTE,Base,supervised,LR,SMOTE,542,110,0.10287670148649834,0.039778247375202476,0.0630984541112958,0.14265494886170085,0.7857142857142857,0.21428571428571427,28,28,109,0.09567979557990496,0.061703704904591664,0.03397609067531328,0.1573835004844966,0.75,0.25,185,80,1,0.007196905906593387,-1.0,shared_signal,1,train_oof,28,185,985,55,-0.34494305071503384,-0.1517249804148892,0.045266111853503904,-0.10056427173082225,-0.6121175618220817,-0.6121175618220817,-0.6121175618220817,-0.6121175618220817,-0.3820747939364111,-0.22298089355653422,-0.19536015927830677,flat,,,,,train_oof,0.24506474876237314,1,1,1,1,drop,train_oof,0.12060301142481507
Base_LR_SMOTE,Base,supervised,LR,SMOTE,547,98,0.11650809216189652,0.05598171042882021,0.06052638173307633,0.17248980259071675,0.6071428571428571,0.39285714285714285,28,28,99,0.10685524178742838,0.057699468580080404,0.04915577320734799,0.16455471036750877,0.575,0.425,185,80,1,0.009652850374468142,1.0,shared_signal,1,train_oof,28,185,985,55,0.30296553584921976,0.20560701144072965,-0.022602339051451977,0.1780024456460786,0.3685695259070086,0.2611470136559703,-0.0545559521449752,0.2376399667903394,0.3463402355999725,0.10972453223213566,0.24465152634923765,high,1.9943059076942968,0.0,0.010810810810810811,0.01015228426395939,train_oof,0.24411537544486667,1,1,1,1,drop,train_oof,0.12060301142481507
Base_LR_SMOTE,Base,supervised,LR,SMOTE,316,143,0.06635269973091053,0.05557050130807177,0.010782198422838753,0.12192320103898231,0.6071428571428571,0.39285714285714285,28,28,140,0.07200083009617822,0.0958438664012379,-0.02384303630505967,0.16784469649741604,0.5125,0.4875,185,80,1,-0.005648130365267692,-3.0,shared_signal,1,train_oof,28,185,985,55,-0.3537506724614787,-0.1543555908778941,0.053640477799378264,-0.25777189785792565,-0.4997403001646723,-0.2907136202041073,-0.08582998911487,-0.31784072590923,-0.40957307037014007,-0.20487125748055812,-0.2074748643760873,low,-1.8394839323272063,0.03571428571428571,0.043243243243243246,0.01015228426395939,train_oof,0.23497321154554074,1,1,0,1,drop,train_oof,0.12060301142481507
Base_LR_SMOTE,Base,supervised,LR,SMOTE,134,171,0.048036750092768914,0.013821761032477089,0.03421498906029182,0.06185851112524599,0.75,0.25,28,28,193,0.03640503748045072,0.016208358754542053,0.020196678725908673,0.05261339623499278,0.6625,0.3375,185,80,1,0.011631712612318192,22.0,shared_signal,1,train_oof,28,185,985,55,-0.30887744778190784,-0.15114312040616135,0.03842653997794553,-0.02090693397252657,-0.5358306496095748,-0.3154674391049766,-0.0751682444000431,-0.2017393634336219,-0.3400723082165754,-0.1815412895902299,-0.1896950927872882,low,-1.760430328485589,0.0,0.016216216216216217,0.013197969543147208,train_oof,0.23112759489568108,1,1,1,1,drop,train_oof,0.12060301142481507
Base_LR_SMOTE,Base,supervised,LR,SMOTE,249,20,0.33927696051763767,5.660766230625399e-18,0.33927696051763767,0.33927696051763767,0.03571428571428571,0.9642857142857143,28,28,255,0.0,5.870424239167082e-18,-5.870424239167082e-18,5.870424239167082e-18,0.0,1.0,185,80,1,0.33927696051763767,235.0,true_anomaly_candidate,1,train_oof,28,185,985,55,0.7306593855756208,-0.07139741207961448,-0.025103336390208238,0.31776081423575486,-0.0713974120796145,-0.0713974120796145,-0.0713974120796145,-0.0713974120796145,0.8597952948669664,0.5282996584330988,-0.0921451454219689,flat,,,,,train_oof,0.5318799243193701,0,1,1,0,drop,train_oof,0.12060301142481507
Base_LR_SMOTE,Base,supervised,LR,SMOTE,62,6,0.5590678188920222,0.4107697012046848,0.1482981176873374,0.969837520096707,0.5357142857142857,0.4642857142857143,28,28,21,0.27867889420763625,0.6173754931575558,-0.3386965989499193,0.8960543873651916,0.4625,0.5375,185,80,1,0.2803889246843859,15.0,true_anomaly_candidate,1,train_oof,28,185,985,55,-0.36599224954731885,0.0605330831409662,-0.00023491144865752623,-0.013135218829111011,-0.5978904327636032,-0.110614720123272,-0.0309146720102556,-0.0421258195855844,-0.4830222605577069,-0.23438234361473495,0.06194917272907323,low,-1.76827661432946,0.14285714285714285,0.04864864864864865,0.01015228426395939,train_oof,0.49155019669539024,0,1,1,0,drop,train_oof,0.12060301142481507
Base_LR_SMOTE,Base,supervised,LR,SMOTE,558,13,0.4106489566723353,0.0721122220103029,0.33853673466203243,0.48276117868263835,0.5,0.5,28,28,62,0.17240742242559587,0.13973734800723714,0.03267007441835869,0.312144770432833,0.25,0.75,185,80,1,0.23824153424673944,49.0,true_anomaly_candidate,1,train_oof,28,185,985,55,0.4875270279434173,-0.021283160627077868,-0.009223096342027982,-0.004708492694201045,-0.13272648749727825,-0.2920302968086232,-0.2490719662078104,-0.2204330791406027,0.5095345239353838,0.44948626204888614,-0.012494950186641283,high,4.1625099291033765,0.07142857142857142,0.016216216216216217,0.012182741116751269,train_oof,0.44424201727398616,0,1,1,0,drop,train_oof,0.12060301142481507
Base_LR_SMOTE,Base,supervised,LR,SMOTE,22,17,0.36721558187950426,0.10286528667839359,0.26435029520111064,0.47008086855789777,0.5714285714285714,0.42857142857142855,28,28,29,0.24962585878723814,0.12882305266279745,0.12080280612444069,0.3784489114500355,0.6125,0.3875,185,80,1,0.11758972309226612,12.0,shared_signal,1,train_oof,28,185,985,55,-0.6562382748208435,-0.1369252527733299,0.05343196832319987,-0.1602449685845196,-0.22879797971612476,-0.144451453499108,-0.1100414278782356,-0.1637546386034999,-0.8028735931682175,-0.35164011453801447,-0.20339080310618757,low,-1.5682543867990528,0.10714285714285714,0.043243243243243246,0.01015228426395939,train_oof,0.41192094716998745,0,1,1,0,drop,train_oof,0.12060301142481507
Base_LR_SMOTE,Base,supervised,LR,SMOTE,63,28,0.2893941100955416,0.0748920688465061,0.2145020412490355,0.3642861789420477,0.5,0.5,28,28,26,0.25319693891737727,0.10321309093631377,0.1499838479810634,0.35641002985369086,0.4625,0.5375,185,80,1,0.036197171178164345,-2.0,shared_signal,1,train_oof,28,185,985,55,0.6995238871185719,0.24761806154523017,-0.06960491161700552,0.04875269580428347,0.23439101472474663,-0.0550180371936445,-0.1289074422777459,-0.0849281912531121,1.1656635763775656,0.23161709146980528,0.32255151485776873,high,1.9856288029154787,0.21428571428571427,0.043243243243243246,0.01015228426395939,train_oof,0.40327736631389066,0,1,1,0,drop,train_oof,0.12060301142481507
Base_LR_SMOTE,Base,supervised,LR,SMOTE,104,18,0.3654669025770228,0.16712378989859458,0.19834311267842822,0.5325906924756174,0.39285714285714285,0.6071428571428571,28,28,66,0.16751813923897144,0.18540991486718014,-0.01789177562820873,0.3529280541061515,0.4,0.6,185,80,1,0.19794876333805136,48.0,true_anomaly_candidate,1,train_oof,28,185,985,55,-0.35705345343867834,-0.0684380768061162,0.02628403047016153,-0.06691213267940561,0.0742376990413215,0.0167322120439882,0.0167322120439882,0.2467541600333214,-0.41314927786582406,-0.1902343871763071,-0.10425879042675094,high,2.123733255626273,0.0,0.0,0.01015228426395939,train_oof,0.4010224005759574,0,1,1,0,drop,train_oof,0.12060301142481507
Base_LR_SMOTE,Base,supervised,LR,SMOTE,437,39,0.2513686427597865,0.12489557306076064,0.12647306969902586,0.3762642158205471,0.42857142857142855,0.5714285714285714,28,28,125,0.07999864802580428,0.1006288671183333,-0.020630219092529038,0.18062751514413747,0.4125,0.5875,185,80,1,0.1713699947339822,86.0,true_anomaly_candidate,1,train_oof,28,185,985,55,0.6108947881421235,-0.01902319583220057,-0.01815261308174726,0.07951763807665035,0.021767311644629996,-0.126792731407797,-0.1459239797558814,-0.1127470047724948,0.6132455427185193,0.45874450808301587,-0.001014159517805805,high,2.3507426765012154,0.03571428571428571,0.0,0.01015228426395939,train_oof,0.3922646672030892,0,1,1,0,drop,train_oof,0.12060301142481507
Base_LR_SMOTE,Base,supervised,LR,SMOTE,26,25,0.3119065406307984,0.0732103970421852,0.2386961435886132,0.3851169376729836,0.25,0.75,28,28,43,0.20651829733856922,0.08350958640417036,0.1230087109343988,0.2900278837427395,0.1875,0.8125,185,80,1,0.1053882432922292,18.0,true_anomaly_candidate,1,train_oof,28,185,985,55,-0.5804672569693929,-0.09089086052598111,0.04696525300678291,-0.24791146252879795,0.24342093866320563,0.2726347386709388,0.2457477014956797,0.2571229864544428,-0.7401840983971177,-0.31541415149706165,-0.15285372733182578,low,-5.413973623896264,0.10714285714285714,0.032432432432432434,0.01116751269035533,train_oof,0.38624769188673874,0,1,1,0,drop,train_oof,0.12060301142481507
Base_LR_SMOTE,Base,supervised,LR,SMOTE,75,40,0.250947386910273,0.08952721765587389,0.16142016925439912,0.34047460456614687,0.5357142857142857,0.4642857142857143,28,28,111,0.09493267832712667,0.13369296827897342,-0.038760289951846695,0.22862564660610002,0.475,0.525,185,80,1,0.15601470858314637,71.0,true_anomaly_candidate,1,train_oof,28,185,985,55,0.5802765296212,-0.16806040040977213,0.020771854715235048,-0.1086351934387613,0.1510762018882904,-0.0846063827685637,0.0563626398299284,-0.0449588451627378,0.5737081096539954,0.5828324273611439,-0.20035657996223452,high,1.987814460707519,0.07142857142857142,0.016216216216216217,0.01015228426395939,train_oof,0.3786449119563282,0,1,1,0,drop,train_oof,0.12060301142481507
Base_LR_SMOTE,Base,supervised,LR,SMOTE,471,10,0.44093326420455886,0.0983312891425631,0.3426019750619957,0.5392645533471222,0.2857142857142857,0.7142857142857143,28,28,10,0.3611438979140643,0.12712796832145196,0.23401592959261244,0.4882718662355166,0.3125,0.6875,185,80,1,0.07978936629049455,0.0,shared_signal,1,train_oof,28,185,985,55,0.4633194895035731,0.10639179593545527,-0.04120278089415705,0.1171659240131246,-0.15059215529465003,-0.1843936527558793,-0.2243850522780591,-0.2595353398435452,0.5607591144054794,0.23481397377947394,0.1640749958253944,high,1.8906478963437134,0.03571428571428571,0.02702702702702703,0.01015228426395939,train_oof,0.37302803861045586,0,1,1,0,drop,train_oof,0.12060301142481507
Base_LR_SMOTE,Base,supervised,LR,SMOTE,337,59,0.2020797406237301,0.05644462918639158,0.14563511143733848,0.2585243698101217,0.42857142857142855,0.5714285714285714,28,28,112,0.09343768900443142,0.05058567394191019,0.04285201506252122,0.1440233629463416,0.4125,0.5875,185,80,1,0.10864205161929869,53.0,true_anomaly_candidate,1,train_oof,28,185,985,55,0.6740993691095959,0.08747238082198419,-0.03607217886938036,-0.0024292718570101362,-0.06864889745329565,-0.1330168292339497,-0.1787289706171601,-0.1224343048564523,0.6931939291920265,0.36872773909306344,0.14611714442063858,high,1.556999222069644,0.03571428571428571,0.043243243243243246,0.01015228426395939,train_oof,0.3604176491766033,0,1,1,0,drop,train_oof,0.12060301142481507
Base_LR_SMOTE,Base,supervised,LR,SMOTE,168,11,0.42636516533942903,0.3732694272138385,0.05309573812559064,0.7996345925532674,0.35714285714285715,0.6428571428571429,28,28,24,0.2649881562870624,0.3120868670490401,-0.047098710761977844,0.5770750233361024,0.4125,0.5875,185,80,1,0.16137700905236663,13.0,true_anomaly_candidate,1,train_oof,28,185,985,55,0.17160802734563171,-0.03443902430431795,0.00372644738042455,-0.042261372754252916,-0.23255534285342994,-0.0757456010259819,-0.1180819815994327,-0.1392501718861602,0.16339295738121218,0.20946071620869391,-0.038469073459498106,low,-1.6421916822436604,0.0,0.0,0.01116751269035533,train_oof,0.35927033721599244,0,0,1,0,drop,train_oof,0.12060301142481507
Base_LR_SMOTE,Base,supervised,LR,SMOTE,14,23,0.3175239896428063,0.17867196598482657,0.1388520236579797,0.4961959556276328,0.5357142857142857,0.4642857142857143,28,28,42,0.2069739196274926,0.19410914326346476,0.012864776364027835,0.4010830628909573,0.4875,0.5125,185,80,1,0.11055007001531372,19.0,true_anomaly_candidate,1,train_oof,28,185,985,55,-0.35457864230690717,-0.21930165349737518,0.06741985615936637,-0.27272866046509764,-0.4478313602934021,-0.2855341253333597,0.0317555225141032,-0.2576890114921759,-0.42998542775106824,-0.12363860722674273,-0.2893461113908324,low,-2.0959380838213306,0.03571428571428571,0.032432432432432434,0.01015228426395939,train_oof,0.3477385586261299,0,1,1,0,drop,train_oof,0.12060301142481507
Base_LR_SMOTE,Base,supervised,LR,SMOTE,159,42,0.24896330366618732,0.08236111605875984,0.1666021876074275,0.3313244197249472,0.39285714285714285,0.6071428571428571,28,28,57,0.1830246359725294,0.06808354712947909,0.11494108884305029,0.25110818310200844,0.325,0.675,185,80,1,0.06593866769365792,15.0,shared_signal,1,train_oof,28,185,985,55,0.4478776749487041,0.1667672309425774,-0.06198811174155577,0.32357370528783264,-0.13149433433905966,-0.1991381209044287,-0.2759814624426879,-0.2013027220745205,0.5864256946013572,0.19827454786912016,0.24547192986130534,high,4.552507783634308,0.10714285714285714,0.03783783783783784,0.01015228426395939,train_oof,0.3322270607106246,0,1,1,0,drop,train_oof,0.12060301142481507
Base_LR_SMOTE,Base,supervised,LR,SMOTE,561,31,0.27872628172442726,0.19416342869287265,0.08456285303155453,0.4728897104172997,0.5,0.5,28,28,73,0.15142967904938234,0.26275257407978586,-0.11132289503040357,0.41418225312916795,0.3625,0.6375,185,80,1,0.12729660267504492,42.0,true_anomaly_candidate,1,train_oof,28,185,985,55,0.28473451145134177,0.03856947917435656,-0.017575491298019493,0.05060455769868967,0.1816382392108958,0.0169088844342699,-0.1999196848201034,-0.3769423557503596,0.30136602046006744,0.2537272858124474,0.05638931627533729,high,2.7244401058375343,0.0,0.016216216216216217,0.01116751269035533,train_oof,0.33159996630247235,0,1,1,0,drop,train_oof,0.12060301142481507
Base_LR_SMOTE,Base,supervised,LR,SMOTE,460,24,0.31475249083210305,0.16836152322614023,0.1463909676059628,0.48311401405824334,0.39285714285714285,0.6071428571428571,28,28,46,0.20020606072688857,0.23030522003694856,-0.030099159310059943,0.4305112807638369,0.375,0.625,185,80,1,0.11454643010521448,22.0,true_anomaly_candidate,1,train_oof,28,185,985,55,0.27606697712707107,0.04109687619596217,-0.023182622482044526,0.13135135099092307,-0.23144867132141994,-0.1647620603546197,-0.2256374042039275,-0.0537278690784206,0.2959989112378746,0.23281917312131198,0.06438641821451921,low,-1.4153800149356637,0.0,0.016216216216216217,0.01015228426395939,train_oof,0.33104131962372996,0,0,1,0,drop,train_oof,0.12060301142481507
Base_LR_SMOTE,Base,supervised,LR,SMOTE,33,87,0.1405331155891183,0.013652349200127475,0.12688076638899082,0.15418546478924577,0.5,0.5,28,28,119,0.0836747161234033,0.009923839734353308,0.07375087638905001,0.0935985558577566,0.55,0.45,185,80,1,0.056858399465715,32.0,true_anomaly_candidate,1,train_oof,28,185,985,55,0.6456518785610807,0.09939127542768965,-0.04586295608328556,0.15807200638604066,-0.0955486913520491,-0.1130356944613504,-0.1528220154891013,-0.1057833327067178,0.7482786512418675,0.37359318661315827,0.16011909013113793,high,3.088305898013492,0.07142857142857142,0.016216216216216217,0.01116751269035533,train_oof,0.3286222643006354,0,1,1,0,drop,train_oof,0.12060301142481507
Base_LR_SMOTE,Base,supervised,LR,SMOTE,32,66,0.19000199339298574,0.045062112068076164,0.1449398813249096,0.23506410546106196,0.5,0.5,28,28,92,0.12131236094610347,0.052812782277795824,0.06849957866830766,0.17412514322389927,0.525,0.475,185,80,1,0.06868963244688227,26.0,true_anomaly_candidate,1,train_oof,28,185,985,55,0.4883932140920381,0.04997632031581595,-0.027425972452449092,0.07152864472158485,-0.0734437598648058,-0.0413223038758783,-0.1222951408479649,-0.0860629032890252,0.5301935332403496,0.3413928693792783,0.08196101851502194,high,3.3446366997540915,0.07142857142857142,0.016216216216216217,0.01015228426395939,train_oof,0.3146617467666549,0,1,1,0,drop,train_oof,0.12060301142481507
Base_LR_SMOTE,Base,supervised,LR,SMOTE,133,12,0.4215725858877641,0.19027034426120082,0.2313022416265634,0.611842930148965,0.7142857142857143,0.2857142857142857,28,28,8,0.3863699951640759,0.1395420755691616,0.24682791959491435,0.5259120707332376,0.7125,0.2875,185,80,1,0.0352025907236882,-4.0,shared_signal,1,train_oof,28,185,985,55,0.2495137223510006,0.14878711290311702,-0.048744086727418354,0.23876780539089615,0.2518007183996857,0.2163530962349759,-0.0320165255890551,0.102884122081413,0.2902551798876906,0.11261583889860806,0.19747955101139067,high,2.1469719020373548,0.0,0.005405405405405406,0.014213197969543147,train_oof,0.30874285213240515,1,0,1,0,drop,train_oof,0.12060301142481507
Base_LR_SMOTE,Base,supervised,LR,SMOTE,67,253,0.00024283289005927773,0.7684928582457344,-0.7682500253556751,0.768735691135794,0.5,0.5,28,28,252,0.0001924194825539054,0.5765758462094736,-0.5763834267269197,0.5767682656920275,0.4375,0.5625,185,80,1,5.041340750537232e-05,-1.0,shared_signal,1,train_oof,28,185,985,55,0.6035897456634115,0.15718581416678457,-0.04384602950434462,-0.05699491848180216,-0.0573264927406841,-0.0572044821494215,-0.0573202395161021,-0.0571617275441399,0.9716211630971562,0.19449579769418543,0.22902474303299383,low,-0.058703976319417955,0.0,0.016216216216216217,0.01015228426395939,train_oof,0.30196228546491033,0,1,1,0,drop,train_oof,0.12060301142481507
Base_LR_SMOTE,Base,supervised,LR,SMOTE,65,72,0.16566432520694427,0.44481495712610897,-0.27915063191916467,0.6104792823330533,0.35714285714285715,0.6428571428571429,28,28,55,0.18504027003575882,0.2783008517696509,-0.09326058173389207,0.4633411218054098,0.5625,0.4375,185,80,1,-0.01937594482881455,-17.0,shared_signal,1,train_oof,28,185,985,55,0.7013424861841041,0.10403569135719266,-0.0450074159341397,0.06330579965741036,0.7043557467302433,-0.237188806166218,-0.1484560713672542,-0.1254730625541483,0.8126481087547338,0.4441046476548694,0.15267653075408283,high,2.5700343688332237,0.14285714285714285,0.03783783783783784,0.01015228426395939,train_oof,0.3018136040651199,0,1,0,0,drop,train_oof,0.12060301142481507
Base_LR_SMOTE,Base,supervised,LR,SMOTE,132,8,0.45156333808177784,0.6350077332155806,-0.18344439513380256,1.0865710712973586,0.35714285714285715,0.6428571428571429,28,28,6,0.4426625516393966,0.5677757213964296,-0.12511316975703296,1.010438273035826,0.4375,0.5625,185,80,1,0.008900786442381237,-2.0,shared_signal,1,train_oof,28,185,985,55,0.24595262899451684,0.047046005912370605,-0.012733366569883251,-0.06269736156634476,0.2915072948730967,-0.008233068901931,-0.1949871896340301,0.0440580849030603,0.25978900870154026,0.19828089964550907,0.06049026494688737,high,2.0748223937439434,0.0,0.005405405405405406,0.01015228426395939,train_oof,0.29641035875691263,0,0,1,0,drop,train_oof,0.12060301142481507
Base_LR_SMOTE,Base,supervised,LR,SMOTE,562,51,0.21667877165066524,0.10418633761898984,0.11249243403167535,0.32086510926965506,0.4642857142857143,0.5357142857142857,28,28,76,0.14519508784673785,0.09332942857734043,0.05186565926939736,0.2385245164240783,0.425,0.575,185,80,1,0.07148368380392739,25.0,shared_signal,1,train_oof,28,185,985,55,-0.3076893312773129,-0.1887272704969889,0.015784644664395265,-0.18409910354849393,0.0818746857997669,0.1050852931649826,0.1887927251301679,-0.0002208576750326,-0.34718045988956425,-0.1310850763493552,-0.2233545149175456,low,-2.0785374495891444,0.14285714285714285,0.016216216216216217,0.01015228426395939,train_oof,0.2963062803019047,0,1,1,0,drop,train_oof,0.12060301142481507
Base_LR_SMOTE,Base,supervised,LR,SMOTE,68,89,0.1337221865885143,0.0544844533848413,0.07923773320367303,0.18820663997335565,0.5357142857142857,0.4642857142857143,28,28,122,0.0808304862890417,0.06206190975649091,0.01876857653255081,0.14289239604553255,0.525,0.475,185,80,1,0.05289170029947261,33.0,true_anomaly_candidate,1,train_oof,28,185,985,55,-0.4802375341129001,-0.04152467087955198,0.021980364496375682,-0.019617049357978197,-0.0031877467981671495,-0.0526520307512506,0.0679699769227741,-0.1488255086548765,-0.5164255434678001,-0.29666746760801826,-0.06892753583792612,low,-2.0836423332151215,0.03571428571428571,0.016216216216216217,0.01015228426395939,train_oof,0.2935698261032181,0,1,1,0,drop,train_oof,0.12060301142481507
Base_LR_SMOTE,Base,supervised,LR,SMOTE,80,71,0.1707574386531841,0.06778310149989039,0.10297433715329375,0.23854054015307447,0.5357142857142857,0.4642857142857143,28,28,93,0.12006126435382794,0.07587348889776588,0.044187775456062034,0.19593475325159387,0.4875,0.5125,185,80,1,0.05069617429935616,22.0,shared_signal,1,train_oof,28,185,985,55,-0.3916065190358898,-0.12408730688813567,0.04499932053398384,-0.09951167591801378,-0.7582390326888944,0.110288475382301,0.2180916555410208,0.1936833883352729,-0.46320473324812,-0.22349980917713838,-0.17307102444896433,low,-1.927801836297647,0.07142857142857142,0.021621621621621623,0.01116751269035533,train_oof,0.2922731551440654,0,1,1,0,drop,train_oof,0.12060301142481507
Base_LR_SMOTE,Base,supervised,LR,SMOTE,298,226,0.01193265901767943,0.12211471326570884,-0.11018205424802939,0.13404737228338826,0.5,0.5,28,28,206,0.026418352057746085,0.07174427983270333,-0.04532592777495726,0.09816263189044942,0.6125,0.3875,185,80,1,-0.014485693040066654,-20.0,false_positive_risk,1,train_oof,28,185,985,55,0.733228744017528,0.12766353714533496,-0.056561226393105526,0.22251063060565854,-0.0429925099910567,-0.1763354013152423,-0.1747092684942156,-0.1405604792526559,0.9262122630015939,0.4006071296860423,0.2026083516720911,high,2.248944133276611,0.10714285714285714,0.03783783783783784,0.01015228426395939,train_oof,0.2903073880648563,0,1,0,0,drop,train_oof,0.12060301142481507
Base_LR_SMOTE,Base,supervised,LR,SMOTE,102,61,0.19956586546766103,0.12233685469705395,0.07722901077060705,0.32190272016471494,0.7857142857142857,0.21428571428571427,28,28,91,0.12520045998539525,0.07010023106264003,0.055100228922755165,0.19530069104803527,0.5875,0.4125,185,80,1,0.07436540548226578,30.0,true_anomaly_candidate,1,train_oof,28,185,985,55,-0.21003240264255765,-0.2876881264964421,0.07007183532137923,-0.1897729527631866,-0.45221014052891007,-0.244416369214212,-0.0310065500261438,-0.2604622202809841,-0.287110245150586,0.0673861579493896,-0.36873686412137796,low,-1.9801923542133448,0.07142857142857142,0.032432432432432434,0.01015228426395939,train_oof,0.28634316358983536,1,0,1,0,drop,train_oof,0.12060301142481507
Base_LR_SMOTE,Base,supervised,LR,SMOTE,332,144,0.06547072595670793,0.36551092873409896,-0.30004020277739096,0.4309816546908069,0.5714285714285714,0.42857142857142855,28,28,157,0.0586748614301227,0.5826498084028822,-0.5239749469727596,0.6413246698330046,0.5875,0.4125,185,80,1,0.0067958645265852255,13.0,shared_signal,1,train_oof,28,185,985,55,0.2863847035144829,0.19539936623500087,-0.04949310681949364,0.07352040477138826,-0.07177547496927056,-0.0905322804337176,-0.1023745008328812,-0.0874485344505797,0.7213647405765438,0.04064650929342441,0.2530697157073981,high,0.5011699047477268,0.03571428571428571,0.021621621621621623,0.01015228426395939,train_oof,0.2839485175485901,0,1,1,0,drop,train_oof,0.12060301142481507
Base_LR_SMOTE,Base,supervised,LR,SMOTE,295,74,0.16054621079978326,0.020639454366792886,0.13990675643299041,0.18118566516657622,0.5714285714285714,0.42857142857142855,28,28,78,0.13687628721640094,0.04494020839495167,0.09193607882144922,0.1818164956113526,0.4375,0.5625,185,80,1,0.023669923583382324,4.0,shared_signal,1,train_oof,28,185,985,55,0.3861207305746341,0.19449617710315217,-0.06470420073512796,0.31469634353402953,-0.015051956401073601,-0.1537203732965279,-0.2020687912807002,-0.1464740094450797,0.5172108235668581,0.14085853503885215,0.27266288996803073,high,5.428120129665659,0.0,0.032432432432432434,0.01015228426395939,train_oof,0.28334350600207536,0,1,1,0,drop,train_oof,0.12060301142481507
Base_LR_SMOTE,Base,supervised,LR,SMOTE,115,68,0.18779982337104012,0.07507062455617027,0.1127291988148698,0.2628704479272103,0.5714285714285714,0.42857142857142855,28,28,68,0.16269907813149662,0.13834769169175462,0.024351386439741957,0.30104676982325135,0.4625,0.5375,185,80,1,0.025100745239543504,0.0,shared_signal,1,train_oof,28,185,985,55,-0.4085495867842244,-0.0980017790621019,0.0323465655888188,-0.041666355428020684,-0.14107181096331115,0.020544349923455,0.1024622413537116,0.0627038394405493,-0.4435396734408063,-0.3089270117223724,-0.13047929663823485,low,-2.820208927233477,0.0,0.010810810810810811,0.01015228426395939,train_oof,0.2792963539727352,0,1,1,0,drop,train_oof,0.12060301142481507
Base_LR_SMOTE,Base,supervised,LR,SMOTE,441,83,0.1478428944393413,0.08204089028411489,0.06580200415522638,0.2298837847234561,0.5357142857142857,0.4642857142857143,28,28,98,0.107048236675782,0.09083268139769682,0.016215555278085172,0.19788091807347882,0.5625,0.4375,185,80,1,0.04079465776355928,15.0,shared_signal,1,train_oof,28,185,985,55,0.36823011488778995,0.19135940537547097,-0.05064834661258074,0.07667824164845172,0.22915111588017112,0.2318308653793545,0.0238823042427217,0.0463922000358622,0.42787492982389225,0.15996525687914548,0.24531342146628027,high,1.9404391460586967,0.17857142857142858,0.05405405405405406,0.013197969543147208,train_oof,0.2777895601581619,0,1,1,0,drop,train_oof,0.12060301142481507
Base_LR_SMOTE,Base,supervised,LR,SMOTE,302,115,0.09226336501988064,0.042415197227092416,0.04984816779278824,0.13467856224697303,0.39285714285714285,0.6071428571428571,28,28,196,0.03455410093800743,0.03342371832394368,0.0011303826140637413,0.06797781926195114,0.4875,0.5125,185,80,1,0.057709264081873206,81.0,true_anomaly_candidate,1,train_oof,28,185,985,55,0.4023556913045446,-0.03760664317091423,0.0009676274415661866,-0.10352136060737831,-0.0875421799601558,-0.1251895828751011,-0.1037480156520198,-0.132669199348269,0.37557368914805184,0.433564530871473,-0.039928907826907396,high,1.7925441895572967,0.03571428571428571,0.005405405405405406,0.01015228426395939,train_oof,0.26892329088381567,0,1,1,0,drop,train_oof,0.12060301142481507
Base_LR_SMOTE,Base,supervised,LR,SMOTE,511,56,0.2090471776324316,0.1296055618383694,0.07944161579406218,0.33865273947080093,0.5357142857142857,0.4642857142857143,28,28,49,0.1918108760854796,0.12417322609284558,0.06763764999263387,0.3159841021783251,0.5375,0.4625,185,80,1,0.01723630154695202,-7.0,shared_signal,1,train_oof,28,185,985,55,0.3129458003856022,0.13346226002150377,-0.04623529611190643,0.20349200098852868,0.3304886963531945,-0.2206847659643505,-0.8374816063277984,0.0057615609068684,0.36583501262938845,0.16887190596862597,0.1813067399308263,high,2.1118729445804045,0.0,0.010810810810810811,0.01015228426395939,train_oof,0.268612811551471,0,1,1,0,drop,train_oof,0.12060301142481507
Base_LR_SMOTE,Base,supervised,LR,SMOTE,553,159,0.05535543123359996,0.1904433327949242,-0.13508790156132425,0.2457987640285241,0.5357142857142857,0.4642857142857143,28,28,134,0.07673344529181972,0.05705060274225095,0.019682842549568775,0.13378404803407068,0.5625,0.4375,185,80,1,-0.021378014058219756,-25.0,false_positive_risk,1,train_oof,28,185,985,55,0.6368124712002091,-0.0066795759297724475,-0.026888819739179295,-0.015902429145300594,0.07105532945723475,-0.0362349206766773,-0.1046942720851995,-0.1168819902162101,0.6879051067894817,0.6015914600983232,0.023819293088375295,high,1.4541007943473152,0.07142857142857142,0.005405405405405406,0.01015228426395939,train_oof,0.26249357151444414,0,1,0,0,drop,train_oof,0.12060301142481507
Base_LR_SMOTE,Base,supervised,LR,SMOTE,30,60,0.20061901787245087,0.2081675272730564,-0.00754850940060557,0.4087865451455072,0.42857142857142855,0.5714285714285714,28,28,52,0.1898551359182864,0.2297515925401159,-0.039896456621829536,0.4196067284584024,0.475,0.525,185,80,1,0.010763881954164473,-8.0,shared_signal,1,train_oof,28,185,985,55,0.285412689114883,0.23265044795765538,-0.057544551054572776,0.1031509565033183,0.3845439786930389,0.2435474750372088,0.0335526823583125,0.0785515665037903,0.34181527500092074,0.05386652016642615,0.2913239396556444,high,2.144900326464127,0.03571428571428571,0.021621621621621623,0.01015228426395939,train_oof,0.26028002074024564,0,1,1,0,drop,train_oof,0.12060301142481507
Base_LR_SMOTE,Base,supervised,LR,SMOTE,281,16,0.3694761608487241,0.2200616254725369,0.1494145353761871,0.5895377863212609,0.7142857142857143,0.2857142857142857,28,28,11,0.3543828410531069,0.0909397796195488,0.2634430614335579,0.44532262067265577,0.7625,0.2375,185,80,1,0.015093319795617177,-5.0,shared_signal,1,train_oof,28,185,985,55,-0.05024337648720654,-0.0564989838899631,0.02751372993419379,-0.2776883246027846,-0.2529847019900928,-0.2529847019900926,-0.1785354283628034,-0.3460462940242044,-0.07498108540858126,0.00703830428464629,-0.08315774254866705,low,-1.3228207640142409,0.03571428571428571,0.0,0.01015228426395939,train_oof,0.25867331686099426,1,0,1,0,drop,train_oof,0.12060301142481507
Base_LR_SMOTE,Base,supervised,LR,SMOTE,60,46,0.235036340330588,0.3233580353409187,-0.08832169501033062,0.5583943756715066,0.39285714285714285,0.6071428571428571,28,28,40,0.21635928305310767,0.36800160055553266,-0.151642317502425,0.5843608836086405,0.375,0.625,185,80,1,0.01867705727748034,-6.0,shared_signal,1,train_oof,28,185,985,55,-0.21170916973895823,-0.14292579886795714,0.032143824205241645,0.04511296364437989,-0.373058436097205,-0.2837694945436463,-0.2073192141999656,-0.198394474951151,-0.2480674125679501,-0.0648206869082665,-0.17511586374206284,low,-1.4667252341891526,0.03571428571428571,0.03783783783783784,0.01015228426395939,train_oof,0.2583103209407719,0,0,1,0,drop,train_oof,0.12060301142481507
Base_LR_SMOTE,Base,supervised,LR,SMOTE,304,32,0.278094617349099,0.2985696866086157,-0.020475069259516702,0.5766643039577145,0.5,0.5,28,28,36,0.2233386277176582,0.23497640837255646,-0.011637780654898285,0.4583150360902149,0.45,0.55,185,80,1,0.05475598963144082,4.0,shared_signal,1,train_oof,28,185,985,55,0.04256746863465213,-0.006181732792503923,0.007104142386378567,-0.13560283991030575,0.029123109538877753,0.0963137725782046,0.0994029984650703,-0.0396121664438818,0.034918344505446106,0.05088447057613504,-0.013230634973680062,low,-1.650890604515242,0.10714285714285714,0.032432432432432434,0.01015228426395939,train_oof,0.2566488089157254,0,0,1,0,drop,train_oof,0.12060301142481507
Base_LR_SMOTE,Base,supervised,LR,SMOTE,273,73,0.16346759573497205,0.21528032398108513,-0.051812728246113056,0.37874791971605715,0.17857142857142858,0.8214285714285714,28,28,90,0.1266761457974617,0.2259704016025721,-0.09929425580511045,0.3526465474000338,0.2625,0.7375,185,80,1,0.03679144993751035,17.0,shared_signal,1,train_oof,28,185,985,55,0.20108408034268524,0.22610261244929966,-0.04555863311026236,0.032963047336064956,-0.26640799411703,-0.0832178123170608,-0.1580146613646852,-0.1562150760436484,0.2533115303087366,-0.02134546053186012,0.272605494131185,low,-2.796662974903808,0.0,0.0,0.012182741116751269,train_oof,0.2548544859124874,0,0,1,0,drop,train_oof,0.12060301142481507
Base_LR_SMOTE,Base,supervised,LR,SMOTE,137,15,0.38092539479770604,0.16076157674138258,0.2201638180563235,0.5416869715390887,0.6428571428571429,0.35714285714285715,28,28,7,0.42467602910556695,0.19256948029701051,0.23210654880855636,0.6172455094025774,0.6375,0.3625,185,80,1,-0.043750634307860914,-8.0,shared_signal,1,train_oof,28,185,985,55,0.1916553645190162,0.19005713398497626,-0.0504267095247526,0.17370330095457948,0.2893806800682005,0.0910416159979347,-0.1515867536414201,0.3529262054499365,0.24638304208850623,0.0015083027825833978,0.24055261705636946,high,2.1276564482627522,0.03571428571428571,0.03783783783783784,0.01015228426395939,train_oof,0.25305862400978657,1,0,0,0,drop,train_oof,0.12060301142481507
Base_LR_SMOTE,Base,supervised,LR,SMOTE,282,54,0.21361016588941362,0.10131876447456493,0.1122914014148486,0.31492893036397857,0.5714285714285714,0.42857142857142855,28,28,47,0.1998765569917536,0.08850429204787683,0.11137226494387686,0.28838084903963057,0.625,0.375,185,80,1,0.01373360889766001,-7.0,shared_signal,1,train_oof,28,185,985,55,0.16479140586535626,0.18516155518386126,-0.05104999062561052,0.19859246915538648,0.0608555714836176,0.1058587162674632,-0.1341580559130465,0.2858712954028456,0.25055329928768133,-0.013731345758177116,0.23587157037527917,high,1.6551669806926506,0.03571428571428571,0.016216216216216217,0.01015228426395939,train_oof,0.2519028810123102,0,0,1,0,drop,train_oof,0.12060301142481507
Base_LR_SMOTE,Base,supervised,LR,SMOTE,423,127,0.08220623333950193,0.053231435729636435,0.0289747976098655,0.13543766906913837,0.5,0.5,28,28,155,0.05880875571085222,0.06102937445872245,-0.002220618747870196,0.11983813016957463,0.5125,0.4875,185,80,1,0.02339747762864971,28.0,shared_signal,1,train_oof,28,185,985,55,0.3245332807103014,0.232850549062499,-0.06129826954265121,0.14176515001458218,0.1694811454805705,0.1291048508254387,-0.2989808707942517,-0.1906203761486702,0.3950835572171418,0.08603115407972645,0.2972285042002392,high,3.5385036955970235,0.0,0.010810810810810811,0.01015228426395939,train_oof,0.25145229107225076,0,1,1,0,drop,train_oof,0.12060301142481507
Base_LR_SMOTE,Base,supervised,LR,SMOTE,95,198,0.02608197515541619,0.1624778780173468,-0.13639590286193062,0.188559853172763,0.2857142857142857,0.7142857142857143,28,28,195,0.03531755980061275,0.12361145930214465,-0.08829389950153195,0.15892901910275734,0.35,0.65,185,80,1,-0.009235584645196557,-3.0,false_positive_risk,1,train_oof,28,185,985,55,0.5174978895992605,0.17958761742489798,-0.05823040240064226,0.1777378642243345,0.3830604694868797,0.3830604694868797,-0.5580014712997856,0.3830604694868797,0.579244165770422,0.35103031482490205,0.24086668406028858,high,2.26518435106021,0.07142857142857142,0.032432432432432434,0.024365482233502538,train_oof,0.24847024344698238,0,1,0,0,drop,train_oof,0.12060301142481507
Base_LR_SMOTE,Base,supervised,LR,SMOTE,448,19,0.3403492379928998,0.32687622184175097,0.013473016151148801,0.6672254598346509,0.75,0.25,28,28,13,0.3444108458751816,0.2891032287897698,0.055307617085411896,0.6335140746649512,0.7625,0.2375,185,80,1,-0.004061607882281826,-6.0,shared_signal,1,train_oof,28,185,985,55,0.11364014494712896,0.005473042791049888,0.0003961660521690844,-0.08455768802338187,-0.37501459218955546,-0.4053139684878124,-0.3035946337722356,-0.3732831992582265,0.11323778416631732,0.10368735220295225,0.005076948990942774,low,-1.1675597065053904,0.0,0.0,0.012182741116751269,train_oof,0.24812747954656877,1,0,0,0,drop,train_oof,0.12060301142481507
Base_LR_SMOTE,Base,supervised,LR,SMOTE,438,137,0.07128696939437863,0.17517776573459543,-0.10389079634021688,0.24646473512897402,0.5357142857142857,0.4642857142857143,28,28,147,0.06632686616147701,0.06831867695911278,-0.0019918107976357896,0.13464554312058968,0.6,0.4,185,80,1,0.004960103232901622,10.0,shared_signal,1,train_oof,28,185,985,55,0.4792149216646894,-0.08038865171772737,0.008652280672553865,-0.13763692311198036,-0.06448839134758849,-0.2380541149500115,-0.1709325859235628,-0.2710518330302809,0.45046720830023956,0.4495847006616915,-0.09588289673347625,high,2.47721823189318,0.07142857142857142,0.0,0.01015228426395939,train_oof,0.24712936319930245,0,1,1,0,drop,train_oof,0.12060301142481507
Base_LR_SMOTE,Base,supervised,LR,SMOTE,154,206,0.02007246407013679,0.008039422365572882,0.012033041704563905,0.028111886435709665,0.5714285714285714,0.42857142857142855,28,28,228,0.010413340830615857,0.010660339230827064,-0.00024699840021120826,0.021073680061442928,0.45,0.55,185,80,1,0.009659123239520933,22.0,true_anomaly_candidate,1,train_oof,28,185,985,55,0.4853113208436808,0.02818380545095795,-0.011254002224440552,-0.1284319359321724,0.22227685897064514,-0.0131060476501582,-0.0617334257657927,-0.2887024349009391,0.4964276973264028,0.4232855434361046,0.04026240018335508,high,2.2643479263615984,0.07142857142857142,0.016216216216216217,0.01015228426395939,train_oof,0.24603327781410128,0,1,1,0,drop,train_oof,0.12060301142481507
Base_LR_SMOTE,Base,supervised,LR,SMOTE,19,45,0.2357560735316488,0.0012289969515454169,0.23452707658010336,0.2369850704831942,0.9642857142857143,0.03571428571428571,28,28,41,0.21594156380283955,0.027101855296599066,0.18883970850624046,0.24304341909943866,0.8125,0.1875,185,80,1,0.019814509728809243,-4.0,shared_signal,1,train_oof,28,185,985,55,0.13954982468869145,0.08593264249010742,-0.026159685262915296,0.11006090558361284,0.09788997567397831,0.0508631371015174,0.0692535209008085,-0.000629937536488,0.15126689708270102,0.14918221417827024,0.10897025500302501,high,0.8456429809529966,0.0,0.021621621621621623,0.01015228426395939,train_oof,0.24584321642032725,1,0,1,0,drop,train_oof,0.12060301142481507
Base_LR_SMOTE,Base,supervised,LR,SMOTE,0,97,0.11887300614775989,0.07209042103171841,0.04678258511604146,0.19096342717947828,0.6428571428571429,0.35714285714285715,28,28,120,0.08248532516240514,0.047206826992839165,0.03527849816956598,0.1296921521552443,0.575,0.425,185,80,1,0.03638768098535475,23.0,shared_signal,1,train_oof,28,185,985,55,-0.2233689035679216,-0.02178289241023937,0.01303240715859409,-0.06597084490545178,-0.31703542224334047,0.0222423453516487,-0.0354161895032002,-0.4009873167426543,-0.23829741009446043,-0.19950757272321873,-0.03536186238824741,low,-2.278167694006935,0.0,0.005405405405405406,0.01015228426395939,train_oof,0.2440063363730314,1,0,1,0,drop,train_oof,0.12060301142481507
Base_LR_SMOTE,Base,supervised,LR,SMOTE,405,79,0.1513489171255348,0.11526986897257654,0.036079048152958225,0.2666187860981113,0.5357142857142857,0.4642857142857143,28,28,97,0.11377351691534288,0.12897269168167882,-0.015199174766335982,0.24274620859702178,0.475,0.525,185,80,1,0.03757540021019193,18.0,shared_signal,1,train_oof,28,185,985,55,0.19227660283351738,-0.08379726535839009,0.01560104726261683,-0.10913128562043611,0.252625703994138,-0.1280378571728545,-0.0073396548516127,-0.1187533800712203,0.1780867882000356,0.27130196887487,-0.1005261202285377,high,2.0445297846094923,0.0,0.005405405405405406,0.016243654822335026,train_oof,0.2426723984598035,0,0,1,0,drop,train_oof,0.12060301142481507
Base_LR_SMOTE,Base,supervised,LR,SMOTE,51,44,0.24352621715574002,0.17455622282228012,0.0689699943334599,0.4180824399780202,0.6428571428571429,0.35714285714285715,28,28,38,0.21869293980815,0.1562361763146431,0.06245676349350683,0.3749291161227931,0.575,0.425,185,80,1,0.024833277347590027,-6.0,shared_signal,1,train_oof,28,185,985,55,0.08171685782664258,0.05610190169661292,-0.012067800787217451,-0.002749492477319211,0.6732580202384905,0.4517565393770975,0.3807848168508331,0.4582043155026735,0.09348411431284662,0.025924412932422293,0.06835872997831259,high,1.4668897940733183,0.0,0.005405405405405406,0.01015228426395939,train_oof,0.24211603559107728,1,0,1,0,drop,train_oof,0.12060301142481507
Base_LR_SMOTE,Base,supervised,LR,SMOTE,419,53,0.21490122903139322,0.10380359628984014,0.11109763274155303,0.3187048253212334,0.5714285714285714,0.42857142857142855,28,28,34,0.22806596052922776,0.1097901162599483,0.1182758442692794,0.337856076789176,0.625,0.375,185,80,1,-0.013164731497834536,-19.0,shared_signal,1,train_oof,28,185,985,55,0.25456616431075707,0.10045410882872319,-0.025848633178644564,-0.0014265755834844281,0.2200932678632196,0.1375806039880872,-0.1816861916126299,0.0651472968356543,0.27883810577540846,0.15338225248827234,0.12582518077982585,high,2.0442763230972107,0.0,0.010810810810810811,0.01015228426395939,train_oof,0.24174567093526877,0,0,0,0,drop,train_oof,0.12060301142481507
Base_LR_SMOTE,Base,supervised,LR,SMOTE,280,21,0.33772123092551853,0.08088122092974138,0.2568400099957771,0.41860245185525985,0.6785714285714286,0.32142857142857145,28,28,9,0.37361065949181793,0.046259594493653,0.3273510649981649,0.419870253985471,0.8125,0.1875,185,80,1,-0.0358894285662994,-12.0,shared_signal,1,train_oof,28,185,985,55,-0.15754893872175188,-0.09675310304242558,0.03392590330178775,-0.20841299130374874,-0.3244816223058373,-0.2774267718995853,-0.1519471708162455,-0.2460568716287501,-0.18435943551421338,-0.0725834087879758,-0.12848496992281652,low,-1.377882873400472,0.0,0.016216216216216217,0.01015228426395939,train_oof,0.24044675754550313,1,0,0,0,drop,train_oof,0.12060301142481507
Base_LR_SMOTE,Base,supervised,LR,SMOTE,563,41,0.25026346416608597,0.08580039613155356,0.16446306803453234,0.33606386029763946,0.6428571428571429,0.35714285714285715,28,28,31,0.24059462640655224,0.1379216363915992,0.10267299001495304,0.37851626279815165,0.65,0.35,185,80,1,0.009668837759533727,-10.0,shared_signal,1,train_oof,28,185,985,55,-0.0828125253370866,0.07176161628173267,0.040590135055820036,0.012699165740906864,-0.0968072849716164,0.0004819304765895,-0.0293258291500953,-0.0790054285279027,-0.13040545078424287,-0.18645380332569497,0.03320827543589531,low,-1.21600585962132,0.0,0.005405405405405406,0.01015228426395939,train_oof,0.24040881095354194,1,0,1,0,drop,train_oof,0.12060301142481507
Base_LR_SMOTE,Base,supervised,LR,SMOTE,124,125,0.08469102705668448,0.17121916966774367,-0.0865281426110592,0.2559101967244281,0.42857142857142855,0.5714285714285714,28,28,126,0.07997025134956144,0.16074761100780668,-0.08077735965824515,0.24071786235736803,0.4375,0.5625,185,80,1,0.004720775707123037,1.0,shared_signal,1,train_oof,28,185,985,55,0.29598927036940637,0.21539087945670896,-0.06942094688019161,0.3434564975620246,0.12484700307778696,0.0377200306384171,-0.2236608866797079,0.2991009479565267,0.363627447952333,0.08435157366210076,0.287921559300098,high,2.1287673691833247,0.10714285714285714,0.03783783783783784,0.013197969543147208,train_oof,0.23773324741047763,0,1,1,0,drop,train_oof,0.12060301142481507
Base_LR_SMOTE,Base,supervised,LR,SMOTE,416,47,0.23399645195776161,0.13565044923108177,0.09834600272667982,0.3696469011888435,0.6071428571428571,0.39285714285714285,28,28,32,0.2380394018912289,0.11180951315391216,0.12622988873731683,0.349848915045141,0.65,0.35,185,80,1,-0.004042949933467294,-15.0,shared_signal,1,train_oof,28,185,985,55,-0.1598617242098466,-0.045695817706008016,0.023744948551430813,-0.23403537547601233,-0.6040377769988489,-0.2328571386294678,-0.144570446481278,-0.363057714928818,-0.17721403205833525,-0.13322374562816924,-0.06849042254939379,low,-2.1572295833095927,0.0,0.005405405405405406,0.01116751269035533,train_oof,0.23639241953474266,1,0,0,0,drop,train_oof,0.12060301142481507
Base_LR_SMOTE,Base,supervised,LR,SMOTE,476,162,0.054011079314292436,0.1426608394044038,-0.08864976009011137,0.19667191871869624,0.5714285714285714,0.42857142857142855,28,28,173,0.04793210979208475,0.1338837861712892,-0.0859516763792044,0.1818158959633739,0.5375,0.4625,185,80,1,0.006078969522207683,11.0,shared_signal,1,train_oof,28,185,985,55,0.33632907856555233,0.16339039610239367,-0.04308586237662696,0.03434453410833759,-0.2258221796555127,-0.1656299293782982,-0.2895049434937763,-0.1771014894575853,0.3909294532778884,0.13489056564389976,0.211334905842771,high,2.9231739293762313,0.03571428571428571,0.016216216216216217,0.01015228426395939,train_oof,0.23627260673189326,0,1,1,0,drop,train_oof,0.12060301142481507
Base_LR_SMOTE,Base,supervised,LR,SMOTE,213,189,0.03193192771660301,0.011419887592316784,0.020512040124286226,0.0433518153089198,0.35714285714285715,0.6428571428571429,28,28,218,0.01526497773044647,0.00922737164478498,0.00603760608566148,0.024492349375231443,0.55,0.45,185,80,1,0.016666949986156542,29.0,true_anomaly_candidate,1,train_oof,28,185,985,55,0.3725432351952561,0.08304492077085461,-0.032527446889775276,0.05893687048688949,-0.0731016380401791,0.0074634306841386,-0.1207476464255284,-0.0375837045165552,0.38051273412092473,0.33497629462717776,0.11751250635102779,high,1.7343626844239597,0.03571428571428571,0.016216216216216217,0.01015228426395939,train_oof,0.236215827541373,0,1,1,0,drop,train_oof,0.12060301142481507
Base_LR_SMOTE,Base,supervised,LR,SMOTE,NA_109,48,0.22770517309168772,0.3869136680988841,-0.15920849500719633,0.6146188411905718,0.21428571428571427,0.7857142857142857,28,28,23,0.26565603527363557,0.36932668318529854,-0.10367064791166283,0.6349827184589335,0.25,0.75,185,80,1,-0.03795086218194785,-25.0,shared_signal,1,train_oof,28,185,985,55,0.7857142857142857,0.7135135135135136,0.6375634517766497,0.6727272727272727,1.0,1.0,1.0,1.0,0.30905247834764804,0.16081731839128693,0.15932264949752503,flat,,,,,train_oof,0.23518839383963602,0,1,0,0,drop,train_oof,0.12060301142481507
Base_LR_SMOTE,Base,supervised,LR,SMOTE,221,50,0.2186048135156587,0.3104140601564029,-0.09180924664074418,0.5290188736720617,0.5,0.5,28,28,51,0.19034073362989373,0.37218695399663265,-0.1818462203667389,0.5625276876265264,0.4625,0.5375,185,80,1,0.02826407988576496,1.0,shared_signal,1,train_oof,28,185,985,55,-0.05090111202764188,-0.0829768748901623,0.007568620218163919,0.1694702195738641,-0.23541710935835988,-0.1391080138170574,0.0749121984969488,-0.0363783119063342,-0.0592033689620368,0.034991560038260545,-0.09277964272968774,low,-1.5173981811192565,0.0,0.010810810810810811,0.012182741116751269,train_oof,0.23445994390714092,0,0,1,0,drop,train_oof,0.12060301142481507
Base_LR_SMOTE,Base,supervised,LR,SMOTE,489,117,0.09132828755393156,0.06696547608363915,0.024362811470292435,0.15829376363757072,0.32142857142857145,0.6785714285714286,28,28,149,0.06451076998238778,0.0814006446803809,-0.016889874697993162,0.14591141466276858,0.4375,0.5625,185,80,1,0.026817517571543784,32.0,shared_signal,1,train_oof,28,185,985,55,0.22874574423452376,0.03161815468203079,-0.012978685581649205,0.01100456371072065,-0.14121366460340856,-0.1464820771400902,-0.2308951138764702,-0.3161589391322874,0.2419672553373626,0.20826099357855327,0.04510146383726913,high,2.9220481462382666,0.0,0.005405405405405406,0.01015228426395939,train_oof,0.23412877438397445,0,0,1,0,drop,train_oof,0.12060301142481507
Base_LR_SMOTE,Base,supervised,LR,SMOTE,NA_72,152,0.05731749522336902,0.06413362979047237,-0.006816134567103345,0.1214511250138414,0.35714285714285715,0.6428571428571429,28,28,166,0.054165032986083717,0.06609326847851452,-0.011928235492430852,0.12025830146459808,0.3375,0.6625,185,80,1,0.0031524622372853042,14.0,shared_signal,1,train_oof,28,185,985,55,0.35714285714285715,0.3945945945945946,0.5461928934010152,0.36363636363636365,0.0,0.0,1.0,0.0,-0.37973612813753754,-0.07646074871741103,-0.30511332869405844,low,0.0,0.6428571428571429,0.6054054054054054,0.45380710659898477,train_oof,0.23382971254080426,0,1,1,0,drop,train_oof,0.12060301142481507
Base_LR_SMOTE,Base,supervised,LR,SMOTE,488,92,0.12245674703984909,0.08254324514921826,0.03991350189063083,0.20499999218906736,0.6071428571428571,0.39285714285714285,28,28,101,0.10531800509708944,0.07173572008671183,0.03358228501037754,0.1770537251838013,0.5625,0.4375,185,80,1,0.017138741942759647,9.0,shared_signal,1,train_oof,28,185,985,55,-0.22382008753980864,0.05862572724784311,0.0013282017168291527,-0.17311284372928412,-0.3223030973770463,0.0396170313408818,-0.0033102708857174,-0.1497408179485377,-0.2278627101234945,-0.27428139114157685,0.057882933947541564,low,-1.395282106447686,0.25,0.15675675675675677,0.13705583756345177,train_oof,0.23306385230759702,1,0,1,0,drop,train_oof,0.12060301142481507
Base_LR_SMOTE,Base,supervised,LR,SMOTE,76,244,0.002245370794420079,0.006590011410342803,-0.004344640615922724,0.00883538220476288,0.32142857142857145,0.6785714285714286,28,28,240,0.0042156502067561795,0.004507371293656598,-0.0002917210869004204,0.00872302150041278,0.5,0.5,185,80,1,-0.0019702794123361003,-4.0,false_positive_risk,1,train_oof,28,185,985,55,-0.4117162512657702,-0.15415472565524252,0.0535859128715655,-0.07790680969967764,-0.1793335171586776,-0.1864500907202956,0.1141125124731043,-0.1523843919884119,-0.46602672392060135,-0.26129384316643134,-0.21057020992926523,low,-2.4201832185386802,0.07142857142857142,0.005405405405405406,0.01015228426395939,train_oof,0.23228529855531654,0,1,0,0,drop,train_oof,0.12060301142481507
Base_LR_SMOTE,Base,supervised,LR,SMOTE,NA_112,230,0.008143140363940926,0.018681322011393883,-0.010538181647452962,0.02682446237533482,0.25,0.75,28,28,226,0.010586082473123204,0.01681318981025449,-0.006227107337131286,0.027399272283377678,0.325,0.675,185,80,1,-0.002442942109182278,-4.0,false_positive_risk,1,train_oof,28,185,985,55,0.25,0.3567567567567568,0.4761421319796954,0.34545454545454546,0.0,0.0,0.0,0.0,-0.4539130660163063,-0.22452202730083257,-0.24036333232961501,flat,,,,,train_oof,0.23151708363661072,0,1,0,0,drop,train_oof,0.12060301142481507
Base_LR_SMOTE,Base,supervised,LR,SMOTE,366,36,0.26464134585349725,0.07324812775190062,0.19139321810159657,0.33788947360539795,0.5357142857142857,0.4642857142857143,28,28,18,0.2843591829176072,0.08599244008441617,0.19836674283319106,0.37035162300202334,0.525,0.475,185,80,1,-0.019717837064109955,-18.0,shared_signal,1,train_oof,28,185,985,55,0.10113027072131829,0.11374531289706735,-0.029179541904324317,0.07912530713686838,-0.1297480531568414,-0.2120995572152933,-0.2532753092445194,-0.2120995572152933,0.1372312102709829,-0.010665284078642277,0.14324238356736768,high,2.6619679344246707,0.03571428571428571,0.03783783783783784,0.01015228426395939,train_oof,0.2285231844677144,0,0,0,0,drop,train_oof,0.12060301142481507
Base_LR_SMOTE,Base,supervised,LR,SMOTE,182,121,0.08728594046767069,0.038731568346992984,0.04855437212067771,0.1260175088146637,0.7142857142857143,0.2857142857142857,28,28,121,0.08141735590746112,0.07656141702002184,0.004855938887439245,0.1579787729274829,0.6375,0.3625,185,80,1,0.005868584560209569,0.0,shared_signal,1,train_oof,28,185,985,55,-0.27635302788923477,0.010669807905150867,0.00676556485409016,-0.003789296002606933,-0.4995819402358892,-0.2308616813579848,-0.1172178714360516,0.0603505815669689,-0.28777179106484885,-0.2598820719403586,0.0038408546692859733,low,-1.5057558223322047,0.0,0.010810810810810811,0.01015228426395939,train_oof,0.22849067040014948,1,0,1,0,drop,train_oof,0.12060301142481507
Base_LR_SMOTE,Base,supervised,LR,SMOTE,181,118,0.09009812698375118,0.04768321955243267,0.042414907431318524,0.13778134653618385,0.6428571428571429,0.35714285714285715,28,28,115,0.08583307464551725,0.04806489721184877,0.037768177433668455,0.13389797185736602,0.625,0.375,185,80,1,0.004265052338233932,-3.0,shared_signal,1,train_oof,28,185,985,55,-0.27464467108023,-0.03924347890882508,0.01730690358139212,-0.035071506543124444,-0.4266429149206659,-0.1129310755716423,-0.0822180283626469,-0.1568068572987785,-0.2844170829676996,-0.26828193052148996,-0.05605234802281526,low,-1.6441958578486946,0.03571428571428571,0.005405405405405406,0.01116751269035533,train_oof,0.227723877445939,1,0,1,0,drop,train_oof,0.12060301142481507
Base_LR_SMOTE,Base,supervised,LR,SMOTE,58,105,0.10552828251106987,0.09271882225034565,0.012809460260724213,0.1982471047614156,0.5,0.5,28,28,128,0.07913280950000458,0.10473753800054877,-0.02560472850054419,0.18387034750055326,0.425,0.575,185,80,1,0.02639547301106529,23.0,shared_signal,1,train_oof,28,185,985,55,0.13381820587005683,0.07866405477761569,-0.027435838759189375,0.1823533820136305,0.0142408426987796,-0.1043227376601092,-0.2895414651859396,0.1882520676036252,0.15929542097247074,0.05589744680359963,0.10539245713848722,high,2.2115012249717947,0.0,0.005405405405405406,0.012182741116751269,train_oof,0.22535772207383015,0,0,1,0,drop,train_oof,0.12060301142481507
Base_LR_SMOTE,Base,supervised,LR,SMOTE,248,124,0.08596983248007792,0.3167490779788678,-0.23077924549878995,0.4027189104589457,0.4642857142857143,0.5357142857142857,28,28,131,0.07842779121330799,0.09258917425583776,-0.014161383042529766,0.17101696546914577,0.5625,0.4375,185,80,1,0.007542041266769925,7.0,shared_signal,1,train_oof,28,185,985,55,0.2715551233794605,-0.07262496329351914,0.007341721096004624,-0.025445827725242932,0.00031695754142269973,-0.0961511199159856,-0.0786114694691841,-0.0961511199159856,0.2398281949585177,0.5826627996194058,-0.07956735799945051,high,1.255003323931621,0.03571428571428571,0.0,0.01015228426395939,train_oof,0.2225826633365445,0,0,1,0,drop,train_oof,0.12060301142481507
Base_LR_SMOTE,Base,supervised,LR,SMOTE,571,158,0.05565041741345901,0.036088545225295324,0.01956187218816369,0.09173896263875433,0.39285714285714285,0.6071428571428571,28,28,188,0.03875143389900727,0.0369209164920248,0.0018305174069824554,0.07567235039103204,0.45,0.55,185,80,1,0.016898983514451738,30.0,shared_signal,1,train_oof,28,185,985,55,-0.2256194176704695,-0.01116114314610911,0.007852598334004146,0.011769923960161596,0.37750370330049066,0.0710012780114829,0.0222808450473944,0.3615059491928787,-0.24214551225843753,-0.18306865747025752,-0.019480744930189663,high,1.8692942738352456,0.0,0.010810810810810811,0.013197969543147208,train_oof,0.22202423349152056,0,0,1,0,drop,train_oof,0.12060301142481507
Base_LR_SMOTE,Base,supervised,LR,SMOTE,522,100,0.11161626932698311,0.08235211710386935,0.029264152223113786,0.19396838643085249,0.4642857142857143,0.5357142857142857,28,28,103,0.10357757505528395,0.09941776608055451,0.004159808974729386,0.2029953411358385,0.475,0.525,185,80,1,0.008038694271699162,3.0,shared_signal,1,train_oof,28,185,985,55,0.17253450847325189,0.07296531386570594,-0.02426353811644294,0.10127337713253308,-0.02368987167456315,-0.0015469946957835,-0.1813998031632842,-0.0541479409174022,0.19453465844895312,0.10674201847305677,0.0972246965155056,high,2.6793316905919844,0.0,0.005405405405405406,0.01015228426395939,train_oof,0.22160293564862343,0,0,1,0,drop,train_oof,0.12060301142481507
Base_LR_SMOTE,Base,supervised,LR,SMOTE,442,224,0.012774500494768038,0.04794041205162709,-0.03516591155685907,0.06071491254639514,0.25,0.75,28,28,207,0.025757278585557902,0.027507589406844717,-0.001750310821286819,0.05326486799240261,0.3875,0.6125,185,80,1,-0.012982778090789864,-17.0,false_positive_risk,1,train_oof,28,185,985,55,-0.3991268154074196,-0.03356395741714921,0.014461454815668753,0.0530461083165541,-0.4504173169157169,-0.2222565663744091,-0.0812929696523994,-0.1484625086368764,-0.4113452807051027,-0.3844994870397352,-0.047819093901940134,low,-1.481993539484654,0.03571428571428571,0.0,0.01116751269035533,train_oof,0.22101038502504683,0,1,0,0,drop,train_oof,0.12060301142481507
Base_LR_SMOTE,Base,supervised,LR,SMOTE,120,150,0.0607965646638114,0.03902523749961725,0.021771327164194155,0.09982180216342863,0.6428571428571429,0.35714285714285715,28,28,191,0.036572053113335765,0.05735768857160215,-0.020785635458266376,0.09392974168493791,0.5125,0.4875,185,80,1,0.024224511550475634,41.0,true_anomaly_candidate,1,train_oof,28,185,985,55,-0.19653395097985982,0.04805066207602712,-0.004207810262392509,0.013786750033210823,-0.452141233398098,-0.0187558998176148,0.0240671706551122,0.0732343997163981,-0.19462688949964999,-0.23188793266659838,0.05235570897876681,low,-2.6980843965209282,0.0,0.0,0.01015228426395939,train_oof,0.22041585694646626,1,0,1,0,drop,train_oof,0.12060301142481507
Base_LR_SMOTE,Base,supervised,LR,SMOTE,53,49,0.2187901675353118,0.2469186669328318,-0.028128499397519945,0.46570883446814365,0.5,0.5,28,28,44,0.20484471172136726,0.26854934153922005,-0.06370462981785288,0.47339405326058737,0.425,0.575,185,80,1,0.013945455813944546,-5.0,shared_signal,1,train_oof,28,185,985,55,0.009482218059120208,0.002637134452799991,-0.0011079222952206022,0.006448271595063471,-0.039332797764317605,0.0220808318641101,0.0922678371537619,0.0922678371537619,0.009851330668382745,0.011737464664271821,0.00366215544380639,low,-2.040715253598513,0.0,0.0,0.01015228426395939,train_oof,0.22016750795707143,0,0,1,0,drop,train_oof,0.12060301142481507
Base_LR_SMOTE,Base,supervised,LR,SMOTE,40,52,0.2162512414869077,0.1268293100077493,0.08942193147915842,0.34308055149465694,0.35714285714285715,0.6428571428571429,28,28,30,0.24806886646406245,0.1304688129513811,0.11760005351268141,0.3785376794154434,0.3375,0.6625,185,80,1,-0.03181762497715476,-22.0,shared_signal,1,train_oof,28,185,985,55,-0.12837715704609245,-0.2123634773203986,0.054372737649882284,-0.19621257493888605,0.3617287118830703,0.3861164217284885,0.4478986200035466,0.4275755284656985,-0.1906767662934344,0.0769819745086344,-0.27156985259611965,low,-2.6377157220048573,0.0,0.010810810810810811,0.012182741116751269,train_oof,0.2200830802862357,0,0,0,0,drop,train_oof,0.12060301142481507
Base_LR_SMOTE,Base,supervised,LR,SMOTE,339,219,0.014692569081046053,0.06938823061273884,-0.0546956615316928,0.0840807996937849,0.35714285714285715,0.6428571428571429,28,28,220,0.014048336560142963,0.06701455953262063,-0.05296622297247765,0.08106289609276361,0.35,0.65,185,80,1,0.0006442325209030896,1.0,shared_signal,1,train_oof,28,185,985,55,0.3126303283701253,0.08400622759542073,-0.024204307118971546,-0.011863030208098917,0.0864297942758533,0.0158868938840242,0.0083829635764088,-0.0065355645351597,0.3470904773248728,0.18151354845501727,0.10914059422636531,high,0.41648064005592644,0.10714285714285714,0.021621621621621623,0.01015228426395939,train_oof,0.219838762184515,0,1,1,0,drop,train_oof,0.12060301142481507
Base_LR_SMOTE,Base,supervised,LR,SMOTE,439,67,0.188848805908919,0.1819071890213539,0.00694161688756514,0.37075599493027317,0.6428571428571429,0.35714285714285715,28,28,58,0.179983504662383,0.1395085039243204,0.04047500073806259,0.3194920085867034,0.6,0.4,185,80,1,0.008865301246536006,-9.0,shared_signal,1,train_oof,28,185,985,55,-0.04035480039082547,-0.12232076808394717,0.030246660836983,-0.11307598699266576,-0.16890348161537455,-0.2112889198494459,-0.117777441524584,-0.1840863909590811,-0.06643547705700965,0.11639104816183557,-0.15016328529401843,low,-1.1835461519119583,0.0,0.005405405405405406,0.01015228426395939,train_oof,0.21943021351408665,1,0,1,0,drop,train_oof,0.12060301142481507
Base_LR_SMOTE,Base,supervised,LR,SMOTE,497,107,0.10359629969630753,0.11411374838500662,-0.010517448688699086,0.21771004808131414,0.4642857142857143,0.5357142857142857,28,28,100,0.10658733406468276,0.10762495034476953,-0.0010376162800867692,0.21421228440945234,0.5375,0.4625,185,80,1,-0.0029910343683752366,-7.0,shared_signal,1,train_oof,28,185,985,55,0.1766672068538348,0.15183285259322793,-0.04488570461000076,0.12787442944974184,0.15303521484563165,0.0042007743184819,-0.2001819091744543,-0.1685326822867804,0.229197645193157,0.023967846124739917,0.20221735959860618,high,3.030289124631786,0.03571428571428571,0.005405405405405406,0.01015228426395939,train_oof,0.2189393354725651,0,0,0,0,drop,train_oof,0.12060301142481507
Base_LR_SMOTE,Base,supervised,LR,SMOTE,3,175,0.043322676848339514,0.047351004714180425,-0.004028327865840907,0.09067368156251995,0.5357142857142857,0.4642857142857143,28,28,181,0.043365445038525956,0.06765662545164526,-0.0242911804131193,0.11102207049017121,0.4625,0.5375,185,80,1,-4.276819018644157e-05,6.0,shared_signal,1,train_oof,28,185,985,55,-0.2580893959909992,-0.21656587504092245,0.054021460720327895,-0.09683598705926809,-0.4646424718330525,-0.4444979613207083,-0.2357824497247368,-0.3113419201464962,-0.30027880218502445,-0.056679820269175646,-0.26854665786056664,low,-1.2009619320121359,0.0,0.010810810810810811,0.01015228426395939,train_oof,0.21859854422686914,0,1,0,0,drop,train_oof,0.12060301142481507
Base_LR_SMOTE,Base,supervised,LR,SMOTE,66,86,0.143982673129219,0.4079334396663429,-0.2639507665371239,0.5519161127955619,0.35714285714285715,0.6428571428571429,28,28,17,0.28721651741018767,0.24482613543081336,0.04239038197937446,0.5320426528410012,0.5375,0.4625,185,80,1,-0.14323384428096866,-69.0,false_positive_risk,1,train_oof,28,185,985,55,-0.6553132475046859,-0.06693770504363332,0.02981639477543533,0.05244157456173505,-0.5795772800615125,-0.0698511910518125,0.0090607732175596,-0.0559487143786184,-0.7139132883005143,-0.4980203195804773,-0.09725527095126416,low,-1.9783705190025902,0.14285714285714285,0.032432432432432434,0.01015228426395939,train_oof,0.21847939204960054,0,1,0,0,drop,train_oof,0.12060301142481507
Base_LR_SMOTE,Base,supervised,LR,SMOTE,499,136,0.07307200801874777,0.03767668565795805,0.03539532236078974,0.11074869367670577,0.6785714285714286,0.32142857142857145,28,28,139,0.07228195137444261,0.05190310541962852,0.020378845954814158,0.1241850567940711,0.6625,0.3375,185,80,1,0.0007900566443051621,3.0,shared_signal,1,train_oof,28,185,985,55,-0.2322021444875582,-0.027297766835101517,0.013829553886963915,-0.03937612210810275,-0.8068866385758996,-0.8068866385758996,-0.8068866385758996,-0.8068866385758996,-0.2482701316813204,-0.20370307432524967,-0.04115722156950626,flat,,,,,train_oof,0.21767067118799355,1,0,1,0,drop,train_oof,0.12060301142481507
Base_LR_SMOTE,Base,supervised,LR,SMOTE,NA_578,88,0.13400146398143528,0.28916105385467594,-0.15515958987324074,0.4231625178361112,0.5,0.5,28,28,74,0.15075164697911456,0.25301592212284146,-0.10226427514372698,0.4037675691019563,0.5625,0.4375,185,80,1,-0.016750182997679275,-14.0,shared_signal,1,train_oof,28,185,985,55,0.5,0.5945945945945946,0.6121827411167513,0.5818181818181818,0.5,1.0,1.0,1.0,-0.22983960551464291,-0.19129580475748717,-0.03602210863706144,low,0.0,0.5,0.40540540540540543,0.38781725888324875,train_oof,0.21758339937588478,0,0,0,0,drop,train_oof,0.12060301142481507
Base_LR_SMOTE,Base,supervised,LR,SMOTE,560,62,0.1991829084673369,0.3984831389688811,-0.19930023050154416,0.597666047436218,0.5357142857142857,0.4642857142857143,28,28,16,0.28771676097697263,0.15290224151263346,0.13481451946433923,0.4406190024896059,0.6875,0.3125,185,80,1,-0.08853385250963572,-46.0,false_positive_risk,1,train_oof,28,185,985,55,0.40824846147849797,-0.002971396565010564,-0.008797997833129944,-0.02480886886721526,0.0890887679887066,-0.2665217178331021,-0.2825945081527318,-0.3087127924221302,0.407229185819044,0.42105172747102193,0.0058267470419130244,high,3.689393799585776,0.03571428571428571,0.016216216216216217,0.013197969543147208,train_oof,0.2162676707456356,0,1,0,0,drop,train_oof,0.12060301142481507
Base_LR_SMOTE,Base,supervised,LR,SMOTE,144,76,0.15607053551375857,0.09236630716707593,0.06370422834668267,0.24843684268083452,0.6785714285714286,0.32142857142857145,28,28,56,0.18342212568759406,0.09909931530017144,0.08432281038742265,0.28252144098776555,0.775,0.225,185,80,1,-0.027351590173835483,-20.0,shared_signal,1,train_oof,28,185,985,55,-0.17735726081503556,-0.21997755244644407,0.058943718595206654,-0.21269778705939626,-0.34170771982501746,-0.4059833943883272,-0.1456262316002371,-0.399474465318625,-0.2290183664711538,0.05542596707301483,-0.27867849897594066,low,-1.1450072009623211,0.0,0.021621621621621623,0.01015228426395939,train_oof,0.21609764248646296,1,0,0,0,drop,train_oof,0.12060301142481507
Base_LR_SMOTE,Base,supervised,LR,SMOTE,92,130,0.07907523147509747,0.07131962232132148,0.00775560915377599,0.1503948537964189,0.6071428571428571,0.39285714285714285,28,28,165,0.05420531160621066,0.07068797992632325,-0.016482668320112588,0.12489329153253385,0.475,0.525,185,80,1,0.024869919868886814,35.0,shared_signal,1,train_oof,28,185,985,55,-0.12460439438111656,-0.03307059928723208,0.011983994312412182,-0.043506573281051855,-0.2978759422726548,-0.0385134995167673,-0.0385134995167673,-0.0995399566357997,-0.132627586359927,-0.09969967132956835,-0.04460346706485712,low,-2.1536905032624283,0.03571428571428571,0.02702702702702703,0.01015228426395939,train_oof,0.2158170080175943,1,0,1,0,drop,train_oof,0.12060301142481507
Base_LR_SMOTE,Base,supervised,LR,SMOTE,82,207,0.019830170383254114,0.0025908990560390287,0.017239271327215085,0.022421069439293142,0.6428571428571429,0.35714285714285715,28,28,217,0.015950593799360847,0.005428610722418292,0.010521983076942552,0.021379204521779143,0.625,0.375,185,80,1,0.0038795765838932662,10.0,shared_signal,1,train_oof,28,185,985,55,-0.2725694830544412,-0.08672737826169007,0.02222699458766626,0.006869287041087785,-0.0549087841781741,-0.110112584617807,0.0554988167010917,0.0361774865472202,-0.29264122973873297,-0.20229158120671922,-0.10890714664750586,low,-2.145697522028832,0.0,0.010810810810810811,0.01015228426395939,train_oof,0.21511381941057184,1,0,1,0,drop,train_oof,0.12060301142481507
Base_LR_SMOTE,Base,supervised,LR,SMOTE,16,95,0.11996221906367151,0.11231140617479778,0.007650812888873713,0.23227362523846934,0.4642857142857143,0.5357142857142857,28,28,87,0.1279236828403454,0.11098251071032028,0.016941172130025096,0.2389061935506655,0.55,0.45,185,80,1,-0.00796146377667388,-8.0,shared_signal,1,train_oof,28,185,985,55,0.13509665303797808,0.18683571206287014,-0.05299137942029877,0.24773019752131076,0.06776463188278364,0.1995240997978128,-0.0647921701799896,0.2348061358355729,0.19020314724934062,-0.05314196257002934,0.24161342039826667,high,1.8828400058362318,0.03571428571428571,0.016216216216216217,0.01015228426395939,train_oof,0.21413304318658027,0,0,0,0,drop,train_oof,0.12060301142481507
Base_LR_SMOTE,Base,supervised,LR,SMOTE,90,166,0.0512343970785588,0.08993849568628114,-0.038704098607722386,0.14117289276483994,0.42857142857142855,0.5714285714285714,28,28,116,0.08501193784882413,0.08425117949518418,0.0007607583536399792,0.1692631173440083,0.4875,0.5125,185,80,1,-0.03377754077026533,-50.0,false_positive_risk,1,train_oof,28,185,985,55,-0.34453682225377374,-0.12040158932986995,0.03602005827839345,-0.05835773828169958,-0.4248919311329148,-0.1340844158060902,0.0370371863285813,-0.0452800120201273,-0.38660567048646566,-0.22402189212556187,-0.15725426326629444,low,-2.2036794901906904,0.0,0.02702702702702703,0.01015228426395939,train_oof,0.2140103966500344,0,1,0,0,drop,train_oof,0.12060301142481507
Base_LR_SMOTE,Base,supervised,LR,SMOTE,77,133,0.07795130589910963,0.11906157901664911,-0.04111027311753946,0.19701288491575877,0.5,0.5,28,28,151,0.06415098651308895,0.08835904415344417,-0.02420805764035521,0.15251003066653307,0.45,0.55,185,80,1,0.013800319386020679,18.0,shared_signal,1,train_oof,28,185,985,55,-0.15043386159022445,-0.042322855053090004,0.010996956805134515,-0.027902088348032667,0.1409228713979443,-0.1700246974283655,-0.0871053457413496,-0.0711593165707695,-0.16383532298952713,-0.0987142993052704,-0.053898536495960485,high,2.544372172104443,0.0,0.021621621621621623,0.01015228426395939,train_oof,0.21398838900736364,0,0,1,0,drop,train_oof,0.12060301142481507
Base_LR_SMOTE,Base,supervised,LR,SMOTE,452,106,0.10502505767909187,0.13460775451229448,-0.029582696833202655,0.23963281219138638,0.35714285714285715,0.6428571428571429,28,28,65,0.16754369774390138,0.1199539633885526,0.04758973435534874,0.2874976611324539,0.5625,0.4375,185,80,1,-0.0625186400648095,-41.0,false_positive_risk,1,train_oof,28,185,985,55,-0.37660002892588906,-0.13019008894835868,0.04758944411959695,-0.2210730775229528,-0.4802029938312846,-0.2088219638980154,-0.0310318968029002,-0.1269162204573918,-0.42153225840026437,-0.2605982736056978,-0.17696168220836325,low,-2.1140718689038107,0.0,0.021621621621621623,0.01015228426395939,train_oof,0.21388931404652387,0,1,0,0,drop,train_oof,0.12060301142481507
Base_LR_SMOTE,Base,supervised,LR,SMOTE,48,81,0.15103430040064025,0.14703677373402368,0.003997526666616589,0.29807107413466394,0.5,0.5,28,28,82,0.13324956715764125,0.12234998418287486,0.010899582974766385,0.255599551340516,0.5625,0.4375,185,80,1,0.017784733242999007,1.0,shared_signal,1,train_oof,28,185,985,55,-0.03917688626352778,0.014771476076212315,0.0012233555654015684,-0.048748018174423875,-0.15399442568748278,0.0711541850771904,-0.0125489551874301,-0.1262409254516723,-0.04061141975969646,-0.05083491544975885,0.013582383237944121,low,-2.3506250982907964,0.0,0.016216216216216217,0.01015228426395939,train_oof,0.21335678373571904,0,0,1,0,drop,train_oof,0.12060301142481507
Base_LR_SMOTE,Base,supervised,LR,SMOTE,46,63,0.19746855065149843,0.280071370895598,-0.08260282024409961,0.47753992154709624,0.42857142857142855,0.5714285714285714,28,28,25,0.257537462136136,0.2101442935196632,0.04739316861647276,0.46768175565579917,0.4875,0.5125,185,80,1,-0.060068911484637555,-38.0,false_positive_risk,1,train_oof,28,185,985,55,-0.25425238994703914,-0.03762660749522144,0.009715336598346442,0.08230191067380761,-0.45244864232699933,-0.0826787164365494,-0.0084677590416331,0.0368542835314893,-0.2662400363035965,-0.20706410524907906,-0.04712840441625903,low,-1.8766894927581717,0.03571428571428571,0.016216216216216217,0.01015228426395939,train_oof,0.21179516328437353,0,0,0,0,drop,train_oof,0.12060301142481507
Base_LR_SMOTE,Base,supervised,LR,SMOTE,128,187,0.034986448120342496,0.11253954817983106,-0.07755310005948855,0.14752599630017355,0.32142857142857145,0.6785714285714286,28,28,184,0.0411413109857431,0.0971306868958936,-0.05598937591015046,0.13827199788163663,0.425,0.575,185,80,1,-0.006154862865400602,-3.0,shared_signal,1,train_oof,28,185,985,55,0.2621272652523984,0.08006246638890357,-0.03067360384931391,0.09623452922247812,0.39821095812912854,-0.0373650767248204,0.0194491886909125,-0.0222146059472917,0.2797050232276247,0.23772261882694617,0.1089911440025639,high,2.515489249288759,0.0,0.005405405405405406,0.012182741116751269,train_oof,0.2109447658528163,0,0,0,0,drop,train_oof,0.12060301142481507
Base_LR_SMOTE,Base,supervised,LR,SMOTE,126,151,0.05954925441211363,0.09015799342941765,-0.030608739017303987,0.14970724784153128,0.4642857142857143,0.5357142857142857,28,28,156,0.058795895739029824,0.07723020244488209,-0.01843430670585229,0.13602609818391193,0.55,0.45,185,80,1,0.0007533586730838066,5.0,shared_signal,1,train_oof,28,185,985,55,0.2079129287021044,0.004406724338277888,-0.013079156958856258,0.08083712255333994,0.184694026401868,-0.048334234033036,-0.0953315302551998,0.0299945930039064,0.21263523489232153,0.24622753931010816,0.017364265711287234,high,4.717974891164911,0.0,0.0,0.012182741116751269,train_oof,0.21018527766329548,0,0,1,0,drop,train_oof,0.12060301142481507
Base_LR_SMOTE,Base,supervised,LR,SMOTE,2,123,0.08674269235394638,0.11805705219682842,-0.03131435984288207,0.2047997445507748,0.4642857142857143,0.5357142857142857,28,28,162,0.0553013520404261,0.11876794315631571,-0.06346659111588959,0.17406929519674189,0.425,0.575,185,80,1,0.031441340313520284,39.0,true_anomaly_candidate,1,train_oof,28,185,985,55,-0.06072744791773983,0.07159481233932934,-0.011386381786811483,0.0038642086776591532,-0.16419207534709795,-0.0138436830044993,0.0469720803673646,-0.1290929332477285,-0.04923070770075492,-0.13273343781872066,0.083324251128877,low,-2.5553411916221265,0.0,0.010810810810810811,0.012182741116751269,train_oof,0.20939832901220246,0,0,1,0,drop,train_oof,0.12060301142481507
Base_LR_SMOTE,Base,supervised,LR,SMOTE,408,213,0.01706982703122079,0.006802430463757196,0.010267396567463592,0.023872257494977983,0.6428571428571429,0.35714285714285715,28,28,223,0.012857034996283332,0.024042841430330197,-0.011185806434046871,0.03689987642661354,0.525,0.475,185,80,1,0.004212792034937457,10.0,shared_signal,1,train_oof,28,185,985,55,-0.23745169561572096,0.04765446451359516,-0.00469678612122617,0.03518795235937049,-0.28678472870299176,-0.1770412429590409,-0.1375867510254893,-0.1974709991286763,-0.24826670477269358,-0.25580153210617185,0.0528971673746783,low,-0.932334644843878,0.03571428571428571,0.021621621621621623,0.01116751269035533,train_oof,0.2087039998797054,1,0,1,0,drop,train_oof,0.12060301142481507
Base_LR_SMOTE,Base,supervised,LR,SMOTE,428,77,0.1546960449712397,0.004735699007683712,0.14996034596355598,0.1594317439789234,0.8214285714285714,0.17857142857142858,28,28,69,0.15535011304696528,0.09447134216081696,0.06087877088614833,0.24982145520778215,0.825,0.175,185,80,1,-0.0006540680757255724,-8.0,shared_signal,1,train_oof,28,185,985,55,-0.07008390512093962,0.001059452190524853,0.006996576134552525,-0.08582334433635627,-0.0863887291917069,-0.1239379796281956,-0.1589249430786937,-0.1042045455271339,-0.07155418753688206,-0.12089433073076572,-0.005749480790844524,high,3.547203666823729,0.0,0.005405405405405406,0.01015228426395939,train_oof,0.20850512733436372,1,0,0,0,drop,train_oof,0.12060301142481507
Base_LR_SMOTE,Base,supervised,LR,SMOTE,41,70,0.17234161908453244,0.045018618443184825,0.12732300064134758,0.2173602375277173,0.75,0.25,28,28,37,0.21903823545933604,0.02341653383522676,0.19562170162410922,0.24245476929456283,0.8375,0.1625,185,80,1,-0.0466966163748036,-33.0,false_positive_risk,1,train_oof,28,185,985,55,0.14360040267289048,0.20009127878115943,-0.04118650554515856,-0.009406921770956232,0.09695370082619024,-0.0451628176830806,-0.131114888077488,-0.1242932951890429,0.22504129163824615,-0.0354718728477423,0.23768715911933075,high,1.286939650658091,0.0,0.021621621621621623,0.01015228426395939,train_oof,0.20842791618874937,1,0,0,0,drop,train_oof,0.12060301142481507
Base_LR_SMOTE,Base,supervised,LR,SMOTE,418,176,0.04178264862183195,0.03679487315275385,0.004987775469078105,0.0785775217745858,0.5714285714285714,0.42857142857142855,28,28,194,0.03634719149394243,0.04270611160096384,-0.006358920107021415,0.0790533030949063,0.5125,0.4875,185,80,1,0.005435457127889523,18.0,shared_signal,1,train_oof,28,185,985,55,-0.18685108109264878,-0.07396234178956186,0.018897509136510626,0.007654363109894953,-0.28586413057842053,-0.1178301921785401,-0.0399573315422211,-0.1081074065065047,-0.20330901818068678,-0.12091926847522491,-0.09297355198365313,low,-1.117143565828484,0.42857142857142855,0.3081081081081081,0.3269035532994924,train_oof,0.20797539869670906,0,0,1,0,drop,train_oof,0.12060301142481507
Base_LR_SMOTE,Base,supervised,LR,SMOTE,55,147,0.06175079151342727,0.09011770636687297,-0.02836691485344572,0.15186849788030024,0.39285714285714285,0.6071428571428571,28,28,148,0.06582204818731457,0.061761596573568514,0.0040604516137460545,0.12758364476088307,0.475,0.525,185,80,1,-0.004071256673887302,1.0,shared_signal,1,train_oof,28,185,985,55,-0.21918869582136427,0.07780216124860784,-0.014640179629174284,0.1310473713195752,-0.8171652248507822,0.0007478061998248,-0.077148672947852,0.1175925249213401,-0.21152692003423254,-0.2677439263955488,0.09408263214492855,low,-2.063508891213612,0.0,0.0,0.016243654822335026,train_oof,0.20789917411162212,0,0,0,0,drop,train_oof,0.12060301142481507
Base_LR_SMOTE,Base,supervised,LR,SMOTE,43,75,0.15758161573546015,0.1993604312604886,-0.04177881552502848,0.35694204699594867,0.39285714285714285,0.6071428571428571,28,28,54,0.1869747923783275,0.22430987291419538,-0.03733508053586786,0.4112846652925228,0.4125,0.5875,185,80,1,-0.029393176642867364,-21.0,shared_signal,1,train_oof,28,185,985,55,-0.15889101515518908,-0.03792969898450789,0.010243677501372343,0.024601965310364658,-0.29971183434803345,-0.25819549757836,-0.3292354558301215,-0.1276903196901872,-0.16816819413315606,-0.1287006971025009,-0.047993804902212306,high,2.432497177794513,0.0,0.0,0.01015228426395939,train_oof,0.20700250470914766,0,0,0,0,drop,train_oof,0.12060301142481507
Base_LR_SMOTE,Base,supervised,LR,SMOTE,78,120,0.08905524714746973,0.07217471211479089,0.016880535032678855,0.16122995926226064,0.5357142857142857,0.4642857142857143,28,28,133,0.0774956328212261,0.04207044779724887,0.03542518502397722,0.11956608061847496,0.675,0.325,185,80,1,0.011559614326243639,13.0,shared_signal,1,train_oof,28,185,985,55,-0.046295703129993,-0.2167043448615217,0.056531125226058895,-0.21487019913998748,-0.371904142855899,-0.3162621942951429,0.1144477038233023,-0.0565997676782811,-0.10156073491570866,0.17203785107606123,-0.2760605667578437,low,-1.854617815096373,0.03571428571428571,0.005405405405405406,0.01015228426395939,train_oof,0.2064400801378905,0,0,1,0,drop,train_oof,0.12060301142481507
Base_LR_SMOTE,Base,supervised,LR,SMOTE,47,194,0.028131903500219473,0.01638069845334164,0.01175120504687784,0.044512601953561125,0.6785714285714286,0.32142857142857145,28,28,209,0.02369222084678147,0.022516567165821157,0.0011756536809603268,0.046208788012602614,0.5875,0.4125,185,80,1,0.004439682653438002,15.0,shared_signal,1,train_oof,28,185,985,55,0.1962932201977891,0.05994606718628143,-0.017827208631830124,0.025599539579490824,0.5520005851979198,0.4863234498581618,0.3402575008625391,0.3234441542155616,0.21341059703565787,0.13888110970910186,0.07754991675062771,high,1.4013057743867101,0.03571428571428571,0.0,0.01015228426395939,train_oof,0.20619769159599405,1,0,1,0,drop,train_oof,0.12060301142481507
Base_LR_SMOTE,Base,supervised,LR,SMOTE,31,116,0.09196592849981262,0.07057298878001958,0.021392939719793034,0.16253891727983213,0.8571428571428571,0.14285714285714285,28,28,96,0.1150326442326515,0.07798946793893319,0.037043176293718345,0.1930221121715847,0.875,0.125,185,80,1,-0.023066715732838874,-20.0,false_positive_risk,1,train_oof,28,185,985,55,-0.1842013299717274,-0.16780167598270185,0.04728560808867742,-0.1805619506927604,-0.42210975833819825,-0.4714221460573344,-0.4513250220057618,-0.4745855822506375,-0.22548087366211989,-0.01955833301462025,-0.2134780798492023,high,1.951137290774142,0.0,0.0,0.01015228426395939,train_oof,0.20554609734886314,1,0,0,0,drop,train_oof,0.12060301142481507
Base_LR_SMOTE,Base,supervised,LR,SMOTE,548,114,0.09430757437109367,0.08270329904446835,0.011604275326625304,0.17701087341556204,0.6785714285714286,0.32142857142857145,28,28,130,0.0784721899859521,0.08234365979408956,-0.0038714698081374634,0.16081584978004165,0.6,0.4,185,80,1,0.01583538438514158,16.0,shared_signal,1,train_oof,28,185,985,55,0.07124850185314595,0.17146526902108938,0.007887595092443219,0.05926518440892858,-0.3798559745238552,-0.251503160320059,-0.2909593705461002,-0.3310134021392013,0.06991159272336066,-0.1001131876485117,0.17863636677272562,low,-1.2298258710883863,0.03571428571428571,0.0,0.01015228426395939,train_oof,0.20540019410706764,1,0,1,0,drop,train_oof,0.12060301142481507
Base_LR_SMOTE,Base,supervised,LR,SMOTE,212,129,0.07967887176654612,0.08110472727411515,-0.001425855507569038,0.16078359904066128,0.5714285714285714,0.42857142857142855,28,28,138,0.07245036345023795,0.0677063809656697,0.004743982484568261,0.1401567444159076,0.65,0.35,185,80,1,0.007228508316308169,9.0,shared_signal,1,train_oof,28,185,985,55,0.08828643240577778,0.10826514358868126,-0.020177266203440805,-0.05634813682702683,-0.13121450382369926,-0.2358343606241309,-0.3232778230244916,-0.3732455158246977,0.12222874912328321,-0.013956643752971058,0.12782532268887883,high,3.2311740043181736,0.0,0.010810810810810811,0.01015228426395939,train_oof,0.20515823649590081,0,0,1,0,drop,train_oof,0.12060301142481507
Base_LR_SMOTE,Base,supervised,LR,SMOTE,433,243,0.002405694358172158,0.005394424669617355,-0.0029887303114451975,0.007800119027789512,0.5,0.5,28,28,246,0.002291215185860643,0.0034979057761427386,-0.0012066905902820958,0.0057891209620033815,0.45,0.55,185,80,1,0.00011447917231151511,3.0,shared_signal,1,train_oof,28,185,985,55,0.24473968533778542,0.012444945090596205,-0.013330306761629612,0.06643656596053946,-0.10822655773433486,-0.1486962060222151,-0.2502259896475837,-0.2258389027625041,0.25788816011903737,0.22882100027140853,0.025960741084911435,high,3.159940323247934,0.03571428571428571,0.021621621621621623,0.01015228426395939,train_oof,0.20502027064550138,0,0,1,0,drop,train_oof,0.12060301142481507
Base_LR_SMOTE,Base,supervised,LR,SMOTE,525,190,0.03067675369549747,0.01677403123524685,0.013902722460250622,0.04745078493074432,0.5357142857142857,0.4642857142857143,28,28,192,0.03646796318725325,0.07483067596765847,-0.03836271278040525,0.11129863915491175,0.575,0.425,185,80,1,-0.005791209491755777,2.0,shared_signal,1,train_oof,28,185,985,55,-0.17571183713547422,0.1299875705014105,-0.01977612555517459,0.005135769306584241,-0.14562857361581036,-0.1183927486626758,-0.0924705487072807,-0.1913602385371192,-0.24085920077703463,-0.15851504208342637,0.1477605211161429,low,-1.169034926054814,0.0,0.010810810810810811,0.01015228426395939,train_oof,0.20500722953403533,0,0,0,0,drop,train_oof,0.12060301142481507
Base_LR_SMOTE,Base,supervised,LR,SMOTE,18,204,0.022397355832720265,0.06254159725950906,-0.040144241426788796,0.08493895309222932,0.42857142857142855,0.5714285714285714,28,28,204,0.027269446632279322,0.05649572474330487,-0.02922627811102556,0.08376517137558417,0.525,0.475,185,80,1,-0.004872090799559057,0.0,false_positive_risk,1,train_oof,28,185,985,55,0.2389923192219067,0.05067486741297906,-0.011975939180012059,-0.07812289675891157,0.23435055269393995,-0.1098534662967586,-0.1584377345428622,-0.1832347860033508,0.24721455250204213,0.21634391462606317,0.06269258669820206,high,2.245416110986796,0.03571428571428571,0.005405405405405406,0.01015228426395939,train_oof,0.20476796394090982,0,0,0,0,drop,train_oof,0.12060301142481507
Base_LR_SMOTE,Base,supervised,LR,SMOTE,349,134,0.07664980567003492,0.04042516944640508,0.03622463622362985,0.11707497511644002,0.6071428571428571,0.39285714285714285,28,28,132,0.0776725441938411,0.09220765962728143,-0.01453511543344033,0.16988020382112254,0.4,0.6,185,80,1,-0.0010227385238061881,-2.0,shared_signal,1,train_oof,28,185,985,55,0.1593246684479401,-0.07612934004888111,0.008231427476818813,-0.028779868155450215,0.05551660839195205,-0.1874963584276403,-0.1207869165555954,-0.2256160394973804,0.14821887210522686,0.27782626595148463,-0.08419058800359316,high,4.414311540311365,0.0,0.0,0.01015228426395939,train_oof,0.20374557048083572,1,0,0,0,drop,train_oof,0.12060301142481507
Base_LR_SMOTE,Base,supervised,LR,SMOTE,483,160,0.054992999937965845,0.0276489295206227,0.027344070417343137,0.08264192945858854,0.8214285714285714,0.17857142857142858,28,28,158,0.05809983903208883,0.025999505185845102,0.03210033384624372,0.08409934421793396,0.7625,0.2375,185,80,1,-0.0031068390941229873,-2.0,shared_signal,1,train_oof,28,185,985,55,-0.14855049184291394,-0.14299471326478186,0.0398330789901586,-0.09625543433901342,-0.33835536722320947,-0.4155275345918631,-0.2631407964228853,-0.2993519644489684,-0.18315363438399165,-0.006729282673210768,-0.18171954604026025,low,-1.0627729969763844,0.03571428571428571,0.06486486486486487,0.09746192893401015,train_oof,0.20323797562649704,1,0,0,0,drop,train_oof,0.12060301142481507
Base_LR_SMOTE,Base,supervised,LR,SMOTE,107,196,0.026754706049962104,0.05681762571321817,-0.030062919663256055,0.08357233176318025,0.42857142857142855,0.5714285714285714,28,28,171,0.047998932001401734,0.05622518156881662,-0.008226249567414882,0.1042241135702184,0.55,0.45,185,80,1,-0.02124422595143963,-25.0,false_positive_risk,1,train_oof,28,185,985,55,-0.26527007881501236,-0.0014145769705516623,0.01688858564304888,-0.16110206932613447,-0.1504056615530453,0.0735215328145493,0.0069638276876572,0.0069638276876572,-0.29161340571442507,-0.2477289745657686,-0.018451849161825382,low,-2.5932990590494,0.0,0.032432432432432434,0.01116751269035533,train_oof,0.20298241654646054,0,0,0,0,drop,train_oof,0.12060301142481507
Base_LR_SMOTE,Base,supervised,LR,SMOTE,6,169,0.048872949850143683,0.060199496669086854,-0.01132654681894316,0.10907244651923051,0.35714285714285715,0.6428571428571429,28,28,175,0.04414177543869454,0.07660649425431079,-0.032464718815616266,0.12074826969300534,0.4375,0.5625,185,80,1,0.004731174411449143,6.0,shared_signal,1,train_oof,28,185,985,55,0.12756791473907253,0.13173060473128814,-0.03403253567189414,0.057613377044426844,-0.0955974285363066,0.1207014751956478,0.0426083464600983,0.1903455542148767,0.15615390052722225,-0.005076882913777786,0.16399263500092517,low,-2.826514463517873,0.0,0.0,0.01116751269035533,train_oof,0.20253234974873074,0,0,1,0,drop,train_oof,0.12060301142481507
Base_LR_SMOTE,Base,supervised,LR,SMOTE,354,164,0.05194997551515862,0.07472327248493875,-0.022773296969780123,0.1266732480000974,0.5714285714285714,0.42857142857142855,28,28,179,0.04355598282059412,0.056031304196781394,-0.012475321376187263,0.09958728701737554,0.5375,0.4625,185,80,1,0.008393992694564499,15.0,shared_signal,1,train_oof,28,185,985,55,-0.14258608442022175,0.07952104161633879,-0.008805950111026209,-0.017377850205099427,0.21960293054374805,0.1931342329550317,0.1704467778789887,0.0343220474227313,-0.1358908712890863,-0.22015344022349645,0.08980442349366842,high,2.0659080246321144,0.0,0.016216216216216217,0.01015228426395939,train_oof,0.20230229501856511,0,0,1,0,drop,train_oof,0.12060301142481507
Base_LR_SMOTE,Base,supervised,LR,SMOTE,34,248,0.0018233206744036712,0.0004030985584411716,0.0014202221159624992,0.002226419232844843,0.35714285714285715,0.6428571428571429,28,28,249,0.0010820183348886465,0.0003356318754991391,0.0007463864593895075,0.0014176502103877854,0.4,0.6,185,80,1,0.0007413023395150247,1.0,true_anomaly_candidate,1,train_oof,28,185,985,55,0.22643665872469582,0.010994795744520749,-0.005593651389970962,-0.05540891068278756,-0.2244940672307216,-0.1779128198493064,-0.159460741221111,-0.1624950830399665,0.2358748043652891,0.17941485624130446,0.016748803909665447,low,-0.5855807436750265,0.0,0.005405405405405406,0.012182741116751269,train_oof,0.2022367541469941,0,0,1,0,drop,train_oof,0.12060301142481507
Base_LR_SMOTE,Base,supervised,LR,SMOTE,139,216,0.015382963585864443,0.06797829371433102,-0.05259533012846657,0.08336125730019546,0.17857142857142858,0.8214285714285714,28,28,176,0.04411796099637093,0.06057954772044764,-0.016461586724076743,0.1046975087168186,0.325,0.675,185,80,1,-0.028734997410506485,-40.0,false_positive_risk,1,train_oof,28,185,985,55,-0.31947049605355116,0.003947801367043292,0.006223878990262611,0.05595228170194762,-0.3634064059942239,-0.3086175797159625,-0.3089518821522202,-0.2970102276819467,-0.3260476341927741,-0.3589418677590351,-0.002280050716503762,low,-1.112580988645901,0.03571428571428571,0.0,0.01015228426395939,train_oof,0.2015191879457563,0,1,0,0,drop,train_oof,0.12060301142481507
Base_LR_SMOTE,Base,supervised,LR,SMOTE,500,139,0.06787609185548334,0.08133033543713475,-0.013454243581651421,0.1492064272926181,0.39285714285714285,0.6071428571428571,28,28,168,0.05166717334777153,0.10032129451192409,-0.048654121164152554,0.15198846785969558,0.3125,0.6875,185,80,1,0.016208918507711806,29.0,shared_signal,1,train_oof,28,185,985,55,0.09082157879390616,-0.08351388886859261,0.017344526886407422,-0.0702893890937456,-0.5538563420510734,-0.7451791565961735,-0.7451791565961735,-0.7451791565961735,0.07293424372317474,0.1788459593122783,-0.10078952057932573,high,2.278259271059122,0.0,0.0,0.01015228426395939,train_oof,0.20092221416576295,0,0,1,0,drop,train_oof,0.12060301142481507
Base_LR_SMOTE,Base,supervised,LR,SMOTE,585,200,0.025147122006711365,0.011835732383353644,0.013311389623357721,0.03698285439006501,0.5,0.5,28,28,153,0.06050423962715277,0.013370186206626531,0.04713405342052624,0.07387442583377929,0.3875,0.6125,185,80,1,-0.0353571176204414,-47.0,false_positive_risk,1,train_oof,28,185,985,55,0.08308558546234844,0.1538176134293131,-0.032038419912118296,0.012029941285980053,-0.01980857770343585,-0.0977422566895624,-0.0916574480523571,-0.1532618383228197,0.3335936973194557,-0.030670497731205868,0.18145054498510718,high,1.2786180803803224,0.07142857142857142,0.016216216216216217,0.01015228426395939,train_oof,0.20091666255025725,0,1,0,0,drop,train_oof,0.12060301142481507
Base_LR_SMOTE,Base,supervised,LR,SMOTE,45,57,0.20768530324225096,0.2662779252375161,-0.0585926219952651,0.4739632284797671,0.5357142857142857,0.4642857142857143,28,28,22,0.26757919369034566,0.20592621422678792,0.06165297946355765,0.4735054079171334,0.5125,0.4875,185,80,1,-0.059893890448094705,-35.0,false_positive_risk,1,train_oof,28,185,985,55,-0.16577115843421275,-0.00422696932817304,-0.00011505154065283466,0.10058070552985225,-0.02437093850328,-0.2630494133446102,0.003445260346577,0.0849260290450713,-0.1712810128629237,-0.14130420869309696,-0.00412924157351731,low,-1.8445060728365184,0.10714285714285714,0.021621621621621623,0.01015228426395939,train_oof,0.20089726751016046,0,0,0,0,drop,train_oof,0.12060301142481507
Base_LR_SMOTE,Base,supervised,LR,SMOTE,288,192,0.03020754890714695,0.044716426336290825,-0.014508877429143882,0.07492397524343777,0.42857142857142855,0.5714285714285714,28,28,210,0.022738699390020177,0.050211374476525475,-0.027472675086505315,0.07295007386654567,0.3875,0.6125,185,80,1,0.007468849517126772,18.0,shared_signal,1,train_oof,28,185,985,55,0.07362271481465735,0.18240238394620092,-0.047641079612712835,0.18779484337480212,0.0413299902803478,0.0413299902803478,-0.1230693346215914,0.1235296527313173,0.15920327856657193,-0.06426493434974295,0.2309640007588998,high,1.6853232392997408,0.0,0.021621621621621623,0.01116751269035533,train_oof,0.20080693474866762,0,0,1,0,drop,train_oof,0.12060301142481507
Base_LR_SMOTE,Base,supervised,LR,SMOTE,472,94,0.12014704439927437,0.11414810458837281,0.005998939810901561,0.23429514898764717,0.4642857142857143,0.5357142857142857,28,28,88,0.1277594651968164,0.10671106499524734,0.02104840020156907,0.23447053019206385,0.55,0.45,185,80,1,-0.007612420797542041,-6.0,shared_signal,1,train_oof,28,185,985,55,-0.0736050604328365,-0.028505723388636394,0.008769329721903195,-0.013207780149069906,-0.17887810671963578,-0.0478415737043933,0.0208405380243309,0.0528680647551131,-0.08296108935164513,-0.042055176509683885,-0.03742454180621465,low,-1.9863700588110071,0.03571428571428571,0.032432432432432434,0.01015228426395939,train_oof,0.19972003143805056,0,0,0,0,drop,train_oof,0.12060301142481507
Base_LR_SMOTE,Base,supervised,LR,SMOTE,101,161,0.054310695388642985,0.015733212903092975,0.038577482485550006,0.07004390829173597,0.7857142857142857,0.21428571428571427,28,28,136,0.07458831795089207,0.04534409735700739,0.02924422059388469,0.11993241530789948,0.6875,0.3125,185,80,1,-0.02027762256224909,-25.0,false_positive_risk,1,train_oof,28,185,985,55,-0.1786948211340431,-0.16082724794939787,0.04255453229252267,-0.13462147394525142,-0.17869482113404314,0.0416719148099151,0.0416719148099151,0.0416719148099151,-0.2241910489367243,-0.017121756348367295,-0.2004528574459699,low,-2.161995444629668,0.0,0.043243243243243246,0.015228426395939087,train_oof,0.19959996089751364,1,0,0,0,drop,train_oof,0.12060301142481507
Base_LR_SMOTE,Base,supervised,LR,SMOTE,368,113,0.09598554887190566,0.2191498015462505,-0.12316425267434485,0.31513535041815605,0.32142857142857145,0.6785714285714286,28,28,106,0.09861741069581272,0.2711677764187671,-0.1725503657229544,0.36978518711457975,0.4875,0.5125,185,80,1,-0.002631861823907053,-7.0,shared_signal,1,train_oof,28,185,985,55,0.05302885765725,0.16369512372915232,-0.03596276556510398,0.04881704627049319,0.056291528449808,-0.080740644837631,-0.1720954270292572,-0.080740644837631,0.09149993070840771,-0.10389754951957575,0.1994290763424651,high,3.030803236609145,0.0,0.02702702702702703,0.01015228426395939,train_oof,0.1988750826374523,0,0,0,0,drop,train_oof,0.12060301142481507
Base_LR_SMOTE,Base,supervised,LR,SMOTE,89,209,0.01966459418586904,0.03383698457346498,-0.014172390387595931,0.053501578759334,0.42857142857142855,0.5714285714285714,28,28,189,0.03849370345697396,0.01946825696759544,0.01902544648937852,0.05796196042456938,0.625,0.375,185,80,1,-0.018829109271104923,-20.0,false_positive_risk,1,train_oof,28,185,985,55,-0.22302845252749964,-0.05934984657098047,-0.0007132639792355405,0.26683882957733934,-0.33479756605062017,-0.0204508216177593,0.0196044422157906,-0.0239338880380681,-0.2592537722792252,-0.4302746235414909,-0.0723231387056849,low,-0.7094710208832274,0.0,0.016216216216216217,0.01015228426395939,train_oof,0.19848265269514148,0,0,0,0,drop,train_oof,0.12060301142481507
Base_LR_SMOTE,Base,supervised,LR,SMOTE,588,182,0.037939497635451604,0.020903017209766683,0.017036480425684904,0.05884251484521829,0.5357142857142857,0.4642857142857143,28,28,180,0.043378207943214245,0.038382994107406775,0.004995213835807469,0.081761202050621,0.325,0.675,185,80,1,-0.005438710307762641,-2.0,shared_signal,1,train_oof,28,185,985,55,0.16816246710352095,-0.00259159106168931,-0.00916168128501552,0.09578808121500407,0.0430020772038354,-0.2833965866522073,-0.2490388325620975,-0.0085345539313291,0.18072651160209743,0.16217748943568866,0.00655252479850631,high,3.358525346899427,0.0,0.005405405405405406,0.01116751269035533,train_oof,0.1983869829756224,0,0,0,0,drop,train_oof,0.12060301142481507
Base_LR_SMOTE,Base,supervised,LR,SMOTE,577,128,0.07988754529667094,0.06889800887645411,0.010989536420216797,0.14878555417312506,0.7142857142857143,0.2857142857142857,28,28,129,0.07849502472092104,0.09066475416527527,-0.012169729444354217,0.16915977888619632,0.7625,0.2375,185,80,1,0.0013925205757499004,1.0,shared_signal,1,train_oof,28,185,985,55,-0.06636872654783675,-0.0971060962433006,0.03102509390823174,-0.19521391547742503,-0.22200475747645987,-0.2195732715529488,-0.2187099752478586,-0.2326177579243586,-0.09174060491360322,0.041151297254140254,-0.12513931099536804,low,-0.7716472985833824,0.0,0.032432432432432434,0.013197969543147208,train_oof,0.19794307350833168,1,0,1,0,drop,train_oof,0.12060301142481507
Base_LR_SMOTE,Base,supervised,LR,SMOTE,338,184,0.03670750345790613,0.15756060336506156,-0.12085309990715543,0.19426810682296766,0.6428571428571429,0.35714285714285715,28,28,183,0.042141590943713794,0.20857683907382202,-0.1664352481301083,0.2507184300175359,0.5625,0.4375,185,80,1,-0.005434087485807662,-1.0,shared_signal,1,train_oof,28,185,985,55,0.16359904167062037,0.07714018024218693,-0.017477464014187045,-0.038230020267695494,-0.07258535430793786,-0.0783145226365839,-0.098748556342088,-0.0723784676738478,0.1775523544465012,0.08336799533664759,0.09311107841834149,high,0.5454416768279051,0.03571428571428571,0.021621621621621623,0.01015228426395939,train_oof,0.1977191241969643,1,0,0,0,drop,train_oof,0.12060301142481507
Base_LR_SMOTE,Base,supervised,LR,SMOTE,296,103,0.10998259113695068,0.09553670654624624,0.014445884590704434,0.20551929768319693,0.6428571428571429,0.35714285714285715,28,28,95,0.11591452583679016,0.09491193126357428,0.021002594573215898,0.2108264571003644,0.7125,0.2875,185,80,1,-0.005931934699839478,-8.0,shared_signal,1,train_oof,28,185,985,55,-0.04789695647905327,-0.0871585123367738,0.025121843846941282,-0.11708661115017284,-0.25460638527795953,-0.3165049123528943,-0.3709307244487728,-0.258662660332648,-0.070008592460293,0.04738995941661251,-0.11071118663881373,high,3.5675388683542786,0.03571428571428571,0.005405405405405406,0.01015228426395939,train_oof,0.1968869940752097,1,0,0,0,drop,train_oof,0.12060301142481507
Base_LR_SMOTE,Base,supervised,LR,SMOTE,367,148,0.06104734531185625,0.04051694633169969,0.020530398980156572,0.10156429164355595,0.6071428571428571,0.39285714285714285,28,28,159,0.0576210800515917,0.07757363667634651,-0.01995255662475478,0.1351947167279382,0.6125,0.3875,185,80,1,0.0034262652602645507,11.0,shared_signal,1,train_oof,28,185,985,55,-0.10718995839345699,0.06981434734097548,-0.014623277806981807,0.0672980479874136,-0.15133365825982253,-0.2396210579925537,-0.2043060980994612,-0.1689911382063688,-0.10019595211981241,-0.15373276367694383,0.08612186869620311,high,3.279161545755175,0.0,0.010810810810810811,0.01015228426395939,train_oof,0.19654835261326842,1,0,1,0,drop,train_oof,0.12060301142481507
Base_LR_SMOTE,Base,supervised,LR,SMOTE,310,188,0.0323902549452518,0.03073945749277703,0.0016507974524747789,0.06312971243802883,0.5357142857142857,0.4642857142857143,28,28,185,0.04052521919381092,0.03194827027537432,0.008576948918436588,0.0724734894691852,0.5625,0.4375,185,80,1,-0.00813496424855912,-3.0,false_positive_risk,1,train_oof,28,185,985,55,0.15633684724141325,0.07709071341027678,-0.02763329193342448,0.15311329019808265,0.0386008273729143,-0.0445548134740834,-0.1037889685979735,0.0648005498315571,0.18441777931460288,0.07743859293420384,0.103915815023949,high,2.520739750737417,0.0,0.021621621621621623,0.012182741116751269,train_oof,0.19639240417988812,0,0,0,0,drop,train_oof,0.12060301142481507
Base_LR_SMOTE,Base,supervised,LR,SMOTE,353,170,0.048048518474351695,0.07422003477866368,-0.02617151630431198,0.12226855325301542,0.32142857142857145,0.6785714285714286,28,28,137,0.07284839506873889,0.050444946473300736,0.022403448595438157,0.12329334154203964,0.5,0.5,185,80,1,-0.02479987659438719,-33.0,false_positive_risk,1,train_oof,28,185,985,55,0.24589615059456463,-0.06636538286979414,0.01768768943158518,-0.18475715635634274,0.34056159708147704,0.0952506564254876,0.1143657946584219,-0.0895290131595432,0.22598511160915286,0.34571617719810505,-0.0842507264345624,high,2.113299516803793,0.03571428571428571,0.0,0.01015228426395939,train_oof,0.19624083888388102,0,0,0,0,drop,train_oof,0.12060301142481507
Base_LR_SMOTE,Base,supervised,LR,SMOTE,123,231,0.007792134460783712,0.01672413998432908,-0.00893200552354537,0.024516274445112788,0.5,0.5,28,28,236,0.005287735207811216,0.015368606608993321,-0.01008087140118211,0.020656341816804542,0.375,0.625,185,80,1,0.0025043992529724954,5.0,shared_signal,1,train_oof,28,185,985,55,0.12146689392579242,0.18520213611628264,-0.05362595352670218,0.2560778973255872,-0.1909908993944805,0.1773803937831016,-0.0068052528056853,0.1773803937831016,0.1710074269095374,-0.07137036905474657,0.24008725005617682,low,-2.677497128343162,0.0,0.0,0.012182741116751269,train_oof,0.19546943273163492,0,0,1,0,drop,train_oof,0.12060301142481507
Base_LR_SMOTE,Base,supervised,LR,SMOTE,10,235,0.006050353575271095,0.012727632901953423,-0.006677279326682328,0.018777986477224517,0.2857142857142857,0.7142857142857143,28,28,237,0.005078110406298046,0.009009043610423834,-0.003930933204125792,0.014087154016721875,0.4375,0.5625,185,80,1,0.0009722431689730493,2.0,shared_signal,1,train_oof,28,185,985,55,0.1764646279351259,-0.05578796379563324,0.0009104952528946493,0.08297683709089518,0.40417692777714304,0.0751307280054296,0.0319771280353688,0.1830147279305815,0.17620955570092436,0.22908360390030008,-0.05735438608529693,high,2.302719558459966,0.03571428571428571,0.005405405405405406,0.01015228426395939,train_oof,0.19503139533015243,0,0,1,0,drop,train_oof,0.12060301142481507
Base_LR_SMOTE,Base,supervised,LR,SMOTE,184,142,0.06693664172863352,0.04121155441615908,0.025725087312474443,0.10814819614479261,0.7142857142857143,0.2857142857142857,28,28,143,0.06903312110471906,0.03311728245715824,0.035915838647560816,0.10215040356187728,0.6875,0.3125,185,80,1,-0.002096479376085536,1.0,shared_signal,1,train_oof,28,185,985,55,-0.10154766106404818,-0.02934451596681296,0.008038054626576821,0.006076478107861311,-0.16481392686752872,-0.0776589863115098,-0.1101857105381581,-0.0801610420212521,-0.10036242191383236,-0.16507707549690834,-0.036340762073107366,low,-0.8167996037121427,0.0,0.010810810810810811,0.01015228426395939,train_oof,0.1947759114315576,1,0,0,0,drop,train_oof,0.12060301142481507
Base_LR_SMOTE,Base,supervised,LR,SMOTE,98,232,0.007680344632106471,0.021961062213869537,-0.014280717581763061,0.029641406845976003,0.32142857142857145,0.6785714285714286,28,28,214,0.01760562794736708,0.025509889158185816,-0.007904261210818737,0.04311551710555289,0.475,0.525,185,80,1,-0.00992528331526061,-18.0,false_positive_risk,1,train_oof,28,185,985,55,-0.16986627386685096,-0.15515669131428805,0.039592841235917116,-0.10964047851845844,-0.1679941956529355,0.0065398219010423,0.0526956617591707,0.0526956617591707,-0.21338088337978778,-0.013979900263457893,-0.19270573861486556,low,-2.3396426967004387,0.0,0.02702702702702703,0.01015228426395939,train_oof,0.19463797463733595,0,0,0,0,drop,train_oof,0.12060301142481507
Base_LR_SMOTE,Base,supervised,LR,SMOTE,468,180,0.03853489551770926,0.1144652133985968,-0.07593031788088757,0.15300010891630608,0.17857142857142858,0.8214285714285714,28,28,113,0.0893800788437757,0.12611096804187075,-0.03673088919809502,0.2154910468856464,0.2875,0.7125,185,80,1,-0.05084518332606645,-67.0,false_positive_risk,1,train_oof,28,185,985,55,-0.28645143750960095,-0.11882183432985237,0.03403770356920998,-0.059687172605088594,-0.47361199497470957,-0.5346417921879876,-0.2490047339036106,-0.553504272927027,-0.3267621702857819,-0.16851917269630023,-0.153604105541433,low,-0.9802319324172032,0.0,0.12972972972972974,0.1634517766497462,train_oof,0.19434785753627504,0,1,0,0,drop,train_oof,0.12060301142481507
Base_LR_SMOTE,Base,supervised,LR,SMOTE,269,122,0.08678730240665253,0.12055675305147977,-0.033769450644827274,0.20734405545813228,0.4642857142857143,0.5357142857142857,28,28,114,0.08787931497723975,0.1666006776743853,-0.07872136269714555,0.254479992651625,0.3125,0.6875,185,80,1,-0.0010920125705872197,-8.0,shared_signal,1,train_oof,28,185,985,55,-0.05217786083441871,-0.0811446644059592,0.011624311209215758,0.11675925997320008,-0.07282539483716954,-0.1446485445305078,-0.0406109177019877,0.0351471547018226,-0.06502089609978305,0.027707001486916297,-0.09297666012197417,low,-1.838453754025781,0.0,0.010810810810810811,0.01015228426395939,train_oof,0.1943077089937552,0,0,0,0,drop,train_oof,0.12060301142481507
Base_LR_SMOTE,Base,supervised,LR,SMOTE,118,254,6.991052941693301e-05,4.318940761091676e-05,2.6721121806016256e-05,0.00011309993702784977,0.5714285714285714,0.42857142857142855,28,28,253,8.191478089427512e-05,4.522104956333979e-05,3.669373133093536e-05,0.00012713583045761485,0.5375,0.4625,185,80,1,-1.2004251477342113e-05,-1.0,shared_signal,1,train_oof,28,185,985,55,-0.1584703536061681,-0.09173400358867821,0.019565950278489546,-0.012239408013024507,-0.14713685773837226,0.0623061458984972,0.0623061458984972,0.0369191151546368,-0.1816044666345675,-0.06247542325104397,-0.11089707826817638,low,-2.3535236996875275,0.0,0.016216216216216217,0.01015228426395939,train_oof,0.19409422498479106,0,0,0,0,drop,train_oof,0.12060301142481507
Base_LR_SMOTE,Base,supervised,LR,SMOTE,39,218,0.014732655744896737,0.0647099440707836,-0.049977288325886875,0.07944259981568037,0.6071428571428571,0.39285714285714285,28,28,205,0.027258219046162647,0.049983593423044974,-0.02272537437688234,0.07724181246920761,0.5375,0.4625,185,80,1,-0.01252556330126591,-13.0,false_positive_risk,1,train_oof,28,185,985,55,0.20344108911179118,0.03160461627642804,-0.005387694093168809,-0.11508628527467564,-0.22036085555578344,-0.1439125342968708,-0.1503548085602628,-0.2304537519017632,0.20887582945889752,0.15627826796028055,0.0367431903683577,low,-1.5225592266627026,0.0,0.005405405405405406,0.01116751269035533,train_oof,0.19400189292669254,1,0,0,0,drop,train_oof,0.12060301142481507
Base_LR_SMOTE,Base,supervised,LR,SMOTE,81,153,0.05697513929078316,0.07614414214609333,-0.019169002855310185,0.13311928143687649,0.5,0.5,28,28,160,0.05615779732305674,0.06239586410728483,-0.006238066784228065,0.11855366143034152,0.5375,0.4625,185,80,1,0.000817341967726419,7.0,shared_signal,1,train_oof,28,185,985,55,-0.10651761931111547,0.07215828135103071,-0.014259433741669847,0.04555711236100749,0.055575900026701,0.1444522422223705,0.0792762579455461,0.0615009895064123,-0.09480924309062574,-0.16439112131869366,0.08787449904582804,low,-2.9136049400462287,0.0,0.016216216216216217,0.01015228426395939,train_oof,0.19364571065369107,0,0,1,0,drop,train_oof,0.12060301142481507
Base_LR_SMOTE,Base,supervised,LR,SMOTE,11,202,0.024092443929692186,0.04609753812437222,-0.022005094194680035,0.0701899820540644,0.4642857142857143,0.5357142857142857,28,28,208,0.023870361215633195,0.04461402559445805,-0.020743664378824855,0.06848438681009125,0.4375,0.5625,185,80,1,0.00022208271405899094,6.0,shared_signal,1,train_oof,28,185,985,55,-0.11675803165240972,-0.08987404081260475,0.02764331103964198,-0.1188394938587933,0.0674061244341239,-0.017762884686979,0.1525751335552269,-0.1416450797722096,-0.13872507883660187,-0.032279917050117735,-0.11582757298841533,low,-1.493509533639842,0.07142857142857142,0.05405405405405406,0.01015228426395939,train_oof,0.19299203884374697,0,0,1,0,drop,train_oof,0.12060301142481507
Base_LR_SMOTE,Base,supervised,LR,SMOTE,9,223,0.013338067135367062,0.009593429017476045,0.00374463811789102,0.02293149615284312,0.4642857142857143,0.5357142857142857,28,28,221,0.013675377723458924,0.011133283560985856,0.002542094162473067,0.024808661284444783,0.575,0.425,185,80,1,-0.00033731058809186205,-2.0,shared_signal,1,train_oof,28,185,985,55,-0.13836250474947712,-0.05579369312952417,0.015589579021099581,-0.025620627039440968,-0.02574082551546705,-0.1315154844186882,-0.0191299093340158,-0.1513482329630422,-0.15475601295517916,-0.08018002619096337,-0.07063407528208429,low,-2.290905145927948,0.0,0.016216216216216217,0.01015228426395939,train_oof,0.19281245657067556,0,0,0,0,drop,train_oof,0.12060301142481507
Base_LR_SMOTE,Base,supervised,LR,SMOTE,555,249,0.001103299422179341,0.00240825118335647,-0.001304951761177129,0.0035115506055358107,0.35714285714285715,0.6428571428571429,28,28,248,0.0013894004566361302,0.0024109490660087435,-0.001021548609372613,0.0038003495226448733,0.4625,0.5375,185,80,1,-0.0002861010344567892,-1.0,false_positive_risk,1,train_oof,28,185,985,55,0.18145696921547708,0.12483187454181911,0.02420295395704102,0.13129946470101025,0.06859788516087084,-0.0022182934657631,-0.0142743004697673,0.0227669814878637,0.1711262245991133,0.059670973799935544,0.10876343791627391,high,3.5411101903700537,0.0,0.016216216216216217,0.01015228426395939,train_oof,0.19271799778818588,0,0,0,0,drop,train_oof,0.12060301142481507
Base_LR_SMOTE,Base,supervised,LR,SMOTE,29,90,0.1256240673939087,0.17906874631879216,-0.05344467892488348,0.3046928137127009,0.5357142857142857,0.4642857142857143,28,28,72,0.152635341970921,0.14428290218995832,0.008352439780962633,0.2969182441608792,0.4875,0.5125,185,80,1,-0.0270112745770123,-18.0,false_positive_risk,1,train_oof,28,185,985,55,0.064294276043065,0.14522582296296788,-0.03257236254821936,0.06419124953698947,0.35852489082440786,0.1316095382309192,-0.0017287578933655,-0.0017287578933655,0.09540560334043487,-0.08489384072208958,0.177024947741266,high,2.1338462227350328,0.0,0.032432432432432434,0.01116751269035533,train_oof,0.19218451335323966,0,0,0,0,drop,train_oof,0.12060301142481507
Base_LR_SMOTE,Base,supervised,LR,SMOTE,254,138,0.0694321924708612,0.12073658159222622,-0.05130438912136503,0.19016877406308746,0.42857142857142855,0.5714285714285714,28,28,150,0.06422288408594293,0.14426119433740478,-0.08003831025146188,0.20848407842334776,0.425,0.575,185,80,1,0.005209308384918274,12.0,shared_signal,1,train_oof,28,185,985,55,-0.04487690540346873,0.005056698178649488,0.0011375838539069288,-0.014535561960933295,0.21239564111323425,-0.0052367245202414,0.1144610765781752,0.1035794582965018,-0.04673191528832494,-0.045382204708511696,0.0038911538516100273,high,1.8916469743410476,0.0,0.043243243243243246,0.01015228426395939,train_oof,0.19181278149462794,0,0,1,0,drop,train_oof,0.12060301142481507
Base_LR_SMOTE,Base,supervised,LR,SMOTE,521,256,0.0,0.06669660515768902,-0.06669660515768902,0.06669660515768902,0.0,0.03571428571428571,28,28,256,0.0,0.0,0.0,0.0,0.0,0.0,185,80,1,0.0,0.0,weak_signal,0,train_oof,28,185,985,55,0.18986754698073757,-0.1161003982103422,0.013311405165471387,0.055464513917516556,-0.1161003982103422,-0.1161003982103422,-0.1161003982103422,-0.1161003982103422,0.16470443887839348,0.5282996584330992,-0.13390326174637684,flat,,,,,train_oof,0.19178104035004997,0,0,0,0,drop,train_oof,0.12060301142481507
Base_LR_SMOTE,Base,supervised,LR,SMOTE,567,222,0.013497519481896253,0.010016251410979263,0.0034812680709169867,0.023513770892875506,0.4642857142857143,0.5357142857142857,28,28,225,0.011088721793884017,0.010627609410174824,0.00046111238370918873,0.02171633120405884,0.4125,0.5875,185,80,1,0.0024087976880122364,3.0,shared_signal,1,train_oof,28,185,985,55,0.09334313882624323,0.04850009517915084,-0.028915719932745707,0.12027472708573102,-0.10945117343066975,-0.1459402347273956,-0.2636058192434135,-0.0620820279128063,0.13462516648425737,0.04949988103433498,0.08584516826037944,high,3.0590225704688936,0.03571428571428571,0.010810810810810811,0.01015228426395939,train_oof,0.19155258202270647,0,0,1,0,drop,train_oof,0.12060301142481507
Base_LR_SMOTE,Base,supervised,LR,SMOTE,71,220,0.014021897633303429,0.04819379497168508,-0.03417189733838164,0.062215692604988486,0.42857142857142855,0.5714285714285714,28,28,178,0.04387107628645033,0.0630384430831755,-0.019167366796725125,0.10690951936962587,0.3625,0.6375,185,80,1,-0.0298491786531469,-42.0,false_positive_risk,1,train_oof,28,185,985,55,-0.2172178838055218,-0.07889746891878835,0.021815473402577317,-0.0026364491179840894,-0.0865210137763866,-0.1310221528667607,-0.0170729903287143,-0.1644003961226501,-0.2525679806613902,-0.12735281980133023,-0.10222219505131008,low,-1.7431351780069184,0.0,0.02702702702702703,0.01015228426395939,train_oof,0.19063959883796883,0,0,0,0,drop,train_oof,0.12060301142481507
Base_LR_SMOTE,Base,supervised,LR,SMOTE,1,237,0.004698452983987294,0.011626537959205785,-0.006928084975218491,0.01632499094319308,0.32142857142857145,0.6785714285714286,28,28,235,0.0075751376577886265,0.010133225577878293,-0.002558087920089671,0.017708363235666925,0.3875,0.6125,185,80,1,-0.0028766846738013324,-2.0,false_positive_risk,1,train_oof,28,185,985,55,0.13474582613943104,0.0899048836256669,-0.020472877625257187,0.012925488076807209,0.21322581210871033,0.1080875737773103,0.050223723184854,-0.1340833564800235,0.15860165944979726,0.04045504932193625,0.10980387476403347,high,2.556381470714343,0.03571428571428571,0.02702702702702703,0.01015228426395939,train_oof,0.1903271915227917,0,0,0,0,drop,train_oof,0.12060301142481507
Base_LR_SMOTE,Base,supervised,LR,SMOTE,87,132,0.07838421635250058,0.14799784586782347,-0.06961362951532292,0.22638206222032406,0.6071428571428571,0.39285714285714285,28,28,107,0.09861631820385877,0.2106507532050815,-0.11203443500122276,0.3092670714089402,0.7,0.3,185,80,1,-0.020232101851358195,-25.0,false_positive_risk,1,train_oof,28,185,985,55,-0.0760314587750942,-0.04820823612229409,0.01786038317140912,-0.11900132537313068,0.26913351114449285,0.4087084170136116,0.3785300589878589,0.4087084170136116,-0.12181716859959142,-0.020202021766414845,-0.07256769956109714,low,-1.9334339493653152,0.0,0.010810810810810811,0.01015228426395939,train_oof,0.1902892695039409,1,0,0,0,drop,train_oof,0.12060301142481507
Base_LR_SMOTE,Base,supervised,LR,SMOTE,217,101,0.1110132695232086,0.1440932074547964,-0.03307993793158779,0.255106476978005,0.2857142857142857,0.7142857142857143,28,28,75,0.14603229897391515,0.0812536477456752,0.06477865122823999,0.22728594671959046,0.55,0.45,185,80,1,-0.03501902945070655,-26.0,false_positive_risk,1,train_oof,28,185,985,55,-0.14599504371933256,0.03737335196031885,-0.013548757890649188,0.17659268001242895,-0.4319076963031453,-0.0894628185379893,-0.2218886322961161,-0.0398031383786918,-0.13095981203888354,-0.19906893831173653,0.050557122775850574,low,-1.200929226636667,0.0,0.005405405405405406,0.01015228426395939,train_oof,0.18997635612146377,0,0,0,0,drop,train_oof,0.12060301142481507
Base_LR_SMOTE,Base,supervised,LR,SMOTE,586,96,0.11990644853499186,0.13287863316333243,-0.012972184628340613,0.25278508169832414,0.5,0.5,28,28,89,0.12699658278737985,0.1133736702787093,0.013622912508670551,0.24037025306608917,0.4875,0.5125,185,80,1,-0.007090134252387997,-7.0,shared_signal,1,train_oof,28,185,985,55,-0.018811983576103666,0.0026472763698318427,-0.009025859250784736,0.15595926702904536,1.974172480634362e-05,-0.0823690564666746,-0.0823690564666746,0.1071251793737314,-0.009848042930172631,-0.019989496702869147,0.011607461824066951,high,2.711599867802824,0.0,0.010810810810810811,0.01015228426395939,train_oof,0.1899740686748932,0,0,0,0,drop,train_oof,0.12060301142481507
Base_LR_SMOTE,Base,supervised,LR,SMOTE,412,239,0.0039003463724282426,0.012746108134569334,-0.008845761762141094,0.016646454506997577,0.2857142857142857,0.7142857142857143,28,28,230,0.008905113132603898,0.012397770881800428,-0.0034926577491965344,0.021302884014404326,0.3,0.7,185,80,1,-0.005004766760175655,-9.0,false_positive_risk,1,train_oof,28,185,985,55,-0.18722816087279642,0.15239138712915926,-0.028975920942237023,0.11904746360061774,-0.2690023746947532,-0.1455336670633917,-0.2704585443749042,-0.1105534141943515,-0.1638674244736811,-0.31430417417070733,0.18220839225012606,high,3.81116093367911,0.0,0.005405405405405406,0.01116751269035533,train_oof,0.18976346634004587,0,0,0,0,drop,train_oof,0.12060301142481507
Base_LR_SMOTE,Base,supervised,LR,SMOTE,271,229,0.008418740428428455,0.018943239902568167,-0.010524499474139712,0.027361980330996623,0.39285714285714285,0.6071428571428571,28,28,232,0.008503706590487384,0.019263253769977565,-0.010759547179490183,0.027766960360464943,0.4,0.6,185,80,1,-8.496616205892933e-05,3.0,shared_signal,1,train_oof,28,185,985,55,0.10940108883130462,0.07975989488189149,-0.02690067472226306,0.1579286110671381,0.0217674000974742,0.1278902948212275,-0.060458050007338,0.1485872387794257,0.13718629800609858,0.029511344128292583,0.10715444323034032,high,2.169189087820722,0.0,0.016216216216216217,0.01015228426395939,train_oof,0.18960175264858675,0,0,0,0,drop,train_oof,0.12060301142481507
Base_LR_SMOTE,Base,supervised,LR,SMOTE,357,245,0.002095532441325471,0.0011938690801176987,0.0009016633612077724,0.0032894015214431703,0.5714285714285714,0.42857142857142855,28,28,245,0.0023376457512794104,0.0016553251995587645,0.000682320551720646,0.003992970950838173,0.5,0.5,185,80,1,-0.00024211330995393921,0.0,shared_signal,1,train_oof,28,185,985,55,0.10948750094366334,0.0982776159313009,-0.02462422830602827,0.05059855483869135,-0.0031696133441091,-0.2003195633477112,-0.2003195633477112,-0.0031696133441091,0.1383426909506994,0.009898834998893545,0.12262845510754782,high,3.9713733787285,0.0,0.032432432432432434,0.01015228426395939,train_oof,0.18845887460741215,0,0,0,0,drop,train_oof,0.12060301142481507
Base_LR_SMOTE,Base,supervised,LR,SMOTE,83,191,0.03026690447562933,0.017546313621685173,0.01272059085394415,0.047813218097314515,0.6428571428571429,0.35714285714285715,28,28,200,0.029217382714197427,0.024150299886931074,0.005067082827266348,0.05336768260112849,0.5,0.5,185,80,1,0.0010495217614319013,9.0,shared_signal,1,train_oof,28,185,985,55,-0.08629102306022561,0.03625347401192898,0.0027405639174206105,-0.12709453645782115,-0.1655100740095721,0.1231577713132881,0.024574063465211,-0.1196143123834511,-0.08922114073898302,-0.11941425165462712,0.03353302766790329,low,-2.3810779954382255,0.0,0.005405405405405406,0.01015228426395939,train_oof,0.18786450485301032,1,0,1,0,drop,train_oof,0.12060301142481507
Base_LR_SMOTE,Base,supervised,LR,SMOTE,487,104,0.10788736283311548,0.10631250419374912,0.0015748586393663619,0.21419986702686458,0.25,0.75,28,28,85,0.1317263295420762,0.10907300567831286,0.022653323863763335,0.240799335220389,0.3125,0.6875,185,80,1,-0.023838966708960713,-19.0,false_positive_risk,1,train_oof,28,185,985,55,-0.05920751972549953,-0.03477551921603594,0.014921248745279916,-0.09257872566998444,-0.5108128586070156,-0.5265204765487769,-0.4502356547523923,-0.5211388119791742,-0.0747547961116746,-0.023803803570180863,-0.04985226714837556,low,-0.915088955541793,0.10714285714285714,0.15135135135135136,0.23045685279187816,train_oof,0.18763438693845902,0,0,0,0,drop,train_oof,0.12060301142481507
Base_LR_SMOTE,Base,supervised,LR,SMOTE,570,252,0.00027277155057163716,0.015962865373348713,-0.015690093822777074,0.016235636923920348,0.03571428571428571,0.9642857142857143,28,28,224,0.012517304900230489,0.012021491719173773,0.0004958131810567136,0.024538796619404273,0.125,0.875,185,80,1,-0.012244533349658852,-28.0,false_positive_risk,1,train_oof,28,185,985,55,0.17052415129650053,0.024529280951195914,-0.001821493974363991,-0.13669857540945196,0.1623336731214049,0.1053046386401117,0.1182207180160678,0.0978909743160041,0.18130970650184947,0.15057996416002828,0.02702107016034727,high,0.4870512892496974,0.0,0.005405405405405406,0.01015228426395939,train_oof,0.18760561375943124,0,0,0,0,drop,train_oof,0.12060301142481507
Base_LR_SMOTE,Base,supervised,LR,SMOTE,324,140,0.06768040203986812,0.13043018266859271,-0.06274978062872456,0.19811058470846085,0.32142857142857145,0.6785714285714286,28,28,110,0.0951365583624068,0.14296506736597187,-0.04782850900356511,0.23810162572837856,0.4875,0.5125,185,80,1,-0.027456156322538672,-30.0,false_positive_risk,1,train_oof,28,185,985,55,0.10641000169136161,0.11009794218843452,-0.029855455225338706,0.11596382198049685,0.1793392170895975,-0.0438698588862854,-0.167654892149255,0.1746140249570436,0.1372249366878024,-0.0036994794602881837,0.1399848734590008,high,2.491895648688938,0.03571428571428571,0.016216216216216217,0.01015228426395939,train_oof,0.18649982660224843,0,0,0,0,drop,train_oof,0.12060301142481507
Base_LR_SMOTE,Base,supervised,LR,SMOTE,91,225,0.012070680054237339,0.013822169300317728,-0.0017514892460803923,0.025892849354555065,0.4642857142857143,0.5357142857142857,28,28,203,0.0284188649139837,0.020295000880424744,0.008123864033558952,0.04871386579440844,0.525,0.475,185,80,1,-0.01634818485974636,-22.0,false_positive_risk,1,train_oof,28,185,985,55,0.13474947044941527,0.16536574172291968,-0.03733251803095428,0.04711911309961368,0.11115665372964256,0.1427750610942609,-0.0209631199010839,0.0874428482061788,0.17227928703483109,-0.031780325435880136,0.20081650125889833,high,2.525041379404737,0.0,0.005405405405405406,0.01015228426395939,train_oof,0.18646833317045608,0,0,0,0,drop,train_oof,0.12060301142481507
Base_LR_SMOTE,Base,supervised,LR,SMOTE,24,157,0.05566336954120121,0.030695843859814716,0.02496752568138649,0.08635921340101592,0.4642857142857143,0.5357142857142857,28,28,145,0.0672534282806875,0.044664922824929135,0.022588505455758363,0.11191835110561661,0.5375,0.4625,185,80,1,-0.011590058739486292,-12.0,false_positive_risk,1,train_oof,28,185,985,55,-0.04810809085177714,-0.14618653847113056,0.03359952844897246,-0.08030230508623916,0.1098744440434971,-0.0010110719791756,0.0919642391691288,0.1336748807651001,-0.0801187308251971,0.10696928860045966,-0.17719499996083082,high,3.2613650958802585,0.0,0.0,0.01015228426395939,train_oof,0.18480839240521763,0,0,0,0,drop,train_oof,0.12060301142481507
Base_LR_SMOTE,Base,supervised,LR,SMOTE,223,167,0.050318705413727335,0.040542022086566085,0.009776683327161263,0.09086072750029342,0.5714285714285714,0.42857142857142855,28,28,167,0.05255912790461179,0.08883057622561494,-0.03627144832100316,0.14138970413022675,0.5875,0.4125,185,80,1,-0.002240422490884457,0.0,shared_signal,1,train_oof,28,185,985,55,-0.03251765068826615,0.02080492841143964,-0.0015676777057758357,-0.025350090848290555,-0.2563443841346015,-0.168554770432517,-0.0489278137024533,-0.0771867249711264,-0.05103003924906597,-0.026315350840231948,0.021918028262839537,low,-1.087553722322252,0.0,0.032432432432432434,0.01015228426395939,train_oof,0.1847686732696573,0,0,0,0,drop,train_oof,0.12060301142481507
Base_LR_SMOTE,Base,supervised,LR,SMOTE,474,78,0.1523742747958971,0.11681797495683645,0.035556299839060626,0.2691922497527336,0.2857142857142857,0.7142857142857143,28,28,39,0.2168365929004902,0.09576153559015105,0.12107505731033916,0.31259812849064134,0.425,0.575,185,80,1,-0.0644623181045931,-39.0,false_positive_risk,1,train_oof,28,185,985,55,0.10002452176028184,0.14978065411718985,-0.03215436946208166,0.019487341124112392,-0.3553789728467725,-0.1641131963641942,-0.2038412818688288,-0.1347088369435452,0.1437703134061092,-0.03453592447144471,0.1844567088191234,low,-0.9983668648105265,0.0,0.016216216216216217,0.01015228426395939,train_oof,0.1840720901917977,0,0,0,0,drop,train_oof,0.12060301142481507
Base_LR_SMOTE,Base,supervised,LR,SMOTE,106,211,0.017175891562902314,0.019563983437958253,-0.002388091875055937,0.03673987500086056,0.39285714285714285,0.6071428571428571,28,28,233,0.008422616343947285,0.015575410758177328,-0.007152794414230043,0.023998027102124612,0.3,0.7,185,80,1,0.008753275218955029,22.0,true_anomaly_candidate,1,train_oof,28,185,985,55,-0.03579547190996974,-0.033505629233455035,0.013292365903448872,-0.1196444011576371,-0.1753978123588522,-0.1417006956987771,-0.108003579038702,-0.1753978123588522,-0.04885058626693245,-0.002141486452468988,-0.04721101462760351,low,-2.0004336506685174,0.07142857142857142,0.021621621621621623,0.01015228426395939,train_oof,0.18392112467675037,0,0,1,0,drop,train_oof,0.12060301142481507
Base_LR_SMOTE,Base,supervised,LR,SMOTE,574,240,0.003742397823726033,0.004552822312571538,-0.0008104244888455053,0.008295220136297571,0.9642857142857143,0.03571428571428571,28,28,241,0.003673429488214956,0.006034275221260861,-0.002360845733045904,0.009707704709475818,0.95,0.05,185,80,1,6.89683355110768e-05,1.0,shared_signal,1,train_oof,28,185,985,55,-0.07862537547095354,-0.10674788189102553,0.02812523563486621,-0.10460888067848569,-0.22658773422715878,-0.2300811981073601,-0.2248037157267605,-0.219545354659134,-0.10084131240052334,0.03841372637891971,-0.13235328751472164,low,-0.2732773149073163,0.03571428571428571,0.021621621621621623,0.01015228426395939,train_oof,0.18382365836662937,1,0,1,0,drop,train_oof,0.12060301142481507
Base_LR_SMOTE,Base,supervised,LR,SMOTE,393,126,0.0830476995877377,0.0685530339969828,0.014494665590754865,0.15160073358472048,0.42857142857142855,0.5714285714285714,28,28,94,0.118747227173817,0.08184074610063144,0.03690648107318563,0.2005879732744485,0.5,0.5,185,80,1,-0.035699527586079305,-32.0,false_positive_risk,1,train_oof,28,185,985,55,0.10792400034790259,0.08827739071599879,-0.018236105491750067,-0.02528409786957939,-0.0838744938899459,-0.0337442986511403,-0.0157488439500304,0.0690868710694869,0.1252955292830735,0.020476225931857266,0.10550351290444294,low,-1.952368263298603,0.0,0.0,0.01015228426395939,train_oof,0.18345866250028678,0,0,0,0,drop,train_oof,0.12060301142481507
Base_LR_SMOTE,Base,supervised,LR,SMOTE,490,84,0.14649405254909278,0.11304242542885226,0.033451627120240524,0.2595364779779451,0.4642857142857143,0.5357142857142857,28,28,45,0.20398739065011906,0.157444957180587,0.046542433469532095,0.36143234783070616,0.65,0.35,185,80,1,-0.057493338101026276,-39.0,false_positive_risk,1,train_oof,28,185,985,55,-0.08059064159261879,-0.1437261187225912,0.03519088697562123,-0.10576643168571553,0.033970728386441745,-0.3427075006368525,-0.113016303208077,-0.3406871180372132,-0.1152276194613896,0.06825782874550118,-0.17856269743633724,high,2.9149755360949627,0.0,0.0,0.01015228426395939,train_oof,0.1827412045975533,0,0,0,0,drop,train_oof,0.12060301142481507
Base_LR_SMOTE,Base,supervised,LR,SMOTE,425,146,0.0644858074931885,0.03526739278140744,0.02921841471178106,0.09975320027459596,0.4642857142857143,0.5357142857142857,28,28,118,0.08427072307822116,0.0331925208086135,0.051078202269607666,0.11746324388683463,0.4,0.6,185,80,1,-0.01978491558503266,-28.0,false_positive_risk,1,train_oof,28,185,985,55,0.04330865296222773,0.1370958129485102,-0.03668445043889372,0.1604249096479433,-0.19230929649197376,-0.2071714557594493,-0.2546150011712085,-0.1577811387274507,0.08388143854774295,-0.08124439844145935,0.17311014610474504,high,1.8567265974718223,0.0,0.02702702702702703,0.01015228426395939,train_oof,0.18267422047877846,0,0,0,0,drop,train_oof,0.12060301142481507
Base_LR_SMOTE,Base,supervised,LR,SMOTE,482,181,0.038179972702402656,0.03439654931201703,0.0037834233903856194,0.07257652201441968,0.4642857142857143,0.5357142857142857,28,28,197,0.03394666694757619,0.03087233244858706,0.00307433449898912,0.06481899939616328,0.4625,0.5375,185,80,1,0.004233305754826465,16.0,shared_signal,1,train_oof,28,185,985,55,0.0425398863539983,-0.06528310217056442,0.018371648025995894,-0.1408026610189471,-0.05364441908011615,-0.1573143712381568,-0.065027392230083,-0.302368690836501,0.02398547207657562,0.11450111003427595,-0.08430926808546887,high,2.365584517120424,0.0,0.0,0.01015228426395939,train_oof,0.18217468470318424,0,0,1,0,drop,train_oof,0.12060301142481507
Base_LR_SMOTE,Base,supervised,LR,SMOTE,352,183,0.03768178721007616,0.06529913404650017,-0.02761734683642401,0.10298092125657632,0.39285714285714285,0.6071428571428571,28,28,163,0.05515451193807595,0.07034187581843206,-0.015187363880356113,0.12549638775650807,0.4875,0.5125,185,80,1,-0.017472724727999787,-20.0,false_positive_risk,1,train_oof,28,185,985,55,-0.09212073539604092,-0.09854872357612612,0.02301092749237182,-0.05362356447615158,-0.0913299930579627,-0.1208510403462136,-0.1208510403462136,0.0119936724509149,-0.10870898689444582,0.009990142178359791,-0.11964701588195686,high,6.354590682331582,0.0,0.0,0.01015228426395939,train_oof,0.1821280601677893,0,0,0,0,drop,train_oof,0.12060301142481507
Base_LR_SMOTE,Base,supervised,LR,SMOTE,35,234,0.007429695680868685,0.0722355916129483,-0.0648058959320796,0.07966528729381696,0.5357142857142857,0.4642857142857143,28,28,231,0.008861405366661242,0.04148561229100286,-0.032624206924341606,0.050347017657664084,0.6,0.4,185,80,1,-0.001431709685792557,-3.0,shared_signal,1,train_oof,28,185,985,55,0.1033821407245035,-0.044127165268266454,0.010779916254835807,-0.10019417530920448,-0.17386558222100915,-0.175293456407638,-0.1479288802234516,-0.1567853150518869,0.0876558974252579,0.18414722375375767,-0.0539833884001566,low,-0.31673469697622264,0.0,0.016216216216216217,0.01015228426395939,train_oof,0.18193843985408015,0,0,0,0,drop,train_oof,0.12060301142481507
Base_LR_SMOTE,Base,supervised,LR,SMOTE,8,246,0.0019959963512897506,0.0022111503784627167,-0.00021515402717296606,0.004207146729752467,0.4642857142857143,0.5357142857142857,28,28,243,0.00244709775689884,0.0020607185054018376,0.0003863792514970034,0.004507816262300677,0.5375,0.4625,185,80,1,-0.0004511014056090895,-3.0,false_positive_risk,1,train_oof,28,185,985,55,-0.10060573916072761,0.013975449269375629,-0.006653395759875553,0.10144512228631983,-0.15870737929187062,0.0092600599548636,-0.0124131580124575,0.090534627332316,-0.09127749709769827,-0.12707639258326725,0.020325584899073323,low,-2.351495207135533,0.0,0.0,0.01015228426395939,train_oof,0.18190659923107,0,0,0,0,drop,train_oof,0.12060301142481507
Base_LR_SMOTE,Base,supervised,LR,SMOTE,589,197,0.026623212688156678,0.03428662642318909,-0.0076634137350324125,0.06090983911134575,0.6071428571428571,0.39285714285714285,28,28,199,0.032177222928835805,0.02077789768718254,0.011399325241653274,0.05295512061601835,0.725,0.275,185,80,1,-0.0055540102406791275,2.0,false_positive_risk,1,train_oof,28,185,985,55,0.09023677473901538,-0.05601498960810044,0.015115900469445581,-0.12187236185403609,-0.1922824717672581,-0.313645975102765,-0.2802007835272708,-0.2909325706962247,0.07239959733475196,0.16992900230008637,-0.07010456176418664,high,4.075687609638256,0.0,0.010810810810810811,0.017258883248730966,train_oof,0.1813655048007082,1,0,0,0,drop,train_oof,0.12060301142481507
Base_LR_SMOTE,Base,supervised,LR,SMOTE,480,145,0.06480446712521776,0.08808125564522455,-0.023276788520006808,0.1528857227704423,0.5357142857142857,0.4642857142857143,28,28,144,0.06831435320500807,0.1174580562474182,-0.04914370304241013,0.1857724094524263,0.5,0.5,185,80,1,-0.003509886079790317,-1.0,shared_signal,1,train_oof,28,185,985,55,0.006272166806972813,0.05031458795649294,-0.003846481771457449,-0.10144516946820333,-0.26017703428252703,-0.208246407979838,-0.1221778320203499,-0.2801899865522186,0.010451583147956463,-0.038333902116520595,0.054004358367225475,low,-1.7051653750438225,0.0,0.005405405405405406,0.01015228426395939,train_oof,0.1813470615740193,0,0,0,0,drop,train_oof,0.12060301142481507
Base_LR_SMOTE,Base,supervised,LR,SMOTE,113,193,0.029948590846559812,0.02553117204247606,0.004417418804083761,0.055479762889035875,0.6428571428571429,0.35714285714285715,28,28,201,0.028862631029114887,0.026370719822377393,0.0024919112067374937,0.0552333508514923,0.55,0.45,185,80,1,0.0010859598174449252,8.0,shared_signal,1,train_oof,28,185,985,55,0.03114150862944089,0.058533647370579714,-0.008596500064250895,-0.05878426257959701,0.3653210893595493,0.1357775771720558,0.0606542459106926,0.0856953563311439,0.03956874428461851,-0.026518331778721746,0.06698234160358064,high,2.2626025555492846,0.0,0.016216216216216217,0.01015228426395939,train_oof,0.18104723452686888,1,0,1,0,drop,train_oof,0.12060301142481507
Base_LR_SMOTE,Base,supervised,LR,SMOTE,96,109,0.10292497450089086,0.10357996747842903,-0.0006549929775381906,0.20650494197931993,0.5357142857142857,0.4642857142857143,28,28,80,0.13536178806905017,0.14966310276175107,-0.014301314692700882,0.28502489083080135,0.45,0.55,185,80,1,-0.032436813568159306,-29.0,false_positive_risk,1,train_oof,28,185,985,55,-0.0692383574077877,0.05364207996352124,-0.006651216617169235,-0.020753825971750118,0.0112248301114711,-0.0698964445189565,-0.0622562136673373,-0.0685481684863178,-0.06414371191811458,-0.11101671933749327,0.05975664993589695,high,2.791253158822948,0.0,0.016216216216216217,0.01015228426395939,train_oof,0.18067128952681,0,0,0,0,drop,train_oof,0.12060301142481507
Base_LR_SMOTE,Base,supervised,LR,SMOTE,376,155,0.05621537512506695,0.0511862513458722,0.005029123779194759,0.10740162647093911,0.5,0.5,28,28,117,0.08478761734178032,0.050926271218303634,0.033861346123476646,0.13571388856008387,0.55,0.45,185,80,1,-0.028572242216713374,-38.0,false_positive_risk,1,train_oof,28,185,985,55,0.12911332581727114,-0.061054305478479724,0.013024818862768467,-0.09795555911442871,0.10222680553472324,0.0081239845458058,-0.1800816574320294,-0.1800816574320294,0.11191391154698241,0.23906011042357525,-0.07337348793446621,high,2.643002972235499,0.03571428571428571,0.0,0.01116751269035533,train_oof,0.18024687914202867,0,0,0,0,drop,train_oof,0.12060301142481507
Base_LR_SMOTE,Base,supervised,LR,SMOTE,566,111,0.10256462414361232,0.10097540750153093,0.0015892166420813727,0.2035400316451432,0.4642857142857143,0.5357142857142857,28,28,84,0.1320477749720614,0.06390828117210419,0.06813949379995725,0.19595605614416553,0.5,0.5,185,80,1,-0.029483150828449087,-27.0,false_positive_risk,1,train_oof,28,185,985,55,0.008655501111717983,0.12442617633619149,-0.0325478958317705,0.08747514096452744,-0.2767599903698412,-0.1577368616874274,-0.2794289651515542,-0.0144875867979397,0.048380394017997784,-0.09699283254425883,0.1708232984840006,high,2.6230293464632877,0.0,0.02702702702702703,0.01015228426395939,train_oof,0.18001738954964097,0,0,0,0,drop,train_oof,0.12060301142481507
Base_LR_SMOTE,Base,supervised,LR,SMOTE,NA_157,228,0.010322116950423567,0.01111612594661,-0.0007940089961864264,0.021438242897033583,0.9285714285714286,0.07142857142857142,28,28,229,0.010143464926281636,0.013617254284597249,-0.003473789358315631,0.02376071921087885,0.9125,0.0875,185,80,1,0.00017865202414193114,1.0,shared_signal,1,train_oof,28,185,985,55,0.9285714285714286,0.9135135135135135,0.9116751269035533,0.9090909090909091,1.0,1.0,1.0,1.0,0.05962958105950904,0.05389084435523359,0.00648263538091516,flat,,,,,train_oof,0.17952499939130634,1,0,1,0,drop,train_oof,0.12060301142481507
Base_LR_SMOTE,Base,supervised,LR,SMOTE,323,172,0.04655095852997059,0.03201892885730117,0.014532029672669419,0.07856988738727175,0.5,0.5,28,28,161,0.05564047253289659,0.04755161710913044,0.008088855423766169,0.10319208964202704,0.5375,0.4625,185,80,1,-0.009089514002926,-11.0,shared_signal,1,train_oof,28,185,985,55,0.05266419570525565,-0.022660211179191016,0.005033630083691398,-0.04354148692732276,0.0009136127883629004,-0.0386411387404369,0.0237715198930239,0.0068194835235383,0.04394453587932346,0.1477655412110922,-0.026953163559758235,low,-1.0747948070737154,0.0,0.010810810810810811,0.01015228426395939,train_oof,0.17944409003422832,0,0,0,0,drop,train_oof,0.12060301142481507
Base_LR_SMOTE,Base,supervised,LR,SMOTE,185,215,0.015527005622599163,0.01776937350876425,-0.0022423678861650887,0.033296379131363414,0.35714285714285715,0.6428571428571429,28,28,227,0.010437956766726,0.016418954270772675,-0.0059809975040466725,0.026856911037498675,0.3875,0.6125,185,80,1,0.005089048855873163,12.0,shared_signal,1,train_oof,28,185,985,55,-0.027983858218308264,-0.022936177132566515,0.006595001327841923,-0.02571775908965106,-0.14946967793152116,-0.0732485747484906,-0.0883668100905792,-0.0593901923515759,-0.031415185759799,-0.014443121542578936,-0.028630128547405542,low,-0.5649439821910226,0.0,0.0,0.01015228426395939,train_oof,0.17928123898511578,0,0,1,0,drop,train_oof,0.12060301142481507
Base_LR_SMOTE,Base,supervised,LR,SMOTE,362,241,0.002928387347773709,0.0031567078075506383,-0.00022832045977693,0.006085095155324345,0.6785714285714286,0.32142857142857145,28,28,242,0.0028294846376600616,0.008978631441555722,-0.006149146803895661,0.01180811607921578,0.6125,0.3875,185,80,1,9.890271011364724e-05,1.0,shared_signal,1,train_oof,28,185,985,55,-0.08678923196805657,0.09356233167441952,-0.025982311153834037,0.1743871290675274,-0.2204005691877645,-0.2422273920707973,-0.2596888503772236,-0.2946117669900761,-0.06681226553085429,-0.18648898373528042,0.12804289339318023,high,3.479333216777826,0.0,0.021621621621621623,0.01015228426395939,train_oof,0.17903939122781573,1,0,1,0,drop,train_oof,0.12060301142481507
Base_LR_SMOTE,Base,supervised,LR,SMOTE,44,251,0.0007080757061061855,0.0006358512906995796,7.222441540660608e-05,0.0013439269968057654,0.5714285714285714,0.42857142857142855,28,28,251,0.0006177895043153232,0.0005794260953116364,3.836340900368705e-05,0.0011972155996269596,0.575,0.425,185,80,1,9.028620179086231e-05,0.0,shared_signal,1,train_oof,28,185,985,55,-0.05257131547262535,-0.0493578423433334,0.0177970805091199,-0.1259710588122164,-0.15365581617667579,-0.0199489604911796,0.0621567419340286,-0.2178008961963714,-0.06956529122816939,-0.0032889733070554927,-0.06675322757374856,low,-2.7426424743297426,0.0,0.005405405405405406,0.01015228426395939,train_oof,0.17898303539724247,0,0,1,0,drop,train_oof,0.12060301142481507
Base_LR_SMOTE,Base,supervised,LR,SMOTE,162,221,0.013957664198079813,0.015164714761026954,-0.001207050562947142,0.02912237895910677,0.25,0.75,28,28,215,0.017191624243215055,0.013732370237862574,0.0034592540053524795,0.030923994481077625,0.2875,0.7125,185,80,1,-0.003233960045135242,-6.0,false_positive_risk,1,train_oof,28,185,985,55,-0.05695357986874594,-0.023333403402692406,0.006728777613235364,-0.024093469305990843,-0.4991078139239174,-0.4470297295764804,-0.4654896845468976,-0.4629383086566773,-0.06335868010901333,-0.033045389433789055,-0.02976454766000205,low,-0.7332580850348603,0.03571428571428571,0.016216216216216217,0.01015228426395939,train_oof,0.17892390456570334,0,0,0,0,drop,train_oof,0.12060301142481507
Base_LR_SMOTE,Base,supervised,LR,SMOTE,15,210,0.01897021606348953,0.0925856546167018,-0.0736154385532123,0.11155587068019134,0.25,0.75,28,28,202,0.028545961278297078,0.08321239206395545,-0.054666430785658374,0.11175835334225252,0.3875,0.6125,185,80,1,-0.009575745214807547,-8.0,false_positive_risk,1,train_oof,28,185,985,55,0.056728457589578715,0.06166977706087058,-0.009965764188496793,-0.057383474331738925,0.0711676273552438,-0.0613518936303505,-0.0660428030056968,-0.0985330742978244,0.07802473780960555,-0.003185773958255152,0.06963517920633891,high,1.0570456679417293,0.0,0.005405405405405406,0.01015228426395939,train_oof,0.17852684144286607,0,0,0,0,drop,train_oof,0.12060301142481507
Base_LR_SMOTE,Base,supervised,LR,SMOTE,275,255,1.2474117298413597e-06,5.135117554989338e-07,7.338999743424265e-07,1.7609234853402937e-06,0.75,0.25,28,28,254,7.769738883182963e-07,0.0013108639558088863,-0.0013100869819205679,0.0013116409296972048,0.525,0.475,185,80,1,4.704378415230634e-07,-1.0,true_anomaly_candidate,1,train_oof,28,185,985,55,-0.049294158103201736,0.0611482126521517,0.012633058874646847,-0.04916891048141183,-0.04946292423266785,-0.049283507707316,-0.0493275964097916,-0.0492283968292216,-0.06344720065564652,-0.07883049711340599,0.044677102970704693,low,-0.049690691368401235,0.0,0.0,0.01015228426395939,train_oof,0.17796448141046495,1,0,1,0,drop,train_oof,0.12060301142481507
Base_LR_SMOTE,Base,supervised,LR,SMOTE,116,165,0.051743966097203234,0.03290662240628689,0.01883734369091634,0.08465058850349012,0.10714285714285714,0.8928571428571429,28,28,141,0.07133928162603347,0.032387237345440426,0.03895204428059307,0.10372651897147389,0.125,0.875,185,80,1,-0.01959531552883023,-24.0,false_positive_risk,1,train_oof,28,185,985,55,0.06400489819224954,0.012141341517450426,-0.0009086481623015427,-0.057150307095746485,0.3437632813118004,0.3643229525121969,0.3540431169120043,0.3540431169120043,0.06500622848039608,0.05105226322380672,0.012935453180909808,low,-2.8581999114365115,0.0,0.010810810810810811,0.01015228426395939,train_oof,0.17774612410929355,0,0,0,0,drop,train_oof,0.12060301142481507
Base_LR_SMOTE,Base,supervised,LR,SMOTE,424,179,0.03930466750430744,0.030352703656123487,0.008951963848183952,0.06965737116043093,0.6071428571428571,0.39285714285714285,28,28,169,0.04982710374823362,0.018119006019540456,0.031708097728693166,0.06794610976777406,0.6875,0.3125,185,80,1,-0.010522436243926181,-10.0,false_positive_risk,1,train_oof,28,185,985,55,-0.03325601358050399,-0.05955047410220237,0.01823839487518243,-0.11689269491923482,-0.07200357429325975,-0.1006482893888405,-0.1075583959608252,-0.115757589659037,-0.04672471364282412,0.08476148740016483,-0.07530712012968743,high,3.351608576902688,0.0,0.005405405405405406,0.01015228426395939,train_oof,0.17766847607202343,1,0,0,0,drop,train_oof,0.12060301142481507
Base_LR_SMOTE,Base,supervised,LR,SMOTE,23,236,0.005831263779084213,0.005896655298058204,-6.539151897399247e-05,0.011727919077142417,0.42857142857142855,0.5714285714285714,28,28,238,0.004468900984065821,0.004215051342902784,0.0002538496411630353,0.008683952326968607,0.5125,0.4875,185,80,1,0.001362362795018392,2.0,shared_signal,1,train_oof,28,185,985,55,0.03625691226981002,0.03874941610341174,-0.009706146766886381,0.03404727106077765,0.19182227935833684,-0.0363618493054089,0.0007232989063722,-0.0164756104092363,0.04492803894230089,-0.0026724808111067513,0.048551376728872754,high,3.400899892032124,0.0,0.0,0.01015228426395939,train_oof,0.17728210488122437,0,0,1,0,drop,train_oof,0.12060301142481507
Base_LR_SMOTE,Base,supervised,LR,SMOTE,546,199,0.025636865709883213,0.03375520413669243,-0.008118338426809212,0.05939206984657565,0.42857142857142855,0.5714285714285714,28,28,187,0.03911133763141007,0.036371046801043264,0.0027402908303668055,0.07548238443245336,0.425,0.575,185,80,1,-0.01347447192152686,-12.0,false_positive_risk,1,train_oof,28,185,985,55,-0.025113484231938217,0.022424525882094568,0.03874608697861472,-0.0947881295202888,-0.1187580286884006,-0.1177392843580277,-0.1014710574947624,-0.2089169019264122,-0.07024221120817584,-0.0462787163338779,-0.017467510985644037,low,-1.4166179306970073,0.0,0.0,0.01015228426395939,train_oof,0.17668066268921723,0,0,0,0,drop,train_oof,0.12060301142481507
Base_LR_SMOTE,Base,supervised,LR,SMOTE,7,238,0.004265776171276543,0.0035123731770402367,0.0007534029942363058,0.007778149348316782,0.6071428571428571,0.39285714285714285,28,28,239,0.00428903064917127,0.0080700794198709,-0.003781048770699632,0.012359110069042166,0.5375,0.4625,185,80,1,-2.3254477894726726e-05,1.0,shared_signal,1,train_oof,28,185,985,55,0.03485405224763188,-0.027262328495038807,-0.01703262724667445,0.030600330677885753,0.0184623226317328,0.0184623226317328,0.0601867252903854,0.0323704568512843,0.04539549596821156,0.0864024577248347,-0.009258961071938689,low,-0.6769443883458228,0.03571428571428571,0.005405405405405406,0.01116751269035533,train_oof,0.17630965377464242,1,0,0,0,drop,train_oof,0.12060301142481507
Base_LR_SMOTE,Base,supervised,LR,SMOTE,523,217,0.014922708174524185,0.047661234345900576,-0.03273852617137639,0.06258394252042478,0.8928571428571429,0.10714285714285714,28,28,222,0.013517040084563291,0.23194211803213743,-0.2184250779475742,0.24545915811670066,0.8625,0.1375,185,80,1,0.0014056680899608934,5.0,shared_signal,1,train_oof,28,185,985,55,-0.029231216134323706,0.058854835237433796,-0.006605163639742294,-0.06479244149123563,-0.08797883154804255,-0.0878921077714993,-0.087003189061931,-0.0891496025313765,-0.024598043926524923,-0.06417273698531877,0.06326279900541315,low,-0.10071248365788826,0.0,0.005405405405405406,0.01015228426395939,train_oof,0.1762812106616175,1,0,1,0,drop,train_oof,0.12060301142481507
Base_LR_SMOTE,Base,supervised,LR,SMOTE,432,227,0.011334661421818132,0.023864104644856755,-0.01252944322303863,0.035198766066674894,0.21428571428571427,0.7857142857142857,28,28,219,0.014876353942923554,0.02431167707401139,-0.009435323131087832,0.039188031016934924,0.225,0.775,185,80,1,-0.0035416925211054218,-8.0,false_positive_risk,1,train_oof,28,185,985,55,-0.05035631990098377,0.004769945142911867,-0.0021419782799277733,0.05195495493078988,-0.29412690798460955,-0.2824484730785209,-0.3517099781817987,-0.3145820283789642,-0.04888103557834286,-0.05167917347220021,0.006842910292733873,high,4.48613147031213,0.0,0.021621621621621623,0.01015228426395939,train_oof,0.17628017940700919,0,0,0,0,drop,train_oof,0.12060301142481507
Base_LR_SMOTE,Base,supervised,LR,SMOTE,NA_85,178,0.041363978469141326,0.03906597966530014,0.002297998803841196,0.0804299581344415,0.8571428571428571,0.14285714285714285,28,28,177,0.044035402078606775,0.023927912544996342,0.02010748953361035,0.06796331462360304,0.9125,0.0875,185,80,1,-0.0026714236094654495,-1.0,shared_signal,1,train_oof,28,185,985,55,0.8571428571428571,0.8810810810810811,0.8568527918781725,0.9090909090909091,1.0,1.0,1.0,1.0,0.0008274317202962145,-0.07280280129856542,0.06993106158690052,flat,,,,,train_oof,0.17596575523896754,1,0,0,0,drop,train_oof,0.12060301142481507
Base_LR_SMOTE,Base,supervised,LR,SMOTE,406,149,0.061011916321578256,0.09399293904243007,-0.0329810227208518,0.15500485536400826,0.6071428571428571,0.39285714285714285,28,28,135,0.07510331777890863,0.10912042232964965,-0.034017104550741015,0.18422374010855824,0.5125,0.4875,185,80,1,-0.014091401457330378,-14.0,false_positive_risk,1,train_oof,28,185,985,55,0.008483581892579223,0.021590005448714783,-0.008569485837205543,0.06208050364912596,-0.25334923127782727,-0.2033267973189058,-0.2929956032522776,-0.26176225450848,0.017464254716064328,-0.01221553192026685,0.030389557428604757,high,2.334461660207431,0.07142857142857142,0.021621621621621623,0.01116751269035533,train_oof,0.17596200119885824,1,0,0,0,drop,train_oof,0.12060301142481507
Base_LR_SMOTE,Base,supervised,LR,SMOTE,17,247,0.0018646098195048131,0.0020686348838800687,-0.00020402506437525565,0.003933244703384882,0.4642857142857143,0.5357142857142857,28,28,247,0.0016209641973876517,0.002344612929901891,-0.000723648732514238,0.003965577127289543,0.5125,0.4875,185,80,1,0.0002436456221171614,0.0,shared_signal,1,train_oof,28,185,985,55,-0.03017789416929651,-0.029527334941895283,0.009759688880205132,-0.0419508485465312,-0.09552818760053565,0.0455195290552231,0.1065131362577163,-0.0230982790475807,-0.03700221239717163,-0.0011790368661706854,-0.03833955986713881,low,-1.179232103570807,0.03571428571428571,0.021621621621621623,0.01015228426395939,train_oof,0.1748436298694302,0,0,1,0,drop,train_oof,0.12060301142481507
Base_LR_SMOTE,Base,supervised,LR,SMOTE,84,156,0.0559099063194007,0.08058715559702033,-0.024677249277619585,0.13649706191642103,0.4642857142857143,0.5357142857142857,28,28,124,0.08063151549918379,0.06055073362150302,0.020080781877680767,0.14118224912068683,0.525,0.475,185,80,1,-0.02472160917978309,-32.0,false_positive_risk,1,train_oof,28,185,985,55,0.06224411806372514,-0.029297486734436502,0.00543138311058971,-0.04554833151107752,0.18557909444235665,0.0367265367440068,-0.0029674786422147,-0.0823555094146687,0.05683943925869675,0.0905183707029709,-0.034503298283182375,high,2.3985204522244508,0.0,0.016216216216216217,0.014213197969543147,train_oof,0.17471504683573125,0,0,0,0,drop,train_oof,0.12060301142481507
Base_LR_SMOTE,Base,supervised,LR,SMOTE,496,212,0.01708783737632521,0.020673531970503672,-0.003585694594178465,0.037761369346828874,0.5714285714285714,0.42857142857142855,28,28,213,0.018074322375563046,0.04810732899725569,-0.030033006621692632,0.06618165137281874,0.6375,0.3625,185,80,1,-0.0009864849992378376,1.0,shared_signal,1,train_oof,28,185,985,55,-0.015832606864882658,0.16684720089032995,-0.031085187987645868,0.016831557719658552,-0.1416103906701537,-0.2669376975842172,-0.3152304327669278,-0.3031935289893341,0.016464682506125143,-0.15120995286150987,0.20027080576950385,high,3.9960329561899615,0.0,0.021621621621621623,0.01015228426395939,train_oof,0.1743195366672608,0,0,0,0,drop,train_oof,0.12060301142481507
Base_LR_SMOTE,Base,supervised,LR,SMOTE,252,250,0.0009186118316549548,0.0003969140273099793,0.0005216978043449754,0.001315525858964934,0.6071428571428571,0.39285714285714285,28,28,250,0.000771364457854184,0.0007014716246499812,6.9892833204203e-05,0.0014728360825041653,0.4,0.6,185,80,1,0.0001472473738007708,0.0,shared_signal,1,train_oof,28,185,985,55,-0.024029457294076767,-0.027678925997628515,0.007524299169920358,-0.029418337610474417,-0.02701909230484505,-0.0307564091260715,-0.0304061008355939,-0.0302629192724225,-0.02834725067584027,0.18465073992061434,-0.03399194065212445,high,0.005392515017709409,0.03571428571428571,0.010810810810810811,0.01015228426395939,train_oof,0.17342937186941354,1,0,1,0,drop,train_oof,0.12060301142481507
Base_LR_SMOTE,Base,supervised,LR,SMOTE,277,186,0.03550815240788716,0.01688385093754001,0.01862430147034716,0.05239200334542717,0.6785714285714286,0.32142857142857145,28,28,174,0.04416408879425401,0.04580112398848758,-0.0016370351942335693,0.08996521278274161,0.7125,0.2875,185,80,1,-0.008655936386366844,-12.0,false_positive_risk,1,train_oof,28,185,985,55,-0.0033852648261480526,0.07637627973865897,-0.00033382676684814294,-0.02725619596299003,-0.08614401830056914,-0.154700960993577,-0.1255821403266513,-0.1214952883032231,-0.0034170642428794943,-0.0535188274458563,0.07397942392666666,high,2.298329794768617,0.0,0.010810810810810811,0.013197969543147208,train_oof,0.17201792287074363,1,0,0,0,drop,train_oof,0.12060301142481507
Base_LR_SMOTE,Base,supervised,LR,SMOTE,344,173,0.0462852882814311,0.07297690538096084,-0.026691617099529746,0.11926219366239199,0.4642857142857143,0.5357142857142857,28,28,154,0.059628943726850056,0.08297222326394177,-0.023343279537091692,0.1426011669907919,0.45,0.55,185,80,1,-0.013343655445418955,-19.0,false_positive_risk,1,train_oof,28,185,985,55,0.01845513837782051,-0.04868609231117527,0.02027661906606067,-0.2112156322184611,0.1045848360276202,-0.0372190849504036,0.0105506250442931,-0.0390385683643287,-0.0018790682621852334,0.05913781374363538,-0.0689480305850364,high,2.4833013639054946,0.0,0.02702702702702703,0.01015228426395939,train_oof,0.17139674669196892,0,0,0,0,drop,train_oof,0.12060301142481507
Base_LR_SMOTE,Base,supervised,LR,SMOTE,285,233,0.0075229857448064295,0.006152512197758815,0.0013704735470476143,0.013675497942565246,0.75,0.25,28,28,234,0.007890898144708907,0.008441006313046872,-0.0005501081683379686,0.01633190445775578,0.5875,0.4125,185,80,1,-0.0003679123999024772,1.0,shared_signal,1,train_oof,28,185,985,55,-0.0036842682811141702,0.00814171478797746,0.0015696489279278508,-0.05244122379640346,-0.24752430118008728,-0.2245701487393506,-0.2575568941232926,-0.097875833665994,-0.0053069437266511236,-0.011263299279888986,0.0065693145075826085,high,3.150566404814869,0.0,0.010810810810810811,0.01015228426395939,train_oof,0.1712836579261281,1,0,0,0,drop,train_oof,0.12060301142481507
Base_LR_SMOTE,Base,supervised,LR,SMOTE,552,185,0.03568311103562543,0.05022450778339645,-0.014541396747771024,0.08590761881902187,0.6071428571428571,0.39285714285714285,28,28,172,0.04797554072200738,0.0818262696830788,-0.033850728961071386,0.12980181040508615,0.6375,0.3625,185,80,1,-0.012292429686381952,-13.0,false_positive_risk,1,train_oof,28,185,985,55,0.03271582501062839,0.08969260969573843,0.027581372879014406,0.03891979989030585,-0.09577884571136694,-0.196351686442169,-0.1580981872806299,-0.0731684001513413,0.005764011422275042,-0.05569034881451477,0.06718387597738819,high,3.6108471198343537,0.0,0.016216216216216217,0.01015228426395939,train_oof,0.17044326691833261,1,0,0,0,drop,train_oof,0.12060301142481507
Base_LR_SMOTE,Base,supervised,LR,SMOTE,131,174,0.044542793974447326,0.11290360972689795,-0.06836081575245063,0.1574464037013453,0.32142857142857145,0.6785714285714286,28,28,142,0.07042555984814058,0.13689444679810703,-0.06646888694996647,0.20732000664624767,0.35,0.65,185,80,1,-0.02588276587369326,-32.0,false_positive_risk,1,train_oof,28,185,985,55,0.04262070031591682,-0.024462291224262866,-0.0032120952574092813,0.1258526488073907,0.10486077056786851,0.039508696803321,-0.0476274015494089,-0.0040593523730439,0.044932314341412705,0.08182967265922422,-0.021213471945921367,high,2.2614792047981296,0.0,0.010810810810810811,0.01116751269035533,train_oof,0.1702860748479224,0,0,0,0,drop,train_oof,0.12060301142481507
Base_LR_SMOTE,Base,supervised,LR,SMOTE,86,195,0.027956105906645136,0.036572718511004576,-0.008616612604359438,0.0645288244176497,0.42857142857142855,0.5714285714285714,28,28,182,0.042908257270435415,0.04420654932298647,-0.0012982920525510594,0.08711480659342191,0.5625,0.4375,185,80,1,-0.01495215136379028,-13.0,false_positive_risk,1,train_oof,28,185,985,55,0.005473313210643831,0.07315352744625062,-0.02019303268793892,0.11279057909384425,0.03650091884845555,0.165606497725272,0.0418803179683224,0.2140210898040738,0.02553566584983397,-0.06982133401382133,0.09269742159954915,low,-3.285278037669704,0.0,0.0,0.01116751269035533,train_oof,0.17024305215858573,0,0,0,0,drop,train_oof,0.12060301142481507
Base_LR_SMOTE,Base,supervised,LR,SMOTE,227,154,0.05674913672761946,0.08149932480854996,-0.024750188080930484,0.1382484615361694,0.35714285714285715,0.6428571428571429,28,28,108,0.0968707451359155,0.09407001660339295,0.0028007285325225575,0.19094076173930846,0.2875,0.7125,185,80,1,-0.04012160840829603,-46.0,false_positive_risk,1,train_oof,28,185,985,55,0.03904919503018654,0.12106794639445563,-0.034992695519156666,0.19472054945341946,-0.13919065888109272,-0.1661189821338761,-0.2648561673940814,-0.1661189821338761,0.0765748799522854,-0.08121927388028174,0.15781786329208747,high,4.570034511565635,0.0,0.005405405405405406,0.01015228426395939,train_oof,0.16940232001406458,0,0,0,0,drop,train_oof,0.12060301142481507
Base_LR_SMOTE,Base,supervised,LR,SMOTE,473,141,0.0674633060154685,0.08393270216544171,-0.01646939614997322,0.15139600818091023,0.25,0.75,28,28,105,0.0988036320847793,0.06675586420357368,0.0320477678812056,0.16555949628835295,0.4375,0.5625,185,80,1,-0.031340326069310795,-36.0,false_positive_risk,1,train_oof,28,185,985,55,-0.016440685974073187,0.12611067487675923,-0.023516682575288102,0.00975118524223694,-0.40782478942281364,-0.1646808925028174,-0.2373631123696293,-0.0890465634982188,0.007283868042553232,-0.11992634075810382,0.1502913336206397,low,-1.1585058048530723,0.03571428571428571,0.016216216216216217,0.01015228426395939,train_oof,0.16666698849660433,0,0,0,0,drop,train_oof,0.12060301142481507
Base_LR_SMOTE,Base,supervised,LR,SMOTE,173,99,0.1138035794488375,0.08824106035825492,0.025562519090582596,0.20204463980709245,0.5357142857142857,0.4642857142857143,28,28,63,0.16891351828901405,0.1591763919313342,0.009737126357679829,0.3280899102203483,0.5,0.5,185,80,1,-0.05510993884017655,-36.0,false_positive_risk,1,train_oof,28,185,985,55,-0.013804845338506637,0.0040931397206868106,0.0008711552892011614,-0.025047674840559205,-0.009626766807338,-0.0440959146894753,0.0593115289569364,-0.1516814368670571,-0.014805319108812503,-0.017559737793069578,0.003194284424149455,low,-2.733733969128998,0.0,0.0,0.013197969543147208,train_oof,0.16400860251610566,0,0,0,0,drop,train_oof,0.12060301142481507
Base_LR_SMOTE,Base,supervised,LR,SMOTE,119,55,0.20993139189076948,0.12854161082229623,0.08138978106847321,0.33847300271306574,0.5714285714285714,0.42857142857142855,28,28,15,0.3122381103126355,0.12003530876466229,0.1922028015479732,0.43227341907729794,0.575,0.425,185,80,1,-0.102306718421866,-40.0,false_positive_risk,1,train_oof,28,185,985,55,0.04667945888763614,-0.06448628371762082,0.013221007990327514,-0.043631913301093166,0.0081391137613885,0.0241657919326985,-0.1895232503514586,-0.2002077024656653,0.038330803018041704,0.07458931764332657,-0.07641831572570386,high,1.167402168152943,0.0,0.005405405405405406,0.012182741116751269,train_oof,0.16069459541894093,0,0,0,0,drop,train_oof,0.12060301142481507
Base_LR_SMOTE,Base,supervised,LR,SMOTE,309,85,0.14578759467394667,0.36361954615513803,-0.21783195148119133,0.5094071408290846,0.32142857142857145,0.6785714285714286,28,28,19,0.2831267733508805,0.32748678163802836,-0.044360008287147826,0.610613554988909,0.55,0.45,185,80,1,-0.13733917867693382,-66.0,false_positive_risk,1,train_oof,28,185,985,55,-0.16538447933130418,0.10608369913114447,-0.02567192292724506,0.18502427894851461,-0.08887160346414724,0.2462155554617602,-0.0247838954728533,0.3048100313395111,-0.14061234726812577,-0.25843847940095066,0.13083444890514284,low,-2.4195401245966743,0.0,0.010810810810810811,0.01015228426395939,train_oof,0.1437233350675272,0,0,0,0,drop,train_oof,0.12060301142481507
Base_LR_SMOTE,Base,supervised,LR,SMOTE,486,102,0.1102784705385401,0.17519952730060528,-0.06492105676206518,0.28547799783914535,0.32142857142857145,0.6785714285714286,28,28,33,0.23342839695777057,0.1315473059452286,0.1018810910125421,0.3649757029029992,0.5375,0.4625,185,80,1,-0.12314992641923046,-69.0,false_positive_risk,1,train_oof,28,185,985,55,-0.11788940480018144,0.23656828476707525,-0.06045485055675331,0.3095561471905549,-0.23569627786496555,0.1405203654511855,-0.2296597851939776,0.1970025078457591,-0.0574730821437761,-0.38914687335950704,0.299101010473801,low,-1.0674901188596386,0.21428571428571427,0.14054054054054055,0.3583756345177665,train_oof,0.13306760626320058,0,0,0,0,drop,train_oof,0.12060301142481507
Base_LR_SMOTE,Base,supervised,LR,SMOTE,544,108,0.10353909665774416,0.2536707868114733,-0.15013169015372924,0.3572098834692175,0.7142857142857143,0.2857142857142857,28,28,27,0.2527648197157181,0.11868168954393932,0.13408313017177886,0.3714465092596571,0.825,0.175,185,80,1,-0.14922572305797396,-81.0,false_positive_risk,1,train_oof,28,185,985,55,-0.15245340465340582,0.12816608349302275,-0.028219239184797674,0.14971694573750782,0.3018890646394068,0.3018890646394068,0.3018890646394068,0.3018890646394068,-0.12205031639718825,-0.2968309966212236,0.1544223730082401,flat,,,,,train_oof,0.12675290352758917,1,0,0,0,drop,train_oof,0.12060301142481507
Base_LR_SMOTE,Base,supervised,LR,SMOTE,156,163,0.052257892608663405,0.04100078880279827,0.011257103805865141,0.09325868141146168,0.32142857142857145,0.6785714285714286,28,28,48,0.19581766927155844,0.04197113720812247,0.153846532063436,0.23778880647968106,0.3625,0.6375,185,80,1,-0.14355977666289504,-115.0,false_positive_risk,1,train_oof,28,185,985,55,0.008255848873954976,0.25369080519328646,-0.04958511500352545,0.030497737258981004,-0.132755935793469,-0.067944592579098,-0.1287410738244372,-0.1126816259483099,0.10645690538643303,-0.11663823286354208,0.296383445030141,low,-0.48796798074501085,0.03571428571428571,0.005405405405405406,0.01015228426395939,train_oof,0.11775744805550328,0,0,0,0,drop,train_oof,0.12060301142481507
Base_LR_SMOTE,Base,supervised,LR,SMOTE,222,214,0.015555935454126955,0.010144160323395001,0.005411775130731959,0.02570009577752195,0.39285714285714285,0.6071428571428571,28,28,71,0.1539880722034518,0.013546259507964505,0.1404418126954873,0.1675343317114163,0.25,0.75,185,80,1,-0.13843213674932484,-143.0,false_positive_risk,1,train_oof,28,185,985,55,-0.05407390455379424,0.11698928260072582,-0.03466920254185636,0.2549130281836456,-0.1070127956167822,-0.1186772970374406,-0.1168827583573393,-0.1258554517578457,-0.03464860442912248,-0.0996700114059526,0.16923593781715804,high,1.0387283700806822,0.0,0.010810810810810811,0.01015228426395939,train_oof,0.10361247463525013,0,0,0,0,drop,train_oof,0.12060301142481507
