artifact_key,feature_set,category,model,balance_method,rank,feature,mean_positive_shap,mean_negative_shap_abs,mean_shap,mean_abs_shap,positive_push_rate,negative_push_rate,group_name,n_group_rows_total,n_explained_rows,source_train_csv,source_label_csv,group_source,threshold
RFERF_RF_ROSE,RFERF,supervised,RF,ROSE,1,59,0.06336061584039797,0.002616120105760484,0.06074449573463749,0.06597673594615845,0.7413793103448276,0.25862068965517243,TP,58,58,data/processed\X_train_rferf.csv,data/processed\y_train.csv,train_oof,0.20232788980713348
RFERF_RF_ROSE,RFERF,supervised,RF,ROSE,2,103,0.04705813300482767,0.0008071506056084793,0.046250982399219195,0.04786528361043615,0.8620689655172413,0.13793103448275862,TP,58,58,data/processed\X_train_rferf.csv,data/processed\y_train.csv,train_oof,0.20232788980713348
RFERF_RF_ROSE,RFERF,supervised,RF,ROSE,3,477,0.02299876924808604,0.0039790797190164436,0.019019689529069593,0.02697784896710249,0.5344827586206896,0.46551724137931033,TP,58,58,data/processed\X_train_rferf.csv,data/processed\y_train.csv,train_oof,0.20232788980713348
RFERF_RF_ROSE,RFERF,supervised,RF,ROSE,4,64,0.022675265933970592,0.0009338649141500711,0.021741401019820535,0.02360913084812066,0.6724137931034483,0.3275862068965517,TP,58,58,data/processed\X_train_rferf.csv,data/processed\y_train.csv,train_oof,0.20232788980713348
RFERF_RF_ROSE,RFERF,supervised,RF,ROSE,5,348,0.022411913515660752,0.0017056957071089642,0.020706217808551787,0.024117609222769724,0.5172413793103449,0.4827586206896552,TP,58,58,data/processed\X_train_rferf.csv,data/processed\y_train.csv,train_oof,0.20232788980713348
RFERF_RF_ROSE,RFERF,supervised,RF,ROSE,6,65,0.019543255402327007,0.0004983850969483037,0.019044870305378703,0.02004164049927532,0.6724137931034483,0.3275862068965517,TP,58,58,data/processed\X_train_rferf.csv,data/processed\y_train.csv,train_oof,0.20232788980713348
RFERF_RF_ROSE,RFERF,supervised,RF,ROSE,7,129,0.017618048656462618,0.0018378238434775469,0.015780224812985067,0.01945587249994016,0.5344827586206896,0.46551724137931033,TP,58,58,data/processed\X_train_rferf.csv,data/processed\y_train.csv,train_oof,0.20232788980713348
RFERF_RF_ROSE,RFERF,supervised,RF,ROSE,8,510,0.015625980354116754,0.00037383152939427633,0.015252148824722478,0.01599981188351103,0.8620689655172413,0.13793103448275862,TP,58,58,data/processed\X_train_rferf.csv,data/processed\y_train.csv,train_oof,0.20232788980713348
RFERF_RF_ROSE,RFERF,supervised,RF,ROSE,9,486,0.012302113033952044,0.004252721556317216,0.008049391477634825,0.01655483459026925,0.8275862068965517,0.1724137931034483,TP,58,58,data/processed\X_train_rferf.csv,data/processed\y_train.csv,train_oof,0.20232788980713348
RFERF_RF_ROSE,RFERF,supervised,RF,ROSE,10,122,0.0113515532660672,0.00032238913910731743,0.011029164126959885,0.011673942405174519,0.896551724137931,0.10344827586206896,TP,58,58,data/processed\X_train_rferf.csv,data/processed\y_train.csv,train_oof,0.20232788980713348
RFERF_RF_ROSE,RFERF,supervised,RF,ROSE,11,377,0.011126697366763909,0.0007304499284494669,0.010396247438314445,0.011857147295213371,0.8620689655172413,0.13793103448275862,TP,58,58,data/processed\X_train_rferf.csv,data/processed\y_train.csv,train_oof,0.20232788980713348
RFERF_RF_ROSE,RFERF,supervised,RF,ROSE,12,130,0.008458741558988295,0.00036443749731552823,0.008094304061672768,0.008823179056303823,0.9827586206896551,0.017241379310344827,TP,58,58,data/processed\X_train_rferf.csv,data/processed\y_train.csv,train_oof,0.20232788980713348
RFERF_RF_ROSE,RFERF,supervised,RF,ROSE,13,63,0.00762972745548337,0.00027560391945639375,0.007354123536026975,0.007905331374939765,0.7068965517241379,0.29310344827586204,TP,58,58,data/processed\X_train_rferf.csv,data/processed\y_train.csv,train_oof,0.20232788980713348
RFERF_RF_ROSE,RFERF,supervised,RF,ROSE,14,21,0.007036243408981263,0.0007788734706297923,0.006257369938351472,0.007815116879611055,0.5,0.5,TP,58,58,data/processed\X_train_rferf.csv,data/processed\y_train.csv,train_oof,0.20232788980713348
RFERF_RF_ROSE,RFERF,supervised,RF,ROSE,15,79,0.006824016775597907,1.2348060134620689e-06,0.006822781969584444,0.0068252515816113685,0.9827586206896551,0.017241379310344827,TP,58,58,data/processed\X_train_rferf.csv,data/processed\y_train.csv,train_oof,0.20232788980713348
RFERF_RF_ROSE,RFERF,supervised,RF,ROSE,16,102,0.006810615268075821,0.000382782102090253,0.006427833165985567,0.007193397370166075,0.8103448275862069,0.1896551724137931,TP,58,58,data/processed\X_train_rferf.csv,data/processed\y_train.csv,train_oof,0.20232788980713348
RFERF_RF_ROSE,RFERF,supervised,RF,ROSE,17,125,0.006340585853825198,0.0003135919058483544,0.006026993947976843,0.006654177759673554,0.896551724137931,0.10344827586206896,TP,58,58,data/processed\X_train_rferf.csv,data/processed\y_train.csv,train_oof,0.20232788980713348
RFERF_RF_ROSE,RFERF,supervised,RF,ROSE,18,28,0.006093228202610394,1.1566387965635816e-05,0.006081661814644757,0.006104794590576029,0.9655172413793104,0.034482758620689655,TP,58,58,data/processed\X_train_rferf.csv,data/processed\y_train.csv,train_oof,0.20232788980713348
RFERF_RF_ROSE,RFERF,supervised,RF,ROSE,19,33,0.005917684680829412,0.001325350570441307,0.004592334110388107,0.0072430352512707205,0.5344827586206896,0.46551724137931033,TP,58,58,data/processed\X_train_rferf.csv,data/processed\y_train.csv,train_oof,0.20232788980713348
RFERF_RF_ROSE,RFERF,supervised,RF,ROSE,20,14,0.0057066417974008556,0.0006266628047786936,0.005079978992622162,0.00633330460217955,0.6724137931034483,0.3275862068965517,TP,58,58,data/processed\X_train_rferf.csv,data/processed\y_train.csv,train_oof,0.20232788980713348
RFERF_RF_ROSE,RFERF,supervised,RF,ROSE,21,124,0.005631321384480213,0.0004204490331351308,0.005210872351345084,0.006051770417615343,0.8448275862068966,0.15517241379310345,TP,58,58,data/processed\X_train_rferf.csv,data/processed\y_train.csv,train_oof,0.20232788980713348
RFERF_RF_ROSE,RFERF,supervised,RF,ROSE,22,428,0.005343803258534393,0.00020764659689213907,0.005136156661642253,0.005551449855426532,0.8793103448275862,0.1206896551724138,TP,58,58,data/processed\X_train_rferf.csv,data/processed\y_train.csv,train_oof,0.20232788980713348
RFERF_RF_ROSE,RFERF,supervised,RF,ROSE,23,425,0.005296712082177065,0.0006148605643736088,0.0046818515178034545,0.005911572646550675,0.5344827586206896,0.46551724137931033,TP,58,58,data/processed\X_train_rferf.csv,data/processed\y_train.csv,train_oof,0.20232788980713348
RFERF_RF_ROSE,RFERF,supervised,RF,ROSE,24,333,0.005227670938370432,0.0011242984695586703,0.00410337246881176,0.006351969407929103,0.3620689655172414,0.6379310344827587,TP,58,58,data/processed\X_train_rferf.csv,data/processed\y_train.csv,train_oof,0.20232788980713348
RFERF_RF_ROSE,RFERF,supervised,RF,ROSE,25,551,0.004949218220992181,0.0015612406261587383,0.003387977594833443,0.006510458847150919,0.27586206896551724,0.7241379310344828,TP,58,58,data/processed\X_train_rferf.csv,data/processed\y_train.csv,train_oof,0.20232788980713348
RFERF_RF_ROSE,RFERF,supervised,RF,ROSE,26,282,0.004791110816375217,0.0002588353895861555,0.004532275426789062,0.005049946205961374,0.7931034482758621,0.20689655172413793,TP,58,58,data/processed\X_train_rferf.csv,data/processed\y_train.csv,train_oof,0.20232788980713348
RFERF_RF_ROSE,RFERF,supervised,RF,ROSE,27,281,0.0047553243613442635,0.0011726619859513806,0.0035826623753928825,0.005927986347295644,0.6724137931034483,0.3275862068965517,TP,58,58,data/processed\X_train_rferf.csv,data/processed\y_train.csv,train_oof,0.20232788980713348
RFERF_RF_ROSE,RFERF,supervised,RF,ROSE,28,25,0.004737921687474046,0.0020374604590605513,0.002700461228413496,0.006775382146534597,0.2413793103448276,0.7586206896551724,TP,58,58,data/processed\X_train_rferf.csv,data/processed\y_train.csv,train_oof,0.20232788980713348
RFERF_RF_ROSE,RFERF,supervised,RF,ROSE,29,132,0.004639558827184486,0.0005901158877425253,0.00404944293944196,0.005229674714927012,0.46551724137931033,0.5344827586206896,TP,58,58,data/processed\X_train_rferf.csv,data/processed\y_train.csv,train_oof,0.20232788980713348
RFERF_RF_ROSE,RFERF,supervised,RF,ROSE,30,137,0.004578573814726183,0.00036931533152535827,0.004209258483200825,0.004947889146251541,0.7931034482758621,0.20689655172413793,TP,58,58,data/processed\X_train_rferf.csv,data/processed\y_train.csv,train_oof,0.20232788980713348
RFERF_RF_ROSE,RFERF,supervised,RF,ROSE,31,582,0.00451190024576163,0.0004389100211745714,0.0040729902245870584,0.004950810266936201,0.6206896551724138,0.3793103448275862,TP,58,58,data/processed\X_train_rferf.csv,data/processed\y_train.csv,train_oof,0.20232788980713348
RFERF_RF_ROSE,RFERF,supervised,RF,ROSE,32,19,0.004364946481217356,0.0004793768554798543,0.003885569625737501,0.0048443233366972085,0.9482758620689655,0.05172413793103448,TP,58,58,data/processed\X_train_rferf.csv,data/processed\y_train.csv,train_oof,0.20232788980713348
RFERF_RF_ROSE,RFERF,supervised,RF,ROSE,33,55,0.00402330597932587,8.175114720487051e-05,0.003941554832120999,0.004105057126530741,0.8448275862068966,0.15517241379310345,TP,58,58,data/processed\X_train_rferf.csv,data/processed\y_train.csv,train_oof,0.20232788980713348
RFERF_RF_ROSE,RFERF,supervised,RF,ROSE,34,571,0.003955521801912537,0.00012359625910247576,0.0038319255428100616,0.004079118061015012,0.8448275862068966,0.15517241379310345,TP,58,58,data/processed\X_train_rferf.csv,data/processed\y_train.csv,train_oof,0.20232788980713348
RFERF_RF_ROSE,RFERF,supervised,RF,ROSE,35,405,0.003935049306113782,0.0005661297405321141,0.003368919565581668,0.004501179046645897,0.5172413793103449,0.4827586206896552,TP,58,58,data/processed\X_train_rferf.csv,data/processed\y_train.csv,train_oof,0.20232788980713348
RFERF_RF_ROSE,RFERF,supervised,RF,ROSE,36,156,0.003917248708580414,0.0005434582059077531,0.00337379050267266,0.0044607069144881675,0.3275862068965517,0.6724137931034483,TP,58,58,data/processed\X_train_rferf.csv,data/processed\y_train.csv,train_oof,0.20232788980713348
RFERF_RF_ROSE,RFERF,supervised,RF,ROSE,37,0,0.0037741056308503284,0.0006965634766839283,0.003077542154166399,0.004470669107534258,0.6379310344827587,0.3620689655172414,TP,58,58,data/processed\X_train_rferf.csv,data/processed\y_train.csv,train_oof,0.20232788980713348
RFERF_RF_ROSE,RFERF,supervised,RF,ROSE,38,41,0.00377342955922956,0.0002201935234673111,0.003553236035762248,0.003993623082696871,0.7068965517241379,0.29310344827586204,TP,58,58,data/processed\X_train_rferf.csv,data/processed\y_train.csv,train_oof,0.20232788980713348
RFERF_RF_ROSE,RFERF,supervised,RF,ROSE,39,416,0.003542543907898899,0.0007778726389678495,0.0027646712689310504,0.0043204165468667495,0.8620689655172413,0.13793103448275862,TP,58,58,data/processed\X_train_rferf.csv,data/processed\y_train.csv,train_oof,0.20232788980713348
RFERF_RF_ROSE,RFERF,supervised,RF,ROSE,40,288,0.003527968933288504,0.0001277342847652462,0.0034002346485232583,0.0036557032180537506,0.7413793103448276,0.25862068965517243,TP,58,58,data/processed\X_train_rferf.csv,data/processed\y_train.csv,train_oof,0.20232788980713348
RFERF_RF_ROSE,RFERF,supervised,RF,ROSE,41,131,0.003334398637655215,0.00033394308344312254,0.0030004555542120924,0.0036683417210983367,0.8448275862068966,0.15517241379310345,TP,58,58,data/processed\X_train_rferf.csv,data/processed\y_train.csv,train_oof,0.20232788980713348
RFERF_RF_ROSE,RFERF,supervised,RF,ROSE,42,280,0.0032193736441122,0.00019972799464430309,0.003019645649467898,0.003419101638756503,0.6896551724137931,0.3103448275862069,TP,58,58,data/processed\X_train_rferf.csv,data/processed\y_train.csv,train_oof,0.20232788980713348
RFERF_RF_ROSE,RFERF,supervised,RF,ROSE,43,423,0.0031160829576644716,0.0005117811087523915,0.0026043018489120794,0.003627864066416862,0.46551724137931033,0.5344827586206896,TP,58,58,data/processed\X_train_rferf.csv,data/processed\y_train.csv,train_oof,0.20232788980713348
RFERF_RF_ROSE,RFERF,supervised,RF,ROSE,44,35,0.0030381135253728974,0.002186633855298401,0.0008514796700744957,0.005224747380671298,0.2413793103448276,0.7586206896551724,TP,58,58,data/processed\X_train_rferf.csv,data/processed\y_train.csv,train_oof,0.20232788980713348
RFERF_RF_ROSE,RFERF,supervised,RF,ROSE,45,144,0.002984170626424757,0.0004781770894063525,0.0025059935370184048,0.00346234771583111,0.7586206896551724,0.2413793103448276,TP,58,58,data/processed\X_train_rferf.csv,data/processed\y_train.csv,train_oof,0.20232788980713348
RFERF_RF_ROSE,RFERF,supervised,RF,ROSE,46,133,0.0029780695968007966,0.00028474085681085953,0.0026933287399899374,0.0032628104536116566,0.896551724137931,0.10344827586206896,TP,58,58,data/processed\X_train_rferf.csv,data/processed\y_train.csv,train_oof,0.20232788980713348
RFERF_RF_ROSE,RFERF,supervised,RF,ROSE,47,2,0.002917640035735395,0.00030685517482369445,0.0026107848609117005,0.003224495210559089,0.6206896551724138,0.3793103448275862,TP,58,58,data/processed\X_train_rferf.csv,data/processed\y_train.csv,train_oof,0.20232788980713348
RFERF_RF_ROSE,RFERF,supervised,RF,ROSE,48,90,0.0027321852073777988,0.0005148042350457691,0.0022173809723320306,0.003246989442423569,0.7931034482758621,0.20689655172413793,TP,58,58,data/processed\X_train_rferf.csv,data/processed\y_train.csv,train_oof,0.20232788980713348
RFERF_RF_ROSE,RFERF,supervised,RF,ROSE,49,48,0.0027187698785146866,0.00019309016361005553,0.0025256797149046306,0.0029118600421247426,0.8620689655172413,0.13793103448275862,TP,58,58,data/processed\X_train_rferf.csv,data/processed\y_train.csv,train_oof,0.20232788980713348
RFERF_RF_ROSE,RFERF,supervised,RF,ROSE,50,67,0.002717142361540693,0.0772718636402557,-0.074554721278715,0.0799890060017964,0.034482758620689655,0.9655172413793104,TP,58,58,data/processed\X_train_rferf.csv,data/processed\y_train.csv,train_oof,0.20232788980713348
RFERF_RF_ROSE,RFERF,supervised,RF,ROSE,51,37,0.002690064686320563,5.5976668603261874e-05,0.0026340880177173017,0.0027460413549238254,0.896551724137931,0.10344827586206896,TP,58,58,data/processed\X_train_rferf.csv,data/processed\y_train.csv,train_oof,0.20232788980713348
RFERF_RF_ROSE,RFERF,supervised,RF,ROSE,52,271,0.0025742834628377344,0.00022445627154990926,0.002349827191287827,0.002798739734387644,0.603448275862069,0.39655172413793105,TP,58,58,data/processed\X_train_rferf.csv,data/processed\y_train.csv,train_oof,0.20232788980713348
RFERF_RF_ROSE,RFERF,supervised,RF,ROSE,53,182,0.0025124482432354236,7.644799913455663e-05,0.002436000244100867,0.0025888962423699802,0.9827586206896551,0.017241379310344827,TP,58,58,data/processed\X_train_rferf.csv,data/processed\y_train.csv,train_oof,0.20232788980713348
RFERF_RF_ROSE,RFERF,supervised,RF,ROSE,54,586,0.0023914652367058196,0.0008965711326894076,0.0014948941040164128,0.003288036369395227,0.5344827586206896,0.46551724137931033,TP,58,58,data/processed\X_train_rferf.csv,data/processed\y_train.csv,train_oof,0.20232788980713348
RFERF_RF_ROSE,RFERF,supervised,RF,ROSE,55,76,0.0023820380610296015,7.117418621018478e-05,0.0023108638748194172,0.0024532122472397857,0.9137931034482759,0.08620689655172414,TP,58,58,data/processed\X_train_rferf.csv,data/processed\y_train.csv,train_oof,0.20232788980713348
RFERF_RF_ROSE,RFERF,supervised,RF,ROSE,56,58,0.002354936782872321,0.0002954219857738516,0.00205951479709847,0.0026503587686461725,0.8103448275862069,0.1896551724137931,TP,58,58,data/processed\X_train_rferf.csv,data/processed\y_train.csv,train_oof,0.20232788980713348
RFERF_RF_ROSE,RFERF,supervised,RF,ROSE,57,310,0.0023482542779160076,0.00041073102294529785,0.0019375232549707106,0.002758985300861306,0.7068965517241379,0.29310344827586204,TP,58,58,data/processed\X_train_rferf.csv,data/processed\y_train.csv,train_oof,0.20232788980713348
RFERF_RF_ROSE,RFERF,supervised,RF,ROSE,58,200,0.002324354348516593,0.00023012732910971854,0.0020942270194068734,0.0025544816776263105,0.7241379310344828,0.27586206896551724,TP,58,58,data/processed\X_train_rferf.csv,data/processed\y_train.csv,train_oof,0.20232788980713348
RFERF_RF_ROSE,RFERF,supervised,RF,ROSE,59,57,0.002314097033825319,0.00043293266958601,0.0018811643642393096,0.002747029703411329,0.6379310344827587,0.3620689655172414,TP,58,58,data/processed\X_train_rferf.csv,data/processed\y_train.csv,train_oof,0.20232788980713348
RFERF_RF_ROSE,RFERF,supervised,RF,ROSE,60,31,0.002305288873467982,0.0003927932235260566,0.0019124956499419255,0.002698082096994038,0.8620689655172413,0.13793103448275862,TP,58,58,data/processed\X_train_rferf.csv,data/processed\y_train.csv,train_oof,0.20232788980713348
RFERF_RF_ROSE,RFERF,supervised,RF,ROSE,61,316,0.002290276283287129,8.445281978901973e-05,0.0022058234634981097,0.002374729103076148,0.8620689655172413,0.13793103448275862,TP,58,58,data/processed\X_train_rferf.csv,data/processed\y_train.csv,train_oof,0.20232788980713348
RFERF_RF_ROSE,RFERF,supervised,RF,ROSE,62,107,0.002212423782853571,0.0003425906317471001,0.001869833151106471,0.002555014414600671,0.8103448275862069,0.1896551724137931,TP,58,58,data/processed\X_train_rferf.csv,data/processed\y_train.csv,train_oof,0.20232788980713348
RFERF_RF_ROSE,RFERF,supervised,RF,ROSE,63,8,0.0021891124748513176,0.0003359321229191236,0.0018531803519321933,0.002525044597770442,0.8448275862068966,0.15517241379310345,TP,58,58,data/processed\X_train_rferf.csv,data/processed\y_train.csv,train_oof,0.20232788980713348
RFERF_RF_ROSE,RFERF,supervised,RF,ROSE,64,273,0.002158704328571616,0.00014761968412224747,0.0020110846444493687,0.0023063240126938635,0.8103448275862069,0.1896551724137931,TP,58,58,data/processed\X_train_rferf.csv,data/processed\y_train.csv,train_oof,0.20232788980713348
RFERF_RF_ROSE,RFERF,supervised,RF,ROSE,65,91,0.002155514611064117,0.00016048076474708506,0.0019950338463170314,0.002315995375811202,0.8793103448275862,0.1206896551724138,TP,58,58,data/processed\X_train_rferf.csv,data/processed\y_train.csv,train_oof,0.20232788980713348
RFERF_RF_ROSE,RFERF,supervised,RF,ROSE,66,460,0.0021314590267864754,0.000287527017884793,0.001843932008901682,0.0024189860446712694,0.8275862068965517,0.1724137931034483,TP,58,58,data/processed\X_train_rferf.csv,data/processed\y_train.csv,train_oof,0.20232788980713348
RFERF_RF_ROSE,RFERF,supervised,RF,ROSE,67,563,0.002106532815400395,0.0006384020771437724,0.0014681307382566227,0.0027449348925441667,0.7586206896551724,0.2413793103448276,TP,58,58,data/processed\X_train_rferf.csv,data/processed\y_train.csv,train_oof,0.20232788980713348
RFERF_RF_ROSE,RFERF,supervised,RF,ROSE,68,16,0.0020596559050685397,0.00039087091876045615,0.0016687849863080838,0.0024505268238289952,0.6551724137931034,0.3448275862068966,TP,58,58,data/processed\X_train_rferf.csv,data/processed\y_train.csv,train_oof,0.20232788980713348
RFERF_RF_ROSE,RFERF,supervised,RF,ROSE,69,56,0.002028263776205356,0.00038670407986677956,0.0016415596963385765,0.0024149678560721364,0.8275862068965517,0.1724137931034483,TP,58,58,data/processed\X_train_rferf.csv,data/processed\y_train.csv,train_oof,0.20232788980713348
RFERF_RF_ROSE,RFERF,supervised,RF,ROSE,70,81,0.0018730682526401185,0.000430608738106465,0.001442459514533654,0.0023036769907465835,0.39655172413793105,0.603448275862069,TP,58,58,data/processed\X_train_rferf.csv,data/processed\y_train.csv,train_oof,0.20232788980713348
RFERF_RF_ROSE,RFERF,supervised,RF,ROSE,71,183,0.0018456103510529288,0.0001474968893654336,0.0016981134616874953,0.0019931072404183623,0.7068965517241379,0.29310344827586204,TP,58,58,data/processed\X_train_rferf.csv,data/processed\y_train.csv,train_oof,0.20232788980713348
RFERF_RF_ROSE,RFERF,supervised,RF,ROSE,72,525,0.001810641270434514,0.0002716985447331651,0.0015389427257013494,0.0020823398151676785,0.8103448275862069,0.1896551724137931,TP,58,58,data/processed\X_train_rferf.csv,data/processed\y_train.csv,train_oof,0.20232788980713348
RFERF_RF_ROSE,RFERF,supervised,RF,ROSE,73,480,0.0017936757286186524,0.00014258922509188842,0.0016510865035267643,0.001936264953710541,0.8620689655172413,0.13793103448275862,TP,58,58,data/processed\X_train_rferf.csv,data/processed\y_train.csv,train_oof,0.20232788980713348
RFERF_RF_ROSE,RFERF,supervised,RF,ROSE,74,452,0.0017901041007405355,0.0001861239636326432,0.0016039801371078922,0.0019762280643731787,0.8620689655172413,0.13793103448275862,TP,58,58,data/processed\X_train_rferf.csv,data/processed\y_train.csv,train_oof,0.20232788980713348
RFERF_RF_ROSE,RFERF,supervised,RF,ROSE,75,552,0.0017783363489597272,0.00023798254131255568,0.0015403538076471717,0.0020163188902722826,0.7931034482758621,0.20689655172413793,TP,58,58,data/processed\X_train_rferf.csv,data/processed\y_train.csv,train_oof,0.20232788980713348
RFERF_RF_ROSE,RFERF,supervised,RF,ROSE,76,126,0.0017609115241749066,0.00010700395789324543,0.001653907566281661,0.001867915482068152,0.8620689655172413,0.13793103448275862,TP,58,58,data/processed\X_train_rferf.csv,data/processed\y_train.csv,train_oof,0.20232788980713348
RFERF_RF_ROSE,RFERF,supervised,RF,ROSE,77,344,0.0017145804476195396,0.0001825166803930053,0.0015320637672265344,0.0018970971280125454,0.7931034482758621,0.20689655172413793,TP,58,58,data/processed\X_train_rferf.csv,data/processed\y_train.csv,train_oof,0.20232788980713348
RFERF_RF_ROSE,RFERF,supervised,RF,ROSE,78,139,0.0017141607874342068,0.00014333267834036503,0.0015708281090938416,0.0018574934657745717,0.9137931034482759,0.08620689655172414,TP,58,58,data/processed\X_train_rferf.csv,data/processed\y_train.csv,train_oof,0.20232788980713348
RFERF_RF_ROSE,RFERF,supervised,RF,ROSE,79,75,0.0016898742343438877,5.502822416836787e-05,0.0016348460101755196,0.0017449024585122555,0.896551724137931,0.10344827586206896,TP,58,58,data/processed\X_train_rferf.csv,data/processed\y_train.csv,train_oof,0.20232788980713348
RFERF_RF_ROSE,RFERF,supervised,RF,ROSE,80,115,0.001621244145770642,0.0003972697354968332,0.001223974410273809,0.0020185138812674757,0.6896551724137931,0.3103448275862069,TP,58,58,data/processed\X_train_rferf.csv,data/processed\y_train.csv,train_oof,0.20232788980713348
RFERF_RF_ROSE,RFERF,supervised,RF,ROSE,81,252,0.001616137360231987,0.0001642958760257372,0.0014518414842062495,0.0017804332362577242,0.896551724137931,0.10344827586206896,TP,58,58,data/processed\X_train_rferf.csv,data/processed\y_train.csv,train_oof,0.20232788980713348
RFERF_RF_ROSE,RFERF,supervised,RF,ROSE,82,295,0.001568280090807042,0.0002064086487443962,0.001361871442062646,0.0017746887395514383,0.5344827586206896,0.46551724137931033,TP,58,58,data/processed\X_train_rferf.csv,data/processed\y_train.csv,train_oof,0.20232788980713348
RFERF_RF_ROSE,RFERF,supervised,RF,ROSE,83,217,0.001562130579139993,0.00020826166469229497,0.0013538689144476975,0.001770392243832288,0.6379310344827587,0.3620689655172414,TP,58,58,data/processed\X_train_rferf.csv,data/processed\y_train.csv,train_oof,0.20232788980713348
RFERF_RF_ROSE,RFERF,supervised,RF,ROSE,84,43,0.0014821683934533624,0.00019928444039293733,0.001282883953060425,0.0016814528338462997,0.8620689655172413,0.13793103448275862,TP,58,58,data/processed\X_train_rferf.csv,data/processed\y_train.csv,train_oof,0.20232788980713348
RFERF_RF_ROSE,RFERF,supervised,RF,ROSE,85,24,0.0013932611049591586,0.0002743163386734527,0.0011189447662857054,0.0016675774436326113,0.8275862068965517,0.1724137931034483,TP,58,58,data/processed\X_train_rferf.csv,data/processed\y_train.csv,train_oof,0.20232788980713348
RFERF_RF_ROSE,RFERF,supervised,RF,ROSE,86,92,0.0013813445520177063,0.0003768885610440449,0.0010044559909736608,0.001758233113061751,0.6379310344827587,0.3620689655172414,TP,58,58,data/processed\X_train_rferf.csv,data/processed\y_train.csv,train_oof,0.20232788980713348
RFERF_RF_ROSE,RFERF,supervised,RF,ROSE,87,338,0.0013514358562811695,0.00021398789587597072,0.0011374479604051987,0.0015654237521571402,0.7758620689655172,0.22413793103448276,TP,58,58,data/processed\X_train_rferf.csv,data/processed\y_train.csv,train_oof,0.20232788980713348
RFERF_RF_ROSE,RFERF,supervised,RF,ROSE,88,39,0.001271219420380539,4.4726733506381846e-05,0.001226492686874157,0.0013159461538869203,0.9137931034482759,0.08620689655172414,TP,58,58,data/processed\X_train_rferf.csv,data/processed\y_train.csv,train_oof,0.20232788980713348
RFERF_RF_ROSE,RFERF,supervised,RF,ROSE,89,489,0.0011824768447274462,0.0005272975784280879,0.0006551792662993584,0.001709774423155534,0.7068965517241379,0.29310344827586204,TP,58,58,data/processed\X_train_rferf.csv,data/processed\y_train.csv,train_oof,0.20232788980713348
RFERF_RF_ROSE,RFERF,supervised,RF,ROSE,90,490,0.0010830950682081174,0.0004042307240664995,0.0006788643441416178,0.0014873257922746166,0.4827586206896552,0.5172413793103449,TP,58,58,data/processed\X_train_rferf.csv,data/processed\y_train.csv,train_oof,0.20232788980713348
RFERF_RF_ROSE,RFERF,supervised,RF,ROSE,91,173,0.0010776606091721609,0.00025719543430511595,0.0008204651748670448,0.0013348560434772764,0.8448275862068966,0.15517241379310345,TP,58,58,data/processed\X_train_rferf.csv,data/processed\y_train.csv,train_oof,0.20232788980713348
RFERF_RF_ROSE,RFERF,supervised,RF,ROSE,92,88,0.0009954406332372886,0.00011048165080464415,0.0008849589824326445,0.001105922284041933,0.9310344827586207,0.06896551724137931,TP,58,58,data/processed\X_train_rferf.csv,data/processed\y_train.csv,train_oof,0.20232788980713348
RFERF_RF_ROSE,RFERF,supervised,RF,ROSE,93,468,0.0009596088973999548,0.0005530009609106517,0.0004066079364893031,0.0015126098583106064,0.5689655172413793,0.43103448275862066,TP,58,58,data/processed\X_train_rferf.csv,data/processed\y_train.csv,train_oof,0.20232788980713348
RFERF_RF_ROSE,RFERF,supervised,RF,ROSE,94,15,0.0009403852531559297,0.00023569853212525833,0.0007046867210306714,0.0011760837852811878,0.8448275862068966,0.15517241379310345,TP,58,58,data/processed\X_train_rferf.csv,data/processed\y_train.csv,train_oof,0.20232788980713348
RFERF_RF_ROSE,RFERF,supervised,RF,ROSE,95,47,0.0008234443490939475,9.50567961661009e-05,0.0007283875529278463,0.0009185011452600485,0.7758620689655172,0.22413793103448276,TP,58,58,data/processed\X_train_rferf.csv,data/processed\y_train.csv,train_oof,0.20232788980713348
RFERF_RF_ROSE,RFERF,supervised,RF,ROSE,96,9,0.0007316080995311842,0.0001581082836186587,0.0005734998159125253,0.0008897163831498428,0.7586206896551724,0.2413793103448276,TP,58,58,data/processed\X_train_rferf.csv,data/processed\y_train.csv,train_oof,0.20232788980713348
RFERF_RF_ROSE,RFERF,supervised,RF,ROSE,97,227,0.0006573321430642023,3.242335773634783e-05,0.0006249087853278545,0.0006897555008005501,0.8103448275862069,0.1896551724137931,TP,58,58,data/processed\X_train_rferf.csv,data/processed\y_train.csv,train_oof,0.20232788980713348
RFERF_RF_ROSE,RFERF,supervised,RF,ROSE,98,488,0.00043400063837028044,0.001817708835734331,-0.0013837081973640507,0.0022517094741046108,0.25862068965517243,0.7413793103448276,TP,58,58,data/processed\X_train_rferf.csv,data/processed\y_train.csv,train_oof,0.20232788980713348
RFERF_RF_ROSE,RFERF,supervised,RF,ROSE,99,484,0.0003421872910560527,0.0016846052323397833,-0.0013424179412837303,0.0020267925233958357,0.3793103448275862,0.6206896551724138,TP,58,58,data/processed\X_train_rferf.csv,data/processed\y_train.csv,train_oof,0.20232788980713348
RFERF_RF_NoResample,RFERF,supervised,RF,NoResample,1,59,0.0339385926596945,0.0009436125065165929,0.0329949801531779,0.034882205166211086,0.7254901960784313,0.27450980392156865,TP,51,51,data/processed\X_train_rferf.csv,data/processed\y_train.csv,train_oof,0.10516617787900674
RFERF_RF_NoResample,RFERF,supervised,RF,NoResample,2,103,0.02503345510379155,0.0006021659400261895,0.02443128916376535,0.025635621043817745,0.7647058823529411,0.23529411764705882,TP,51,51,data/processed\X_train_rferf.csv,data/processed\y_train.csv,train_oof,0.10516617787900674
RFERF_RF_NoResample,RFERF,supervised,RF,NoResample,3,64,0.022613181766877564,0.0007249229336818323,0.02188825883319574,0.023338104700559397,0.5882352941176471,0.4117647058823529,TP,51,51,data/processed\X_train_rferf.csv,data/processed\y_train.csv,train_oof,0.10516617787900674
RFERF_RF_NoResample,RFERF,supervised,RF,NoResample,4,477,0.019318665092216684,0.0011741092118648204,0.01814455588035187,0.020492774304081505,0.5686274509803921,0.43137254901960786,TP,51,51,data/processed\X_train_rferf.csv,data/processed\y_train.csv,train_oof,0.10516617787900674
RFERF_RF_NoResample,RFERF,supervised,RF,NoResample,5,348,0.017902074321295994,0.0007575385724122419,0.017144535748883753,0.01865961289370824,0.5882352941176471,0.4117647058823529,TP,51,51,data/processed\X_train_rferf.csv,data/processed\y_train.csv,train_oof,0.10516617787900674
RFERF_RF_NoResample,RFERF,supervised,RF,NoResample,6,65,0.012859282214831382,0.00022784380502370488,0.012631438409807676,0.013087126019855086,0.7843137254901961,0.21568627450980393,TP,51,51,data/processed\X_train_rferf.csv,data/processed\y_train.csv,train_oof,0.10516617787900674
RFERF_RF_NoResample,RFERF,supervised,RF,NoResample,7,510,0.011203723970935414,0.00024249506485941378,0.010961228906076,0.011446219035794828,0.8235294117647058,0.17647058823529413,TP,51,51,data/processed\X_train_rferf.csv,data/processed\y_train.csv,train_oof,0.10516617787900674
RFERF_RF_NoResample,RFERF,supervised,RF,NoResample,8,63,0.010261252252707274,0.00029757138336916346,0.00996368086933811,0.01055882363607644,0.6274509803921569,0.37254901960784315,TP,51,51,data/processed\X_train_rferf.csv,data/processed\y_train.csv,train_oof,0.10516617787900674
RFERF_RF_NoResample,RFERF,supervised,RF,NoResample,9,25,0.009914474729941052,0.0006313777205239696,0.009283097009417082,0.010545852450465019,0.5098039215686274,0.49019607843137253,TP,51,51,data/processed\X_train_rferf.csv,data/processed\y_train.csv,train_oof,0.10516617787900674
RFERF_RF_NoResample,RFERF,supervised,RF,NoResample,10,132,0.009856433291781215,0.0002922569910607259,0.009564176300720489,0.01014869028284194,0.6274509803921569,0.37254901960784315,TP,51,51,data/processed\X_train_rferf.csv,data/processed\y_train.csv,train_oof,0.10516617787900674
RFERF_RF_NoResample,RFERF,supervised,RF,NoResample,11,405,0.0069596559614375254,0.00030180247076857966,0.0066578534906689465,0.0072614584322061035,0.7254901960784313,0.27450980392156865,TP,51,51,data/processed\X_train_rferf.csv,data/processed\y_train.csv,train_oof,0.10516617787900674
RFERF_RF_NoResample,RFERF,supervised,RF,NoResample,12,333,0.006951159683560509,0.0005878007013117724,0.006363358982248737,0.007538960384872283,0.5686274509803921,0.43137254901960786,TP,51,51,data/processed\X_train_rferf.csv,data/processed\y_train.csv,train_oof,0.10516617787900674
RFERF_RF_NoResample,RFERF,supervised,RF,NoResample,13,41,0.00682905302343847,0.00024264605374557018,0.0065864069696929,0.00707169907718404,0.7647058823529411,0.23529411764705882,TP,51,51,data/processed\X_train_rferf.csv,data/processed\y_train.csv,train_oof,0.10516617787900674
RFERF_RF_NoResample,RFERF,supervised,RF,NoResample,14,124,0.0068241030896602165,0.0003275497913827588,0.006496553298277458,0.007151652881042976,0.6666666666666666,0.3333333333333333,TP,51,51,data/processed\X_train_rferf.csv,data/processed\y_train.csv,train_oof,0.10516617787900674
RFERF_RF_NoResample,RFERF,supervised,RF,NoResample,15,551,0.006621329874015348,0.00039296111312310826,0.0062283687608922405,0.007014290987138458,0.6470588235294118,0.35294117647058826,TP,51,51,data/processed\X_train_rferf.csv,data/processed\y_train.csv,train_oof,0.10516617787900674
RFERF_RF_NoResample,RFERF,supervised,RF,NoResample,16,21,0.006529349436034884,0.00043736211809678713,0.006091987317938098,0.00696671155413167,0.5686274509803921,0.43137254901960786,TP,51,51,data/processed\X_train_rferf.csv,data/processed\y_train.csv,train_oof,0.10516617787900674
RFERF_RF_NoResample,RFERF,supervised,RF,NoResample,17,129,0.0060558414003207455,0.00030534692273782805,0.005750494477582918,0.006361188323058575,0.803921568627451,0.19607843137254902,TP,51,51,data/processed\X_train_rferf.csv,data/processed\y_train.csv,train_oof,0.10516617787900674
RFERF_RF_NoResample,RFERF,supervised,RF,NoResample,18,156,0.006054776301528104,0.0003124033065845401,0.005742372994943564,0.006367179608112645,0.5686274509803921,0.43137254901960786,TP,51,51,data/processed\X_train_rferf.csv,data/processed\y_train.csv,train_oof,0.10516617787900674
RFERF_RF_NoResample,RFERF,supervised,RF,NoResample,19,0,0.00603461186362632,0.0004673045367915131,0.005567307326834805,0.0065019164004178325,0.7058823529411765,0.29411764705882354,TP,51,51,data/processed\X_train_rferf.csv,data/processed\y_train.csv,train_oof,0.10516617787900674
RFERF_RF_NoResample,RFERF,supervised,RF,NoResample,20,122,0.005840788988628997,0.00031817835782353823,0.005522610630805458,0.006158967346452537,0.7058823529411765,0.29411764705882354,TP,51,51,data/processed\X_train_rferf.csv,data/processed\y_train.csv,train_oof,0.10516617787900674
RFERF_RF_NoResample,RFERF,supervised,RF,NoResample,21,79,0.005753194109408769,0.0001615484786015589,0.00559164563080721,0.005914742588010328,0.8823529411764706,0.11764705882352941,TP,51,51,data/processed\X_train_rferf.csv,data/processed\y_train.csv,train_oof,0.10516617787900674
RFERF_RF_NoResample,RFERF,supervised,RF,NoResample,22,102,0.0053909171972388575,0.0001504149520708349,0.005240502245168024,0.005541332149309691,0.8235294117647058,0.17647058823529413,TP,51,51,data/processed\X_train_rferf.csv,data/processed\y_train.csv,train_oof,0.10516617787900674
RFERF_RF_NoResample,RFERF,supervised,RF,NoResample,23,67,0.004904423409188682,0.0003778354836255493,0.0045265879255631325,0.00528225889281423,0.6470588235294118,0.35294117647058826,TP,51,51,data/processed\X_train_rferf.csv,data/processed\y_train.csv,train_oof,0.10516617787900674
RFERF_RF_NoResample,RFERF,supervised,RF,NoResample,24,425,0.004841442433001211,0.0007490965956123564,0.004092345837388855,0.005590539028613569,0.5686274509803921,0.43137254901960786,TP,51,51,data/processed\X_train_rferf.csv,data/processed\y_train.csv,train_oof,0.10516617787900674
RFERF_RF_NoResample,RFERF,supervised,RF,NoResample,25,571,0.004420552970042964,0.00022741021089636715,0.004193142759146596,0.00464796318093933,0.7058823529411765,0.29411764705882354,TP,51,51,data/processed\X_train_rferf.csv,data/processed\y_train.csv,train_oof,0.10516617787900674
RFERF_RF_NoResample,RFERF,supervised,RF,NoResample,26,28,0.004409922145953185,5.904768206946981e-06,0.0044040173777462385,0.004415826914160132,0.9215686274509803,0.0784313725490196,TP,51,51,data/processed\X_train_rferf.csv,data/processed\y_train.csv,train_oof,0.10516617787900674
RFERF_RF_NoResample,RFERF,supervised,RF,NoResample,27,200,0.004408156422503367,0.00039663351434545026,0.004011522908157916,0.0048047899368488176,0.6862745098039216,0.3137254901960784,TP,51,51,data/processed\X_train_rferf.csv,data/processed\y_train.csv,train_oof,0.10516617787900674
RFERF_RF_NoResample,RFERF,supervised,RF,NoResample,28,133,0.004320557581394298,0.00025028532489452897,0.004070272256499768,0.004570842906288828,0.6666666666666666,0.3333333333333333,TP,51,51,data/processed\X_train_rferf.csv,data/processed\y_train.csv,train_oof,0.10516617787900674
RFERF_RF_NoResample,RFERF,supervised,RF,NoResample,29,582,0.004162726885062301,0.00019527306818115466,0.003967453816881146,0.004357999953243455,0.6862745098039216,0.3137254901960784,TP,51,51,data/processed\X_train_rferf.csv,data/processed\y_train.csv,train_oof,0.10516617787900674
RFERF_RF_NoResample,RFERF,supervised,RF,NoResample,30,288,0.004105513364569019,0.0003621643966098033,0.003743348967959216,0.004467677761178822,0.6470588235294118,0.35294117647058826,TP,51,51,data/processed\X_train_rferf.csv,data/processed\y_train.csv,train_oof,0.10516617787900674
RFERF_RF_NoResample,RFERF,supervised,RF,NoResample,31,14,0.0039924648490823516,0.0003002400080410416,0.0036922248410413095,0.004292704857123393,0.6470588235294118,0.35294117647058826,TP,51,51,data/processed\X_train_rferf.csv,data/processed\y_train.csv,train_oof,0.10516617787900674
RFERF_RF_NoResample,RFERF,supervised,RF,NoResample,32,76,0.003944423048996771,3.674026061660463e-05,0.003907682788380166,0.003981163309613376,0.9607843137254902,0.0392156862745098,TP,51,51,data/processed\X_train_rferf.csv,data/processed\y_train.csv,train_oof,0.10516617787900674
RFERF_RF_NoResample,RFERF,supervised,RF,NoResample,33,125,0.003859555815569144,0.0001848804067300729,0.0036746754088390707,0.004044436222299217,0.6862745098039216,0.3137254901960784,TP,51,51,data/processed\X_train_rferf.csv,data/processed\y_train.csv,train_oof,0.10516617787900674
RFERF_RF_NoResample,RFERF,supervised,RF,NoResample,34,416,0.0037360956682611613,0.0004080089935490988,0.0033280866747120615,0.004144104661810259,0.5490196078431373,0.45098039215686275,TP,51,51,data/processed\X_train_rferf.csv,data/processed\y_train.csv,train_oof,0.10516617787900674
RFERF_RF_NoResample,RFERF,supervised,RF,NoResample,35,281,0.0035905404172374513,0.00015061097943840136,0.0034399294377990496,0.003741151396675853,0.7058823529411765,0.29411764705882354,TP,51,51,data/processed\X_train_rferf.csv,data/processed\y_train.csv,train_oof,0.10516617787900674
RFERF_RF_NoResample,RFERF,supervised,RF,NoResample,36,484,0.0034863241177155078,0.0003518396868038716,0.0031344844309116365,0.0038381638045193794,0.6078431372549019,0.39215686274509803,TP,51,51,data/processed\X_train_rferf.csv,data/processed\y_train.csv,train_oof,0.10516617787900674
RFERF_RF_NoResample,RFERF,supervised,RF,NoResample,37,282,0.0032707633428207005,0.00025643010511699544,0.003014333237703705,0.0035271934479376966,0.7843137254901961,0.21568627450980393,TP,51,51,data/processed\X_train_rferf.csv,data/processed\y_train.csv,train_oof,0.10516617787900674
RFERF_RF_NoResample,RFERF,supervised,RF,NoResample,38,55,0.003266585330046677,0.00037221507504571635,0.00289437025500096,0.003638800405092394,0.6078431372549019,0.39215686274509803,TP,51,51,data/processed\X_train_rferf.csv,data/processed\y_train.csv,train_oof,0.10516617787900674
RFERF_RF_NoResample,RFERF,supervised,RF,NoResample,39,344,0.0032232414419668316,0.00022406283025561724,0.002999178611711214,0.003447304272222449,0.7843137254901961,0.21568627450980393,TP,51,51,data/processed\X_train_rferf.csv,data/processed\y_train.csv,train_oof,0.10516617787900674
RFERF_RF_NoResample,RFERF,supervised,RF,NoResample,40,57,0.003214477151680245,0.00013381789262879892,0.0030806592590514456,0.003348295044309044,0.6862745098039216,0.3137254901960784,TP,51,51,data/processed\X_train_rferf.csv,data/processed\y_train.csv,train_oof,0.10516617787900674
RFERF_RF_NoResample,RFERF,supervised,RF,NoResample,41,271,0.003157008590189437,0.0003369664071250201,0.002820042183064417,0.003493974997314456,0.6470588235294118,0.35294117647058826,TP,51,51,data/processed\X_train_rferf.csv,data/processed\y_train.csv,train_oof,0.10516617787900674
RFERF_RF_NoResample,RFERF,supervised,RF,NoResample,42,33,0.0030508368757514322,0.00016466197589781663,0.002886174899853616,0.003215498851649249,0.7254901960784313,0.27450980392156865,TP,51,51,data/processed\X_train_rferf.csv,data/processed\y_train.csv,train_oof,0.10516617787900674
RFERF_RF_NoResample,RFERF,supervised,RF,NoResample,43,81,0.002843705966203893,0.00014678581259880094,0.0026969201536050924,0.0029904917788026943,0.7843137254901961,0.21568627450980393,TP,51,51,data/processed\X_train_rferf.csv,data/processed\y_train.csv,train_oof,0.10516617787900674
RFERF_RF_NoResample,RFERF,supervised,RF,NoResample,44,183,0.0027949899736782868,0.0001490172858089582,0.0026459726878693282,0.0029440072594872444,0.803921568627451,0.19607843137254902,TP,51,51,data/processed\X_train_rferf.csv,data/processed\y_train.csv,train_oof,0.10516617787900674
RFERF_RF_NoResample,RFERF,supervised,RF,NoResample,45,37,0.0027763162243413858,0.00022531770101628492,0.0025509985233251003,0.0030016339253576703,0.803921568627451,0.19607843137254902,TP,51,51,data/processed\X_train_rferf.csv,data/processed\y_train.csv,train_oof,0.10516617787900674
RFERF_RF_NoResample,RFERF,supervised,RF,NoResample,46,130,0.002735552874255828,0.00022309393629087694,0.002512458937964951,0.0029586468105467054,0.6862745098039216,0.3137254901960784,TP,51,51,data/processed\X_train_rferf.csv,data/processed\y_train.csv,train_oof,0.10516617787900674
RFERF_RF_NoResample,RFERF,supervised,RF,NoResample,47,338,0.0027051430650910967,0.00043932022753495826,0.002265822837556139,0.003144463292626055,0.7254901960784313,0.27450980392156865,TP,51,51,data/processed\X_train_rferf.csv,data/processed\y_train.csv,train_oof,0.10516617787900674
RFERF_RF_NoResample,RFERF,supervised,RF,NoResample,48,137,0.002681123188115229,0.00027595796199711203,0.0024051652261181168,0.002957081150112341,0.7647058823529411,0.23529411764705882,TP,51,51,data/processed\X_train_rferf.csv,data/processed\y_train.csv,train_oof,0.10516617787900674
RFERF_RF_NoResample,RFERF,supervised,RF,NoResample,49,19,0.0026364699020684857,6.830734455352198e-05,0.0025681625575149636,0.0027047772466220073,0.8823529411764706,0.11764705882352941,TP,51,51,data/processed\X_train_rferf.csv,data/processed\y_train.csv,train_oof,0.10516617787900674
RFERF_RF_NoResample,RFERF,supervised,RF,NoResample,50,217,0.0023437461363380674,0.00029390824028254164,0.0020498378960555255,0.0026376543766206085,0.6666666666666666,0.3333333333333333,TP,51,51,data/processed\X_train_rferf.csv,data/processed\y_train.csv,train_oof,0.10516617787900674
RFERF_RF_NoResample,RFERF,supervised,RF,NoResample,51,295,0.002338487772157448,0.00016621393403104266,0.0021722738381264057,0.00250470170618849,0.6666666666666666,0.3333333333333333,TP,51,51,data/processed\X_train_rferf.csv,data/processed\y_train.csv,train_oof,0.10516617787900674
RFERF_RF_NoResample,RFERF,supervised,RF,NoResample,52,586,0.0023256039026771733,0.00030874636642821035,0.002016857536248963,0.002634350269105383,0.6666666666666666,0.3333333333333333,TP,51,51,data/processed\X_train_rferf.csv,data/processed\y_train.csv,train_oof,0.10516617787900674
RFERF_RF_NoResample,RFERF,supervised,RF,NoResample,53,48,0.0022676740942297983,0.0001682322923676029,0.0020994418018621956,0.002435906386597401,0.7254901960784313,0.27450980392156865,TP,51,51,data/processed\X_train_rferf.csv,data/processed\y_train.csv,train_oof,0.10516617787900674
RFERF_RF_NoResample,RFERF,supervised,RF,NoResample,54,2,0.002173587673843892,0.00019789776996287576,0.001975689903881016,0.0023714854438067674,0.6666666666666666,0.3333333333333333,TP,51,51,data/processed\X_train_rferf.csv,data/processed\y_train.csv,train_oof,0.10516617787900674
RFERF_RF_NoResample,RFERF,supervised,RF,NoResample,55,480,0.002154055192599578,0.0003022157121710336,0.0018518394804285443,0.0024562709047706113,0.6470588235294118,0.35294117647058826,TP,51,51,data/processed\X_train_rferf.csv,data/processed\y_train.csv,train_oof,0.10516617787900674
RFERF_RF_NoResample,RFERF,supervised,RF,NoResample,56,468,0.0021032369397743947,9.279477595446921e-05,0.0020104421638199254,0.002196031715728864,0.8431372549019608,0.1568627450980392,TP,51,51,data/processed\X_train_rferf.csv,data/processed\y_train.csv,train_oof,0.10516617787900674
RFERF_RF_NoResample,RFERF,supervised,RF,NoResample,57,107,0.0020451035628452096,0.0003731005772757895,0.0016720029855694196,0.002418204140120999,0.6470588235294118,0.35294117647058826,TP,51,51,data/processed\X_train_rferf.csv,data/processed\y_train.csv,train_oof,0.10516617787900674
RFERF_RF_NoResample,RFERF,supervised,RF,NoResample,58,428,0.00202918964428052,8.680691192224015e-05,0.0019423827323582798,0.00211599655620276,0.8431372549019608,0.1568627450980392,TP,51,51,data/processed\X_train_rferf.csv,data/processed\y_train.csv,train_oof,0.10516617787900674
RFERF_RF_NoResample,RFERF,supervised,RF,NoResample,59,115,0.0020072454091151636,0.00024402576151127467,0.0017632196476038888,0.0022512711706264388,0.6274509803921569,0.37254901960784315,TP,51,51,data/processed\X_train_rferf.csv,data/processed\y_train.csv,train_oof,0.10516617787900674
RFERF_RF_NoResample,RFERF,supervised,RF,NoResample,60,16,0.0020004493435760097,0.00016603045693792056,0.0018344188866380887,0.00216647980051393,0.6666666666666666,0.3333333333333333,TP,51,51,data/processed\X_train_rferf.csv,data/processed\y_train.csv,train_oof,0.10516617787900674
RFERF_RF_NoResample,RFERF,supervised,RF,NoResample,61,35,0.001965800477896744,5.746272584778466e-05,0.001908337752048959,0.002023263203744529,0.8627450980392157,0.13725490196078433,TP,51,51,data/processed\X_train_rferf.csv,data/processed\y_train.csv,train_oof,0.10516617787900674
RFERF_RF_NoResample,RFERF,supervised,RF,NoResample,62,56,0.0019536764982357817,0.00029309609912049573,0.0016605803991152858,0.002246772597356278,0.6470588235294118,0.35294117647058826,TP,51,51,data/processed\X_train_rferf.csv,data/processed\y_train.csv,train_oof,0.10516617787900674
RFERF_RF_NoResample,RFERF,supervised,RF,NoResample,63,131,0.001926626049841917,9.689525906261015e-05,0.001829730790779307,0.0020235213089045273,0.803921568627451,0.19607843137254902,TP,51,51,data/processed\X_train_rferf.csv,data/processed\y_train.csv,train_oof,0.10516617787900674
RFERF_RF_NoResample,RFERF,supervised,RF,NoResample,64,460,0.0018833572762125968,0.00016881433502850127,0.0017145429411840956,0.0020521716112410987,0.7058823529411765,0.29411764705882354,TP,51,51,data/processed\X_train_rferf.csv,data/processed\y_train.csv,train_oof,0.10516617787900674
RFERF_RF_NoResample,RFERF,supervised,RF,NoResample,65,316,0.0018559021788734683,5.359141688117081e-05,0.0018023107619922977,0.0019094935957546383,0.8627450980392157,0.13725490196078433,TP,51,51,data/processed\X_train_rferf.csv,data/processed\y_train.csv,train_oof,0.10516617787900674
RFERF_RF_NoResample,RFERF,supervised,RF,NoResample,66,452,0.0018284001341727103,8.798175675038258e-05,0.0017404183774223274,0.0019163818909230929,0.7843137254901961,0.21568627450980393,TP,51,51,data/processed\X_train_rferf.csv,data/processed\y_train.csv,train_oof,0.10516617787900674
RFERF_RF_NoResample,RFERF,supervised,RF,NoResample,67,92,0.0017703456495137568,0.00022843005460531542,0.0015419155949084407,0.0019987757041190725,0.7254901960784313,0.27450980392156865,TP,51,51,data/processed\X_train_rferf.csv,data/processed\y_train.csv,train_oof,0.10516617787900674
RFERF_RF_NoResample,RFERF,supervised,RF,NoResample,68,280,0.0017238875437317817,0.0001995821521885556,0.001524305391543226,0.0019234696959203373,0.7450980392156863,0.2549019607843137,TP,51,51,data/processed\X_train_rferf.csv,data/processed\y_train.csv,train_oof,0.10516617787900674
RFERF_RF_NoResample,RFERF,supervised,RF,NoResample,69,144,0.0017181945727088074,0.0001668695256232229,0.0015513250470855842,0.0018850640983320301,0.7058823529411765,0.29411764705882354,TP,51,51,data/processed\X_train_rferf.csv,data/processed\y_train.csv,train_oof,0.10516617787900674
RFERF_RF_NoResample,RFERF,supervised,RF,NoResample,70,75,0.0016602544648156173,0.00021970055598294537,0.0014405539088326721,0.0018799550207985627,0.6470588235294118,0.35294117647058826,TP,51,51,data/processed\X_train_rferf.csv,data/processed\y_train.csv,train_oof,0.10516617787900674
RFERF_RF_NoResample,RFERF,supervised,RF,NoResample,71,377,0.001640834602375466,8.305269611731581e-05,0.0015577819062581502,0.0017238872984927818,0.8235294117647058,0.17647058823529413,TP,51,51,data/processed\X_train_rferf.csv,data/processed\y_train.csv,train_oof,0.10516617787900674
RFERF_RF_NoResample,RFERF,supervised,RF,NoResample,72,488,0.001621849637189322,0.0001221689373700196,0.0014996806998193027,0.0017440185745593415,0.6862745098039216,0.3137254901960784,TP,51,51,data/processed\X_train_rferf.csv,data/processed\y_train.csv,train_oof,0.10516617787900674
RFERF_RF_NoResample,RFERF,supervised,RF,NoResample,73,47,0.0016168842418441466,0.00013640063542439925,0.001480483606419748,0.0017532848772685461,0.7647058823529411,0.23529411764705882,TP,51,51,data/processed\X_train_rferf.csv,data/processed\y_train.csv,train_oof,0.10516617787900674
RFERF_RF_NoResample,RFERF,supervised,RF,NoResample,74,139,0.0015645408664573916,5.041901725024649e-05,0.0015141218492071454,0.001614959883707638,0.8431372549019608,0.1568627450980392,TP,51,51,data/processed\X_train_rferf.csv,data/processed\y_train.csv,train_oof,0.10516617787900674
RFERF_RF_NoResample,RFERF,supervised,RF,NoResample,75,39,0.0015571878734492927,0.0001015004353891659,0.0014556874380601264,0.0016586883088384585,0.8431372549019608,0.1568627450980392,TP,51,51,data/processed\X_train_rferf.csv,data/processed\y_train.csv,train_oof,0.10516617787900674
RFERF_RF_NoResample,RFERF,supervised,RF,NoResample,76,8,0.0015402971943186696,0.00016101446345823583,0.0013792827308604333,0.001701311657776906,0.7647058823529411,0.23529411764705882,TP,51,51,data/processed\X_train_rferf.csv,data/processed\y_train.csv,train_oof,0.10516617787900674
RFERF_RF_NoResample,RFERF,supervised,RF,NoResample,77,489,0.001535300927958595,0.0001094159328809192,0.0014258849950776755,0.001644716860839514,0.7647058823529411,0.23529411764705882,TP,51,51,data/processed\X_train_rferf.csv,data/processed\y_train.csv,train_oof,0.10516617787900674
RFERF_RF_NoResample,RFERF,supervised,RF,NoResample,78,91,0.0015051819605751235,6.273456868248981e-05,0.0014424473918926335,0.0015679165292576134,0.8627450980392157,0.13725490196078433,TP,51,51,data/processed\X_train_rferf.csv,data/processed\y_train.csv,train_oof,0.10516617787900674
RFERF_RF_NoResample,RFERF,supervised,RF,NoResample,79,273,0.001483200513238765,0.00016265418217365673,0.0013205463310651075,0.001645854695412422,0.6666666666666666,0.3333333333333333,TP,51,51,data/processed\X_train_rferf.csv,data/processed\y_train.csv,train_oof,0.10516617787900674
RFERF_RF_NoResample,RFERF,supervised,RF,NoResample,80,58,0.0014684545096193143,4.259580829620845e-05,0.0014258587013231063,0.0015110503179155228,0.9411764705882353,0.058823529411764705,TP,51,51,data/processed\X_train_rferf.csv,data/processed\y_train.csv,train_oof,0.10516617787900674
RFERF_RF_NoResample,RFERF,supervised,RF,NoResample,81,490,0.0014607017584456535,0.00017835642320089868,0.0012823453352447548,0.001639058181646552,0.6862745098039216,0.3137254901960784,TP,51,51,data/processed\X_train_rferf.csv,data/processed\y_train.csv,train_oof,0.10516617787900674
RFERF_RF_NoResample,RFERF,supervised,RF,NoResample,82,552,0.0014102689766808982,9.637449288974373e-05,0.0013138944837911542,0.0015066434695706417,0.7450980392156863,0.2549019607843137,TP,51,51,data/processed\X_train_rferf.csv,data/processed\y_train.csv,train_oof,0.10516617787900674
RFERF_RF_NoResample,RFERF,supervised,RF,NoResample,83,423,0.0013895431103222895,0.0002584216645543575,0.0011311214457679318,0.0016479647748766472,0.6666666666666666,0.3333333333333333,TP,51,51,data/processed\X_train_rferf.csv,data/processed\y_train.csv,train_oof,0.10516617787900674
RFERF_RF_NoResample,RFERF,supervised,RF,NoResample,84,43,0.0013671355970339052,0.00010730114544758295,0.0012598344515863222,0.0014744367424814877,0.7647058823529411,0.23529411764705882,TP,51,51,data/processed\X_train_rferf.csv,data/processed\y_train.csv,train_oof,0.10516617787900674
RFERF_RF_NoResample,RFERF,supervised,RF,NoResample,85,15,0.0013350080735421463,7.396437618972175e-05,0.0012610436973524246,0.0014089724497318682,0.8823529411764706,0.11764705882352941,TP,51,51,data/processed\X_train_rferf.csv,data/processed\y_train.csv,train_oof,0.10516617787900674
RFERF_RF_NoResample,RFERF,supervised,RF,NoResample,86,486,0.0013344584737732628,0.00022428218888581833,0.0011101762848874444,0.001558740662659081,0.6470588235294118,0.35294117647058826,TP,51,51,data/processed\X_train_rferf.csv,data/processed\y_train.csv,train_oof,0.10516617787900674
RFERF_RF_NoResample,RFERF,supervised,RF,NoResample,87,525,0.0013232548944527688,8.596836780863617e-05,0.0012372865266441328,0.0014092232622614051,0.8627450980392157,0.13725490196078433,TP,51,51,data/processed\X_train_rferf.csv,data/processed\y_train.csv,train_oof,0.10516617787900674
RFERF_RF_NoResample,RFERF,supervised,RF,NoResample,88,126,0.001141641237105484,0.0002909692361467704,0.0008506720009587135,0.0014326104732522548,0.5294117647058824,0.47058823529411764,TP,51,51,data/processed\X_train_rferf.csv,data/processed\y_train.csv,train_oof,0.10516617787900674
RFERF_RF_NoResample,RFERF,supervised,RF,NoResample,89,252,0.0011021710461776443,0.00013302063887849164,0.0009691504072991526,0.0012351916850561358,0.7450980392156863,0.2549019607843137,TP,51,51,data/processed\X_train_rferf.csv,data/processed\y_train.csv,train_oof,0.10516617787900674
RFERF_RF_NoResample,RFERF,supervised,RF,NoResample,90,90,0.0010704710254859824,6.391824828262262e-05,0.0010065527772033598,0.001134389273768605,0.8235294117647058,0.17647058823529413,TP,51,51,data/processed\X_train_rferf.csv,data/processed\y_train.csv,train_oof,0.10516617787900674
RFERF_RF_NoResample,RFERF,supervised,RF,NoResample,91,24,0.0010187685522743298,7.987667174861418e-05,0.0009388918805257155,0.0010986452240229442,0.7843137254901961,0.21568627450980393,TP,51,51,data/processed\X_train_rferf.csv,data/processed\y_train.csv,train_oof,0.10516617787900674
RFERF_RF_NoResample,RFERF,supervised,RF,NoResample,92,310,0.0010100101710843593,0.00012649551081829352,0.0008835146602660658,0.001136505681902653,0.803921568627451,0.19607843137254902,TP,51,51,data/processed\X_train_rferf.csv,data/processed\y_train.csv,train_oof,0.10516617787900674
RFERF_RF_NoResample,RFERF,supervised,RF,NoResample,93,227,0.0009777970450924609,0.00010576472429282217,0.0008720323207996387,0.0010835617693852832,0.7254901960784313,0.27450980392156865,TP,51,51,data/processed\X_train_rferf.csv,data/processed\y_train.csv,train_oof,0.10516617787900674
RFERF_RF_NoResample,RFERF,supervised,RF,NoResample,94,9,0.0009348271985210987,5.139372213661337e-05,0.0008834334763844854,0.000986220920657712,0.7843137254901961,0.21568627450980393,TP,51,51,data/processed\X_train_rferf.csv,data/processed\y_train.csv,train_oof,0.10516617787900674
RFERF_RF_NoResample,RFERF,supervised,RF,NoResample,95,563,0.0009100177580151301,9.457777232319933e-05,0.0008154399856919308,0.0010045955303383293,0.7254901960784313,0.27450980392156865,TP,51,51,data/processed\X_train_rferf.csv,data/processed\y_train.csv,train_oof,0.10516617787900674
RFERF_RF_NoResample,RFERF,supervised,RF,NoResample,96,173,0.0009090155665901503,4.194340651728596e-05,0.0008670721600728645,0.0009509589731074361,0.8431372549019608,0.1568627450980392,TP,51,51,data/processed\X_train_rferf.csv,data/processed\y_train.csv,train_oof,0.10516617787900674
RFERF_RF_NoResample,RFERF,supervised,RF,NoResample,97,88,0.0008302658083831819,0.00014703531421747393,0.000683230494165708,0.0009773011226006558,0.5490196078431373,0.45098039215686275,TP,51,51,data/processed\X_train_rferf.csv,data/processed\y_train.csv,train_oof,0.10516617787900674
RFERF_RF_NoResample,RFERF,supervised,RF,NoResample,98,182,0.000824007487357703,5.617383346664817e-05,0.0007678336538910546,0.0008801813208243509,0.8235294117647058,0.17647058823529413,TP,51,51,data/processed\X_train_rferf.csv,data/processed\y_train.csv,train_oof,0.10516617787900674
RFERF_RF_NoResample,RFERF,supervised,RF,NoResample,99,31,0.0008232433997194885,9.607254905210551e-05,0.0007271708506673831,0.0009193159487715941,0.7647058823529411,0.23529411764705882,TP,51,51,data/processed\X_train_rferf.csv,data/processed\y_train.csv,train_oof,0.10516617787900674
RFERF_LR_class_weight,RFERF,supervised,LR,class_weight,1,64,1.3859089620804295,0.5508637382392231,0.8350452238412064,1.9367727003196515,0.5833333333333334,0.4166666666666667,TP,48,48,data/processed\X_train_rferf.csv,data/processed\y_train.csv,train_oof,0.3472293893676648
RFERF_LR_class_weight,RFERF,supervised,LR,class_weight,2,59,1.2053963032556478,0.09846172728562762,1.1069345759700202,1.3038580305412755,0.8125,0.1875,TP,48,48,data/processed\X_train_rferf.csv,data/processed\y_train.csv,train_oof,0.3472293893676648
RFERF_LR_class_weight,RFERF,supervised,LR,class_weight,3,56,0.7097681351922743,0.4371355467327318,0.27263258845954247,1.146903681925006,0.7083333333333334,0.2916666666666667,TP,48,48,data/processed\X_train_rferf.csv,data/processed\y_train.csv,train_oof,0.3472293893676648
RFERF_LR_class_weight,RFERF,supervised,LR,class_weight,4,132,0.4541704327238083,0.49940732969223234,-0.045236896968423895,0.9535777624160405,0.3958333333333333,0.6041666666666666,TP,48,48,data/processed\X_train_rferf.csv,data/processed\y_train.csv,train_oof,0.3472293893676648
RFERF_LR_class_weight,RFERF,supervised,LR,class_weight,5,280,0.4291502411329547,0.0658921157783505,0.36325812535460417,0.4950423569113053,0.75,0.25,TP,48,48,data/processed\X_train_rferf.csv,data/processed\y_train.csv,train_oof,0.3472293893676648
RFERF_LR_class_weight,RFERF,supervised,LR,class_weight,6,43,0.3729842200931759,0.2682682408573645,0.10471597923581139,0.6412524609505404,0.4375,0.5625,TP,48,48,data/processed\X_train_rferf.csv,data/processed\y_train.csv,train_oof,0.3472293893676648
RFERF_LR_class_weight,RFERF,supervised,LR,class_weight,7,55,0.3333338599983593,0.30214591580442074,0.031187944193938482,0.63547977580278,0.4791666666666667,0.5208333333333334,TP,48,48,data/processed\X_train_rferf.csv,data/processed\y_train.csv,train_oof,0.3472293893676648
RFERF_LR_class_weight,RFERF,supervised,LR,class_weight,8,129,0.327566178264118,0.0994960378823961,0.22807014038172177,0.4270622161465141,0.75,0.25,TP,48,48,data/processed\X_train_rferf.csv,data/processed\y_train.csv,train_oof,0.3472293893676648
RFERF_LR_class_weight,RFERF,supervised,LR,class_weight,9,133,0.2958462269196339,0.13281539655122843,0.16303083036840546,0.42866162347086245,0.625,0.375,TP,48,48,data/processed\X_train_rferf.csv,data/processed\y_train.csv,train_oof,0.3472293893676648
RFERF_LR_class_weight,RFERF,supervised,LR,class_weight,10,19,0.28798871217152194,0.006740203112894769,0.28124850905862714,0.2947289152844167,0.9583333333333334,0.041666666666666664,TP,48,48,data/processed\X_train_rferf.csv,data/processed\y_train.csv,train_oof,0.3472293893676648
RFERF_LR_class_weight,RFERF,supervised,LR,class_weight,11,348,0.2680433440697583,0.05274045265693186,0.21530289141282652,0.3207837967266901,0.5833333333333334,0.4166666666666667,TP,48,48,data/processed\X_train_rferf.csv,data/processed\y_train.csv,train_oof,0.3472293893676648
RFERF_LR_class_weight,RFERF,supervised,LR,class_weight,12,21,0.26663372386912704,0.09113998584276616,0.17549373802636084,0.35777370971189315,0.6458333333333334,0.3541666666666667,TP,48,48,data/processed\X_train_rferf.csv,data/processed\y_train.csv,train_oof,0.3472293893676648
RFERF_LR_class_weight,RFERF,supervised,LR,class_weight,13,122,0.2418677703807027,0.07248075389447792,0.1693870164862248,0.3143485242751805,0.6875,0.3125,TP,48,48,data/processed\X_train_rferf.csv,data/processed\y_train.csv,train_oof,0.3472293893676648
RFERF_LR_class_weight,RFERF,supervised,LR,class_weight,14,486,0.2405773514328952,0.1722048087391107,0.06837254269378447,0.4127821601720059,0.4583333333333333,0.5416666666666666,TP,48,48,data/processed\X_train_rferf.csv,data/processed\y_train.csv,train_oof,0.3472293893676648
RFERF_LR_class_weight,RFERF,supervised,LR,class_weight,15,416,0.23901390469429462,0.13147908772825706,0.1075348169660376,0.37049299242255157,0.6458333333333334,0.3541666666666667,TP,48,48,data/processed\X_train_rferf.csv,data/processed\y_train.csv,train_oof,0.3472293893676648
RFERF_LR_class_weight,RFERF,supervised,LR,class_weight,16,75,0.2324490528042126,0.14691203956374527,0.0855370132404673,0.3793610923679578,0.5,0.5,TP,48,48,data/processed\X_train_rferf.csv,data/processed\y_train.csv,train_oof,0.3472293893676648
RFERF_LR_class_weight,RFERF,supervised,LR,class_weight,17,281,0.22452874490566835,0.06810603768535418,0.1564227072203141,0.29263478259102255,0.7916666666666666,0.20833333333333334,TP,48,48,data/processed\X_train_rferf.csv,data/processed\y_train.csv,train_oof,0.3472293893676648
RFERF_LR_class_weight,RFERF,supervised,LR,class_weight,18,130,0.21764704759885697,0.08188973754117664,0.1357573100576804,0.2995367851400336,0.6875,0.3125,TP,48,48,data/processed\X_train_rferf.csv,data/processed\y_train.csv,train_oof,0.3472293893676648
RFERF_LR_class_weight,RFERF,supervised,LR,class_weight,19,103,0.21034640548261452,0.027536532799803684,0.1828098726828109,0.23788293828241822,0.7916666666666666,0.20833333333333334,TP,48,48,data/processed\X_train_rferf.csv,data/processed\y_train.csv,train_oof,0.3472293893676648
RFERF_LR_class_weight,RFERF,supervised,LR,class_weight,20,200,0.20970547149691707,0.07678304369787155,0.13292242779904562,0.28648851519478863,0.6875,0.3125,TP,48,48,data/processed\X_train_rferf.csv,data/processed\y_train.csv,train_oof,0.3472293893676648
RFERF_LR_class_weight,RFERF,supervised,LR,class_weight,21,137,0.201043463235578,0.08407019593970168,0.11697326729587626,0.2851136591752797,0.6458333333333334,0.3541666666666667,TP,48,48,data/processed\X_train_rferf.csv,data/processed\y_train.csv,train_oof,0.3472293893676648
RFERF_LR_class_weight,RFERF,supervised,LR,class_weight,22,65,0.1913778229880052,0.44555110580703716,-0.254173282819032,0.6369289287950424,0.3958333333333333,0.6041666666666666,TP,48,48,data/processed\X_train_rferf.csv,data/processed\y_train.csv,train_oof,0.3472293893676648
RFERF_LR_class_weight,RFERF,supervised,LR,class_weight,23,33,0.18737200914958607,0.023213227736944713,0.1641587814126413,0.21058523688653083,0.5208333333333334,0.4791666666666667,TP,48,48,data/processed\X_train_rferf.csv,data/processed\y_train.csv,train_oof,0.3472293893676648
RFERF_LR_class_weight,RFERF,supervised,LR,class_weight,24,107,0.18577003816661364,0.08834262207941425,0.0974274160871994,0.27411266024602793,0.5625,0.4375,TP,48,48,data/processed\X_train_rferf.csv,data/processed\y_train.csv,train_oof,0.3472293893676648
RFERF_LR_class_weight,RFERF,supervised,LR,class_weight,25,63,0.1832832977637537,0.4133110446834322,-0.23002774691967864,0.5965943424471858,0.5625,0.4375,TP,48,48,data/processed\X_train_rferf.csv,data/processed\y_train.csv,train_oof,0.3472293893676648
RFERF_LR_class_weight,RFERF,supervised,LR,class_weight,26,183,0.18125584248523363,0.1480531717785469,0.033202670706686734,0.3293090142637804,0.5833333333333334,0.4166666666666667,TP,48,48,data/processed\X_train_rferf.csv,data/processed\y_train.csv,train_oof,0.3472293893676648
RFERF_LR_class_weight,RFERF,supervised,LR,class_weight,27,582,0.16983424733557695,0.07573583660318163,0.09409841073239533,0.24557008393875868,0.6458333333333334,0.3541666666666667,TP,48,48,data/processed\X_train_rferf.csv,data/processed\y_train.csv,train_oof,0.3472293893676648
RFERF_LR_class_weight,RFERF,supervised,LR,class_weight,28,14,0.16591451865595944,0.07363216007028305,0.09228235858567639,0.23954667872624244,0.5625,0.4375,TP,48,48,data/processed\X_train_rferf.csv,data/processed\y_train.csv,train_oof,0.3472293893676648
RFERF_LR_class_weight,RFERF,supervised,LR,class_weight,29,428,0.16124660275513142,0.00578256837427791,0.1554640343808535,0.16702917112940932,0.7916666666666666,0.20833333333333334,TP,48,48,data/processed\X_train_rferf.csv,data/processed\y_train.csv,train_oof,0.3472293893676648
RFERF_LR_class_weight,RFERF,supervised,LR,class_weight,30,316,0.15933387837832255,0.1437143510467995,0.01561952733152299,0.303048229425122,0.625,0.375,TP,48,48,data/processed\X_train_rferf.csv,data/processed\y_train.csv,train_oof,0.3472293893676648
RFERF_LR_class_weight,RFERF,supervised,LR,class_weight,31,47,0.15834743395564518,0.15289495252982443,0.005452481425820753,0.31124238648546954,0.5625,0.4375,TP,48,48,data/processed\X_train_rferf.csv,data/processed\y_train.csv,train_oof,0.3472293893676648
RFERF_LR_class_weight,RFERF,supervised,LR,class_weight,32,586,0.153706205174278,0.11627874661427573,0.0374274585600023,0.2699849517885537,0.5208333333333334,0.4791666666666667,TP,48,48,data/processed\X_train_rferf.csv,data/processed\y_train.csv,train_oof,0.3472293893676648
RFERF_LR_class_weight,RFERF,supervised,LR,class_weight,33,423,0.15163527923700498,0.15083640658322045,0.0007988726537845556,0.30247168582022543,0.3958333333333333,0.6041666666666666,TP,48,48,data/processed\X_train_rferf.csv,data/processed\y_train.csv,train_oof,0.3472293893676648
RFERF_LR_class_weight,RFERF,supervised,LR,class_weight,34,477,0.13664269310908697,0.016848085671283857,0.11979460743780312,0.15349077878037085,0.7291666666666666,0.2708333333333333,TP,48,48,data/processed\X_train_rferf.csv,data/processed\y_train.csv,train_oof,0.3472293893676648
RFERF_LR_class_weight,RFERF,supervised,LR,class_weight,35,115,0.13644021059230976,0.07963042024273251,0.056809790349577255,0.21607063083504227,0.5416666666666666,0.4583333333333333,TP,48,48,data/processed\X_train_rferf.csv,data/processed\y_train.csv,train_oof,0.3472293893676648
RFERF_LR_class_weight,RFERF,supervised,LR,class_weight,36,480,0.13493371343051316,0.11340915521461259,0.0215245582159006,0.2483428686451258,0.625,0.375,TP,48,48,data/processed\X_train_rferf.csv,data/processed\y_train.csv,train_oof,0.3472293893676648
RFERF_LR_class_weight,RFERF,supervised,LR,class_weight,37,295,0.1296258545617456,0.01776253596966888,0.11186331859207671,0.14738839053141448,0.5625,0.4375,TP,48,48,data/processed\X_train_rferf.csv,data/processed\y_train.csv,train_oof,0.3472293893676648
RFERF_LR_class_weight,RFERF,supervised,LR,class_weight,38,57,0.1280020824398108,0.052003138667585234,0.07599894377222556,0.18000522110739595,0.5833333333333334,0.4166666666666667,TP,48,48,data/processed\X_train_rferf.csv,data/processed\y_train.csv,train_oof,0.3472293893676648
RFERF_LR_class_weight,RFERF,supervised,LR,class_weight,39,563,0.11626328292600985,0.04836385007882465,0.06789943284718519,0.1646271330048345,0.625,0.375,TP,48,48,data/processed\X_train_rferf.csv,data/processed\y_train.csv,train_oof,0.3472293893676648
RFERF_LR_class_weight,RFERF,supervised,LR,class_weight,40,405,0.11247936602259238,0.132836142254021,-0.020356776231428605,0.2453155082766134,0.4375,0.5625,TP,48,48,data/processed\X_train_rferf.csv,data/processed\y_train.csv,train_oof,0.3472293893676648
RFERF_LR_class_weight,RFERF,supervised,LR,class_weight,41,273,0.11097651174361271,0.1653827789087908,-0.05440626716517808,0.2763592906524034,0.20833333333333334,0.7916666666666666,TP,48,48,data/processed\X_train_rferf.csv,data/processed\y_train.csv,train_oof,0.3472293893676648
RFERF_LR_class_weight,RFERF,supervised,LR,class_weight,42,25,0.10950747399327532,0.2324069232651609,-0.12289944927188552,0.34191439725843625,0.75,0.25,TP,48,48,data/processed\X_train_rferf.csv,data/processed\y_train.csv,train_oof,0.3472293893676648
RFERF_LR_class_weight,RFERF,supervised,LR,class_weight,43,525,0.10925369209676494,0.11914494402099685,-0.009891251924231924,0.22839863611776187,0.6041666666666666,0.3958333333333333,TP,48,48,data/processed\X_train_rferf.csv,data/processed\y_train.csv,train_oof,0.3472293893676648
RFERF_LR_class_weight,RFERF,supervised,LR,class_weight,44,452,0.1079629768785114,0.13580149939462458,-0.02783852251611314,0.243764476273136,0.3958333333333333,0.6041666666666666,TP,48,48,data/processed\X_train_rferf.csv,data/processed\y_train.csv,train_oof,0.3472293893676648
RFERF_LR_class_weight,RFERF,supervised,LR,class_weight,45,91,0.10250280549493053,0.11159766276237641,-0.009094857267445869,0.21410046825730686,0.5208333333333334,0.4791666666666667,TP,48,48,data/processed\X_train_rferf.csv,data/processed\y_train.csv,train_oof,0.3472293893676648
RFERF_LR_class_weight,RFERF,supervised,LR,class_weight,46,490,0.10229279640020676,0.0762251231438694,0.026067673256337368,0.17851791954407617,0.5208333333333334,0.4791666666666667,TP,48,48,data/processed\X_train_rferf.csv,data/processed\y_train.csv,train_oof,0.3472293893676648
RFERF_LR_class_weight,RFERF,supervised,LR,class_weight,47,333,0.10156963467441764,0.015416015320815,0.08615361935360266,0.1169856499952326,0.7083333333333334,0.2916666666666667,TP,48,48,data/processed\X_train_rferf.csv,data/processed\y_train.csv,train_oof,0.3472293893676648
RFERF_LR_class_weight,RFERF,supervised,LR,class_weight,48,217,0.0984005081474074,0.0766581416370548,0.021742366510352617,0.1750586497844622,0.4375,0.5625,TP,48,48,data/processed\X_train_rferf.csv,data/processed\y_train.csv,train_oof,0.3472293893676648
RFERF_LR_class_weight,RFERF,supervised,LR,class_weight,49,131,0.09557677582240974,0.15025406868789834,-0.05467729286548862,0.24583084451030823,0.3333333333333333,0.6666666666666666,TP,48,48,data/processed\X_train_rferf.csv,data/processed\y_train.csv,train_oof,0.3472293893676648
RFERF_LR_class_weight,RFERF,supervised,LR,class_weight,50,16,0.08799769984925791,0.060412379980748075,0.02758531986850984,0.14841007983000598,0.5416666666666666,0.4583333333333333,TP,48,48,data/processed\X_train_rferf.csv,data/processed\y_train.csv,train_oof,0.3472293893676648
RFERF_LR_class_weight,RFERF,supervised,LR,class_weight,51,468,0.08353505133978033,0.25465971232545365,-0.1711246609856734,0.338194763665234,0.14583333333333334,0.8541666666666666,TP,48,48,data/processed\X_train_rferf.csv,data/processed\y_train.csv,train_oof,0.3472293893676648
RFERF_LR_class_weight,RFERF,supervised,LR,class_weight,52,144,0.08008455928050941,0.014337293061890485,0.06574726621861891,0.0944218523423999,0.75,0.25,TP,48,48,data/processed\X_train_rferf.csv,data/processed\y_train.csv,train_oof,0.3472293893676648
RFERF_LR_class_weight,RFERF,supervised,LR,class_weight,53,125,0.07868090081758777,0.125373351718442,-0.046692450900854214,0.2040542525360298,0.3333333333333333,0.6666666666666666,TP,48,48,data/processed\X_train_rferf.csv,data/processed\y_train.csv,train_oof,0.3472293893676648
RFERF_LR_class_weight,RFERF,supervised,LR,class_weight,54,425,0.07855804846788161,0.030749407364481385,0.04780864110340021,0.109307455832363,0.4583333333333333,0.5416666666666666,TP,48,48,data/processed\X_train_rferf.csv,data/processed\y_train.csv,train_oof,0.3472293893676648
RFERF_LR_class_weight,RFERF,supervised,LR,class_weight,55,48,0.07725533774976495,0.09626862270021641,-0.019013284950451466,0.1735239604499813,0.4375,0.5625,TP,48,48,data/processed\X_train_rferf.csv,data/processed\y_train.csv,train_oof,0.3472293893676648
RFERF_LR_class_weight,RFERF,supervised,LR,class_weight,56,551,0.07483034735235243,0.014124399979720871,0.060705947372631554,0.08895474733207331,0.5625,0.4375,TP,48,48,data/processed\X_train_rferf.csv,data/processed\y_train.csv,train_oof,0.3472293893676648
RFERF_LR_class_weight,RFERF,supervised,LR,class_weight,57,510,0.07338184230903468,0.025052548868425655,0.048329293440609024,0.09843439117746035,0.4791666666666667,0.5208333333333334,TP,48,48,data/processed\X_train_rferf.csv,data/processed\y_train.csv,train_oof,0.3472293893676648
RFERF_LR_class_weight,RFERF,supervised,LR,class_weight,58,488,0.07280436543781615,0.041134053786794425,0.031670311651021764,0.11393841922461058,0.5833333333333334,0.4166666666666667,TP,48,48,data/processed\X_train_rferf.csv,data/processed\y_train.csv,train_oof,0.3472293893676648
RFERF_LR_class_weight,RFERF,supervised,LR,class_weight,59,24,0.06734163529967453,0.04267988015539347,0.02466175514428108,0.110021515455068,0.4375,0.5625,TP,48,48,data/processed\X_train_rferf.csv,data/processed\y_train.csv,train_oof,0.3472293893676648
RFERF_LR_class_weight,RFERF,supervised,LR,class_weight,60,76,0.06343508471266492,0.031745871488179596,0.03168921322448533,0.09518095620084449,0.6666666666666666,0.3333333333333333,TP,48,48,data/processed\X_train_rferf.csv,data/processed\y_train.csv,train_oof,0.3472293893676648
RFERF_LR_class_weight,RFERF,supervised,LR,class_weight,61,92,0.06175928452489032,0.05485371051683296,0.006905574008057361,0.11661299504172329,0.5625,0.4375,TP,48,48,data/processed\X_train_rferf.csv,data/processed\y_train.csv,train_oof,0.3472293893676648
RFERF_LR_class_weight,RFERF,supervised,LR,class_weight,62,377,0.05794342175164104,0.015851435155716957,0.042091986595924086,0.07379485690735797,0.75,0.25,TP,48,48,data/processed\X_train_rferf.csv,data/processed\y_train.csv,train_oof,0.3472293893676648
RFERF_LR_class_weight,RFERF,supervised,LR,class_weight,63,338,0.053798046707372815,0.04293212356946686,0.010865923137905964,0.09673017027683971,0.6041666666666666,0.3958333333333333,TP,48,48,data/processed\X_train_rferf.csv,data/processed\y_train.csv,train_oof,0.3472293893676648
RFERF_LR_class_weight,RFERF,supervised,LR,class_weight,64,282,0.05298600112007432,0.01775142822334979,0.035234572896724534,0.07073742934342413,0.6875,0.3125,TP,48,48,data/processed\X_train_rferf.csv,data/processed\y_train.csv,train_oof,0.3472293893676648
RFERF_LR_class_weight,RFERF,supervised,LR,class_weight,65,484,0.052879046207911846,0.02130970731452801,0.03156933889338384,0.07418875352243985,0.7083333333333334,0.2916666666666667,TP,48,48,data/processed\X_train_rferf.csv,data/processed\y_train.csv,train_oof,0.3472293893676648
RFERF_LR_class_weight,RFERF,supervised,LR,class_weight,66,460,0.05036783703686946,0.022789644551574742,0.027578192485294722,0.07315748158844422,0.5,0.5,TP,48,48,data/processed\X_train_rferf.csv,data/processed\y_train.csv,train_oof,0.3472293893676648
RFERF_LR_class_weight,RFERF,supervised,LR,class_weight,67,489,0.045686934749583,0.05309129381128114,-0.007404359061698132,0.09877822856086409,0.2916666666666667,0.7083333333333334,TP,48,48,data/processed\X_train_rferf.csv,data/processed\y_train.csv,train_oof,0.3472293893676648
RFERF_LR_class_weight,RFERF,supervised,LR,class_weight,68,79,0.03531860182688557,0.1584268127409742,-0.12310821091408863,0.19374541456785985,0.2708333333333333,0.7291666666666666,TP,48,48,data/processed\X_train_rferf.csv,data/processed\y_train.csv,train_oof,0.3472293893676648
RFERF_LR_class_weight,RFERF,supervised,LR,class_weight,69,28,0.03425095118937404,0.014683868641074085,0.019567082548299957,0.048934819830448145,0.5416666666666666,0.4583333333333333,TP,48,48,data/processed\X_train_rferf.csv,data/processed\y_train.csv,train_oof,0.3472293893676648
RFERF_LR_class_weight,RFERF,supervised,LR,class_weight,70,81,0.03284169418872443,0.03152911176065084,0.0013125824280735866,0.06437080594937525,0.5416666666666666,0.4583333333333333,TP,48,48,data/processed\X_train_rferf.csv,data/processed\y_train.csv,train_oof,0.3472293893676648
RFERF_LR_class_weight,RFERF,supervised,LR,class_weight,71,31,0.032720398773191973,0.02779311519488055,0.004927283578311425,0.06051351396807252,0.8541666666666666,0.14583333333333334,TP,48,48,data/processed\X_train_rferf.csv,data/processed\y_train.csv,train_oof,0.3472293893676648
RFERF_LR_class_weight,RFERF,supervised,LR,class_weight,72,58,0.03239972377367083,0.03972406545423766,-0.00732434168056683,0.07212378922790848,0.4791666666666667,0.5208333333333334,TP,48,48,data/processed\X_train_rferf.csv,data/processed\y_train.csv,train_oof,0.3472293893676648
RFERF_LR_class_weight,RFERF,supervised,LR,class_weight,73,271,0.028826747071885785,0.06078803719088811,-0.03196129011900231,0.0896147842627739,0.4583333333333333,0.5416666666666666,TP,48,48,data/processed\X_train_rferf.csv,data/processed\y_train.csv,train_oof,0.3472293893676648
RFERF_LR_class_weight,RFERF,supervised,LR,class_weight,74,288,0.026789229413927074,0.05881390324706606,-0.03202467383313899,0.08560313266099313,0.3125,0.6875,TP,48,48,data/processed\X_train_rferf.csv,data/processed\y_train.csv,train_oof,0.3472293893676648
RFERF_LR_class_weight,RFERF,supervised,LR,class_weight,75,344,0.02600568479219897,0.0377757641558444,-0.011770079363645443,0.06378144894804337,0.4583333333333333,0.5416666666666666,TP,48,48,data/processed\X_train_rferf.csv,data/processed\y_train.csv,train_oof,0.3472293893676648
RFERF_LR_class_weight,RFERF,supervised,LR,class_weight,76,552,0.024969370501668336,0.04295721998811295,-0.017987849486444628,0.06792659048978131,0.5625,0.4375,TP,48,48,data/processed\X_train_rferf.csv,data/processed\y_train.csv,train_oof,0.3472293893676648
RFERF_LR_class_weight,RFERF,supervised,LR,class_weight,77,126,0.02468296319527762,0.029292924140921956,-0.004609960945644336,0.05397588733619959,0.4166666666666667,0.5833333333333334,TP,48,48,data/processed\X_train_rferf.csv,data/processed\y_train.csv,train_oof,0.3472293893676648
RFERF_LR_class_weight,RFERF,supervised,LR,class_weight,78,2,0.023435844596602227,0.01437127053604613,0.009064574060556097,0.03780711513264836,0.5625,0.4375,TP,48,48,data/processed\X_train_rferf.csv,data/processed\y_train.csv,train_oof,0.3472293893676648
RFERF_LR_class_weight,RFERF,supervised,LR,class_weight,79,9,0.023240122455381526,0.02221135249054364,0.001028769964837875,0.04545147494592516,0.4583333333333333,0.5416666666666666,TP,48,48,data/processed\X_train_rferf.csv,data/processed\y_train.csv,train_oof,0.3472293893676648
RFERF_LR_class_weight,RFERF,supervised,LR,class_weight,80,571,0.020176390376195254,0.02655895410748597,-0.006382563731290721,0.046735344483681225,0.5833333333333334,0.4166666666666667,TP,48,48,data/processed\X_train_rferf.csv,data/processed\y_train.csv,train_oof,0.3472293893676648
RFERF_LR_class_weight,RFERF,supervised,LR,class_weight,81,39,0.019354450929939582,0.05414021830163592,-0.034785767371696356,0.0734946692315755,0.5833333333333334,0.4166666666666667,TP,48,48,data/processed\X_train_rferf.csv,data/processed\y_train.csv,train_oof,0.3472293893676648
RFERF_LR_class_weight,RFERF,supervised,LR,class_weight,82,310,0.01843835908657623,0.01650611414461808,0.0019322449419581459,0.03494447323119432,0.4791666666666667,0.5208333333333334,TP,48,48,data/processed\X_train_rferf.csv,data/processed\y_train.csv,train_oof,0.3472293893676648
RFERF_LR_class_weight,RFERF,supervised,LR,class_weight,83,35,0.017550883726748314,0.09344542720196625,-0.07589454347521792,0.11099631092871454,0.5208333333333334,0.4791666666666667,TP,48,48,data/processed\X_train_rferf.csv,data/processed\y_train.csv,train_oof,0.3472293893676648
RFERF_LR_class_weight,RFERF,supervised,LR,class_weight,84,88,0.015896241126001194,0.01356467378579296,0.002331567340208238,0.02946091491179416,0.5416666666666666,0.4583333333333333,TP,48,48,data/processed\X_train_rferf.csv,data/processed\y_train.csv,train_oof,0.3472293893676648
RFERF_LR_class_weight,RFERF,supervised,LR,class_weight,85,8,0.015293839892540871,0.020669538789031532,-0.00537569889649066,0.03596337868157241,0.4791666666666667,0.5208333333333334,TP,48,48,data/processed\X_train_rferf.csv,data/processed\y_train.csv,train_oof,0.3472293893676648
RFERF_LR_class_weight,RFERF,supervised,LR,class_weight,86,37,0.014807570837203377,0.023723534354003765,-0.008915963516800391,0.03853110519120714,0.3958333333333333,0.6041666666666666,TP,48,48,data/processed\X_train_rferf.csv,data/processed\y_train.csv,train_oof,0.3472293893676648
RFERF_LR_class_weight,RFERF,supervised,LR,class_weight,87,139,0.01309628444627932,0.006233678869819061,0.00686260557646026,0.01932996331609838,0.7291666666666666,0.2708333333333333,TP,48,48,data/processed\X_train_rferf.csv,data/processed\y_train.csv,train_oof,0.3472293893676648
RFERF_LR_class_weight,RFERF,supervised,LR,class_weight,88,102,0.01199723574817915,0.005294221438417012,0.006703014309762136,0.017291457186596162,0.8125,0.1875,TP,48,48,data/processed\X_train_rferf.csv,data/processed\y_train.csv,train_oof,0.3472293893676648
RFERF_LR_class_weight,RFERF,supervised,LR,class_weight,89,156,0.011137554303922687,0.009237200238762172,0.0019003540651605126,0.02037475454268486,0.2916666666666667,0.7083333333333334,TP,48,48,data/processed\X_train_rferf.csv,data/processed\y_train.csv,train_oof,0.3472293893676648
RFERF_LR_class_weight,RFERF,supervised,LR,class_weight,90,15,0.009671696954541465,0.03010588743738615,-0.020434190482844682,0.0397775843919276,0.3541666666666667,0.6458333333333334,TP,48,48,data/processed\X_train_rferf.csv,data/processed\y_train.csv,train_oof,0.3472293893676648
RFERF_LR_class_weight,RFERF,supervised,LR,class_weight,91,182,0.009574217179493843,0.018257511093211328,-0.008683293913717485,0.027831728272705164,0.375,0.625,TP,48,48,data/processed\X_train_rferf.csv,data/processed\y_train.csv,train_oof,0.3472293893676648
RFERF_LR_class_weight,RFERF,supervised,LR,class_weight,92,90,0.007009432502474736,0.004624002541757415,0.002385429960717319,0.011633435044232148,0.5416666666666666,0.4583333333333333,TP,48,48,data/processed\X_train_rferf.csv,data/processed\y_train.csv,train_oof,0.3472293893676648
RFERF_LR_class_weight,RFERF,supervised,LR,class_weight,93,0,0.006221126375860392,0.0117133776810143,-0.005492251305153908,0.017934504056874686,0.375,0.625,TP,48,48,data/processed\X_train_rferf.csv,data/processed\y_train.csv,train_oof,0.3472293893676648
RFERF_LR_class_weight,RFERF,supervised,LR,class_weight,94,173,0.0027992094910429567,0.001733079738483188,0.0010661297525597685,0.004532289229526146,0.5833333333333334,0.4166666666666667,TP,48,48,data/processed\X_train_rferf.csv,data/processed\y_train.csv,train_oof,0.3472293893676648
RFERF_LR_class_weight,RFERF,supervised,LR,class_weight,95,124,0.001856698396658303,0.004625562408156657,-0.0027688640114983554,0.006482260804814961,0.3541666666666667,0.6458333333333334,TP,48,48,data/processed\X_train_rferf.csv,data/processed\y_train.csv,train_oof,0.3472293893676648
RFERF_LR_class_weight,RFERF,supervised,LR,class_weight,96,227,0.0011649071679033496,0.0010133463759435907,0.00015156079195975908,0.002178253543846941,0.6875,0.3125,TP,48,48,data/processed\X_train_rferf.csv,data/processed\y_train.csv,train_oof,0.3472293893676648
RFERF_LR_class_weight,RFERF,supervised,LR,class_weight,97,252,0.0002912006715585761,0.00045942789322469055,-0.00016822722166611465,0.0007506285647832664,0.4791666666666667,0.5208333333333334,TP,48,48,data/processed\X_train_rferf.csv,data/processed\y_train.csv,train_oof,0.3472293893676648
RFERF_LR_class_weight,RFERF,supervised,LR,class_weight,98,67,0.00016917202712539146,0.00032741059835543945,-0.0001582385712300481,0.000496582625480831,0.4166666666666667,0.5833333333333334,TP,48,48,data/processed\X_train_rferf.csv,data/processed\y_train.csv,train_oof,0.3472293893676648
RFERF_LR_class_weight,RFERF,supervised,LR,class_weight,99,41,0.00011691699727774334,0.0006700548035896326,-0.0005531378063118893,0.000786971800867376,0.1875,0.8125,TP,48,48,data/processed\X_train_rferf.csv,data/processed\y_train.csv,train_oof,0.3472293893676648
ANOVA_SVM_class_weight,ANOVA,supervised,SVM,class_weight,1,64,0.09677863686335055,8.278111387746097e-07,0.09677780905221178,0.09677946467448932,0.9782608695652174,0.021739130434782608,TP,46,46,data/processed\X_train_anova.csv,data/processed\y_train.csv,train_oof,0.07685139318795782
ANOVA_SVM_class_weight,ANOVA,supervised,SVM,class_weight,2,38,0.07034231462365358,0.0,0.07034231462365358,0.07034231462365358,1.0,0.0,TP,46,46,data/processed\X_train_anova.csv,data/processed\y_train.csv,train_oof,0.07685139318795782
ANOVA_SVM_class_weight,ANOVA,supervised,SVM,class_weight,3,65,0.06298799756210248,0.0,0.06298799756210248,0.06298799756210248,1.0,0.0,TP,46,46,data/processed\X_train_anova.csv,data/processed\y_train.csv,train_oof,0.07685139318795782
ANOVA_SVM_class_weight,ANOVA,supervised,SVM,class_weight,4,59,0.059980964662898546,3.0712346249972304e-05,0.05995025231664858,0.060011677009148515,0.9782608695652174,0.021739130434782608,TP,46,46,data/processed\X_train_anova.csv,data/processed\y_train.csv,train_oof,0.07685139318795782
ANOVA_SVM_class_weight,ANOVA,supervised,SVM,class_weight,5,582,0.05915581807646958,0.0,0.05915581807646958,0.05915581807646958,1.0,0.0,TP,46,46,data/processed\X_train_anova.csv,data/processed\y_train.csv,train_oof,0.07685139318795782
ANOVA_SVM_class_weight,ANOVA,supervised,SVM,class_weight,6,103,0.05525434367629766,0.0,0.05525434367629766,0.05525434367629766,1.0,0.0,TP,46,46,data/processed\X_train_anova.csv,data/processed\y_train.csv,train_oof,0.07685139318795782
ANOVA_SVM_class_weight,ANOVA,supervised,SVM,class_weight,7,100,0.05243716508048185,0.0,0.05243716508048185,0.05243716508048185,1.0,0.0,TP,46,46,data/processed\X_train_anova.csv,data/processed\y_train.csv,train_oof,0.07685139318795782
ANOVA_SVM_class_weight,ANOVA,supervised,SVM,class_weight,8,510,0.04986806785840351,4.846019720771289e-13,0.04986806785791891,0.049868067858888115,0.9782608695652174,0.021739130434782608,TP,46,46,data/processed\X_train_anova.csv,data/processed\y_train.csv,train_oof,0.07685139318795782
ANOVA_SVM_class_weight,ANOVA,supervised,SVM,class_weight,9,70,0.04840294537553844,0.0,0.04840294537553844,0.04840294537553844,1.0,0.0,TP,46,46,data/processed\X_train_anova.csv,data/processed\y_train.csv,train_oof,0.07685139318795782
ANOVA_SVM_class_weight,ANOVA,supervised,SVM,class_weight,10,63,0.04753558623437861,1.8241145188321272e-07,0.04753540382292673,0.0475357686458305,0.9782608695652174,0.021739130434782608,TP,46,46,data/processed\X_train_anova.csv,data/processed\y_train.csv,train_oof,0.07685139318795782
ANOVA_SVM_class_weight,ANOVA,supervised,SVM,class_weight,11,NA_112,0.04699231381389445,0.0,0.04699231381389445,0.04699231381389445,1.0,0.0,TP,46,46,data/processed\X_train_anova.csv,data/processed\y_train.csv,train_oof,0.07685139318795782
ANOVA_SVM_class_weight,ANOVA,supervised,SVM,class_weight,12,79,0.0462827698532332,0.0,0.0462827698532332,0.0462827698532332,1.0,0.0,TP,46,46,data/processed\X_train_anova.csv,data/processed\y_train.csv,train_oof,0.07685139318795782
ANOVA_SVM_class_weight,ANOVA,supervised,SVM,class_weight,13,NA_72,0.045131077598447505,0.0,0.045131077598447505,0.045131077598447505,1.0,0.0,TP,46,46,data/processed\X_train_anova.csv,data/processed\y_train.csv,train_oof,0.07685139318795782
ANOVA_SVM_class_weight,ANOVA,supervised,SVM,class_weight,14,16,0.044403375388913285,0.0,0.044403375388913285,0.044403375388913285,1.0,0.0,TP,46,46,data/processed\X_train_anova.csv,data/processed\y_train.csv,train_oof,0.07685139318795782
ANOVA_SVM_class_weight,ANOVA,supervised,SVM,class_weight,15,437,0.04281631299687944,0.0,0.04281631299687944,0.04281631299687944,1.0,0.0,TP,46,46,data/processed\X_train_anova.csv,data/processed\y_train.csv,train_oof,0.07685139318795782
ANOVA_SVM_class_weight,ANOVA,supervised,SVM,class_weight,16,562,0.04182946590069311,0.0,0.04182946590069311,0.04182946590069311,1.0,0.0,TP,46,46,data/processed\X_train_anova.csv,data/processed\y_train.csv,train_oof,0.07685139318795782
ANOVA_SVM_class_weight,ANOVA,supervised,SVM,class_weight,17,130,0.04173561832239201,0.0,0.04173561832239201,0.04173561832239201,1.0,0.0,TP,46,46,data/processed\X_train_anova.csv,data/processed\y_train.csv,train_oof,0.07685139318795782
ANOVA_SVM_class_weight,ANOVA,supervised,SVM,class_weight,18,511,0.041649298269630354,0.0,0.041649298269630354,0.041649298269630354,1.0,0.0,TP,46,46,data/processed\X_train_anova.csv,data/processed\y_train.csv,train_oof,0.07685139318795782
ANOVA_SVM_class_weight,ANOVA,supervised,SVM,class_weight,19,348,0.04119924112759612,9.713591835964237e-05,0.041102105209236475,0.041296377045955755,0.9782608695652174,0.021739130434782608,TP,46,46,data/processed\X_train_anova.csv,data/processed\y_train.csv,train_oof,0.07685139318795782
ANOVA_SVM_class_weight,ANOVA,supervised,SVM,class_weight,20,95,0.040786456937052115,0.0,0.040786456937052115,0.040786456937052115,1.0,0.0,TP,46,46,data/processed\X_train_anova.csv,data/processed\y_train.csv,train_oof,0.07685139318795782
ANOVA_SVM_class_weight,ANOVA,supervised,SVM,class_weight,21,28,0.04044631404132486,0.0,0.04044631404132486,0.04044631404132486,1.0,0.0,TP,46,46,data/processed\X_train_anova.csv,data/processed\y_train.csv,train_oof,0.07685139318795782
ANOVA_SVM_class_weight,ANOVA,supervised,SVM,class_weight,22,14,0.03716360268148131,0.0,0.03716360268148131,0.03716360268148131,1.0,0.0,TP,46,46,data/processed\X_train_anova.csv,data/processed\y_train.csv,train_oof,0.07685139318795782
ANOVA_SVM_class_weight,ANOVA,supervised,SVM,class_weight,23,122,0.03714144968366182,0.0,0.03714144968366182,0.03714144968366182,1.0,0.0,TP,46,46,data/processed\X_train_anova.csv,data/processed\y_train.csv,train_oof,0.07685139318795782
ANOVA_SVM_class_weight,ANOVA,supervised,SVM,class_weight,24,124,0.035284007614525534,0.0,0.035284007614525534,0.035284007614525534,1.0,0.0,TP,46,46,data/processed\X_train_anova.csv,data/processed\y_train.csv,train_oof,0.07685139318795782
ANOVA_SVM_class_weight,ANOVA,supervised,SVM,class_weight,25,123,0.03482702271748541,0.0,0.03482702271748541,0.03482702271748541,1.0,0.0,TP,46,46,data/processed\X_train_anova.csv,data/processed\y_train.csv,train_oof,0.07685139318795782
ANOVA_SVM_class_weight,ANOVA,supervised,SVM,class_weight,26,133,0.034719597000679114,7.573917444663567e-08,0.03471952126150466,0.03471967273985356,0.9782608695652174,0.021739130434782608,TP,46,46,data/processed\X_train_anova.csv,data/processed\y_train.csv,train_oof,0.07685139318795782
ANOVA_SVM_class_weight,ANOVA,supervised,SVM,class_weight,27,452,0.03468935056045163,0.0,0.03468935056045163,0.03468935056045163,1.0,0.0,TP,46,46,data/processed\X_train_anova.csv,data/processed\y_train.csv,train_oof,0.07685139318795782
ANOVA_SVM_class_weight,ANOVA,supervised,SVM,class_weight,28,129,0.034391824784774906,1.6432214309679706e-06,0.03439018156334393,0.034393468006205866,0.9782608695652174,0.021739130434782608,TP,46,46,data/processed\X_train_anova.csv,data/processed\y_train.csv,train_oof,0.07685139318795782
ANOVA_SVM_class_weight,ANOVA,supervised,SVM,class_weight,29,316,0.032945956773235426,3.0998072319133247e-09,0.032945953673428195,0.03294595987304266,0.9782608695652174,0.021739130434782608,TP,46,46,data/processed\X_train_anova.csv,data/processed\y_train.csv,train_oof,0.07685139318795782
ANOVA_SVM_class_weight,ANOVA,supervised,SVM,class_weight,30,22,0.03293150823603736,0.0,0.03293150823603736,0.03293150823603736,1.0,0.0,TP,46,46,data/processed\X_train_anova.csv,data/processed\y_train.csv,train_oof,0.07685139318795782
ANOVA_SVM_class_weight,ANOVA,supervised,SVM,class_weight,31,545,0.03137319168623415,0.0,0.03137319168623415,0.03137319168623415,1.0,0.0,TP,46,46,data/processed\X_train_anova.csv,data/processed\y_train.csv,train_oof,0.07685139318795782
ANOVA_SVM_class_weight,ANOVA,supervised,SVM,class_weight,32,125,0.030895874214320596,0.0,0.030895874214320596,0.030895874214320596,1.0,0.0,TP,46,46,data/processed\X_train_anova.csv,data/processed\y_train.csv,train_oof,0.07685139318795782
ANOVA_SVM_class_weight,ANOVA,supervised,SVM,class_weight,33,377,0.029940487705583697,0.0,0.029940487705583697,0.029940487705583697,1.0,0.0,TP,46,46,data/processed\X_train_anova.csv,data/processed\y_train.csv,train_oof,0.07685139318795782
ANOVA_SVM_class_weight,ANOVA,supervised,SVM,class_weight,34,32,0.026527746637188244,6.245619290858326e-05,0.02646529044427966,0.02659020283009683,0.9782608695652174,0.021739130434782608,TP,46,46,data/processed\X_train_anova.csv,data/processed\y_train.csv,train_oof,0.07685139318795782
ANOVA_SVM_class_weight,ANOVA,supervised,SVM,class_weight,35,56,0.026507459894894326,0.0,0.026507459894894326,0.026507459894894326,1.0,0.0,TP,46,46,data/processed\X_train_anova.csv,data/processed\y_train.csv,train_oof,0.07685139318795782
ANOVA_SVM_class_weight,ANOVA,supervised,SVM,class_weight,36,295,0.026359209906549604,0.0,0.026359209906549604,0.026359209906549604,1.0,0.0,TP,46,46,data/processed\X_train_anova.csv,data/processed\y_train.csv,train_oof,0.07685139318795782
ANOVA_SVM_class_weight,ANOVA,supervised,SVM,class_weight,37,21,0.0254116697251541,0.0,0.0254116697251541,0.0254116697251541,1.0,0.0,TP,46,46,data/processed\X_train_anova.csv,data/processed\y_train.csv,train_oof,0.07685139318795782
ANOVA_SVM_class_weight,ANOVA,supervised,SVM,class_weight,38,471,0.024274367483174724,0.0,0.024274367483174724,0.024274367483174724,1.0,0.0,TP,46,46,data/processed\X_train_anova.csv,data/processed\y_train.csv,train_oof,0.07685139318795782
ANOVA_SVM_class_weight,ANOVA,supervised,SVM,class_weight,39,159,0.023160046580221277,7.706164424078537e-05,0.02308298493598049,0.02323710822446206,0.9782608695652174,0.021739130434782608,TP,46,46,data/processed\X_train_anova.csv,data/processed\y_train.csv,train_oof,0.07685139318795782
ANOVA_SVM_class_weight,ANOVA,supervised,SVM,class_weight,40,33,0.02107106246259506,0.0,0.02107106246259506,0.02107106246259506,1.0,0.0,TP,46,46,data/processed\X_train_anova.csv,data/processed\y_train.csv,train_oof,0.07685139318795782
ANOVA_SVM_class_weight,ANOVA,supervised,SVM,class_weight,41,200,0.02055511699091604,0.0,0.02055511699091604,0.02055511699091604,1.0,0.0,TP,46,46,data/processed\X_train_anova.csv,data/processed\y_train.csv,train_oof,0.07685139318795782
ANOVA_SVM_class_weight,ANOVA,supervised,SVM,class_weight,42,553,0.020355242370527712,0.0,0.020355242370527712,0.020355242370527712,1.0,0.0,TP,46,46,data/processed\X_train_anova.csv,data/processed\y_train.csv,train_oof,0.07685139318795782
ANOVA_SVM_class_weight,ANOVA,supervised,SVM,class_weight,43,26,0.016514862280149745,3.550912394796662e-06,0.016511311367754945,0.016518413192544542,0.9565217391304348,0.043478260869565216,TP,46,46,data/processed\X_train_anova.csv,data/processed\y_train.csv,train_oof,0.07685139318795782
ANOVA_SVM_class_weight,ANOVA,supervised,SVM,class_weight,44,337,0.01567191901463132,0.0,0.01567191901463132,0.01567191901463132,1.0,0.0,TP,46,46,data/processed\X_train_anova.csv,data/processed\y_train.csv,train_oof,0.07685139318795782
ANOVA_SVM_class_weight,ANOVA,supervised,SVM,class_weight,45,298,0.015183342901345593,0.0,0.015183342901345593,0.015183342901345593,1.0,0.0,TP,46,46,data/processed\X_train_anova.csv,data/processed\y_train.csv,train_oof,0.07685139318795782
ANOVA_SVM_class_weight,ANOVA,supervised,SVM,class_weight,46,551,0.012050048000192246,1.3156590572676067e-05,0.012036891409619568,0.012063204590764924,0.9565217391304348,0.043478260869565216,TP,46,46,data/processed\X_train_anova.csv,data/processed\y_train.csv,train_oof,0.07685139318795782
ANOVA_SVM_class_weight,ANOVA,supervised,SVM,class_weight,47,434,0.0094155135953722,0.0,0.0094155135953722,0.0094155135953722,1.0,0.0,TP,46,46,data/processed\X_train_anova.csv,data/processed\y_train.csv,train_oof,0.07685139318795782
ANOVA_SVM_class_weight,ANOVA,supervised,SVM,class_weight,48,477,0.007037248065281265,6.4814632628280675e-06,0.0070307666020184385,0.007043729528544095,0.9782608695652174,0.021739130434782608,TP,46,46,data/processed\X_train_anova.csv,data/processed\y_train.csv,train_oof,0.07685139318795782
ANOVA_SVM_class_weight,ANOVA,supervised,SVM,class_weight,49,165,0.006771990484257523,0.0,0.006771990484257523,0.006771990484257523,1.0,0.0,TP,46,46,data/processed\X_train_anova.csv,data/processed\y_train.csv,train_oof,0.07685139318795782
ANOVA_SVM_class_weight,ANOVA,supervised,SVM,class_weight,50,249,0.0,0.0,0.0,0.0,0.0,0.0,TP,46,46,data/processed\X_train_anova.csv,data/processed\y_train.csv,train_oof,0.07685139318795782
RFERF_RF_SMOTE,RFERF,supervised,RF,SMOTE,1,59,0.05958154917723453,0.004253115642088799,0.05532843353514572,0.06383466481932333,0.7538461538461538,0.24615384615384617,TP,65,65,data/processed\X_train_rferf.csv,data/processed\y_train.csv,train_oof,0.1755144641265648
RFERF_RF_SMOTE,RFERF,supervised,RF,SMOTE,2,103,0.04175729061060218,0.0011270806166326498,0.04063020999396954,0.04288437122723483,0.8461538461538461,0.15384615384615385,TP,65,65,data/processed\X_train_rferf.csv,data/processed\y_train.csv,train_oof,0.1755144641265648
RFERF_RF_SMOTE,RFERF,supervised,RF,SMOTE,3,64,0.0201295957615886,0.000896075017176459,0.01923352074441214,0.02102567077876506,0.6461538461538462,0.35384615384615387,TP,65,65,data/processed\X_train_rferf.csv,data/processed\y_train.csv,train_oof,0.1755144641265648
RFERF_RF_SMOTE,RFERF,supervised,RF,SMOTE,4,477,0.019916154234772512,0.0024283440068092817,0.017487810227963228,0.022344498241581794,0.676923076923077,0.3230769230769231,TP,65,65,data/processed\X_train_rferf.csv,data/processed\y_train.csv,train_oof,0.1755144641265648
RFERF_RF_SMOTE,RFERF,supervised,RF,SMOTE,5,486,0.019690796096020195,0.006919757259004529,0.012771038837015665,0.026610553355024723,0.8461538461538461,0.15384615384615385,TP,65,65,data/processed\X_train_rferf.csv,data/processed\y_train.csv,train_oof,0.1755144641265648
RFERF_RF_SMOTE,RFERF,supervised,RF,SMOTE,6,65,0.017943130106124333,0.0006683392763828216,0.017274790829741513,0.01861146938250715,0.7384615384615385,0.26153846153846155,TP,65,65,data/processed\X_train_rferf.csv,data/processed\y_train.csv,train_oof,0.1755144641265648
RFERF_RF_SMOTE,RFERF,supervised,RF,SMOTE,7,377,0.016848221386692286,0.0030734388840699097,0.013774782502622372,0.019921660270762198,0.7076923076923077,0.2923076923076923,TP,65,65,data/processed\X_train_rferf.csv,data/processed\y_train.csv,train_oof,0.1755144641265648
RFERF_RF_SMOTE,RFERF,supervised,RF,SMOTE,8,348,0.015069915376422403,0.0006900806336103612,0.014379834742812044,0.015759996010032765,0.7846153846153846,0.2153846153846154,TP,65,65,data/processed\X_train_rferf.csv,data/processed\y_train.csv,train_oof,0.1755144641265648
RFERF_RF_SMOTE,RFERF,supervised,RF,SMOTE,9,129,0.014331957541389257,0.0004112097892758547,0.013920747752113403,0.014743167330665111,0.8923076923076924,0.1076923076923077,TP,65,65,data/processed\X_train_rferf.csv,data/processed\y_train.csv,train_oof,0.1755144641265648
RFERF_RF_SMOTE,RFERF,supervised,RF,SMOTE,10,510,0.01366582313031081,0.0007940128555173053,0.012871810274793507,0.014459835985828114,0.8307692307692308,0.16923076923076924,TP,65,65,data/processed\X_train_rferf.csv,data/processed\y_train.csv,train_oof,0.1755144641265648
RFERF_RF_SMOTE,RFERF,supervised,RF,SMOTE,11,124,0.012917217720402777,0.001479181036659802,0.011438036683742974,0.014396398757062577,0.8461538461538461,0.15384615384615385,TP,65,65,data/processed\X_train_rferf.csv,data/processed\y_train.csv,train_oof,0.1755144641265648
RFERF_RF_SMOTE,RFERF,supervised,RF,SMOTE,12,33,0.011834707574056767,0.0007931271208856527,0.011041580453171114,0.01262783469494242,0.9538461538461539,0.046153846153846156,TP,65,65,data/processed\X_train_rferf.csv,data/processed\y_train.csv,train_oof,0.1755144641265648
RFERF_RF_SMOTE,RFERF,supervised,RF,SMOTE,13,102,0.011146373422143993,0.0004941131481996119,0.01065226027394438,0.011640486570343606,0.8153846153846154,0.18461538461538463,TP,65,65,data/processed\X_train_rferf.csv,data/processed\y_train.csv,train_oof,0.1755144641265648
RFERF_RF_SMOTE,RFERF,supervised,RF,SMOTE,14,338,0.01111655684203894,0.002213468195902959,0.008903088646135976,0.013330025037941904,0.8153846153846154,0.18461538461538463,TP,65,65,data/processed\X_train_rferf.csv,data/processed\y_train.csv,train_oof,0.1755144641265648
RFERF_RF_SMOTE,RFERF,supervised,RF,SMOTE,15,79,0.009501284833974314,0.0002947644282392016,0.00920652040573511,0.009796049262213512,0.8923076923076924,0.1076923076923077,TP,65,65,data/processed\X_train_rferf.csv,data/processed\y_train.csv,train_oof,0.1755144641265648
RFERF_RF_SMOTE,RFERF,supervised,RF,SMOTE,16,28,0.00942344742038779,0.0002842185691346541,0.009139228851253137,0.009707665989522444,0.9692307692307692,0.03076923076923077,TP,65,65,data/processed\X_train_rferf.csv,data/processed\y_train.csv,train_oof,0.1755144641265648
RFERF_RF_SMOTE,RFERF,supervised,RF,SMOTE,17,31,0.008069293207112305,0.0031119115317987875,0.004957381675313517,0.011181204738911089,0.8,0.2,TP,65,65,data/processed\X_train_rferf.csv,data/processed\y_train.csv,train_oof,0.1755144641265648
RFERF_RF_SMOTE,RFERF,supervised,RF,SMOTE,18,425,0.007263714981044789,0.0009542678016015758,0.006309447179443212,0.008217982782646363,0.6,0.4,TP,65,65,data/processed\X_train_rferf.csv,data/processed\y_train.csv,train_oof,0.1755144641265648
RFERF_RF_SMOTE,RFERF,supervised,RF,SMOTE,19,21,0.006648348949908044,0.0011681200145967933,0.0054802289353112505,0.007816468964504835,0.7384615384615385,0.26153846153846155,TP,65,65,data/processed\X_train_rferf.csv,data/processed\y_train.csv,train_oof,0.1755144641265648
RFERF_RF_SMOTE,RFERF,supervised,RF,SMOTE,20,130,0.006647548211996041,0.0009404820419848538,0.005707066170011186,0.007588030253980895,0.9076923076923077,0.09230769230769231,TP,65,65,data/processed\X_train_rferf.csv,data/processed\y_train.csv,train_oof,0.1755144641265648
RFERF_RF_SMOTE,RFERF,supervised,RF,SMOTE,21,333,0.006158312664736914,0.0014094855943247169,0.0047488270704121975,0.007567798259061631,0.6923076923076923,0.3076923076923077,TP,65,65,data/processed\X_train_rferf.csv,data/processed\y_train.csv,train_oof,0.1755144641265648
RFERF_RF_SMOTE,RFERF,supervised,RF,SMOTE,22,19,0.005862892167658898,0.0013167801850529938,0.004546111982605904,0.007179672352711892,0.8923076923076924,0.1076923076923077,TP,65,65,data/processed\X_train_rferf.csv,data/processed\y_train.csv,train_oof,0.1755144641265648
RFERF_RF_SMOTE,RFERF,supervised,RF,SMOTE,23,428,0.005327313579955719,0.0005867055499175647,0.004740608030038155,0.0059140191298732835,0.8461538461538461,0.15384615384615385,TP,65,65,data/processed\X_train_rferf.csv,data/processed\y_train.csv,train_oof,0.1755144641265648
RFERF_RF_SMOTE,RFERF,supervised,RF,SMOTE,24,416,0.005220569008813277,0.0017415429059830347,0.0034790261028302435,0.0069621119147963125,0.8153846153846154,0.18461538461538463,TP,65,65,data/processed\X_train_rferf.csv,data/processed\y_train.csv,train_oof,0.1755144641265648
RFERF_RF_SMOTE,RFERF,supervised,RF,SMOTE,25,24,0.005027393819757987,0.0014496688142707026,0.0035777250054872837,0.006477062634028688,0.7692307692307693,0.23076923076923078,TP,65,65,data/processed\X_train_rferf.csv,data/processed\y_train.csv,train_oof,0.1755144641265648
RFERF_RF_SMOTE,RFERF,supervised,RF,SMOTE,26,14,0.00495672599300291,0.0018845233114682214,0.003072202681534688,0.006841249304471134,0.7692307692307693,0.23076923076923078,TP,65,65,data/processed\X_train_rferf.csv,data/processed\y_train.csv,train_oof,0.1755144641265648
RFERF_RF_SMOTE,RFERF,supervised,RF,SMOTE,27,56,0.004909582807922894,0.0007623556355171388,0.004147227172405757,0.005671938443440033,0.8615384615384616,0.13846153846153847,TP,65,65,data/processed\X_train_rferf.csv,data/processed\y_train.csv,train_oof,0.1755144641265648
RFERF_RF_SMOTE,RFERF,supervised,RF,SMOTE,28,122,0.004908819965393344,0.00021859283750703322,0.004690227127886311,0.005127412802900378,0.9846153846153847,0.015384615384615385,TP,65,65,data/processed\X_train_rferf.csv,data/processed\y_train.csv,train_oof,0.1755144641265648
RFERF_RF_SMOTE,RFERF,supervised,RF,SMOTE,29,200,0.0046437966904153555,0.0009462899377550308,0.003697506752660325,0.005590086628170387,0.9076923076923077,0.09230769230769231,TP,65,65,data/processed\X_train_rferf.csv,data/processed\y_train.csv,train_oof,0.1755144641265648
RFERF_RF_SMOTE,RFERF,supervised,RF,SMOTE,30,582,0.004584510039609849,0.000609515142031783,0.003974994897578064,0.005194025181641632,0.6615384615384615,0.3384615384615385,TP,65,65,data/processed\X_train_rferf.csv,data/processed\y_train.csv,train_oof,0.1755144641265648
RFERF_RF_SMOTE,RFERF,supervised,RF,SMOTE,31,132,0.0044466927134386314,0.0005348197590519484,0.003911872954386683,0.00498151247249058,0.46153846153846156,0.5384615384615384,TP,65,65,data/processed\X_train_rferf.csv,data/processed\y_train.csv,train_oof,0.1755144641265648
RFERF_RF_SMOTE,RFERF,supervised,RF,SMOTE,32,137,0.004439880390578237,0.0007799066627546512,0.003659973727823586,0.005219787053332888,0.8615384615384616,0.13846153846153847,TP,65,65,data/processed\X_train_rferf.csv,data/processed\y_train.csv,train_oof,0.1755144641265648
RFERF_RF_SMOTE,RFERF,supervised,RF,SMOTE,33,63,0.004328540008838654,0.00017010657807313092,0.0041584334307655235,0.004498646586911785,0.8,0.2,TP,65,65,data/processed\X_train_rferf.csv,data/processed\y_train.csv,train_oof,0.1755144641265648
RFERF_RF_SMOTE,RFERF,supervised,RF,SMOTE,34,563,0.00424311851573491,0.0004156149250672094,0.0038275035906677017,0.0046587334408021205,0.8307692307692308,0.16923076923076924,TP,65,65,data/processed\X_train_rferf.csv,data/processed\y_train.csv,train_oof,0.1755144641265648
RFERF_RF_SMOTE,RFERF,supervised,RF,SMOTE,35,310,0.004170446453477776,0.00110805926801389,0.003062387185463886,0.005278505721491667,0.8,0.2,TP,65,65,data/processed\X_train_rferf.csv,data/processed\y_train.csv,train_oof,0.1755144641265648
RFERF_RF_SMOTE,RFERF,supervised,RF,SMOTE,36,252,0.004115183959500051,0.0008653184609257727,0.0032498654985742793,0.004980502420425824,0.8615384615384616,0.13846153846153847,TP,65,65,data/processed\X_train_rferf.csv,data/processed\y_train.csv,train_oof,0.1755144641265648
RFERF_RF_SMOTE,RFERF,supervised,RF,SMOTE,37,131,0.004058703914382111,0.0008734237291538207,0.00318528018522829,0.004932127643535931,0.8,0.2,TP,65,65,data/processed\X_train_rferf.csv,data/processed\y_train.csv,train_oof,0.1755144641265648
RFERF_RF_SMOTE,RFERF,supervised,RF,SMOTE,38,35,0.004050205742470175,0.00013745272916383726,0.003912753013306337,0.004187658471634013,0.9076923076923077,0.09230769230769231,TP,65,65,data/processed\X_train_rferf.csv,data/processed\y_train.csv,train_oof,0.1755144641265648
RFERF_RF_SMOTE,RFERF,supervised,RF,SMOTE,39,67,0.004046682841766673,0.00035403606383916893,0.0036926467779275045,0.0044007189056058426,0.6615384615384615,0.3384615384615385,TP,65,65,data/processed\X_train_rferf.csv,data/processed\y_train.csv,train_oof,0.1755144641265648
RFERF_RF_SMOTE,RFERF,supervised,RF,SMOTE,40,295,0.0037995047223483144,0.0008558806176066266,0.0029436241047416877,0.0046553853399549415,0.8,0.2,TP,65,65,data/processed\X_train_rferf.csv,data/processed\y_train.csv,train_oof,0.1755144641265648
RFERF_RF_SMOTE,RFERF,supervised,RF,SMOTE,41,468,0.0036231841963368715,0.0006518426123882387,0.0029713415839486327,0.004275026808725108,0.8461538461538461,0.15384615384615385,TP,65,65,data/processed\X_train_rferf.csv,data/processed\y_train.csv,train_oof,0.1755144641265648
RFERF_RF_SMOTE,RFERF,supervised,RF,SMOTE,42,0,0.0036017203156409046,0.0005577800539292208,0.003043940261711684,0.004159500369570126,0.6461538461538462,0.35384615384615387,TP,65,65,data/processed\X_train_rferf.csv,data/processed\y_train.csv,train_oof,0.1755144641265648
RFERF_RF_SMOTE,RFERF,supervised,RF,SMOTE,43,405,0.0035724196535181583,0.00026753045859738173,0.003304889194920776,0.00383995011211554,0.6461538461538462,0.35384615384615387,TP,65,65,data/processed\X_train_rferf.csv,data/processed\y_train.csv,train_oof,0.1755144641265648
RFERF_RF_SMOTE,RFERF,supervised,RF,SMOTE,44,55,0.0035241704790281462,0.00019544748991881232,0.0033287229891093336,0.003719617968946958,0.7846153846153846,0.2153846153846154,TP,65,65,data/processed\X_train_rferf.csv,data/processed\y_train.csv,train_oof,0.1755144641265648
RFERF_RF_SMOTE,RFERF,supervised,RF,SMOTE,45,2,0.003340170225787267,0.0005713087124543575,0.002768861513332908,0.003911478938241624,0.5692307692307692,0.4307692307692308,TP,65,65,data/processed\X_train_rferf.csv,data/processed\y_train.csv,train_oof,0.1755144641265648
RFERF_RF_SMOTE,RFERF,supervised,RF,SMOTE,46,217,0.0032945319318770333,0.0007905054312019757,0.0025040265006750564,0.004085037363079009,0.5538461538461539,0.4461538461538462,TP,65,65,data/processed\X_train_rferf.csv,data/processed\y_train.csv,train_oof,0.1755144641265648
RFERF_RF_SMOTE,RFERF,supervised,RF,SMOTE,47,25,0.0032460589431870706,0.0004776895467605359,0.002768369396426535,0.0037237484899476057,0.7076923076923077,0.2923076923076923,TP,65,65,data/processed\X_train_rferf.csv,data/processed\y_train.csv,train_oof,0.1755144641265648
RFERF_RF_SMOTE,RFERF,supervised,RF,SMOTE,48,344,0.0031814198473666395,0.0009187314905846469,0.0022626883567819916,0.004100151337951285,0.7384615384615385,0.26153846153846155,TP,65,65,data/processed\X_train_rferf.csv,data/processed\y_train.csv,train_oof,0.1755144641265648
RFERF_RF_SMOTE,RFERF,supervised,RF,SMOTE,49,183,0.0031342390796147844,0.0005496118360781247,0.00258462724353666,0.0036838509156929098,0.7230769230769231,0.27692307692307694,TP,65,65,data/processed\X_train_rferf.csv,data/processed\y_train.csv,train_oof,0.1755144641265648
RFERF_RF_SMOTE,RFERF,supervised,RF,SMOTE,50,39,0.003127724375287793,0.00033116919307813543,0.0027965551822096576,0.003458893568365929,0.8769230769230769,0.12307692307692308,TP,65,65,data/processed\X_train_rferf.csv,data/processed\y_train.csv,train_oof,0.1755144641265648
RFERF_RF_SMOTE,RFERF,supervised,RF,SMOTE,51,58,0.003119476666718251,0.0007242622044188112,0.0023952144622994384,0.003843738871137062,0.8769230769230769,0.12307692307692308,TP,65,65,data/processed\X_train_rferf.csv,data/processed\y_train.csv,train_oof,0.1755144641265648
RFERF_RF_SMOTE,RFERF,supervised,RF,SMOTE,52,552,0.0030730874401496714,0.0011225311191132002,0.0019505563210364708,0.004195618559262871,0.7692307692307693,0.23076923076923078,TP,65,65,data/processed\X_train_rferf.csv,data/processed\y_train.csv,train_oof,0.1755144641265648
RFERF_RF_SMOTE,RFERF,supervised,RF,SMOTE,53,156,0.0030561185980914197,0.0006728948643631619,0.0023832237337282577,0.0037290134624545813,0.6923076923076923,0.3076923076923077,TP,65,65,data/processed\X_train_rferf.csv,data/processed\y_train.csv,train_oof,0.1755144641265648
RFERF_RF_SMOTE,RFERF,supervised,RF,SMOTE,54,133,0.0029565504768933304,0.0003452075980807116,0.0026113428788126195,0.0033017580749740423,0.8307692307692308,0.16923076923076924,TP,65,65,data/processed\X_train_rferf.csv,data/processed\y_train.csv,train_oof,0.1755144641265648
RFERF_RF_SMOTE,RFERF,supervised,RF,SMOTE,55,460,0.002878191433911071,0.0005780468809388533,0.002300144552972219,0.0034562383148499247,0.8307692307692308,0.16923076923076924,TP,65,65,data/processed\X_train_rferf.csv,data/processed\y_train.csv,train_oof,0.1755144641265648
RFERF_RF_SMOTE,RFERF,supervised,RF,SMOTE,56,281,0.002806282946518714,0.0005587494921525714,0.002247533454366143,0.0033650324386712864,0.6615384615384615,0.3384615384615385,TP,65,65,data/processed\X_train_rferf.csv,data/processed\y_train.csv,train_oof,0.1755144641265648
RFERF_RF_SMOTE,RFERF,supervised,RF,SMOTE,57,107,0.0027754662105240737,0.0007123770796205473,0.0020630891309035265,0.003487843290144621,0.7846153846153846,0.2153846153846154,TP,65,65,data/processed\X_train_rferf.csv,data/processed\y_train.csv,train_oof,0.1755144641265648
RFERF_RF_SMOTE,RFERF,supervised,RF,SMOTE,58,57,0.002763840660524694,0.0009108415498569881,0.0018529991106677058,0.003674682210381682,0.7076923076923077,0.2923076923076923,TP,65,65,data/processed\X_train_rferf.csv,data/processed\y_train.csv,train_oof,0.1755144641265648
RFERF_RF_SMOTE,RFERF,supervised,RF,SMOTE,59,76,0.0027512030225478913,0.00018801228311241615,0.002563190739435475,0.0029392153056603076,0.8923076923076924,0.1076923076923077,TP,65,65,data/processed\X_train_rferf.csv,data/processed\y_train.csv,train_oof,0.1755144641265648
RFERF_RF_SMOTE,RFERF,supervised,RF,SMOTE,60,8,0.0027450369543493064,0.0007034403197924737,0.002041596634556832,0.00344847727414178,0.8461538461538461,0.15384615384615385,TP,65,65,data/processed\X_train_rferf.csv,data/processed\y_train.csv,train_oof,0.1755144641265648
RFERF_RF_SMOTE,RFERF,supervised,RF,SMOTE,61,144,0.0026870729718553015,0.00027443431644403796,0.002412638655411264,0.00296150728829934,0.7846153846153846,0.2153846153846154,TP,65,65,data/processed\X_train_rferf.csv,data/processed\y_train.csv,train_oof,0.1755144641265648
RFERF_RF_SMOTE,RFERF,supervised,RF,SMOTE,62,125,0.0026620875362244226,0.0001012214726267505,0.0025608660635976725,0.002763309008851173,0.8615384615384616,0.13846153846153847,TP,65,65,data/processed\X_train_rferf.csv,data/processed\y_train.csv,train_oof,0.1755144641265648
RFERF_RF_SMOTE,RFERF,supervised,RF,SMOTE,63,423,0.0026615783763769434,0.0008785650576998323,0.0017830133186771116,0.003540143434076776,0.676923076923077,0.3230769230769231,TP,65,65,data/processed\X_train_rferf.csv,data/processed\y_train.csv,train_oof,0.1755144641265648
RFERF_RF_SMOTE,RFERF,supervised,RF,SMOTE,64,571,0.0026593971185599674,0.0001318927425088034,0.002527504376051164,0.00279128986106877,0.8307692307692308,0.16923076923076924,TP,65,65,data/processed\X_train_rferf.csv,data/processed\y_train.csv,train_oof,0.1755144641265648
RFERF_RF_SMOTE,RFERF,supervised,RF,SMOTE,65,586,0.002637974632441134,0.0012957862158545072,0.0013421884165866278,0.003933760848295641,0.5692307692307692,0.4307692307692308,TP,65,65,data/processed\X_train_rferf.csv,data/processed\y_train.csv,train_oof,0.1755144641265648
RFERF_RF_SMOTE,RFERF,supervised,RF,SMOTE,66,489,0.0024808174074450046,0.0009055595123099458,0.0015752578951350584,0.0033863769197549497,0.9230769230769231,0.07692307692307693,TP,65,65,data/processed\X_train_rferf.csv,data/processed\y_train.csv,train_oof,0.1755144641265648
RFERF_RF_SMOTE,RFERF,supervised,RF,SMOTE,67,126,0.0023643224539211106,0.000349635686354686,0.0020146867675664244,0.002713958140275795,0.9076923076923077,0.09230769230769231,TP,65,65,data/processed\X_train_rferf.csv,data/processed\y_train.csv,train_oof,0.1755144641265648
RFERF_RF_SMOTE,RFERF,supervised,RF,SMOTE,68,43,0.002351440738144368,0.0004443489266798194,0.0019070918114645484,0.002795789664824187,0.8461538461538461,0.15384615384615385,TP,65,65,data/processed\X_train_rferf.csv,data/processed\y_train.csv,train_oof,0.1755144641265648
RFERF_RF_SMOTE,RFERF,supervised,RF,SMOTE,69,41,0.0023486573958100628,0.00011403102152109261,0.00223462637428897,0.0024626884173311546,0.8,0.2,TP,65,65,data/processed\X_train_rferf.csv,data/processed\y_train.csv,train_oof,0.1755144641265648
RFERF_RF_SMOTE,RFERF,supervised,RF,SMOTE,70,16,0.0021559412060565488,0.0004901686595503433,0.0016657725465062051,0.002646109865606892,0.6923076923076923,0.3076923076923077,TP,65,65,data/processed\X_train_rferf.csv,data/processed\y_train.csv,train_oof,0.1755144641265648
RFERF_RF_SMOTE,RFERF,supervised,RF,SMOTE,71,452,0.0020457375953219104,0.00035295295457240725,0.0016927846407495035,0.002398690549894318,0.8615384615384616,0.13846153846153847,TP,65,65,data/processed\X_train_rferf.csv,data/processed\y_train.csv,train_oof,0.1755144641265648
RFERF_RF_SMOTE,RFERF,supervised,RF,SMOTE,72,90,0.002041209424297257,0.0005204729553938326,0.001520736468903425,0.0025616823796910894,0.8307692307692308,0.16923076923076924,TP,65,65,data/processed\X_train_rferf.csv,data/processed\y_train.csv,train_oof,0.1755144641265648
RFERF_RF_SMOTE,RFERF,supervised,RF,SMOTE,73,48,0.0019852958138531934,8.57354137567199e-05,0.0018995604000964729,0.0020710312276099136,0.8461538461538461,0.15384615384615385,TP,65,65,data/processed\X_train_rferf.csv,data/processed\y_train.csv,train_oof,0.1755144641265648
RFERF_RF_SMOTE,RFERF,supervised,RF,SMOTE,74,316,0.0019508064063181452,0.00010040518354786824,0.001850401222770277,0.002051211589866013,0.8769230769230769,0.12307692307692308,TP,65,65,data/processed\X_train_rferf.csv,data/processed\y_train.csv,train_oof,0.1755144641265648
RFERF_RF_SMOTE,RFERF,supervised,RF,SMOTE,75,288,0.0018792408922831912,0.00013117604463259598,0.001748064847650595,0.0020104169369157873,0.7076923076923077,0.2923076923076923,TP,65,65,data/processed\X_train_rferf.csv,data/processed\y_train.csv,train_oof,0.1755144641265648
RFERF_RF_SMOTE,RFERF,supervised,RF,SMOTE,76,75,0.001873511509512898,0.0006008932864160518,0.0012726182230968464,0.002474404795928952,0.7076923076923077,0.2923076923076923,TP,65,65,data/processed\X_train_rferf.csv,data/processed\y_train.csv,train_oof,0.1755144641265648
RFERF_RF_SMOTE,RFERF,supervised,RF,SMOTE,77,91,0.0017698175842288015,0.00031870033721619377,0.0014511172470126079,0.0020885179214449956,0.8153846153846154,0.18461538461538463,TP,65,65,data/processed\X_train_rferf.csv,data/processed\y_train.csv,train_oof,0.1755144641265648
RFERF_RF_SMOTE,RFERF,supervised,RF,SMOTE,78,273,0.0017566079803254806,0.00020646275566126677,0.0015501452246642136,0.001963070735986747,0.7846153846153846,0.2153846153846154,TP,65,65,data/processed\X_train_rferf.csv,data/processed\y_train.csv,train_oof,0.1755144641265648
RFERF_RF_SMOTE,RFERF,supervised,RF,SMOTE,79,182,0.0017543719174445587,0.0002418344125760801,0.001512537504868479,0.001996206330020638,0.7538461538461538,0.24615384615384617,TP,65,65,data/processed\X_train_rferf.csv,data/processed\y_train.csv,train_oof,0.1755144641265648
RFERF_RF_SMOTE,RFERF,supervised,RF,SMOTE,80,139,0.0017458014392290134,0.00045058342124342226,0.0012952180179855912,0.0021963848604724364,0.7230769230769231,0.27692307692307694,TP,65,65,data/processed\X_train_rferf.csv,data/processed\y_train.csv,train_oof,0.1755144641265648
RFERF_RF_SMOTE,RFERF,supervised,RF,SMOTE,81,271,0.0017217042526021108,0.0003267010548577281,0.001395003197744383,0.002048405307459839,0.8,0.2,TP,65,65,data/processed\X_train_rferf.csv,data/processed\y_train.csv,train_oof,0.1755144641265648
RFERF_RF_SMOTE,RFERF,supervised,RF,SMOTE,82,227,0.0017082493977625607,0.0005317126868447358,0.0011765367109178241,0.002239962084607296,0.8,0.2,TP,65,65,data/processed\X_train_rferf.csv,data/processed\y_train.csv,train_oof,0.1755144641265648
RFERF_RF_SMOTE,RFERF,supervised,RF,SMOTE,83,551,0.001706430572628653,0.00013354934024777915,0.0015728812323808738,0.0018399799128764318,0.6461538461538462,0.35384615384615387,TP,65,65,data/processed\X_train_rferf.csv,data/processed\y_train.csv,train_oof,0.1755144641265648
RFERF_RF_SMOTE,RFERF,supervised,RF,SMOTE,84,115,0.0016728099948925838,0.0005106112313253558,0.0011621987635672282,0.00218342122621794,0.7538461538461538,0.24615384615384617,TP,65,65,data/processed\X_train_rferf.csv,data/processed\y_train.csv,train_oof,0.1755144641265648
RFERF_RF_SMOTE,RFERF,supervised,RF,SMOTE,85,173,0.0016689359661590138,0.0003759087269060371,0.0012930272392529764,0.002044844693065051,0.8769230769230769,0.12307692307692308,TP,65,65,data/processed\X_train_rferf.csv,data/processed\y_train.csv,train_oof,0.1755144641265648
RFERF_RF_SMOTE,RFERF,supervised,RF,SMOTE,86,92,0.001638736125346457,0.0006930175167820229,0.0009457186085644342,0.00233175364212848,0.6307692307692307,0.36923076923076925,TP,65,65,data/processed\X_train_rferf.csv,data/processed\y_train.csv,train_oof,0.1755144641265648
RFERF_RF_SMOTE,RFERF,supervised,RF,SMOTE,87,484,0.0016080953588356248,0.00024294478954756249,0.0013651505692880623,0.001851040148383187,0.8923076923076924,0.1076923076923077,TP,65,65,data/processed\X_train_rferf.csv,data/processed\y_train.csv,train_oof,0.1755144641265648
RFERF_RF_SMOTE,RFERF,supervised,RF,SMOTE,88,280,0.001602916623075836,0.0003615880918210263,0.00124132853125481,0.001964504714896862,0.9076923076923077,0.09230769230769231,TP,65,65,data/processed\X_train_rferf.csv,data/processed\y_train.csv,train_oof,0.1755144641265648
RFERF_RF_SMOTE,RFERF,supervised,RF,SMOTE,89,15,0.0015792633206296385,0.00046401884012460017,0.0011152444805050386,0.002043282160754238,0.8153846153846154,0.18461538461538463,TP,65,65,data/processed\X_train_rferf.csv,data/processed\y_train.csv,train_oof,0.1755144641265648
RFERF_RF_SMOTE,RFERF,supervised,RF,SMOTE,90,37,0.0014882860296379738,7.560722285609044e-05,0.0014126788067818834,0.0015638932524940643,0.8769230769230769,0.12307692307692308,TP,65,65,data/processed\X_train_rferf.csv,data/processed\y_train.csv,train_oof,0.1755144641265648
RFERF_RF_SMOTE,RFERF,supervised,RF,SMOTE,91,480,0.0014431904435006895,0.0003171082554236861,0.001126082188077004,0.0017602986989243756,0.7846153846153846,0.2153846153846154,TP,65,65,data/processed\X_train_rferf.csv,data/processed\y_train.csv,train_oof,0.1755144641265648
RFERF_RF_SMOTE,RFERF,supervised,RF,SMOTE,92,282,0.0013929259860579303,0.00018138691577512748,0.001211539070282803,0.0015743129018330577,0.7230769230769231,0.27692307692307694,TP,65,65,data/processed\X_train_rferf.csv,data/processed\y_train.csv,train_oof,0.1755144641265648
RFERF_RF_SMOTE,RFERF,supervised,RF,SMOTE,93,490,0.0013057109981973714,0.00045890954011372726,0.0008468014580836444,0.001764620538311099,0.8153846153846154,0.18461538461538463,TP,65,65,data/processed\X_train_rferf.csv,data/processed\y_train.csv,train_oof,0.1755144641265648
RFERF_RF_SMOTE,RFERF,supervised,RF,SMOTE,94,525,0.0012725694554676552,9.0463552871287e-05,0.0011821059025963682,0.0013630330083389424,0.8615384615384616,0.13846153846153847,TP,65,65,data/processed\X_train_rferf.csv,data/processed\y_train.csv,train_oof,0.1755144641265648
RFERF_RF_SMOTE,RFERF,supervised,RF,SMOTE,95,488,0.0012523681367989212,0.0007074649835081245,0.0005449031532907966,0.0019598331203070462,0.6615384615384615,0.3384615384615385,TP,65,65,data/processed\X_train_rferf.csv,data/processed\y_train.csv,train_oof,0.1755144641265648
RFERF_RF_SMOTE,RFERF,supervised,RF,SMOTE,96,81,0.0010767337056171806,0.0001441573920127401,0.000932576313604441,0.001220891097629921,0.7076923076923077,0.2923076923076923,TP,65,65,data/processed\X_train_rferf.csv,data/processed\y_train.csv,train_oof,0.1755144641265648
RFERF_RF_SMOTE,RFERF,supervised,RF,SMOTE,97,88,0.0010652411997643186,0.00019377653672790905,0.0008714646630364097,0.0012590177364922273,0.8923076923076924,0.1076923076923077,TP,65,65,data/processed\X_train_rferf.csv,data/processed\y_train.csv,train_oof,0.1755144641265648
RFERF_RF_SMOTE,RFERF,supervised,RF,SMOTE,98,9,0.0009460007807394978,0.00022846600611060072,0.0007175347746288974,0.0011744667868500986,0.7846153846153846,0.2153846153846154,TP,65,65,data/processed\X_train_rferf.csv,data/processed\y_train.csv,train_oof,0.1755144641265648
RFERF_RF_SMOTE,RFERF,supervised,RF,SMOTE,99,47,0.0007172198548816114,0.00010179189779819744,0.0006154279570834139,0.0008190117526798088,0.8,0.2,TP,65,65,data/processed\X_train_rferf.csv,data/processed\y_train.csv,train_oof,0.1755144641265648
ANOVA_SVM_NoResample,ANOVA,supervised,SVM,NoResample,1,64,0.053623017473283165,8.031286455867414e-05,0.05354270460872449,0.05370333033784184,0.9615384615384616,0.038461538461538464,TP,52,52,data/processed\X_train_anova.csv,data/processed\y_train.csv,train_oof,0.07569208662861764
ANOVA_SVM_NoResample,ANOVA,supervised,SVM,NoResample,2,38,0.03907742420390907,0.0,0.03907742420390907,0.03907742420390907,1.0,0.0,TP,52,52,data/processed\X_train_anova.csv,data/processed\y_train.csv,train_oof,0.07569208662861764
ANOVA_SVM_NoResample,ANOVA,supervised,SVM,NoResample,3,65,0.037942861661677416,0.0,0.037942861661677416,0.037942861661677416,1.0,0.0,TP,52,52,data/processed\X_train_anova.csv,data/processed\y_train.csv,train_oof,0.07569208662861764
ANOVA_SVM_NoResample,ANOVA,supervised,SVM,NoResample,4,103,0.03638737965098291,0.0,0.03638737965098291,0.03638737965098291,1.0,0.0,TP,52,52,data/processed\X_train_anova.csv,data/processed\y_train.csv,train_oof,0.07569208662861764
ANOVA_SVM_NoResample,ANOVA,supervised,SVM,NoResample,5,510,0.03466003347526644,0.0,0.03466003347526644,0.03466003347526644,1.0,0.0,TP,52,52,data/processed\X_train_anova.csv,data/processed\y_train.csv,train_oof,0.07569208662861764
ANOVA_SVM_NoResample,ANOVA,supervised,SVM,NoResample,6,59,0.031420983052848496,0.0,0.031420983052848496,0.031420983052848496,1.0,0.0,TP,52,52,data/processed\X_train_anova.csv,data/processed\y_train.csv,train_oof,0.07569208662861764
ANOVA_SVM_NoResample,ANOVA,supervised,SVM,NoResample,7,100,0.03031712480329346,2.6235525290702483e-11,0.030317124777057933,0.030317124829528988,0.9807692307692307,0.019230769230769232,TP,52,52,data/processed\X_train_anova.csv,data/processed\y_train.csv,train_oof,0.07569208662861764
ANOVA_SVM_NoResample,ANOVA,supervised,SVM,NoResample,8,70,0.028886355334831068,0.0,0.028886355334831068,0.028886355334831068,1.0,0.0,TP,52,52,data/processed\X_train_anova.csv,data/processed\y_train.csv,train_oof,0.07569208662861764
ANOVA_SVM_NoResample,ANOVA,supervised,SVM,NoResample,9,95,0.02829064725358302,0.0,0.02829064725358302,0.02829064725358302,1.0,0.0,TP,52,52,data/processed\X_train_anova.csv,data/processed\y_train.csv,train_oof,0.07569208662861764
ANOVA_SVM_NoResample,ANOVA,supervised,SVM,NoResample,10,79,0.02819529128644926,0.0,0.02819529128644926,0.02819529128644926,1.0,0.0,TP,52,52,data/processed\X_train_anova.csv,data/processed\y_train.csv,train_oof,0.07569208662861764
ANOVA_SVM_NoResample,ANOVA,supervised,SVM,NoResample,11,63,0.02774040928085386,0.0,0.02774040928085386,0.02774040928085386,1.0,0.0,TP,52,52,data/processed\X_train_anova.csv,data/processed\y_train.csv,train_oof,0.07569208662861764
ANOVA_SVM_NoResample,ANOVA,supervised,SVM,NoResample,12,348,0.027273407834619064,9.545837189281417e-05,0.027177949462726256,0.02736886620651188,0.9807692307692307,0.019230769230769232,TP,52,52,data/processed\X_train_anova.csv,data/processed\y_train.csv,train_oof,0.07569208662861764
ANOVA_SVM_NoResample,ANOVA,supervised,SVM,NoResample,13,582,0.027061821757168765,0.0,0.027061821757168765,0.027061821757168765,1.0,0.0,TP,52,52,data/processed\X_train_anova.csv,data/processed\y_train.csv,train_oof,0.07569208662861764
ANOVA_SVM_NoResample,ANOVA,supervised,SVM,NoResample,14,511,0.027006689341724906,0.0,0.027006689341724906,0.027006689341724906,1.0,0.0,TP,52,52,data/processed\X_train_anova.csv,data/processed\y_train.csv,train_oof,0.07569208662861764
ANOVA_SVM_NoResample,ANOVA,supervised,SVM,NoResample,15,NA_112,0.026013120954775856,0.0,0.026013120954775856,0.026013120954775856,1.0,0.0,TP,52,52,data/processed\X_train_anova.csv,data/processed\y_train.csv,train_oof,0.07569208662861764
ANOVA_SVM_NoResample,ANOVA,supervised,SVM,NoResample,16,NA_72,0.025091760912979315,0.0,0.025091760912979315,0.025091760912979315,1.0,0.0,TP,52,52,data/processed\X_train_anova.csv,data/processed\y_train.csv,train_oof,0.07569208662861764
ANOVA_SVM_NoResample,ANOVA,supervised,SVM,NoResample,17,562,0.0246777072132538,0.0,0.0246777072132538,0.0246777072132538,1.0,0.0,TP,52,52,data/processed\X_train_anova.csv,data/processed\y_train.csv,train_oof,0.07569208662861764
ANOVA_SVM_NoResample,ANOVA,supervised,SVM,NoResample,18,14,0.024043662493044408,0.0,0.024043662493044408,0.024043662493044408,1.0,0.0,TP,52,52,data/processed\X_train_anova.csv,data/processed\y_train.csv,train_oof,0.07569208662861764
ANOVA_SVM_NoResample,ANOVA,supervised,SVM,NoResample,19,16,0.023755925156685988,0.0,0.023755925156685988,0.023755925156685988,1.0,0.0,TP,52,52,data/processed\X_train_anova.csv,data/processed\y_train.csv,train_oof,0.07569208662861764
ANOVA_SVM_NoResample,ANOVA,supervised,SVM,NoResample,20,437,0.021956698525237153,1.0406345554650263e-06,0.02195565789068169,0.021957739159792617,0.9615384615384616,0.038461538461538464,TP,52,52,data/processed\X_train_anova.csv,data/processed\y_train.csv,train_oof,0.07569208662861764
ANOVA_SVM_NoResample,ANOVA,supervised,SVM,NoResample,21,125,0.02111705212912903,0.0,0.02111705212912903,0.02111705212912903,1.0,0.0,TP,52,52,data/processed\X_train_anova.csv,data/processed\y_train.csv,train_oof,0.07569208662861764
ANOVA_SVM_NoResample,ANOVA,supervised,SVM,NoResample,22,123,0.020857158476767484,0.0,0.020857158476767484,0.020857158476767484,1.0,0.0,TP,52,52,data/processed\X_train_anova.csv,data/processed\y_train.csv,train_oof,0.07569208662861764
ANOVA_SVM_NoResample,ANOVA,supervised,SVM,NoResample,23,122,0.020587497487254,0.0,0.020587497487254,0.020587497487254,1.0,0.0,TP,52,52,data/processed\X_train_anova.csv,data/processed\y_train.csv,train_oof,0.07569208662861764
ANOVA_SVM_NoResample,ANOVA,supervised,SVM,NoResample,24,28,0.020538127173716874,0.0,0.020538127173716874,0.020538127173716874,1.0,0.0,TP,52,52,data/processed\X_train_anova.csv,data/processed\y_train.csv,train_oof,0.07569208662861764
ANOVA_SVM_NoResample,ANOVA,supervised,SVM,NoResample,25,452,0.020436657433267953,0.0,0.020436657433267953,0.020436657433267953,1.0,0.0,TP,52,52,data/processed\X_train_anova.csv,data/processed\y_train.csv,train_oof,0.07569208662861764
ANOVA_SVM_NoResample,ANOVA,supervised,SVM,NoResample,26,124,0.020354228576814053,0.0,0.020354228576814053,0.020354228576814053,1.0,0.0,TP,52,52,data/processed\X_train_anova.csv,data/processed\y_train.csv,train_oof,0.07569208662861764
ANOVA_SVM_NoResample,ANOVA,supervised,SVM,NoResample,27,130,0.019957628342659243,0.0,0.019957628342659243,0.019957628342659243,1.0,0.0,TP,52,52,data/processed\X_train_anova.csv,data/processed\y_train.csv,train_oof,0.07569208662861764
ANOVA_SVM_NoResample,ANOVA,supervised,SVM,NoResample,28,129,0.019441777534020786,0.0,0.019441777534020786,0.019441777534020786,1.0,0.0,TP,52,52,data/processed\X_train_anova.csv,data/processed\y_train.csv,train_oof,0.07569208662861764
ANOVA_SVM_NoResample,ANOVA,supervised,SVM,NoResample,29,316,0.019212414595991226,1.9865035145420547e-06,0.01921042809247668,0.019214401099505767,0.9807692307692307,0.019230769230769232,TP,52,52,data/processed\X_train_anova.csv,data/processed\y_train.csv,train_oof,0.07569208662861764
ANOVA_SVM_NoResample,ANOVA,supervised,SVM,NoResample,30,22,0.019012212971935526,2.7233059419230924e-05,0.018984979912516294,0.019039446031354757,0.9807692307692307,0.019230769230769232,TP,52,52,data/processed\X_train_anova.csv,data/processed\y_train.csv,train_oof,0.07569208662861764
ANOVA_SVM_NoResample,ANOVA,supervised,SVM,NoResample,31,21,0.01775480179280498,1.3380952272352012e-05,0.017741420840532627,0.017768182745077334,0.9615384615384616,0.038461538461538464,TP,52,52,data/processed\X_train_anova.csv,data/processed\y_train.csv,train_oof,0.07569208662861764
ANOVA_SVM_NoResample,ANOVA,supervised,SVM,NoResample,32,545,0.017432559319909394,0.0,0.017432559319909394,0.017432559319909394,1.0,0.0,TP,52,52,data/processed\X_train_anova.csv,data/processed\y_train.csv,train_oof,0.07569208662861764
ANOVA_SVM_NoResample,ANOVA,supervised,SVM,NoResample,33,56,0.017424519239647218,5.500695863939283e-07,0.017423969170060824,0.017425069309233612,0.9807692307692307,0.019230769230769232,TP,52,52,data/processed\X_train_anova.csv,data/processed\y_train.csv,train_oof,0.07569208662861764
ANOVA_SVM_NoResample,ANOVA,supervised,SVM,NoResample,34,377,0.017170090681303127,0.0,0.017170090681303127,0.017170090681303127,1.0,0.0,TP,52,52,data/processed\X_train_anova.csv,data/processed\y_train.csv,train_oof,0.07569208662861764
ANOVA_SVM_NoResample,ANOVA,supervised,SVM,NoResample,35,133,0.017137068159102528,0.0,0.017137068159102528,0.017137068159102528,1.0,0.0,TP,52,52,data/processed\X_train_anova.csv,data/processed\y_train.csv,train_oof,0.07569208662861764
ANOVA_SVM_NoResample,ANOVA,supervised,SVM,NoResample,36,434,0.013777352544754538,1.0935292876453969e-05,0.013766417251878084,0.013788287837630992,0.9807692307692307,0.019230769230769232,TP,52,52,data/processed\X_train_anova.csv,data/processed\y_train.csv,train_oof,0.07569208662861764
ANOVA_SVM_NoResample,ANOVA,supervised,SVM,NoResample,37,471,0.012455882632012747,5.044763991759588e-06,0.012450837868020988,0.012460927396004507,0.9807692307692307,0.019230769230769232,TP,52,52,data/processed\X_train_anova.csv,data/processed\y_train.csv,train_oof,0.07569208662861764
ANOVA_SVM_NoResample,ANOVA,supervised,SVM,NoResample,38,553,0.012286756288518948,0.0,0.012286756288518948,0.012286756288518948,1.0,0.0,TP,52,52,data/processed\X_train_anova.csv,data/processed\y_train.csv,train_oof,0.07569208662861764
ANOVA_SVM_NoResample,ANOVA,supervised,SVM,NoResample,39,159,0.012157594983620386,0.00011911201492500586,0.01203848296869538,0.012276706998545392,0.9423076923076923,0.057692307692307696,TP,52,52,data/processed\X_train_anova.csv,data/processed\y_train.csv,train_oof,0.07569208662861764
ANOVA_SVM_NoResample,ANOVA,supervised,SVM,NoResample,40,26,0.011704711350587703,1.7336822051455225e-05,0.011687374528536246,0.011722048172639157,0.9807692307692307,0.019230769230769232,TP,52,52,data/processed\X_train_anova.csv,data/processed\y_train.csv,train_oof,0.07569208662861764
ANOVA_SVM_NoResample,ANOVA,supervised,SVM,NoResample,41,32,0.011297494670956938,0.0,0.011297494670956938,0.011297494670956938,1.0,0.0,TP,52,52,data/processed\X_train_anova.csv,data/processed\y_train.csv,train_oof,0.07569208662861764
ANOVA_SVM_NoResample,ANOVA,supervised,SVM,NoResample,42,298,0.011253830261268737,0.0,0.011253830261268737,0.011253830261268737,1.0,0.0,TP,52,52,data/processed\X_train_anova.csv,data/processed\y_train.csv,train_oof,0.07569208662861764
ANOVA_SVM_NoResample,ANOVA,supervised,SVM,NoResample,43,200,0.01105760280990034,0.0,0.01105760280990034,0.01105760280990034,1.0,0.0,TP,52,52,data/processed\X_train_anova.csv,data/processed\y_train.csv,train_oof,0.07569208662861764
ANOVA_SVM_NoResample,ANOVA,supervised,SVM,NoResample,44,337,0.009949536724561715,2.2027253536705835e-07,0.009949316452026348,0.009949756997097083,0.9807692307692307,0.019230769230769232,TP,52,52,data/processed\X_train_anova.csv,data/processed\y_train.csv,train_oof,0.07569208662861764
ANOVA_SVM_NoResample,ANOVA,supervised,SVM,NoResample,45,33,0.009185672904185047,0.0,0.009185672904185047,0.009185672904185047,1.0,0.0,TP,52,52,data/processed\X_train_anova.csv,data/processed\y_train.csv,train_oof,0.07569208662861764
ANOVA_SVM_NoResample,ANOVA,supervised,SVM,NoResample,46,249,0.008975122275661022,0.0,0.008975122275661022,0.008975122275661022,0.038461538461538464,0.0,TP,52,52,data/processed\X_train_anova.csv,data/processed\y_train.csv,train_oof,0.07569208662861764
ANOVA_SVM_NoResample,ANOVA,supervised,SVM,NoResample,47,551,0.008789833736207871,0.0,0.008789833736207871,0.008789833736207871,1.0,0.0,TP,52,52,data/processed\X_train_anova.csv,data/processed\y_train.csv,train_oof,0.07569208662861764
ANOVA_SVM_NoResample,ANOVA,supervised,SVM,NoResample,48,165,0.008332440120068261,0.0,0.008332440120068261,0.008332440120068261,1.0,0.0,TP,52,52,data/processed\X_train_anova.csv,data/processed\y_train.csv,train_oof,0.07569208662861764
ANOVA_SVM_NoResample,ANOVA,supervised,SVM,NoResample,49,295,0.007658155335641973,1.5696205019493776e-14,0.007658155335626277,0.007658155335657668,0.9807692307692307,0.019230769230769232,TP,52,52,data/processed\X_train_anova.csv,data/processed\y_train.csv,train_oof,0.07569208662861764
ANOVA_SVM_NoResample,ANOVA,supervised,SVM,NoResample,50,477,0.0029982343753517525,1.7007474928076116e-05,0.0029812269004236766,0.0030152418502798284,0.9230769230769231,0.07692307692307693,TP,52,52,data/processed\X_train_anova.csv,data/processed\y_train.csv,train_oof,0.07569208662861764
Base_LR_SMOTE,Base,supervised,LR,SMOTE,1,59,1.552399457054804,0.14793775477220447,1.4044617022825994,1.7003372118270086,0.8214285714285714,0.17857142857142858,TP,28,28,data/processed\X_train_base.csv,data/processed\y_train.csv,train_oof,0.12060301142481507
Base_LR_SMOTE,Base,supervised,LR,SMOTE,2,64,0.9665750862535711,0.38171166301020915,0.5848634232433618,1.3482867492637802,0.6428571428571429,0.35714285714285715,TP,28,28,data/processed\X_train_base.csv,data/processed\y_train.csv,train_oof,0.12060301142481507
Base_LR_SMOTE,Base,supervised,LR,SMOTE,3,56,0.8880664638741064,0.45123403592093997,0.43683242795316646,1.3393004997950464,0.7857142857142857,0.21428571428571427,TP,28,28,data/processed\X_train_base.csv,data/processed\y_train.csv,train_oof,0.12060301142481507
Base_LR_SMOTE,Base,supervised,LR,SMOTE,4,477,0.7637730754604001,0.024348778104866412,0.7394242973555337,0.7881218535652665,0.7857142857142857,0.21428571428571427,TP,28,28,data/processed\X_train_base.csv,data/processed\y_train.csv,train_oof,0.12060301142481507
Base_LR_SMOTE,Base,supervised,LR,SMOTE,5,348,0.6008928918685454,0.06859216994399922,0.5323007219245462,0.6694850618125449,0.6428571428571429,0.35714285714285715,TP,28,28,data/processed\X_train_base.csv,data/processed\y_train.csv,train_oof,0.12060301142481507
Base_LR_SMOTE,Base,supervised,LR,SMOTE,6,62,0.5590678188920222,0.4107697012046848,0.1482981176873374,0.969837520096707,0.5357142857142857,0.4642857142857143,TP,28,28,data/processed\X_train_base.csv,data/processed\y_train.csv,train_oof,0.12060301142481507
Base_LR_SMOTE,Base,supervised,LR,SMOTE,7,545,0.4570392068444738,0.028799497792693758,0.42823970905178,0.48583870463716755,0.9285714285714286,0.07142857142857142,TP,28,28,data/processed\X_train_base.csv,data/processed\y_train.csv,train_oof,0.12060301142481507
Base_LR_SMOTE,Base,supervised,LR,SMOTE,8,132,0.45156333808177784,0.6350077332155806,-0.18344439513380256,1.0865710712973586,0.35714285714285715,0.6428571428571429,TP,28,28,data/processed\X_train_base.csv,data/processed\y_train.csv,train_oof,0.12060301142481507
Base_LR_SMOTE,Base,supervised,LR,SMOTE,9,333,0.449507690569758,0.03552834867429314,0.413979341895465,0.48503603924405103,0.6428571428571429,0.35714285714285715,TP,28,28,data/processed\X_train_base.csv,data/processed\y_train.csv,train_oof,0.12060301142481507
Base_LR_SMOTE,Base,supervised,LR,SMOTE,10,471,0.44093326420455886,0.0983312891425631,0.3426019750619957,0.5392645533471222,0.2857142857142857,0.7142857142857143,TP,28,28,data/processed\X_train_base.csv,data/processed\y_train.csv,train_oof,0.12060301142481507
Base_LR_SMOTE,Base,supervised,LR,SMOTE,11,168,0.42636516533942903,0.3732694272138385,0.05309573812559064,0.7996345925532674,0.35714285714285715,0.6428571428571429,TP,28,28,data/processed\X_train_base.csv,data/processed\y_train.csv,train_oof,0.12060301142481507
Base_LR_SMOTE,Base,supervised,LR,SMOTE,12,133,0.4215725858877641,0.19027034426120082,0.2313022416265634,0.611842930148965,0.7142857142857143,0.2857142857142857,TP,28,28,data/processed\X_train_base.csv,data/processed\y_train.csv,train_oof,0.12060301142481507
Base_LR_SMOTE,Base,supervised,LR,SMOTE,13,558,0.4106489566723353,0.0721122220103029,0.33853673466203243,0.48276117868263835,0.5,0.5,TP,28,28,data/processed\X_train_base.csv,data/processed\y_train.csv,train_oof,0.12060301142481507
Base_LR_SMOTE,Base,supervised,LR,SMOTE,14,129,0.40900603433682947,0.05598677566248612,0.3530192586743433,0.46499280999931564,0.8571428571428571,0.14285714285714285,TP,28,28,data/processed\X_train_base.csv,data/processed\y_train.csv,train_oof,0.12060301142481507
Base_LR_SMOTE,Base,supervised,LR,SMOTE,15,137,0.38092539479770604,0.16076157674138258,0.2201638180563235,0.5416869715390887,0.6428571428571429,0.35714285714285715,TP,28,28,data/processed\X_train_base.csv,data/processed\y_train.csv,train_oof,0.12060301142481507
Base_LR_SMOTE,Base,supervised,LR,SMOTE,16,281,0.3694761608487241,0.2200616254725369,0.1494145353761871,0.5895377863212609,0.7142857142857143,0.2857142857142857,TP,28,28,data/processed\X_train_base.csv,data/processed\y_train.csv,train_oof,0.12060301142481507
Base_LR_SMOTE,Base,supervised,LR,SMOTE,17,22,0.36721558187950426,0.10286528667839359,0.26435029520111064,0.47008086855789777,0.5714285714285714,0.42857142857142855,TP,28,28,data/processed\X_train_base.csv,data/processed\y_train.csv,train_oof,0.12060301142481507
Base_LR_SMOTE,Base,supervised,LR,SMOTE,18,104,0.3654669025770228,0.16712378989859458,0.19834311267842822,0.5325906924756174,0.39285714285714285,0.6071428571428571,TP,28,28,data/processed\X_train_base.csv,data/processed\y_train.csv,train_oof,0.12060301142481507
Base_LR_SMOTE,Base,supervised,LR,SMOTE,19,448,0.3403492379928998,0.32687622184175097,0.013473016151148801,0.6672254598346509,0.75,0.25,TP,28,28,data/processed\X_train_base.csv,data/processed\y_train.csv,train_oof,0.12060301142481507
Base_LR_SMOTE,Base,supervised,LR,SMOTE,20,249,0.33927696051763767,5.660766230625399e-18,0.33927696051763767,0.33927696051763767,0.03571428571428571,0.9642857142857143,TP,28,28,data/processed\X_train_base.csv,data/processed\y_train.csv,train_oof,0.12060301142481507
Base_LR_SMOTE,Base,supervised,LR,SMOTE,21,280,0.33772123092551853,0.08088122092974138,0.2568400099957771,0.41860245185525985,0.6785714285714286,0.32142857142857145,TP,28,28,data/processed\X_train_base.csv,data/processed\y_train.csv,train_oof,0.12060301142481507
Base_LR_SMOTE,Base,supervised,LR,SMOTE,22,551,0.31880466177675126,0.04604194417176193,0.27276271760498927,0.36484660594851326,0.6071428571428571,0.39285714285714285,TP,28,28,data/processed\X_train_base.csv,data/processed\y_train.csv,train_oof,0.12060301142481507
Base_LR_SMOTE,Base,supervised,LR,SMOTE,23,14,0.3175239896428063,0.17867196598482657,0.1388520236579797,0.4961959556276328,0.5357142857142857,0.4642857142857143,TP,28,28,data/processed\X_train_base.csv,data/processed\y_train.csv,train_oof,0.12060301142481507
Base_LR_SMOTE,Base,supervised,LR,SMOTE,24,460,0.31475249083210305,0.16836152322614023,0.1463909676059628,0.48311401405824334,0.39285714285714285,0.6071428571428571,TP,28,28,data/processed\X_train_base.csv,data/processed\y_train.csv,train_oof,0.12060301142481507
Base_LR_SMOTE,Base,supervised,LR,SMOTE,25,26,0.3119065406307984,0.0732103970421852,0.2386961435886132,0.3851169376729836,0.25,0.75,TP,28,28,data/processed\X_train_base.csv,data/processed\y_train.csv,train_oof,0.12060301142481507
Base_LR_SMOTE,Base,supervised,LR,SMOTE,26,582,0.30566460547399693,0.16929561915037952,0.1363689863236174,0.47496022462437637,0.6071428571428571,0.39285714285714285,TP,28,28,data/processed\X_train_base.csv,data/processed\y_train.csv,train_oof,0.12060301142481507
Base_LR_SMOTE,Base,supervised,LR,SMOTE,27,108,0.2898638319098771,0.11569471230889954,0.17416911960097753,0.4055585442187765,0.7142857142857143,0.2857142857142857,TP,28,28,data/processed\X_train_base.csv,data/processed\y_train.csv,train_oof,0.12060301142481507
Base_LR_SMOTE,Base,supervised,LR,SMOTE,28,63,0.2893941100955416,0.0748920688465061,0.2145020412490355,0.3642861789420477,0.5,0.5,TP,28,28,data/processed\X_train_base.csv,data/processed\y_train.csv,train_oof,0.12060301142481507
Base_LR_SMOTE,Base,supervised,LR,SMOTE,29,57,0.2834800833129176,0.06657486995781235,0.21690521335510524,0.35005495327072983,0.6071428571428571,0.39285714285714285,TP,28,28,data/processed\X_train_base.csv,data/processed\y_train.csv,train_oof,0.12060301142481507
Base_LR_SMOTE,Base,supervised,LR,SMOTE,30,130,0.2820210117135518,0.106451342083929,0.17556966962962287,0.3884723537974808,0.6428571428571429,0.35714285714285715,TP,28,28,data/processed\X_train_base.csv,data/processed\y_train.csv,train_oof,0.12060301142481507
Base_LR_SMOTE,Base,supervised,LR,SMOTE,31,561,0.27872628172442726,0.19416342869287265,0.08456285303155453,0.4728897104172997,0.5,0.5,TP,28,28,data/processed\X_train_base.csv,data/processed\y_train.csv,train_oof,0.12060301142481507
Base_LR_SMOTE,Base,supervised,LR,SMOTE,32,304,0.278094617349099,0.2985696866086157,-0.020475069259516702,0.5766643039577145,0.5,0.5,TP,28,28,data/processed\X_train_base.csv,data/processed\y_train.csv,train_oof,0.12060301142481507
Base_LR_SMOTE,Base,supervised,LR,SMOTE,33,61,0.2760715645346984,0.12852310953211718,0.1475484550025812,0.40459467406681554,0.6071428571428571,0.39285714285714285,TP,28,28,data/processed\X_train_base.csv,data/processed\y_train.csv,train_oof,0.12060301142481507
Base_LR_SMOTE,Base,supervised,LR,SMOTE,34,485,0.27419440308238274,0.07305957620021601,0.20113482688216675,0.34725397928259877,0.8214285714285714,0.17857142857142858,TP,28,28,data/processed\X_train_base.csv,data/processed\y_train.csv,train_oof,0.12060301142481507
Base_LR_SMOTE,Base,supervised,LR,SMOTE,35,70,0.26795437232655805,0.08433002841532962,0.18362434391122842,0.3522844007418876,0.6785714285714286,0.32142857142857145,TP,28,28,data/processed\X_train_base.csv,data/processed\y_train.csv,train_oof,0.12060301142481507
Base_LR_SMOTE,Base,supervised,LR,SMOTE,36,366,0.26464134585349725,0.07324812775190062,0.19139321810159657,0.33788947360539795,0.5357142857142857,0.4642857142857143,TP,28,28,data/processed\X_train_base.csv,data/processed\y_train.csv,train_oof,0.12060301142481507
Base_LR_SMOTE,Base,supervised,LR,SMOTE,37,25,0.2616838930732517,0.5831486453593395,-0.32146475228608773,0.8448325384325912,0.75,0.25,TP,28,28,data/processed\X_train_base.csv,data/processed\y_train.csv,train_oof,0.12060301142481507
Base_LR_SMOTE,Base,supervised,LR,SMOTE,38,103,0.25613444411579056,0.015205101449504394,0.24092934266628616,0.271339545565295,0.8928571428571429,0.10714285714285714,TP,28,28,data/processed\X_train_base.csv,data/processed\y_train.csv,train_oof,0.12060301142481507
Base_LR_SMOTE,Base,supervised,LR,SMOTE,39,437,0.2513686427597865,0.12489557306076064,0.12647306969902586,0.3762642158205471,0.42857142857142855,0.5714285714285714,TP,28,28,data/processed\X_train_base.csv,data/processed\y_train.csv,train_oof,0.12060301142481507
Base_LR_SMOTE,Base,supervised,LR,SMOTE,40,75,0.250947386910273,0.08952721765587389,0.16142016925439912,0.34047460456614687,0.5357142857142857,0.4642857142857143,TP,28,28,data/processed\X_train_base.csv,data/processed\y_train.csv,train_oof,0.12060301142481507
Base_LR_SMOTE,Base,supervised,LR,SMOTE,41,563,0.25026346416608597,0.08580039613155356,0.16446306803453234,0.33606386029763946,0.6428571428571429,0.35714285714285715,TP,28,28,data/processed\X_train_base.csv,data/processed\y_train.csv,train_oof,0.12060301142481507
Base_LR_SMOTE,Base,supervised,LR,SMOTE,42,159,0.24896330366618732,0.08236111605875984,0.1666021876074275,0.3313244197249472,0.39285714285714285,0.6071428571428571,TP,28,28,data/processed\X_train_base.csv,data/processed\y_train.csv,train_oof,0.12060301142481507
Base_LR_SMOTE,Base,supervised,LR,SMOTE,43,21,0.2479227660727461,0.05480975085257286,0.19311301522017324,0.30273251692531894,0.6428571428571429,0.35714285714285715,TP,28,28,data/processed\X_train_base.csv,data/processed\y_train.csv,train_oof,0.12060301142481507
Base_LR_SMOTE,Base,supervised,LR,SMOTE,44,51,0.24352621715574002,0.17455622282228012,0.0689699943334599,0.4180824399780202,0.6428571428571429,0.35714285714285715,TP,28,28,data/processed\X_train_base.csv,data/processed\y_train.csv,train_oof,0.12060301142481507
Base_LR_SMOTE,Base,supervised,LR,SMOTE,45,19,0.2357560735316488,0.0012289969515454169,0.23452707658010336,0.2369850704831942,0.9642857142857143,0.03571428571428571,TP,28,28,data/processed\X_train_base.csv,data/processed\y_train.csv,train_oof,0.12060301142481507
Base_LR_SMOTE,Base,supervised,LR,SMOTE,46,60,0.235036340330588,0.3233580353409187,-0.08832169501033062,0.5583943756715066,0.39285714285714285,0.6071428571428571,TP,28,28,data/processed\X_train_base.csv,data/processed\y_train.csv,train_oof,0.12060301142481507
Base_LR_SMOTE,Base,supervised,LR,SMOTE,47,416,0.23399645195776161,0.13565044923108177,0.09834600272667982,0.3696469011888435,0.6071428571428571,0.39285714285714285,TP,28,28,data/processed\X_train_base.csv,data/processed\y_train.csv,train_oof,0.12060301142481507
Base_LR_SMOTE,Base,supervised,LR,SMOTE,48,NA_109,0.22770517309168772,0.3869136680988841,-0.15920849500719633,0.6146188411905718,0.21428571428571427,0.7857142857142857,TP,28,28,data/processed\X_train_base.csv,data/processed\y_train.csv,train_oof,0.12060301142481507
Base_LR_SMOTE,Base,supervised,LR,SMOTE,49,53,0.2187901675353118,0.2469186669328318,-0.028128499397519945,0.46570883446814365,0.5,0.5,TP,28,28,data/processed\X_train_base.csv,data/processed\y_train.csv,train_oof,0.12060301142481507
Base_LR_SMOTE,Base,supervised,LR,SMOTE,50,221,0.2186048135156587,0.3104140601564029,-0.09180924664074418,0.5290188736720617,0.5,0.5,TP,28,28,data/processed\X_train_base.csv,data/processed\y_train.csv,train_oof,0.12060301142481507
Base_LR_SMOTE,Base,supervised,LR,SMOTE,51,562,0.21667877165066524,0.10418633761898984,0.11249243403167535,0.32086510926965506,0.4642857142857143,0.5357142857142857,TP,28,28,data/processed\X_train_base.csv,data/processed\y_train.csv,train_oof,0.12060301142481507
Base_LR_SMOTE,Base,supervised,LR,SMOTE,52,40,0.2162512414869077,0.1268293100077493,0.08942193147915842,0.34308055149465694,0.35714285714285715,0.6428571428571429,TP,28,28,data/processed\X_train_base.csv,data/processed\y_train.csv,train_oof,0.12060301142481507
Base_LR_SMOTE,Base,supervised,LR,SMOTE,53,419,0.21490122903139322,0.10380359628984014,0.11109763274155303,0.3187048253212334,0.5714285714285714,0.42857142857142855,TP,28,28,data/processed\X_train_base.csv,data/processed\y_train.csv,train_oof,0.12060301142481507
Base_LR_SMOTE,Base,supervised,LR,SMOTE,54,282,0.21361016588941362,0.10131876447456493,0.1122914014148486,0.31492893036397857,0.5714285714285714,0.42857142857142855,TP,28,28,data/processed\X_train_base.csv,data/processed\y_train.csv,train_oof,0.12060301142481507
Base_LR_SMOTE,Base,supervised,LR,SMOTE,55,119,0.20993139189076948,0.12854161082229623,0.08138978106847321,0.33847300271306574,0.5714285714285714,0.42857142857142855,TP,28,28,data/processed\X_train_base.csv,data/processed\y_train.csv,train_oof,0.12060301142481507
Base_LR_SMOTE,Base,supervised,LR,SMOTE,56,511,0.2090471776324316,0.1296055618383694,0.07944161579406218,0.33865273947080093,0.5357142857142857,0.4642857142857143,TP,28,28,data/processed\X_train_base.csv,data/processed\y_train.csv,train_oof,0.12060301142481507
Base_LR_SMOTE,Base,supervised,LR,SMOTE,57,45,0.20768530324225096,0.2662779252375161,-0.0585926219952651,0.4739632284797671,0.5357142857142857,0.4642857142857143,TP,28,28,data/processed\X_train_base.csv,data/processed\y_train.csv,train_oof,0.12060301142481507
Base_LR_SMOTE,Base,supervised,LR,SMOTE,58,20,0.20589599006249562,0.0749870288635062,0.1309089611989894,0.2808830189260018,0.6785714285714286,0.32142857142857145,TP,28,28,data/processed\X_train_base.csv,data/processed\y_train.csv,train_oof,0.12060301142481507
Base_LR_SMOTE,Base,supervised,LR,SMOTE,59,337,0.2020797406237301,0.05644462918639158,0.14563511143733848,0.2585243698101217,0.42857142857142855,0.5714285714285714,TP,28,28,data/processed\X_train_base.csv,data/processed\y_train.csv,train_oof,0.12060301142481507
Base_LR_SMOTE,Base,supervised,LR,SMOTE,60,30,0.20061901787245087,0.2081675272730564,-0.00754850940060557,0.4087865451455072,0.42857142857142855,0.5714285714285714,TP,28,28,data/processed\X_train_base.csv,data/processed\y_train.csv,train_oof,0.12060301142481507
Base_LR_SMOTE,Base,supervised,LR,SMOTE,61,102,0.19956586546766103,0.12233685469705395,0.07722901077060705,0.32190272016471494,0.7857142857142857,0.21428571428571427,TP,28,28,data/processed\X_train_base.csv,data/processed\y_train.csv,train_oof,0.12060301142481507
Base_LR_SMOTE,Base,supervised,LR,SMOTE,62,560,0.1991829084673369,0.3984831389688811,-0.19930023050154416,0.597666047436218,0.5357142857142857,0.4642857142857143,TP,28,28,data/processed\X_train_base.csv,data/processed\y_train.csv,train_oof,0.12060301142481507
Base_LR_SMOTE,Base,supervised,LR,SMOTE,63,46,0.19746855065149843,0.280071370895598,-0.08260282024409961,0.47753992154709624,0.42857142857142855,0.5714285714285714,TP,28,28,data/processed\X_train_base.csv,data/processed\y_train.csv,train_oof,0.12060301142481507
Base_LR_SMOTE,Base,supervised,LR,SMOTE,64,447,0.19349191428624807,0.09384224042308865,0.09964967386315939,0.28733415470933676,0.6428571428571429,0.35714285714285715,TP,28,28,data/processed\X_train_base.csv,data/processed\y_train.csv,train_oof,0.12060301142481507
Base_LR_SMOTE,Base,supervised,LR,SMOTE,65,183,0.19048710557544307,0.08943719485938476,0.10104991071605832,0.27992430043482786,0.6785714285714286,0.32142857142857145,TP,28,28,data/processed\X_train_base.csv,data/processed\y_train.csv,train_oof,0.12060301142481507
Base_LR_SMOTE,Base,supervised,LR,SMOTE,66,32,0.19000199339298574,0.045062112068076164,0.1449398813249096,0.23506410546106196,0.5,0.5,TP,28,28,data/processed\X_train_base.csv,data/processed\y_train.csv,train_oof,0.12060301142481507
Base_LR_SMOTE,Base,supervised,LR,SMOTE,67,439,0.188848805908919,0.1819071890213539,0.00694161688756514,0.37075599493027317,0.6428571428571429,0.35714285714285715,TP,28,28,data/processed\X_train_base.csv,data/processed\y_train.csv,train_oof,0.12060301142481507
Base_LR_SMOTE,Base,supervised,LR,SMOTE,68,115,0.18779982337104012,0.07507062455617027,0.1127291988148698,0.2628704479272103,0.5714285714285714,0.42857142857142855,TP,28,28,data/processed\X_train_base.csv,data/processed\y_train.csv,train_oof,0.12060301142481507
Base_LR_SMOTE,Base,supervised,LR,SMOTE,69,38,0.17966030709116204,0.16084998429103212,0.018810322800129915,0.3405102913821942,0.6428571428571429,0.35714285714285715,TP,28,28,data/processed\X_train_base.csv,data/processed\y_train.csv,train_oof,0.12060301142481507
Base_LR_SMOTE,Base,supervised,LR,SMOTE,70,41,0.17234161908453244,0.045018618443184825,0.12732300064134758,0.2173602375277173,0.75,0.25,TP,28,28,data/processed\X_train_base.csv,data/processed\y_train.csv,train_oof,0.12060301142481507
Base_LR_SMOTE,Base,supervised,LR,SMOTE,71,80,0.1707574386531841,0.06778310149989039,0.10297433715329375,0.23854054015307447,0.5357142857142857,0.4642857142857143,TP,28,28,data/processed\X_train_base.csv,data/processed\y_train.csv,train_oof,0.12060301142481507
Base_LR_SMOTE,Base,supervised,LR,SMOTE,72,65,0.16566432520694427,0.44481495712610897,-0.27915063191916467,0.6104792823330533,0.35714285714285715,0.6428571428571429,TP,28,28,data/processed\X_train_base.csv,data/processed\y_train.csv,train_oof,0.12060301142481507
Base_LR_SMOTE,Base,supervised,LR,SMOTE,73,273,0.16346759573497205,0.21528032398108513,-0.051812728246113056,0.37874791971605715,0.17857142857142858,0.8214285714285714,TP,28,28,data/processed\X_train_base.csv,data/processed\y_train.csv,train_oof,0.12060301142481507
Base_LR_SMOTE,Base,supervised,LR,SMOTE,74,295,0.16054621079978326,0.020639454366792886,0.13990675643299041,0.18118566516657622,0.5714285714285714,0.42857142857142855,TP,28,28,data/processed\X_train_base.csv,data/processed\y_train.csv,train_oof,0.12060301142481507
Base_LR_SMOTE,Base,supervised,LR,SMOTE,75,43,0.15758161573546015,0.1993604312604886,-0.04177881552502848,0.35694204699594867,0.39285714285714285,0.6071428571428571,TP,28,28,data/processed\X_train_base.csv,data/processed\y_train.csv,train_oof,0.12060301142481507
Base_LR_SMOTE,Base,supervised,LR,SMOTE,76,144,0.15607053551375857,0.09236630716707593,0.06370422834668267,0.24843684268083452,0.6785714285714286,0.32142857142857145,TP,28,28,data/processed\X_train_base.csv,data/processed\y_train.csv,train_oof,0.12060301142481507
Base_LR_SMOTE,Base,supervised,LR,SMOTE,77,428,0.1546960449712397,0.004735699007683712,0.14996034596355598,0.1594317439789234,0.8214285714285714,0.17857142857142858,TP,28,28,data/processed\X_train_base.csv,data/processed\y_train.csv,train_oof,0.12060301142481507
Base_LR_SMOTE,Base,supervised,LR,SMOTE,78,474,0.1523742747958971,0.11681797495683645,0.035556299839060626,0.2691922497527336,0.2857142857142857,0.7142857142857143,TP,28,28,data/processed\X_train_base.csv,data/processed\y_train.csv,train_oof,0.12060301142481507
Base_LR_SMOTE,Base,supervised,LR,SMOTE,79,405,0.1513489171255348,0.11526986897257654,0.036079048152958225,0.2666187860981113,0.5357142857142857,0.4642857142857143,TP,28,28,data/processed\X_train_base.csv,data/processed\y_train.csv,train_oof,0.12060301142481507
Base_LR_SMOTE,Base,supervised,LR,SMOTE,80,200,0.1512803565347999,0.016070817884057283,0.13520953865074256,0.1673511744188572,0.75,0.25,TP,28,28,data/processed\X_train_base.csv,data/processed\y_train.csv,train_oof,0.12060301142481507
Base_LR_SMOTE,Base,supervised,LR,SMOTE,81,48,0.15103430040064025,0.14703677373402368,0.003997526666616589,0.29807107413466394,0.5,0.5,TP,28,28,data/processed\X_train_base.csv,data/processed\y_train.csv,train_oof,0.12060301142481507
Base_LR_SMOTE,Base,supervised,LR,SMOTE,82,122,0.14934735839514848,0.04080718101647357,0.10854017737867493,0.19015453941162205,0.6428571428571429,0.35714285714285715,TP,28,28,data/processed\X_train_base.csv,data/processed\y_train.csv,train_oof,0.12060301142481507
Base_LR_SMOTE,Base,supervised,LR,SMOTE,83,441,0.1478428944393413,0.08204089028411489,0.06580200415522638,0.2298837847234561,0.5357142857142857,0.4642857142857143,TP,28,28,data/processed\X_train_base.csv,data/processed\y_train.csv,train_oof,0.12060301142481507
Base_LR_SMOTE,Base,supervised,LR,SMOTE,84,490,0.14649405254909278,0.11304242542885226,0.033451627120240524,0.2595364779779451,0.4642857142857143,0.5357142857142857,TP,28,28,data/processed\X_train_base.csv,data/processed\y_train.csv,train_oof,0.12060301142481507
Base_LR_SMOTE,Base,supervised,LR,SMOTE,85,309,0.14578759467394667,0.36361954615513803,-0.21783195148119133,0.5094071408290846,0.32142857142857145,0.6785714285714286,TP,28,28,data/processed\X_train_base.csv,data/processed\y_train.csv,train_oof,0.12060301142481507
Base_LR_SMOTE,Base,supervised,LR,SMOTE,86,66,0.143982673129219,0.4079334396663429,-0.2639507665371239,0.5519161127955619,0.35714285714285715,0.6428571428571429,TP,28,28,data/processed\X_train_base.csv,data/processed\y_train.csv,train_oof,0.12060301142481507
Base_LR_SMOTE,Base,supervised,LR,SMOTE,87,33,0.1405331155891183,0.013652349200127475,0.12688076638899082,0.15418546478924577,0.5,0.5,TP,28,28,data/processed\X_train_base.csv,data/processed\y_train.csv,train_oof,0.12060301142481507
Base_LR_SMOTE,Base,supervised,LR,SMOTE,88,NA_578,0.13400146398143528,0.28916105385467594,-0.15515958987324074,0.4231625178361112,0.5,0.5,TP,28,28,data/processed\X_train_base.csv,data/processed\y_train.csv,train_oof,0.12060301142481507
Base_LR_SMOTE,Base,supervised,LR,SMOTE,89,68,0.1337221865885143,0.0544844533848413,0.07923773320367303,0.18820663997335565,0.5357142857142857,0.4642857142857143,TP,28,28,data/processed\X_train_base.csv,data/processed\y_train.csv,train_oof,0.12060301142481507
Base_LR_SMOTE,Base,supervised,LR,SMOTE,90,29,0.1256240673939087,0.17906874631879216,-0.05344467892488348,0.3046928137127009,0.5357142857142857,0.4642857142857143,TP,28,28,data/processed\X_train_base.csv,data/processed\y_train.csv,train_oof,0.12060301142481507
Base_LR_SMOTE,Base,supervised,LR,SMOTE,91,88,0.12396302098034055,0.07274182613350322,0.05122119484683734,0.1967048471138438,0.6785714285714286,0.32142857142857145,TP,28,28,data/processed\X_train_base.csv,data/processed\y_train.csv,train_oof,0.12060301142481507
Base_LR_SMOTE,Base,supervised,LR,SMOTE,92,488,0.12245674703984909,0.08254324514921826,0.03991350189063083,0.20499999218906736,0.6071428571428571,0.39285714285714285,TP,28,28,data/processed\X_train_base.csv,data/processed\y_train.csv,train_oof,0.12060301142481507
Base_LR_SMOTE,Base,supervised,LR,SMOTE,93,467,0.12138909971824967,0.008065047211455236,0.11332405250679443,0.1294541469297049,0.6428571428571429,0.35714285714285715,TP,28,28,data/processed\X_train_base.csv,data/processed\y_train.csv,train_oof,0.12060301142481507
Base_LR_SMOTE,Base,supervised,LR,SMOTE,94,472,0.12014704439927437,0.11414810458837281,0.005998939810901561,0.23429514898764717,0.4642857142857143,0.5357142857142857,TP,28,28,data/processed\X_train_base.csv,data/processed\y_train.csv,train_oof,0.12060301142481507
Base_LR_SMOTE,Base,supervised,LR,SMOTE,95,16,0.11996221906367151,0.11231140617479778,0.007650812888873713,0.23227362523846934,0.4642857142857143,0.5357142857142857,TP,28,28,data/processed\X_train_base.csv,data/processed\y_train.csv,train_oof,0.12060301142481507
Base_LR_SMOTE,Base,supervised,LR,SMOTE,96,586,0.11990644853499186,0.13287863316333243,-0.012972184628340613,0.25278508169832414,0.5,0.5,TP,28,28,data/processed\X_train_base.csv,data/processed\y_train.csv,train_oof,0.12060301142481507
Base_LR_SMOTE,Base,supervised,LR,SMOTE,97,0,0.11887300614775989,0.07209042103171841,0.04678258511604146,0.19096342717947828,0.6428571428571429,0.35714285714285715,TP,28,28,data/processed\X_train_base.csv,data/processed\y_train.csv,train_oof,0.12060301142481507
Base_LR_SMOTE,Base,supervised,LR,SMOTE,98,547,0.11650809216189652,0.05598171042882021,0.06052638173307633,0.17248980259071675,0.6071428571428571,0.39285714285714285,TP,28,28,data/processed\X_train_base.csv,data/processed\y_train.csv,train_oof,0.12060301142481507
Base_LR_SMOTE,Base,supervised,LR,SMOTE,99,173,0.1138035794488375,0.08824106035825492,0.025562519090582596,0.20204463980709245,0.5357142857142857,0.4642857142857143,TP,28,28,data/processed\X_train_base.csv,data/processed\y_train.csv,train_oof,0.12060301142481507
Base_LR_SMOTE,Base,supervised,LR,SMOTE,100,522,0.11161626932698311,0.08235211710386935,0.029264152223113786,0.19396838643085249,0.4642857142857143,0.5357142857142857,TP,28,28,data/processed\X_train_base.csv,data/processed\y_train.csv,train_oof,0.12060301142481507
Base_LR_SMOTE,Base,supervised,LR,SMOTE,101,217,0.1110132695232086,0.1440932074547964,-0.03307993793158779,0.255106476978005,0.2857142857142857,0.7142857142857143,TP,28,28,data/processed\X_train_base.csv,data/processed\y_train.csv,train_oof,0.12060301142481507
Base_LR_SMOTE,Base,supervised,LR,SMOTE,102,486,0.1102784705385401,0.17519952730060528,-0.06492105676206518,0.28547799783914535,0.32142857142857145,0.6785714285714286,TP,28,28,data/processed\X_train_base.csv,data/processed\y_train.csv,train_oof,0.12060301142481507
Base_LR_SMOTE,Base,supervised,LR,SMOTE,103,296,0.10998259113695068,0.09553670654624624,0.014445884590704434,0.20551929768319693,0.6428571428571429,0.35714285714285715,TP,28,28,data/processed\X_train_base.csv,data/processed\y_train.csv,train_oof,0.12060301142481507
Base_LR_SMOTE,Base,supervised,LR,SMOTE,104,487,0.10788736283311548,0.10631250419374912,0.0015748586393663619,0.21419986702686458,0.25,0.75,TP,28,28,data/processed\X_train_base.csv,data/processed\y_train.csv,train_oof,0.12060301142481507
Base_LR_SMOTE,Base,supervised,LR,SMOTE,105,58,0.10552828251106987,0.09271882225034565,0.012809460260724213,0.1982471047614156,0.5,0.5,TP,28,28,data/processed\X_train_base.csv,data/processed\y_train.csv,train_oof,0.12060301142481507
Base_LR_SMOTE,Base,supervised,LR,SMOTE,106,452,0.10502505767909187,0.13460775451229448,-0.029582696833202655,0.23963281219138638,0.35714285714285715,0.6428571428571429,TP,28,28,data/processed\X_train_base.csv,data/processed\y_train.csv,train_oof,0.12060301142481507
Base_LR_SMOTE,Base,supervised,LR,SMOTE,107,497,0.10359629969630753,0.11411374838500662,-0.010517448688699086,0.21771004808131414,0.4642857142857143,0.5357142857142857,TP,28,28,data/processed\X_train_base.csv,data/processed\y_train.csv,train_oof,0.12060301142481507
Base_LR_SMOTE,Base,supervised,LR,SMOTE,108,544,0.10353909665774416,0.2536707868114733,-0.15013169015372924,0.3572098834692175,0.7142857142857143,0.2857142857142857,TP,28,28,data/processed\X_train_base.csv,data/processed\y_train.csv,train_oof,0.12060301142481507
Base_LR_SMOTE,Base,supervised,LR,SMOTE,109,96,0.10292497450089086,0.10357996747842903,-0.0006549929775381906,0.20650494197931993,0.5357142857142857,0.4642857142857143,TP,28,28,data/processed\X_train_base.csv,data/processed\y_train.csv,train_oof,0.12060301142481507
Base_LR_SMOTE,Base,supervised,LR,SMOTE,110,542,0.10287670148649834,0.039778247375202476,0.0630984541112958,0.14265494886170085,0.7857142857142857,0.21428571428571427,TP,28,28,data/processed\X_train_base.csv,data/processed\y_train.csv,train_oof,0.12060301142481507
Base_LR_SMOTE,Base,supervised,LR,SMOTE,111,566,0.10256462414361232,0.10097540750153093,0.0015892166420813727,0.2035400316451432,0.4642857142857143,0.5357142857142857,TP,28,28,data/processed\X_train_base.csv,data/processed\y_train.csv,train_oof,0.12060301142481507
Base_LR_SMOTE,Base,supervised,LR,SMOTE,112,125,0.10205038351925151,0.054196176967568836,0.047854206551682654,0.15624656048682034,0.6428571428571429,0.35714285714285715,TP,28,28,data/processed\X_train_base.csv,data/processed\y_train.csv,train_oof,0.12060301142481507
Base_LR_SMOTE,Base,supervised,LR,SMOTE,113,368,0.09598554887190566,0.2191498015462505,-0.12316425267434485,0.31513535041815605,0.32142857142857145,0.6785714285714286,TP,28,28,data/processed\X_train_base.csv,data/processed\y_train.csv,train_oof,0.12060301142481507
Base_LR_SMOTE,Base,supervised,LR,SMOTE,114,548,0.09430757437109367,0.08270329904446835,0.011604275326625304,0.17701087341556204,0.6785714285714286,0.32142857142857145,TP,28,28,data/processed\X_train_base.csv,data/processed\y_train.csv,train_oof,0.12060301142481507
Base_LR_SMOTE,Base,supervised,LR,SMOTE,115,302,0.09226336501988064,0.042415197227092416,0.04984816779278824,0.13467856224697303,0.39285714285714285,0.6071428571428571,TP,28,28,data/processed\X_train_base.csv,data/processed\y_train.csv,train_oof,0.12060301142481507
Base_LR_SMOTE,Base,supervised,LR,SMOTE,116,31,0.09196592849981262,0.07057298878001958,0.021392939719793034,0.16253891727983213,0.8571428571428571,0.14285714285714285,TP,28,28,data/processed\X_train_base.csv,data/processed\y_train.csv,train_oof,0.12060301142481507
Base_LR_SMOTE,Base,supervised,LR,SMOTE,117,489,0.09132828755393156,0.06696547608363915,0.024362811470292435,0.15829376363757072,0.32142857142857145,0.6785714285714286,TP,28,28,data/processed\X_train_base.csv,data/processed\y_train.csv,train_oof,0.12060301142481507
Base_LR_SMOTE,Base,supervised,LR,SMOTE,118,181,0.09009812698375118,0.04768321955243267,0.042414907431318524,0.13778134653618385,0.6428571428571429,0.35714285714285715,TP,28,28,data/processed\X_train_base.csv,data/processed\y_train.csv,train_oof,0.12060301142481507
Base_LR_SMOTE,Base,supervised,LR,SMOTE,119,510,0.08966382486149217,0.013114546463491526,0.07654927839800064,0.10277837132498373,0.6071428571428571,0.39285714285714285,TP,28,28,data/processed\X_train_base.csv,data/processed\y_train.csv,train_oof,0.12060301142481507
Base_LR_SMOTE,Base,supervised,LR,SMOTE,120,78,0.08905524714746973,0.07217471211479089,0.016880535032678855,0.16122995926226064,0.5357142857142857,0.4642857142857143,TP,28,28,data/processed\X_train_base.csv,data/processed\y_train.csv,train_oof,0.12060301142481507
Base_LR_SMOTE,Base,supervised,LR,SMOTE,121,182,0.08728594046767069,0.038731568346992984,0.04855437212067771,0.1260175088146637,0.7142857142857143,0.2857142857142857,TP,28,28,data/processed\X_train_base.csv,data/processed\y_train.csv,train_oof,0.12060301142481507
Base_LR_SMOTE,Base,supervised,LR,SMOTE,122,269,0.08678730240665253,0.12055675305147977,-0.033769450644827274,0.20734405545813228,0.4642857142857143,0.5357142857142857,TP,28,28,data/processed\X_train_base.csv,data/processed\y_train.csv,train_oof,0.12060301142481507
Base_LR_SMOTE,Base,supervised,LR,SMOTE,123,2,0.08674269235394638,0.11805705219682842,-0.03131435984288207,0.2047997445507748,0.4642857142857143,0.5357142857142857,TP,28,28,data/processed\X_train_base.csv,data/processed\y_train.csv,train_oof,0.12060301142481507
Base_LR_SMOTE,Base,supervised,LR,SMOTE,124,248,0.08596983248007792,0.3167490779788678,-0.23077924549878995,0.4027189104589457,0.4642857142857143,0.5357142857142857,TP,28,28,data/processed\X_train_base.csv,data/processed\y_train.csv,train_oof,0.12060301142481507
Base_LR_SMOTE,Base,supervised,LR,SMOTE,125,124,0.08469102705668448,0.17121916966774367,-0.0865281426110592,0.2559101967244281,0.42857142857142855,0.5714285714285714,TP,28,28,data/processed\X_train_base.csv,data/processed\y_train.csv,train_oof,0.12060301142481507
Base_LR_SMOTE,Base,supervised,LR,SMOTE,126,393,0.0830476995877377,0.0685530339969828,0.014494665590754865,0.15160073358472048,0.42857142857142855,0.5714285714285714,TP,28,28,data/processed\X_train_base.csv,data/processed\y_train.csv,train_oof,0.12060301142481507
Base_LR_SMOTE,Base,supervised,LR,SMOTE,127,423,0.08220623333950193,0.053231435729636435,0.0289747976098655,0.13543766906913837,0.5,0.5,TP,28,28,data/processed\X_train_base.csv,data/processed\y_train.csv,train_oof,0.12060301142481507
Base_LR_SMOTE,Base,supervised,LR,SMOTE,128,577,0.07988754529667094,0.06889800887645411,0.010989536420216797,0.14878555417312506,0.7142857142857143,0.2857142857142857,TP,28,28,data/processed\X_train_base.csv,data/processed\y_train.csv,train_oof,0.12060301142481507
Base_LR_SMOTE,Base,supervised,LR,SMOTE,129,212,0.07967887176654612,0.08110472727411515,-0.001425855507569038,0.16078359904066128,0.5714285714285714,0.42857142857142855,TP,28,28,data/processed\X_train_base.csv,data/processed\y_train.csv,train_oof,0.12060301142481507
Base_LR_SMOTE,Base,supervised,LR,SMOTE,130,92,0.07907523147509747,0.07131962232132148,0.00775560915377599,0.1503948537964189,0.6071428571428571,0.39285714285714285,TP,28,28,data/processed\X_train_base.csv,data/processed\y_train.csv,train_oof,0.12060301142481507
Base_LR_SMOTE,Base,supervised,LR,SMOTE,131,484,0.07847624840026422,0.020571049459967256,0.05790519894029694,0.09904729786023146,0.7857142857142857,0.21428571428571427,TP,28,28,data/processed\X_train_base.csv,data/processed\y_train.csv,train_oof,0.12060301142481507
Base_LR_SMOTE,Base,supervised,LR,SMOTE,132,87,0.07838421635250058,0.14799784586782347,-0.06961362951532292,0.22638206222032406,0.6071428571428571,0.39285714285714285,TP,28,28,data/processed\X_train_base.csv,data/processed\y_train.csv,train_oof,0.12060301142481507
Base_LR_SMOTE,Base,supervised,LR,SMOTE,133,77,0.07795130589910963,0.11906157901664911,-0.04111027311753946,0.19701288491575877,0.5,0.5,TP,28,28,data/processed\X_train_base.csv,data/processed\y_train.csv,train_oof,0.12060301142481507
Base_LR_SMOTE,Base,supervised,LR,SMOTE,134,349,0.07664980567003492,0.04042516944640508,0.03622463622362985,0.11707497511644002,0.6071428571428571,0.39285714285714285,TP,28,28,data/processed\X_train_base.csv,data/processed\y_train.csv,train_oof,0.12060301142481507
Base_LR_SMOTE,Base,supervised,LR,SMOTE,135,165,0.07613148232935874,0.2984564043857649,-0.22232492205640614,0.3745878867151236,0.7857142857142857,0.21428571428571427,TP,28,28,data/processed\X_train_base.csv,data/processed\y_train.csv,train_oof,0.12060301142481507
Base_LR_SMOTE,Base,supervised,LR,SMOTE,136,499,0.07307200801874777,0.03767668565795805,0.03539532236078974,0.11074869367670577,0.6785714285714286,0.32142857142857145,TP,28,28,data/processed\X_train_base.csv,data/processed\y_train.csv,train_oof,0.12060301142481507
Base_LR_SMOTE,Base,supervised,LR,SMOTE,137,438,0.07128696939437863,0.17517776573459543,-0.10389079634021688,0.24646473512897402,0.5357142857142857,0.4642857142857143,TP,28,28,data/processed\X_train_base.csv,data/processed\y_train.csv,train_oof,0.12060301142481507
Base_LR_SMOTE,Base,supervised,LR,SMOTE,138,254,0.0694321924708612,0.12073658159222622,-0.05130438912136503,0.19016877406308746,0.42857142857142855,0.5714285714285714,TP,28,28,data/processed\X_train_base.csv,data/processed\y_train.csv,train_oof,0.12060301142481507
Base_LR_SMOTE,Base,supervised,LR,SMOTE,139,500,0.06787609185548334,0.08133033543713475,-0.013454243581651421,0.1492064272926181,0.39285714285714285,0.6071428571428571,TP,28,28,data/processed\X_train_base.csv,data/processed\y_train.csv,train_oof,0.12060301142481507
Base_LR_SMOTE,Base,supervised,LR,SMOTE,140,324,0.06768040203986812,0.13043018266859271,-0.06274978062872456,0.19811058470846085,0.32142857142857145,0.6785714285714286,TP,28,28,data/processed\X_train_base.csv,data/processed\y_train.csv,train_oof,0.12060301142481507
Base_LR_SMOTE,Base,supervised,LR,SMOTE,141,473,0.0674633060154685,0.08393270216544171,-0.01646939614997322,0.15139600818091023,0.25,0.75,TP,28,28,data/processed\X_train_base.csv,data/processed\y_train.csv,train_oof,0.12060301142481507
Base_LR_SMOTE,Base,supervised,LR,SMOTE,142,184,0.06693664172863352,0.04121155441615908,0.025725087312474443,0.10814819614479261,0.7142857142857143,0.2857142857142857,TP,28,28,data/processed\X_train_base.csv,data/processed\y_train.csv,train_oof,0.12060301142481507
Base_LR_SMOTE,Base,supervised,LR,SMOTE,143,316,0.06635269973091053,0.05557050130807177,0.010782198422838753,0.12192320103898231,0.6071428571428571,0.39285714285714285,TP,28,28,data/processed\X_train_base.csv,data/processed\y_train.csv,train_oof,0.12060301142481507
Base_LR_SMOTE,Base,supervised,LR,SMOTE,144,332,0.06547072595670793,0.36551092873409896,-0.30004020277739096,0.4309816546908069,0.5714285714285714,0.42857142857142855,TP,28,28,data/processed\X_train_base.csv,data/processed\y_train.csv,train_oof,0.12060301142481507
Base_LR_SMOTE,Base,supervised,LR,SMOTE,145,480,0.06480446712521776,0.08808125564522455,-0.023276788520006808,0.1528857227704423,0.5357142857142857,0.4642857142857143,TP,28,28,data/processed\X_train_base.csv,data/processed\y_train.csv,train_oof,0.12060301142481507
Base_LR_SMOTE,Base,supervised,LR,SMOTE,146,425,0.0644858074931885,0.03526739278140744,0.02921841471178106,0.09975320027459596,0.4642857142857143,0.5357142857142857,TP,28,28,data/processed\X_train_base.csv,data/processed\y_train.csv,train_oof,0.12060301142481507
Base_LR_SMOTE,Base,supervised,LR,SMOTE,147,55,0.06175079151342727,0.09011770636687297,-0.02836691485344572,0.15186849788030024,0.39285714285714285,0.6071428571428571,TP,28,28,data/processed\X_train_base.csv,data/processed\y_train.csv,train_oof,0.12060301142481507
Base_LR_SMOTE,Base,supervised,LR,SMOTE,148,367,0.06104734531185625,0.04051694633169969,0.020530398980156572,0.10156429164355595,0.6071428571428571,0.39285714285714285,TP,28,28,data/processed\X_train_base.csv,data/processed\y_train.csv,train_oof,0.12060301142481507
Base_LR_SMOTE,Base,supervised,LR,SMOTE,149,406,0.061011916321578256,0.09399293904243007,-0.0329810227208518,0.15500485536400826,0.6071428571428571,0.39285714285714285,TP,28,28,data/processed\X_train_base.csv,data/processed\y_train.csv,train_oof,0.12060301142481507
Base_LR_SMOTE,Base,supervised,LR,SMOTE,150,120,0.0607965646638114,0.03902523749961725,0.021771327164194155,0.09982180216342863,0.6428571428571429,0.35714285714285715,TP,28,28,data/processed\X_train_base.csv,data/processed\y_train.csv,train_oof,0.12060301142481507
Base_LR_SMOTE,Base,supervised,LR,SMOTE,151,126,0.05954925441211363,0.09015799342941765,-0.030608739017303987,0.14970724784153128,0.4642857142857143,0.5357142857142857,TP,28,28,data/processed\X_train_base.csv,data/processed\y_train.csv,train_oof,0.12060301142481507
Base_LR_SMOTE,Base,supervised,LR,SMOTE,152,NA_72,0.05731749522336902,0.06413362979047237,-0.006816134567103345,0.1214511250138414,0.35714285714285715,0.6428571428571429,TP,28,28,data/processed\X_train_base.csv,data/processed\y_train.csv,train_oof,0.12060301142481507
Base_LR_SMOTE,Base,supervised,LR,SMOTE,153,81,0.05697513929078316,0.07614414214609333,-0.019169002855310185,0.13311928143687649,0.5,0.5,TP,28,28,data/processed\X_train_base.csv,data/processed\y_train.csv,train_oof,0.12060301142481507
Base_LR_SMOTE,Base,supervised,LR,SMOTE,154,227,0.05674913672761946,0.08149932480854996,-0.024750188080930484,0.1382484615361694,0.35714285714285715,0.6428571428571429,TP,28,28,data/processed\X_train_base.csv,data/processed\y_train.csv,train_oof,0.12060301142481507
Base_LR_SMOTE,Base,supervised,LR,SMOTE,155,376,0.05621537512506695,0.0511862513458722,0.005029123779194759,0.10740162647093911,0.5,0.5,TP,28,28,data/processed\X_train_base.csv,data/processed\y_train.csv,train_oof,0.12060301142481507
Base_LR_SMOTE,Base,supervised,LR,SMOTE,156,84,0.0559099063194007,0.08058715559702033,-0.024677249277619585,0.13649706191642103,0.4642857142857143,0.5357142857142857,TP,28,28,data/processed\X_train_base.csv,data/processed\y_train.csv,train_oof,0.12060301142481507
Base_LR_SMOTE,Base,supervised,LR,SMOTE,157,24,0.05566336954120121,0.030695843859814716,0.02496752568138649,0.08635921340101592,0.4642857142857143,0.5357142857142857,TP,28,28,data/processed\X_train_base.csv,data/processed\y_train.csv,train_oof,0.12060301142481507
Base_LR_SMOTE,Base,supervised,LR,SMOTE,158,571,0.05565041741345901,0.036088545225295324,0.01956187218816369,0.09173896263875433,0.39285714285714285,0.6071428571428571,TP,28,28,data/processed\X_train_base.csv,data/processed\y_train.csv,train_oof,0.12060301142481507
Base_LR_SMOTE,Base,supervised,LR,SMOTE,159,553,0.05535543123359996,0.1904433327949242,-0.13508790156132425,0.2457987640285241,0.5357142857142857,0.4642857142857143,TP,28,28,data/processed\X_train_base.csv,data/processed\y_train.csv,train_oof,0.12060301142481507
Base_LR_SMOTE,Base,supervised,LR,SMOTE,160,483,0.054992999937965845,0.0276489295206227,0.027344070417343137,0.08264192945858854,0.8214285714285714,0.17857142857142858,TP,28,28,data/processed\X_train_base.csv,data/processed\y_train.csv,train_oof,0.12060301142481507
Base_LR_SMOTE,Base,supervised,LR,SMOTE,161,101,0.054310695388642985,0.015733212903092975,0.038577482485550006,0.07004390829173597,0.7857142857142857,0.21428571428571427,TP,28,28,data/processed\X_train_base.csv,data/processed\y_train.csv,train_oof,0.12060301142481507
Base_LR_SMOTE,Base,supervised,LR,SMOTE,162,476,0.054011079314292436,0.1426608394044038,-0.08864976009011137,0.19667191871869624,0.5714285714285714,0.42857142857142855,TP,28,28,data/processed\X_train_base.csv,data/processed\y_train.csv,train_oof,0.12060301142481507
Base_LR_SMOTE,Base,supervised,LR,SMOTE,163,156,0.052257892608663405,0.04100078880279827,0.011257103805865141,0.09325868141146168,0.32142857142857145,0.6785714285714286,TP,28,28,data/processed\X_train_base.csv,data/processed\y_train.csv,train_oof,0.12060301142481507
Base_LR_SMOTE,Base,supervised,LR,SMOTE,164,354,0.05194997551515862,0.07472327248493875,-0.022773296969780123,0.1266732480000974,0.5714285714285714,0.42857142857142855,TP,28,28,data/processed\X_train_base.csv,data/processed\y_train.csv,train_oof,0.12060301142481507
Base_LR_SMOTE,Base,supervised,LR,SMOTE,165,116,0.051743966097203234,0.03290662240628689,0.01883734369091634,0.08465058850349012,0.10714285714285714,0.8928571428571429,TP,28,28,data/processed\X_train_base.csv,data/processed\y_train.csv,train_oof,0.12060301142481507
Base_LR_SMOTE,Base,supervised,LR,SMOTE,166,90,0.0512343970785588,0.08993849568628114,-0.038704098607722386,0.14117289276483994,0.42857142857142855,0.5714285714285714,TP,28,28,data/processed\X_train_base.csv,data/processed\y_train.csv,train_oof,0.12060301142481507
Base_LR_SMOTE,Base,supervised,LR,SMOTE,167,223,0.050318705413727335,0.040542022086566085,0.009776683327161263,0.09086072750029342,0.5714285714285714,0.42857142857142855,TP,28,28,data/processed\X_train_base.csv,data/processed\y_train.csv,train_oof,0.12060301142481507
Base_LR_SMOTE,Base,supervised,LR,SMOTE,168,377,0.04906334738609911,0.013794622308555398,0.03526872507754371,0.0628579696946545,0.7142857142857143,0.2857142857142857,TP,28,28,data/processed\X_train_base.csv,data/processed\y_train.csv,train_oof,0.12060301142481507
Base_LR_SMOTE,Base,supervised,LR,SMOTE,169,6,0.048872949850143683,0.060199496669086854,-0.01132654681894316,0.10907244651923051,0.35714285714285715,0.6428571428571429,TP,28,28,data/processed\X_train_base.csv,data/processed\y_train.csv,train_oof,0.12060301142481507
Base_LR_SMOTE,Base,supervised,LR,SMOTE,170,353,0.048048518474351695,0.07422003477866368,-0.02617151630431198,0.12226855325301542,0.32142857142857145,0.6785714285714286,TP,28,28,data/processed\X_train_base.csv,data/processed\y_train.csv,train_oof,0.12060301142481507
Base_LR_SMOTE,Base,supervised,LR,SMOTE,171,134,0.048036750092768914,0.013821761032477089,0.03421498906029182,0.06185851112524599,0.75,0.25,TP,28,28,data/processed\X_train_base.csv,data/processed\y_train.csv,train_oof,0.12060301142481507
Base_LR_SMOTE,Base,supervised,LR,SMOTE,172,323,0.04655095852997059,0.03201892885730117,0.014532029672669419,0.07856988738727175,0.5,0.5,TP,28,28,data/processed\X_train_base.csv,data/processed\y_train.csv,train_oof,0.12060301142481507
Base_LR_SMOTE,Base,supervised,LR,SMOTE,173,344,0.0462852882814311,0.07297690538096084,-0.026691617099529746,0.11926219366239199,0.4642857142857143,0.5357142857142857,TP,28,28,data/processed\X_train_base.csv,data/processed\y_train.csv,train_oof,0.12060301142481507
Base_LR_SMOTE,Base,supervised,LR,SMOTE,174,131,0.044542793974447326,0.11290360972689795,-0.06836081575245063,0.1574464037013453,0.32142857142857145,0.6785714285714286,TP,28,28,data/processed\X_train_base.csv,data/processed\y_train.csv,train_oof,0.12060301142481507
Base_LR_SMOTE,Base,supervised,LR,SMOTE,175,3,0.043322676848339514,0.047351004714180425,-0.004028327865840907,0.09067368156251995,0.5357142857142857,0.4642857142857143,TP,28,28,data/processed\X_train_base.csv,data/processed\y_train.csv,train_oof,0.12060301142481507
Base_LR_SMOTE,Base,supervised,LR,SMOTE,176,418,0.04178264862183195,0.03679487315275385,0.004987775469078105,0.0785775217745858,0.5714285714285714,0.42857142857142855,TP,28,28,data/processed\X_train_base.csv,data/processed\y_train.csv,train_oof,0.12060301142481507
Base_LR_SMOTE,Base,supervised,LR,SMOTE,177,37,0.04145254954019741,0.012971720899479334,0.02848082864071808,0.054424270439676736,0.6785714285714286,0.32142857142857145,TP,28,28,data/processed\X_train_base.csv,data/processed\y_train.csv,train_oof,0.12060301142481507
Base_LR_SMOTE,Base,supervised,LR,SMOTE,178,NA_85,0.041363978469141326,0.03906597966530014,0.002297998803841196,0.0804299581344415,0.8571428571428571,0.14285714285714285,TP,28,28,data/processed\X_train_base.csv,data/processed\y_train.csv,train_oof,0.12060301142481507
Base_LR_SMOTE,Base,supervised,LR,SMOTE,179,424,0.03930466750430744,0.030352703656123487,0.008951963848183952,0.06965737116043093,0.6071428571428571,0.39285714285714285,TP,28,28,data/processed\X_train_base.csv,data/processed\y_train.csv,train_oof,0.12060301142481507
Base_LR_SMOTE,Base,supervised,LR,SMOTE,180,468,0.03853489551770926,0.1144652133985968,-0.07593031788088757,0.15300010891630608,0.17857142857142858,0.8214285714285714,TP,28,28,data/processed\X_train_base.csv,data/processed\y_train.csv,train_oof,0.12060301142481507
Base_LR_SMOTE,Base,supervised,LR,SMOTE,181,482,0.038179972702402656,0.03439654931201703,0.0037834233903856194,0.07257652201441968,0.4642857142857143,0.5357142857142857,TP,28,28,data/processed\X_train_base.csv,data/processed\y_train.csv,train_oof,0.12060301142481507
Base_LR_SMOTE,Base,supervised,LR,SMOTE,182,588,0.037939497635451604,0.020903017209766683,0.017036480425684904,0.05884251484521829,0.5357142857142857,0.4642857142857143,TP,28,28,data/processed\X_train_base.csv,data/processed\y_train.csv,train_oof,0.12060301142481507
Base_LR_SMOTE,Base,supervised,LR,SMOTE,183,352,0.03768178721007616,0.06529913404650017,-0.02761734683642401,0.10298092125657632,0.39285714285714285,0.6071428571428571,TP,28,28,data/processed\X_train_base.csv,data/processed\y_train.csv,train_oof,0.12060301142481507
Base_LR_SMOTE,Base,supervised,LR,SMOTE,184,338,0.03670750345790613,0.15756060336506156,-0.12085309990715543,0.19426810682296766,0.6428571428571429,0.35714285714285715,TP,28,28,data/processed\X_train_base.csv,data/processed\y_train.csv,train_oof,0.12060301142481507
Base_LR_SMOTE,Base,supervised,LR,SMOTE,185,552,0.03568311103562543,0.05022450778339645,-0.014541396747771024,0.08590761881902187,0.6071428571428571,0.39285714285714285,TP,28,28,data/processed\X_train_base.csv,data/processed\y_train.csv,train_oof,0.12060301142481507
Base_LR_SMOTE,Base,supervised,LR,SMOTE,186,277,0.03550815240788716,0.01688385093754001,0.01862430147034716,0.05239200334542717,0.6785714285714286,0.32142857142857145,TP,28,28,data/processed\X_train_base.csv,data/processed\y_train.csv,train_oof,0.12060301142481507
Base_LR_SMOTE,Base,supervised,LR,SMOTE,187,128,0.034986448120342496,0.11253954817983106,-0.07755310005948855,0.14752599630017355,0.32142857142857145,0.6785714285714286,TP,28,28,data/processed\X_train_base.csv,data/processed\y_train.csv,train_oof,0.12060301142481507
Base_LR_SMOTE,Base,supervised,LR,SMOTE,188,310,0.0323902549452518,0.03073945749277703,0.0016507974524747789,0.06312971243802883,0.5357142857142857,0.4642857142857143,TP,28,28,data/processed\X_train_base.csv,data/processed\y_train.csv,train_oof,0.12060301142481507
Base_LR_SMOTE,Base,supervised,LR,SMOTE,189,213,0.03193192771660301,0.011419887592316784,0.020512040124286226,0.0433518153089198,0.35714285714285715,0.6428571428571429,TP,28,28,data/processed\X_train_base.csv,data/processed\y_train.csv,train_oof,0.12060301142481507
Base_LR_SMOTE,Base,supervised,LR,SMOTE,190,525,0.03067675369549747,0.01677403123524685,0.013902722460250622,0.04745078493074432,0.5357142857142857,0.4642857142857143,TP,28,28,data/processed\X_train_base.csv,data/processed\y_train.csv,train_oof,0.12060301142481507
Base_LR_SMOTE,Base,supervised,LR,SMOTE,191,83,0.03026690447562933,0.017546313621685173,0.01272059085394415,0.047813218097314515,0.6428571428571429,0.35714285714285715,TP,28,28,data/processed\X_train_base.csv,data/processed\y_train.csv,train_oof,0.12060301142481507
Base_LR_SMOTE,Base,supervised,LR,SMOTE,192,288,0.03020754890714695,0.044716426336290825,-0.014508877429143882,0.07492397524343777,0.42857142857142855,0.5714285714285714,TP,28,28,data/processed\X_train_base.csv,data/processed\y_train.csv,train_oof,0.12060301142481507
Base_LR_SMOTE,Base,supervised,LR,SMOTE,193,113,0.029948590846559812,0.02553117204247606,0.004417418804083761,0.055479762889035875,0.6428571428571429,0.35714285714285715,TP,28,28,data/processed\X_train_base.csv,data/processed\y_train.csv,train_oof,0.12060301142481507
Base_LR_SMOTE,Base,supervised,LR,SMOTE,194,47,0.028131903500219473,0.01638069845334164,0.01175120504687784,0.044512601953561125,0.6785714285714286,0.32142857142857145,TP,28,28,data/processed\X_train_base.csv,data/processed\y_train.csv,train_oof,0.12060301142481507
Base_LR_SMOTE,Base,supervised,LR,SMOTE,195,86,0.027956105906645136,0.036572718511004576,-0.008616612604359438,0.0645288244176497,0.42857142857142855,0.5714285714285714,TP,28,28,data/processed\X_train_base.csv,data/processed\y_train.csv,train_oof,0.12060301142481507
Base_LR_SMOTE,Base,supervised,LR,SMOTE,196,107,0.026754706049962104,0.05681762571321817,-0.030062919663256055,0.08357233176318025,0.42857142857142855,0.5714285714285714,TP,28,28,data/processed\X_train_base.csv,data/processed\y_train.csv,train_oof,0.12060301142481507
Base_LR_SMOTE,Base,supervised,LR,SMOTE,197,589,0.026623212688156678,0.03428662642318909,-0.0076634137350324125,0.06090983911134575,0.6071428571428571,0.39285714285714285,TP,28,28,data/processed\X_train_base.csv,data/processed\y_train.csv,train_oof,0.12060301142481507
Base_LR_SMOTE,Base,supervised,LR,SMOTE,198,95,0.02608197515541619,0.1624778780173468,-0.13639590286193062,0.188559853172763,0.2857142857142857,0.7142857142857143,TP,28,28,data/processed\X_train_base.csv,data/processed\y_train.csv,train_oof,0.12060301142481507
Base_LR_SMOTE,Base,supervised,LR,SMOTE,199,546,0.025636865709883213,0.03375520413669243,-0.008118338426809212,0.05939206984657565,0.42857142857142855,0.5714285714285714,TP,28,28,data/processed\X_train_base.csv,data/processed\y_train.csv,train_oof,0.12060301142481507
Base_LR_SMOTE,Base,supervised,LR,SMOTE,200,585,0.025147122006711365,0.011835732383353644,0.013311389623357721,0.03698285439006501,0.5,0.5,TP,28,28,data/processed\X_train_base.csv,data/processed\y_train.csv,train_oof,0.12060301142481507
Base_LR_SMOTE,Base,supervised,LR,SMOTE,201,434,0.024562987420397277,0.17961079963395046,-0.15504781221355318,0.2041737870543478,0.8571428571428571,0.14285714285714285,TP,28,28,data/processed\X_train_base.csv,data/processed\y_train.csv,train_oof,0.12060301142481507
Base_LR_SMOTE,Base,supervised,LR,SMOTE,202,11,0.024092443929692186,0.04609753812437222,-0.022005094194680035,0.0701899820540644,0.4642857142857143,0.5357142857142857,TP,28,28,data/processed\X_train_base.csv,data/processed\y_train.csv,train_oof,0.12060301142481507
Base_LR_SMOTE,Base,supervised,LR,SMOTE,203,79,0.023132953779314937,0.005836736005083916,0.01729621777423102,0.02896968978439885,0.6428571428571429,0.35714285714285715,TP,28,28,data/processed\X_train_base.csv,data/processed\y_train.csv,train_oof,0.12060301142481507
Base_LR_SMOTE,Base,supervised,LR,SMOTE,204,18,0.022397355832720265,0.06254159725950906,-0.040144241426788796,0.08493895309222932,0.42857142857142855,0.5714285714285714,TP,28,28,data/processed\X_train_base.csv,data/processed\y_train.csv,train_oof,0.12060301142481507
Base_LR_SMOTE,Base,supervised,LR,SMOTE,205,100,0.021814627763203788,0.006911899059438603,0.014902728703765184,0.028726526822642384,0.6428571428571429,0.35714285714285715,TP,28,28,data/processed\X_train_base.csv,data/processed\y_train.csv,train_oof,0.12060301142481507
Base_LR_SMOTE,Base,supervised,LR,SMOTE,206,154,0.02007246407013679,0.008039422365572882,0.012033041704563905,0.028111886435709665,0.5714285714285714,0.42857142857142855,TP,28,28,data/processed\X_train_base.csv,data/processed\y_train.csv,train_oof,0.12060301142481507
Base_LR_SMOTE,Base,supervised,LR,SMOTE,207,82,0.019830170383254114,0.0025908990560390287,0.017239271327215085,0.022421069439293142,0.6428571428571429,0.35714285714285715,TP,28,28,data/processed\X_train_base.csv,data/processed\y_train.csv,train_oof,0.12060301142481507
Base_LR_SMOTE,Base,supervised,LR,SMOTE,208,334,0.01982073942417754,0.08379201724603381,-0.06397127782185626,0.10361275667021135,0.6071428571428571,0.39285714285714285,TP,28,28,data/processed\X_train_base.csv,data/processed\y_train.csv,train_oof,0.12060301142481507
Base_LR_SMOTE,Base,supervised,LR,SMOTE,209,89,0.01966459418586904,0.03383698457346498,-0.014172390387595931,0.053501578759334,0.42857142857142855,0.5714285714285714,TP,28,28,data/processed\X_train_base.csv,data/processed\y_train.csv,train_oof,0.12060301142481507
Base_LR_SMOTE,Base,supervised,LR,SMOTE,210,15,0.01897021606348953,0.0925856546167018,-0.0736154385532123,0.11155587068019134,0.25,0.75,TP,28,28,data/processed\X_train_base.csv,data/processed\y_train.csv,train_oof,0.12060301142481507
Base_LR_SMOTE,Base,supervised,LR,SMOTE,211,106,0.017175891562902314,0.019563983437958253,-0.002388091875055937,0.03673987500086056,0.39285714285714285,0.6071428571428571,TP,28,28,data/processed\X_train_base.csv,data/processed\y_train.csv,train_oof,0.12060301142481507
Base_LR_SMOTE,Base,supervised,LR,SMOTE,212,496,0.01708783737632521,0.020673531970503672,-0.003585694594178465,0.037761369346828874,0.5714285714285714,0.42857142857142855,TP,28,28,data/processed\X_train_base.csv,data/processed\y_train.csv,train_oof,0.12060301142481507
Base_LR_SMOTE,Base,supervised,LR,SMOTE,213,408,0.01706982703122079,0.006802430463757196,0.010267396567463592,0.023872257494977983,0.6428571428571429,0.35714285714285715,TP,28,28,data/processed\X_train_base.csv,data/processed\y_train.csv,train_oof,0.12060301142481507
Base_LR_SMOTE,Base,supervised,LR,SMOTE,214,222,0.015555935454126955,0.010144160323395001,0.005411775130731959,0.02570009577752195,0.39285714285714285,0.6071428571428571,TP,28,28,data/processed\X_train_base.csv,data/processed\y_train.csv,train_oof,0.12060301142481507
Base_LR_SMOTE,Base,supervised,LR,SMOTE,215,185,0.015527005622599163,0.01776937350876425,-0.0022423678861650887,0.033296379131363414,0.35714285714285715,0.6428571428571429,TP,28,28,data/processed\X_train_base.csv,data/processed\y_train.csv,train_oof,0.12060301142481507
Base_LR_SMOTE,Base,supervised,LR,SMOTE,216,139,0.015382963585864443,0.06797829371433102,-0.05259533012846657,0.08336125730019546,0.17857142857142858,0.8214285714285714,TP,28,28,data/processed\X_train_base.csv,data/processed\y_train.csv,train_oof,0.12060301142481507
Base_LR_SMOTE,Base,supervised,LR,SMOTE,217,523,0.014922708174524185,0.047661234345900576,-0.03273852617137639,0.06258394252042478,0.8928571428571429,0.10714285714285714,TP,28,28,data/processed\X_train_base.csv,data/processed\y_train.csv,train_oof,0.12060301142481507
Base_LR_SMOTE,Base,supervised,LR,SMOTE,218,39,0.014732655744896737,0.0647099440707836,-0.049977288325886875,0.07944259981568037,0.6071428571428571,0.39285714285714285,TP,28,28,data/processed\X_train_base.csv,data/processed\y_train.csv,train_oof,0.12060301142481507
Base_LR_SMOTE,Base,supervised,LR,SMOTE,219,339,0.014692569081046053,0.06938823061273884,-0.0546956615316928,0.0840807996937849,0.35714285714285715,0.6428571428571429,TP,28,28,data/processed\X_train_base.csv,data/processed\y_train.csv,train_oof,0.12060301142481507
Base_LR_SMOTE,Base,supervised,LR,SMOTE,220,71,0.014021897633303429,0.04819379497168508,-0.03417189733838164,0.062215692604988486,0.42857142857142855,0.5714285714285714,TP,28,28,data/processed\X_train_base.csv,data/processed\y_train.csv,train_oof,0.12060301142481507
Base_LR_SMOTE,Base,supervised,LR,SMOTE,221,162,0.013957664198079813,0.015164714761026954,-0.001207050562947142,0.02912237895910677,0.25,0.75,TP,28,28,data/processed\X_train_base.csv,data/processed\y_train.csv,train_oof,0.12060301142481507
Base_LR_SMOTE,Base,supervised,LR,SMOTE,222,567,0.013497519481896253,0.010016251410979263,0.0034812680709169867,0.023513770892875506,0.4642857142857143,0.5357142857142857,TP,28,28,data/processed\X_train_base.csv,data/processed\y_train.csv,train_oof,0.12060301142481507
Base_LR_SMOTE,Base,supervised,LR,SMOTE,223,9,0.013338067135367062,0.009593429017476045,0.00374463811789102,0.02293149615284312,0.4642857142857143,0.5357142857142857,TP,28,28,data/processed\X_train_base.csv,data/processed\y_train.csv,train_oof,0.12060301142481507
Base_LR_SMOTE,Base,supervised,LR,SMOTE,224,442,0.012774500494768038,0.04794041205162709,-0.03516591155685907,0.06071491254639514,0.25,0.75,TP,28,28,data/processed\X_train_base.csv,data/processed\y_train.csv,train_oof,0.12060301142481507
Base_LR_SMOTE,Base,supervised,LR,SMOTE,225,91,0.012070680054237339,0.013822169300317728,-0.0017514892460803923,0.025892849354555065,0.4642857142857143,0.5357142857142857,TP,28,28,data/processed\X_train_base.csv,data/processed\y_train.csv,train_oof,0.12060301142481507
Base_LR_SMOTE,Base,supervised,LR,SMOTE,226,298,0.01193265901767943,0.12211471326570884,-0.11018205424802939,0.13404737228338826,0.5,0.5,TP,28,28,data/processed\X_train_base.csv,data/processed\y_train.csv,train_oof,0.12060301142481507
Base_LR_SMOTE,Base,supervised,LR,SMOTE,227,432,0.011334661421818132,0.023864104644856755,-0.01252944322303863,0.035198766066674894,0.21428571428571427,0.7857142857142857,TP,28,28,data/processed\X_train_base.csv,data/processed\y_train.csv,train_oof,0.12060301142481507
Base_LR_SMOTE,Base,supervised,LR,SMOTE,228,NA_157,0.010322116950423567,0.01111612594661,-0.0007940089961864264,0.021438242897033583,0.9285714285714286,0.07142857142857142,TP,28,28,data/processed\X_train_base.csv,data/processed\y_train.csv,train_oof,0.12060301142481507
Base_LR_SMOTE,Base,supervised,LR,SMOTE,229,271,0.008418740428428455,0.018943239902568167,-0.010524499474139712,0.027361980330996623,0.39285714285714285,0.6071428571428571,TP,28,28,data/processed\X_train_base.csv,data/processed\y_train.csv,train_oof,0.12060301142481507
Base_LR_SMOTE,Base,supervised,LR,SMOTE,230,NA_112,0.008143140363940926,0.018681322011393883,-0.010538181647452962,0.02682446237533482,0.25,0.75,TP,28,28,data/processed\X_train_base.csv,data/processed\y_train.csv,train_oof,0.12060301142481507
Base_LR_SMOTE,Base,supervised,LR,SMOTE,231,123,0.007792134460783712,0.01672413998432908,-0.00893200552354537,0.024516274445112788,0.5,0.5,TP,28,28,data/processed\X_train_base.csv,data/processed\y_train.csv,train_oof,0.12060301142481507
Base_LR_SMOTE,Base,supervised,LR,SMOTE,232,98,0.007680344632106471,0.021961062213869537,-0.014280717581763061,0.029641406845976003,0.32142857142857145,0.6785714285714286,TP,28,28,data/processed\X_train_base.csv,data/processed\y_train.csv,train_oof,0.12060301142481507
Base_LR_SMOTE,Base,supervised,LR,SMOTE,233,285,0.0075229857448064295,0.006152512197758815,0.0013704735470476143,0.013675497942565246,0.75,0.25,TP,28,28,data/processed\X_train_base.csv,data/processed\y_train.csv,train_oof,0.12060301142481507
Base_LR_SMOTE,Base,supervised,LR,SMOTE,234,35,0.007429695680868685,0.0722355916129483,-0.0648058959320796,0.07966528729381696,0.5357142857142857,0.4642857142857143,TP,28,28,data/processed\X_train_base.csv,data/processed\y_train.csv,train_oof,0.12060301142481507
Base_LR_SMOTE,Base,supervised,LR,SMOTE,235,10,0.006050353575271095,0.012727632901953423,-0.006677279326682328,0.018777986477224517,0.2857142857142857,0.7142857142857143,TP,28,28,data/processed\X_train_base.csv,data/processed\y_train.csv,train_oof,0.12060301142481507
Base_LR_SMOTE,Base,supervised,LR,SMOTE,236,23,0.005831263779084213,0.005896655298058204,-6.539151897399247e-05,0.011727919077142417,0.42857142857142855,0.5714285714285714,TP,28,28,data/processed\X_train_base.csv,data/processed\y_train.csv,train_oof,0.12060301142481507
Base_LR_SMOTE,Base,supervised,LR,SMOTE,237,1,0.004698452983987294,0.011626537959205785,-0.006928084975218491,0.01632499094319308,0.32142857142857145,0.6785714285714286,TP,28,28,data/processed\X_train_base.csv,data/processed\y_train.csv,train_oof,0.12060301142481507
Base_LR_SMOTE,Base,supervised,LR,SMOTE,238,7,0.004265776171276543,0.0035123731770402367,0.0007534029942363058,0.007778149348316782,0.6071428571428571,0.39285714285714285,TP,28,28,data/processed\X_train_base.csv,data/processed\y_train.csv,train_oof,0.12060301142481507
Base_LR_SMOTE,Base,supervised,LR,SMOTE,239,412,0.0039003463724282426,0.012746108134569334,-0.008845761762141094,0.016646454506997577,0.2857142857142857,0.7142857142857143,TP,28,28,data/processed\X_train_base.csv,data/processed\y_train.csv,train_oof,0.12060301142481507
Base_LR_SMOTE,Base,supervised,LR,SMOTE,240,574,0.003742397823726033,0.004552822312571538,-0.0008104244888455053,0.008295220136297571,0.9642857142857143,0.03571428571428571,TP,28,28,data/processed\X_train_base.csv,data/processed\y_train.csv,train_oof,0.12060301142481507
Base_LR_SMOTE,Base,supervised,LR,SMOTE,241,362,0.002928387347773709,0.0031567078075506383,-0.00022832045977693,0.006085095155324345,0.6785714285714286,0.32142857142857145,TP,28,28,data/processed\X_train_base.csv,data/processed\y_train.csv,train_oof,0.12060301142481507
Base_LR_SMOTE,Base,supervised,LR,SMOTE,242,28,0.002465343483835461,0.0009363305379884805,0.0015290129458469808,0.003401674021823942,0.6071428571428571,0.39285714285714285,TP,28,28,data/processed\X_train_base.csv,data/processed\y_train.csv,train_oof,0.12060301142481507
Base_LR_SMOTE,Base,supervised,LR,SMOTE,243,433,0.002405694358172158,0.005394424669617355,-0.0029887303114451975,0.007800119027789512,0.5,0.5,TP,28,28,data/processed\X_train_base.csv,data/processed\y_train.csv,train_oof,0.12060301142481507
Base_LR_SMOTE,Base,supervised,LR,SMOTE,244,76,0.002245370794420079,0.006590011410342803,-0.004344640615922724,0.00883538220476288,0.32142857142857145,0.6785714285714286,TP,28,28,data/processed\X_train_base.csv,data/processed\y_train.csv,train_oof,0.12060301142481507
Base_LR_SMOTE,Base,supervised,LR,SMOTE,245,357,0.002095532441325471,0.0011938690801176987,0.0009016633612077724,0.0032894015214431703,0.5714285714285714,0.42857142857142855,TP,28,28,data/processed\X_train_base.csv,data/processed\y_train.csv,train_oof,0.12060301142481507
Base_LR_SMOTE,Base,supervised,LR,SMOTE,246,8,0.0019959963512897506,0.0022111503784627167,-0.00021515402717296606,0.004207146729752467,0.4642857142857143,0.5357142857142857,TP,28,28,data/processed\X_train_base.csv,data/processed\y_train.csv,train_oof,0.12060301142481507
Base_LR_SMOTE,Base,supervised,LR,SMOTE,247,17,0.0018646098195048131,0.0020686348838800687,-0.00020402506437525565,0.003933244703384882,0.4642857142857143,0.5357142857142857,TP,28,28,data/processed\X_train_base.csv,data/processed\y_train.csv,train_oof,0.12060301142481507
Base_LR_SMOTE,Base,supervised,LR,SMOTE,248,34,0.0018233206744036712,0.0004030985584411716,0.0014202221159624992,0.002226419232844843,0.35714285714285715,0.6428571428571429,TP,28,28,data/processed\X_train_base.csv,data/processed\y_train.csv,train_oof,0.12060301142481507
Base_LR_SMOTE,Base,supervised,LR,SMOTE,249,555,0.001103299422179341,0.00240825118335647,-0.001304951761177129,0.0035115506055358107,0.35714285714285715,0.6428571428571429,TP,28,28,data/processed\X_train_base.csv,data/processed\y_train.csv,train_oof,0.12060301142481507
Base_LR_SMOTE,Base,supervised,LR,SMOTE,250,252,0.0009186118316549548,0.0003969140273099793,0.0005216978043449754,0.001315525858964934,0.6071428571428571,0.39285714285714285,TP,28,28,data/processed\X_train_base.csv,data/processed\y_train.csv,train_oof,0.12060301142481507
Base_LR_SMOTE,Base,supervised,LR,SMOTE,251,44,0.0007080757061061855,0.0006358512906995796,7.222441540660608e-05,0.0013439269968057654,0.5714285714285714,0.42857142857142855,TP,28,28,data/processed\X_train_base.csv,data/processed\y_train.csv,train_oof,0.12060301142481507
Base_LR_SMOTE,Base,supervised,LR,SMOTE,252,570,0.00027277155057163716,0.015962865373348713,-0.015690093822777074,0.016235636923920348,0.03571428571428571,0.9642857142857143,TP,28,28,data/processed\X_train_base.csv,data/processed\y_train.csv,train_oof,0.12060301142481507
Base_LR_SMOTE,Base,supervised,LR,SMOTE,253,67,0.00024283289005927773,0.7684928582457344,-0.7682500253556751,0.768735691135794,0.5,0.5,TP,28,28,data/processed\X_train_base.csv,data/processed\y_train.csv,train_oof,0.12060301142481507
Base_LR_SMOTE,Base,supervised,LR,SMOTE,254,118,6.991052941693301e-05,4.318940761091676e-05,2.6721121806016256e-05,0.00011309993702784977,0.5714285714285714,0.42857142857142855,TP,28,28,data/processed\X_train_base.csv,data/processed\y_train.csv,train_oof,0.12060301142481507
Base_LR_SMOTE,Base,supervised,LR,SMOTE,255,275,1.2474117298413597e-06,5.135117554989338e-07,7.338999743424265e-07,1.7609234853402937e-06,0.75,0.25,TP,28,28,data/processed\X_train_base.csv,data/processed\y_train.csv,train_oof,0.12060301142481507
Base_LR_SMOTE,Base,supervised,LR,SMOTE,256,521,0.0,0.06669660515768902,-0.06669660515768902,0.06669660515768902,0.0,0.03571428571428571,TP,28,28,data/processed\X_train_base.csv,data/processed\y_train.csv,train_oof,0.12060301142481507
RFEXGB_LR_SMOTE,RFEXGB,supervised,LR,SMOTE,1,64,0.7859577409532832,0.08261266210216832,0.703345078851115,0.8685704030554515,0.8260869565217391,0.17391304347826086,TP,23,23,data/processed\X_train_rfexgb.csv,data/processed\y_train.csv,train_oof,0.5483517567913296
RFEXGB_LR_SMOTE,RFEXGB,supervised,LR,SMOTE,2,59,0.7196713123523366,0.1206097507800221,0.5990615615723146,0.8402810631323588,0.782608695652174,0.21739130434782608,TP,23,23,data/processed\X_train_rfexgb.csv,data/processed\y_train.csv,train_oof,0.5483517567913296
RFEXGB_LR_SMOTE,RFEXGB,supervised,LR,SMOTE,3,56,0.5186454586288927,0.16750200094944917,0.35114345767944344,0.6861474595783419,0.782608695652174,0.21739130434782608,TP,23,23,data/processed\X_train_rfexgb.csv,data/processed\y_train.csv,train_oof,0.5483517567913296
RFEXGB_LR_SMOTE,RFEXGB,supervised,LR,SMOTE,4,75,0.5093435475986309,0.1264958878501002,0.3828476597485306,0.6358394354487311,0.5652173913043478,0.43478260869565216,TP,23,23,data/processed\X_train_rfexgb.csv,data/processed\y_train.csv,train_oof,0.5483517567913296
RFEXGB_LR_SMOTE,RFEXGB,supervised,LR,SMOTE,5,129,0.41267470516548105,0.08024965147312284,0.33242505369235825,0.4929243566386038,0.8695652173913043,0.13043478260869565,TP,23,23,data/processed\X_train_rfexgb.csv,data/processed\y_train.csv,train_oof,0.5483517567913296
RFEXGB_LR_SMOTE,RFEXGB,supervised,LR,SMOTE,6,333,0.3949738010259769,0.058662847211286666,0.3363109538146901,0.4536366482372635,0.6086956521739131,0.391304347826087,TP,23,23,data/processed\X_train_rfexgb.csv,data/processed\y_train.csv,train_oof,0.5483517567913296
RFEXGB_LR_SMOTE,RFEXGB,supervised,LR,SMOTE,7,122,0.3728491445498552,0.16000276127239194,0.2128463832774632,0.5328519058222471,0.6086956521739131,0.391304347826087,TP,23,23,data/processed\X_train_rfexgb.csv,data/processed\y_train.csv,train_oof,0.5483517567913296
RFEXGB_LR_SMOTE,RFEXGB,supervised,LR,SMOTE,8,132,0.33441425167872074,0.40442924719212636,-0.07001499551340565,0.7388434988708472,0.43478260869565216,0.5652173913043478,TP,23,23,data/processed\X_train_rfexgb.csv,data/processed\y_train.csv,train_oof,0.5483517567913296
RFEXGB_LR_SMOTE,RFEXGB,supervised,LR,SMOTE,9,21,0.33120647932288877,0.06405813505794751,0.2671483442649413,0.3952646143808362,0.6956521739130435,0.30434782608695654,TP,23,23,data/processed\X_train_rfexgb.csv,data/processed\y_train.csv,train_oof,0.5483517567913296
RFEXGB_LR_SMOTE,RFEXGB,supervised,LR,SMOTE,10,55,0.2885816849002641,0.34932249642743446,-0.06074081152717031,0.6379041813276984,0.43478260869565216,0.5652173913043478,TP,23,23,data/processed\X_train_rfexgb.csv,data/processed\y_train.csv,train_oof,0.5483517567913296
RFEXGB_LR_SMOTE,RFEXGB,supervised,LR,SMOTE,11,280,0.28600926054909837,0.05049246686636331,0.23551679368273498,0.3365017274154616,0.6956521739130435,0.30434782608695654,TP,23,23,data/processed\X_train_rfexgb.csv,data/processed\y_train.csv,train_oof,0.5483517567913296
RFEXGB_LR_SMOTE,RFEXGB,supervised,LR,SMOTE,12,102,0.28248029790003754,0.07582558464000788,0.20665471326002965,0.3583058825400455,0.8260869565217391,0.17391304347826086,TP,23,23,data/processed\X_train_rfexgb.csv,data/processed\y_train.csv,train_oof,0.5483517567913296
RFEXGB_LR_SMOTE,RFEXGB,supervised,LR,SMOTE,13,582,0.2694173817800057,0.03720109179841015,0.2322162899815955,0.3066184735784158,0.7391304347826086,0.2608695652173913,TP,23,23,data/processed\X_train_rfexgb.csv,data/processed\y_train.csv,train_oof,0.5483517567913296
RFEXGB_LR_SMOTE,RFEXGB,supervised,LR,SMOTE,14,14,0.21263163464352747,0.0629799314464708,0.14965170319705662,0.2756115660899982,0.6086956521739131,0.391304347826087,TP,23,23,data/processed\X_train_rfexgb.csv,data/processed\y_train.csv,train_oof,0.5483517567913296
RFEXGB_LR_SMOTE,RFEXGB,supervised,LR,SMOTE,15,428,0.20650686579822713,0.008056889901327495,0.19844997589689967,0.21456375569955463,0.8260869565217391,0.17391304347826086,TP,23,23,data/processed\X_train_rfexgb.csv,data/processed\y_train.csv,train_oof,0.5483517567913296
RFEXGB_LR_SMOTE,RFEXGB,supervised,LR,SMOTE,16,19,0.20050687348364998,0.001518664482543253,0.19898820900110673,0.20202553796619324,0.9565217391304348,0.043478260869565216,TP,23,23,data/processed\X_train_rfexgb.csv,data/processed\y_train.csv,train_oof,0.5483517567913296
RFEXGB_LR_SMOTE,RFEXGB,supervised,LR,SMOTE,17,545,0.1968690293362651,0.00027040595578480323,0.19659862338048031,0.19713943529204989,0.9565217391304348,0.043478260869565216,TP,23,23,data/processed\X_train_rfexgb.csv,data/processed\y_train.csv,train_oof,0.5483517567913296
RFEXGB_LR_SMOTE,RFEXGB,supervised,LR,SMOTE,18,511,0.1968184492959229,0.07767692747001456,0.11914152182590836,0.2744953767659375,0.6086956521739131,0.391304347826087,TP,23,23,data/processed\X_train_rfexgb.csv,data/processed\y_train.csv,train_oof,0.5483517567913296
RFEXGB_LR_SMOTE,RFEXGB,supervised,LR,SMOTE,19,281,0.19376256017586255,0.04758352271003284,0.14617903746582972,0.24134608288589535,0.9130434782608695,0.08695652173913043,TP,23,23,data/processed\X_train_rfexgb.csv,data/processed\y_train.csv,train_oof,0.5483517567913296
RFEXGB_LR_SMOTE,RFEXGB,supervised,LR,SMOTE,20,103,0.19022323516426284,0.013074968736623536,0.17714826642763928,0.20329820390088638,0.8695652173913043,0.13043478260869565,TP,23,23,data/processed\X_train_rfexgb.csv,data/processed\y_train.csv,train_oof,0.5483517567913296
RFEXGB_LR_SMOTE,RFEXGB,supervised,LR,SMOTE,21,486,0.18788176281710656,0.08977036215808938,0.09811140065901715,0.2776521249751959,0.5217391304347826,0.4782608695652174,TP,23,23,data/processed\X_train_rfexgb.csv,data/processed\y_train.csv,train_oof,0.5483517567913296
RFEXGB_LR_SMOTE,RFEXGB,supervised,LR,SMOTE,22,488,0.18550723356626295,0.07167571095746078,0.11383152260880215,0.2571829445237237,0.5652173913043478,0.43478260869565216,TP,23,23,data/processed\X_train_rfexgb.csv,data/processed\y_train.csv,train_oof,0.5483517567913296
RFEXGB_LR_SMOTE,RFEXGB,supervised,LR,SMOTE,23,348,0.18443249748279675,0.015720137031479686,0.16871236045131707,0.20015263451427642,0.6956521739130435,0.30434782608695654,TP,23,23,data/processed\X_train_rfexgb.csv,data/processed\y_train.csv,train_oof,0.5483517567913296
RFEXGB_LR_SMOTE,RFEXGB,supervised,LR,SMOTE,24,200,0.18238285979839408,0.05087138133954067,0.13151147845885347,0.23325424113793472,0.7391304347826086,0.2608695652173913,TP,23,23,data/processed\X_train_rfexgb.csv,data/processed\y_train.csv,train_oof,0.5483517567913296
RFEXGB_LR_SMOTE,RFEXGB,supervised,LR,SMOTE,25,107,0.17682864062247727,0.04070995933266065,0.13611868128981666,0.21753859995513794,0.6086956521739131,0.391304347826087,TP,23,23,data/processed\X_train_rfexgb.csv,data/processed\y_train.csv,train_oof,0.5483517567913296
RFEXGB_LR_SMOTE,RFEXGB,supervised,LR,SMOTE,26,124,0.15876067201233618,0.07218407123573459,0.08657660077660156,0.23094474324807074,0.6956521739130435,0.30434782608695654,TP,23,23,data/processed\X_train_rfexgb.csv,data/processed\y_train.csv,train_oof,0.5483517567913296
RFEXGB_LR_SMOTE,RFEXGB,supervised,LR,SMOTE,27,92,0.14406700187030674,0.13849919503473931,0.00556780683556742,0.28256619690504614,0.5217391304347826,0.4782608695652174,TP,23,23,data/processed\X_train_rfexgb.csv,data/processed\y_train.csv,train_oof,0.5483517567913296
RFEXGB_LR_SMOTE,RFEXGB,supervised,LR,SMOTE,28,183,0.12874175218300038,0.09016788980471699,0.03857386237828333,0.2189096419877174,0.5652173913043478,0.43478260869565216,TP,23,23,data/processed\X_train_rfexgb.csv,data/processed\y_train.csv,train_oof,0.5483517567913296
RFEXGB_LR_SMOTE,RFEXGB,supervised,LR,SMOTE,29,566,0.1278153397908961,0.13411489577218624,-0.006299555981290156,0.2619302355630823,0.43478260869565216,0.5652173913043478,TP,23,23,data/processed\X_train_rfexgb.csv,data/processed\y_train.csv,train_oof,0.5483517567913296
RFEXGB_LR_SMOTE,RFEXGB,supervised,LR,SMOTE,30,586,0.12744755009646053,0.10514839001641742,0.022299160080043092,0.2325959401128779,0.5217391304347826,0.4782608695652174,TP,23,23,data/processed\X_train_rfexgb.csv,data/processed\y_train.csv,train_oof,0.5483517567913296
RFEXGB_LR_SMOTE,RFEXGB,supervised,LR,SMOTE,31,90,0.12662901036602547,0.10129237090998044,0.025336639456045033,0.22792138127600597,0.5217391304347826,0.4782608695652174,TP,23,23,data/processed\X_train_rfexgb.csv,data/processed\y_train.csv,train_oof,0.5483517567913296
RFEXGB_LR_SMOTE,RFEXGB,supervised,LR,SMOTE,32,377,0.12206595974613546,0.015303791968172213,0.10676216777796324,0.13736975171430768,0.8695652173913043,0.13043478260869565,TP,23,23,data/processed\X_train_rfexgb.csv,data/processed\y_train.csv,train_oof,0.5483517567913296
RFEXGB_LR_SMOTE,RFEXGB,supervised,LR,SMOTE,33,588,0.12167784503781769,0.03131941324110994,0.09035843179670774,0.15299725827892763,0.6956521739130435,0.30434782608695654,TP,23,23,data/processed\X_train_rfexgb.csv,data/processed\y_train.csv,train_oof,0.5483517567913296
RFEXGB_LR_SMOTE,RFEXGB,supervised,LR,SMOTE,34,416,0.12135064393795852,0.07057128218590922,0.050779361752049314,0.19192192612386774,0.6086956521739131,0.391304347826087,TP,23,23,data/processed\X_train_rfexgb.csv,data/processed\y_train.csv,train_oof,0.5483517567913296
RFEXGB_LR_SMOTE,RFEXGB,supervised,LR,SMOTE,35,484,0.115295196696449,0.030139512246601143,0.08515568444984786,0.14543470894305013,0.7391304347826086,0.2608695652173913,TP,23,23,data/processed\X_train_rfexgb.csv,data/processed\y_train.csv,train_oof,0.5483517567913296
RFEXGB_LR_SMOTE,RFEXGB,supervised,LR,SMOTE,36,125,0.10964639672099237,0.15709155462328334,-0.04744515790229099,0.26673795134427575,0.34782608695652173,0.6521739130434783,TP,23,23,data/processed\X_train_rfexgb.csv,data/processed\y_train.csv,train_oof,0.5483517567913296
RFEXGB_LR_SMOTE,RFEXGB,supervised,LR,SMOTE,37,460,0.10739962146500821,0.05707752178220344,0.05032209968280475,0.1644771432472117,0.4782608695652174,0.5217391304347826,TP,23,23,data/processed\X_train_rfexgb.csv,data/processed\y_train.csv,train_oof,0.5483517567913296
RFEXGB_LR_SMOTE,RFEXGB,supervised,LR,SMOTE,38,477,0.10630551925270598,0.011888497233743904,0.09441702201896207,0.1181940164864499,0.7391304347826086,0.2608695652173913,TP,23,23,data/processed\X_train_rfexgb.csv,data/processed\y_train.csv,train_oof,0.5483517567913296
RFEXGB_LR_SMOTE,RFEXGB,supervised,LR,SMOTE,39,31,0.10594069898796044,0.09412413715875827,0.011816561829202186,0.20006483614671872,0.8260869565217391,0.17391304347826086,TP,23,23,data/processed\X_train_rfexgb.csv,data/processed\y_train.csv,train_oof,0.5483517567913296
RFEXGB_LR_SMOTE,RFEXGB,supervised,LR,SMOTE,40,154,0.09702886737808161,0.0676537425454933,0.029375124832588327,0.16468260992357492,0.4782608695652174,0.5217391304347826,TP,23,23,data/processed\X_train_rfexgb.csv,data/processed\y_train.csv,train_oof,0.5483517567913296
RFEXGB_LR_SMOTE,RFEXGB,supervised,LR,SMOTE,41,337,0.09619932070779771,0.12203837786829924,-0.02583905716050152,0.21823769857609687,0.43478260869565216,0.5652173913043478,TP,23,23,data/processed\X_train_rfexgb.csv,data/processed\y_train.csv,train_oof,0.5483517567913296
RFEXGB_LR_SMOTE,RFEXGB,supervised,LR,SMOTE,42,589,0.0930636010881879,0.12617288672561977,-0.0331092856374319,0.21923648781380767,0.5217391304347826,0.4782608695652174,TP,23,23,data/processed\X_train_rfexgb.csv,data/processed\y_train.csv,train_oof,0.5483517567913296
RFEXGB_LR_SMOTE,RFEXGB,supervised,LR,SMOTE,43,338,0.09069022331263742,0.0784797825833009,0.012210440729336502,0.1691700058959383,0.6521739130434783,0.34782608695652173,TP,23,23,data/processed\X_train_rfexgb.csv,data/processed\y_train.csv,train_oof,0.5483517567913296
RFEXGB_LR_SMOTE,RFEXGB,supervised,LR,SMOTE,44,84,0.09002637291173081,0.0908911122154,-0.0008647393036691945,0.18091748512713077,0.5217391304347826,0.4782608695652174,TP,23,23,data/processed\X_train_rfexgb.csv,data/processed\y_train.csv,train_oof,0.5483517567913296
RFEXGB_LR_SMOTE,RFEXGB,supervised,LR,SMOTE,45,51,0.08867747155242825,0.05777254772516889,0.030904923827259373,0.14645001927759713,0.6521739130434783,0.34782608695652173,TP,23,23,data/processed\X_train_rfexgb.csv,data/processed\y_train.csv,train_oof,0.5483517567913296
RFEXGB_LR_SMOTE,RFEXGB,supervised,LR,SMOTE,46,354,0.08439533687299662,0.07691004231086893,0.007485294562127703,0.1613053791838655,0.6086956521739131,0.391304347826087,TP,23,23,data/processed\X_train_rfexgb.csv,data/processed\y_train.csv,train_oof,0.5483517567913296
RFEXGB_LR_SMOTE,RFEXGB,supervised,LR,SMOTE,47,130,0.0829915413226157,0.041399521066310244,0.04159202025630546,0.12439106238892592,0.6521739130434783,0.34782608695652173,TP,23,23,data/processed\X_train_rfexgb.csv,data/processed\y_train.csv,train_oof,0.5483517567913296
RFEXGB_LR_SMOTE,RFEXGB,supervised,LR,SMOTE,48,563,0.08255252736091964,0.028171067382612228,0.054381459978307414,0.11072359474353184,0.6521739130434783,0.34782608695652173,TP,23,23,data/processed\X_train_rfexgb.csv,data/processed\y_train.csv,train_oof,0.5483517567913296
RFEXGB_LR_SMOTE,RFEXGB,supervised,LR,SMOTE,49,217,0.0806342654509867,0.05140946432531386,0.02922480112567285,0.13204372977630055,0.43478260869565216,0.5652173913043478,TP,23,23,data/processed\X_train_rfexgb.csv,data/processed\y_train.csv,train_oof,0.5483517567913296
RFEXGB_LR_SMOTE,RFEXGB,supervised,LR,SMOTE,50,79,0.08056127879363743,0.022079091334690038,0.0584821874589474,0.10264037012832747,0.6956521739130435,0.30434782608695654,TP,23,23,data/processed\X_train_rfexgb.csv,data/processed\y_train.csv,train_oof,0.5483517567913296
RFEXGB_LR_SMOTE,RFEXGB,supervised,LR,SMOTE,51,144,0.07990592661569393,0.019701056306541054,0.060204870309152884,0.09960698292223501,0.782608695652174,0.21739130434782608,TP,23,23,data/processed\X_train_rfexgb.csv,data/processed\y_train.csv,train_oof,0.5483517567913296
RFEXGB_LR_SMOTE,RFEXGB,supervised,LR,SMOTE,52,480,0.0772506133733123,0.06837876666647258,0.008871846706839695,0.14562938003978484,0.6521739130434783,0.34782608695652173,TP,23,23,data/processed\X_train_rfexgb.csv,data/processed\y_train.csv,train_oof,0.5483517567913296
RFEXGB_LR_SMOTE,RFEXGB,supervised,LR,SMOTE,53,25,0.07455776048700427,0.22788830299301616,-0.1533305425060119,0.30244606348002034,0.6956521739130435,0.30434782608695654,TP,23,23,data/processed\X_train_rfexgb.csv,data/processed\y_train.csv,train_oof,0.5483517567913296
RFEXGB_LR_SMOTE,RFEXGB,supervised,LR,SMOTE,54,295,0.06736040608417969,0.00795254159917667,0.05940786448500302,0.07531294768335636,0.5217391304347826,0.4782608695652174,TP,23,23,data/processed\X_train_rfexgb.csv,data/processed\y_train.csv,train_oof,0.5483517567913296
RFEXGB_LR_SMOTE,RFEXGB,supervised,LR,SMOTE,55,269,0.06636763903520392,0.07251117741160773,-0.0061435383764038105,0.13887881644681163,0.5217391304347826,0.4782608695652174,TP,23,23,data/processed\X_train_rfexgb.csv,data/processed\y_train.csv,train_oof,0.5483517567913296
RFEXGB_LR_SMOTE,RFEXGB,supervised,LR,SMOTE,56,28,0.06351830497208524,0.016078237534841184,0.04744006743724406,0.07959654250692642,0.6956521739130435,0.30434782608695654,TP,23,23,data/processed\X_train_rfexgb.csv,data/processed\y_train.csv,train_oof,0.5483517567913296
RFEXGB_LR_SMOTE,RFEXGB,supervised,LR,SMOTE,57,419,0.060354409620724074,0.06395837504678746,-0.0036039654260633753,0.12431278466751156,0.5217391304347826,0.4782608695652174,TP,23,23,data/processed\X_train_rfexgb.csv,data/processed\y_train.csv,train_oof,0.5483517567913296
RFEXGB_LR_SMOTE,RFEXGB,supervised,LR,SMOTE,58,63,0.05915553781157008,0.26877991571745863,-0.20962437790588853,0.3279354535290287,0.43478260869565216,0.5652173913043478,TP,23,23,data/processed\X_train_rfexgb.csv,data/processed\y_train.csv,train_oof,0.5483517567913296
RFEXGB_LR_SMOTE,RFEXGB,supervised,LR,SMOTE,59,68,0.056777331692697476,0.07295710364750443,-0.016179771954806972,0.12973443534020193,0.43478260869565216,0.5652173913043478,TP,23,23,data/processed\X_train_rfexgb.csv,data/processed\y_train.csv,train_oof,0.5483517567913296
RFEXGB_LR_SMOTE,RFEXGB,supervised,LR,SMOTE,60,98,0.05560991230992126,0.023791581684997933,0.031818330624923334,0.0794014939949192,0.6521739130434783,0.34782608695652173,TP,23,23,data/processed\X_train_rfexgb.csv,data/processed\y_train.csv,train_oof,0.5483517567913296
RFEXGB_LR_SMOTE,RFEXGB,supervised,LR,SMOTE,61,0,0.052828951042663094,0.04595195730557651,0.006876993737086595,0.09878090834823962,0.5217391304347826,0.4782608695652174,TP,23,23,data/processed\X_train_rfexgb.csv,data/processed\y_train.csv,train_oof,0.5483517567913296
RFEXGB_LR_SMOTE,RFEXGB,supervised,LR,SMOTE,62,24,0.05217187548347418,0.04070536058725742,0.011466514896216761,0.0928772360707316,0.391304347826087,0.6086956521739131,TP,23,23,data/processed\X_train_rfexgb.csv,data/processed\y_train.csv,train_oof,0.5483517567913296
RFEXGB_LR_SMOTE,RFEXGB,supervised,LR,SMOTE,63,227,0.05082187864818162,0.04044529874793757,0.010376579900244055,0.0912671773961192,0.6521739130434783,0.34782608695652173,TP,23,23,data/processed\X_train_rfexgb.csv,data/processed\y_train.csv,train_oof,0.5483517567913296
RFEXGB_LR_SMOTE,RFEXGB,supervised,LR,SMOTE,64,77,0.050300188409890915,0.09606313731287615,-0.045762948902985226,0.14636332572276706,0.43478260869565216,0.5652173913043478,TP,23,23,data/processed\X_train_rfexgb.csv,data/processed\y_train.csv,train_oof,0.5483517567913296
RFEXGB_LR_SMOTE,RFEXGB,supervised,LR,SMOTE,65,334,0.04945886494784634,0.09610701953130057,-0.04664815458345423,0.14556588447914692,0.6086956521739131,0.391304347826087,TP,23,23,data/processed\X_train_rfexgb.csv,data/processed\y_train.csv,train_oof,0.5483517567913296
RFEXGB_LR_SMOTE,RFEXGB,supervised,LR,SMOTE,66,30,0.047733627885396514,0.04206727121635647,0.005666356669040041,0.08980089910175298,0.5652173913043478,0.43478260869565216,TP,23,23,data/processed\X_train_rfexgb.csv,data/processed\y_train.csv,train_oof,0.5483517567913296
RFEXGB_LR_SMOTE,RFEXGB,supervised,LR,SMOTE,67,489,0.045731165653729026,0.023139885258152436,0.022591280395576598,0.06887105091188146,0.391304347826087,0.6086956521739131,TP,23,23,data/processed\X_train_rfexgb.csv,data/processed\y_train.csv,train_oof,0.5483517567913296
RFEXGB_LR_SMOTE,RFEXGB,supervised,LR,SMOTE,68,423,0.04497998538669976,0.061031197875624235,-0.016051212488924473,0.10601118326232398,0.34782608695652173,0.6521739130434783,TP,23,23,data/processed\X_train_rfexgb.csv,data/processed\y_train.csv,train_oof,0.5483517567913296
RFEXGB_LR_SMOTE,RFEXGB,supervised,LR,SMOTE,69,405,0.04294139237634949,0.037130217518928414,0.0058111748574210835,0.08007160989527792,0.4782608695652174,0.5217391304347826,TP,23,23,data/processed\X_train_rfexgb.csv,data/processed\y_train.csv,train_oof,0.5483517567913296
RFEXGB_LR_SMOTE,RFEXGB,supervised,LR,SMOTE,70,433,0.03846430165963875,0.014355257566085331,0.024109044093553415,0.05281955922572407,0.5652173913043478,0.43478260869565216,TP,23,23,data/processed\X_train_rfexgb.csv,data/processed\y_train.csv,train_oof,0.5483517567913296
RFEXGB_LR_SMOTE,RFEXGB,supervised,LR,SMOTE,71,561,0.0379136093237426,0.03727789899338615,0.0006357103303564645,0.07519150831712876,0.43478260869565216,0.5652173913043478,TP,23,23,data/processed\X_train_rfexgb.csv,data/processed\y_train.csv,train_oof,0.5483517567913296
RFEXGB_LR_SMOTE,RFEXGB,supervised,LR,SMOTE,72,81,0.03650090484105902,0.03477683124017347,0.0017240736008855499,0.07127773608123249,0.5652173913043478,0.43478260869565216,TP,23,23,data/processed\X_train_rfexgb.csv,data/processed\y_train.csv,train_oof,0.5483517567913296
RFEXGB_LR_SMOTE,RFEXGB,supervised,LR,SMOTE,73,33,0.03603594407050243,0.012011895327425207,0.024024048743077224,0.04804783939792764,0.5652173913043478,0.43478260869565216,TP,23,23,data/processed\X_train_rfexgb.csv,data/processed\y_train.csv,train_oof,0.5483517567913296
RFEXGB_LR_SMOTE,RFEXGB,supervised,LR,SMOTE,74,547,0.03588006234670924,0.022496706805063365,0.013383355541645874,0.0583767691517726,0.5652173913043478,0.43478260869565216,TP,23,23,data/processed\X_train_rfexgb.csv,data/processed\y_train.csv,train_oof,0.5483517567913296
RFEXGB_LR_SMOTE,RFEXGB,supervised,LR,SMOTE,75,406,0.033430986207501824,0.06602344975208406,-0.032592463544582236,0.0994544359595859,0.6521739130434783,0.34782608695652173,TP,23,23,data/processed\X_train_rfexgb.csv,data/processed\y_train.csv,train_oof,0.5483517567913296
RFEXGB_LR_SMOTE,RFEXGB,supervised,LR,SMOTE,76,116,0.03317210720890835,0.018398800601965207,0.014773306606943147,0.051570907810873555,0.13043478260869565,0.8695652173913043,TP,23,23,data/processed\X_train_rfexgb.csv,data/processed\y_train.csv,train_oof,0.5483517567913296
RFEXGB_LR_SMOTE,RFEXGB,supervised,LR,SMOTE,77,310,0.032589635762683575,0.05623087504381005,-0.02364123928112648,0.08882051080649363,0.391304347826087,0.6086956521739131,TP,23,23,data/processed\X_train_rfexgb.csv,data/processed\y_train.csv,train_oof,0.5483517567913296
RFEXGB_LR_SMOTE,RFEXGB,supervised,LR,SMOTE,78,100,0.03189294952666584,0.005132569812489745,0.026760379714176094,0.03702551933915559,0.6956521739130435,0.30434782608695654,TP,23,23,data/processed\X_train_rfexgb.csv,data/processed\y_train.csv,train_oof,0.5483517567913296
RFEXGB_LR_SMOTE,RFEXGB,supervised,LR,SMOTE,79,510,0.030033595577369888,0.020719705756396086,0.009313889820973795,0.05075330133376597,0.34782608695652173,0.6521739130434783,TP,23,23,data/processed\X_train_rfexgb.csv,data/processed\y_train.csv,train_oof,0.5483517567913296
RFEXGB_LR_SMOTE,RFEXGB,supervised,LR,SMOTE,80,173,0.029809240524416136,0.03873148842501684,-0.008922247900600712,0.068540728949433,0.5217391304347826,0.4782608695652174,TP,23,23,data/processed\X_train_rfexgb.csv,data/processed\y_train.csv,train_oof,0.5483517567913296
RFEXGB_LR_SMOTE,RFEXGB,supervised,LR,SMOTE,81,39,0.02943667705755483,0.023903137832263745,0.005533539225291088,0.05333981488981858,0.6956521739130435,0.30434782608695654,TP,23,23,data/processed\X_train_rfexgb.csv,data/processed\y_train.csv,train_oof,0.5483517567913296
RFEXGB_LR_SMOTE,RFEXGB,supervised,LR,SMOTE,82,131,0.028193662538992584,0.11104497760756242,-0.08285131506856984,0.139238640146555,0.34782608695652173,0.6521739130434783,TP,23,23,data/processed\X_train_rfexgb.csv,data/processed\y_train.csv,train_oof,0.5483517567913296
RFEXGB_LR_SMOTE,RFEXGB,supervised,LR,SMOTE,83,8,0.0272315415595703,0.02732859474031281,-9.705318074251035e-05,0.05456013629988311,0.5652173913043478,0.43478260869565216,TP,23,23,data/processed\X_train_rfexgb.csv,data/processed\y_train.csv,train_oof,0.5483517567913296
RFEXGB_LR_SMOTE,RFEXGB,supervised,LR,SMOTE,84,349,0.02676245725770591,0.026192960845302534,0.0005694964124033719,0.05295541810300843,0.5217391304347826,0.4782608695652174,TP,23,23,data/processed\X_train_rfexgb.csv,data/processed\y_train.csv,train_oof,0.5483517567913296
RFEXGB_LR_SMOTE,RFEXGB,supervised,LR,SMOTE,85,344,0.02632345331811218,0.015515592179061375,0.010807861139050808,0.04183904549717356,0.6086956521739131,0.391304347826087,TP,23,23,data/processed\X_train_rfexgb.csv,data/processed\y_train.csv,train_oof,0.5483517567913296
RFEXGB_LR_SMOTE,RFEXGB,supervised,LR,SMOTE,86,271,0.02537195876721856,0.06448209377523251,-0.03911013500801396,0.08985405254245107,0.4782608695652174,0.5217391304347826,TP,23,23,data/processed\X_train_rfexgb.csv,data/processed\y_train.csv,train_oof,0.5483517567913296
RFEXGB_LR_SMOTE,RFEXGB,supervised,LR,SMOTE,87,471,0.025331113111584574,0.010116436654309903,0.015214676457274671,0.03544754976589448,0.21739130434782608,0.782608695652174,TP,23,23,data/processed\X_train_rfexgb.csv,data/processed\y_train.csv,train_oof,0.5483517567913296
RFEXGB_LR_SMOTE,RFEXGB,supervised,LR,SMOTE,88,553,0.024273781451887532,0.015643249150017153,0.008630532301870377,0.03991703060190468,0.6521739130434783,0.34782608695652173,TP,23,23,data/processed\X_train_rfexgb.csv,data/processed\y_train.csv,train_oof,0.5483517567913296
RFEXGB_LR_SMOTE,RFEXGB,supervised,LR,SMOTE,89,296,0.0237198526538245,0.01813295522499264,0.005586897428831863,0.04185280787881715,0.5652173913043478,0.43478260869565216,TP,23,23,data/processed\X_train_rfexgb.csv,data/processed\y_train.csv,train_oof,0.5483517567913296
RFEXGB_LR_SMOTE,RFEXGB,supervised,LR,SMOTE,90,126,0.02100231265428686,0.007147283696107022,0.013855028958179841,0.028149596350393876,0.6086956521739131,0.391304347826087,TP,23,23,data/processed\X_train_rfexgb.csv,data/processed\y_train.csv,train_oof,0.5483517567913296
RFEXGB_LR_SMOTE,RFEXGB,supervised,LR,SMOTE,91,412,0.020254262423800854,0.04082148263351993,-0.020567220209719083,0.061075745057320795,0.2608695652173913,0.7391304347826086,TP,23,23,data/processed\X_train_rfexgb.csv,data/processed\y_train.csv,train_oof,0.5483517567913296
RFEXGB_LR_SMOTE,RFEXGB,supervised,LR,SMOTE,92,353,0.01651667191957656,0.016588992838866723,-7.232091929016072e-05,0.03310566475844329,0.391304347826087,0.6086956521739131,TP,23,23,data/processed\X_train_rfexgb.csv,data/processed\y_train.csv,train_oof,0.5483517567913296
RFEXGB_LR_SMOTE,RFEXGB,supervised,LR,SMOTE,93,37,0.013938488809548972,0.02869444809221512,-0.014755959282666148,0.04263293690176409,0.30434782608695654,0.6956521739130435,TP,23,23,data/processed\X_train_rfexgb.csv,data/processed\y_train.csv,train_oof,0.5483517567913296
RFEXGB_LR_SMOTE,RFEXGB,supervised,LR,SMOTE,94,574,0.013336541387529474,0.0,0.013336541387529474,0.013336541387529474,1.0,0.0,TP,23,23,data/processed\X_train_rfexgb.csv,data/processed\y_train.csv,train_oof,0.5483517567913296
RFEXGB_LR_SMOTE,RFEXGB,supervised,LR,SMOTE,95,162,0.012280874133361671,0.013604745626516163,-0.0013238714931544883,0.025885619759877833,0.6956521739130435,0.30434782608695654,TP,23,23,data/processed\X_train_rfexgb.csv,data/processed\y_train.csv,train_oof,0.5483517567913296
RFEXGB_LR_SMOTE,RFEXGB,supervised,LR,SMOTE,96,139,0.011293945915344784,0.005940414233936051,0.005353531681408733,0.017234360149280835,0.782608695652174,0.21739130434782608,TP,23,23,data/processed\X_train_rfexgb.csv,data/processed\y_train.csv,train_oof,0.5483517567913296
RFEXGB_LR_SMOTE,RFEXGB,supervised,LR,SMOTE,97,156,0.010065909189972381,0.015180340769238514,-0.005114431579266129,0.025246249959210897,0.21739130434782608,0.782608695652174,TP,23,23,data/processed\X_train_rfexgb.csv,data/processed\y_train.csv,train_oof,0.5483517567913296
RFEXGB_LR_SMOTE,RFEXGB,supervised,LR,SMOTE,98,15,0.009182810513458364,0.027129744589742585,-0.017946934076284216,0.036312555103200944,0.391304347826087,0.6086956521739131,TP,23,23,data/processed\X_train_rfexgb.csv,data/processed\y_train.csv,train_oof,0.5483517567913296
RFEXGB_LR_SMOTE,RFEXGB,supervised,LR,SMOTE,99,316,0.007163046072666318,0.003540799736776407,0.0036222463358899105,0.010703845809442725,0.6956521739130435,0.30434782608695654,TP,23,23,data/processed\X_train_rfexgb.csv,data/processed\y_train.csv,train_oof,0.5483517567913296
RFEXGB_LR_SMOTE,RFEXGB,supervised,LR,SMOTE,100,71,0.006155546060143621,0.01407157164277316,-0.007916025582629539,0.020227117702916783,0.391304347826087,0.6086956521739131,TP,23,23,data/processed\X_train_rfexgb.csv,data/processed\y_train.csv,train_oof,0.5483517567913296
RFEXGB_LR_SMOTE,RFEXGB,supervised,LR,SMOTE,101,2,0.0028773756164161297,0.007721425194022346,-0.004844049577606215,0.010598800810438474,0.34782608695652173,0.6521739130434783,TP,23,23,data/processed\X_train_rfexgb.csv,data/processed\y_train.csv,train_oof,0.5483517567913296
RFEXGB_LR_SMOTE,RFEXGB,supervised,LR,SMOTE,102,9,0.002611127725722026,0.0016241815541050341,0.0009869461716169917,0.004235309279827061,0.6086956521739131,0.391304347826087,TP,23,23,data/processed\X_train_rfexgb.csv,data/processed\y_train.csv,train_oof,0.5483517567913296
RFEXGB_LR_SMOTE,RFEXGB,supervised,LR,SMOTE,103,165,0.002441273226178747,0.014858649850776234,-0.01241737662459749,0.017299923076954982,0.782608695652174,0.21739130434782608,TP,23,23,data/processed\X_train_rfexgb.csv,data/processed\y_train.csv,train_oof,0.5483517567913296
RFEXGB_LR_SMOTE,RFEXGB,supervised,LR,SMOTE,104,91,0.002204122230579069,0.002829358814218569,-0.0006252365836394998,0.005033481044797639,0.4782608695652174,0.5217391304347826,TP,23,23,data/processed\X_train_rfexgb.csv,data/processed\y_train.csv,train_oof,0.5483517567913296
RFEXGB_LR_SMOTE,RFEXGB,supervised,LR,SMOTE,105,18,0.0019252123938008033,0.004602993521993602,-0.0026777811281927973,0.006528205915794405,0.4782608695652174,0.5217391304347826,TP,23,23,data/processed\X_train_rfexgb.csv,data/processed\y_train.csv,train_oof,0.5483517567913296
RFEXGB_LR_SMOTE,RFEXGB,supervised,LR,SMOTE,106,58,0.0013513603808320799,0.0009968831113882429,0.0003544772694438369,0.0023482434922203225,0.4782608695652174,0.5217391304347826,TP,23,23,data/processed\X_train_rfexgb.csv,data/processed\y_train.csv,train_oof,0.5483517567913296
RFEXGB_LR_SMOTE,RFEXGB,supervised,LR,SMOTE,107,182,0.001007488659458998,0.0027994502842323254,-0.0017919616247733267,0.0038069389436913245,0.34782608695652173,0.6521739130434783,TP,23,23,data/processed\X_train_rfexgb.csv,data/processed\y_train.csv,train_oof,0.5483517567913296
RFEXGB_LR_SMOTE,RFEXGB,supervised,LR,SMOTE,108,88,0.0008283078918159405,0.000978955170141977,-0.00015064727832603663,0.0018072630619579172,0.43478260869565216,0.5652173913043478,TP,23,23,data/processed\X_train_rfexgb.csv,data/processed\y_train.csv,train_oof,0.5483517567913296
RFEXGB_LR_SMOTE,RFEXGB,supervised,LR,SMOTE,109,551,0.0005924311176432553,6.895409129119724e-05,0.0005234770263520581,0.0006613852089344524,0.7391304347826086,0.2608695652173913,TP,23,23,data/processed\X_train_rfexgb.csv,data/processed\y_train.csv,train_oof,0.5483517567913296
RFEXGB_LR_SMOTE,RFEXGB,supervised,LR,SMOTE,110,67,0.00027213769719588234,0.0006089752796754516,-0.0003368375824795693,0.000881112976871334,0.34782608695652173,0.6521739130434783,TP,23,23,data/processed\X_train_rfexgb.csv,data/processed\y_train.csv,train_oof,0.5483517567913296
RFEXGB_LR_SMOTE,RFEXGB,supervised,LR,SMOTE,111,252,0.00027002892961950893,0.000544864212949159,-0.0002748352833296502,0.000814893142568668,0.391304347826087,0.6086956521739131,TP,23,23,data/processed\X_train_rfexgb.csv,data/processed\y_train.csv,train_oof,0.5483517567913296
RFEXGB_LR_SMOTE,RFEXGB,supervised,LR,SMOTE,112,275,3.378193570903096e-05,2.7881151072577977e-05,5.900784636452987e-06,6.166308678160895e-05,0.6086956521739131,0.391304347826087,TP,23,23,data/processed\X_train_rfexgb.csv,data/processed\y_train.csv,train_oof,0.5483517567913296
RFEXGB_LR_NoResample,RFEXGB,supervised,LR,NoResample,1,59,0.8184346189077416,0.08618409360637376,0.7322505253013676,0.9046187125141153,0.8214285714285714,0.17857142857142858,TP,28,28,data/processed\X_train_rfexgb.csv,data/processed\y_train.csv,train_oof,0.1905491962006118
RFEXGB_LR_NoResample,RFEXGB,supervised,LR,NoResample,2,64,0.6207441005405429,0.1434700794963419,0.47727402104420097,0.7642141800368848,0.7142857142857143,0.2857142857142857,TP,28,28,data/processed\X_train_rfexgb.csv,data/processed\y_train.csv,train_oof,0.1905491962006118
RFEXGB_LR_NoResample,RFEXGB,supervised,LR,NoResample,3,56,0.33166239281818094,0.15254742480050448,0.1791149680176765,0.4842098176186854,0.7857142857142857,0.21428571428571427,TP,28,28,data/processed\X_train_rfexgb.csv,data/processed\y_train.csv,train_oof,0.1905491962006118
RFEXGB_LR_NoResample,RFEXGB,supervised,LR,NoResample,4,132,0.2881831106156555,0.31824739659540274,-0.030064285979747262,0.6064305072110582,0.39285714285714285,0.6071428571428571,TP,28,28,data/processed\X_train_rfexgb.csv,data/processed\y_train.csv,train_oof,0.1905491962006118
RFEXGB_LR_NoResample,RFEXGB,supervised,LR,NoResample,5,129,0.27991483789085264,0.06825003678337453,0.21166480110747812,0.34816487467422724,0.8214285714285714,0.17857142857142858,TP,28,28,data/processed\X_train_rfexgb.csv,data/processed\y_train.csv,train_oof,0.1905491962006118
RFEXGB_LR_NoResample,RFEXGB,supervised,LR,NoResample,6,55,0.27692641701515414,0.2314856165144717,0.0454408005006824,0.5084120335296258,0.4642857142857143,0.5357142857142857,TP,28,28,data/processed\X_train_rfexgb.csv,data/processed\y_train.csv,train_oof,0.1905491962006118
RFEXGB_LR_NoResample,RFEXGB,supervised,LR,NoResample,7,75,0.2446443689577307,0.10630456091743636,0.13833980804029433,0.3509489298751672,0.5,0.5,TP,28,28,data/processed\X_train_rfexgb.csv,data/processed\y_train.csv,train_oof,0.1905491962006118
RFEXGB_LR_NoResample,RFEXGB,supervised,LR,NoResample,8,511,0.24079912297838055,0.1014884105488911,0.13931071242948947,0.34228753352727154,0.5714285714285714,0.42857142857142855,TP,28,28,data/processed\X_train_rfexgb.csv,data/processed\y_train.csv,train_oof,0.1905491962006118
RFEXGB_LR_NoResample,RFEXGB,supervised,LR,NoResample,9,280,0.21892500170670018,0.03255807717689389,0.1863669245298063,0.251483078883594,0.7142857142857143,0.2857142857142857,TP,28,28,data/processed\X_train_rfexgb.csv,data/processed\y_train.csv,train_oof,0.1905491962006118
RFEXGB_LR_NoResample,RFEXGB,supervised,LR,NoResample,10,582,0.21622404157388297,0.0389453395313686,0.1772787020425144,0.25516938110525156,0.75,0.25,TP,28,28,data/processed\X_train_rfexgb.csv,data/processed\y_train.csv,train_oof,0.1905491962006118
RFEXGB_LR_NoResample,RFEXGB,supervised,LR,NoResample,11,122,0.21124427796849024,0.08077290460473525,0.13047137336375503,0.2920171825732255,0.6428571428571429,0.35714285714285715,TP,28,28,data/processed\X_train_rfexgb.csv,data/processed\y_train.csv,train_oof,0.1905491962006118
RFEXGB_LR_NoResample,RFEXGB,supervised,LR,NoResample,12,21,0.20800057307096145,0.03555331556917021,0.17244725750179124,0.24355388864013167,0.7857142857142857,0.21428571428571427,TP,28,28,data/processed\X_train_rfexgb.csv,data/processed\y_train.csv,train_oof,0.1905491962006118
RFEXGB_LR_NoResample,RFEXGB,supervised,LR,NoResample,13,333,0.1887190319881759,0.03460689456937345,0.15411213741880242,0.22332592655754932,0.6071428571428571,0.39285714285714285,TP,28,28,data/processed\X_train_rfexgb.csv,data/processed\y_train.csv,train_oof,0.1905491962006118
RFEXGB_LR_NoResample,RFEXGB,supervised,LR,NoResample,14,14,0.18271723646866148,0.057124527180066165,0.12559270928859528,0.2398417636487277,0.6071428571428571,0.39285714285714285,TP,28,28,data/processed\X_train_rfexgb.csv,data/processed\y_train.csv,train_oof,0.1905491962006118
RFEXGB_LR_NoResample,RFEXGB,supervised,LR,NoResample,15,551,0.17540584384627636,0.010264691990162974,0.16514115185611342,0.18567053583643928,0.7142857142857143,0.2857142857142857,TP,28,28,data/processed\X_train_rfexgb.csv,data/processed\y_train.csv,train_oof,0.1905491962006118
RFEXGB_LR_NoResample,RFEXGB,supervised,LR,NoResample,16,486,0.1662451180270418,0.113490684325292,0.05275443370174982,0.27973580235233386,0.4642857142857143,0.5357142857142857,TP,28,28,data/processed\X_train_rfexgb.csv,data/processed\y_train.csv,train_oof,0.1905491962006118
RFEXGB_LR_NoResample,RFEXGB,supervised,LR,NoResample,17,19,0.16443244411861252,0.0009568446409678582,0.16347559947764467,0.1653892887595804,0.9642857142857143,0.03571428571428571,TP,28,28,data/processed\X_train_rfexgb.csv,data/processed\y_train.csv,train_oof,0.1905491962006118
RFEXGB_LR_NoResample,RFEXGB,supervised,LR,NoResample,18,200,0.15883428390667118,0.07709955896926404,0.08173472493740715,0.2359338428759352,0.6785714285714286,0.32142857142857145,TP,28,28,data/processed\X_train_rfexgb.csv,data/processed\y_train.csv,train_oof,0.1905491962006118
RFEXGB_LR_NoResample,RFEXGB,supervised,LR,NoResample,19,130,0.15803105298548953,0.07945651685058695,0.07857453613490255,0.23748756983607647,0.6428571428571429,0.35714285714285715,TP,28,28,data/processed\X_train_rfexgb.csv,data/processed\y_train.csv,train_oof,0.1905491962006118
RFEXGB_LR_NoResample,RFEXGB,supervised,LR,NoResample,20,488,0.15559588421065204,0.058233849552421786,0.09736203465823026,0.21382973376307382,0.6071428571428571,0.39285714285714285,TP,28,28,data/processed\X_train_rfexgb.csv,data/processed\y_train.csv,train_oof,0.1905491962006118
RFEXGB_LR_NoResample,RFEXGB,supervised,LR,NoResample,21,103,0.1476370148713681,0.0080279197372499,0.13960909513411818,0.155664934608618,0.8571428571428571,0.14285714285714285,TP,28,28,data/processed\X_train_rfexgb.csv,data/processed\y_train.csv,train_oof,0.1905491962006118
RFEXGB_LR_NoResample,RFEXGB,supervised,LR,NoResample,22,107,0.1350430211330161,0.04293906962246337,0.09210395151055274,0.1779820907554795,0.5714285714285714,0.42857142857142855,TP,28,28,data/processed\X_train_rfexgb.csv,data/processed\y_train.csv,train_oof,0.1905491962006118
RFEXGB_LR_NoResample,RFEXGB,supervised,LR,NoResample,23,281,0.13182015084877322,0.03810601200631796,0.09371413884245526,0.16992616285509118,0.8571428571428571,0.14285714285714285,TP,28,28,data/processed\X_train_rfexgb.csv,data/processed\y_train.csv,train_oof,0.1905491962006118
RFEXGB_LR_NoResample,RFEXGB,supervised,LR,NoResample,24,416,0.13045801678390873,0.06555619591322638,0.06490182087068233,0.19601421269713507,0.6428571428571429,0.35714285714285715,TP,28,28,data/processed\X_train_rfexgb.csv,data/processed\y_train.csv,train_oof,0.1905491962006118
RFEXGB_LR_NoResample,RFEXGB,supervised,LR,NoResample,25,545,0.12885991273898814,0.0021210232454810015,0.12673888949350715,0.1309809359844691,0.9285714285714286,0.07142857142857142,TP,28,28,data/processed\X_train_rfexgb.csv,data/processed\y_train.csv,train_oof,0.1905491962006118
RFEXGB_LR_NoResample,RFEXGB,supervised,LR,NoResample,26,563,0.12198872019658157,0.06285332431428213,0.059135395882299435,0.1848420445108637,0.6428571428571429,0.35714285714285715,TP,28,28,data/processed\X_train_rfexgb.csv,data/processed\y_train.csv,train_oof,0.1905491962006118
RFEXGB_LR_NoResample,RFEXGB,supervised,LR,NoResample,27,428,0.11886748845775763,0.004420226173863789,0.11444726228389383,0.12328771463162146,0.8214285714285714,0.17857142857142858,TP,28,28,data/processed\X_train_rfexgb.csv,data/processed\y_train.csv,train_oof,0.1905491962006118
RFEXGB_LR_NoResample,RFEXGB,supervised,LR,NoResample,28,588,0.11886066783997537,0.019570310280668645,0.09929035755930671,0.138430978120644,0.7142857142857143,0.2857142857142857,TP,28,28,data/processed\X_train_rfexgb.csv,data/processed\y_train.csv,train_oof,0.1905491962006118
RFEXGB_LR_NoResample,RFEXGB,supervised,LR,NoResample,29,102,0.11813986585739668,0.04598666957627585,0.07215319628112082,0.16412653543367253,0.75,0.25,TP,28,28,data/processed\X_train_rfexgb.csv,data/processed\y_train.csv,train_oof,0.1905491962006118
RFEXGB_LR_NoResample,RFEXGB,supervised,LR,NoResample,30,484,0.11105294053497226,0.020666029149421644,0.09038691138555062,0.13171896968439392,0.7857142857142857,0.21428571428571427,TP,28,28,data/processed\X_train_rfexgb.csv,data/processed\y_train.csv,train_oof,0.1905491962006118
RFEXGB_LR_NoResample,RFEXGB,supervised,LR,NoResample,31,460,0.09831868007661404,0.04092067439868998,0.05739800567792404,0.13923935447530403,0.5,0.5,TP,28,28,data/processed\X_train_rfexgb.csv,data/processed\y_train.csv,train_oof,0.1905491962006118
RFEXGB_LR_NoResample,RFEXGB,supervised,LR,NoResample,32,566,0.0946374964853657,0.08099645038261002,0.013641046102755674,0.17563394686797568,0.5,0.5,TP,28,28,data/processed\X_train_rfexgb.csv,data/processed\y_train.csv,train_oof,0.1905491962006118
RFEXGB_LR_NoResample,RFEXGB,supervised,LR,NoResample,33,33,0.08741277082389264,0.01285182101914314,0.07456094980474948,0.10026459184303578,0.4642857142857143,0.5357142857142857,TP,28,28,data/processed\X_train_rfexgb.csv,data/processed\y_train.csv,train_oof,0.1905491962006118
RFEXGB_LR_NoResample,RFEXGB,supervised,LR,NoResample,34,510,0.08569454938508943,0.02770681291763972,0.05798773646744971,0.11340136230272914,0.4642857142857143,0.5357142857142857,TP,28,28,data/processed\X_train_rfexgb.csv,data/processed\y_train.csv,train_oof,0.1905491962006118
RFEXGB_LR_NoResample,RFEXGB,supervised,LR,NoResample,35,124,0.08311912589658939,0.031018757597163105,0.05210036829942629,0.11413788349375249,0.7142857142857143,0.2857142857142857,TP,28,28,data/processed\X_train_rfexgb.csv,data/processed\y_train.csv,train_oof,0.1905491962006118
RFEXGB_LR_NoResample,RFEXGB,supervised,LR,NoResample,36,269,0.08143624597975974,0.10092434905947142,-0.019488103079711685,0.18236059503923122,0.5,0.5,TP,28,28,data/processed\X_train_rfexgb.csv,data/processed\y_train.csv,train_oof,0.1905491962006118
RFEXGB_LR_NoResample,RFEXGB,supervised,LR,NoResample,37,586,0.08054669332725369,0.04234361063296656,0.03820308269428715,0.12289030396022024,0.5714285714285714,0.42857142857142855,TP,28,28,data/processed\X_train_rfexgb.csv,data/processed\y_train.csv,train_oof,0.1905491962006118
RFEXGB_LR_NoResample,RFEXGB,supervised,LR,NoResample,38,217,0.08009588269111058,0.04032175608759884,0.03977412660351173,0.1204176387787094,0.5,0.5,TP,28,28,data/processed\X_train_rfexgb.csv,data/processed\y_train.csv,train_oof,0.1905491962006118
RFEXGB_LR_NoResample,RFEXGB,supervised,LR,NoResample,39,471,0.07787911919859304,0.032528341562902324,0.045350777635690696,0.11040746076149537,0.25,0.75,TP,28,28,data/processed\X_train_rfexgb.csv,data/processed\y_train.csv,train_oof,0.1905491962006118
RFEXGB_LR_NoResample,RFEXGB,supervised,LR,NoResample,40,92,0.07588394715332888,0.06559590946587449,0.010288037687454376,0.1414798566192034,0.5357142857142857,0.4642857142857143,TP,28,28,data/processed\X_train_rfexgb.csv,data/processed\y_train.csv,train_oof,0.1905491962006118
RFEXGB_LR_NoResample,RFEXGB,supervised,LR,NoResample,41,561,0.07576513378013218,0.08470511458771406,-0.008939980807581892,0.16047024836784624,0.42857142857142855,0.5714285714285714,TP,28,28,data/processed\X_train_rfexgb.csv,data/processed\y_train.csv,train_oof,0.1905491962006118
RFEXGB_LR_NoResample,RFEXGB,supervised,LR,NoResample,42,338,0.07422627553172627,0.05616619942125019,0.018060076110476084,0.13039247495297643,0.6428571428571429,0.35714285714285715,TP,28,28,data/processed\X_train_rfexgb.csv,data/processed\y_train.csv,train_oof,0.1905491962006118
RFEXGB_LR_NoResample,RFEXGB,supervised,LR,NoResample,43,90,0.07088468899307013,0.08092455556860942,-0.010039866575539291,0.15180924456167957,0.5,0.5,TP,28,28,data/processed\X_train_rfexgb.csv,data/processed\y_train.csv,train_oof,0.1905491962006118
RFEXGB_LR_NoResample,RFEXGB,supervised,LR,NoResample,44,144,0.07032205727410255,0.014369915447108436,0.055952141826994116,0.08469197272121098,0.7857142857142857,0.21428571428571427,TP,28,28,data/processed\X_train_rfexgb.csv,data/processed\y_train.csv,train_oof,0.1905491962006118
RFEXGB_LR_NoResample,RFEXGB,supervised,LR,NoResample,45,100,0.07001612907298164,0.010859867252941033,0.05915626182004063,0.08087599632592267,0.75,0.25,TP,28,28,data/processed\X_train_rfexgb.csv,data/processed\y_train.csv,train_oof,0.1905491962006118
RFEXGB_LR_NoResample,RFEXGB,supervised,LR,NoResample,46,348,0.06926807114411361,0.009894125122934586,0.05937394602117903,0.0791621962670482,0.6428571428571429,0.35714285714285715,TP,28,28,data/processed\X_train_rfexgb.csv,data/processed\y_train.csv,train_oof,0.1905491962006118
RFEXGB_LR_NoResample,RFEXGB,supervised,LR,NoResample,47,125,0.06702475054907017,0.1161695588781961,-0.049144808329125926,0.18319430942726628,0.35714285714285715,0.6428571428571429,TP,28,28,data/processed\X_train_rfexgb.csv,data/processed\y_train.csv,train_oof,0.1905491962006118
RFEXGB_LR_NoResample,RFEXGB,supervised,LR,NoResample,48,98,0.0660706462606107,0.02695906398819833,0.03911158227241238,0.09302971024880903,0.7142857142857143,0.2857142857142857,TP,28,28,data/processed\X_train_rfexgb.csv,data/processed\y_train.csv,train_oof,0.1905491962006118
RFEXGB_LR_NoResample,RFEXGB,supervised,LR,NoResample,49,154,0.06540363073304882,0.06516983203618162,0.0002337986968671982,0.13057346276923046,0.39285714285714285,0.6071428571428571,TP,28,28,data/processed\X_train_rfexgb.csv,data/processed\y_train.csv,train_oof,0.1905491962006118
RFEXGB_LR_NoResample,RFEXGB,supervised,LR,NoResample,50,344,0.06499639362706183,0.03348585759111457,0.031510536035947265,0.0984822512181764,0.5714285714285714,0.42857142857142855,TP,28,28,data/processed\X_train_rfexgb.csv,data/processed\y_train.csv,train_oof,0.1905491962006118
RFEXGB_LR_NoResample,RFEXGB,supervised,LR,NoResample,51,477,0.06459223828090416,0.005253188746755155,0.059339049534149,0.06984542702765931,0.7857142857142857,0.21428571428571427,TP,28,28,data/processed\X_train_rfexgb.csv,data/processed\y_train.csv,train_oof,0.1905491962006118
RFEXGB_LR_NoResample,RFEXGB,supervised,LR,NoResample,52,349,0.06350243449901118,0.05386535457080183,0.009637079928209353,0.117367789069813,0.5,0.5,TP,28,28,data/processed\X_train_rfexgb.csv,data/processed\y_train.csv,train_oof,0.1905491962006118
RFEXGB_LR_NoResample,RFEXGB,supervised,LR,NoResample,53,183,0.062173395655063586,0.057707112858775,0.004466282796288594,0.11988050851383858,0.5,0.5,TP,28,28,data/processed\X_train_rfexgb.csv,data/processed\y_train.csv,train_oof,0.1905491962006118
RFEXGB_LR_NoResample,RFEXGB,supervised,LR,NoResample,54,337,0.06084486272956029,0.10794755300017171,-0.04710269027061141,0.16879241572973203,0.39285714285714285,0.6071428571428571,TP,28,28,data/processed\X_train_rfexgb.csv,data/processed\y_train.csv,train_oof,0.1905491962006118
RFEXGB_LR_NoResample,RFEXGB,supervised,LR,NoResample,55,433,0.05890929567170667,0.027478802892845478,0.03143049277886119,0.08638809856455214,0.4642857142857143,0.5357142857142857,TP,28,28,data/processed\X_train_rfexgb.csv,data/processed\y_train.csv,train_oof,0.1905491962006118
RFEXGB_LR_NoResample,RFEXGB,supervised,LR,NoResample,56,51,0.05865798594641349,0.03631108134228039,0.02234690460413311,0.09496906728869389,0.6785714285714286,0.32142857142857145,TP,28,28,data/processed\X_train_rfexgb.csv,data/processed\y_train.csv,train_oof,0.1905491962006118
RFEXGB_LR_NoResample,RFEXGB,supervised,LR,NoResample,57,310,0.05814927861245987,0.04978030681327086,0.008368971799188992,0.10792958542573075,0.5,0.5,TP,28,28,data/processed\X_train_rfexgb.csv,data/processed\y_train.csv,train_oof,0.1905491962006118
RFEXGB_LR_NoResample,RFEXGB,supervised,LR,NoResample,58,377,0.05812582727653649,0.010487534585063159,0.047638292691473336,0.06861336186159965,0.7857142857142857,0.21428571428571427,TP,28,28,data/processed\X_train_rfexgb.csv,data/processed\y_train.csv,train_oof,0.1905491962006118
RFEXGB_LR_NoResample,RFEXGB,supervised,LR,NoResample,59,423,0.05699990315126282,0.06177806776047149,-0.004778164609208681,0.11877797091173428,0.35714285714285715,0.6428571428571429,TP,28,28,data/processed\X_train_rfexgb.csv,data/processed\y_train.csv,train_oof,0.1905491962006118
RFEXGB_LR_NoResample,RFEXGB,supervised,LR,NoResample,60,547,0.05643917767784584,0.03743166356837159,0.019007514109474245,0.09387084124621743,0.6071428571428571,0.39285714285714285,TP,28,28,data/processed\X_train_rfexgb.csv,data/processed\y_train.csv,train_oof,0.1905491962006118
RFEXGB_LR_NoResample,RFEXGB,supervised,LR,NoResample,61,71,0.05407130673392658,0.12108519226164903,-0.06701388552772246,0.1751564989955756,0.35714285714285715,0.6428571428571429,TP,28,28,data/processed\X_train_rfexgb.csv,data/processed\y_train.csv,train_oof,0.1905491962006118
RFEXGB_LR_NoResample,RFEXGB,supervised,LR,NoResample,62,419,0.0535490673991254,0.04671436131392082,0.0068347060852045885,0.10026342871304625,0.5357142857142857,0.4642857142857143,TP,28,28,data/processed\X_train_rfexgb.csv,data/processed\y_train.csv,train_oof,0.1905491962006118
RFEXGB_LR_NoResample,RFEXGB,supervised,LR,NoResample,63,31,0.049807501663893715,0.03848196254685273,0.011325539117040985,0.08828946421074647,0.8571428571428571,0.14285714285714285,TP,28,28,data/processed\X_train_rfexgb.csv,data/processed\y_train.csv,train_oof,0.1905491962006118
RFEXGB_LR_NoResample,RFEXGB,supervised,LR,NoResample,64,480,0.04977110777481376,0.035909261497834265,0.01386184627697949,0.08568036927264801,0.6428571428571429,0.35714285714285715,TP,28,28,data/processed\X_train_rfexgb.csv,data/processed\y_train.csv,train_oof,0.1905491962006118
RFEXGB_LR_NoResample,RFEXGB,supervised,LR,NoResample,65,553,0.0484004899796927,0.1019404900294804,-0.05354000004978767,0.15034098000917306,0.6071428571428571,0.39285714285714285,TP,28,28,data/processed\X_train_rfexgb.csv,data/processed\y_train.csv,train_oof,0.1905491962006118
RFEXGB_LR_NoResample,RFEXGB,supervised,LR,NoResample,66,405,0.047731044730678004,0.0592376358711093,-0.011506591140431297,0.10696868060178731,0.42857142857142855,0.5714285714285714,TP,28,28,data/processed\X_train_rfexgb.csv,data/processed\y_train.csv,train_oof,0.1905491962006118
RFEXGB_LR_NoResample,RFEXGB,supervised,LR,NoResample,67,173,0.041971297598541915,0.06796482522319777,-0.025993527624655854,0.1099361228217397,0.42857142857142855,0.5714285714285714,TP,28,28,data/processed\X_train_rfexgb.csv,data/processed\y_train.csv,train_oof,0.1905491962006118
RFEXGB_LR_NoResample,RFEXGB,supervised,LR,NoResample,68,271,0.04003811926636364,0.010251988734048131,0.029786130532315516,0.050290108000411775,0.6071428571428571,0.39285714285714285,TP,28,28,data/processed\X_train_rfexgb.csv,data/processed\y_train.csv,train_oof,0.1905491962006118
RFEXGB_LR_NoResample,RFEXGB,supervised,LR,NoResample,69,79,0.03997006287677384,0.010557848347294533,0.029412214529479303,0.05052791122406835,0.6785714285714286,0.32142857142857145,TP,28,28,data/processed\X_train_rfexgb.csv,data/processed\y_train.csv,train_oof,0.1905491962006118
RFEXGB_LR_NoResample,RFEXGB,supervised,LR,NoResample,70,296,0.03985814725438479,0.027928507366095028,0.011929639888289763,0.06778665462047982,0.5714285714285714,0.42857142857142855,TP,28,28,data/processed\X_train_rfexgb.csv,data/processed\y_train.csv,train_oof,0.1905491962006118
RFEXGB_LR_NoResample,RFEXGB,supervised,LR,NoResample,71,334,0.03930836520298199,0.08092104771326247,-0.04161268251028048,0.12022941291624445,0.5714285714285714,0.42857142857142855,TP,28,28,data/processed\X_train_rfexgb.csv,data/processed\y_train.csv,train_oof,0.1905491962006118
RFEXGB_LR_NoResample,RFEXGB,supervised,LR,NoResample,72,589,0.038770551634141406,0.06470744918977693,-0.02593689755563552,0.10347800082391835,0.5,0.5,TP,28,28,data/processed\X_train_rfexgb.csv,data/processed\y_train.csv,train_oof,0.1905491962006118
RFEXGB_LR_NoResample,RFEXGB,supervised,LR,NoResample,73,295,0.0380189916117874,0.005205862663687727,0.032813128948099665,0.04322485427547513,0.5357142857142857,0.4642857142857143,TP,28,28,data/processed\X_train_rfexgb.csv,data/processed\y_train.csv,train_oof,0.1905491962006118
RFEXGB_LR_NoResample,RFEXGB,supervised,LR,NoResample,74,84,0.03633807168736517,0.04184210413188601,-0.005504032444520833,0.07818017581925117,0.4642857142857143,0.5357142857142857,TP,28,28,data/processed\X_train_rfexgb.csv,data/processed\y_train.csv,train_oof,0.1905491962006118
RFEXGB_LR_NoResample,RFEXGB,supervised,LR,NoResample,75,406,0.03480264843646507,0.07526492119176098,-0.0404622727552959,0.11006756962822606,0.6071428571428571,0.39285714285714285,TP,28,28,data/processed\X_train_rfexgb.csv,data/processed\y_train.csv,train_oof,0.1905491962006118
RFEXGB_LR_NoResample,RFEXGB,supervised,LR,NoResample,76,58,0.032438321979089906,0.016980652665421845,0.015457669313668066,0.04941897464451174,0.5357142857142857,0.4642857142857143,TP,28,28,data/processed\X_train_rfexgb.csv,data/processed\y_train.csv,train_oof,0.1905491962006118
RFEXGB_LR_NoResample,RFEXGB,supervised,LR,NoResample,77,81,0.032125324262110434,0.03172776299030375,0.00039756127180668393,0.06385308725241416,0.5,0.5,TP,28,28,data/processed\X_train_rfexgb.csv,data/processed\y_train.csv,train_oof,0.1905491962006118
RFEXGB_LR_NoResample,RFEXGB,supervised,LR,NoResample,78,77,0.031419985615923,0.05847389911946811,-0.027053913503545135,0.0898938847353911,0.42857142857142855,0.5714285714285714,TP,28,28,data/processed\X_train_rfexgb.csv,data/processed\y_train.csv,train_oof,0.1905491962006118
RFEXGB_LR_NoResample,RFEXGB,supervised,LR,NoResample,79,68,0.027834911671263927,0.030487207716874944,-0.0026522960456110225,0.05832211938813887,0.4642857142857143,0.5357142857142857,TP,28,28,data/processed\X_train_rfexgb.csv,data/processed\y_train.csv,train_oof,0.1905491962006118
RFEXGB_LR_NoResample,RFEXGB,supervised,LR,NoResample,80,489,0.027201633723227547,0.016547864818203972,0.01065376890502358,0.043749498541431515,0.39285714285714285,0.6071428571428571,TP,28,28,data/processed\X_train_rfexgb.csv,data/processed\y_train.csv,train_oof,0.1905491962006118
RFEXGB_LR_NoResample,RFEXGB,supervised,LR,NoResample,81,91,0.025728069975432383,0.04927228459720251,-0.023544214621770133,0.07500035457263486,0.5,0.5,TP,28,28,data/processed\X_train_rfexgb.csv,data/processed\y_train.csv,train_oof,0.1905491962006118
RFEXGB_LR_NoResample,RFEXGB,supervised,LR,NoResample,82,30,0.02530578844887842,0.022592688745649514,0.002713099703228902,0.04789847719452794,0.5357142857142857,0.4642857142857143,TP,28,28,data/processed\X_train_rfexgb.csv,data/processed\y_train.csv,train_oof,0.1905491962006118
RFEXGB_LR_NoResample,RFEXGB,supervised,LR,NoResample,83,227,0.023022156593980114,0.020706050238995743,0.0023161063549843705,0.043728206832975854,0.6428571428571429,0.35714285714285715,TP,28,28,data/processed\X_train_rfexgb.csv,data/processed\y_train.csv,train_oof,0.1905491962006118
RFEXGB_LR_NoResample,RFEXGB,supervised,LR,NoResample,84,25,0.022634004044163675,0.04958945113575124,-0.026955447091587585,0.07222345517991492,0.75,0.25,TP,28,28,data/processed\X_train_rfexgb.csv,data/processed\y_train.csv,train_oof,0.1905491962006118
RFEXGB_LR_NoResample,RFEXGB,supervised,LR,NoResample,85,354,0.020760126094100693,0.03168457861916182,-0.01092445252506112,0.05244470471326251,0.5,0.5,TP,28,28,data/processed\X_train_rfexgb.csv,data/processed\y_train.csv,train_oof,0.1905491962006118
RFEXGB_LR_NoResample,RFEXGB,supervised,LR,NoResample,86,182,0.019904022128159532,0.00894510302184384,0.01095891910631569,0.02884912515000337,0.6428571428571429,0.35714285714285715,TP,28,28,data/processed\X_train_rfexgb.csv,data/processed\y_train.csv,train_oof,0.1905491962006118
RFEXGB_LR_NoResample,RFEXGB,supervised,LR,NoResample,87,139,0.019585337579473748,0.008892214318736187,0.010693123260737557,0.028477551898209937,0.7857142857142857,0.21428571428571427,TP,28,28,data/processed\X_train_rfexgb.csv,data/processed\y_train.csv,train_oof,0.1905491962006118
RFEXGB_LR_NoResample,RFEXGB,supervised,LR,NoResample,88,131,0.019289417807540232,0.12545483948109828,-0.10616542167355805,0.14474425728863854,0.25,0.75,TP,28,28,data/processed\X_train_rfexgb.csv,data/processed\y_train.csv,train_oof,0.1905491962006118
RFEXGB_LR_NoResample,RFEXGB,supervised,LR,NoResample,89,63,0.01834908171606022,0.06384705378013261,-0.04549797206407238,0.08219613549619284,0.5,0.5,TP,28,28,data/processed\X_train_rfexgb.csv,data/processed\y_train.csv,train_oof,0.1905491962006118
RFEXGB_LR_NoResample,RFEXGB,supervised,LR,NoResample,90,353,0.0163989643620699,0.018516184219270204,-0.0021172198572003073,0.03491514858134011,0.39285714285714285,0.6071428571428571,TP,28,28,data/processed\X_train_rfexgb.csv,data/processed\y_train.csv,train_oof,0.1905491962006118
RFEXGB_LR_NoResample,RFEXGB,supervised,LR,NoResample,91,39,0.015240870661848685,0.026679072129745247,-0.01143820146789656,0.04191994279159393,0.6785714285714286,0.32142857142857145,TP,28,28,data/processed\X_train_rfexgb.csv,data/processed\y_train.csv,train_oof,0.1905491962006118
RFEXGB_LR_NoResample,RFEXGB,supervised,LR,NoResample,92,24,0.012724125611319663,0.010231445695504207,0.002492679915815453,0.02295557130682387,0.42857142857142855,0.5714285714285714,TP,28,28,data/processed\X_train_rfexgb.csv,data/processed\y_train.csv,train_oof,0.1905491962006118
RFEXGB_LR_NoResample,RFEXGB,supervised,LR,NoResample,93,9,0.012285695257227986,0.014498963524384668,-0.002213268267156681,0.02678465878161265,0.42857142857142855,0.5714285714285714,TP,28,28,data/processed\X_train_rfexgb.csv,data/processed\y_train.csv,train_oof,0.1905491962006118
RFEXGB_LR_NoResample,RFEXGB,supervised,LR,NoResample,94,316,0.012145153192739245,0.026022823041519243,-0.013877669848779996,0.03816797623425849,0.32142857142857145,0.6785714285714286,TP,28,28,data/processed\X_train_rfexgb.csv,data/processed\y_train.csv,train_oof,0.1905491962006118
RFEXGB_LR_NoResample,RFEXGB,supervised,LR,NoResample,95,574,0.011626419450346787,0.0,0.011626419450346787,0.011626419450346787,1.0,0.0,TP,28,28,data/processed\X_train_rfexgb.csv,data/processed\y_train.csv,train_oof,0.1905491962006118
RFEXGB_LR_NoResample,RFEXGB,supervised,LR,NoResample,96,412,0.011287675831603481,0.027643143365203165,-0.016355467533599684,0.03893081919680664,0.25,0.75,TP,28,28,data/processed\X_train_rfexgb.csv,data/processed\y_train.csv,train_oof,0.1905491962006118
RFEXGB_LR_NoResample,RFEXGB,supervised,LR,NoResample,97,165,0.010794496714526767,0.054493189303500535,-0.04369869258897376,0.0652876860180273,0.8214285714285714,0.17857142857142858,TP,28,28,data/processed\X_train_rfexgb.csv,data/processed\y_train.csv,train_oof,0.1905491962006118
RFEXGB_LR_NoResample,RFEXGB,supervised,LR,NoResample,98,162,0.010039278508306552,0.00806177395241167,0.001977504555894885,0.018101052460718223,0.7857142857142857,0.21428571428571427,TP,28,28,data/processed\X_train_rfexgb.csv,data/processed\y_train.csv,train_oof,0.1905491962006118
RFEXGB_LR_NoResample,RFEXGB,supervised,LR,NoResample,99,28,0.009806696097368239,0.002438120220469151,0.007368575876899085,0.012244816317837385,0.6785714285714286,0.32142857142857145,TP,28,28,data/processed\X_train_rfexgb.csv,data/processed\y_train.csv,train_oof,0.1905491962006118
RFEXGB_LR_NoResample,RFEXGB,supervised,LR,NoResample,100,116,0.00933489795992234,0.004530961770090795,0.004803936189831544,0.013865859730013133,0.14285714285714285,0.8571428571428571,TP,28,28,data/processed\X_train_rfexgb.csv,data/processed\y_train.csv,train_oof,0.1905491962006118
RFEXGB_LR_NoResample,RFEXGB,supervised,LR,NoResample,101,8,0.008469933803098056,0.01004120412539565,-0.0015712703222975938,0.018511137928493706,0.5357142857142857,0.4642857142857143,TP,28,28,data/processed\X_train_rfexgb.csv,data/processed\y_train.csv,train_oof,0.1905491962006118
RFEXGB_LR_NoResample,RFEXGB,supervised,LR,NoResample,102,2,0.0061939458351240526,0.011721846455782352,-0.005527900620658299,0.017915792290906403,0.4642857142857143,0.5357142857142857,TP,28,28,data/processed\X_train_rfexgb.csv,data/processed\y_train.csv,train_oof,0.1905491962006118
RFEXGB_LR_NoResample,RFEXGB,supervised,LR,NoResample,103,156,0.005703872565935762,0.010363666534258738,-0.004659793968322975,0.0160675391001945,0.21428571428571427,0.7857142857142857,TP,28,28,data/processed\X_train_rfexgb.csv,data/processed\y_train.csv,train_oof,0.1905491962006118
RFEXGB_LR_NoResample,RFEXGB,supervised,LR,NoResample,104,0,0.004869928584004041,0.0029366110766992507,0.001933317507304791,0.007806539660703293,0.6071428571428571,0.39285714285714285,TP,28,28,data/processed\X_train_rfexgb.csv,data/processed\y_train.csv,train_oof,0.1905491962006118
RFEXGB_LR_NoResample,RFEXGB,supervised,LR,NoResample,105,18,0.0013440964699612857,0.0035213972400952123,-0.0021773007701339263,0.004865493710056497,0.39285714285714285,0.6071428571428571,TP,28,28,data/processed\X_train_rfexgb.csv,data/processed\y_train.csv,train_oof,0.1905491962006118
RFEXGB_LR_NoResample,RFEXGB,supervised,LR,NoResample,106,37,0.0010096021315967026,0.0012910542587178098,-0.0002814521271211073,0.0023006563903145124,0.39285714285714285,0.6071428571428571,TP,28,28,data/processed\X_train_rfexgb.csv,data/processed\y_train.csv,train_oof,0.1905491962006118
RFEXGB_LR_NoResample,RFEXGB,supervised,LR,NoResample,107,126,0.0008852979747957561,0.0017831267218583384,-0.0008978287470625819,0.002668424696654095,0.35714285714285715,0.6428571428571429,TP,28,28,data/processed\X_train_rfexgb.csv,data/processed\y_train.csv,train_oof,0.1905491962006118
RFEXGB_LR_NoResample,RFEXGB,supervised,LR,NoResample,108,88,0.0008469085983629067,0.001023654999390964,-0.0001767464010280573,0.0018705635977538711,0.5357142857142857,0.4642857142857143,TP,28,28,data/processed\X_train_rfexgb.csv,data/processed\y_train.csv,train_oof,0.1905491962006118
RFEXGB_LR_NoResample,RFEXGB,supervised,LR,NoResample,109,15,0.0004343518486515991,0.0016247163593549059,-0.0011903645107033066,0.0020590682080065055,0.32142857142857145,0.6785714285714286,TP,28,28,data/processed\X_train_rfexgb.csv,data/processed\y_train.csv,train_oof,0.1905491962006118
RFEXGB_LR_NoResample,RFEXGB,supervised,LR,NoResample,110,252,0.0002112993229325907,0.0005175679464758112,-0.0003062686235432206,0.0007288672694084019,0.39285714285714285,0.6071428571428571,TP,28,28,data/processed\X_train_rfexgb.csv,data/processed\y_train.csv,train_oof,0.1905491962006118
RFEXGB_LR_NoResample,RFEXGB,supervised,LR,NoResample,111,67,0.00019395034392667717,0.0003991299392488787,-0.00020517959532220147,0.0005930802831755559,0.35714285714285715,0.6428571428571429,TP,28,28,data/processed\X_train_rfexgb.csv,data/processed\y_train.csv,train_oof,0.1905491962006118
RFEXGB_LR_NoResample,RFEXGB,supervised,LR,NoResample,112,275,3.170568635284019e-05,3.1000407158042736e-05,7.052791947974509e-07,6.270609351088292e-05,0.5357142857142857,0.4642857142857143,TP,28,28,data/processed\X_train_rfexgb.csv,data/processed\y_train.csv,train_oof,0.1905491962006118
RFERF_LR_SMOTE,RFERF,supervised,LR,SMOTE,1,64,1.4382983169994314,0.5545824221160897,0.8837158948833415,1.9928807391155205,0.6,0.4,TP,45,45,data/processed\X_train_rferf.csv,data/processed\y_train.csv,train_oof,0.2526011564304778
RFERF_LR_SMOTE,RFERF,supervised,LR,SMOTE,2,59,1.315788437298205,0.11228563939096078,1.2035027979072446,1.428074076689166,0.8,0.2,TP,45,45,data/processed\X_train_rferf.csv,data/processed\y_train.csv,train_oof,0.2526011564304778
RFERF_LR_SMOTE,RFERF,supervised,LR,SMOTE,3,56,0.7478552758763123,0.4936048344649997,0.2542504414113127,1.241460110341312,0.6888888888888889,0.3111111111111111,TP,45,45,data/processed\X_train_rferf.csv,data/processed\y_train.csv,train_oof,0.2526011564304778
RFERF_LR_SMOTE,RFERF,supervised,LR,SMOTE,4,132,0.4608962641312496,0.4785364936536633,-0.017640229522413838,0.9394327577849129,0.4,0.6,TP,45,45,data/processed\X_train_rferf.csv,data/processed\y_train.csv,train_oof,0.2526011564304778
RFERF_LR_SMOTE,RFERF,supervised,LR,SMOTE,5,280,0.4511380216668713,0.06584040472437762,0.3852976169424937,0.516978426391249,0.7555555555555555,0.24444444444444444,TP,45,45,data/processed\X_train_rferf.csv,data/processed\y_train.csv,train_oof,0.2526011564304778
RFERF_LR_SMOTE,RFERF,supervised,LR,SMOTE,6,21,0.4360840612234356,0.13460478285856503,0.30147927836487054,0.5706888440820008,0.6888888888888889,0.3111111111111111,TP,45,45,data/processed\X_train_rferf.csv,data/processed\y_train.csv,train_oof,0.2526011564304778
RFERF_LR_SMOTE,RFERF,supervised,LR,SMOTE,7,55,0.42477090430774134,0.3539047620262628,0.07086614228147854,0.778675666334004,0.5111111111111111,0.4888888888888889,TP,45,45,data/processed\X_train_rferf.csv,data/processed\y_train.csv,train_oof,0.2526011564304778
RFERF_LR_SMOTE,RFERF,supervised,LR,SMOTE,8,129,0.3534294299390295,0.11741757473731718,0.23601185520171228,0.47084700467634677,0.7333333333333333,0.26666666666666666,TP,45,45,data/processed\X_train_rferf.csv,data/processed\y_train.csv,train_oof,0.2526011564304778
RFERF_LR_SMOTE,RFERF,supervised,LR,SMOTE,9,43,0.35278603320403606,0.23321603594504758,0.11956999725898845,0.5860020691490835,0.4666666666666667,0.5333333333333333,TP,45,45,data/processed\X_train_rferf.csv,data/processed\y_train.csv,train_oof,0.2526011564304778
RFERF_LR_SMOTE,RFERF,supervised,LR,SMOTE,10,137,0.28616069220539325,0.09551640062950738,0.19064429157588583,0.3816770928349007,0.6666666666666666,0.3333333333333333,TP,45,45,data/processed\X_train_rferf.csv,data/processed\y_train.csv,train_oof,0.2526011564304778
RFERF_LR_SMOTE,RFERF,supervised,LR,SMOTE,11,416,0.28135624496247996,0.13597652049811534,0.14537972446436462,0.4173327654605954,0.6888888888888889,0.3111111111111111,TP,45,45,data/processed\X_train_rferf.csv,data/processed\y_train.csv,train_oof,0.2526011564304778
RFERF_LR_SMOTE,RFERF,supervised,LR,SMOTE,12,19,0.27756394990474337,0.00693913169626654,0.27062481820847684,0.28450308160100996,0.9555555555555556,0.044444444444444446,TP,45,45,data/processed\X_train_rferf.csv,data/processed\y_train.csv,train_oof,0.2526011564304778
RFERF_LR_SMOTE,RFERF,supervised,LR,SMOTE,13,75,0.27184546415705646,0.16422067269404517,0.10762479146301127,0.4360661368511016,0.4888888888888889,0.5111111111111111,TP,45,45,data/processed\X_train_rferf.csv,data/processed\y_train.csv,train_oof,0.2526011564304778
RFERF_LR_SMOTE,RFERF,supervised,LR,SMOTE,14,348,0.24616841513244442,0.04668924280986651,0.1994791723225779,0.2928576579423109,0.6,0.4,TP,45,45,data/processed\X_train_rferf.csv,data/processed\y_train.csv,train_oof,0.2526011564304778
RFERF_LR_SMOTE,RFERF,supervised,LR,SMOTE,15,122,0.2400456001660461,0.07999861496599112,0.16004698520005498,0.32004421513203735,0.6666666666666666,0.3333333333333333,TP,45,45,data/processed\X_train_rferf.csv,data/processed\y_train.csv,train_oof,0.2526011564304778
RFERF_LR_SMOTE,RFERF,supervised,LR,SMOTE,16,582,0.23450072370249747,0.10454357033446128,0.12995715336803615,0.3390442940369587,0.6444444444444445,0.35555555555555557,TP,45,45,data/processed\X_train_rferf.csv,data/processed\y_train.csv,train_oof,0.2526011564304778
RFERF_LR_SMOTE,RFERF,supervised,LR,SMOTE,17,130,0.22568438212270228,0.10029200880299205,0.12539237331971015,0.32597639092569436,0.6666666666666666,0.3333333333333333,TP,45,45,data/processed\X_train_rferf.csv,data/processed\y_train.csv,train_oof,0.2526011564304778
RFERF_LR_SMOTE,RFERF,supervised,LR,SMOTE,18,200,0.21702245528817063,0.062253306811737186,0.15476914847643344,0.2792757620999078,0.7333333333333333,0.26666666666666666,TP,45,45,data/processed\X_train_rferf.csv,data/processed\y_train.csv,train_oof,0.2526011564304778
RFERF_LR_SMOTE,RFERF,supervised,LR,SMOTE,19,486,0.21428601331814848,0.1743883924863417,0.03989762083180677,0.3886744058044902,0.4444444444444444,0.5555555555555556,TP,45,45,data/processed\X_train_rferf.csv,data/processed\y_train.csv,train_oof,0.2526011564304778
RFERF_LR_SMOTE,RFERF,supervised,LR,SMOTE,20,183,0.20967240937815299,0.19976260493340728,0.009909804444745724,0.4094350143115604,0.5555555555555556,0.4444444444444444,TP,45,45,data/processed\X_train_rferf.csv,data/processed\y_train.csv,train_oof,0.2526011564304778
RFERF_LR_SMOTE,RFERF,supervised,LR,SMOTE,21,14,0.20204688478829216,0.08485240825269147,0.11719447653560076,0.2868992930409836,0.5777777777777777,0.4222222222222222,TP,45,45,data/processed\X_train_rferf.csv,data/processed\y_train.csv,train_oof,0.2526011564304778
RFERF_LR_SMOTE,RFERF,supervised,LR,SMOTE,22,25,0.19755141198947793,0.4502476190768175,-0.2526962070873395,0.6477990310662954,0.7333333333333333,0.26666666666666666,TP,45,45,data/processed\X_train_rferf.csv,data/processed\y_train.csv,train_oof,0.2526011564304778
RFERF_LR_SMOTE,RFERF,supervised,LR,SMOTE,23,103,0.19593129844057203,0.02914935937989425,0.16678193906067781,0.22508065782046627,0.7777777777777778,0.2222222222222222,TP,45,45,data/processed\X_train_rferf.csv,data/processed\y_train.csv,train_oof,0.2526011564304778
RFERF_LR_SMOTE,RFERF,supervised,LR,SMOTE,24,63,0.18971358692510237,0.4302128837669922,-0.24049929684188978,0.6199264706920946,0.5555555555555556,0.4444444444444444,TP,45,45,data/processed\X_train_rferf.csv,data/processed\y_train.csv,train_oof,0.2526011564304778
RFERF_LR_SMOTE,RFERF,supervised,LR,SMOTE,25,33,0.18815248583260127,0.022266002809648695,0.16588648302295259,0.21041848864224993,0.5333333333333333,0.4666666666666667,TP,45,45,data/processed\X_train_rferf.csv,data/processed\y_train.csv,train_oof,0.2526011564304778
RFERF_LR_SMOTE,RFERF,supervised,LR,SMOTE,26,65,0.1852450848776655,0.43914331151075614,-0.2538982266330906,0.6243883963884216,0.37777777777777777,0.6222222222222222,TP,45,45,data/processed\X_train_rferf.csv,data/processed\y_train.csv,train_oof,0.2526011564304778
RFERF_LR_SMOTE,RFERF,supervised,LR,SMOTE,27,586,0.17928846820415992,0.1377407943036858,0.04154767390047413,0.3170292625078457,0.5333333333333333,0.4666666666666667,TP,45,45,data/processed\X_train_rferf.csv,data/processed\y_train.csv,train_oof,0.2526011564304778
RFERF_LR_SMOTE,RFERF,supervised,LR,SMOTE,28,57,0.17084759404534666,0.07428369512208584,0.09656389892326084,0.24513128916743238,0.5777777777777777,0.4222222222222222,TP,45,45,data/processed\X_train_rferf.csv,data/processed\y_train.csv,train_oof,0.2526011564304778
RFERF_LR_SMOTE,RFERF,supervised,LR,SMOTE,29,47,0.16234643076330688,0.1455858099761905,0.016760620787116348,0.3079322407394974,0.5777777777777777,0.4222222222222222,TP,45,45,data/processed\X_train_rferf.csv,data/processed\y_train.csv,train_oof,0.2526011564304778
RFERF_LR_SMOTE,RFERF,supervised,LR,SMOTE,30,133,0.1531375139824709,0.06966768124835723,0.08346983273411367,0.2228051952308281,0.6444444444444445,0.35555555555555557,TP,45,45,data/processed\X_train_rferf.csv,data/processed\y_train.csv,train_oof,0.2526011564304778
RFERF_LR_SMOTE,RFERF,supervised,LR,SMOTE,31,281,0.15266230287029778,0.047479902453951055,0.1051824004163467,0.2001422053242489,0.8,0.2,TP,45,45,data/processed\X_train_rferf.csv,data/processed\y_train.csv,train_oof,0.2526011564304778
RFERF_LR_SMOTE,RFERF,supervised,LR,SMOTE,32,316,0.1440251801320514,0.13213907281376697,0.011886107318284421,0.27616425294581837,0.6222222222222222,0.37777777777777777,TP,45,45,data/processed\X_train_rferf.csv,data/processed\y_train.csv,train_oof,0.2526011564304778
RFERF_LR_SMOTE,RFERF,supervised,LR,SMOTE,33,295,0.1360848903816023,0.02329726602720347,0.11278762435439883,0.15938215640880574,0.5555555555555556,0.4444444444444444,TP,45,45,data/processed\X_train_rferf.csv,data/processed\y_train.csv,train_oof,0.2526011564304778
RFERF_LR_SMOTE,RFERF,supervised,LR,SMOTE,34,102,0.13359616825759107,0.029015414536857905,0.1045807537207332,0.16261158279444898,0.8444444444444444,0.15555555555555556,TP,45,45,data/processed\X_train_rferf.csv,data/processed\y_train.csv,train_oof,0.2526011564304778
RFERF_LR_SMOTE,RFERF,supervised,LR,SMOTE,35,563,0.13343389164342712,0.060700756370241825,0.07273313527318531,0.19413464801366895,0.6222222222222222,0.37777777777777777,TP,45,45,data/processed\X_train_rferf.csv,data/processed\y_train.csv,train_oof,0.2526011564304778
RFERF_LR_SMOTE,RFERF,supervised,LR,SMOTE,36,525,0.1293053667065805,0.1445573396850579,-0.015251972978477414,0.2738627063916383,0.6,0.4,TP,45,45,data/processed\X_train_rferf.csv,data/processed\y_train.csv,train_oof,0.2526011564304778
RFERF_LR_SMOTE,RFERF,supervised,LR,SMOTE,37,477,0.1256760622196998,0.01740758350795659,0.10826847871174322,0.1430836457276564,0.7111111111111111,0.28888888888888886,TP,45,45,data/processed\X_train_rferf.csv,data/processed\y_train.csv,train_oof,0.2526011564304778
RFERF_LR_SMOTE,RFERF,supervised,LR,SMOTE,38,428,0.12384558862208032,0.004417849095250153,0.11942773952683017,0.12826343771733048,0.8,0.2,TP,45,45,data/processed\X_train_rferf.csv,data/processed\y_train.csv,train_oof,0.2526011564304778
RFERF_LR_SMOTE,RFERF,supervised,LR,SMOTE,39,107,0.12366799643447539,0.07648565088778475,0.047182345546690645,0.20015364732226013,0.5555555555555556,0.4444444444444444,TP,45,45,data/processed\X_train_rferf.csv,data/processed\y_train.csv,train_oof,0.2526011564304778
RFERF_LR_SMOTE,RFERF,supervised,LR,SMOTE,40,144,0.12013299799431222,0.016425559234542426,0.10370743875976979,0.13655855722885463,0.8,0.2,TP,45,45,data/processed\X_train_rferf.csv,data/processed\y_train.csv,train_oof,0.2526011564304778
RFERF_LR_SMOTE,RFERF,supervised,LR,SMOTE,41,125,0.11086040873545476,0.1602238992730703,-0.04936349053761548,0.27108430800852507,0.35555555555555557,0.6444444444444445,TP,45,45,data/processed\X_train_rferf.csv,data/processed\y_train.csv,train_oof,0.2526011564304778
RFERF_LR_SMOTE,RFERF,supervised,LR,SMOTE,42,452,0.10618646697887281,0.1298467020833795,-0.023660235104506704,0.23603316906225244,0.4,0.6,TP,45,45,data/processed\X_train_rferf.csv,data/processed\y_train.csv,train_oof,0.2526011564304778
RFERF_LR_SMOTE,RFERF,supervised,LR,SMOTE,43,273,0.10545838518491273,0.1635877899494985,-0.05812940476458575,0.2690461751344112,0.2,0.8,TP,45,45,data/processed\X_train_rferf.csv,data/processed\y_train.csv,train_oof,0.2526011564304778
RFERF_LR_SMOTE,RFERF,supervised,LR,SMOTE,44,124,0.10394496880352631,0.04000513601977824,0.06393983278374807,0.14395010482330453,0.6666666666666666,0.3333333333333333,TP,45,45,data/processed\X_train_rferf.csv,data/processed\y_train.csv,train_oof,0.2526011564304778
RFERF_LR_SMOTE,RFERF,supervised,LR,SMOTE,45,423,0.10358305062992425,0.10463305707961226,-0.001050006449688029,0.20821610770953655,0.37777777777777777,0.6222222222222222,TP,45,45,data/processed\X_train_rferf.csv,data/processed\y_train.csv,train_oof,0.2526011564304778
RFERF_LR_SMOTE,RFERF,supervised,LR,SMOTE,46,217,0.10012530596657773,0.07518995010307403,0.024935355863503695,0.17531525606965165,0.4444444444444444,0.5555555555555556,TP,45,45,data/processed\X_train_rferf.csv,data/processed\y_train.csv,train_oof,0.2526011564304778
RFERF_LR_SMOTE,RFERF,supervised,LR,SMOTE,47,490,0.09758347966865064,0.07927998708059875,0.018303492588051872,0.1768634667492494,0.5111111111111111,0.4888888888888889,TP,45,45,data/processed\X_train_rferf.csv,data/processed\y_train.csv,train_oof,0.2526011564304778
RFERF_LR_SMOTE,RFERF,supervised,LR,SMOTE,48,480,0.09492139104693739,0.07872312211967826,0.01619826892725911,0.17364451316661572,0.6444444444444445,0.35555555555555557,TP,45,45,data/processed\X_train_rferf.csv,data/processed\y_train.csv,train_oof,0.2526011564304778
RFERF_LR_SMOTE,RFERF,supervised,LR,SMOTE,49,405,0.09352717614234665,0.12536455959714948,-0.03183738345480278,0.21889173573949602,0.4222222222222222,0.5777777777777777,TP,45,45,data/processed\X_train_rferf.csv,data/processed\y_train.csv,train_oof,0.2526011564304778
RFERF_LR_SMOTE,RFERF,supervised,LR,SMOTE,50,131,0.08248074484249696,0.13556946100499284,-0.053088716162495914,0.21805020584748985,0.3111111111111111,0.6888888888888889,TP,45,45,data/processed\X_train_rferf.csv,data/processed\y_train.csv,train_oof,0.2526011564304778
RFERF_LR_SMOTE,RFERF,supervised,LR,SMOTE,51,115,0.08052097873726405,0.047751107470232736,0.0327698712670313,0.12827208620749678,0.5333333333333333,0.4666666666666667,TP,45,45,data/processed\X_train_rferf.csv,data/processed\y_train.csv,train_oof,0.2526011564304778
RFERF_LR_SMOTE,RFERF,supervised,LR,SMOTE,52,16,0.07776774473078842,0.05966229980533474,0.018105444925453653,0.13743004453612315,0.5111111111111111,0.4888888888888889,TP,45,45,data/processed\X_train_rferf.csv,data/processed\y_train.csv,train_oof,0.2526011564304778
RFERF_LR_SMOTE,RFERF,supervised,LR,SMOTE,53,24,0.0739493388792127,0.04619457912862546,0.02775475975058725,0.1201439180078382,0.4222222222222222,0.5777777777777777,TP,45,45,data/processed\X_train_rferf.csv,data/processed\y_train.csv,train_oof,0.2526011564304778
RFERF_LR_SMOTE,RFERF,supervised,LR,SMOTE,54,271,0.07176602763789894,0.15595899174523137,-0.08419296410733237,0.22772501938313028,0.4444444444444444,0.5555555555555556,TP,45,45,data/processed\X_train_rferf.csv,data/processed\y_train.csv,train_oof,0.2526011564304778
RFERF_LR_SMOTE,RFERF,supervised,LR,SMOTE,55,425,0.07155731634912621,0.024326345659558744,0.04723097068956746,0.09588366200868494,0.4888888888888889,0.5111111111111111,TP,45,45,data/processed\X_train_rferf.csv,data/processed\y_train.csv,train_oof,0.2526011564304778
RFERF_LR_SMOTE,RFERF,supervised,LR,SMOTE,56,484,0.06919658367425126,0.028499091221691013,0.0406974924525603,0.09769567489594227,0.7333333333333333,0.26666666666666666,TP,45,45,data/processed\X_train_rferf.csv,data/processed\y_train.csv,train_oof,0.2526011564304778
RFERF_LR_SMOTE,RFERF,supervised,LR,SMOTE,57,92,0.06905511324649326,0.057718479212773614,0.011336634033719662,0.12677359245926687,0.5777777777777777,0.4222222222222222,TP,45,45,data/processed\X_train_rferf.csv,data/processed\y_train.csv,train_oof,0.2526011564304778
RFERF_LR_SMOTE,RFERF,supervised,LR,SMOTE,58,58,0.0681906029112825,0.07604111355498411,-0.007850510643701611,0.14423171646626656,0.4888888888888889,0.5111111111111111,TP,45,45,data/processed\X_train_rferf.csv,data/processed\y_train.csv,train_oof,0.2526011564304778
RFERF_LR_SMOTE,RFERF,supervised,LR,SMOTE,59,377,0.06343030618435941,0.012711741522776474,0.0507185646615829,0.07614204770713587,0.7555555555555555,0.24444444444444444,TP,45,45,data/processed\X_train_rferf.csv,data/processed\y_train.csv,train_oof,0.2526011564304778
RFERF_LR_SMOTE,RFERF,supervised,LR,SMOTE,60,91,0.061776573315322124,0.04524222360556403,0.016534349709758075,0.10701879692088614,0.5555555555555556,0.4444444444444444,TP,45,45,data/processed\X_train_rferf.csv,data/processed\y_train.csv,train_oof,0.2526011564304778
RFERF_LR_SMOTE,RFERF,supervised,LR,SMOTE,61,76,0.059072508004952486,0.027229469740249056,0.03184303826470341,0.08630197774520156,0.6666666666666666,0.3333333333333333,TP,45,45,data/processed\X_train_rferf.csv,data/processed\y_train.csv,train_oof,0.2526011564304778
RFERF_LR_SMOTE,RFERF,supervised,LR,SMOTE,62,571,0.05841661034218829,0.0863009211674629,-0.02788431082527458,0.14471753150965116,0.5777777777777777,0.4222222222222222,TP,45,45,data/processed\X_train_rferf.csv,data/processed\y_train.csv,train_oof,0.2526011564304778
RFERF_LR_SMOTE,RFERF,supervised,LR,SMOTE,63,48,0.05751755575134434,0.07124540350179147,-0.013727847750447145,0.12876295925313583,0.4444444444444444,0.5555555555555556,TP,45,45,data/processed\X_train_rferf.csv,data/processed\y_train.csv,train_oof,0.2526011564304778
RFERF_LR_SMOTE,RFERF,supervised,LR,SMOTE,64,28,0.053454852564909526,0.019499018205640387,0.033955834359269146,0.0729538707705499,0.5555555555555556,0.4444444444444444,TP,45,45,data/processed\X_train_rferf.csv,data/processed\y_train.csv,train_oof,0.2526011564304778
RFERF_LR_SMOTE,RFERF,supervised,LR,SMOTE,65,8,0.05323964968796269,0.06266789334293277,-0.009428243654970078,0.11590754303089545,0.5111111111111111,0.4888888888888889,TP,45,45,data/processed\X_train_rferf.csv,data/processed\y_train.csv,train_oof,0.2526011564304778
RFERF_LR_SMOTE,RFERF,supervised,LR,SMOTE,66,488,0.05200654241107042,0.026031463439027385,0.025975078972043025,0.0780380058500978,0.6,0.4,TP,45,45,data/processed\X_train_rferf.csv,data/processed\y_train.csv,train_oof,0.2526011564304778
RFERF_LR_SMOTE,RFERF,supervised,LR,SMOTE,67,551,0.05082642131899843,0.008872424885915376,0.04195399643308306,0.059698846204913815,0.5555555555555556,0.4444444444444444,TP,45,45,data/processed\X_train_rferf.csv,data/processed\y_train.csv,train_oof,0.2526011564304778
RFERF_LR_SMOTE,RFERF,supervised,LR,SMOTE,68,489,0.05037763511749228,0.05688630714443128,-0.006508672026939001,0.10726394226192354,0.28888888888888886,0.7111111111111111,TP,45,45,data/processed\X_train_rferf.csv,data/processed\y_train.csv,train_oof,0.2526011564304778
RFERF_LR_SMOTE,RFERF,supervised,LR,SMOTE,69,460,0.04892434336290035,0.022716690665903653,0.026207652696996705,0.07164103402880398,0.5111111111111111,0.4888888888888889,TP,45,45,data/processed\X_train_rferf.csv,data/processed\y_train.csv,train_oof,0.2526011564304778
RFERF_LR_SMOTE,RFERF,supervised,LR,SMOTE,70,344,0.04823130254835881,0.031063804730520752,0.01716749781783805,0.07929510727887956,0.5333333333333333,0.4666666666666667,TP,45,45,data/processed\X_train_rferf.csv,data/processed\y_train.csv,train_oof,0.2526011564304778
RFERF_LR_SMOTE,RFERF,supervised,LR,SMOTE,71,552,0.04429487985397049,0.08294460318778343,-0.03864972333381296,0.12723948304175395,0.5555555555555556,0.4444444444444444,TP,45,45,data/processed\X_train_rferf.csv,data/processed\y_train.csv,train_oof,0.2526011564304778
RFERF_LR_SMOTE,RFERF,supervised,LR,SMOTE,72,333,0.04380293818741564,0.012999290447728998,0.03080364773968663,0.05680222863514465,0.6888888888888889,0.3111111111111111,TP,45,45,data/processed\X_train_rferf.csv,data/processed\y_train.csv,train_oof,0.2526011564304778
RFERF_LR_SMOTE,RFERF,supervised,LR,SMOTE,73,468,0.041649174542382435,0.1871149490236839,-0.14546577448130146,0.2287641235660663,0.13333333333333333,0.8666666666666667,TP,45,45,data/processed\X_train_rferf.csv,data/processed\y_train.csv,train_oof,0.2526011564304778
RFERF_LR_SMOTE,RFERF,supervised,LR,SMOTE,74,90,0.04134325244844554,0.03107290132519209,0.010270351123253451,0.07241615377363764,0.5333333333333333,0.4666666666666667,TP,45,45,data/processed\X_train_rferf.csv,data/processed\y_train.csv,train_oof,0.2526011564304778
RFERF_LR_SMOTE,RFERF,supervised,LR,SMOTE,75,338,0.0384206361078084,0.036447376093390674,0.0019732600144177306,0.07486801220119908,0.5777777777777777,0.4222222222222222,TP,45,45,data/processed\X_train_rferf.csv,data/processed\y_train.csv,train_oof,0.2526011564304778
RFERF_LR_SMOTE,RFERF,supervised,LR,SMOTE,76,9,0.036358677669602026,0.031381145648422294,0.004977532021179724,0.0677398233180243,0.4666666666666667,0.5333333333333333,TP,45,45,data/processed\X_train_rferf.csv,data/processed\y_train.csv,train_oof,0.2526011564304778
RFERF_LR_SMOTE,RFERF,supervised,LR,SMOTE,77,510,0.03365880297973133,0.012662659944676406,0.02099614303505491,0.046321462924407725,0.4666666666666667,0.5333333333333333,TP,45,45,data/processed\X_train_rferf.csv,data/processed\y_train.csv,train_oof,0.2526011564304778
RFERF_LR_SMOTE,RFERF,supervised,LR,SMOTE,78,31,0.02845650995416942,0.030911290601503324,-0.0024547806473338993,0.059367800555672735,0.15555555555555556,0.8444444444444444,TP,45,45,data/processed\X_train_rferf.csv,data/processed\y_train.csv,train_oof,0.2526011564304778
RFERF_LR_SMOTE,RFERF,supervised,LR,SMOTE,79,37,0.02689965042871893,0.04107542316754975,-0.014175772738830809,0.06797507359626867,0.4,0.6,TP,45,45,data/processed\X_train_rferf.csv,data/processed\y_train.csv,train_oof,0.2526011564304778
RFERF_LR_SMOTE,RFERF,supervised,LR,SMOTE,80,81,0.026038327199836602,0.020677576109841674,0.0053607510899949225,0.04671590330967827,0.5555555555555556,0.4444444444444444,TP,45,45,data/processed\X_train_rferf.csv,data/processed\y_train.csv,train_oof,0.2526011564304778
RFERF_LR_SMOTE,RFERF,supervised,LR,SMOTE,81,227,0.02514053111018301,0.01333111288384683,0.011809418226336176,0.03847164399402984,0.7111111111111111,0.28888888888888886,TP,45,45,data/processed\X_train_rferf.csv,data/processed\y_train.csv,train_oof,0.2526011564304778
RFERF_LR_SMOTE,RFERF,supervised,LR,SMOTE,82,173,0.020405122857970914,0.009682419938467387,0.01072270291950353,0.030087542796438306,0.6222222222222222,0.37777777777777777,TP,45,45,data/processed\X_train_rferf.csv,data/processed\y_train.csv,train_oof,0.2526011564304778
RFERF_LR_SMOTE,RFERF,supervised,LR,SMOTE,83,41,0.02021217744433874,0.003868464584798454,0.016343712859540286,0.024080642029137195,0.8,0.2,TP,45,45,data/processed\X_train_rferf.csv,data/processed\y_train.csv,train_oof,0.2526011564304778
RFERF_LR_SMOTE,RFERF,supervised,LR,SMOTE,84,2,0.016785854332982606,0.02749063880842851,-0.010704784475445903,0.04427649314141112,0.4444444444444444,0.5555555555555556,TP,45,45,data/processed\X_train_rferf.csv,data/processed\y_train.csv,train_oof,0.2526011564304778
RFERF_LR_SMOTE,RFERF,supervised,LR,SMOTE,85,182,0.01674364642661797,0.03305669306708055,-0.016313046640462566,0.04980033949369852,0.37777777777777777,0.6222222222222222,TP,45,45,data/processed\X_train_rferf.csv,data/processed\y_train.csv,train_oof,0.2526011564304778
RFERF_LR_SMOTE,RFERF,supervised,LR,SMOTE,86,288,0.01645621189647139,0.03412213699566131,-0.01766592509918992,0.05057834889213268,0.3111111111111111,0.6888888888888889,TP,45,45,data/processed\X_train_rferf.csv,data/processed\y_train.csv,train_oof,0.2526011564304778
RFERF_LR_SMOTE,RFERF,supervised,LR,SMOTE,87,88,0.01576658248774143,0.013635906761991362,0.002130675725750066,0.029402489249732783,0.5333333333333333,0.4666666666666667,TP,45,45,data/processed\X_train_rferf.csv,data/processed\y_train.csv,train_oof,0.2526011564304778
RFERF_LR_SMOTE,RFERF,supervised,LR,SMOTE,88,39,0.015735657684271796,0.0463378210136714,-0.0306021633293996,0.062073478697943205,0.5777777777777777,0.4222222222222222,TP,45,45,data/processed\X_train_rferf.csv,data/processed\y_train.csv,train_oof,0.2526011564304778
RFERF_LR_SMOTE,RFERF,supervised,LR,SMOTE,89,79,0.014541945901928645,0.06927904962648573,-0.05473710372455708,0.08382099552841438,0.24444444444444444,0.7555555555555555,TP,45,45,data/processed\X_train_rferf.csv,data/processed\y_train.csv,train_oof,0.2526011564304778
RFERF_LR_SMOTE,RFERF,supervised,LR,SMOTE,90,0,0.013364276392656476,0.02454136857077054,-0.01117709217811406,0.037905644963427,0.35555555555555557,0.6444444444444445,TP,45,45,data/processed\X_train_rferf.csv,data/processed\y_train.csv,train_oof,0.2526011564304778
RFERF_LR_SMOTE,RFERF,supervised,LR,SMOTE,91,35,0.013235157360442838,0.08676222811673157,-0.07352707075628871,0.09999738547717438,0.5111111111111111,0.4888888888888889,TP,45,45,data/processed\X_train_rferf.csv,data/processed\y_train.csv,train_oof,0.2526011564304778
RFERF_LR_SMOTE,RFERF,supervised,LR,SMOTE,92,310,0.012611533317842722,0.011074054555610235,0.0015374787622324834,0.023685587873452953,0.4666666666666667,0.5333333333333333,TP,45,45,data/processed\X_train_rferf.csv,data/processed\y_train.csv,train_oof,0.2526011564304778
RFERF_LR_SMOTE,RFERF,supervised,LR,SMOTE,93,282,0.009819128352592351,0.027216722960435362,-0.017397594607843007,0.0370358513130277,0.3111111111111111,0.6888888888888889,TP,45,45,data/processed\X_train_rferf.csv,data/processed\y_train.csv,train_oof,0.2526011564304778
RFERF_LR_SMOTE,RFERF,supervised,LR,SMOTE,94,156,0.009367806597514548,0.008944432808770157,0.00042337378874438957,0.018312239406284708,0.26666666666666666,0.7333333333333333,TP,45,45,data/processed\X_train_rferf.csv,data/processed\y_train.csv,train_oof,0.2526011564304778
RFERF_LR_SMOTE,RFERF,supervised,LR,SMOTE,95,15,0.00876924866286401,0.02934066011510422,-0.02057141145224021,0.03810990877796823,0.35555555555555557,0.6444444444444445,TP,45,45,data/processed\X_train_rferf.csv,data/processed\y_train.csv,train_oof,0.2526011564304778
RFERF_LR_SMOTE,RFERF,supervised,LR,SMOTE,96,126,0.007699684896407603,0.009912493686238992,-0.0022128087898313914,0.0176121785826466,0.4,0.6,TP,45,45,data/processed\X_train_rferf.csv,data/processed\y_train.csv,train_oof,0.2526011564304778
RFERF_LR_SMOTE,RFERF,supervised,LR,SMOTE,97,139,0.0006606444922624017,0.0014640518153411736,-0.0008034073230787719,0.002124696307603575,0.24444444444444444,0.7555555555555555,TP,45,45,data/processed\X_train_rferf.csv,data/processed\y_train.csv,train_oof,0.2526011564304778
RFERF_LR_SMOTE,RFERF,supervised,LR,SMOTE,98,252,0.00023057761394914086,0.00035402000957207396,-0.00012344239562293315,0.0005845976235212148,0.4666666666666667,0.5333333333333333,TP,45,45,data/processed\X_train_rferf.csv,data/processed\y_train.csv,train_oof,0.2526011564304778
RFERF_LR_SMOTE,RFERF,supervised,LR,SMOTE,99,67,0.0001714976953524921,0.00028046835621527014,-0.00010897066086277802,0.00045196605156776236,0.4222222222222222,0.5777777777777777,TP,45,45,data/processed\X_train_rferf.csv,data/processed\y_train.csv,train_oof,0.2526011564304778
