artifact_key,feature_set,category,model,balance_method,rank,feature,mean_positive_shap,mean_negative_shap_abs,mean_shap,mean_abs_shap,positive_push_rate,negative_push_rate,group_name,n_group_rows_total,n_explained_rows,source_train_csv,source_label_csv,group_source,threshold
RFERF_RF_ROSE,RFERF,supervised,RF,ROSE,1,59,0.03678435151597022,0.00970425117573548,0.027080100340234753,0.04648860269170569,0.75,0.25,FP,263,80,data/processed\X_train_rferf.csv,data/processed\y_train.csv,train_oof,0.20232788980713348
RFERF_RF_ROSE,RFERF,supervised,RF,ROSE,2,103,0.019696473657232635,0.005486795927545284,0.014209677729687353,0.02518326958477791,0.7875,0.2125,FP,263,80,data/processed\X_train_rferf.csv,data/processed\y_train.csv,train_oof,0.20232788980713348
RFERF_RF_ROSE,RFERF,supervised,RF,ROSE,3,64,0.009988865359496734,0.0045333805662858394,0.0054554847932108946,0.014522245925782573,0.45,0.55,FP,263,80,data/processed\X_train_rferf.csv,data/processed\y_train.csv,train_oof,0.20232788980713348
RFERF_RF_ROSE,RFERF,supervised,RF,ROSE,4,65,0.00815043114530887,0.004330572926950723,0.0038198582183581473,0.012481004072259598,0.4125,0.5875,FP,263,80,data/processed\X_train_rferf.csv,data/processed\y_train.csv,train_oof,0.20232788980713348
RFERF_RF_ROSE,RFERF,supervised,RF,ROSE,5,477,0.006924288034603737,0.01278053446288474,-0.005856246428281009,0.019704822497488474,0.35,0.65,FP,263,80,data/processed\X_train_rferf.csv,data/processed\y_train.csv,train_oof,0.20232788980713348
RFERF_RF_ROSE,RFERF,supervised,RF,ROSE,6,348,0.005956906734802533,0.005887893929440171,6.901280536236555e-05,0.011844800664242695,0.325,0.675,FP,263,80,data/processed\X_train_rferf.csv,data/processed\y_train.csv,train_oof,0.20232788980713348
RFERF_RF_ROSE,RFERF,supervised,RF,ROSE,7,129,0.005461232642050691,0.0068227687841499515,-0.0013615361420992636,0.012284001426200643,0.4375,0.5625,FP,263,80,data/processed\X_train_rferf.csv,data/processed\y_train.csv,train_oof,0.20232788980713348
RFERF_RF_ROSE,RFERF,supervised,RF,ROSE,8,67,0.004270623897520481,0.10045951727669244,-0.09618889337917197,0.1047301411742129,0.05,0.95,FP,263,80,data/processed\X_train_rferf.csv,data/processed\y_train.csv,train_oof,0.20232788980713348
RFERF_RF_ROSE,RFERF,supervised,RF,ROSE,9,510,0.00405775710325716,0.00287344589845346,0.0011843112048036993,0.006931203001710623,0.5125,0.4875,FP,263,80,data/processed\X_train_rferf.csv,data/processed\y_train.csv,train_oof,0.20232788980713348
RFERF_RF_ROSE,RFERF,supervised,RF,ROSE,10,486,0.003911252418535509,0.00557212623097184,-0.0016608738124363285,0.009483378649507348,0.8,0.2,FP,263,80,data/processed\X_train_rferf.csv,data/processed\y_train.csv,train_oof,0.20232788980713348
RFERF_RF_ROSE,RFERF,supervised,RF,ROSE,11,377,0.0037908958559956774,0.005836692580528431,-0.0020457967245327514,0.009627588436524106,0.7,0.3,FP,263,80,data/processed\X_train_rferf.csv,data/processed\y_train.csv,train_oof,0.20232788980713348
RFERF_RF_ROSE,RFERF,supervised,RF,ROSE,12,122,0.003731036517358946,0.0042676353007049216,-0.0005365987833459745,0.007998671818063867,0.5,0.5,FP,263,80,data/processed\X_train_rferf.csv,data/processed\y_train.csv,train_oof,0.20232788980713348
RFERF_RF_ROSE,RFERF,supervised,RF,ROSE,13,63,0.002526325710852912,0.003247317804372648,-0.0007209920935197336,0.005773643515225561,0.2875,0.7125,FP,263,80,data/processed\X_train_rferf.csv,data/processed\y_train.csv,train_oof,0.20232788980713348
RFERF_RF_ROSE,RFERF,supervised,RF,ROSE,14,130,0.002383987708876237,0.0013267001159494073,0.0010572875929268292,0.003710687824825644,0.7625,0.2375,FP,263,80,data/processed\X_train_rferf.csv,data/processed\y_train.csv,train_oof,0.20232788980713348
RFERF_RF_ROSE,RFERF,supervised,RF,ROSE,15,21,0.0022147546195599053,0.003017594216526813,-0.0008028395969669064,0.005232348836086715,0.2375,0.7625,FP,263,80,data/processed\X_train_rferf.csv,data/processed\y_train.csv,train_oof,0.20232788980713348
RFERF_RF_ROSE,RFERF,supervised,RF,ROSE,16,124,0.0018836441116508527,0.0028331352279837786,-0.0009494911163329259,0.00471677933963463,0.3125,0.6875,FP,263,80,data/processed\X_train_rferf.csv,data/processed\y_train.csv,train_oof,0.20232788980713348
RFERF_RF_ROSE,RFERF,supervised,RF,ROSE,17,551,0.0018531658589509322,0.002984835677083784,-0.0011316698181328523,0.004838001536034718,0.1375,0.8625,FP,263,80,data/processed\X_train_rferf.csv,data/processed\y_train.csv,train_oof,0.20232788980713348
RFERF_RF_ROSE,RFERF,supervised,RF,ROSE,18,132,0.0018279412362043536,0.0025554146917941617,-0.0007274734555898076,0.004383355927998516,0.1375,0.8625,FP,263,80,data/processed\X_train_rferf.csv,data/processed\y_train.csv,train_oof,0.20232788980713348
RFERF_RF_ROSE,RFERF,supervised,RF,ROSE,19,405,0.0016826406990057257,0.0017984475113775125,-0.00011580681237178643,0.003481088210383238,0.2875,0.7125,FP,263,80,data/processed\X_train_rferf.csv,data/processed\y_train.csv,train_oof,0.20232788980713348
RFERF_RF_ROSE,RFERF,supervised,RF,ROSE,20,28,0.0016533050934187377,0.0005828242934135629,0.001070480800005175,0.0022361293868323013,0.7375,0.2625,FP,263,80,data/processed\X_train_rferf.csv,data/processed\y_train.csv,train_oof,0.20232788980713348
RFERF_RF_ROSE,RFERF,supervised,RF,ROSE,21,79,0.0016309168212909903,0.0026673001076288477,-0.0010363832863378585,0.004298216928919843,0.525,0.475,FP,263,80,data/processed\X_train_rferf.csv,data/processed\y_train.csv,train_oof,0.20232788980713348
RFERF_RF_ROSE,RFERF,supervised,RF,ROSE,22,125,0.0015668226465107738,0.0022738368604423203,-0.0007070142139315473,0.0038406595069530947,0.65,0.35,FP,263,80,data/processed\X_train_rferf.csv,data/processed\y_train.csv,train_oof,0.20232788980713348
RFERF_RF_ROSE,RFERF,supervised,RF,ROSE,23,14,0.0014806394660633953,0.004868845143508913,-0.003388205677445518,0.006349484609572307,0.2625,0.7375,FP,263,80,data/processed\X_train_rferf.csv,data/processed\y_train.csv,train_oof,0.20232788980713348
RFERF_RF_ROSE,RFERF,supervised,RF,ROSE,24,281,0.001426502360107452,0.00353063887988869,-0.0021041365197812393,0.004957141239996143,0.6125,0.3875,FP,263,80,data/processed\X_train_rferf.csv,data/processed\y_train.csv,train_oof,0.20232788980713348
RFERF_RF_ROSE,RFERF,supervised,RF,ROSE,25,280,0.0012662848492590816,0.0026151927371396368,-0.0013489078878805556,0.003881477586398718,0.4125,0.5875,FP,263,80,data/processed\X_train_rferf.csv,data/processed\y_train.csv,train_oof,0.20232788980713348
RFERF_RF_ROSE,RFERF,supervised,RF,ROSE,26,19,0.0012269856648484804,0.0057621236432680535,-0.0045351379784195735,0.006989109308116533,0.7625,0.2375,FP,263,80,data/processed\X_train_rferf.csv,data/processed\y_train.csv,train_oof,0.20232788980713348
RFERF_RF_ROSE,RFERF,supervised,RF,ROSE,27,282,0.0011383486193307947,0.0015239328268761673,-0.0003855842075453728,0.0026622814462069627,0.5625,0.4375,FP,263,80,data/processed\X_train_rferf.csv,data/processed\y_train.csv,train_oof,0.20232788980713348
RFERF_RF_ROSE,RFERF,supervised,RF,ROSE,28,102,0.000979634542083431,0.0037706040133789393,-0.00279096947129551,0.004750238555462369,0.4625,0.5375,FP,263,80,data/processed\X_train_rferf.csv,data/processed\y_train.csv,train_oof,0.20232788980713348
RFERF_RF_ROSE,RFERF,supervised,RF,ROSE,29,416,0.0009679950758045449,0.004779500791613953,-0.003811505715809407,0.005747495867418497,0.55,0.45,FP,263,80,data/processed\X_train_rferf.csv,data/processed\y_train.csv,train_oof,0.20232788980713348
RFERF_RF_ROSE,RFERF,supervised,RF,ROSE,30,25,0.0009518434585672776,0.00413610641719675,-0.0031842629586294724,0.005087949875764027,0.15,0.85,FP,263,80,data/processed\X_train_rferf.csv,data/processed\y_train.csv,train_oof,0.20232788980713348
RFERF_RF_ROSE,RFERF,supervised,RF,ROSE,31,137,0.000922287300053188,0.003750535460272776,-0.0028282481602195865,0.004672822760325964,0.4125,0.5875,FP,263,80,data/processed\X_train_rferf.csv,data/processed\y_train.csv,train_oof,0.20232788980713348
RFERF_RF_ROSE,RFERF,supervised,RF,ROSE,32,33,0.000908178222914368,0.004057408544757599,-0.00314923032184323,0.004965586767671968,0.1875,0.8125,FP,263,80,data/processed\X_train_rferf.csv,data/processed\y_train.csv,train_oof,0.20232788980713348
RFERF_RF_ROSE,RFERF,supervised,RF,ROSE,33,428,0.0007593843857140478,0.0021227946130631817,-0.0013634102273491337,0.002882178998777231,0.45,0.55,FP,263,80,data/processed\X_train_rferf.csv,data/processed\y_train.csv,train_oof,0.20232788980713348
RFERF_RF_ROSE,RFERF,supervised,RF,ROSE,34,144,0.0007416572096159234,0.0018670383643914976,-0.0011253811547755734,0.0026086955740074204,0.5625,0.4375,FP,263,80,data/processed\X_train_rferf.csv,data/processed\y_train.csv,train_oof,0.20232788980713348
RFERF_RF_ROSE,RFERF,supervised,RF,ROSE,35,156,0.0006604833244576245,0.0038949295469923153,-0.0032344462225346914,0.004555412871449939,0.05,0.95,FP,263,80,data/processed\X_train_rferf.csv,data/processed\y_train.csv,train_oof,0.20232788980713348
RFERF_RF_ROSE,RFERF,supervised,RF,ROSE,36,425,0.0006510920598542774,0.003827695376594396,-0.003176603316740118,0.004478787436448674,0.225,0.775,FP,263,80,data/processed\X_train_rferf.csv,data/processed\y_train.csv,train_oof,0.20232788980713348
RFERF_RF_ROSE,RFERF,supervised,RF,ROSE,37,423,0.0006092319225663183,0.003496040142370679,-0.00288680821980436,0.004105272064936997,0.15,0.85,FP,263,80,data/processed\X_train_rferf.csv,data/processed\y_train.csv,train_oof,0.20232788980713348
RFERF_RF_ROSE,RFERF,supervised,RF,ROSE,38,133,0.0005816517165001596,0.0026957180798071454,-0.002114066363306986,0.0032773697963073035,0.2875,0.7125,FP,263,80,data/processed\X_train_rferf.csv,data/processed\y_train.csv,train_oof,0.20232788980713348
RFERF_RF_ROSE,RFERF,supervised,RF,ROSE,39,333,0.000538122645744208,0.004333576458509735,-0.0037954538127655257,0.004871699104253944,0.125,0.875,FP,263,80,data/processed\X_train_rferf.csv,data/processed\y_train.csv,train_oof,0.20232788980713348
RFERF_RF_ROSE,RFERF,supervised,RF,ROSE,40,31,0.00047678260693482486,0.002245590461368164,-0.001768807854433339,0.0027223730683029893,0.7125,0.2875,FP,263,80,data/processed\X_train_rferf.csv,data/processed\y_train.csv,train_oof,0.20232788980713348
RFERF_RF_ROSE,RFERF,supervised,RF,ROSE,41,131,0.00044172667220676413,0.0035080827041798573,-0.0030663560319730923,0.003949809376386621,0.4375,0.5625,FP,263,80,data/processed\X_train_rferf.csv,data/processed\y_train.csv,train_oof,0.20232788980713348
RFERF_RF_ROSE,RFERF,supervised,RF,ROSE,42,90,0.000393510650020212,0.002223273512894539,-0.0018297628628743262,0.002616784162914751,0.45,0.55,FP,263,80,data/processed\X_train_rferf.csv,data/processed\y_train.csv,train_oof,0.20232788980713348
RFERF_RF_ROSE,RFERF,supervised,RF,ROSE,43,316,0.0003766512481799551,0.0016327307368302272,-0.0012560794886502726,0.0020093819850101817,0.4,0.6,FP,263,80,data/processed\X_train_rferf.csv,data/processed\y_train.csv,train_oof,0.20232788980713348
RFERF_RF_ROSE,RFERF,supervised,RF,ROSE,44,582,0.0003707942992230564,0.0026215283661712744,-0.0022507340669482186,0.0029923226653943307,0.2,0.8,FP,263,80,data/processed\X_train_rferf.csv,data/processed\y_train.csv,train_oof,0.20232788980713348
RFERF_RF_ROSE,RFERF,supervised,RF,ROSE,45,200,0.00036699019869450555,0.0023136450585422848,-0.0019466548598477788,0.0026806352572367903,0.1375,0.8625,FP,263,80,data/processed\X_train_rferf.csv,data/processed\y_train.csv,train_oof,0.20232788980713348
RFERF_RF_ROSE,RFERF,supervised,RF,ROSE,46,41,0.00036642246612229466,0.00201678493362466,-0.001650362467502366,0.0023832073997469556,0.275,0.725,FP,263,80,data/processed\X_train_rferf.csv,data/processed\y_train.csv,train_oof,0.20232788980713348
RFERF_RF_ROSE,RFERF,supervised,RF,ROSE,47,55,0.0003618577158168648,0.0018890994830045415,-0.001527241767187676,0.002250957198821406,0.2125,0.7875,FP,263,80,data/processed\X_train_rferf.csv,data/processed\y_train.csv,train_oof,0.20232788980713348
RFERF_RF_ROSE,RFERF,supervised,RF,ROSE,48,91,0.000346165146485929,0.003925581789008778,-0.0035794166425228494,0.004271746935494705,0.425,0.575,FP,263,80,data/processed\X_train_rferf.csv,data/processed\y_train.csv,train_oof,0.20232788980713348
RFERF_RF_ROSE,RFERF,supervised,RF,ROSE,49,58,0.0003166452347037278,0.00163063930407832,-0.0013139940693745918,0.0019472845387820477,0.3375,0.6625,FP,263,80,data/processed\X_train_rferf.csv,data/processed\y_train.csv,train_oof,0.20232788980713348
RFERF_RF_ROSE,RFERF,supervised,RF,ROSE,50,8,0.0003152180212134221,0.00329951241753563,-0.0029842943963222087,0.0036147304387490523,0.3625,0.6375,FP,263,80,data/processed\X_train_rferf.csv,data/processed\y_train.csv,train_oof,0.20232788980713348
RFERF_RF_ROSE,RFERF,supervised,RF,ROSE,51,571,0.0003120782767080527,0.0018317040437995803,-0.0015196257670915272,0.0021437823205076338,0.1625,0.8375,FP,263,80,data/processed\X_train_rferf.csv,data/processed\y_train.csv,train_oof,0.20232788980713348
RFERF_RF_ROSE,RFERF,supervised,RF,ROSE,52,288,0.00030764306389730967,0.0018535357467340374,-0.0015458926828367278,0.0021611788106313473,0.0625,0.9375,FP,263,80,data/processed\X_train_rferf.csv,data/processed\y_train.csv,train_oof,0.20232788980713348
RFERF_RF_ROSE,RFERF,supervised,RF,ROSE,53,56,0.00029694324970092555,0.0016203580995167656,-0.00132341484981584,0.001917301349217691,0.525,0.475,FP,263,80,data/processed\X_train_rferf.csv,data/processed\y_train.csv,train_oof,0.20232788980713348
RFERF_RF_ROSE,RFERF,supervised,RF,ROSE,54,586,0.00029573261813340735,0.003780368131102641,-0.0034846355129692337,0.004076100749236047,0.175,0.825,FP,263,80,data/processed\X_train_rferf.csv,data/processed\y_train.csv,train_oof,0.20232788980713348
RFERF_RF_ROSE,RFERF,supervised,RF,ROSE,55,0,0.00029354188008956343,0.0038157450262894252,-0.0035222031461998615,0.004109286906378989,0.1625,0.8375,FP,263,80,data/processed\X_train_rferf.csv,data/processed\y_train.csv,train_oof,0.20232788980713348
RFERF_RF_ROSE,RFERF,supervised,RF,ROSE,56,57,0.0002892257689992111,0.003216116875150555,-0.002926891106151344,0.0035053426441497655,0.225,0.775,FP,263,80,data/processed\X_train_rferf.csv,data/processed\y_train.csv,train_oof,0.20232788980713348
RFERF_RF_ROSE,RFERF,supervised,RF,ROSE,57,295,0.0002832032989203066,0.001261862282626536,-0.0009786589837062298,0.0015450655815468423,0.1,0.9,FP,263,80,data/processed\X_train_rferf.csv,data/processed\y_train.csv,train_oof,0.20232788980713348
RFERF_RF_ROSE,RFERF,supervised,RF,ROSE,58,273,0.00026844426420061056,0.0018778996731732074,-0.001609455408972597,0.0021463439373738177,0.075,0.925,FP,263,80,data/processed\X_train_rferf.csv,data/processed\y_train.csv,train_oof,0.20232788980713348
RFERF_RF_ROSE,RFERF,supervised,RF,ROSE,59,452,0.00026799447554306496,0.0015986012358063628,-0.0013306067602632979,0.0018665957113494283,0.325,0.675,FP,263,80,data/processed\X_train_rferf.csv,data/processed\y_train.csv,train_oof,0.20232788980713348
RFERF_RF_ROSE,RFERF,supervised,RF,ROSE,60,183,0.0002669142570740211,0.002498625766037657,-0.002231711508963635,0.0027655400231116787,0.2875,0.7125,FP,263,80,data/processed\X_train_rferf.csv,data/processed\y_train.csv,train_oof,0.20232788980713348
RFERF_RF_ROSE,RFERF,supervised,RF,ROSE,61,182,0.00022817373012613932,0.00287357562175023,-0.0026454018916240917,0.003101749351876369,0.4375,0.5625,FP,263,80,data/processed\X_train_rferf.csv,data/processed\y_train.csv,train_oof,0.20232788980713348
RFERF_RF_ROSE,RFERF,supervised,RF,ROSE,62,107,0.00020924290940612357,0.0026631111976060445,-0.002453868288199921,0.0028723541070121675,0.2375,0.7625,FP,263,80,data/processed\X_train_rferf.csv,data/processed\y_train.csv,train_oof,0.20232788980713348
RFERF_RF_ROSE,RFERF,supervised,RF,ROSE,63,338,0.00018521355224340925,0.0017565427668050522,-0.001571329214561642,0.0019417563190484613,0.275,0.725,FP,263,80,data/processed\X_train_rferf.csv,data/processed\y_train.csv,train_oof,0.20232788980713348
RFERF_RF_ROSE,RFERF,supervised,RF,ROSE,64,271,0.00017442634848016114,0.0021842542820428475,-0.0020098279335626864,0.0023586806305230085,0.075,0.925,FP,263,80,data/processed\X_train_rferf.csv,data/processed\y_train.csv,train_oof,0.20232788980713348
RFERF_RF_ROSE,RFERF,supervised,RF,ROSE,65,48,0.00017120015606019535,0.003932403053002451,-0.003761202896942255,0.004103603209062646,0.075,0.925,FP,263,80,data/processed\X_train_rferf.csv,data/processed\y_train.csv,train_oof,0.20232788980713348
RFERF_RF_ROSE,RFERF,supervised,RF,ROSE,66,310,0.00016576487005300904,0.002067244661497716,-0.0019014797914447073,0.002233009531550725,0.25,0.75,FP,263,80,data/processed\X_train_rferf.csv,data/processed\y_train.csv,train_oof,0.20232788980713348
RFERF_RF_ROSE,RFERF,supervised,RF,ROSE,67,344,0.0001652605048705885,0.0031398117289857174,-0.0029745512241151294,0.003305072233856307,0.15,0.85,FP,263,80,data/processed\X_train_rferf.csv,data/processed\y_train.csv,train_oof,0.20232788980713348
RFERF_RF_ROSE,RFERF,supervised,RF,ROSE,68,115,0.0001640586663824841,0.0017016033174320703,-0.0015375446510495858,0.0018656619838145548,0.1375,0.8625,FP,263,80,data/processed\X_train_rferf.csv,data/processed\y_train.csv,train_oof,0.20232788980713348
RFERF_RF_ROSE,RFERF,supervised,RF,ROSE,69,81,0.00015903453121969148,0.0028399178703559,-0.0026808833391362085,0.0029989524015755923,0.05,0.95,FP,263,80,data/processed\X_train_rferf.csv,data/processed\y_train.csv,train_oof,0.20232788980713348
RFERF_RF_ROSE,RFERF,supervised,RF,ROSE,70,2,0.00015387456571307233,0.00200508218226506,-0.0018512076165519877,0.0021589567479781326,0.1375,0.8625,FP,263,80,data/processed\X_train_rferf.csv,data/processed\y_train.csv,train_oof,0.20232788980713348
RFERF_RF_ROSE,RFERF,supervised,RF,ROSE,71,563,0.0001458808279758672,0.003352704687772987,-0.00320682385979712,0.0034985855157488545,0.25,0.75,FP,263,80,data/processed\X_train_rferf.csv,data/processed\y_train.csv,train_oof,0.20232788980713348
RFERF_RF_ROSE,RFERF,supervised,RF,ROSE,72,490,0.00014437554527004513,0.0029682902687439856,-0.002823914723473941,0.0031126658140140312,0.075,0.925,FP,263,80,data/processed\X_train_rferf.csv,data/processed\y_train.csv,train_oof,0.20232788980713348
RFERF_RF_ROSE,RFERF,supervised,RF,ROSE,73,76,0.00013344691461157637,0.002036365564132514,-0.001902918649520938,0.0021698124787440905,0.2875,0.7125,FP,263,80,data/processed\X_train_rferf.csv,data/processed\y_train.csv,train_oof,0.20232788980713348
RFERF_RF_ROSE,RFERF,supervised,RF,ROSE,74,525,0.00012550210535301724,0.003172589094758322,-0.0030470869894053047,0.0032980912001113393,0.275,0.725,FP,263,80,data/processed\X_train_rferf.csv,data/processed\y_train.csv,train_oof,0.20232788980713348
RFERF_RF_ROSE,RFERF,supervised,RF,ROSE,75,47,0.0001128636936682999,0.0016794077528028447,-0.0015665440591345447,0.0017922714464711446,0.0375,0.9625,FP,263,80,data/processed\X_train_rferf.csv,data/processed\y_train.csv,train_oof,0.20232788980713348
RFERF_RF_ROSE,RFERF,supervised,RF,ROSE,76,75,9.515305545606391e-05,0.003270347757280391,-0.003175194701824327,0.003365500812736454,0.1625,0.8375,FP,263,80,data/processed\X_train_rferf.csv,data/processed\y_train.csv,train_oof,0.20232788980713348
RFERF_RF_ROSE,RFERF,supervised,RF,ROSE,77,252,9.064245191808961e-05,0.003265595489369149,-0.00317495303745106,0.003356237941287238,0.2,0.8,FP,263,80,data/processed\X_train_rferf.csv,data/processed\y_train.csv,train_oof,0.20232788980713348
RFERF_RF_ROSE,RFERF,supervised,RF,ROSE,78,16,9.014426722839505e-05,0.0023787139771289474,-0.002288569709900552,0.0024688582443573416,0.1625,0.8375,FP,263,80,data/processed\X_train_rferf.csv,data/processed\y_train.csv,train_oof,0.20232788980713348
RFERF_RF_ROSE,RFERF,supervised,RF,ROSE,79,92,8.749440218562736e-05,0.0018978124558283699,-0.001810318053642743,0.0019853068580139967,0.25,0.75,FP,263,80,data/processed\X_train_rferf.csv,data/processed\y_train.csv,train_oof,0.20232788980713348
RFERF_RF_ROSE,RFERF,supervised,RF,ROSE,80,480,7.629370364456302e-05,0.005613705935522338,-0.005537412231877774,0.005689999639166901,0.1375,0.8625,FP,263,80,data/processed\X_train_rferf.csv,data/processed\y_train.csv,train_oof,0.20232788980713348
RFERF_RF_ROSE,RFERF,supervised,RF,ROSE,81,43,7.168522029052496e-05,0.0018561883714648714,-0.0017845031511743465,0.0019278735917553972,0.0625,0.9375,FP,263,80,data/processed\X_train_rferf.csv,data/processed\y_train.csv,train_oof,0.20232788980713348
RFERF_RF_ROSE,RFERF,supervised,RF,ROSE,82,139,7.002621148312687e-05,0.0027372422417844757,-0.0026672160303013483,0.0028072684532676026,0.15,0.85,FP,263,80,data/processed\X_train_rferf.csv,data/processed\y_train.csv,train_oof,0.20232788980713348
RFERF_RF_ROSE,RFERF,supervised,RF,ROSE,83,227,6.94271152811445e-05,0.0010313996928838984,-0.000961972577602754,0.0011008268081650432,0.05,0.95,FP,263,80,data/processed\X_train_rferf.csv,data/processed\y_train.csv,train_oof,0.20232788980713348
RFERF_RF_ROSE,RFERF,supervised,RF,ROSE,84,39,6.637441090036809e-05,0.0022715516552199067,-0.0022051772443195386,0.0023379260661202748,0.1625,0.8375,FP,263,80,data/processed\X_train_rferf.csv,data/processed\y_train.csv,train_oof,0.20232788980713348
RFERF_RF_ROSE,RFERF,supervised,RF,ROSE,85,217,6.615456587380635e-05,0.0022355948593003544,-0.002169440293426548,0.002301749425174161,0.0125,0.9875,FP,263,80,data/processed\X_train_rferf.csv,data/processed\y_train.csv,train_oof,0.20232788980713348
RFERF_RF_ROSE,RFERF,supervised,RF,ROSE,86,35,5.428223739970331e-05,0.004519178630897998,-0.004464896393498295,0.0045734608682977025,0.0375,0.9625,FP,263,80,data/processed\X_train_rferf.csv,data/processed\y_train.csv,train_oof,0.20232788980713348
RFERF_RF_ROSE,RFERF,supervised,RF,ROSE,87,37,5.311469854644448e-05,0.0029242441821591006,-0.002871129483612656,0.0029773588807055448,0.0875,0.9125,FP,263,80,data/processed\X_train_rferf.csv,data/processed\y_train.csv,train_oof,0.20232788980713348
RFERF_RF_ROSE,RFERF,supervised,RF,ROSE,88,24,5.299734228941389e-05,0.0021477893699208576,-0.0020947920276314443,0.002200786712210272,0.075,0.925,FP,263,80,data/processed\X_train_rferf.csv,data/processed\y_train.csv,train_oof,0.20232788980713348
RFERF_RF_ROSE,RFERF,supervised,RF,ROSE,89,552,4.800847936480446e-05,0.005435132918253602,-0.005387124438888798,0.005483141397618407,0.0875,0.9125,FP,263,80,data/processed\X_train_rferf.csv,data/processed\y_train.csv,train_oof,0.20232788980713348
RFERF_RF_ROSE,RFERF,supervised,RF,ROSE,90,468,3.544082416549138e-05,0.0038636520270070073,-0.003828211202841516,0.003899092851172498,0.0375,0.9625,FP,263,80,data/processed\X_train_rferf.csv,data/processed\y_train.csv,train_oof,0.20232788980713348
RFERF_RF_ROSE,RFERF,supervised,RF,ROSE,91,15,3.480088933615006e-05,0.002516246679481565,-0.0024814457901454153,0.002551047568817715,0.15,0.85,FP,263,80,data/processed\X_train_rferf.csv,data/processed\y_train.csv,train_oof,0.20232788980713348
RFERF_RF_ROSE,RFERF,supervised,RF,ROSE,92,460,2.9845416123340328e-05,0.0021520337166413325,-0.0021221883005179917,0.002181879132764673,0.1375,0.8625,FP,263,80,data/processed\X_train_rferf.csv,data/processed\y_train.csv,train_oof,0.20232788980713348
RFERF_RF_ROSE,RFERF,supervised,RF,ROSE,93,126,2.6883532626206025e-05,0.0015353729001446425,-0.0015084893675184363,0.0015622564327708488,0.075,0.925,FP,263,80,data/processed\X_train_rferf.csv,data/processed\y_train.csv,train_oof,0.20232788980713348
RFERF_RF_ROSE,RFERF,supervised,RF,ROSE,94,173,1.8701694085829463e-05,0.0034500811761647176,-0.003431379482078888,0.0034687828702505467,0.0875,0.9125,FP,263,80,data/processed\X_train_rferf.csv,data/processed\y_train.csv,train_oof,0.20232788980713348
RFERF_RF_ROSE,RFERF,supervised,RF,ROSE,95,88,8.739149000360317e-06,0.002788922805349295,-0.0027801836563489347,0.0027976619543496556,0.025,0.975,FP,263,80,data/processed\X_train_rferf.csv,data/processed\y_train.csv,train_oof,0.20232788980713348
RFERF_RF_ROSE,RFERF,supervised,RF,ROSE,96,9,6.533914334389939e-06,0.002122400465737529,-0.002115866551403139,0.0021289343800719187,0.0375,0.9625,FP,263,80,data/processed\X_train_rferf.csv,data/processed\y_train.csv,train_oof,0.20232788980713348
RFERF_RF_ROSE,RFERF,supervised,RF,ROSE,97,484,0.0,0.008669745583580052,-0.008669745583580052,0.008669745583580052,0.0,1.0,FP,263,80,data/processed\X_train_rferf.csv,data/processed\y_train.csv,train_oof,0.20232788980713348
RFERF_RF_ROSE,RFERF,supervised,RF,ROSE,98,488,0.0,0.004795781226414954,-0.004795781226414954,0.004795781226414954,0.0,1.0,FP,263,80,data/processed\X_train_rferf.csv,data/processed\y_train.csv,train_oof,0.20232788980713348
RFERF_RF_ROSE,RFERF,supervised,RF,ROSE,99,489,0.0,0.00382638645523561,-0.00382638645523561,0.00382638645523561,0.0,1.0,FP,263,80,data/processed\X_train_rferf.csv,data/processed\y_train.csv,train_oof,0.20232788980713348
RFERF_RF_NoResample,RFERF,supervised,RF,NoResample,1,59,0.016161311343017036,0.003051126494288508,0.013110184848728525,0.019212437837305547,0.625,0.375,FP,218,80,data/processed\X_train_rferf.csv,data/processed\y_train.csv,train_oof,0.10516617787900674
RFERF_RF_NoResample,RFERF,supervised,RF,NoResample,2,64,0.013703889701420386,0.0014399859294694092,0.012263903771950972,0.015143875630889796,0.525,0.475,FP,218,80,data/processed\X_train_rferf.csv,data/processed\y_train.csv,train_oof,0.10516617787900674
RFERF_RF_NoResample,RFERF,supervised,RF,NoResample,3,103,0.009799482954351162,0.001669722788695209,0.008129760165655957,0.011469205743046369,0.575,0.425,FP,218,80,data/processed\X_train_rferf.csv,data/processed\y_train.csv,train_oof,0.10516617787900674
RFERF_RF_NoResample,RFERF,supervised,RF,NoResample,4,65,0.007367436605852681,0.0010557695227575337,0.0063116670830951445,0.008423206128610215,0.5,0.5,FP,218,80,data/processed\X_train_rferf.csv,data/processed\y_train.csv,train_oof,0.10516617787900674
RFERF_RF_NoResample,RFERF,supervised,RF,NoResample,5,348,0.0056342322252613,0.001975750650892922,0.0036584815743683796,0.0076099828761542225,0.425,0.575,FP,218,80,data/processed\X_train_rferf.csv,data/processed\y_train.csv,train_oof,0.10516617787900674
RFERF_RF_NoResample,RFERF,supervised,RF,NoResample,6,63,0.005592545185154963,0.0008625820233777122,0.004729963161777253,0.006455127208532675,0.375,0.625,FP,218,80,data/processed\X_train_rferf.csv,data/processed\y_train.csv,train_oof,0.10516617787900674
RFERF_RF_NoResample,RFERF,supervised,RF,NoResample,7,510,0.005161104984197478,0.000988081315064846,0.004173023669132634,0.006149186299262324,0.5,0.5,FP,218,80,data/processed\X_train_rferf.csv,data/processed\y_train.csv,train_oof,0.10516617787900674
RFERF_RF_NoResample,RFERF,supervised,RF,NoResample,8,25,0.0049285849382805615,0.0013911684321962505,0.0035374165060843106,0.0063197533704768116,0.3625,0.6375,FP,218,80,data/processed\X_train_rferf.csv,data/processed\y_train.csv,train_oof,0.10516617787900674
RFERF_RF_NoResample,RFERF,supervised,RF,NoResample,9,477,0.004535847700703402,0.0038037355206122906,0.0007321121800911107,0.00833958322131569,0.3125,0.6875,FP,218,80,data/processed\X_train_rferf.csv,data/processed\y_train.csv,train_oof,0.10516617787900674
RFERF_RF_NoResample,RFERF,supervised,RF,NoResample,10,132,0.003941186493888835,0.0011962482989552894,0.0027449381949335456,0.005137434792844126,0.3,0.7,FP,218,80,data/processed\X_train_rferf.csv,data/processed\y_train.csv,train_oof,0.10516617787900674
RFERF_RF_NoResample,RFERF,supervised,RF,NoResample,11,21,0.003748205639453498,0.0009593118121700416,0.0027888938272834568,0.004707517451623541,0.3,0.7,FP,218,80,data/processed\X_train_rferf.csv,data/processed\y_train.csv,train_oof,0.10516617787900674
RFERF_RF_NoResample,RFERF,supervised,RF,NoResample,12,124,0.003409979645189703,0.0006872470579289242,0.0027227325872607785,0.004097226703118628,0.325,0.675,FP,218,80,data/processed\X_train_rferf.csv,data/processed\y_train.csv,train_oof,0.10516617787900674
RFERF_RF_NoResample,RFERF,supervised,RF,NoResample,13,405,0.002909114237915779,0.001263862508508119,0.0016452517294076583,0.0041729767464238985,0.375,0.625,FP,218,80,data/processed\X_train_rferf.csv,data/processed\y_train.csv,train_oof,0.10516617787900674
RFERF_RF_NoResample,RFERF,supervised,RF,NoResample,14,79,0.0024873723421244345,0.0007066744955597291,0.001780697846564706,0.003194046837684165,0.6625,0.3375,FP,218,80,data/processed\X_train_rferf.csv,data/processed\y_train.csv,train_oof,0.10516617787900674
RFERF_RF_NoResample,RFERF,supervised,RF,NoResample,15,295,0.002050766443939998,0.0004559377500608005,0.0015948286938791971,0.0025067041940007996,0.3125,0.6875,FP,218,80,data/processed\X_train_rferf.csv,data/processed\y_train.csv,train_oof,0.10516617787900674
RFERF_RF_NoResample,RFERF,supervised,RF,NoResample,16,67,0.0019968144545617567,0.0013978466585630191,0.0005989677959987374,0.0033946611131247762,0.3125,0.6875,FP,218,80,data/processed\X_train_rferf.csv,data/processed\y_train.csv,train_oof,0.10516617787900674
RFERF_RF_NoResample,RFERF,supervised,RF,NoResample,17,41,0.001943548756830986,0.0011744568876029774,0.0007690918692280094,0.003118005644433964,0.5,0.5,FP,218,80,data/processed\X_train_rferf.csv,data/processed\y_train.csv,train_oof,0.10516617787900674
RFERF_RF_NoResample,RFERF,supervised,RF,NoResample,18,122,0.0019178419934675229,0.0013466066598508707,0.0005712353336166519,0.003264448653318392,0.4125,0.5875,FP,218,80,data/processed\X_train_rferf.csv,data/processed\y_train.csv,train_oof,0.10516617787900674
RFERF_RF_NoResample,RFERF,supervised,RF,NoResample,19,551,0.0017844918420082238,0.001309203671872971,0.00047528817013525287,0.003093695513881195,0.2625,0.7375,FP,218,80,data/processed\X_train_rferf.csv,data/processed\y_train.csv,train_oof,0.10516617787900674
RFERF_RF_NoResample,RFERF,supervised,RF,NoResample,20,14,0.0017281845061947639,0.0008867895017316116,0.0008413950044631523,0.002614974007926375,0.3625,0.6375,FP,218,80,data/processed\X_train_rferf.csv,data/processed\y_train.csv,train_oof,0.10516617787900674
RFERF_RF_NoResample,RFERF,supervised,RF,NoResample,21,55,0.0017230463880443764,0.0010818217838338975,0.0006412246042104788,0.0028048681718782736,0.325,0.675,FP,218,80,data/processed\X_train_rferf.csv,data/processed\y_train.csv,train_oof,0.10516617787900674
RFERF_RF_NoResample,RFERF,supervised,RF,NoResample,22,333,0.0016483984547081213,0.002068902508700901,-0.00042050405399277947,0.0037173009634090216,0.2,0.8,FP,218,80,data/processed\X_train_rferf.csv,data/processed\y_train.csv,train_oof,0.10516617787900674
RFERF_RF_NoResample,RFERF,supervised,RF,NoResample,23,133,0.0015851156291065318,0.0008512172752193698,0.0007338983538871623,0.0024363329043259026,0.375,0.625,FP,218,80,data/processed\X_train_rferf.csv,data/processed\y_train.csv,train_oof,0.10516617787900674
RFERF_RF_NoResample,RFERF,supervised,RF,NoResample,24,129,0.0014808098689526043,0.0014364628016924844,4.434706726011937e-05,0.0029172726706450888,0.4875,0.5125,FP,218,80,data/processed\X_train_rferf.csv,data/processed\y_train.csv,train_oof,0.10516617787900674
RFERF_RF_NoResample,RFERF,supervised,RF,NoResample,25,28,0.0014711519979097095,0.0005874025331944336,0.000883749464715276,0.0020585545311041426,0.4875,0.5125,FP,218,80,data/processed\X_train_rferf.csv,data/processed\y_train.csv,train_oof,0.10516617787900674
RFERF_RF_NoResample,RFERF,supervised,RF,NoResample,26,125,0.0014355572933744403,0.0006604617894430048,0.0007750955039314357,0.002096019082817446,0.4125,0.5875,FP,218,80,data/processed\X_train_rferf.csv,data/processed\y_train.csv,train_oof,0.10516617787900674
RFERF_RF_NoResample,RFERF,supervised,RF,NoResample,27,156,0.001382282823469481,0.001096656427414092,0.00028562639605538915,0.0024789392508835725,0.1125,0.8875,FP,218,80,data/processed\X_train_rferf.csv,data/processed\y_train.csv,train_oof,0.10516617787900674
RFERF_RF_NoResample,RFERF,supervised,RF,NoResample,28,282,0.0013775423040560983,0.0004887501607397879,0.0008887921433163108,0.0018662924647958868,0.6375,0.3625,FP,218,80,data/processed\X_train_rferf.csv,data/processed\y_train.csv,train_oof,0.10516617787900674
RFERF_RF_NoResample,RFERF,supervised,RF,NoResample,29,425,0.0013593883272189381,0.0020653074996928407,-0.0007059191724739034,0.0034246958269117797,0.25,0.75,FP,218,80,data/processed\X_train_rferf.csv,data/processed\y_train.csv,train_oof,0.10516617787900674
RFERF_RF_NoResample,RFERF,supervised,RF,NoResample,30,102,0.0013356835951110811,0.0012152343475810494,0.00012044924753003168,0.0025509179426921316,0.3875,0.6125,FP,218,80,data/processed\X_train_rferf.csv,data/processed\y_train.csv,train_oof,0.10516617787900674
RFERF_RF_NoResample,RFERF,supervised,RF,NoResample,31,0,0.0013313549412325603,0.0016278345786837557,-0.0002964796374511949,0.0029591895199163154,0.425,0.575,FP,218,80,data/processed\X_train_rferf.csv,data/processed\y_train.csv,train_oof,0.10516617787900674
RFERF_RF_NoResample,RFERF,supervised,RF,NoResample,32,338,0.0012730846514083264,0.0007672392278323213,0.000505845423576005,0.002040323879240648,0.5375,0.4625,FP,218,80,data/processed\X_train_rferf.csv,data/processed\y_train.csv,train_oof,0.10516617787900674
RFERF_RF_NoResample,RFERF,supervised,RF,NoResample,33,37,0.0012688826281531576,0.000720605381043398,0.0005482772471097591,0.0019894880091965556,0.6,0.4,FP,218,80,data/processed\X_train_rferf.csv,data/processed\y_train.csv,train_oof,0.10516617787900674
RFERF_RF_NoResample,RFERF,supervised,RF,NoResample,34,288,0.0012652515594007453,0.0007883312753322885,0.00047692028406845683,0.0020535828347330335,0.4,0.6,FP,218,80,data/processed\X_train_rferf.csv,data/processed\y_train.csv,train_oof,0.10516617787900674
RFERF_RF_NoResample,RFERF,supervised,RF,NoResample,35,316,0.001168085917508242,0.0002969608008238047,0.0008711251166844377,0.0014650467183320466,0.6125,0.3875,FP,218,80,data/processed\X_train_rferf.csv,data/processed\y_train.csv,train_oof,0.10516617787900674
RFERF_RF_NoResample,RFERF,supervised,RF,NoResample,36,200,0.0010689661750401913,0.0015543170342239808,-0.0004853508591837896,0.0026232832092641717,0.2375,0.7625,FP,218,80,data/processed\X_train_rferf.csv,data/processed\y_train.csv,train_oof,0.10516617787900674
RFERF_RF_NoResample,RFERF,supervised,RF,NoResample,37,281,0.0010344512029452002,0.0007369887421998236,0.00029746246074537655,0.0017714399451450233,0.3375,0.6625,FP,218,80,data/processed\X_train_rferf.csv,data/processed\y_train.csv,train_oof,0.10516617787900674
RFERF_RF_NoResample,RFERF,supervised,RF,NoResample,38,484,0.001003409335102272,0.0007354806786149967,0.00026792865648727563,0.0017388900137172679,0.425,0.575,FP,218,80,data/processed\X_train_rferf.csv,data/processed\y_train.csv,train_oof,0.10516617787900674
RFERF_RF_NoResample,RFERF,supervised,RF,NoResample,39,344,0.0009960508826259928,0.0010463652267803424,-5.03143441543494e-05,0.002042416109406335,0.2875,0.7125,FP,218,80,data/processed\X_train_rferf.csv,data/processed\y_train.csv,train_oof,0.10516617787900674
RFERF_RF_NoResample,RFERF,supervised,RF,NoResample,40,144,0.0009798844074450613,0.0006053965716897987,0.00037448783575526264,0.00158528097913486,0.4,0.6,FP,218,80,data/processed\X_train_rferf.csv,data/processed\y_train.csv,train_oof,0.10516617787900674
RFERF_RF_NoResample,RFERF,supervised,RF,NoResample,41,571,0.0009746601999173037,0.0010835343051134715,-0.00010887410519616813,0.0020581945050307756,0.2875,0.7125,FP,218,80,data/processed\X_train_rferf.csv,data/processed\y_train.csv,train_oof,0.10516617787900674
RFERF_RF_NoResample,RFERF,supervised,RF,NoResample,42,416,0.0009527552137346273,0.0015583042261267481,-0.0006055490123921208,0.002511059439861376,0.1875,0.8125,FP,218,80,data/processed\X_train_rferf.csv,data/processed\y_train.csv,train_oof,0.10516617787900674
RFERF_RF_NoResample,RFERF,supervised,RF,NoResample,43,130,0.0009485045699612685,0.0006669158469290528,0.0002815887230322154,0.0016154204168903215,0.375,0.625,FP,218,80,data/processed\X_train_rferf.csv,data/processed\y_train.csv,train_oof,0.10516617787900674
RFERF_RF_NoResample,RFERF,supervised,RF,NoResample,44,582,0.0009391916179872296,0.0008182624306545688,0.00012092918733266089,0.0017574540486417986,0.2375,0.7625,FP,218,80,data/processed\X_train_rferf.csv,data/processed\y_train.csv,train_oof,0.10516617787900674
RFERF_RF_NoResample,RFERF,supervised,RF,NoResample,45,2,0.0009297277957095847,0.0005374024973541211,0.0003923252983554633,0.001467130293063706,0.35,0.65,FP,218,80,data/processed\X_train_rferf.csv,data/processed\y_train.csv,train_oof,0.10516617787900674
RFERF_RF_NoResample,RFERF,supervised,RF,NoResample,46,137,0.0008961075835106679,0.0008240430496614804,7.206453384918713e-05,0.0017201506331721472,0.4375,0.5625,FP,218,80,data/processed\X_train_rferf.csv,data/processed\y_train.csv,train_oof,0.10516617787900674
RFERF_RF_NoResample,RFERF,supervised,RF,NoResample,47,273,0.0008649138743312719,0.00035826862652243595,0.0005066452478088362,0.0012231825008537076,0.3875,0.6125,FP,218,80,data/processed\X_train_rferf.csv,data/processed\y_train.csv,train_oof,0.10516617787900674
RFERF_RF_NoResample,RFERF,supervised,RF,NoResample,48,48,0.0008562046806156199,0.00077472277069483,8.148190992079008e-05,0.0016309274513104503,0.3625,0.6375,FP,218,80,data/processed\X_train_rferf.csv,data/processed\y_train.csv,train_oof,0.10516617787900674
RFERF_RF_NoResample,RFERF,supervised,RF,NoResample,49,183,0.0008559925626966619,0.0009949833641694386,-0.00013899080147277622,0.0018509759268660996,0.4,0.6,FP,218,80,data/processed\X_train_rferf.csv,data/processed\y_train.csv,train_oof,0.10516617787900674
RFERF_RF_NoResample,RFERF,supervised,RF,NoResample,50,33,0.0007927179151152655,0.0007366152465550791,5.610266856018665e-05,0.0015293331616703446,0.375,0.625,FP,218,80,data/processed\X_train_rferf.csv,data/processed\y_train.csv,train_oof,0.10516617787900674
RFERF_RF_NoResample,RFERF,supervised,RF,NoResample,51,16,0.0007845678456832779,0.0005481628181874902,0.00023640502749578746,0.0013327306638707677,0.35,0.65,FP,218,80,data/processed\X_train_rferf.csv,data/processed\y_train.csv,train_oof,0.10516617787900674
RFERF_RF_NoResample,RFERF,supervised,RF,NoResample,52,57,0.000743750996346176,0.0009107826466501349,-0.00016703165030395873,0.0016545336429963104,0.2625,0.7375,FP,218,80,data/processed\X_train_rferf.csv,data/processed\y_train.csv,train_oof,0.10516617787900674
RFERF_RF_NoResample,RFERF,supervised,RF,NoResample,53,423,0.0007192003264436696,0.0006919729767432443,2.722734970042513e-05,0.0014111733031869139,0.375,0.625,FP,218,80,data/processed\X_train_rferf.csv,data/processed\y_train.csv,train_oof,0.10516617787900674
RFERF_RF_NoResample,RFERF,supervised,RF,NoResample,54,107,0.0007046033698407887,0.0009633799312816687,-0.0002587765614408801,0.0016679833011224569,0.3125,0.6875,FP,218,80,data/processed\X_train_rferf.csv,data/processed\y_train.csv,train_oof,0.10516617787900674
RFERF_RF_NoResample,RFERF,supervised,RF,NoResample,55,19,0.0006908434770123832,0.0005471209105099064,0.00014372256650247654,0.001237964387522289,0.4375,0.5625,FP,218,80,data/processed\X_train_rferf.csv,data/processed\y_train.csv,train_oof,0.10516617787900674
RFERF_RF_NoResample,RFERF,supervised,RF,NoResample,56,76,0.000675046600697271,0.0007481746621514909,-7.312806145422009e-05,0.0014232212628487615,0.425,0.575,FP,218,80,data/processed\X_train_rferf.csv,data/processed\y_train.csv,train_oof,0.10516617787900674
RFERF_RF_NoResample,RFERF,supervised,RF,NoResample,57,586,0.000660625634702517,0.001109386362443079,-0.0004487607277405623,0.0017700119971455965,0.25,0.75,FP,218,80,data/processed\X_train_rferf.csv,data/processed\y_train.csv,train_oof,0.10516617787900674
RFERF_RF_NoResample,RFERF,supervised,RF,NoResample,58,452,0.0006501649128735577,0.0002758851165491734,0.0003742797963243843,0.0009260500294227314,0.5375,0.4625,FP,218,80,data/processed\X_train_rferf.csv,data/processed\y_train.csv,train_oof,0.10516617787900674
RFERF_RF_NoResample,RFERF,supervised,RF,NoResample,59,488,0.0006356156621722677,0.0006861498387843115,-5.053417661204366e-05,0.0013217655009565787,0.35,0.65,FP,218,80,data/processed\X_train_rferf.csv,data/processed\y_train.csv,train_oof,0.10516617787900674
RFERF_RF_NoResample,RFERF,supervised,RF,NoResample,60,280,0.0006122062135225369,0.0005697067552305202,4.24994582920168e-05,0.001181912968753057,0.4125,0.5875,FP,218,80,data/processed\X_train_rferf.csv,data/processed\y_train.csv,train_oof,0.10516617787900674
RFERF_RF_NoResample,RFERF,supervised,RF,NoResample,61,480,0.0006014844991152717,0.0009498819689842755,-0.0003483974698690037,0.0015513664680995478,0.3125,0.6875,FP,218,80,data/processed\X_train_rferf.csv,data/processed\y_train.csv,train_oof,0.10516617787900674
RFERF_RF_NoResample,RFERF,supervised,RF,NoResample,62,428,0.0005996719935060168,0.0003311245993811959,0.0002685473941248209,0.0009307965928872126,0.575,0.425,FP,218,80,data/processed\X_train_rferf.csv,data/processed\y_train.csv,train_oof,0.10516617787900674
RFERF_RF_NoResample,RFERF,supervised,RF,NoResample,63,217,0.0005705280531390107,0.0007433204689104277,-0.00017279241577141676,0.0013138485220494382,0.25,0.75,FP,218,80,data/processed\X_train_rferf.csv,data/processed\y_train.csv,train_oof,0.10516617787900674
RFERF_RF_NoResample,RFERF,supervised,RF,NoResample,64,81,0.0005660791806356536,0.0009939280151500093,-0.0004278488345143555,0.001560007195785663,0.3,0.7,FP,218,80,data/processed\X_train_rferf.csv,data/processed\y_train.csv,train_oof,0.10516617787900674
RFERF_RF_NoResample,RFERF,supervised,RF,NoResample,65,43,0.0005386727207137841,0.00043902914636365,9.964357435013411e-05,0.0009777018670774338,0.325,0.675,FP,218,80,data/processed\X_train_rferf.csv,data/processed\y_train.csv,train_oof,0.10516617787900674
RFERF_RF_NoResample,RFERF,supervised,RF,NoResample,66,58,0.0005236791741397695,0.00037867436246990995,0.00014500481166985964,0.000902353536609679,0.525,0.475,FP,218,80,data/processed\X_train_rferf.csv,data/processed\y_train.csv,train_oof,0.10516617787900674
RFERF_RF_NoResample,RFERF,supervised,RF,NoResample,67,271,0.0005080710984386158,0.0012414528076267535,-0.0007333817091881376,0.0017495239060653692,0.175,0.825,FP,218,80,data/processed\X_train_rferf.csv,data/processed\y_train.csv,train_oof,0.10516617787900674
RFERF_RF_NoResample,RFERF,supervised,RF,NoResample,68,75,0.00048481230919963177,0.0006219075790311354,-0.0001370952698315037,0.0011067198882307677,0.4,0.6,FP,218,80,data/processed\X_train_rferf.csv,data/processed\y_train.csv,train_oof,0.10516617787900674
RFERF_RF_NoResample,RFERF,supervised,RF,NoResample,69,115,0.00047259575754737793,0.0008168473421180745,-0.0003442515845706969,0.0012894430996654522,0.3125,0.6875,FP,218,80,data/processed\X_train_rferf.csv,data/processed\y_train.csv,train_oof,0.10516617787900674
RFERF_RF_NoResample,RFERF,supervised,RF,NoResample,70,468,0.00047068444788134195,0.0006641383504306827,-0.00019345390254934055,0.0011348227983120243,0.3625,0.6375,FP,218,80,data/processed\X_train_rferf.csv,data/processed\y_train.csv,train_oof,0.10516617787900674
RFERF_RF_NoResample,RFERF,supervised,RF,NoResample,71,56,0.0004662936032627825,0.0007336885388596726,-0.00026739493559689017,0.001199982142122455,0.4125,0.5875,FP,218,80,data/processed\X_train_rferf.csv,data/processed\y_train.csv,train_oof,0.10516617787900674
RFERF_RF_NoResample,RFERF,supervised,RF,NoResample,72,486,0.00046473699502824875,0.0006387825967744413,-0.00017404560174619262,0.00110351959180269,0.35,0.65,FP,218,80,data/processed\X_train_rferf.csv,data/processed\y_train.csv,train_oof,0.10516617787900674
RFERF_RF_NoResample,RFERF,supervised,RF,NoResample,73,35,0.00046027824226871193,0.0005765948798534743,-0.00011631663758476221,0.0010368731221221858,0.6,0.4,FP,218,80,data/processed\X_train_rferf.csv,data/processed\y_train.csv,train_oof,0.10516617787900674
RFERF_RF_NoResample,RFERF,supervised,RF,NoResample,74,310,0.00043470218340816975,0.0004115656954161785,2.3136487991991132e-05,0.0008462678788243481,0.4,0.6,FP,218,80,data/processed\X_train_rferf.csv,data/processed\y_train.csv,train_oof,0.10516617787900674
RFERF_RF_NoResample,RFERF,supervised,RF,NoResample,75,92,0.0004297923038483047,0.0007701356695840671,-0.0003403433657357627,0.0011999279734323715,0.325,0.675,FP,218,80,data/processed\X_train_rferf.csv,data/processed\y_train.csv,train_oof,0.10516617787900674
RFERF_RF_NoResample,RFERF,supervised,RF,NoResample,76,460,0.00039599518331499123,0.0005048469094153512,-0.00010885172610036007,0.0009008420927303421,0.4125,0.5875,FP,218,80,data/processed\X_train_rferf.csv,data/processed\y_train.csv,train_oof,0.10516617787900674
RFERF_RF_NoResample,RFERF,supervised,RF,NoResample,77,91,0.0003893858070046517,0.00028253666349377604,0.00010684914351087567,0.0006719224704984279,0.525,0.475,FP,218,80,data/processed\X_train_rferf.csv,data/processed\y_train.csv,train_oof,0.10516617787900674
RFERF_RF_NoResample,RFERF,supervised,RF,NoResample,78,88,0.00037223366627575275,0.00034766356553350973,2.457010074224295e-05,0.0007198972318092626,0.375,0.625,FP,218,80,data/processed\X_train_rferf.csv,data/processed\y_train.csv,train_oof,0.10516617787900674
RFERF_RF_NoResample,RFERF,supervised,RF,NoResample,79,489,0.0003558541435464367,0.0006350686109127897,-0.00027921446736635294,0.0009909227544592264,0.2625,0.7375,FP,218,80,data/processed\X_train_rferf.csv,data/processed\y_train.csv,train_oof,0.10516617787900674
RFERF_RF_NoResample,RFERF,supervised,RF,NoResample,80,377,0.00035448478597462297,0.0003445011908485594,9.983595126063697e-06,0.0006989859768231826,0.525,0.475,FP,218,80,data/processed\X_train_rferf.csv,data/processed\y_train.csv,train_oof,0.10516617787900674
RFERF_RF_NoResample,RFERF,supervised,RF,NoResample,81,47,0.0003475680974249988,0.0008807323320513752,-0.0005331642346263765,0.0012283004294763736,0.225,0.775,FP,218,80,data/processed\X_train_rferf.csv,data/processed\y_train.csv,train_oof,0.10516617787900674
RFERF_RF_NoResample,RFERF,supervised,RF,NoResample,82,15,0.0003411512172196194,0.0005565765626776157,-0.00021542534545799613,0.0008977277798972352,0.4125,0.5875,FP,218,80,data/processed\X_train_rferf.csv,data/processed\y_train.csv,train_oof,0.10516617787900674
RFERF_RF_NoResample,RFERF,supervised,RF,NoResample,83,8,0.0003352146149219235,0.0006966695747588137,-0.00036145495983689013,0.0010318841896807375,0.4,0.6,FP,218,80,data/processed\X_train_rferf.csv,data/processed\y_train.csv,train_oof,0.10516617787900674
RFERF_RF_NoResample,RFERF,supervised,RF,NoResample,84,227,0.00032435205608584135,0.0003342998322490851,-9.947776163243763e-06,0.0006586518883349267,0.3625,0.6375,FP,218,80,data/processed\X_train_rferf.csv,data/processed\y_train.csv,train_oof,0.10516617787900674
RFERF_RF_NoResample,RFERF,supervised,RF,NoResample,85,131,0.00030256949202083524,0.0006286593602324559,-0.00032608986821162087,0.0009312288522532915,0.275,0.725,FP,218,80,data/processed\X_train_rferf.csv,data/processed\y_train.csv,train_oof,0.10516617787900674
RFERF_RF_NoResample,RFERF,supervised,RF,NoResample,86,139,0.00029779374044696955,0.0003236130290020148,-2.581928855504526e-05,0.000621406769448984,0.4,0.6,FP,218,80,data/processed\X_train_rferf.csv,data/processed\y_train.csv,train_oof,0.10516617787900674
RFERF_RF_NoResample,RFERF,supervised,RF,NoResample,87,90,0.00029001890716957423,0.00025219257835977694,3.78263288097974e-05,0.0005422114855293511,0.5625,0.4375,FP,218,80,data/processed\X_train_rferf.csv,data/processed\y_train.csv,train_oof,0.10516617787900674
RFERF_RF_NoResample,RFERF,supervised,RF,NoResample,88,525,0.0002824659827346723,0.00037497905360566125,-9.251307087098875e-05,0.0006574450363403335,0.3625,0.6375,FP,218,80,data/processed\X_train_rferf.csv,data/processed\y_train.csv,train_oof,0.10516617787900674
RFERF_RF_NoResample,RFERF,supervised,RF,NoResample,89,252,0.0002759115628416411,0.0003714928579808035,-9.558129513916249e-05,0.0006474044208224445,0.4,0.6,FP,218,80,data/processed\X_train_rferf.csv,data/processed\y_train.csv,train_oof,0.10516617787900674
RFERF_RF_NoResample,RFERF,supervised,RF,NoResample,90,552,0.00027263553389864363,0.0006101063962991658,-0.0003374708624005224,0.0008827419301978097,0.3625,0.6375,FP,218,80,data/processed\X_train_rferf.csv,data/processed\y_train.csv,train_oof,0.10516617787900674
RFERF_RF_NoResample,RFERF,supervised,RF,NoResample,91,490,0.00027184983541246827,0.0005921247582044138,-0.0003202749227919457,0.000863974593616882,0.2125,0.7875,FP,218,80,data/processed\X_train_rferf.csv,data/processed\y_train.csv,train_oof,0.10516617787900674
RFERF_RF_NoResample,RFERF,supervised,RF,NoResample,92,39,0.00027159384896114486,0.00044712506507276633,-0.00017553121611162153,0.0007187189140339111,0.3875,0.6125,FP,218,80,data/processed\X_train_rferf.csv,data/processed\y_train.csv,train_oof,0.10516617787900674
RFERF_RF_NoResample,RFERF,supervised,RF,NoResample,93,126,0.00027132639244683936,0.0005375236268197838,-0.00026619723437294447,0.0008088500192666232,0.2625,0.7375,FP,218,80,data/processed\X_train_rferf.csv,data/processed\y_train.csv,train_oof,0.10516617787900674
RFERF_RF_NoResample,RFERF,supervised,RF,NoResample,94,182,0.0002702310699785487,0.00031711067503925405,-4.687960506070542e-05,0.0005873417450178027,0.35,0.65,FP,218,80,data/processed\X_train_rferf.csv,data/processed\y_train.csv,train_oof,0.10516617787900674
RFERF_RF_NoResample,RFERF,supervised,RF,NoResample,95,173,0.0002445408551741973,0.00043735814864883266,-0.00019281729347463535,0.0006818990038230301,0.4,0.6,FP,218,80,data/processed\X_train_rferf.csv,data/processed\y_train.csv,train_oof,0.10516617787900674
RFERF_RF_NoResample,RFERF,supervised,RF,NoResample,96,563,0.00023165297157344702,0.0003969277835809609,-0.00016527481200751394,0.0006285807551544076,0.375,0.625,FP,218,80,data/processed\X_train_rferf.csv,data/processed\y_train.csv,train_oof,0.10516617787900674
RFERF_RF_NoResample,RFERF,supervised,RF,NoResample,97,9,0.0002052163534232158,0.00029870563172055073,-9.3489278297335e-05,0.0005039219851437667,0.45,0.55,FP,218,80,data/processed\X_train_rferf.csv,data/processed\y_train.csv,train_oof,0.10516617787900674
RFERF_RF_NoResample,RFERF,supervised,RF,NoResample,98,24,0.00020323710602934155,0.0003804571673974346,-0.0001772200613680929,0.0005836942734267758,0.3,0.7,FP,218,80,data/processed\X_train_rferf.csv,data/processed\y_train.csv,train_oof,0.10516617787900674
RFERF_RF_NoResample,RFERF,supervised,RF,NoResample,99,31,0.00020316776441668517,0.00035205186986176566,-0.0001488841054450805,0.000555219634278451,0.325,0.675,FP,218,80,data/processed\X_train_rferf.csv,data/processed\y_train.csv,train_oof,0.10516617787900674
RFERF_LR_class_weight,RFERF,supervised,LR,class_weight,1,59,1.5307453483980806,0.21966727468929173,1.3110780737087888,1.750412623087373,0.6125,0.3875,FP,181,80,data/processed\X_train_rferf.csv,data/processed\y_train.csv,train_oof,0.3472293893676648
RFERF_LR_class_weight,RFERF,supervised,LR,class_weight,2,64,0.9159229971714975,0.5800554920832772,0.3358675050882204,1.495978489254775,0.475,0.525,FP,181,80,data/processed\X_train_rferf.csv,data/processed\y_train.csv,train_oof,0.3472293893676648
RFERF_LR_class_weight,RFERF,supervised,LR,class_weight,3,56,0.6816714978005691,0.38665760600672056,0.2950138917938485,1.0683291038072897,0.7375,0.2625,FP,181,80,data/processed\X_train_rferf.csv,data/processed\y_train.csv,train_oof,0.3472293893676648
RFERF_LR_class_weight,RFERF,supervised,LR,class_weight,4,477,0.45006846056431743,0.036728960822996606,0.4133394997413209,0.48679742138731397,0.5125,0.4875,FP,181,80,data/processed\X_train_rferf.csv,data/processed\y_train.csv,train_oof,0.3472293893676648
RFERF_LR_class_weight,RFERF,supervised,LR,class_weight,5,280,0.44306880435651275,0.06094693213892159,0.3821218722175911,0.5040157364954345,0.8125,0.1875,FP,181,80,data/processed\X_train_rferf.csv,data/processed\y_train.csv,train_oof,0.3472293893676648
RFERF_LR_class_weight,RFERF,supervised,LR,class_weight,6,200,0.42830086318504523,0.15079820257202062,0.2775026606130247,0.579099065757066,0.5125,0.4875,FP,181,80,data/processed\X_train_rferf.csv,data/processed\y_train.csv,train_oof,0.3472293893676648
RFERF_LR_class_weight,RFERF,supervised,LR,class_weight,7,132,0.3723232728359865,0.4622666795542164,-0.08994340671822985,0.8345899523902028,0.5,0.5,FP,181,80,data/processed\X_train_rferf.csv,data/processed\y_train.csv,train_oof,0.3472293893676648
RFERF_LR_class_weight,RFERF,supervised,LR,class_weight,8,486,0.34756927417048233,0.17488262689012513,0.17268664728035715,0.5224519010606071,0.5625,0.4375,FP,181,80,data/processed\X_train_rferf.csv,data/processed\y_train.csv,train_oof,0.3472293893676648
RFERF_LR_class_weight,RFERF,supervised,LR,class_weight,9,43,0.3338722304366366,0.3596900415270802,-0.02581781109044349,0.6935622719637171,0.4375,0.5625,FP,181,80,data/processed\X_train_rferf.csv,data/processed\y_train.csv,train_oof,0.3472293893676648
RFERF_LR_class_weight,RFERF,supervised,LR,class_weight,10,133,0.3313039138319314,0.1395186714710911,0.1917852423608403,0.47082258530302246,0.725,0.275,FP,181,80,data/processed\X_train_rferf.csv,data/processed\y_train.csv,train_oof,0.3472293893676648
RFERF_LR_class_weight,RFERF,supervised,LR,class_weight,11,129,0.3163317850879846,0.15966535540099439,0.15666642968699052,0.475997140488979,0.7625,0.2375,FP,181,80,data/processed\X_train_rferf.csv,data/processed\y_train.csv,train_oof,0.3472293893676648
RFERF_LR_class_weight,RFERF,supervised,LR,class_weight,12,19,0.3028402588592005,0.02592894376753353,0.276911315091667,0.32876920262673404,0.85,0.15,FP,181,80,data/processed\X_train_rferf.csv,data/processed\y_train.csv,train_oof,0.3472293893676648
RFERF_LR_class_weight,RFERF,supervised,LR,class_weight,13,55,0.3010635975670558,0.26150719542625606,0.03955640214079974,0.5625707929933119,0.5125,0.4875,FP,181,80,data/processed\X_train_rferf.csv,data/processed\y_train.csv,train_oof,0.3472293893676648
RFERF_LR_class_weight,RFERF,supervised,LR,class_weight,14,416,0.258914476088587,0.10260302460070361,0.15631145148788328,0.36151750068929056,0.6625,0.3375,FP,181,80,data/processed\X_train_rferf.csv,data/processed\y_train.csv,train_oof,0.3472293893676648
RFERF_LR_class_weight,RFERF,supervised,LR,class_weight,15,333,0.23418481675664107,0.02721690811624818,0.20696790864039297,0.26140172487288915,0.5875,0.4125,FP,181,80,data/processed\X_train_rferf.csv,data/processed\y_train.csv,train_oof,0.3472293893676648
RFERF_LR_class_weight,RFERF,supervised,LR,class_weight,16,122,0.23229401871437375,0.08292800434485198,0.1493660143695218,0.3152220230592257,0.6625,0.3375,FP,181,80,data/processed\X_train_rferf.csv,data/processed\y_train.csv,train_oof,0.3472293893676648
RFERF_LR_class_weight,RFERF,supervised,LR,class_weight,17,281,0.22906378549181908,0.07160699250319094,0.15745679298862816,0.30067077799501,0.8,0.2,FP,181,80,data/processed\X_train_rferf.csv,data/processed\y_train.csv,train_oof,0.3472293893676648
RFERF_LR_class_weight,RFERF,supervised,LR,class_weight,18,130,0.22160929875766677,0.10775496820436928,0.11385433055329738,0.32936426696203613,0.6125,0.3875,FP,181,80,data/processed\X_train_rferf.csv,data/processed\y_train.csv,train_oof,0.3472293893676648
RFERF_LR_class_weight,RFERF,supervised,LR,class_weight,19,183,0.2206876571471847,0.14738985031215862,0.07329780683502604,0.3680775074593435,0.5875,0.4125,FP,181,80,data/processed\X_train_rferf.csv,data/processed\y_train.csv,train_oof,0.3472293893676648
RFERF_LR_class_weight,RFERF,supervised,LR,class_weight,20,423,0.21134855855024615,0.12901044540116682,0.08233811314907931,0.34035900395141305,0.5125,0.4875,FP,181,80,data/processed\X_train_rferf.csv,data/processed\y_train.csv,train_oof,0.3472293893676648
RFERF_LR_class_weight,RFERF,supervised,LR,class_weight,21,65,0.21005556261483357,0.42922448256179146,-0.2191689199469581,0.6392800451766248,0.5375,0.4625,FP,181,80,data/processed\X_train_rferf.csv,data/processed\y_train.csv,train_oof,0.3472293893676648
RFERF_LR_class_weight,RFERF,supervised,LR,class_weight,22,63,0.20464750520038896,0.5660291051491273,-0.3613815999487383,0.7706766103495164,0.525,0.475,FP,181,80,data/processed\X_train_rferf.csv,data/processed\y_train.csv,train_oof,0.3472293893676648
RFERF_LR_class_weight,RFERF,supervised,LR,class_weight,23,137,0.20425145738726896,0.095697571166006,0.10855388622126294,0.2999490285532749,0.65,0.35,FP,181,80,data/processed\X_train_rferf.csv,data/processed\y_train.csv,train_oof,0.3472293893676648
RFERF_LR_class_weight,RFERF,supervised,LR,class_weight,24,428,0.19402878062200066,0.006456117242011582,0.1875726633799891,0.20048489786401222,0.8875,0.1125,FP,181,80,data/processed\X_train_rferf.csv,data/processed\y_train.csv,train_oof,0.3472293893676648
RFERF_LR_class_weight,RFERF,supervised,LR,class_weight,25,452,0.19297023206910624,0.1454970474503903,0.04747318461871598,0.3384672795194965,0.525,0.475,FP,181,80,data/processed\X_train_rferf.csv,data/processed\y_train.csv,train_oof,0.3472293893676648
RFERF_LR_class_weight,RFERF,supervised,LR,class_weight,26,103,0.1915123514792028,0.05719948163193156,0.13431286984727125,0.2487118331111343,0.6125,0.3875,FP,181,80,data/processed\X_train_rferf.csv,data/processed\y_train.csv,train_oof,0.3472293893676648
RFERF_LR_class_weight,RFERF,supervised,LR,class_weight,27,316,0.1867870319676526,0.19813486905429445,-0.011347837086641941,0.3849219010219469,0.6375,0.3625,FP,181,80,data/processed\X_train_rferf.csv,data/processed\y_train.csv,train_oof,0.3472293893676648
RFERF_LR_class_weight,RFERF,supervised,LR,class_weight,28,21,0.1757800594601072,0.058592025373574184,0.117188034086533,0.23437208483368138,0.7,0.3,FP,181,80,data/processed\X_train_rferf.csv,data/processed\y_train.csv,train_oof,0.3472293893676648
RFERF_LR_class_weight,RFERF,supervised,LR,class_weight,29,348,0.1709973794542633,0.06710280806797135,0.10389457138629196,0.2381001875222346,0.5,0.5,FP,181,80,data/processed\X_train_rferf.csv,data/processed\y_train.csv,train_oof,0.3472293893676648
RFERF_LR_class_weight,RFERF,supervised,LR,class_weight,30,47,0.17090206515742046,0.1359941588264692,0.03490790633095125,0.3068962239838896,0.6,0.4,FP,181,80,data/processed\X_train_rferf.csv,data/processed\y_train.csv,train_oof,0.3472293893676648
RFERF_LR_class_weight,RFERF,supervised,LR,class_weight,31,91,0.15175745979701774,0.14171038928546348,0.010047070511554294,0.29346784908248125,0.4875,0.5125,FP,181,80,data/processed\X_train_rferf.csv,data/processed\y_train.csv,train_oof,0.3472293893676648
RFERF_LR_class_weight,RFERF,supervised,LR,class_weight,32,75,0.1514881409081801,0.17697456266379308,-0.02548642175561295,0.3284627035719731,0.525,0.475,FP,181,80,data/processed\X_train_rferf.csv,data/processed\y_train.csv,train_oof,0.3472293893676648
RFERF_LR_class_weight,RFERF,supervised,LR,class_weight,33,14,0.1503386953682078,0.08872991829954126,0.0616087770686665,0.23906861366774912,0.6125,0.3875,FP,181,80,data/processed\X_train_rferf.csv,data/processed\y_train.csv,train_oof,0.3472293893676648
RFERF_LR_class_weight,RFERF,supervised,LR,class_weight,34,582,0.14743109737960497,0.07577253476749564,0.07165856261210932,0.22320363214710057,0.6125,0.3875,FP,181,80,data/processed\X_train_rferf.csv,data/processed\y_train.csv,train_oof,0.3472293893676648
RFERF_LR_class_weight,RFERF,supervised,LR,class_weight,35,468,0.13855626275513142,0.24792722214666907,-0.10937095939153754,0.3864834849018005,0.2375,0.7625,FP,181,80,data/processed\X_train_rferf.csv,data/processed\y_train.csv,train_oof,0.3472293893676648
RFERF_LR_class_weight,RFERF,supervised,LR,class_weight,36,586,0.1321492254899726,0.1592550457397986,-0.02710582024982604,0.2914042712297712,0.4,0.6,FP,181,80,data/processed\X_train_rferf.csv,data/processed\y_train.csv,train_oof,0.3472293893676648
RFERF_LR_class_weight,RFERF,supervised,LR,class_weight,37,107,0.13181542395634058,0.11926010764556882,0.01255531631077179,0.2510755316019093,0.4125,0.5875,FP,181,80,data/processed\X_train_rferf.csv,data/processed\y_train.csv,train_oof,0.3472293893676648
RFERF_LR_class_weight,RFERF,supervised,LR,class_weight,38,115,0.12430227125483026,0.10673363591648463,0.017568635338345615,0.23103590717131475,0.45,0.55,FP,181,80,data/processed\X_train_rferf.csv,data/processed\y_train.csv,train_oof,0.3472293893676648
RFERF_LR_class_weight,RFERF,supervised,LR,class_weight,39,480,0.12336554431072881,0.2065676527866669,-0.08320210847593815,0.32993319709739577,0.5375,0.4625,FP,181,80,data/processed\X_train_rferf.csv,data/processed\y_train.csv,train_oof,0.3472293893676648
RFERF_LR_class_weight,RFERF,supervised,LR,class_weight,40,563,0.12224851251399242,0.09538551332146578,0.026862999192526577,0.21763402583545816,0.6375,0.3625,FP,181,80,data/processed\X_train_rferf.csv,data/processed\y_train.csv,train_oof,0.3472293893676648
RFERF_LR_class_weight,RFERF,supervised,LR,class_weight,41,525,0.12117397241194179,0.13469462498015866,-0.013520652568216884,0.2558685973921004,0.5125,0.4875,FP,181,80,data/processed\X_train_rferf.csv,data/processed\y_train.csv,train_oof,0.3472293893676648
RFERF_LR_class_weight,RFERF,supervised,LR,class_weight,42,490,0.11911418640832483,0.07628970958388585,0.04282447682443898,0.1954038959922106,0.675,0.325,FP,181,80,data/processed\X_train_rferf.csv,data/processed\y_train.csv,train_oof,0.3472293893676648
RFERF_LR_class_weight,RFERF,supervised,LR,class_weight,43,25,0.11785303298678296,0.1623684320930629,-0.044515399106279975,0.2802214650798459,0.8125,0.1875,FP,181,80,data/processed\X_train_rferf.csv,data/processed\y_train.csv,train_oof,0.3472293893676648
RFERF_LR_class_weight,RFERF,supervised,LR,class_weight,44,33,0.10141928555292204,0.02418377981747977,0.07723550573544223,0.12560306537040172,0.5125,0.4875,FP,181,80,data/processed\X_train_rferf.csv,data/processed\y_train.csv,train_oof,0.3472293893676648
RFERF_LR_class_weight,RFERF,supervised,LR,class_weight,45,405,0.09747297783516613,0.11943636164251561,-0.021963383807349503,0.21690933947768168,0.475,0.525,FP,181,80,data/processed\X_train_rferf.csv,data/processed\y_train.csv,train_oof,0.3472293893676648
RFERF_LR_class_weight,RFERF,supervised,LR,class_weight,46,295,0.09726606094951104,0.02810996873662147,0.06915609221288954,0.12537602968613246,0.45,0.55,FP,181,80,data/processed\X_train_rferf.csv,data/processed\y_train.csv,train_oof,0.3472293893676648
RFERF_LR_class_weight,RFERF,supervised,LR,class_weight,47,273,0.09638047305282056,0.16283150662666596,-0.06645103357384542,0.2592119796794865,0.2375,0.7625,FP,181,80,data/processed\X_train_rferf.csv,data/processed\y_train.csv,train_oof,0.3472293893676648
RFERF_LR_class_weight,RFERF,supervised,LR,class_weight,48,24,0.0956151144545262,0.04763313946534741,0.04798197498917878,0.14324825391987364,0.55,0.45,FP,181,80,data/processed\X_train_rferf.csv,data/processed\y_train.csv,train_oof,0.3472293893676648
RFERF_LR_class_weight,RFERF,supervised,LR,class_weight,49,57,0.09093604853437597,0.07169967686477206,0.019236371669603916,0.16263572539914803,0.55,0.45,FP,181,80,data/processed\X_train_rferf.csv,data/processed\y_train.csv,train_oof,0.3472293893676648
RFERF_LR_class_weight,RFERF,supervised,LR,class_weight,50,16,0.09091563790157722,0.06712193086407062,0.023793707037506592,0.15803756876564784,0.55,0.45,FP,181,80,data/processed\X_train_rferf.csv,data/processed\y_train.csv,train_oof,0.3472293893676648
RFERF_LR_class_weight,RFERF,supervised,LR,class_weight,51,144,0.08944497397995464,0.020143723386864692,0.06930125059308997,0.10958869736681934,0.775,0.225,FP,181,80,data/processed\X_train_rferf.csv,data/processed\y_train.csv,train_oof,0.3472293893676648
RFERF_LR_class_weight,RFERF,supervised,LR,class_weight,52,217,0.08545997319046347,0.06930769100324195,0.01615228218722152,0.1547676641937055,0.4625,0.5375,FP,181,80,data/processed\X_train_rferf.csv,data/processed\y_train.csv,train_oof,0.3472293893676648
RFERF_LR_class_weight,RFERF,supervised,LR,class_weight,53,48,0.08470157195267815,0.08070128519726757,0.004000286755410578,0.16540285714994568,0.55,0.45,FP,181,80,data/processed\X_train_rferf.csv,data/processed\y_train.csv,train_oof,0.3472293893676648
RFERF_LR_class_weight,RFERF,supervised,LR,class_weight,54,425,0.07678261731969381,0.03276058424906225,0.04402203307063155,0.10954320156875608,0.3875,0.6125,FP,181,80,data/processed\X_train_rferf.csv,data/processed\y_train.csv,train_oof,0.3472293893676648
RFERF_LR_class_weight,RFERF,supervised,LR,class_weight,55,338,0.07206483746605097,0.29858708609099804,-0.2265222486249471,0.3706519235570491,0.625,0.375,FP,181,80,data/processed\X_train_rferf.csv,data/processed\y_train.csv,train_oof,0.3472293893676648
RFERF_LR_class_weight,RFERF,supervised,LR,class_weight,56,125,0.07198277253810245,0.13432143533834617,-0.06233866280024373,0.20630420787644863,0.375,0.625,FP,181,80,data/processed\X_train_rferf.csv,data/processed\y_train.csv,train_oof,0.3472293893676648
RFERF_LR_class_weight,RFERF,supervised,LR,class_weight,57,510,0.06356520188513226,0.032110643291596595,0.03145455859353566,0.09567584517672881,0.4625,0.5375,FP,181,80,data/processed\X_train_rferf.csv,data/processed\y_train.csv,train_oof,0.3472293893676648
RFERF_LR_class_weight,RFERF,supervised,LR,class_weight,58,131,0.05936391796824383,0.16201402612166635,-0.10265010815342253,0.22137794408991018,0.3,0.7,FP,181,80,data/processed\X_train_rferf.csv,data/processed\y_train.csv,train_oof,0.3472293893676648
RFERF_LR_class_weight,RFERF,supervised,LR,class_weight,59,460,0.059151868456657666,0.0287558337017925,0.030396034754865176,0.08790770215845019,0.4625,0.5375,FP,181,80,data/processed\X_train_rferf.csv,data/processed\y_train.csv,train_oof,0.3472293893676648
RFERF_LR_class_weight,RFERF,supervised,LR,class_weight,60,92,0.056938412104171034,0.07064532504091886,-0.013706912936747811,0.12758373714508991,0.4625,0.5375,FP,181,80,data/processed\X_train_rferf.csv,data/processed\y_train.csv,train_oof,0.3472293893676648
RFERF_LR_class_weight,RFERF,supervised,LR,class_weight,61,551,0.05601419560867019,0.012701554310206854,0.04331264129846335,0.06871574991887702,0.4625,0.5375,FP,181,80,data/processed\X_train_rferf.csv,data/processed\y_train.csv,train_oof,0.3472293893676648
RFERF_LR_class_weight,RFERF,supervised,LR,class_weight,62,377,0.05295236176342205,0.030781773403736844,0.022170588359685224,0.08373413516715886,0.6125,0.3875,FP,181,80,data/processed\X_train_rferf.csv,data/processed\y_train.csv,train_oof,0.3472293893676648
RFERF_LR_class_weight,RFERF,supervised,LR,class_weight,63,488,0.051642582492565293,0.04979545866517618,0.0018471238273891108,0.1014380411577415,0.5,0.5,FP,181,80,data/processed\X_train_rferf.csv,data/processed\y_train.csv,train_oof,0.3472293893676648
RFERF_LR_class_weight,RFERF,supervised,LR,class_weight,64,484,0.05145607432957007,0.04752344381902367,0.0039326305105464015,0.09897951814859372,0.6625,0.3375,FP,181,80,data/processed\X_train_rferf.csv,data/processed\y_train.csv,train_oof,0.3472293893676648
RFERF_LR_class_weight,RFERF,supervised,LR,class_weight,65,76,0.05053867853474005,0.05119640707414751,-0.0006577285394074721,0.10173508560888753,0.5125,0.4875,FP,181,80,data/processed\X_train_rferf.csv,data/processed\y_train.csv,train_oof,0.3472293893676648
RFERF_LR_class_weight,RFERF,supervised,LR,class_weight,66,79,0.04645339191859288,0.11998881547624127,-0.07353542355764843,0.16644220739483417,0.3875,0.6125,FP,181,80,data/processed\X_train_rferf.csv,data/processed\y_train.csv,train_oof,0.3472293893676648
RFERF_LR_class_weight,RFERF,supervised,LR,class_weight,67,344,0.04372855111191752,0.027647996884537222,0.016080554227380316,0.07137654799645478,0.55,0.45,FP,181,80,data/processed\X_train_rferf.csv,data/processed\y_train.csv,train_oof,0.3472293893676648
RFERF_LR_class_weight,RFERF,supervised,LR,class_weight,68,282,0.04303864327266573,0.02532000526097953,0.017718638011686206,0.06835864853364523,0.575,0.425,FP,181,80,data/processed\X_train_rferf.csv,data/processed\y_train.csv,train_oof,0.3472293893676648
RFERF_LR_class_weight,RFERF,supervised,LR,class_weight,69,31,0.04281032332661898,0.019050004583436943,0.023760318743182032,0.061860327910055926,0.9125,0.0875,FP,181,80,data/processed\X_train_rferf.csv,data/processed\y_train.csv,train_oof,0.3472293893676648
RFERF_LR_class_weight,RFERF,supervised,LR,class_weight,70,489,0.042755599968557524,0.05533411749319791,-0.01257851752464042,0.09808971746175547,0.4,0.6,FP,181,80,data/processed\X_train_rferf.csv,data/processed\y_train.csv,train_oof,0.3472293893676648
RFERF_LR_class_weight,RFERF,supervised,LR,class_weight,71,39,0.03983099894315422,0.03979382976720465,3.716917594954929e-05,0.07962482871035885,0.6125,0.3875,FP,181,80,data/processed\X_train_rferf.csv,data/processed\y_train.csv,train_oof,0.3472293893676648
RFERF_LR_class_weight,RFERF,supervised,LR,class_weight,72,28,0.03623836528294156,0.023047863268786963,0.013190502014154597,0.059286228551728534,0.6125,0.3875,FP,181,80,data/processed\X_train_rferf.csv,data/processed\y_train.csv,train_oof,0.3472293893676648
RFERF_LR_class_weight,RFERF,supervised,LR,class_weight,73,156,0.03341820272580497,0.009247466481441681,0.024170736244363285,0.04266566920724667,0.35,0.65,FP,181,80,data/processed\X_train_rferf.csv,data/processed\y_train.csv,train_oof,0.3472293893676648
RFERF_LR_class_weight,RFERF,supervised,LR,class_weight,74,552,0.032307294399877645,0.026772276575476095,0.005535017824401549,0.05907957097535378,0.6375,0.3625,FP,181,80,data/processed\X_train_rferf.csv,data/processed\y_train.csv,train_oof,0.3472293893676648
RFERF_LR_class_weight,RFERF,supervised,LR,class_weight,75,58,0.03202220182452119,0.04031054310693381,-0.008288341282412627,0.072332744931455,0.525,0.475,FP,181,80,data/processed\X_train_rferf.csv,data/processed\y_train.csv,train_oof,0.3472293893676648
RFERF_LR_class_weight,RFERF,supervised,LR,class_weight,76,288,0.031095535450558355,0.04778664411967179,-0.016691108669113445,0.07888217957023014,0.4375,0.5625,FP,181,80,data/processed\X_train_rferf.csv,data/processed\y_train.csv,train_oof,0.3472293893676648
RFERF_LR_class_weight,RFERF,supervised,LR,class_weight,77,126,0.02972631428980746,0.02604892394608997,0.0036773903437174954,0.05577523823589745,0.525,0.475,FP,181,80,data/processed\X_train_rferf.csv,data/processed\y_train.csv,train_oof,0.3472293893676648
RFERF_LR_class_weight,RFERF,supervised,LR,class_weight,78,9,0.0290116817431822,0.027466683122153286,0.001544998621028897,0.05647836486533547,0.5375,0.4625,FP,181,80,data/processed\X_train_rferf.csv,data/processed\y_train.csv,train_oof,0.3472293893676648
RFERF_LR_class_weight,RFERF,supervised,LR,class_weight,79,81,0.027165368732331864,0.031935435726757354,-0.004770066994425495,0.05910080445908922,0.5125,0.4875,FP,181,80,data/processed\X_train_rferf.csv,data/processed\y_train.csv,train_oof,0.3472293893676648
RFERF_LR_class_weight,RFERF,supervised,LR,class_weight,80,37,0.02632704639820981,0.02566816145297466,0.0006588849452351491,0.05199520785118446,0.3875,0.6125,FP,181,80,data/processed\X_train_rferf.csv,data/processed\y_train.csv,train_oof,0.3472293893676648
RFERF_LR_class_weight,RFERF,supervised,LR,class_weight,81,182,0.02367241740472192,0.014772745629223108,0.00889967177549881,0.03844516303394502,0.4625,0.5375,FP,181,80,data/processed\X_train_rferf.csv,data/processed\y_train.csv,train_oof,0.3472293893676648
RFERF_LR_class_weight,RFERF,supervised,LR,class_weight,82,271,0.023507498812925916,0.057668589234939206,-0.03416109042201326,0.08117608804786514,0.375,0.625,FP,181,80,data/processed\X_train_rferf.csv,data/processed\y_train.csv,train_oof,0.3472293893676648
RFERF_LR_class_weight,RFERF,supervised,LR,class_weight,83,2,0.0211411595978376,0.013106196279105387,0.008034963318732208,0.034247355876942984,0.55,0.45,FP,181,80,data/processed\X_train_rferf.csv,data/processed\y_train.csv,train_oof,0.3472293893676648
RFERF_LR_class_weight,RFERF,supervised,LR,class_weight,84,571,0.02101862487798846,0.017487126147108036,0.0035314987308804257,0.03850575102509649,0.55,0.45,FP,181,80,data/processed\X_train_rferf.csv,data/processed\y_train.csv,train_oof,0.3472293893676648
RFERF_LR_class_weight,RFERF,supervised,LR,class_weight,85,310,0.019813455140418407,0.01753101363171123,0.0022824415087071737,0.037344468772129616,0.5125,0.4875,FP,181,80,data/processed\X_train_rferf.csv,data/processed\y_train.csv,train_oof,0.3472293893676648
RFERF_LR_class_weight,RFERF,supervised,LR,class_weight,86,8,0.01854858940990651,0.020699788529975414,-0.0021511991200688966,0.03924837793988192,0.5125,0.4875,FP,181,80,data/processed\X_train_rferf.csv,data/processed\y_train.csv,train_oof,0.3472293893676648
RFERF_LR_class_weight,RFERF,supervised,LR,class_weight,87,35,0.01703980084036309,0.037516827757396704,-0.02047702691703361,0.05455662859775978,0.5625,0.4375,FP,181,80,data/processed\X_train_rferf.csv,data/processed\y_train.csv,train_oof,0.3472293893676648
RFERF_LR_class_weight,RFERF,supervised,LR,class_weight,88,15,0.013869267738739227,0.06029947053341036,-0.04643020279467115,0.07416873827214958,0.425,0.575,FP,181,80,data/processed\X_train_rferf.csv,data/processed\y_train.csv,train_oof,0.3472293893676648
RFERF_LR_class_weight,RFERF,supervised,LR,class_weight,89,139,0.011916390333617024,0.009279494303462685,0.0026368960301543405,0.02119588463707971,0.6125,0.3875,FP,181,80,data/processed\X_train_rferf.csv,data/processed\y_train.csv,train_oof,0.3472293893676648
RFERF_LR_class_weight,RFERF,supervised,LR,class_weight,90,88,0.011294455572851367,0.015347587368300619,-0.004053131795449256,0.026642042941151987,0.4875,0.5125,FP,181,80,data/processed\X_train_rferf.csv,data/processed\y_train.csv,train_oof,0.3472293893676648
RFERF_LR_class_weight,RFERF,supervised,LR,class_weight,91,102,0.008462262202661405,0.004143705716133859,0.004318556486527547,0.012605967918795263,0.6375,0.3625,FP,181,80,data/processed\X_train_rferf.csv,data/processed\y_train.csv,train_oof,0.3472293893676648
RFERF_LR_class_weight,RFERF,supervised,LR,class_weight,92,0,0.007280216046427759,0.009548889769541411,-0.0022686737231136516,0.01682910581596917,0.4375,0.5625,FP,181,80,data/processed\X_train_rferf.csv,data/processed\y_train.csv,train_oof,0.3472293893676648
RFERF_LR_class_weight,RFERF,supervised,LR,class_weight,93,90,0.006882644073711028,0.00754235325678614,-0.0006597091830751111,0.014424997330497166,0.4875,0.5125,FP,181,80,data/processed\X_train_rferf.csv,data/processed\y_train.csv,train_oof,0.3472293893676648
RFERF_LR_class_weight,RFERF,supervised,LR,class_weight,94,173,0.004265230036401784,0.0023769530166440527,0.0018882770197577333,0.00664218305304584,0.525,0.475,FP,181,80,data/processed\X_train_rferf.csv,data/processed\y_train.csv,train_oof,0.3472293893676648
RFERF_LR_class_weight,RFERF,supervised,LR,class_weight,95,124,0.002046193446967013,0.004094152375769198,-0.0020479589288021844,0.006140345822736213,0.4125,0.5875,FP,181,80,data/processed\X_train_rferf.csv,data/processed\y_train.csv,train_oof,0.3472293893676648
RFERF_LR_class_weight,RFERF,supervised,LR,class_weight,96,227,0.0010977835834150198,0.0011314785573744387,-3.369497395941862e-05,0.0022292621407894587,0.6875,0.3125,FP,181,80,data/processed\X_train_rferf.csv,data/processed\y_train.csv,train_oof,0.3472293893676648
RFERF_LR_class_weight,RFERF,supervised,LR,class_weight,97,252,0.00040299968824595623,0.0318377515615995,-0.03143475187335354,0.032240751249845455,0.6,0.4,FP,181,80,data/processed\X_train_rferf.csv,data/processed\y_train.csv,train_oof,0.3472293893676648
RFERF_LR_class_weight,RFERF,supervised,LR,class_weight,98,41,0.0003724158180186803,0.0008331182286499279,-0.0004607024106312474,0.0012055340466686076,0.125,0.875,FP,181,80,data/processed\X_train_rferf.csv,data/processed\y_train.csv,train_oof,0.3472293893676648
RFERF_LR_class_weight,RFERF,supervised,LR,class_weight,99,67,0.00017182585511879998,0.5728447324417194,-0.5726729065866004,0.5730165582968383,0.4875,0.5125,FP,181,80,data/processed\X_train_rferf.csv,data/processed\y_train.csv,train_oof,0.3472293893676648
ANOVA_SVM_class_weight,ANOVA,supervised,SVM,class_weight,1,59,0.015269981880495808,0.004006760595979096,0.011263221284516721,0.019276742476474908,0.625,0.375,FP,276,80,data/processed\X_train_anova.csv,data/processed\y_train.csv,train_oof,0.07685139318795782
ANOVA_SVM_class_weight,ANOVA,supervised,SVM,class_weight,2,64,0.013884991505093489,0.006087448945134575,0.007797542559958913,0.019972440450228075,0.4875,0.5125,FP,276,80,data/processed\X_train_anova.csv,data/processed\y_train.csv,train_oof,0.07685139318795782
ANOVA_SVM_class_weight,ANOVA,supervised,SVM,class_weight,3,65,0.005714460489596351,0.005105649090348022,0.0006088113992483279,0.010820109579944372,0.425,0.575,FP,276,80,data/processed\X_train_anova.csv,data/processed\y_train.csv,train_oof,0.07685139318795782
ANOVA_SVM_class_weight,ANOVA,supervised,SVM,class_weight,4,545,0.0038742763958308384,0.0046982570052131,-0.0008239806093822599,0.00857253340104394,0.8625,0.1375,FP,276,80,data/processed\X_train_anova.csv,data/processed\y_train.csv,train_oof,0.07685139318795782
ANOVA_SVM_class_weight,ANOVA,supervised,SVM,class_weight,5,511,0.0036979902258283855,0.018368309208570056,-0.014670318982741671,0.022066299434398442,0.2,0.8,FP,276,80,data/processed\X_train_anova.csv,data/processed\y_train.csv,train_oof,0.07685139318795782
ANOVA_SVM_class_weight,ANOVA,supervised,SVM,class_weight,6,348,0.003614198164233612,0.007650856714214384,-0.004036658549980773,0.011265054878447995,0.35,0.65,FP,276,80,data/processed\X_train_anova.csv,data/processed\y_train.csv,train_oof,0.07685139318795782
ANOVA_SVM_class_weight,ANOVA,supervised,SVM,class_weight,7,63,0.003068439737692854,0.005107390570472599,-0.0020389508327797443,0.008175830308165448,0.3125,0.6875,FP,276,80,data/processed\X_train_anova.csv,data/processed\y_train.csv,train_oof,0.07685139318795782
ANOVA_SVM_class_weight,ANOVA,supervised,SVM,class_weight,8,103,0.0028565831824503853,0.00448770812503427,-0.0016311249425838854,0.007344291307484654,0.4875,0.5125,FP,276,80,data/processed\X_train_anova.csv,data/processed\y_train.csv,train_oof,0.07685139318795782
ANOVA_SVM_class_weight,ANOVA,supervised,SVM,class_weight,9,14,0.0022573422867344433,0.015558712840074717,-0.013301370553340273,0.01781605512680915,0.2625,0.7375,FP,276,80,data/processed\X_train_anova.csv,data/processed\y_train.csv,train_oof,0.07685139318795782
ANOVA_SVM_class_weight,ANOVA,supervised,SVM,class_weight,10,56,0.0022396135711746025,0.004182075654320474,-0.001942462083145871,0.006421689225495078,0.575,0.425,FP,276,80,data/processed\X_train_anova.csv,data/processed\y_train.csv,train_oof,0.07685139318795782
ANOVA_SVM_class_weight,ANOVA,supervised,SVM,class_weight,11,582,0.0019390152855302794,0.012935019664852717,-0.010996004379322435,0.014874034950382992,0.15,0.85,FP,276,80,data/processed\X_train_anova.csv,data/processed\y_train.csv,train_oof,0.07685139318795782
ANOVA_SVM_class_weight,ANOVA,supervised,SVM,class_weight,12,70,0.001617760224389753,0.007810794551378381,-0.006193034326988627,0.009428554775768132,0.225,0.775,FP,276,80,data/processed\X_train_anova.csv,data/processed\y_train.csv,train_oof,0.07685139318795782
ANOVA_SVM_class_weight,ANOVA,supervised,SVM,class_weight,13,79,0.0016165078949014356,0.006013141773827085,-0.004396633878925649,0.007629649668728519,0.3125,0.6875,FP,276,80,data/processed\X_train_anova.csv,data/processed\y_train.csv,train_oof,0.07685139318795782
ANOVA_SVM_class_weight,ANOVA,supervised,SVM,class_weight,14,553,0.0015507802944436367,0.005779700079412765,-0.004228919784969127,0.0073304803738564,0.3375,0.6625,FP,276,80,data/processed\X_train_anova.csv,data/processed\y_train.csv,train_oof,0.07685139318795782
ANOVA_SVM_class_weight,ANOVA,supervised,SVM,class_weight,15,129,0.0015106838115788665,0.00483089880284109,-0.0033202149912622244,0.006341582614419956,0.2875,0.7125,FP,276,80,data/processed\X_train_anova.csv,data/processed\y_train.csv,train_oof,0.07685139318795782
ANOVA_SVM_class_weight,ANOVA,supervised,SVM,class_weight,16,100,0.001348435909653695,0.008752181213855629,-0.007403745304201929,0.010100617123509327,0.2,0.8,FP,276,80,data/processed\X_train_anova.csv,data/processed\y_train.csv,train_oof,0.07685139318795782
ANOVA_SVM_class_weight,ANOVA,supervised,SVM,class_weight,17,NA_72,0.001182696991869073,0.00885685002630311,-0.007674153034434035,0.010039547018172185,0.2,0.8,FP,276,80,data/processed\X_train_anova.csv,data/processed\y_train.csv,train_oof,0.07685139318795782
ANOVA_SVM_class_weight,ANOVA,supervised,SVM,class_weight,18,16,0.0011382177374775668,0.011424565116779875,-0.010286347379302304,0.012562782854257446,0.175,0.825,FP,276,80,data/processed\X_train_anova.csv,data/processed\y_train.csv,train_oof,0.07685139318795782
ANOVA_SVM_class_weight,ANOVA,supervised,SVM,class_weight,19,NA_112,0.0011136687636712317,0.006351761934957244,-0.005238093171286014,0.007465430698628474,0.3125,0.6875,FP,276,80,data/processed\X_train_anova.csv,data/processed\y_train.csv,train_oof,0.07685139318795782
ANOVA_SVM_class_weight,ANOVA,supervised,SVM,class_weight,20,125,0.00111062163951261,0.007426959103474058,-0.0063163374639614465,0.008537580742986666,0.25,0.75,FP,276,80,data/processed\X_train_anova.csv,data/processed\y_train.csv,train_oof,0.07685139318795782
ANOVA_SVM_class_weight,ANOVA,supervised,SVM,class_weight,21,122,0.0010920334502019986,0.00513559588093795,-0.004043562430735952,0.006227629331139947,0.2625,0.7375,FP,276,80,data/processed\X_train_anova.csv,data/processed\y_train.csv,train_oof,0.07685139318795782
ANOVA_SVM_class_weight,ANOVA,supervised,SVM,class_weight,22,124,0.0010573140557209198,0.00721506325753053,-0.00615774920180961,0.008272377313251453,0.1,0.9,FP,276,80,data/processed\X_train_anova.csv,data/processed\y_train.csv,train_oof,0.07685139318795782
ANOVA_SVM_class_weight,ANOVA,supervised,SVM,class_weight,23,32,0.0010334143352285095,0.003138572382794208,-0.002105158047565698,0.0041719867180227185,0.125,0.875,FP,276,80,data/processed\X_train_anova.csv,data/processed\y_train.csv,train_oof,0.07685139318795782
ANOVA_SVM_class_weight,ANOVA,supervised,SVM,class_weight,24,22,0.0010297448111137176,0.0048233550988198235,-0.003793610287706107,0.005853099909933541,0.3125,0.6875,FP,276,80,data/processed\X_train_anova.csv,data/processed\y_train.csv,train_oof,0.07685139318795782
ANOVA_SVM_class_weight,ANOVA,supervised,SVM,class_weight,25,452,0.0010077143381084046,0.005821999099767933,-0.004814284761659528,0.006829713437876336,0.325,0.675,FP,276,80,data/processed\X_train_anova.csv,data/processed\y_train.csv,train_oof,0.07685139318795782
ANOVA_SVM_class_weight,ANOVA,supervised,SVM,class_weight,26,95,0.0009991411061789953,0.009182268265560133,-0.008183127159381139,0.01018140937173913,0.2375,0.7625,FP,276,80,data/processed\X_train_anova.csv,data/processed\y_train.csv,train_oof,0.07685139318795782
ANOVA_SVM_class_weight,ANOVA,supervised,SVM,class_weight,27,38,0.0009956436261911146,0.009787889673008723,-0.008792246046817609,0.01078353329919984,0.1875,0.8125,FP,276,80,data/processed\X_train_anova.csv,data/processed\y_train.csv,train_oof,0.07685139318795782
ANOVA_SVM_class_weight,ANOVA,supervised,SVM,class_weight,28,562,0.0009246268338274072,0.006071437129932442,-0.005146810296105036,0.006996063963759849,0.1875,0.8125,FP,276,80,data/processed\X_train_anova.csv,data/processed\y_train.csv,train_oof,0.07685139318795782
ANOVA_SVM_class_weight,ANOVA,supervised,SVM,class_weight,29,130,0.0008327082878295334,0.006430182401500795,-0.005597474113671261,0.007262890689330327,0.1625,0.8375,FP,276,80,data/processed\X_train_anova.csv,data/processed\y_train.csv,train_oof,0.07685139318795782
ANOVA_SVM_class_weight,ANOVA,supervised,SVM,class_weight,30,510,0.0007685013491267341,0.005702068382109464,-0.00493356703298273,0.006470569731236197,0.225,0.775,FP,276,80,data/processed\X_train_anova.csv,data/processed\y_train.csv,train_oof,0.07685139318795782
ANOVA_SVM_class_weight,ANOVA,supervised,SVM,class_weight,31,21,0.0007350848251822871,0.008842536080626342,-0.008107451255444056,0.009577620905808631,0.175,0.825,FP,276,80,data/processed\X_train_anova.csv,data/processed\y_train.csv,train_oof,0.07685139318795782
ANOVA_SVM_class_weight,ANOVA,supervised,SVM,class_weight,32,295,0.0007215160790785186,0.0020020183438473347,-0.0012805022647688156,0.002723534422925853,0.225,0.775,FP,276,80,data/processed\X_train_anova.csv,data/processed\y_train.csv,train_oof,0.07685139318795782
ANOVA_SVM_class_weight,ANOVA,supervised,SVM,class_weight,33,551,0.0006162067451569435,0.0016840908968255332,-0.001067884151668589,0.002300297641982476,0.225,0.775,FP,276,80,data/processed\X_train_anova.csv,data/processed\y_train.csv,train_oof,0.07685139318795782
ANOVA_SVM_class_weight,ANOVA,supervised,SVM,class_weight,34,123,0.0006081627558326201,0.009430952867437939,-0.008822790111605316,0.010039115623270556,0.15,0.85,FP,276,80,data/processed\X_train_anova.csv,data/processed\y_train.csv,train_oof,0.07685139318795782
ANOVA_SVM_class_weight,ANOVA,supervised,SVM,class_weight,35,316,0.0006073141867810813,0.00778601370139019,-0.007178699514609107,0.008393327888171273,0.2625,0.7375,FP,276,80,data/processed\X_train_anova.csv,data/processed\y_train.csv,train_oof,0.07685139318795782
ANOVA_SVM_class_weight,ANOVA,supervised,SVM,class_weight,36,437,0.0005434964482492944,0.010693569822781385,-0.01015007337453209,0.01123706627103068,0.05,0.95,FP,276,80,data/processed\X_train_anova.csv,data/processed\y_train.csv,train_oof,0.07685139318795782
ANOVA_SVM_class_weight,ANOVA,supervised,SVM,class_weight,37,471,0.0005233251098158675,0.001994923763968777,-0.0014715986541529087,0.0025182488737846443,0.175,0.825,FP,276,80,data/processed\X_train_anova.csv,data/processed\y_train.csv,train_oof,0.07685139318795782
ANOVA_SVM_class_weight,ANOVA,supervised,SVM,class_weight,38,377,0.0004975264062347072,0.006677845787262088,-0.006180319381027379,0.007175372193496796,0.25,0.75,FP,276,80,data/processed\X_train_anova.csv,data/processed\y_train.csv,train_oof,0.07685139318795782
ANOVA_SVM_class_weight,ANOVA,supervised,SVM,class_weight,39,33,0.0004581541944069504,0.00106985918434258,-0.0006117049899356292,0.001528013378749531,0.0875,0.9125,FP,276,80,data/processed\X_train_anova.csv,data/processed\y_train.csv,train_oof,0.07685139318795782
ANOVA_SVM_class_weight,ANOVA,supervised,SVM,class_weight,40,337,0.0004398416628593251,0.004019560987181363,-0.0035797193243220387,0.004459402650040687,0.1875,0.8125,FP,276,80,data/processed\X_train_anova.csv,data/processed\y_train.csv,train_oof,0.07685139318795782
ANOVA_SVM_class_weight,ANOVA,supervised,SVM,class_weight,41,159,0.00037811838854441934,0.007945117509200442,-0.007566999120656022,0.008323235897744861,0.05,0.95,FP,276,80,data/processed\X_train_anova.csv,data/processed\y_train.csv,train_oof,0.07685139318795782
ANOVA_SVM_class_weight,ANOVA,supervised,SVM,class_weight,42,28,0.0003594832226355895,0.005860155560711133,-0.005500672338075542,0.006219638783346724,0.2,0.8,FP,276,80,data/processed\X_train_anova.csv,data/processed\y_train.csv,train_oof,0.07685139318795782
ANOVA_SVM_class_weight,ANOVA,supervised,SVM,class_weight,43,133,0.00035355160500234723,0.012960041042080508,-0.012606489437078164,0.013313592647082859,0.05,0.95,FP,276,80,data/processed\X_train_anova.csv,data/processed\y_train.csv,train_oof,0.07685139318795782
ANOVA_SVM_class_weight,ANOVA,supervised,SVM,class_weight,44,477,0.000336908186624647,0.0010573404137998734,-0.0007204322271752259,0.0013942486004245207,0.2875,0.7125,FP,276,80,data/processed\X_train_anova.csv,data/processed\y_train.csv,train_oof,0.07685139318795782
ANOVA_SVM_class_weight,ANOVA,supervised,SVM,class_weight,45,200,0.0003332636726854302,0.0036530281029457335,-0.0033197644302603033,0.003986291775631164,0.1875,0.8125,FP,276,80,data/processed\X_train_anova.csv,data/processed\y_train.csv,train_oof,0.07685139318795782
ANOVA_SVM_class_weight,ANOVA,supervised,SVM,class_weight,46,298,0.00024241263609244904,0.0015615027196803203,-0.0013190900835878716,0.001803915355772769,0.15,0.85,FP,276,80,data/processed\X_train_anova.csv,data/processed\y_train.csv,train_oof,0.07685139318795782
ANOVA_SVM_class_weight,ANOVA,supervised,SVM,class_weight,47,165,9.213846142237914e-05,0.000851088183701924,-0.0007589497222795447,0.0009432266451243029,0.325,0.675,FP,276,80,data/processed\X_train_anova.csv,data/processed\y_train.csv,train_oof,0.07685139318795782
ANOVA_SVM_class_weight,ANOVA,supervised,SVM,class_weight,48,26,8.131725357702554e-05,0.0009660664204769607,-0.000884749166899935,0.0010473836740539863,0.275,0.725,FP,276,80,data/processed\X_train_anova.csv,data/processed\y_train.csv,train_oof,0.07685139318795782
ANOVA_SVM_class_weight,ANOVA,supervised,SVM,class_weight,49,434,5.3565269858224376e-05,0.00022008552120937743,-0.0001665202513511531,0.0002736507910676018,0.3,0.7,FP,276,80,data/processed\X_train_anova.csv,data/processed\y_train.csv,train_oof,0.07685139318795782
ANOVA_SVM_class_weight,ANOVA,supervised,SVM,class_weight,50,249,0.0,0.0,0.0,0.0,0.0,0.0,FP,276,80,data/processed\X_train_anova.csv,data/processed\y_train.csv,train_oof,0.07685139318795782
RFERF_RF_SMOTE,RFERF,supervised,RF,SMOTE,1,59,0.038408160501797003,0.008386433199528505,0.030021727302268493,0.04679459370132551,0.8,0.2,FP,319,80,data/processed\X_train_rferf.csv,data/processed\y_train.csv,train_oof,0.1755144641265648
RFERF_RF_SMOTE,RFERF,supervised,RF,SMOTE,2,103,0.01788644350312154,0.0035682744262150686,0.014318169076906476,0.021454717929336606,0.8375,0.1625,FP,319,80,data/processed\X_train_rferf.csv,data/processed\y_train.csv,train_oof,0.1755144641265648
RFERF_RF_SMOTE,RFERF,supervised,RF,SMOTE,3,486,0.009306003492056134,0.006761518803123269,0.0025444846889328644,0.016067522295179403,0.9,0.1,FP,319,80,data/processed\X_train_rferf.csv,data/processed\y_train.csv,train_oof,0.1755144641265648
RFERF_RF_SMOTE,RFERF,supervised,RF,SMOTE,4,64,0.007563188725569279,0.006359898298711672,0.001203290426857608,0.013923087024280944,0.425,0.575,FP,319,80,data/processed\X_train_rferf.csv,data/processed\y_train.csv,train_oof,0.1755144641265648
RFERF_RF_SMOTE,RFERF,supervised,RF,SMOTE,5,65,0.006825045898284811,0.005008415481827235,0.0018166304164575757,0.011833461380112051,0.4375,0.5625,FP,319,80,data/processed\X_train_rferf.csv,data/processed\y_train.csv,train_oof,0.1755144641265648
RFERF_RF_SMOTE,RFERF,supervised,RF,SMOTE,6,377,0.006097948409793504,0.011619332230311755,-0.005521383820518248,0.017717280640105255,0.6375,0.3625,FP,319,80,data/processed\X_train_rferf.csv,data/processed\y_train.csv,train_oof,0.1755144641265648
RFERF_RF_SMOTE,RFERF,supervised,RF,SMOTE,7,477,0.0060613136692779495,0.0135204150550037,-0.0074591013857257474,0.019581728724281648,0.3875,0.6125,FP,319,80,data/processed\X_train_rferf.csv,data/processed\y_train.csv,train_oof,0.1755144641265648
RFERF_RF_SMOTE,RFERF,supervised,RF,SMOTE,8,33,0.0047218219022214765,0.005078496843526311,-0.00035667494130483336,0.009800318745747796,0.9,0.1,FP,319,80,data/processed\X_train_rferf.csv,data/processed\y_train.csv,train_oof,0.1755144641265648
RFERF_RF_SMOTE,RFERF,supervised,RF,SMOTE,9,124,0.004547976710835825,0.0065733290472920255,-0.0020253523364562012,0.011121305758127854,0.7875,0.2125,FP,319,80,data/processed\X_train_rferf.csv,data/processed\y_train.csv,train_oof,0.1755144641265648
RFERF_RF_SMOTE,RFERF,supervised,RF,SMOTE,10,510,0.004352346769623821,0.0026789143315129166,0.0016734324381109046,0.007031261101136742,0.7875,0.2125,FP,319,80,data/processed\X_train_rferf.csv,data/processed\y_train.csv,train_oof,0.1755144641265648
RFERF_RF_SMOTE,RFERF,supervised,RF,SMOTE,11,129,0.004285587709743582,0.003446309240895015,0.0008392784688485668,0.007731896950638599,0.375,0.625,FP,319,80,data/processed\X_train_rferf.csv,data/processed\y_train.csv,train_oof,0.1755144641265648
RFERF_RF_SMOTE,RFERF,supervised,RF,SMOTE,12,28,0.004187703022491229,0.0001435145771525352,0.004044188445338693,0.004331217599643764,0.9375,0.0625,FP,319,80,data/processed\X_train_rferf.csv,data/processed\y_train.csv,train_oof,0.1755144641265648
RFERF_RF_SMOTE,RFERF,supervised,RF,SMOTE,13,348,0.003770839871563834,0.0038635318734739224,-9.269200191008606e-05,0.007634371745037756,0.475,0.525,FP,319,80,data/processed\X_train_rferf.csv,data/processed\y_train.csv,train_oof,0.1755144641265648
RFERF_RF_SMOTE,RFERF,supervised,RF,SMOTE,14,338,0.0034740478578052466,0.010545083675462183,-0.007071035817656937,0.014019131533267429,0.55,0.45,FP,319,80,data/processed\X_train_rferf.csv,data/processed\y_train.csv,train_oof,0.1755144641265648
RFERF_RF_SMOTE,RFERF,supervised,RF,SMOTE,15,31,0.0031435562940667627,0.00914368889969444,-0.006000132605627679,0.012287245193761205,0.6375,0.3625,FP,319,80,data/processed\X_train_rferf.csv,data/processed\y_train.csv,train_oof,0.1755144641265648
RFERF_RF_SMOTE,RFERF,supervised,RF,SMOTE,16,102,0.0029889117516392976,0.004518249745854984,-0.0015293379942156859,0.00750716149749428,0.5625,0.4375,FP,319,80,data/processed\X_train_rferf.csv,data/processed\y_train.csv,train_oof,0.1755144641265648
RFERF_RF_SMOTE,RFERF,supervised,RF,SMOTE,17,79,0.0028874874187477763,0.003344823111152932,-0.0004573356924051562,0.00623231052990071,0.5875,0.4125,FP,319,80,data/processed\X_train_rferf.csv,data/processed\y_train.csv,train_oof,0.1755144641265648
RFERF_RF_SMOTE,RFERF,supervised,RF,SMOTE,18,130,0.0028193949529659633,0.0009521551403006265,0.0018672398126653369,0.00377155009326659,0.9,0.1,FP,319,80,data/processed\X_train_rferf.csv,data/processed\y_train.csv,train_oof,0.1755144641265648
RFERF_RF_SMOTE,RFERF,supervised,RF,SMOTE,19,19,0.002242395981768382,0.010357415925699725,-0.008115019943931339,0.012599811907468108,0.7625,0.2375,FP,319,80,data/processed\X_train_rferf.csv,data/processed\y_train.csv,train_oof,0.1755144641265648
RFERF_RF_SMOTE,RFERF,supervised,RF,SMOTE,20,21,0.0018411044706641625,0.004094114588991733,-0.00225301011832757,0.005935219059655895,0.4625,0.5375,FP,319,80,data/processed\X_train_rferf.csv,data/processed\y_train.csv,train_oof,0.1755144641265648
RFERF_RF_SMOTE,RFERF,supervised,RF,SMOTE,21,122,0.0017933222330628225,0.0009331687734147418,0.0008601534596480798,0.0027264910064775647,0.7875,0.2125,FP,319,80,data/processed\X_train_rferf.csv,data/processed\y_train.csv,train_oof,0.1755144641265648
RFERF_RF_SMOTE,RFERF,supervised,RF,SMOTE,22,295,0.001568129980569678,0.0030248196534623925,-0.0014566896728927154,0.0045929496340320715,0.3,0.7,FP,319,80,data/processed\X_train_rferf.csv,data/processed\y_train.csv,train_oof,0.1755144641265648
RFERF_RF_SMOTE,RFERF,supervised,RF,SMOTE,23,416,0.001555734424843812,0.007587601238282062,-0.006031866813438246,0.009143335663125873,0.625,0.375,FP,319,80,data/processed\X_train_rferf.csv,data/processed\y_train.csv,train_oof,0.1755144641265648
RFERF_RF_SMOTE,RFERF,supervised,RF,SMOTE,24,14,0.0014275629204433702,0.007672605659390257,-0.006245042738946883,0.009100168579833628,0.5125,0.4875,FP,319,80,data/processed\X_train_rferf.csv,data/processed\y_train.csv,train_oof,0.1755144641265648
RFERF_RF_SMOTE,RFERF,supervised,RF,SMOTE,25,132,0.0013372169141228317,0.002495168112871342,-0.0011579511987485093,0.0038323850269941727,0.075,0.925,FP,319,80,data/processed\X_train_rferf.csv,data/processed\y_train.csv,train_oof,0.1755144641265648
RFERF_RF_SMOTE,RFERF,supervised,RF,SMOTE,26,425,0.0013323777313117963,0.0045199713553654335,-0.0031875936240536354,0.005852349086677229,0.3375,0.6625,FP,319,80,data/processed\X_train_rferf.csv,data/processed\y_train.csv,train_oof,0.1755144641265648
RFERF_RF_SMOTE,RFERF,supervised,RF,SMOTE,27,56,0.0013116266647517332,0.0031978761249334534,-0.0018862494601817198,0.0045095027896851865,0.725,0.275,FP,319,80,data/processed\X_train_rferf.csv,data/processed\y_train.csv,train_oof,0.1755144641265648
RFERF_RF_SMOTE,RFERF,supervised,RF,SMOTE,28,405,0.0012879449828599582,0.0013951137569897898,-0.00010716877412983153,0.0026830587398497486,0.3375,0.6625,FP,319,80,data/processed\X_train_rferf.csv,data/processed\y_train.csv,train_oof,0.1755144641265648
RFERF_RF_SMOTE,RFERF,supervised,RF,SMOTE,29,200,0.0012435932991048935,0.004913590843445859,-0.003669997544340965,0.00615718414255075,0.625,0.375,FP,319,80,data/processed\X_train_rferf.csv,data/processed\y_train.csv,train_oof,0.1755144641265648
RFERF_RF_SMOTE,RFERF,supervised,RF,SMOTE,30,428,0.001233515149064333,0.0027193295241678215,-0.0014858143751034884,0.003952844673232156,0.675,0.325,FP,319,80,data/processed\X_train_rferf.csv,data/processed\y_train.csv,train_oof,0.1755144641265648
RFERF_RF_SMOTE,RFERF,supervised,RF,SMOTE,31,563,0.0011347487137732023,0.0026644994607603143,-0.001529750746987112,0.0037992481745335155,0.675,0.325,FP,319,80,data/processed\X_train_rferf.csv,data/processed\y_train.csv,train_oof,0.1755144641265648
RFERF_RF_SMOTE,RFERF,supervised,RF,SMOTE,32,333,0.0011178787746032222,0.006261695104095341,-0.005143816329492122,0.0073795738786985605,0.4,0.6,FP,319,80,data/processed\X_train_rferf.csv,data/processed\y_train.csv,train_oof,0.1755144641265648
RFERF_RF_SMOTE,RFERF,supervised,RF,SMOTE,33,24,0.0010416317922026358,0.004818533620846619,-0.0037769018286439833,0.005860165413049253,0.65,0.35,FP,319,80,data/processed\X_train_rferf.csv,data/processed\y_train.csv,train_oof,0.1755144641265648
RFERF_RF_SMOTE,RFERF,supervised,RF,SMOTE,34,137,0.0010245752558957664,0.0027838257516354338,-0.0017592504957396674,0.0038084010075312,0.525,0.475,FP,319,80,data/processed\X_train_rferf.csv,data/processed\y_train.csv,train_oof,0.1755144641265648
RFERF_RF_SMOTE,RFERF,supervised,RF,SMOTE,35,63,0.0010073531718162764,0.0016631984558909368,-0.0006558452840746602,0.002670551627707213,0.25,0.75,FP,319,80,data/processed\X_train_rferf.csv,data/processed\y_train.csv,train_oof,0.1755144641265648
RFERF_RF_SMOTE,RFERF,supervised,RF,SMOTE,36,183,0.0008483297943255592,0.0038045610208545617,-0.0029562312265290027,0.004652890815180123,0.35,0.65,FP,319,80,data/processed\X_train_rferf.csv,data/processed\y_train.csv,train_oof,0.1755144641265648
RFERF_RF_SMOTE,RFERF,supervised,RF,SMOTE,37,144,0.0008342865226330324,0.0015321105296276709,-0.0006978240069946383,0.0023663970522607033,0.6125,0.3875,FP,319,80,data/processed\X_train_rferf.csv,data/processed\y_train.csv,train_oof,0.1755144641265648
RFERF_RF_SMOTE,RFERF,supervised,RF,SMOTE,38,58,0.000824464705182192,0.0012904987228245734,-0.0004660340176423815,0.002114963428006766,0.5375,0.4625,FP,319,80,data/processed\X_train_rferf.csv,data/processed\y_train.csv,train_oof,0.1755144641265648
RFERF_RF_SMOTE,RFERF,supervised,RF,SMOTE,39,582,0.0008211265372624925,0.002543566580276227,-0.001722440043013734,0.0033646931175387203,0.325,0.675,FP,319,80,data/processed\X_train_rferf.csv,data/processed\y_train.csv,train_oof,0.1755144641265648
RFERF_RF_SMOTE,RFERF,supervised,RF,SMOTE,40,310,0.0008200450406168758,0.004062313327789078,-0.0032422682871722014,0.004882358368405954,0.5125,0.4875,FP,319,80,data/processed\X_train_rferf.csv,data/processed\y_train.csv,train_oof,0.1755144641265648
RFERF_RF_SMOTE,RFERF,supervised,RF,SMOTE,41,281,0.0008164859599089552,0.001830021852319346,-0.001013535892410391,0.0026465078122283017,0.4125,0.5875,FP,319,80,data/processed\X_train_rferf.csv,data/processed\y_train.csv,train_oof,0.1755144641265648
RFERF_RF_SMOTE,RFERF,supervised,RF,SMOTE,42,35,0.0008071915800733963,0.0018968570642835328,-0.001089665484210137,0.0027040486443569286,0.55,0.45,FP,319,80,data/processed\X_train_rferf.csv,data/processed\y_train.csv,train_oof,0.1755144641265648
RFERF_RF_SMOTE,RFERF,supervised,RF,SMOTE,43,217,0.0007563172828952702,0.003035729222656993,-0.0022794119397617227,0.0037920465055522644,0.3,0.7,FP,319,80,data/processed\X_train_rferf.csv,data/processed\y_train.csv,train_oof,0.1755144641265648
RFERF_RF_SMOTE,RFERF,supervised,RF,SMOTE,44,252,0.0006939293844318505,0.0030479264190248173,-0.0023539970345929665,0.0037418558034566667,0.4375,0.5625,FP,319,80,data/processed\X_train_rferf.csv,data/processed\y_train.csv,train_oof,0.1755144641265648
RFERF_RF_SMOTE,RFERF,supervised,RF,SMOTE,45,133,0.0006686089020676594,0.0019844377191664477,-0.0013158288170987888,0.0026530466212341076,0.3875,0.6125,FP,319,80,data/processed\X_train_rferf.csv,data/processed\y_train.csv,train_oof,0.1755144641265648
RFERF_RF_SMOTE,RFERF,supervised,RF,SMOTE,46,131,0.0006522013204936118,0.006288895105830666,-0.005636693785337055,0.006941096426324278,0.5125,0.4875,FP,319,80,data/processed\X_train_rferf.csv,data/processed\y_train.csv,train_oof,0.1755144641265648
RFERF_RF_SMOTE,RFERF,supervised,RF,SMOTE,47,156,0.0006423875703364056,0.0029883850257155157,-0.0023459974553791106,0.0036307725960519214,0.15,0.85,FP,319,80,data/processed\X_train_rferf.csv,data/processed\y_train.csv,train_oof,0.1755144641265648
RFERF_RF_SMOTE,RFERF,supervised,RF,SMOTE,48,423,0.0006011292802201526,0.0023593388703666658,-0.001758209590146513,0.0029604681505868177,0.25,0.75,FP,319,80,data/processed\X_train_rferf.csv,data/processed\y_train.csv,train_oof,0.1755144641265648
RFERF_RF_SMOTE,RFERF,supervised,RF,SMOTE,49,67,0.0005822889504566579,0.0019415139464784982,-0.0013592249960218403,0.0025238028969351563,0.1875,0.8125,FP,319,80,data/processed\X_train_rferf.csv,data/processed\y_train.csv,train_oof,0.1755144641265648
RFERF_RF_SMOTE,RFERF,supervised,RF,SMOTE,50,344,0.0005595482438491309,0.005731897750066465,-0.005172349506217333,0.006291445993915597,0.4125,0.5875,FP,319,80,data/processed\X_train_rferf.csv,data/processed\y_train.csv,train_oof,0.1755144641265648
RFERF_RF_SMOTE,RFERF,supervised,RF,SMOTE,51,468,0.0005547140461366736,0.0036869692048973716,-0.0031322551587606986,0.004241683251034045,0.425,0.575,FP,319,80,data/processed\X_train_rferf.csv,data/processed\y_train.csv,train_oof,0.1755144641265648
RFERF_RF_SMOTE,RFERF,supervised,RF,SMOTE,52,552,0.0005210583669409514,0.006114929482461718,-0.005593871115520768,0.006635987849402669,0.375,0.625,FP,319,80,data/processed\X_train_rferf.csv,data/processed\y_train.csv,train_oof,0.1755144641265648
RFERF_RF_SMOTE,RFERF,supervised,RF,SMOTE,53,57,0.0004963353873030389,0.003962261521989029,-0.00346592613468599,0.004458596909292068,0.275,0.725,FP,319,80,data/processed\X_train_rferf.csv,data/processed\y_train.csv,train_oof,0.1755144641265648
RFERF_RF_SMOTE,RFERF,supervised,RF,SMOTE,54,8,0.0004639821505855072,0.003927911021030213,-0.003463928870444706,0.004391893171615721,0.425,0.575,FP,319,80,data/processed\X_train_rferf.csv,data/processed\y_train.csv,train_oof,0.1755144641265648
RFERF_RF_SMOTE,RFERF,supervised,RF,SMOTE,55,55,0.0004551231273539746,0.0018578845438580506,-0.0014027614165040764,0.0023130076712120245,0.3625,0.6375,FP,319,80,data/processed\X_train_rferf.csv,data/processed\y_train.csv,train_oof,0.1755144641265648
RFERF_RF_SMOTE,RFERF,supervised,RF,SMOTE,56,107,0.00045027251510115237,0.0031212392360840412,-0.0026709667209828887,0.0035715117511851933,0.475,0.525,FP,319,80,data/processed\X_train_rferf.csv,data/processed\y_train.csv,train_oof,0.1755144641265648
RFERF_RF_SMOTE,RFERF,supervised,RF,SMOTE,57,460,0.00043994945415508,0.002396479697025467,-0.0019565302428703863,0.002836429151180546,0.5375,0.4625,FP,319,80,data/processed\X_train_rferf.csv,data/processed\y_train.csv,train_oof,0.1755144641265648
RFERF_RF_SMOTE,RFERF,supervised,RF,SMOTE,58,90,0.0004335065077461507,0.0016728946733208954,-0.0012393881655747452,0.002106401181067046,0.5,0.5,FP,319,80,data/processed\X_train_rferf.csv,data/processed\y_train.csv,train_oof,0.1755144641265648
RFERF_RF_SMOTE,RFERF,supervised,RF,SMOTE,59,571,0.0004215098182796225,0.0011900421708173161,-0.0007685323525376934,0.0016115519890969395,0.375,0.625,FP,319,80,data/processed\X_train_rferf.csv,data/processed\y_train.csv,train_oof,0.1755144641265648
RFERF_RF_SMOTE,RFERF,supervised,RF,SMOTE,60,25,0.0004114327834641371,0.0024631362892954508,-0.0020517035058313137,0.0028745690727595874,0.2,0.8,FP,319,80,data/processed\X_train_rferf.csv,data/processed\y_train.csv,train_oof,0.1755144641265648
RFERF_RF_SMOTE,RFERF,supervised,RF,SMOTE,61,125,0.0003835069210292724,0.0007942380778265112,-0.0004107311567972392,0.001177744998855784,0.3375,0.6625,FP,319,80,data/processed\X_train_rferf.csv,data/processed\y_train.csv,train_oof,0.1755144641265648
RFERF_RF_SMOTE,RFERF,supervised,RF,SMOTE,62,586,0.000372153950354519,0.003994008199903263,-0.0036218542495487444,0.004366162150257783,0.2375,0.7625,FP,319,80,data/processed\X_train_rferf.csv,data/processed\y_train.csv,train_oof,0.1755144641265648
RFERF_RF_SMOTE,RFERF,supervised,RF,SMOTE,63,2,0.00036710436070727724,0.0020107048043693215,-0.0016436004436620444,0.0023778091650765994,0.2125,0.7875,FP,319,80,data/processed\X_train_rferf.csv,data/processed\y_train.csv,train_oof,0.1755144641265648
RFERF_RF_SMOTE,RFERF,supervised,RF,SMOTE,64,76,0.000355294473960725,0.0018696535943125985,-0.0015143591203518737,0.0022249480682733237,0.4375,0.5625,FP,319,80,data/processed\X_train_rferf.csv,data/processed\y_train.csv,train_oof,0.1755144641265648
RFERF_RF_SMOTE,RFERF,supervised,RF,SMOTE,65,39,0.00031945966986262714,0.00541620513224626,-0.005096745462383633,0.005735664802108888,0.225,0.775,FP,319,80,data/processed\X_train_rferf.csv,data/processed\y_train.csv,train_oof,0.1755144641265648
RFERF_RF_SMOTE,RFERF,supervised,RF,SMOTE,66,16,0.000293858208917204,0.002776284127438177,-0.0024824259185209723,0.0030701423363553816,0.3375,0.6625,FP,319,80,data/processed\X_train_rferf.csv,data/processed\y_train.csv,train_oof,0.1755144641265648
RFERF_RF_SMOTE,RFERF,supervised,RF,SMOTE,67,452,0.00027544208909936096,0.0019360390839584126,-0.0016605969948590513,0.0022114811730577734,0.4875,0.5125,FP,319,80,data/processed\X_train_rferf.csv,data/processed\y_train.csv,train_oof,0.1755144641265648
RFERF_RF_SMOTE,RFERF,supervised,RF,SMOTE,68,92,0.000271654132761018,0.0027127819835484563,-0.0024411278507874374,0.002984436116309474,0.325,0.675,FP,319,80,data/processed\X_train_rferf.csv,data/processed\y_train.csv,train_oof,0.1755144641265648
RFERF_RF_SMOTE,RFERF,supervised,RF,SMOTE,69,15,0.0002646480176443791,0.002717805486473093,-0.0024531574688287138,0.0029824535041174717,0.3875,0.6125,FP,319,80,data/processed\X_train_rferf.csv,data/processed\y_train.csv,train_oof,0.1755144641265648
RFERF_RF_SMOTE,RFERF,supervised,RF,SMOTE,70,91,0.0002608283759279868,0.0025449666068297913,-0.0022841382309018035,0.0028057949827577783,0.325,0.675,FP,319,80,data/processed\X_train_rferf.csv,data/processed\y_train.csv,train_oof,0.1755144641265648
RFERF_RF_SMOTE,RFERF,supervised,RF,SMOTE,71,43,0.00025527201306601584,0.0020234745672555446,-0.0017682025541895293,0.0022787465803215602,0.1,0.9,FP,319,80,data/processed\X_train_rferf.csv,data/processed\y_train.csv,train_oof,0.1755144641265648
RFERF_RF_SMOTE,RFERF,supervised,RF,SMOTE,72,75,0.0002416720090460042,0.004731779868487428,-0.004490107859441424,0.0049734518775334325,0.3125,0.6875,FP,319,80,data/processed\X_train_rferf.csv,data/processed\y_train.csv,train_oof,0.1755144641265648
RFERF_RF_SMOTE,RFERF,supervised,RF,SMOTE,73,182,0.00023883747741827886,0.0024503259917857617,-0.0022114885143674824,0.0026891634692040407,0.3875,0.6125,FP,319,80,data/processed\X_train_rferf.csv,data/processed\y_train.csv,train_oof,0.1755144641265648
RFERF_RF_SMOTE,RFERF,supervised,RF,SMOTE,74,126,0.00022700265471402317,0.0011982775024958936,-0.0009712748477818708,0.0014252801572099162,0.325,0.675,FP,319,80,data/processed\X_train_rferf.csv,data/processed\y_train.csv,train_oof,0.1755144641265648
RFERF_RF_SMOTE,RFERF,supervised,RF,SMOTE,75,489,0.00022275734060408,0.004199081346890543,-0.003976324006286462,0.004421838687494623,0.375,0.625,FP,319,80,data/processed\X_train_rferf.csv,data/processed\y_train.csv,train_oof,0.1755144641265648
RFERF_RF_SMOTE,RFERF,supervised,RF,SMOTE,76,273,0.00020642771127479478,0.0017279547561734458,-0.0015215270448986512,0.00193438246744824,0.0875,0.9125,FP,319,80,data/processed\X_train_rferf.csv,data/processed\y_train.csv,train_oof,0.1755144641265648
RFERF_RF_SMOTE,RFERF,supervised,RF,SMOTE,77,316,0.0002051449336946156,0.0019750714241968423,-0.0017699264905022272,0.0021802163578914574,0.325,0.675,FP,319,80,data/processed\X_train_rferf.csv,data/processed\y_train.csv,train_oof,0.1755144641265648
RFERF_RF_SMOTE,RFERF,supervised,RF,SMOTE,78,41,0.00019231963373322861,0.0012256208468079716,-0.0010333012130747427,0.0014179404805412003,0.2375,0.7625,FP,319,80,data/processed\X_train_rferf.csv,data/processed\y_train.csv,train_oof,0.1755144641265648
RFERF_RF_SMOTE,RFERF,supervised,RF,SMOTE,79,0,0.00018734109664485672,0.0032442718645822903,-0.0030569307679374344,0.003431612961227147,0.1375,0.8625,FP,319,80,data/processed\X_train_rferf.csv,data/processed\y_train.csv,train_oof,0.1755144641265648
RFERF_RF_SMOTE,RFERF,supervised,RF,SMOTE,80,551,0.0001820255805881909,0.0012818364156655321,-0.0010998108350773412,0.0014638619962537226,0.15,0.85,FP,319,80,data/processed\X_train_rferf.csv,data/processed\y_train.csv,train_oof,0.1755144641265648
RFERF_RF_SMOTE,RFERF,supervised,RF,SMOTE,81,484,0.0001607112361191289,0.0034431017185431153,-0.0032823904824239867,0.0036038129546622443,0.35,0.65,FP,319,80,data/processed\X_train_rferf.csv,data/processed\y_train.csv,train_oof,0.1755144641265648
RFERF_RF_SMOTE,RFERF,supervised,RF,SMOTE,82,280,0.00016040936215120315,0.0011989961611799404,-0.0010385867990287373,0.0013594055233311438,0.3625,0.6375,FP,319,80,data/processed\X_train_rferf.csv,data/processed\y_train.csv,train_oof,0.1755144641265648
RFERF_RF_SMOTE,RFERF,supervised,RF,SMOTE,83,282,0.0001554703389692967,0.0007337466962849583,-0.0005782763573156616,0.000889217035254255,0.2625,0.7375,FP,319,80,data/processed\X_train_rferf.csv,data/processed\y_train.csv,train_oof,0.1755144641265648
RFERF_RF_SMOTE,RFERF,supervised,RF,SMOTE,84,490,0.00013897945805607594,0.0022189394367553143,-0.0020799599786992386,0.0023579188948113896,0.225,0.775,FP,319,80,data/processed\X_train_rferf.csv,data/processed\y_train.csv,train_oof,0.1755144641265648
RFERF_RF_SMOTE,RFERF,supervised,RF,SMOTE,85,115,0.0001217641009170149,0.001234706019249045,-0.0011129419183320303,0.0013564701201660599,0.275,0.725,FP,319,80,data/processed\X_train_rferf.csv,data/processed\y_train.csv,train_oof,0.1755144641265648
RFERF_RF_SMOTE,RFERF,supervised,RF,SMOTE,86,288,0.00011586085327285953,0.0009376261805142764,-0.0008217653272414166,0.0010534870337871362,0.05,0.95,FP,319,80,data/processed\X_train_rferf.csv,data/processed\y_train.csv,train_oof,0.1755144641265648
RFERF_RF_SMOTE,RFERF,supervised,RF,SMOTE,87,480,9.465280043230468e-05,0.0038612581536145744,-0.00376660535318227,0.003955910954046879,0.1875,0.8125,FP,319,80,data/processed\X_train_rferf.csv,data/processed\y_train.csv,train_oof,0.1755144641265648
RFERF_RF_SMOTE,RFERF,supervised,RF,SMOTE,88,227,9.32986306215758e-05,0.0016537524993597472,-0.0015604538687381715,0.0017470511299813227,0.2375,0.7625,FP,319,80,data/processed\X_train_rferf.csv,data/processed\y_train.csv,train_oof,0.1755144641265648
RFERF_RF_SMOTE,RFERF,supervised,RF,SMOTE,89,9,9.191346533932412e-05,0.001658431419755483,-0.0015665179544161584,0.0017503448850948067,0.3375,0.6625,FP,319,80,data/processed\X_train_rferf.csv,data/processed\y_train.csv,train_oof,0.1755144641265648
RFERF_RF_SMOTE,RFERF,supervised,RF,SMOTE,90,488,9.104550718153868e-05,0.002809412026271382,-0.002718366519089843,0.0029004575334529207,0.2,0.8,FP,319,80,data/processed\X_train_rferf.csv,data/processed\y_train.csv,train_oof,0.1755144641265648
RFERF_RF_SMOTE,RFERF,supervised,RF,SMOTE,91,48,8.47970775810005e-05,0.002732824094740672,-0.002648027017159671,0.0028176211723216723,0.1625,0.8375,FP,319,80,data/processed\X_train_rferf.csv,data/processed\y_train.csv,train_oof,0.1755144641265648
RFERF_RF_SMOTE,RFERF,supervised,RF,SMOTE,92,139,8.438297268638469e-05,0.002577709768075929,-0.002493326795389544,0.002662092740762314,0.2375,0.7625,FP,319,80,data/processed\X_train_rferf.csv,data/processed\y_train.csv,train_oof,0.1755144641265648
RFERF_RF_SMOTE,RFERF,supervised,RF,SMOTE,93,173,7.36107212986601e-05,0.003548957848278131,-0.003475347126979471,0.0036225685695767916,0.175,0.825,FP,319,80,data/processed\X_train_rferf.csv,data/processed\y_train.csv,train_oof,0.1755144641265648
RFERF_RF_SMOTE,RFERF,supervised,RF,SMOTE,94,271,6.237274498997839e-05,0.0022307248253000656,-0.0021683520803100873,0.002293097570290044,0.2375,0.7625,FP,319,80,data/processed\X_train_rferf.csv,data/processed\y_train.csv,train_oof,0.1755144641265648
RFERF_RF_SMOTE,RFERF,supervised,RF,SMOTE,95,88,6.218227301672789e-05,0.0011012989070344498,-0.001039116634017722,0.0011634811800511778,0.2375,0.7625,FP,319,80,data/processed\X_train_rferf.csv,data/processed\y_train.csv,train_oof,0.1755144641265648
RFERF_RF_SMOTE,RFERF,supervised,RF,SMOTE,96,525,4.585238862288188e-05,0.001833284100427921,-0.0017874317118050389,0.0018791364890508027,0.2,0.8,FP,319,80,data/processed\X_train_rferf.csv,data/processed\y_train.csv,train_oof,0.1755144641265648
RFERF_RF_SMOTE,RFERF,supervised,RF,SMOTE,97,47,3.081308125203819e-05,0.0011009157442463586,-0.0010701026629943203,0.0011317288254983969,0.0875,0.9125,FP,319,80,data/processed\X_train_rferf.csv,data/processed\y_train.csv,train_oof,0.1755144641265648
RFERF_RF_SMOTE,RFERF,supervised,RF,SMOTE,98,37,2.3928626025370342e-05,0.0025822703521652104,-0.0025583417261398397,0.0026061989781905807,0.075,0.925,FP,319,80,data/processed\X_train_rferf.csv,data/processed\y_train.csv,train_oof,0.1755144641265648
RFERF_RF_SMOTE,RFERF,supervised,RF,SMOTE,99,81,1.229146101479332e-05,0.002090581970858806,-0.0020782905098440125,0.0021028734318735993,0.025,0.975,FP,319,80,data/processed\X_train_rferf.csv,data/processed\y_train.csv,train_oof,0.1755144641265648
ANOVA_SVM_NoResample,ANOVA,supervised,SVM,NoResample,1,64,0.007808942647482199,0.004287429237598415,0.0035215134098837845,0.01209637188508062,0.475,0.525,FP,284,80,data/processed\X_train_anova.csv,data/processed\y_train.csv,train_oof,0.07569208662861764
ANOVA_SVM_NoResample,ANOVA,supervised,SVM,NoResample,2,59,0.007457304515395569,0.00246834641874668,0.004988958096648888,0.009925650934142247,0.625,0.375,FP,284,80,data/processed\X_train_anova.csv,data/processed\y_train.csv,train_oof,0.07569208662861764
ANOVA_SVM_NoResample,ANOVA,supervised,SVM,NoResample,3,65,0.0035678222277056347,0.003987072612260159,-0.00041925038455452253,0.007554894839965795,0.4,0.6,FP,284,80,data/processed\X_train_anova.csv,data/processed\y_train.csv,train_oof,0.07569208662861764
ANOVA_SVM_NoResample,ANOVA,supervised,SVM,NoResample,4,545,0.0024456474178472442,0.0016875154304859374,0.0007581319873613056,0.004133162848333181,0.9,0.1,FP,284,80,data/processed\X_train_anova.csv,data/processed\y_train.csv,train_oof,0.07569208662861764
ANOVA_SVM_NoResample,ANOVA,supervised,SVM,NoResample,5,63,0.0021133952169835497,0.002659780284916371,-0.0005463850679328202,0.004773175501899921,0.35,0.65,FP,284,80,data/processed\X_train_anova.csv,data/processed\y_train.csv,train_oof,0.07569208662861764
ANOVA_SVM_NoResample,ANOVA,supervised,SVM,NoResample,6,348,0.0020737714846350472,0.003870791107183682,-0.0017970196225486356,0.005944562591818726,0.3875,0.6125,FP,284,80,data/processed\X_train_anova.csv,data/processed\y_train.csv,train_oof,0.07569208662861764
ANOVA_SVM_NoResample,ANOVA,supervised,SVM,NoResample,7,103,0.0018002933508461942,0.002535881484604998,-0.0007355881337588039,0.0043361748354511925,0.5,0.5,FP,284,80,data/processed\X_train_anova.csv,data/processed\y_train.csv,train_oof,0.07569208662861764
ANOVA_SVM_NoResample,ANOVA,supervised,SVM,NoResample,8,14,0.0016352252039695178,0.008867721816354762,-0.007232496612385243,0.010502947020324284,0.35,0.65,FP,284,80,data/processed\X_train_anova.csv,data/processed\y_train.csv,train_oof,0.07569208662861764
ANOVA_SVM_NoResample,ANOVA,supervised,SVM,NoResample,9,511,0.001396623213284885,0.010218215988419216,-0.00882159277513433,0.0116148392017041,0.2,0.8,FP,284,80,data/processed\X_train_anova.csv,data/processed\y_train.csv,train_oof,0.07569208662861764
ANOVA_SVM_NoResample,ANOVA,supervised,SVM,NoResample,10,56,0.00120732872948873,0.002269639437999959,-0.0010623107085112294,0.003476968167488689,0.6125,0.3875,FP,284,80,data/processed\X_train_anova.csv,data/processed\y_train.csv,train_oof,0.07569208662861764
ANOVA_SVM_NoResample,ANOVA,supervised,SVM,NoResample,11,129,0.0010959484266627045,0.002557779869569834,-0.0014618314429071294,0.003653728296232539,0.3375,0.6625,FP,284,80,data/processed\X_train_anova.csv,data/processed\y_train.csv,train_oof,0.07569208662861764
ANOVA_SVM_NoResample,ANOVA,supervised,SVM,NoResample,12,70,0.001079912664274096,0.0050016268546017794,-0.003921714190327685,0.006081539518875877,0.2375,0.7625,FP,284,80,data/processed\X_train_anova.csv,data/processed\y_train.csv,train_oof,0.07569208662861764
ANOVA_SVM_NoResample,ANOVA,supervised,SVM,NoResample,13,100,0.0010578997633638198,0.004842478599321539,-0.003784578835957719,0.00590037836268536,0.175,0.825,FP,284,80,data/processed\X_train_anova.csv,data/processed\y_train.csv,train_oof,0.07569208662861764
ANOVA_SVM_NoResample,ANOVA,supervised,SVM,NoResample,14,582,0.0009156632526009142,0.006895779098671689,-0.005980115846070776,0.007811442351272601,0.15,0.85,FP,284,80,data/processed\X_train_anova.csv,data/processed\y_train.csv,train_oof,0.07569208662861764
ANOVA_SVM_NoResample,ANOVA,supervised,SVM,NoResample,15,NA_112,0.0009091347280119584,0.0035923164386161715,-0.0026831817106042124,0.00450145116662813,0.3125,0.6875,FP,284,80,data/processed\X_train_anova.csv,data/processed\y_train.csv,train_oof,0.07569208662861764
ANOVA_SVM_NoResample,ANOVA,supervised,SVM,NoResample,16,125,0.0008994575824783401,0.004506879696017299,-0.0036074221135389585,0.0054063372784956395,0.3,0.7,FP,284,80,data/processed\X_train_anova.csv,data/processed\y_train.csv,train_oof,0.07569208662861764
ANOVA_SVM_NoResample,ANOVA,supervised,SVM,NoResample,17,79,0.0008698519357618862,0.0037383495436722355,-0.002868497607910348,0.004608201479434122,0.275,0.725,FP,284,80,data/processed\X_train_anova.csv,data/processed\y_train.csv,train_oof,0.07569208662861764
ANOVA_SVM_NoResample,ANOVA,supervised,SVM,NoResample,18,95,0.0007548482886741278,0.004843470686446198,-0.004088622397772071,0.005598318975120328,0.25,0.75,FP,284,80,data/processed\X_train_anova.csv,data/processed\y_train.csv,train_oof,0.07569208662861764
ANOVA_SVM_NoResample,ANOVA,supervised,SVM,NoResample,19,562,0.0006562118543674654,0.0036515507172318155,-0.0029953388628643505,0.004307762571599281,0.225,0.775,FP,284,80,data/processed\X_train_anova.csv,data/processed\y_train.csv,train_oof,0.07569208662861764
ANOVA_SVM_NoResample,ANOVA,supervised,SVM,NoResample,20,510,0.0006535761940257149,0.0024991953281032625,-0.0018456191340775463,0.0031527715221289785,0.3125,0.6875,FP,284,80,data/processed\X_train_anova.csv,data/processed\y_train.csv,train_oof,0.07569208662861764
ANOVA_SVM_NoResample,ANOVA,supervised,SVM,NoResample,21,553,0.0006353311301689178,0.0034787263351812397,-0.0028433952050123234,0.004114057465350157,0.2375,0.7625,FP,284,80,data/processed\X_train_anova.csv,data/processed\y_train.csv,train_oof,0.07569208662861764
ANOVA_SVM_NoResample,ANOVA,supervised,SVM,NoResample,22,452,0.0006157100325102146,0.002986844467024795,-0.0023711344345145793,0.0036025544995350093,0.3625,0.6375,FP,284,80,data/processed\X_train_anova.csv,data/processed\y_train.csv,train_oof,0.07569208662861764
ANOVA_SVM_NoResample,ANOVA,supervised,SVM,NoResample,23,21,0.000580871039498553,0.005250383755006488,-0.004669512715507935,0.005831254794505042,0.2,0.8,FP,284,80,data/processed\X_train_anova.csv,data/processed\y_train.csv,train_oof,0.07569208662861764
ANOVA_SVM_NoResample,ANOVA,supervised,SVM,NoResample,24,38,0.0005784569191722284,0.004615054794089872,-0.004036597874917645,0.005193511713262102,0.1625,0.8375,FP,284,80,data/processed\X_train_anova.csv,data/processed\y_train.csv,train_oof,0.07569208662861764
ANOVA_SVM_NoResample,ANOVA,supervised,SVM,NoResample,25,295,0.0005781470216370008,0.0011496728892813677,-0.000571525867644367,0.001727819910918368,0.2125,0.7875,FP,284,80,data/processed\X_train_anova.csv,data/processed\y_train.csv,train_oof,0.07569208662861764
ANOVA_SVM_NoResample,ANOVA,supervised,SVM,NoResample,26,NA_72,0.0005757627576825289,0.0054206351246484175,-0.004844872366965889,0.005996397882330946,0.125,0.875,FP,284,80,data/processed\X_train_anova.csv,data/processed\y_train.csv,train_oof,0.07569208662861764
ANOVA_SVM_NoResample,ANOVA,supervised,SVM,NoResample,27,22,0.0005320057438099576,0.0031638420024594424,-0.002631836258649484,0.003695847746269399,0.2875,0.7125,FP,284,80,data/processed\X_train_anova.csv,data/processed\y_train.csv,train_oof,0.07569208662861764
ANOVA_SVM_NoResample,ANOVA,supervised,SVM,NoResample,28,130,0.0005080469394684649,0.0036258251783152875,-0.0031177782388468224,0.0041338721177837535,0.1625,0.8375,FP,284,80,data/processed\X_train_anova.csv,data/processed\y_train.csv,train_oof,0.07569208662861764
ANOVA_SVM_NoResample,ANOVA,supervised,SVM,NoResample,29,377,0.0004935173603722734,0.0034901529733927595,-0.0029966356130204856,0.003983670333765033,0.2125,0.7875,FP,284,80,data/processed\X_train_anova.csv,data/processed\y_train.csv,train_oof,0.07569208662861764
ANOVA_SVM_NoResample,ANOVA,supervised,SVM,NoResample,30,122,0.0004853505728191221,0.0030471296059771747,-0.0025617790331580524,0.003532480178796296,0.2625,0.7375,FP,284,80,data/processed\X_train_anova.csv,data/processed\y_train.csv,train_oof,0.07569208662861764
ANOVA_SVM_NoResample,ANOVA,supervised,SVM,NoResample,31,316,0.00043467632446778277,0.003905170631356715,-0.003470494306888933,0.004339846955824497,0.2625,0.7375,FP,284,80,data/processed\X_train_anova.csv,data/processed\y_train.csv,train_oof,0.07569208662861764
ANOVA_SVM_NoResample,ANOVA,supervised,SVM,NoResample,32,437,0.0004017724967613462,0.0061198236333959094,-0.005718051136634562,0.006521596130157256,0.075,0.925,FP,284,80,data/processed\X_train_anova.csv,data/processed\y_train.csv,train_oof,0.07569208662861764
ANOVA_SVM_NoResample,ANOVA,supervised,SVM,NoResample,33,28,0.00038098449626581713,0.003117399630997918,-0.0027364151347321008,0.0034983841272637354,0.25,0.75,FP,284,80,data/processed\X_train_anova.csv,data/processed\y_train.csv,train_oof,0.07569208662861764
ANOVA_SVM_NoResample,ANOVA,supervised,SVM,NoResample,34,16,0.00037340650367788885,0.006485842257717802,-0.006112435754039915,0.006859248761395692,0.125,0.875,FP,284,80,data/processed\X_train_anova.csv,data/processed\y_train.csv,train_oof,0.07569208662861764
ANOVA_SVM_NoResample,ANOVA,supervised,SVM,NoResample,35,471,0.0003284809189246587,0.0011926061269171631,-0.0008641252079925044,0.001521087045841822,0.1375,0.8625,FP,284,80,data/processed\X_train_anova.csv,data/processed\y_train.csv,train_oof,0.07569208662861764
ANOVA_SVM_NoResample,ANOVA,supervised,SVM,NoResample,36,32,0.0002979778705488443,0.0021719230220644107,-0.0018739451515155658,0.002469900892613255,0.1,0.9,FP,284,80,data/processed\X_train_anova.csv,data/processed\y_train.csv,train_oof,0.07569208662861764
ANOVA_SVM_NoResample,ANOVA,supervised,SVM,NoResample,37,124,0.0002803240274728548,0.004417395812100831,-0.004137071784627978,0.004697719839573686,0.1125,0.8875,FP,284,80,data/processed\X_train_anova.csv,data/processed\y_train.csv,train_oof,0.07569208662861764
ANOVA_SVM_NoResample,ANOVA,supervised,SVM,NoResample,38,551,0.0002674594059407925,0.001094341606713449,-0.0008268822007726562,0.001361801012654242,0.2,0.8,FP,284,80,data/processed\X_train_anova.csv,data/processed\y_train.csv,train_oof,0.07569208662861764
ANOVA_SVM_NoResample,ANOVA,supervised,SVM,NoResample,39,477,0.0002548458349011004,0.0006234402586959277,-0.0003685944237948275,0.0008782860935970281,0.3,0.7,FP,284,80,data/processed\X_train_anova.csv,data/processed\y_train.csv,train_oof,0.07569208662861764
ANOVA_SVM_NoResample,ANOVA,supervised,SVM,NoResample,40,33,0.0002398672335575191,0.0007634048185394725,-0.0005235375849819531,0.0010032720520969916,0.1125,0.8875,FP,284,80,data/processed\X_train_anova.csv,data/processed\y_train.csv,train_oof,0.07569208662861764
ANOVA_SVM_NoResample,ANOVA,supervised,SVM,NoResample,41,123,0.00023076167404111335,0.004939061190321352,-0.004708299516280238,0.005169822864362466,0.1,0.9,FP,284,80,data/processed\X_train_anova.csv,data/processed\y_train.csv,train_oof,0.07569208662861764
ANOVA_SVM_NoResample,ANOVA,supervised,SVM,NoResample,42,159,0.00021379009016283726,0.00424065233327044,-0.004026862243107603,0.0044544424234332775,0.0875,0.9125,FP,284,80,data/processed\X_train_anova.csv,data/processed\y_train.csv,train_oof,0.07569208662861764
ANOVA_SVM_NoResample,ANOVA,supervised,SVM,NoResample,43,200,0.00018120475864740165,0.002295672615483071,-0.002114467856835669,0.002476877374130473,0.2,0.8,FP,284,80,data/processed\X_train_anova.csv,data/processed\y_train.csv,train_oof,0.07569208662861764
ANOVA_SVM_NoResample,ANOVA,supervised,SVM,NoResample,44,337,0.0001797483240306427,0.0024464249347605016,-0.0022666766107298595,0.0026261732587911446,0.225,0.775,FP,284,80,data/processed\X_train_anova.csv,data/processed\y_train.csv,train_oof,0.07569208662861764
ANOVA_SVM_NoResample,ANOVA,supervised,SVM,NoResample,45,298,0.00012169402109388353,0.001105767764595344,-0.0009840737435014603,0.0012274617856892274,0.15,0.85,FP,284,80,data/processed\X_train_anova.csv,data/processed\y_train.csv,train_oof,0.07569208662861764
ANOVA_SVM_NoResample,ANOVA,supervised,SVM,NoResample,46,133,0.00010148427704131588,0.006437554430616535,-0.006336070153575221,0.00653903870765785,0.075,0.925,FP,284,80,data/processed\X_train_anova.csv,data/processed\y_train.csv,train_oof,0.07569208662861764
ANOVA_SVM_NoResample,ANOVA,supervised,SVM,NoResample,47,26,6.395313689515056e-05,0.000599313374659332,-0.0005353602377641815,0.0006632665115544825,0.2875,0.7125,FP,284,80,data/processed\X_train_anova.csv,data/processed\y_train.csv,train_oof,0.07569208662861764
ANOVA_SVM_NoResample,ANOVA,supervised,SVM,NoResample,48,165,4.989649380591016e-05,0.0004227316517342133,-0.00037283515792830305,0.0004726281455401236,0.25,0.75,FP,284,80,data/processed\X_train_anova.csv,data/processed\y_train.csv,train_oof,0.07569208662861764
ANOVA_SVM_NoResample,ANOVA,supervised,SVM,NoResample,49,434,2.4399479427124893e-05,0.0002546687824996561,-0.00023026930307253128,0.0002790682619267811,0.25,0.75,FP,284,80,data/processed\X_train_anova.csv,data/processed\y_train.csv,train_oof,0.07569208662861764
ANOVA_SVM_NoResample,ANOVA,supervised,SVM,NoResample,50,249,0.0,0.0,0.0,0.0,0.0,0.0,FP,284,80,data/processed\X_train_anova.csv,data/processed\y_train.csv,train_oof,0.07569208662861764
Base_LR_SMOTE,Base,supervised,LR,SMOTE,1,59,1.5349757709223786,0.3295993764660128,1.2053763944563656,1.8645751473883916,0.55,0.45,FP,185,80,data/processed\X_train_base.csv,data/processed\y_train.csv,train_oof,0.12060301142481507
Base_LR_SMOTE,Base,supervised,LR,SMOTE,2,477,0.6594843175231303,0.05799176314935384,0.6014925543737766,0.717476080672484,0.5,0.5,FP,185,80,data/processed\X_train_base.csv,data/processed\y_train.csv,train_oof,0.12060301142481507
Base_LR_SMOTE,Base,supervised,LR,SMOTE,3,56,0.643126610173835,0.31537066255080937,0.3277559476230257,0.9584972727246448,0.75,0.25,FP,185,80,data/processed\X_train_base.csv,data/processed\y_train.csv,train_oof,0.12060301142481507
Base_LR_SMOTE,Base,supervised,LR,SMOTE,4,333,0.5871315846890697,0.08870086395079069,0.49843072073827904,0.6758324486398604,0.525,0.475,FP,185,80,data/processed\X_train_base.csv,data/processed\y_train.csv,train_oof,0.12060301142481507
Base_LR_SMOTE,Base,supervised,LR,SMOTE,5,64,0.4709114046228482,0.3792781057575604,0.0916332988652878,0.8501895103804088,0.425,0.575,FP,185,80,data/processed\X_train_base.csv,data/processed\y_train.csv,train_oof,0.12060301142481507
Base_LR_SMOTE,Base,supervised,LR,SMOTE,6,132,0.4426625516393966,0.5677757213964296,-0.12511316975703296,1.010438273035826,0.4375,0.5625,FP,185,80,data/processed\X_train_base.csv,data/processed\y_train.csv,train_oof,0.12060301142481507
Base_LR_SMOTE,Base,supervised,LR,SMOTE,7,137,0.42467602910556695,0.19256948029701051,0.23210654880855636,0.6172455094025774,0.6375,0.3625,FP,185,80,data/processed\X_train_base.csv,data/processed\y_train.csv,train_oof,0.12060301142481507
Base_LR_SMOTE,Base,supervised,LR,SMOTE,8,133,0.3863699951640759,0.1395420755691616,0.24682791959491435,0.5259120707332376,0.7125,0.2875,FP,185,80,data/processed\X_train_base.csv,data/processed\y_train.csv,train_oof,0.12060301142481507
Base_LR_SMOTE,Base,supervised,LR,SMOTE,9,280,0.37361065949181793,0.046259594493653,0.3273510649981649,0.419870253985471,0.8125,0.1875,FP,185,80,data/processed\X_train_base.csv,data/processed\y_train.csv,train_oof,0.12060301142481507
Base_LR_SMOTE,Base,supervised,LR,SMOTE,10,471,0.3611438979140643,0.12712796832145196,0.23401592959261244,0.4882718662355166,0.3125,0.6875,FP,185,80,data/processed\X_train_base.csv,data/processed\y_train.csv,train_oof,0.12060301142481507
Base_LR_SMOTE,Base,supervised,LR,SMOTE,11,281,0.3543828410531069,0.0909397796195488,0.2634430614335579,0.44532262067265577,0.7625,0.2375,FP,185,80,data/processed\X_train_base.csv,data/processed\y_train.csv,train_oof,0.12060301142481507
Base_LR_SMOTE,Base,supervised,LR,SMOTE,12,129,0.3536031306243607,0.14759709688733677,0.20600603373702384,0.5012002275116976,0.75,0.25,FP,185,80,data/processed\X_train_base.csv,data/processed\y_train.csv,train_oof,0.12060301142481507
Base_LR_SMOTE,Base,supervised,LR,SMOTE,13,448,0.3444108458751816,0.2891032287897698,0.055307617085411896,0.6335140746649512,0.7625,0.2375,FP,185,80,data/processed\X_train_base.csv,data/processed\y_train.csv,train_oof,0.12060301142481507
Base_LR_SMOTE,Base,supervised,LR,SMOTE,14,545,0.33819140153338617,0.3575924695064707,-0.01940106797308449,0.6957838710398577,0.75,0.25,FP,185,80,data/processed\X_train_base.csv,data/processed\y_train.csv,train_oof,0.12060301142481507
Base_LR_SMOTE,Base,supervised,LR,SMOTE,15,119,0.3122381103126355,0.12003530876466229,0.1922028015479732,0.43227341907729794,0.575,0.425,FP,185,80,data/processed\X_train_base.csv,data/processed\y_train.csv,train_oof,0.12060301142481507
Base_LR_SMOTE,Base,supervised,LR,SMOTE,16,560,0.28771676097697263,0.15290224151263346,0.13481451946433923,0.4406190024896059,0.6875,0.3125,FP,185,80,data/processed\X_train_base.csv,data/processed\y_train.csv,train_oof,0.12060301142481507
Base_LR_SMOTE,Base,supervised,LR,SMOTE,17,66,0.28721651741018767,0.24482613543081336,0.04239038197937446,0.5320426528410012,0.5375,0.4625,FP,185,80,data/processed\X_train_base.csv,data/processed\y_train.csv,train_oof,0.12060301142481507
Base_LR_SMOTE,Base,supervised,LR,SMOTE,18,366,0.2843591829176072,0.08599244008441617,0.19836674283319106,0.37035162300202334,0.525,0.475,FP,185,80,data/processed\X_train_base.csv,data/processed\y_train.csv,train_oof,0.12060301142481507
Base_LR_SMOTE,Base,supervised,LR,SMOTE,19,309,0.2831267733508805,0.32748678163802836,-0.044360008287147826,0.610613554988909,0.55,0.45,FP,185,80,data/processed\X_train_base.csv,data/processed\y_train.csv,train_oof,0.12060301142481507
Base_LR_SMOTE,Base,supervised,LR,SMOTE,20,25,0.2791231023465629,0.4185842532564033,-0.13946115090984038,0.6977073556029658,0.8125,0.1875,FP,185,80,data/processed\X_train_base.csv,data/processed\y_train.csv,train_oof,0.12060301142481507
Base_LR_SMOTE,Base,supervised,LR,SMOTE,21,62,0.27867889420763625,0.6173754931575558,-0.3386965989499193,0.8960543873651916,0.4625,0.5375,FP,185,80,data/processed\X_train_base.csv,data/processed\y_train.csv,train_oof,0.12060301142481507
Base_LR_SMOTE,Base,supervised,LR,SMOTE,22,45,0.26757919369034566,0.20592621422678792,0.06165297946355765,0.4735054079171334,0.5125,0.4875,FP,185,80,data/processed\X_train_base.csv,data/processed\y_train.csv,train_oof,0.12060301142481507
Base_LR_SMOTE,Base,supervised,LR,SMOTE,23,NA_109,0.26565603527363557,0.36932668318529854,-0.10367064791166283,0.6349827184589335,0.25,0.75,FP,185,80,data/processed\X_train_base.csv,data/processed\y_train.csv,train_oof,0.12060301142481507
Base_LR_SMOTE,Base,supervised,LR,SMOTE,24,168,0.2649881562870624,0.3120868670490401,-0.047098710761977844,0.5770750233361024,0.4125,0.5875,FP,185,80,data/processed\X_train_base.csv,data/processed\y_train.csv,train_oof,0.12060301142481507
Base_LR_SMOTE,Base,supervised,LR,SMOTE,25,46,0.257537462136136,0.2101442935196632,0.04739316861647276,0.46768175565579917,0.4875,0.5125,FP,185,80,data/processed\X_train_base.csv,data/processed\y_train.csv,train_oof,0.12060301142481507
Base_LR_SMOTE,Base,supervised,LR,SMOTE,26,63,0.25319693891737727,0.10321309093631377,0.1499838479810634,0.35641002985369086,0.4625,0.5375,FP,185,80,data/processed\X_train_base.csv,data/processed\y_train.csv,train_oof,0.12060301142481507
Base_LR_SMOTE,Base,supervised,LR,SMOTE,27,544,0.2527648197157181,0.11868168954393932,0.13408313017177886,0.3714465092596571,0.825,0.175,FP,185,80,data/processed\X_train_base.csv,data/processed\y_train.csv,train_oof,0.12060301142481507
Base_LR_SMOTE,Base,supervised,LR,SMOTE,28,130,0.2499175147903268,0.10310308974289632,0.14681442504743056,0.3530206045332231,0.6625,0.3375,FP,185,80,data/processed\X_train_base.csv,data/processed\y_train.csv,train_oof,0.12060301142481507
Base_LR_SMOTE,Base,supervised,LR,SMOTE,29,22,0.24962585878723814,0.12882305266279745,0.12080280612444069,0.3784489114500355,0.6125,0.3875,FP,185,80,data/processed\X_train_base.csv,data/processed\y_train.csv,train_oof,0.12060301142481507
Base_LR_SMOTE,Base,supervised,LR,SMOTE,30,40,0.24806886646406245,0.1304688129513811,0.11760005351268141,0.3785376794154434,0.3375,0.6625,FP,185,80,data/processed\X_train_base.csv,data/processed\y_train.csv,train_oof,0.12060301142481507
Base_LR_SMOTE,Base,supervised,LR,SMOTE,31,563,0.24059462640655224,0.1379216363915992,0.10267299001495304,0.37851626279815165,0.65,0.35,FP,185,80,data/processed\X_train_base.csv,data/processed\y_train.csv,train_oof,0.12060301142481507
Base_LR_SMOTE,Base,supervised,LR,SMOTE,32,416,0.2380394018912289,0.11180951315391216,0.12622988873731683,0.349848915045141,0.65,0.35,FP,185,80,data/processed\X_train_base.csv,data/processed\y_train.csv,train_oof,0.12060301142481507
Base_LR_SMOTE,Base,supervised,LR,SMOTE,33,486,0.23342839695777057,0.1315473059452286,0.1018810910125421,0.3649757029029992,0.5375,0.4625,FP,185,80,data/processed\X_train_base.csv,data/processed\y_train.csv,train_oof,0.12060301142481507
Base_LR_SMOTE,Base,supervised,LR,SMOTE,34,419,0.22806596052922776,0.1097901162599483,0.1182758442692794,0.337856076789176,0.625,0.375,FP,185,80,data/processed\X_train_base.csv,data/processed\y_train.csv,train_oof,0.12060301142481507
Base_LR_SMOTE,Base,supervised,LR,SMOTE,35,582,0.22765805627853558,0.18631397110642078,0.0413440851721147,0.4139720273849564,0.5375,0.4625,FP,185,80,data/processed\X_train_base.csv,data/processed\y_train.csv,train_oof,0.12060301142481507
Base_LR_SMOTE,Base,supervised,LR,SMOTE,36,304,0.2233386277176582,0.23497640837255646,-0.011637780654898285,0.4583150360902149,0.45,0.55,FP,185,80,data/processed\X_train_base.csv,data/processed\y_train.csv,train_oof,0.12060301142481507
Base_LR_SMOTE,Base,supervised,LR,SMOTE,37,41,0.21903823545933604,0.02341653383522676,0.19562170162410922,0.24245476929456283,0.8375,0.1625,FP,185,80,data/processed\X_train_base.csv,data/processed\y_train.csv,train_oof,0.12060301142481507
Base_LR_SMOTE,Base,supervised,LR,SMOTE,38,51,0.21869293980815,0.1562361763146431,0.06245676349350683,0.3749291161227931,0.575,0.425,FP,185,80,data/processed\X_train_base.csv,data/processed\y_train.csv,train_oof,0.12060301142481507
Base_LR_SMOTE,Base,supervised,LR,SMOTE,39,474,0.2168365929004902,0.09576153559015105,0.12107505731033916,0.31259812849064134,0.425,0.575,FP,185,80,data/processed\X_train_base.csv,data/processed\y_train.csv,train_oof,0.12060301142481507
Base_LR_SMOTE,Base,supervised,LR,SMOTE,40,60,0.21635928305310767,0.36800160055553266,-0.151642317502425,0.5843608836086405,0.375,0.625,FP,185,80,data/processed\X_train_base.csv,data/processed\y_train.csv,train_oof,0.12060301142481507
Base_LR_SMOTE,Base,supervised,LR,SMOTE,41,19,0.21594156380283955,0.027101855296599066,0.18883970850624046,0.24304341909943866,0.8125,0.1875,FP,185,80,data/processed\X_train_base.csv,data/processed\y_train.csv,train_oof,0.12060301142481507
Base_LR_SMOTE,Base,supervised,LR,SMOTE,42,14,0.2069739196274926,0.19410914326346476,0.012864776364027835,0.4010830628909573,0.4875,0.5125,FP,185,80,data/processed\X_train_base.csv,data/processed\y_train.csv,train_oof,0.12060301142481507
Base_LR_SMOTE,Base,supervised,LR,SMOTE,43,26,0.20651829733856922,0.08350958640417036,0.1230087109343988,0.2900278837427395,0.1875,0.8125,FP,185,80,data/processed\X_train_base.csv,data/processed\y_train.csv,train_oof,0.12060301142481507
Base_LR_SMOTE,Base,supervised,LR,SMOTE,44,53,0.20484471172136726,0.26854934153922005,-0.06370462981785288,0.47339405326058737,0.425,0.575,FP,185,80,data/processed\X_train_base.csv,data/processed\y_train.csv,train_oof,0.12060301142481507
Base_LR_SMOTE,Base,supervised,LR,SMOTE,45,490,0.20398739065011906,0.157444957180587,0.046542433469532095,0.36143234783070616,0.65,0.35,FP,185,80,data/processed\X_train_base.csv,data/processed\y_train.csv,train_oof,0.12060301142481507
Base_LR_SMOTE,Base,supervised,LR,SMOTE,46,460,0.20020606072688857,0.23030522003694856,-0.030099159310059943,0.4305112807638369,0.375,0.625,FP,185,80,data/processed\X_train_base.csv,data/processed\y_train.csv,train_oof,0.12060301142481507
Base_LR_SMOTE,Base,supervised,LR,SMOTE,47,282,0.1998765569917536,0.08850429204787683,0.11137226494387686,0.28838084903963057,0.625,0.375,FP,185,80,data/processed\X_train_base.csv,data/processed\y_train.csv,train_oof,0.12060301142481507
Base_LR_SMOTE,Base,supervised,LR,SMOTE,48,156,0.19581766927155844,0.04197113720812247,0.153846532063436,0.23778880647968106,0.3625,0.6375,FP,185,80,data/processed\X_train_base.csv,data/processed\y_train.csv,train_oof,0.12060301142481507
Base_LR_SMOTE,Base,supervised,LR,SMOTE,49,511,0.1918108760854796,0.12417322609284558,0.06763764999263387,0.3159841021783251,0.5375,0.4625,FP,185,80,data/processed\X_train_base.csv,data/processed\y_train.csv,train_oof,0.12060301142481507
Base_LR_SMOTE,Base,supervised,LR,SMOTE,50,183,0.19079350256403013,0.15777504557741806,0.03301845698661211,0.3485685481414483,0.5375,0.4625,FP,185,80,data/processed\X_train_base.csv,data/processed\y_train.csv,train_oof,0.12060301142481507
Base_LR_SMOTE,Base,supervised,LR,SMOTE,51,221,0.19034073362989373,0.37218695399663265,-0.1818462203667389,0.5625276876265264,0.4625,0.5375,FP,185,80,data/processed\X_train_base.csv,data/processed\y_train.csv,train_oof,0.12060301142481507
Base_LR_SMOTE,Base,supervised,LR,SMOTE,52,30,0.1898551359182864,0.2297515925401159,-0.039896456621829536,0.4196067284584024,0.475,0.525,FP,185,80,data/processed\X_train_base.csv,data/processed\y_train.csv,train_oof,0.12060301142481507
Base_LR_SMOTE,Base,supervised,LR,SMOTE,53,485,0.1892960445068937,0.156556743420266,0.03273930108662771,0.3458527879271597,0.725,0.275,FP,185,80,data/processed\X_train_base.csv,data/processed\y_train.csv,train_oof,0.12060301142481507
Base_LR_SMOTE,Base,supervised,LR,SMOTE,54,43,0.1869747923783275,0.22430987291419538,-0.03733508053586786,0.4112846652925228,0.4125,0.5875,FP,185,80,data/processed\X_train_base.csv,data/processed\y_train.csv,train_oof,0.12060301142481507
Base_LR_SMOTE,Base,supervised,LR,SMOTE,55,65,0.18504027003575882,0.2783008517696509,-0.09326058173389207,0.4633411218054098,0.5625,0.4375,FP,185,80,data/processed\X_train_base.csv,data/processed\y_train.csv,train_oof,0.12060301142481507
Base_LR_SMOTE,Base,supervised,LR,SMOTE,56,144,0.18342212568759406,0.09909931530017144,0.08432281038742265,0.28252144098776555,0.775,0.225,FP,185,80,data/processed\X_train_base.csv,data/processed\y_train.csv,train_oof,0.12060301142481507
Base_LR_SMOTE,Base,supervised,LR,SMOTE,57,159,0.1830246359725294,0.06808354712947909,0.11494108884305029,0.25110818310200844,0.325,0.675,FP,185,80,data/processed\X_train_base.csv,data/processed\y_train.csv,train_oof,0.12060301142481507
Base_LR_SMOTE,Base,supervised,LR,SMOTE,58,439,0.179983504662383,0.1395085039243204,0.04047500073806259,0.3194920085867034,0.6,0.4,FP,185,80,data/processed\X_train_base.csv,data/processed\y_train.csv,train_oof,0.12060301142481507
Base_LR_SMOTE,Base,supervised,LR,SMOTE,59,103,0.1743909515689936,0.039523545660607035,0.13486740590838658,0.21391449722960063,0.6625,0.3375,FP,185,80,data/processed\X_train_base.csv,data/processed\y_train.csv,train_oof,0.12060301142481507
Base_LR_SMOTE,Base,supervised,LR,SMOTE,60,57,0.17346041218834238,0.14917401538134326,0.024286396806999136,0.32263442756968563,0.525,0.475,FP,185,80,data/processed\X_train_base.csv,data/processed\y_train.csv,train_oof,0.12060301142481507
Base_LR_SMOTE,Base,supervised,LR,SMOTE,61,348,0.1732684931910459,0.14234892680142897,0.03091956638961694,0.3156174199924748,0.4375,0.5625,FP,185,80,data/processed\X_train_base.csv,data/processed\y_train.csv,train_oof,0.12060301142481507
Base_LR_SMOTE,Base,supervised,LR,SMOTE,62,558,0.17240742242559587,0.13973734800723714,0.03267007441835869,0.312144770432833,0.25,0.75,FP,185,80,data/processed\X_train_base.csv,data/processed\y_train.csv,train_oof,0.12060301142481507
Base_LR_SMOTE,Base,supervised,LR,SMOTE,63,173,0.16891351828901405,0.1591763919313342,0.009737126357679829,0.3280899102203483,0.5,0.5,FP,185,80,data/processed\X_train_base.csv,data/processed\y_train.csv,train_oof,0.12060301142481507
Base_LR_SMOTE,Base,supervised,LR,SMOTE,64,108,0.16764042180748512,0.3110666595488175,-0.14342623774133248,0.47870708135630274,0.425,0.575,FP,185,80,data/processed\X_train_base.csv,data/processed\y_train.csv,train_oof,0.12060301142481507
Base_LR_SMOTE,Base,supervised,LR,SMOTE,65,452,0.16754369774390138,0.1199539633885526,0.04758973435534874,0.2874976611324539,0.5625,0.4375,FP,185,80,data/processed\X_train_base.csv,data/processed\y_train.csv,train_oof,0.12060301142481507
Base_LR_SMOTE,Base,supervised,LR,SMOTE,66,104,0.16751813923897144,0.18540991486718014,-0.01789177562820873,0.3529280541061515,0.4,0.6,FP,185,80,data/processed\X_train_base.csv,data/processed\y_train.csv,train_oof,0.12060301142481507
Base_LR_SMOTE,Base,supervised,LR,SMOTE,67,21,0.16344330111106709,0.05568962900943627,0.10775367210163081,0.21913293012050325,0.7,0.3,FP,185,80,data/processed\X_train_base.csv,data/processed\y_train.csv,train_oof,0.12060301142481507
Base_LR_SMOTE,Base,supervised,LR,SMOTE,68,115,0.16269907813149662,0.13834769169175462,0.024351386439741957,0.30104676982325135,0.4625,0.5375,FP,185,80,data/processed\X_train_base.csv,data/processed\y_train.csv,train_oof,0.12060301142481507
Base_LR_SMOTE,Base,supervised,LR,SMOTE,69,428,0.15535011304696528,0.09447134216081696,0.06087877088614833,0.24982145520778215,0.825,0.175,FP,185,80,data/processed\X_train_base.csv,data/processed\y_train.csv,train_oof,0.12060301142481507
Base_LR_SMOTE,Base,supervised,LR,SMOTE,70,447,0.15455457663077846,0.1937988549745856,-0.039244278343807136,0.34835343160536425,0.4625,0.5375,FP,185,80,data/processed\X_train_base.csv,data/processed\y_train.csv,train_oof,0.12060301142481507
Base_LR_SMOTE,Base,supervised,LR,SMOTE,71,222,0.1539880722034518,0.013546259507964505,0.1404418126954873,0.1675343317114163,0.25,0.75,FP,185,80,data/processed\X_train_base.csv,data/processed\y_train.csv,train_oof,0.12060301142481507
Base_LR_SMOTE,Base,supervised,LR,SMOTE,72,29,0.152635341970921,0.14428290218995832,0.008352439780962633,0.2969182441608792,0.4875,0.5125,FP,185,80,data/processed\X_train_base.csv,data/processed\y_train.csv,train_oof,0.12060301142481507
Base_LR_SMOTE,Base,supervised,LR,SMOTE,73,561,0.15142967904938234,0.26275257407978586,-0.11132289503040357,0.41418225312916795,0.3625,0.6375,FP,185,80,data/processed\X_train_base.csv,data/processed\y_train.csv,train_oof,0.12060301142481507
Base_LR_SMOTE,Base,supervised,LR,SMOTE,74,NA_578,0.15075164697911456,0.25301592212284146,-0.10226427514372698,0.4037675691019563,0.5625,0.4375,FP,185,80,data/processed\X_train_base.csv,data/processed\y_train.csv,train_oof,0.12060301142481507
Base_LR_SMOTE,Base,supervised,LR,SMOTE,75,217,0.14603229897391515,0.0812536477456752,0.06477865122823999,0.22728594671959046,0.55,0.45,FP,185,80,data/processed\X_train_base.csv,data/processed\y_train.csv,train_oof,0.12060301142481507
Base_LR_SMOTE,Base,supervised,LR,SMOTE,76,562,0.14519508784673785,0.09332942857734043,0.05186565926939736,0.2385245164240783,0.425,0.575,FP,185,80,data/processed\X_train_base.csv,data/processed\y_train.csv,train_oof,0.12060301142481507
Base_LR_SMOTE,Base,supervised,LR,SMOTE,77,70,0.1416796804540345,0.21829681322012445,-0.07661713276609006,0.3599764936741589,0.475,0.525,FP,185,80,data/processed\X_train_base.csv,data/processed\y_train.csv,train_oof,0.12060301142481507
Base_LR_SMOTE,Base,supervised,LR,SMOTE,78,295,0.13687628721640094,0.04494020839495167,0.09193607882144922,0.1818164956113526,0.4375,0.5625,FP,185,80,data/processed\X_train_base.csv,data/processed\y_train.csv,train_oof,0.12060301142481507
Base_LR_SMOTE,Base,supervised,LR,SMOTE,79,38,0.1363583100334535,0.09455926545845583,0.04179904457499766,0.23091757549190936,0.7,0.3,FP,185,80,data/processed\X_train_base.csv,data/processed\y_train.csv,train_oof,0.12060301142481507
Base_LR_SMOTE,Base,supervised,LR,SMOTE,80,96,0.13536178806905017,0.14966310276175107,-0.014301314692700882,0.28502489083080135,0.45,0.55,FP,185,80,data/processed\X_train_base.csv,data/processed\y_train.csv,train_oof,0.12060301142481507
Base_LR_SMOTE,Base,supervised,LR,SMOTE,81,467,0.13394602885574702,0.016577681139127942,0.117368347716619,0.15052370999487505,0.55,0.45,FP,185,80,data/processed\X_train_base.csv,data/processed\y_train.csv,train_oof,0.12060301142481507
Base_LR_SMOTE,Base,supervised,LR,SMOTE,82,48,0.13324956715764125,0.12234998418287486,0.010899582974766385,0.255599551340516,0.5625,0.4375,FP,185,80,data/processed\X_train_base.csv,data/processed\y_train.csv,train_oof,0.12060301142481507
Base_LR_SMOTE,Base,supervised,LR,SMOTE,83,61,0.13262921413182127,0.13982541269574333,-0.007196198563922096,0.27245462682756477,0.525,0.475,FP,185,80,data/processed\X_train_base.csv,data/processed\y_train.csv,train_oof,0.12060301142481507
Base_LR_SMOTE,Base,supervised,LR,SMOTE,84,566,0.1320477749720614,0.06390828117210419,0.06813949379995725,0.19595605614416553,0.5,0.5,FP,185,80,data/processed\X_train_base.csv,data/processed\y_train.csv,train_oof,0.12060301142481507
Base_LR_SMOTE,Base,supervised,LR,SMOTE,85,487,0.1317263295420762,0.10907300567831286,0.022653323863763335,0.240799335220389,0.3125,0.6875,FP,185,80,data/processed\X_train_base.csv,data/processed\y_train.csv,train_oof,0.12060301142481507
Base_LR_SMOTE,Base,supervised,LR,SMOTE,86,122,0.12990238241490062,0.04207572590034053,0.08782665651456004,0.17197810831524116,0.6875,0.3125,FP,185,80,data/processed\X_train_base.csv,data/processed\y_train.csv,train_oof,0.12060301142481507
Base_LR_SMOTE,Base,supervised,LR,SMOTE,87,16,0.1279236828403454,0.11098251071032028,0.016941172130025096,0.2389061935506655,0.55,0.45,FP,185,80,data/processed\X_train_base.csv,data/processed\y_train.csv,train_oof,0.12060301142481507
Base_LR_SMOTE,Base,supervised,LR,SMOTE,88,472,0.1277594651968164,0.10671106499524734,0.02104840020156907,0.23447053019206385,0.55,0.45,FP,185,80,data/processed\X_train_base.csv,data/processed\y_train.csv,train_oof,0.12060301142481507
Base_LR_SMOTE,Base,supervised,LR,SMOTE,89,586,0.12699658278737985,0.1133736702787093,0.013622912508670551,0.24037025306608917,0.4875,0.5125,FP,185,80,data/processed\X_train_base.csv,data/processed\y_train.csv,train_oof,0.12060301142481507
Base_LR_SMOTE,Base,supervised,LR,SMOTE,90,273,0.1266761457974617,0.2259704016025721,-0.09929425580511045,0.3526465474000338,0.2625,0.7375,FP,185,80,data/processed\X_train_base.csv,data/processed\y_train.csv,train_oof,0.12060301142481507
Base_LR_SMOTE,Base,supervised,LR,SMOTE,91,102,0.12520045998539525,0.07010023106264003,0.055100228922755165,0.19530069104803527,0.5875,0.4125,FP,185,80,data/processed\X_train_base.csv,data/processed\y_train.csv,train_oof,0.12060301142481507
Base_LR_SMOTE,Base,supervised,LR,SMOTE,92,32,0.12131236094610347,0.052812782277795824,0.06849957866830766,0.17412514322389927,0.525,0.475,FP,185,80,data/processed\X_train_base.csv,data/processed\y_train.csv,train_oof,0.12060301142481507
Base_LR_SMOTE,Base,supervised,LR,SMOTE,93,80,0.12006126435382794,0.07587348889776588,0.044187775456062034,0.19593475325159387,0.4875,0.5125,FP,185,80,data/processed\X_train_base.csv,data/processed\y_train.csv,train_oof,0.12060301142481507
Base_LR_SMOTE,Base,supervised,LR,SMOTE,94,393,0.118747227173817,0.08184074610063144,0.03690648107318563,0.2005879732744485,0.5,0.5,FP,185,80,data/processed\X_train_base.csv,data/processed\y_train.csv,train_oof,0.12060301142481507
Base_LR_SMOTE,Base,supervised,LR,SMOTE,95,296,0.11591452583679016,0.09491193126357428,0.021002594573215898,0.2108264571003644,0.7125,0.2875,FP,185,80,data/processed\X_train_base.csv,data/processed\y_train.csv,train_oof,0.12060301142481507
Base_LR_SMOTE,Base,supervised,LR,SMOTE,96,31,0.1150326442326515,0.07798946793893319,0.037043176293718345,0.1930221121715847,0.875,0.125,FP,185,80,data/processed\X_train_base.csv,data/processed\y_train.csv,train_oof,0.12060301142481507
Base_LR_SMOTE,Base,supervised,LR,SMOTE,97,405,0.11377351691534288,0.12897269168167882,-0.015199174766335982,0.24274620859702178,0.475,0.525,FP,185,80,data/processed\X_train_base.csv,data/processed\y_train.csv,train_oof,0.12060301142481507
Base_LR_SMOTE,Base,supervised,LR,SMOTE,98,441,0.107048236675782,0.09083268139769682,0.016215555278085172,0.19788091807347882,0.5625,0.4375,FP,185,80,data/processed\X_train_base.csv,data/processed\y_train.csv,train_oof,0.12060301142481507
Base_LR_SMOTE,Base,supervised,LR,SMOTE,99,547,0.10685524178742838,0.057699468580080404,0.04915577320734799,0.16455471036750877,0.575,0.425,FP,185,80,data/processed\X_train_base.csv,data/processed\y_train.csv,train_oof,0.12060301142481507
Base_LR_SMOTE,Base,supervised,LR,SMOTE,100,497,0.10658733406468276,0.10762495034476953,-0.0010376162800867692,0.21421228440945234,0.5375,0.4625,FP,185,80,data/processed\X_train_base.csv,data/processed\y_train.csv,train_oof,0.12060301142481507
Base_LR_SMOTE,Base,supervised,LR,SMOTE,101,488,0.10531800509708944,0.07173572008671183,0.03358228501037754,0.1770537251838013,0.5625,0.4375,FP,185,80,data/processed\X_train_base.csv,data/processed\y_train.csv,train_oof,0.12060301142481507
Base_LR_SMOTE,Base,supervised,LR,SMOTE,102,125,0.10438634915208114,0.047035223244098714,0.05735112590798243,0.1514215723961798,0.7,0.3,FP,185,80,data/processed\X_train_base.csv,data/processed\y_train.csv,train_oof,0.12060301142481507
Base_LR_SMOTE,Base,supervised,LR,SMOTE,103,522,0.10357757505528395,0.09941776608055451,0.004159808974729386,0.2029953411358385,0.475,0.525,FP,185,80,data/processed\X_train_base.csv,data/processed\y_train.csv,train_oof,0.12060301142481507
Base_LR_SMOTE,Base,supervised,LR,SMOTE,104,20,0.10251485766561438,0.2196245443122627,-0.11710968664664825,0.3221394019778771,0.4125,0.5875,FP,185,80,data/processed\X_train_base.csv,data/processed\y_train.csv,train_oof,0.12060301142481507
Base_LR_SMOTE,Base,supervised,LR,SMOTE,105,473,0.0988036320847793,0.06675586420357368,0.0320477678812056,0.16555949628835295,0.4375,0.5625,FP,185,80,data/processed\X_train_base.csv,data/processed\y_train.csv,train_oof,0.12060301142481507
Base_LR_SMOTE,Base,supervised,LR,SMOTE,106,368,0.09861741069581272,0.2711677764187671,-0.1725503657229544,0.36978518711457975,0.4875,0.5125,FP,185,80,data/processed\X_train_base.csv,data/processed\y_train.csv,train_oof,0.12060301142481507
Base_LR_SMOTE,Base,supervised,LR,SMOTE,107,87,0.09861631820385877,0.2106507532050815,-0.11203443500122276,0.3092670714089402,0.7,0.3,FP,185,80,data/processed\X_train_base.csv,data/processed\y_train.csv,train_oof,0.12060301142481507
Base_LR_SMOTE,Base,supervised,LR,SMOTE,108,227,0.0968707451359155,0.09407001660339295,0.0028007285325225575,0.19094076173930846,0.2875,0.7125,FP,185,80,data/processed\X_train_base.csv,data/processed\y_train.csv,train_oof,0.12060301142481507
Base_LR_SMOTE,Base,supervised,LR,SMOTE,109,542,0.09567979557990496,0.061703704904591664,0.03397609067531328,0.1573835004844966,0.75,0.25,FP,185,80,data/processed\X_train_base.csv,data/processed\y_train.csv,train_oof,0.12060301142481507
Base_LR_SMOTE,Base,supervised,LR,SMOTE,110,324,0.0951365583624068,0.14296506736597187,-0.04782850900356511,0.23810162572837856,0.4875,0.5125,FP,185,80,data/processed\X_train_base.csv,data/processed\y_train.csv,train_oof,0.12060301142481507
Base_LR_SMOTE,Base,supervised,LR,SMOTE,111,75,0.09493267832712667,0.13369296827897342,-0.038760289951846695,0.22862564660610002,0.475,0.525,FP,185,80,data/processed\X_train_base.csv,data/processed\y_train.csv,train_oof,0.12060301142481507
Base_LR_SMOTE,Base,supervised,LR,SMOTE,112,337,0.09343768900443142,0.05058567394191019,0.04285201506252122,0.1440233629463416,0.4125,0.5875,FP,185,80,data/processed\X_train_base.csv,data/processed\y_train.csv,train_oof,0.12060301142481507
Base_LR_SMOTE,Base,supervised,LR,SMOTE,113,468,0.0893800788437757,0.12611096804187075,-0.03673088919809502,0.2154910468856464,0.2875,0.7125,FP,185,80,data/processed\X_train_base.csv,data/processed\y_train.csv,train_oof,0.12060301142481507
Base_LR_SMOTE,Base,supervised,LR,SMOTE,114,269,0.08787931497723975,0.1666006776743853,-0.07872136269714555,0.254479992651625,0.3125,0.6875,FP,185,80,data/processed\X_train_base.csv,data/processed\y_train.csv,train_oof,0.12060301142481507
Base_LR_SMOTE,Base,supervised,LR,SMOTE,115,181,0.08583307464551725,0.04806489721184877,0.037768177433668455,0.13389797185736602,0.625,0.375,FP,185,80,data/processed\X_train_base.csv,data/processed\y_train.csv,train_oof,0.12060301142481507
Base_LR_SMOTE,Base,supervised,LR,SMOTE,116,90,0.08501193784882413,0.08425117949518418,0.0007607583536399792,0.1692631173440083,0.4875,0.5125,FP,185,80,data/processed\X_train_base.csv,data/processed\y_train.csv,train_oof,0.12060301142481507
Base_LR_SMOTE,Base,supervised,LR,SMOTE,117,376,0.08478761734178032,0.050926271218303634,0.033861346123476646,0.13571388856008387,0.55,0.45,FP,185,80,data/processed\X_train_base.csv,data/processed\y_train.csv,train_oof,0.12060301142481507
Base_LR_SMOTE,Base,supervised,LR,SMOTE,118,425,0.08427072307822116,0.0331925208086135,0.051078202269607666,0.11746324388683463,0.4,0.6,FP,185,80,data/processed\X_train_base.csv,data/processed\y_train.csv,train_oof,0.12060301142481507
Base_LR_SMOTE,Base,supervised,LR,SMOTE,119,33,0.0836747161234033,0.009923839734353308,0.07375087638905001,0.0935985558577566,0.55,0.45,FP,185,80,data/processed\X_train_base.csv,data/processed\y_train.csv,train_oof,0.12060301142481507
Base_LR_SMOTE,Base,supervised,LR,SMOTE,120,0,0.08248532516240514,0.047206826992839165,0.03527849816956598,0.1296921521552443,0.575,0.425,FP,185,80,data/processed\X_train_base.csv,data/processed\y_train.csv,train_oof,0.12060301142481507
Base_LR_SMOTE,Base,supervised,LR,SMOTE,121,182,0.08141735590746112,0.07656141702002184,0.004855938887439245,0.1579787729274829,0.6375,0.3625,FP,185,80,data/processed\X_train_base.csv,data/processed\y_train.csv,train_oof,0.12060301142481507
Base_LR_SMOTE,Base,supervised,LR,SMOTE,122,68,0.0808304862890417,0.06206190975649091,0.01876857653255081,0.14289239604553255,0.525,0.475,FP,185,80,data/processed\X_train_base.csv,data/processed\y_train.csv,train_oof,0.12060301142481507
Base_LR_SMOTE,Base,supervised,LR,SMOTE,123,200,0.08080135288700488,0.03210634626343019,0.0486950066235747,0.11290769915043505,0.525,0.475,FP,185,80,data/processed\X_train_base.csv,data/processed\y_train.csv,train_oof,0.12060301142481507
Base_LR_SMOTE,Base,supervised,LR,SMOTE,124,84,0.08063151549918379,0.06055073362150302,0.020080781877680767,0.14118224912068683,0.525,0.475,FP,185,80,data/processed\X_train_base.csv,data/processed\y_train.csv,train_oof,0.12060301142481507
Base_LR_SMOTE,Base,supervised,LR,SMOTE,125,437,0.07999864802580428,0.1006288671183333,-0.020630219092529038,0.18062751514413747,0.4125,0.5875,FP,185,80,data/processed\X_train_base.csv,data/processed\y_train.csv,train_oof,0.12060301142481507
Base_LR_SMOTE,Base,supervised,LR,SMOTE,126,124,0.07997025134956144,0.16074761100780668,-0.08077735965824515,0.24071786235736803,0.4375,0.5625,FP,185,80,data/processed\X_train_base.csv,data/processed\y_train.csv,train_oof,0.12060301142481507
Base_LR_SMOTE,Base,supervised,LR,SMOTE,127,88,0.07950399796314607,0.12651651139031872,-0.047012513427172616,0.20602050935346475,0.45,0.55,FP,185,80,data/processed\X_train_base.csv,data/processed\y_train.csv,train_oof,0.12060301142481507
Base_LR_SMOTE,Base,supervised,LR,SMOTE,128,58,0.07913280950000458,0.10473753800054877,-0.02560472850054419,0.18387034750055326,0.425,0.575,FP,185,80,data/processed\X_train_base.csv,data/processed\y_train.csv,train_oof,0.12060301142481507
Base_LR_SMOTE,Base,supervised,LR,SMOTE,129,577,0.07849502472092104,0.09066475416527527,-0.012169729444354217,0.16915977888619632,0.7625,0.2375,FP,185,80,data/processed\X_train_base.csv,data/processed\y_train.csv,train_oof,0.12060301142481507
Base_LR_SMOTE,Base,supervised,LR,SMOTE,130,548,0.0784721899859521,0.08234365979408956,-0.0038714698081374634,0.16081584978004165,0.6,0.4,FP,185,80,data/processed\X_train_base.csv,data/processed\y_train.csv,train_oof,0.12060301142481507
Base_LR_SMOTE,Base,supervised,LR,SMOTE,131,248,0.07842779121330799,0.09258917425583776,-0.014161383042529766,0.17101696546914577,0.5625,0.4375,FP,185,80,data/processed\X_train_base.csv,data/processed\y_train.csv,train_oof,0.12060301142481507
Base_LR_SMOTE,Base,supervised,LR,SMOTE,132,349,0.0776725441938411,0.09220765962728143,-0.01453511543344033,0.16988020382112254,0.4,0.6,FP,185,80,data/processed\X_train_base.csv,data/processed\y_train.csv,train_oof,0.12060301142481507
Base_LR_SMOTE,Base,supervised,LR,SMOTE,133,78,0.0774956328212261,0.04207044779724887,0.03542518502397722,0.11956608061847496,0.675,0.325,FP,185,80,data/processed\X_train_base.csv,data/processed\y_train.csv,train_oof,0.12060301142481507
Base_LR_SMOTE,Base,supervised,LR,SMOTE,134,553,0.07673344529181972,0.05705060274225095,0.019682842549568775,0.13378404803407068,0.5625,0.4375,FP,185,80,data/processed\X_train_base.csv,data/processed\y_train.csv,train_oof,0.12060301142481507
Base_LR_SMOTE,Base,supervised,LR,SMOTE,135,406,0.07510331777890863,0.10912042232964965,-0.034017104550741015,0.18422374010855824,0.5125,0.4875,FP,185,80,data/processed\X_train_base.csv,data/processed\y_train.csv,train_oof,0.12060301142481507
Base_LR_SMOTE,Base,supervised,LR,SMOTE,136,101,0.07458831795089207,0.04534409735700739,0.02924422059388469,0.11993241530789948,0.6875,0.3125,FP,185,80,data/processed\X_train_base.csv,data/processed\y_train.csv,train_oof,0.12060301142481507
Base_LR_SMOTE,Base,supervised,LR,SMOTE,137,353,0.07284839506873889,0.050444946473300736,0.022403448595438157,0.12329334154203964,0.5,0.5,FP,185,80,data/processed\X_train_base.csv,data/processed\y_train.csv,train_oof,0.12060301142481507
Base_LR_SMOTE,Base,supervised,LR,SMOTE,138,212,0.07245036345023795,0.0677063809656697,0.004743982484568261,0.1401567444159076,0.65,0.35,FP,185,80,data/processed\X_train_base.csv,data/processed\y_train.csv,train_oof,0.12060301142481507
Base_LR_SMOTE,Base,supervised,LR,SMOTE,139,499,0.07228195137444261,0.05190310541962852,0.020378845954814158,0.1241850567940711,0.6625,0.3375,FP,185,80,data/processed\X_train_base.csv,data/processed\y_train.csv,train_oof,0.12060301142481507
Base_LR_SMOTE,Base,supervised,LR,SMOTE,140,316,0.07200083009617822,0.0958438664012379,-0.02384303630505967,0.16784469649741604,0.5125,0.4875,FP,185,80,data/processed\X_train_base.csv,data/processed\y_train.csv,train_oof,0.12060301142481507
Base_LR_SMOTE,Base,supervised,LR,SMOTE,141,116,0.07133928162603347,0.032387237345440426,0.03895204428059307,0.10372651897147389,0.125,0.875,FP,185,80,data/processed\X_train_base.csv,data/processed\y_train.csv,train_oof,0.12060301142481507
Base_LR_SMOTE,Base,supervised,LR,SMOTE,142,131,0.07042555984814058,0.13689444679810703,-0.06646888694996647,0.20732000664624767,0.35,0.65,FP,185,80,data/processed\X_train_base.csv,data/processed\y_train.csv,train_oof,0.12060301142481507
Base_LR_SMOTE,Base,supervised,LR,SMOTE,143,184,0.06903312110471906,0.03311728245715824,0.035915838647560816,0.10215040356187728,0.6875,0.3125,FP,185,80,data/processed\X_train_base.csv,data/processed\y_train.csv,train_oof,0.12060301142481507
Base_LR_SMOTE,Base,supervised,LR,SMOTE,144,480,0.06831435320500807,0.1174580562474182,-0.04914370304241013,0.1857724094524263,0.5,0.5,FP,185,80,data/processed\X_train_base.csv,data/processed\y_train.csv,train_oof,0.12060301142481507
Base_LR_SMOTE,Base,supervised,LR,SMOTE,145,24,0.0672534282806875,0.044664922824929135,0.022588505455758363,0.11191835110561661,0.5375,0.4625,FP,185,80,data/processed\X_train_base.csv,data/processed\y_train.csv,train_oof,0.12060301142481507
Base_LR_SMOTE,Base,supervised,LR,SMOTE,146,484,0.06684632194984644,0.049287625629484806,0.01755869632036165,0.11613394757933126,0.7,0.3,FP,185,80,data/processed\X_train_base.csv,data/processed\y_train.csv,train_oof,0.12060301142481507
Base_LR_SMOTE,Base,supervised,LR,SMOTE,147,438,0.06632686616147701,0.06831867695911278,-0.0019918107976357896,0.13464554312058968,0.6,0.4,FP,185,80,data/processed\X_train_base.csv,data/processed\y_train.csv,train_oof,0.12060301142481507
Base_LR_SMOTE,Base,supervised,LR,SMOTE,148,55,0.06582204818731457,0.061761596573568514,0.0040604516137460545,0.12758364476088307,0.475,0.525,FP,185,80,data/processed\X_train_base.csv,data/processed\y_train.csv,train_oof,0.12060301142481507
Base_LR_SMOTE,Base,supervised,LR,SMOTE,149,489,0.06451076998238778,0.0814006446803809,-0.016889874697993162,0.14591141466276858,0.4375,0.5625,FP,185,80,data/processed\X_train_base.csv,data/processed\y_train.csv,train_oof,0.12060301142481507
Base_LR_SMOTE,Base,supervised,LR,SMOTE,150,254,0.06422288408594293,0.14426119433740478,-0.08003831025146188,0.20848407842334776,0.425,0.575,FP,185,80,data/processed\X_train_base.csv,data/processed\y_train.csv,train_oof,0.12060301142481507
Base_LR_SMOTE,Base,supervised,LR,SMOTE,151,77,0.06415098651308895,0.08835904415344417,-0.02420805764035521,0.15251003066653307,0.45,0.55,FP,185,80,data/processed\X_train_base.csv,data/processed\y_train.csv,train_oof,0.12060301142481507
Base_LR_SMOTE,Base,supervised,LR,SMOTE,152,165,0.06259542268002695,0.17750376945724278,-0.11490834677721577,0.24009919213726977,0.7375,0.2625,FP,185,80,data/processed\X_train_base.csv,data/processed\y_train.csv,train_oof,0.12060301142481507
Base_LR_SMOTE,Base,supervised,LR,SMOTE,153,585,0.06050423962715277,0.013370186206626531,0.04713405342052624,0.07387442583377929,0.3875,0.6125,FP,185,80,data/processed\X_train_base.csv,data/processed\y_train.csv,train_oof,0.12060301142481507
Base_LR_SMOTE,Base,supervised,LR,SMOTE,154,344,0.059628943726850056,0.08297222326394177,-0.023343279537091692,0.1426011669907919,0.45,0.55,FP,185,80,data/processed\X_train_base.csv,data/processed\y_train.csv,train_oof,0.12060301142481507
Base_LR_SMOTE,Base,supervised,LR,SMOTE,155,423,0.05880875571085222,0.06102937445872245,-0.002220618747870196,0.11983813016957463,0.5125,0.4875,FP,185,80,data/processed\X_train_base.csv,data/processed\y_train.csv,train_oof,0.12060301142481507
Base_LR_SMOTE,Base,supervised,LR,SMOTE,156,126,0.058795895739029824,0.07723020244488209,-0.01843430670585229,0.13602609818391193,0.55,0.45,FP,185,80,data/processed\X_train_base.csv,data/processed\y_train.csv,train_oof,0.12060301142481507
Base_LR_SMOTE,Base,supervised,LR,SMOTE,157,332,0.0586748614301227,0.5826498084028822,-0.5239749469727596,0.6413246698330046,0.5875,0.4125,FP,185,80,data/processed\X_train_base.csv,data/processed\y_train.csv,train_oof,0.12060301142481507
Base_LR_SMOTE,Base,supervised,LR,SMOTE,158,483,0.05809983903208883,0.025999505185845102,0.03210033384624372,0.08409934421793396,0.7625,0.2375,FP,185,80,data/processed\X_train_base.csv,data/processed\y_train.csv,train_oof,0.12060301142481507
Base_LR_SMOTE,Base,supervised,LR,SMOTE,159,367,0.0576210800515917,0.07757363667634651,-0.01995255662475478,0.1351947167279382,0.6125,0.3875,FP,185,80,data/processed\X_train_base.csv,data/processed\y_train.csv,train_oof,0.12060301142481507
Base_LR_SMOTE,Base,supervised,LR,SMOTE,160,81,0.05615779732305674,0.06239586410728483,-0.006238066784228065,0.11855366143034152,0.5375,0.4625,FP,185,80,data/processed\X_train_base.csv,data/processed\y_train.csv,train_oof,0.12060301142481507
Base_LR_SMOTE,Base,supervised,LR,SMOTE,161,323,0.05564047253289659,0.04755161710913044,0.008088855423766169,0.10319208964202704,0.5375,0.4625,FP,185,80,data/processed\X_train_base.csv,data/processed\y_train.csv,train_oof,0.12060301142481507
Base_LR_SMOTE,Base,supervised,LR,SMOTE,162,2,0.0553013520404261,0.11876794315631571,-0.06346659111588959,0.17406929519674189,0.425,0.575,FP,185,80,data/processed\X_train_base.csv,data/processed\y_train.csv,train_oof,0.12060301142481507
Base_LR_SMOTE,Base,supervised,LR,SMOTE,163,352,0.05515451193807595,0.07034187581843206,-0.015187363880356113,0.12549638775650807,0.4875,0.5125,FP,185,80,data/processed\X_train_base.csv,data/processed\y_train.csv,train_oof,0.12060301142481507
Base_LR_SMOTE,Base,supervised,LR,SMOTE,164,551,0.05492233822584307,0.03471876175632219,0.020203576469520867,0.08964109998216524,0.5,0.5,FP,185,80,data/processed\X_train_base.csv,data/processed\y_train.csv,train_oof,0.12060301142481507
Base_LR_SMOTE,Base,supervised,LR,SMOTE,165,92,0.05420531160621066,0.07068797992632325,-0.016482668320112588,0.12489329153253385,0.475,0.525,FP,185,80,data/processed\X_train_base.csv,data/processed\y_train.csv,train_oof,0.12060301142481507
Base_LR_SMOTE,Base,supervised,LR,SMOTE,166,NA_72,0.054165032986083717,0.06609326847851452,-0.011928235492430852,0.12025830146459808,0.3375,0.6625,FP,185,80,data/processed\X_train_base.csv,data/processed\y_train.csv,train_oof,0.12060301142481507
Base_LR_SMOTE,Base,supervised,LR,SMOTE,167,223,0.05255912790461179,0.08883057622561494,-0.03627144832100316,0.14138970413022675,0.5875,0.4125,FP,185,80,data/processed\X_train_base.csv,data/processed\y_train.csv,train_oof,0.12060301142481507
Base_LR_SMOTE,Base,supervised,LR,SMOTE,168,500,0.05166717334777153,0.10032129451192409,-0.048654121164152554,0.15198846785969558,0.3125,0.6875,FP,185,80,data/processed\X_train_base.csv,data/processed\y_train.csv,train_oof,0.12060301142481507
Base_LR_SMOTE,Base,supervised,LR,SMOTE,169,424,0.04982710374823362,0.018119006019540456,0.031708097728693166,0.06794610976777406,0.6875,0.3125,FP,185,80,data/processed\X_train_base.csv,data/processed\y_train.csv,train_oof,0.12060301142481507
Base_LR_SMOTE,Base,supervised,LR,SMOTE,170,510,0.0486224695162658,0.038313086901958525,0.010309382614307269,0.08693555641822434,0.3875,0.6125,FP,185,80,data/processed\X_train_base.csv,data/processed\y_train.csv,train_oof,0.12060301142481507
Base_LR_SMOTE,Base,supervised,LR,SMOTE,171,107,0.047998932001401734,0.05622518156881662,-0.008226249567414882,0.1042241135702184,0.55,0.45,FP,185,80,data/processed\X_train_base.csv,data/processed\y_train.csv,train_oof,0.12060301142481507
Base_LR_SMOTE,Base,supervised,LR,SMOTE,172,552,0.04797554072200738,0.0818262696830788,-0.033850728961071386,0.12980181040508615,0.6375,0.3625,FP,185,80,data/processed\X_train_base.csv,data/processed\y_train.csv,train_oof,0.12060301142481507
Base_LR_SMOTE,Base,supervised,LR,SMOTE,173,476,0.04793210979208475,0.1338837861712892,-0.0859516763792044,0.1818158959633739,0.5375,0.4625,FP,185,80,data/processed\X_train_base.csv,data/processed\y_train.csv,train_oof,0.12060301142481507
Base_LR_SMOTE,Base,supervised,LR,SMOTE,174,277,0.04416408879425401,0.04580112398848758,-0.0016370351942335693,0.08996521278274161,0.7125,0.2875,FP,185,80,data/processed\X_train_base.csv,data/processed\y_train.csv,train_oof,0.12060301142481507
Base_LR_SMOTE,Base,supervised,LR,SMOTE,175,6,0.04414177543869454,0.07660649425431079,-0.032464718815616266,0.12074826969300534,0.4375,0.5625,FP,185,80,data/processed\X_train_base.csv,data/processed\y_train.csv,train_oof,0.12060301142481507
Base_LR_SMOTE,Base,supervised,LR,SMOTE,176,139,0.04411796099637093,0.06057954772044764,-0.016461586724076743,0.1046975087168186,0.325,0.675,FP,185,80,data/processed\X_train_base.csv,data/processed\y_train.csv,train_oof,0.12060301142481507
Base_LR_SMOTE,Base,supervised,LR,SMOTE,177,NA_85,0.044035402078606775,0.023927912544996342,0.02010748953361035,0.06796331462360304,0.9125,0.0875,FP,185,80,data/processed\X_train_base.csv,data/processed\y_train.csv,train_oof,0.12060301142481507
Base_LR_SMOTE,Base,supervised,LR,SMOTE,178,71,0.04387107628645033,0.0630384430831755,-0.019167366796725125,0.10690951936962587,0.3625,0.6375,FP,185,80,data/processed\X_train_base.csv,data/processed\y_train.csv,train_oof,0.12060301142481507
Base_LR_SMOTE,Base,supervised,LR,SMOTE,179,354,0.04355598282059412,0.056031304196781394,-0.012475321376187263,0.09958728701737554,0.5375,0.4625,FP,185,80,data/processed\X_train_base.csv,data/processed\y_train.csv,train_oof,0.12060301142481507
Base_LR_SMOTE,Base,supervised,LR,SMOTE,180,588,0.043378207943214245,0.038382994107406775,0.004995213835807469,0.081761202050621,0.325,0.675,FP,185,80,data/processed\X_train_base.csv,data/processed\y_train.csv,train_oof,0.12060301142481507
Base_LR_SMOTE,Base,supervised,LR,SMOTE,181,3,0.043365445038525956,0.06765662545164526,-0.0242911804131193,0.11102207049017121,0.4625,0.5375,FP,185,80,data/processed\X_train_base.csv,data/processed\y_train.csv,train_oof,0.12060301142481507
Base_LR_SMOTE,Base,supervised,LR,SMOTE,182,86,0.042908257270435415,0.04420654932298647,-0.0012982920525510594,0.08711480659342191,0.5625,0.4375,FP,185,80,data/processed\X_train_base.csv,data/processed\y_train.csv,train_oof,0.12060301142481507
Base_LR_SMOTE,Base,supervised,LR,SMOTE,183,338,0.042141590943713794,0.20857683907382202,-0.1664352481301083,0.2507184300175359,0.5625,0.4375,FP,185,80,data/processed\X_train_base.csv,data/processed\y_train.csv,train_oof,0.12060301142481507
Base_LR_SMOTE,Base,supervised,LR,SMOTE,184,128,0.0411413109857431,0.0971306868958936,-0.05598937591015046,0.13827199788163663,0.425,0.575,FP,185,80,data/processed\X_train_base.csv,data/processed\y_train.csv,train_oof,0.12060301142481507
Base_LR_SMOTE,Base,supervised,LR,SMOTE,185,310,0.04052521919381092,0.03194827027537432,0.008576948918436588,0.0724734894691852,0.5625,0.4375,FP,185,80,data/processed\X_train_base.csv,data/processed\y_train.csv,train_oof,0.12060301142481507
Base_LR_SMOTE,Base,supervised,LR,SMOTE,186,377,0.03971997949257238,0.025285400478980914,0.0144345790135915,0.06500537997155328,0.6625,0.3375,FP,185,80,data/processed\X_train_base.csv,data/processed\y_train.csv,train_oof,0.12060301142481507
Base_LR_SMOTE,Base,supervised,LR,SMOTE,187,546,0.03911133763141007,0.036371046801043264,0.0027402908303668055,0.07548238443245336,0.425,0.575,FP,185,80,data/processed\X_train_base.csv,data/processed\y_train.csv,train_oof,0.12060301142481507
Base_LR_SMOTE,Base,supervised,LR,SMOTE,188,571,0.03875143389900727,0.0369209164920248,0.0018305174069824554,0.07567235039103204,0.45,0.55,FP,185,80,data/processed\X_train_base.csv,data/processed\y_train.csv,train_oof,0.12060301142481507
Base_LR_SMOTE,Base,supervised,LR,SMOTE,189,89,0.03849370345697396,0.01946825696759544,0.01902544648937852,0.05796196042456938,0.625,0.375,FP,185,80,data/processed\X_train_base.csv,data/processed\y_train.csv,train_oof,0.12060301142481507
Base_LR_SMOTE,Base,supervised,LR,SMOTE,190,37,0.0369696482075837,0.03300337197058241,0.003966276237001307,0.06997302017816613,0.6125,0.3875,FP,185,80,data/processed\X_train_base.csv,data/processed\y_train.csv,train_oof,0.12060301142481507
Base_LR_SMOTE,Base,supervised,LR,SMOTE,191,120,0.036572053113335765,0.05735768857160215,-0.020785635458266376,0.09392974168493791,0.5125,0.4875,FP,185,80,data/processed\X_train_base.csv,data/processed\y_train.csv,train_oof,0.12060301142481507
Base_LR_SMOTE,Base,supervised,LR,SMOTE,192,525,0.03646796318725325,0.07483067596765847,-0.03836271278040525,0.11129863915491175,0.575,0.425,FP,185,80,data/processed\X_train_base.csv,data/processed\y_train.csv,train_oof,0.12060301142481507
Base_LR_SMOTE,Base,supervised,LR,SMOTE,193,134,0.03640503748045072,0.016208358754542053,0.020196678725908673,0.05261339623499278,0.6625,0.3375,FP,185,80,data/processed\X_train_base.csv,data/processed\y_train.csv,train_oof,0.12060301142481507
Base_LR_SMOTE,Base,supervised,LR,SMOTE,194,418,0.03634719149394243,0.04270611160096384,-0.006358920107021415,0.0790533030949063,0.5125,0.4875,FP,185,80,data/processed\X_train_base.csv,data/processed\y_train.csv,train_oof,0.12060301142481507
Base_LR_SMOTE,Base,supervised,LR,SMOTE,195,95,0.03531755980061275,0.12361145930214465,-0.08829389950153195,0.15892901910275734,0.35,0.65,FP,185,80,data/processed\X_train_base.csv,data/processed\y_train.csv,train_oof,0.12060301142481507
Base_LR_SMOTE,Base,supervised,LR,SMOTE,196,302,0.03455410093800743,0.03342371832394368,0.0011303826140637413,0.06797781926195114,0.4875,0.5125,FP,185,80,data/processed\X_train_base.csv,data/processed\y_train.csv,train_oof,0.12060301142481507
Base_LR_SMOTE,Base,supervised,LR,SMOTE,197,482,0.03394666694757619,0.03087233244858706,0.00307433449898912,0.06481899939616328,0.4625,0.5375,FP,185,80,data/processed\X_train_base.csv,data/processed\y_train.csv,train_oof,0.12060301142481507
Base_LR_SMOTE,Base,supervised,LR,SMOTE,198,434,0.0332839563187038,0.08222119617291915,-0.048937239854215366,0.11550515249162294,0.925,0.075,FP,185,80,data/processed\X_train_base.csv,data/processed\y_train.csv,train_oof,0.12060301142481507
Base_LR_SMOTE,Base,supervised,LR,SMOTE,199,589,0.032177222928835805,0.02077789768718254,0.011399325241653274,0.05295512061601835,0.725,0.275,FP,185,80,data/processed\X_train_base.csv,data/processed\y_train.csv,train_oof,0.12060301142481507
Base_LR_SMOTE,Base,supervised,LR,SMOTE,200,83,0.029217382714197427,0.024150299886931074,0.005067082827266348,0.05336768260112849,0.5,0.5,FP,185,80,data/processed\X_train_base.csv,data/processed\y_train.csv,train_oof,0.12060301142481507
Base_LR_SMOTE,Base,supervised,LR,SMOTE,201,113,0.028862631029114887,0.026370719822377393,0.0024919112067374937,0.0552333508514923,0.55,0.45,FP,185,80,data/processed\X_train_base.csv,data/processed\y_train.csv,train_oof,0.12060301142481507
Base_LR_SMOTE,Base,supervised,LR,SMOTE,202,15,0.028545961278297078,0.08321239206395545,-0.054666430785658374,0.11175835334225252,0.3875,0.6125,FP,185,80,data/processed\X_train_base.csv,data/processed\y_train.csv,train_oof,0.12060301142481507
Base_LR_SMOTE,Base,supervised,LR,SMOTE,203,91,0.0284188649139837,0.020295000880424744,0.008123864033558952,0.04871386579440844,0.525,0.475,FP,185,80,data/processed\X_train_base.csv,data/processed\y_train.csv,train_oof,0.12060301142481507
Base_LR_SMOTE,Base,supervised,LR,SMOTE,204,18,0.027269446632279322,0.05649572474330487,-0.02922627811102556,0.08376517137558417,0.525,0.475,FP,185,80,data/processed\X_train_base.csv,data/processed\y_train.csv,train_oof,0.12060301142481507
Base_LR_SMOTE,Base,supervised,LR,SMOTE,205,39,0.027258219046162647,0.049983593423044974,-0.02272537437688234,0.07724181246920761,0.5375,0.4625,FP,185,80,data/processed\X_train_base.csv,data/processed\y_train.csv,train_oof,0.12060301142481507
Base_LR_SMOTE,Base,supervised,LR,SMOTE,206,298,0.026418352057746085,0.07174427983270333,-0.04532592777495726,0.09816263189044942,0.6125,0.3875,FP,185,80,data/processed\X_train_base.csv,data/processed\y_train.csv,train_oof,0.12060301142481507
Base_LR_SMOTE,Base,supervised,LR,SMOTE,207,442,0.025757278585557902,0.027507589406844717,-0.001750310821286819,0.05326486799240261,0.3875,0.6125,FP,185,80,data/processed\X_train_base.csv,data/processed\y_train.csv,train_oof,0.12060301142481507
Base_LR_SMOTE,Base,supervised,LR,SMOTE,208,11,0.023870361215633195,0.04461402559445805,-0.020743664378824855,0.06848438681009125,0.4375,0.5625,FP,185,80,data/processed\X_train_base.csv,data/processed\y_train.csv,train_oof,0.12060301142481507
Base_LR_SMOTE,Base,supervised,LR,SMOTE,209,47,0.02369222084678147,0.022516567165821157,0.0011756536809603268,0.046208788012602614,0.5875,0.4125,FP,185,80,data/processed\X_train_base.csv,data/processed\y_train.csv,train_oof,0.12060301142481507
Base_LR_SMOTE,Base,supervised,LR,SMOTE,210,288,0.022738699390020177,0.050211374476525475,-0.027472675086505315,0.07295007386654567,0.3875,0.6125,FP,185,80,data/processed\X_train_base.csv,data/processed\y_train.csv,train_oof,0.12060301142481507
Base_LR_SMOTE,Base,supervised,LR,SMOTE,211,100,0.018975691661717288,0.00682086429133868,0.012154827370378618,0.02579655595305596,0.65,0.35,FP,185,80,data/processed\X_train_base.csv,data/processed\y_train.csv,train_oof,0.12060301142481507
Base_LR_SMOTE,Base,supervised,LR,SMOTE,212,334,0.018948568280785068,0.08727300194836372,-0.06832443366757862,0.10622157022914883,0.6,0.4,FP,185,80,data/processed\X_train_base.csv,data/processed\y_train.csv,train_oof,0.12060301142481507
Base_LR_SMOTE,Base,supervised,LR,SMOTE,213,496,0.018074322375563046,0.04810732899725569,-0.030033006621692632,0.06618165137281874,0.6375,0.3625,FP,185,80,data/processed\X_train_base.csv,data/processed\y_train.csv,train_oof,0.12060301142481507
Base_LR_SMOTE,Base,supervised,LR,SMOTE,214,98,0.01760562794736708,0.025509889158185816,-0.007904261210818737,0.04311551710555289,0.475,0.525,FP,185,80,data/processed\X_train_base.csv,data/processed\y_train.csv,train_oof,0.12060301142481507
Base_LR_SMOTE,Base,supervised,LR,SMOTE,215,162,0.017191624243215055,0.013732370237862574,0.0034592540053524795,0.030923994481077625,0.2875,0.7125,FP,185,80,data/processed\X_train_base.csv,data/processed\y_train.csv,train_oof,0.12060301142481507
Base_LR_SMOTE,Base,supervised,LR,SMOTE,216,79,0.01665064152632013,0.0075548856579884015,0.00909575586833173,0.024205527184308538,0.6,0.4,FP,185,80,data/processed\X_train_base.csv,data/processed\y_train.csv,train_oof,0.12060301142481507
Base_LR_SMOTE,Base,supervised,LR,SMOTE,217,82,0.015950593799360847,0.005428610722418292,0.010521983076942552,0.021379204521779143,0.625,0.375,FP,185,80,data/processed\X_train_base.csv,data/processed\y_train.csv,train_oof,0.12060301142481507
Base_LR_SMOTE,Base,supervised,LR,SMOTE,218,213,0.01526497773044647,0.00922737164478498,0.00603760608566148,0.024492349375231443,0.55,0.45,FP,185,80,data/processed\X_train_base.csv,data/processed\y_train.csv,train_oof,0.12060301142481507
Base_LR_SMOTE,Base,supervised,LR,SMOTE,219,432,0.014876353942923554,0.02431167707401139,-0.009435323131087832,0.039188031016934924,0.225,0.775,FP,185,80,data/processed\X_train_base.csv,data/processed\y_train.csv,train_oof,0.12060301142481507
Base_LR_SMOTE,Base,supervised,LR,SMOTE,220,339,0.014048336560142963,0.06701455953262063,-0.05296622297247765,0.08106289609276361,0.35,0.65,FP,185,80,data/processed\X_train_base.csv,data/processed\y_train.csv,train_oof,0.12060301142481507
Base_LR_SMOTE,Base,supervised,LR,SMOTE,221,9,0.013675377723458924,0.011133283560985856,0.002542094162473067,0.024808661284444783,0.575,0.425,FP,185,80,data/processed\X_train_base.csv,data/processed\y_train.csv,train_oof,0.12060301142481507
Base_LR_SMOTE,Base,supervised,LR,SMOTE,222,523,0.013517040084563291,0.23194211803213743,-0.2184250779475742,0.24545915811670066,0.8625,0.1375,FP,185,80,data/processed\X_train_base.csv,data/processed\y_train.csv,train_oof,0.12060301142481507
Base_LR_SMOTE,Base,supervised,LR,SMOTE,223,408,0.012857034996283332,0.024042841430330197,-0.011185806434046871,0.03689987642661354,0.525,0.475,FP,185,80,data/processed\X_train_base.csv,data/processed\y_train.csv,train_oof,0.12060301142481507
Base_LR_SMOTE,Base,supervised,LR,SMOTE,224,570,0.012517304900230489,0.012021491719173773,0.0004958131810567136,0.024538796619404273,0.125,0.875,FP,185,80,data/processed\X_train_base.csv,data/processed\y_train.csv,train_oof,0.12060301142481507
Base_LR_SMOTE,Base,supervised,LR,SMOTE,225,567,0.011088721793884017,0.010627609410174824,0.00046111238370918873,0.02171633120405884,0.4125,0.5875,FP,185,80,data/processed\X_train_base.csv,data/processed\y_train.csv,train_oof,0.12060301142481507
Base_LR_SMOTE,Base,supervised,LR,SMOTE,226,NA_112,0.010586082473123204,0.01681318981025449,-0.006227107337131286,0.027399272283377678,0.325,0.675,FP,185,80,data/processed\X_train_base.csv,data/processed\y_train.csv,train_oof,0.12060301142481507
Base_LR_SMOTE,Base,supervised,LR,SMOTE,227,185,0.010437956766726,0.016418954270772675,-0.0059809975040466725,0.026856911037498675,0.3875,0.6125,FP,185,80,data/processed\X_train_base.csv,data/processed\y_train.csv,train_oof,0.12060301142481507
Base_LR_SMOTE,Base,supervised,LR,SMOTE,228,154,0.010413340830615857,0.010660339230827064,-0.00024699840021120826,0.021073680061442928,0.45,0.55,FP,185,80,data/processed\X_train_base.csv,data/processed\y_train.csv,train_oof,0.12060301142481507
Base_LR_SMOTE,Base,supervised,LR,SMOTE,229,NA_157,0.010143464926281636,0.013617254284597249,-0.003473789358315631,0.02376071921087885,0.9125,0.0875,FP,185,80,data/processed\X_train_base.csv,data/processed\y_train.csv,train_oof,0.12060301142481507
Base_LR_SMOTE,Base,supervised,LR,SMOTE,230,412,0.008905113132603898,0.012397770881800428,-0.0034926577491965344,0.021302884014404326,0.3,0.7,FP,185,80,data/processed\X_train_base.csv,data/processed\y_train.csv,train_oof,0.12060301142481507
Base_LR_SMOTE,Base,supervised,LR,SMOTE,231,35,0.008861405366661242,0.04148561229100286,-0.032624206924341606,0.050347017657664084,0.6,0.4,FP,185,80,data/processed\X_train_base.csv,data/processed\y_train.csv,train_oof,0.12060301142481507
Base_LR_SMOTE,Base,supervised,LR,SMOTE,232,271,0.008503706590487384,0.019263253769977565,-0.010759547179490183,0.027766960360464943,0.4,0.6,FP,185,80,data/processed\X_train_base.csv,data/processed\y_train.csv,train_oof,0.12060301142481507
Base_LR_SMOTE,Base,supervised,LR,SMOTE,233,106,0.008422616343947285,0.015575410758177328,-0.007152794414230043,0.023998027102124612,0.3,0.7,FP,185,80,data/processed\X_train_base.csv,data/processed\y_train.csv,train_oof,0.12060301142481507
Base_LR_SMOTE,Base,supervised,LR,SMOTE,234,285,0.007890898144708907,0.008441006313046872,-0.0005501081683379686,0.01633190445775578,0.5875,0.4125,FP,185,80,data/processed\X_train_base.csv,data/processed\y_train.csv,train_oof,0.12060301142481507
Base_LR_SMOTE,Base,supervised,LR,SMOTE,235,1,0.0075751376577886265,0.010133225577878293,-0.002558087920089671,0.017708363235666925,0.3875,0.6125,FP,185,80,data/processed\X_train_base.csv,data/processed\y_train.csv,train_oof,0.12060301142481507
Base_LR_SMOTE,Base,supervised,LR,SMOTE,236,123,0.005287735207811216,0.015368606608993321,-0.01008087140118211,0.020656341816804542,0.375,0.625,FP,185,80,data/processed\X_train_base.csv,data/processed\y_train.csv,train_oof,0.12060301142481507
Base_LR_SMOTE,Base,supervised,LR,SMOTE,237,10,0.005078110406298046,0.009009043610423834,-0.003930933204125792,0.014087154016721875,0.4375,0.5625,FP,185,80,data/processed\X_train_base.csv,data/processed\y_train.csv,train_oof,0.12060301142481507
Base_LR_SMOTE,Base,supervised,LR,SMOTE,238,23,0.004468900984065821,0.004215051342902784,0.0002538496411630353,0.008683952326968607,0.5125,0.4875,FP,185,80,data/processed\X_train_base.csv,data/processed\y_train.csv,train_oof,0.12060301142481507
Base_LR_SMOTE,Base,supervised,LR,SMOTE,239,7,0.00428903064917127,0.0080700794198709,-0.003781048770699632,0.012359110069042166,0.5375,0.4625,FP,185,80,data/processed\X_train_base.csv,data/processed\y_train.csv,train_oof,0.12060301142481507
Base_LR_SMOTE,Base,supervised,LR,SMOTE,240,76,0.0042156502067561795,0.004507371293656598,-0.0002917210869004204,0.00872302150041278,0.5,0.5,FP,185,80,data/processed\X_train_base.csv,data/processed\y_train.csv,train_oof,0.12060301142481507
Base_LR_SMOTE,Base,supervised,LR,SMOTE,241,574,0.003673429488214956,0.006034275221260861,-0.002360845733045904,0.009707704709475818,0.95,0.05,FP,185,80,data/processed\X_train_base.csv,data/processed\y_train.csv,train_oof,0.12060301142481507
Base_LR_SMOTE,Base,supervised,LR,SMOTE,242,362,0.0028294846376600616,0.008978631441555722,-0.006149146803895661,0.01180811607921578,0.6125,0.3875,FP,185,80,data/processed\X_train_base.csv,data/processed\y_train.csv,train_oof,0.12060301142481507
Base_LR_SMOTE,Base,supervised,LR,SMOTE,243,8,0.00244709775689884,0.0020607185054018376,0.0003863792514970034,0.004507816262300677,0.5375,0.4625,FP,185,80,data/processed\X_train_base.csv,data/processed\y_train.csv,train_oof,0.12060301142481507
Base_LR_SMOTE,Base,supervised,LR,SMOTE,244,28,0.00234684569940829,0.0014938255292395338,0.0008530201701687567,0.003840671228647824,0.5875,0.4125,FP,185,80,data/processed\X_train_base.csv,data/processed\y_train.csv,train_oof,0.12060301142481507
Base_LR_SMOTE,Base,supervised,LR,SMOTE,245,357,0.0023376457512794104,0.0016553251995587645,0.000682320551720646,0.003992970950838173,0.5,0.5,FP,185,80,data/processed\X_train_base.csv,data/processed\y_train.csv,train_oof,0.12060301142481507
Base_LR_SMOTE,Base,supervised,LR,SMOTE,246,433,0.002291215185860643,0.0034979057761427386,-0.0012066905902820958,0.0057891209620033815,0.45,0.55,FP,185,80,data/processed\X_train_base.csv,data/processed\y_train.csv,train_oof,0.12060301142481507
Base_LR_SMOTE,Base,supervised,LR,SMOTE,247,17,0.0016209641973876517,0.002344612929901891,-0.000723648732514238,0.003965577127289543,0.5125,0.4875,FP,185,80,data/processed\X_train_base.csv,data/processed\y_train.csv,train_oof,0.12060301142481507
Base_LR_SMOTE,Base,supervised,LR,SMOTE,248,555,0.0013894004566361302,0.0024109490660087435,-0.001021548609372613,0.0038003495226448733,0.4625,0.5375,FP,185,80,data/processed\X_train_base.csv,data/processed\y_train.csv,train_oof,0.12060301142481507
Base_LR_SMOTE,Base,supervised,LR,SMOTE,249,34,0.0010820183348886465,0.0003356318754991391,0.0007463864593895075,0.0014176502103877854,0.4,0.6,FP,185,80,data/processed\X_train_base.csv,data/processed\y_train.csv,train_oof,0.12060301142481507
Base_LR_SMOTE,Base,supervised,LR,SMOTE,250,252,0.000771364457854184,0.0007014716246499812,6.9892833204203e-05,0.0014728360825041653,0.4,0.6,FP,185,80,data/processed\X_train_base.csv,data/processed\y_train.csv,train_oof,0.12060301142481507
Base_LR_SMOTE,Base,supervised,LR,SMOTE,251,44,0.0006177895043153232,0.0005794260953116364,3.836340900368705e-05,0.0011972155996269596,0.575,0.425,FP,185,80,data/processed\X_train_base.csv,data/processed\y_train.csv,train_oof,0.12060301142481507
Base_LR_SMOTE,Base,supervised,LR,SMOTE,252,67,0.0001924194825539054,0.5765758462094736,-0.5763834267269197,0.5767682656920275,0.4375,0.5625,FP,185,80,data/processed\X_train_base.csv,data/processed\y_train.csv,train_oof,0.12060301142481507
Base_LR_SMOTE,Base,supervised,LR,SMOTE,253,118,8.191478089427512e-05,4.522104956333979e-05,3.669373133093536e-05,0.00012713583045761485,0.5375,0.4625,FP,185,80,data/processed\X_train_base.csv,data/processed\y_train.csv,train_oof,0.12060301142481507
Base_LR_SMOTE,Base,supervised,LR,SMOTE,254,275,7.769738883182963e-07,0.0013108639558088863,-0.0013100869819205679,0.0013116409296972048,0.525,0.475,FP,185,80,data/processed\X_train_base.csv,data/processed\y_train.csv,train_oof,0.12060301142481507
Base_LR_SMOTE,Base,supervised,LR,SMOTE,255,249,0.0,5.870424239167082e-18,-5.870424239167082e-18,5.870424239167082e-18,0.0,1.0,FP,185,80,data/processed\X_train_base.csv,data/processed\y_train.csv,train_oof,0.12060301142481507
Base_LR_SMOTE,Base,supervised,LR,SMOTE,256,521,0.0,0.0,0.0,0.0,0.0,0.0,FP,185,80,data/processed\X_train_base.csv,data/processed\y_train.csv,train_oof,0.12060301142481507
RFEXGB_LR_SMOTE,RFEXGB,supervised,LR,SMOTE,1,59,1.3931820171248188,0.15978237222966155,1.2333996448951572,1.5529643893544802,0.6164383561643836,0.3835616438356164,FP,73,73,data/processed\X_train_rfexgb.csv,data/processed\y_train.csv,train_oof,0.5483517567913296
RFEXGB_LR_SMOTE,RFEXGB,supervised,LR,SMOTE,2,333,0.7209398730857604,0.08093802700131847,0.6400018460844423,0.8018779000870784,0.5342465753424658,0.4657534246575342,FP,73,73,data/processed\X_train_rfexgb.csv,data/processed\y_train.csv,train_oof,0.5483517567913296
RFEXGB_LR_SMOTE,RFEXGB,supervised,LR,SMOTE,3,56,0.42728863950888335,0.21392606672770043,0.21336257278118287,0.6412147062365838,0.7397260273972602,0.2602739726027397,FP,73,73,data/processed\X_train_rfexgb.csv,data/processed\y_train.csv,train_oof,0.5483517567913296
RFEXGB_LR_SMOTE,RFEXGB,supervised,LR,SMOTE,4,200,0.4248658965144018,0.10589814631575753,0.3189677501986444,0.5307640428301592,0.6027397260273972,0.3972602739726027,FP,73,73,data/processed\X_train_rfexgb.csv,data/processed\y_train.csv,train_oof,0.5483517567913296
RFEXGB_LR_SMOTE,RFEXGB,supervised,LR,SMOTE,5,122,0.41662995737581027,0.10516010670847314,0.311469850667337,0.5217900640842834,0.684931506849315,0.3150684931506849,FP,73,73,data/processed\X_train_rfexgb.csv,data/processed\y_train.csv,train_oof,0.5483517567913296
RFEXGB_LR_SMOTE,RFEXGB,supervised,LR,SMOTE,6,129,0.382952302147598,0.09718160845551907,0.28577069369207886,0.4801339106031169,0.7945205479452054,0.2054794520547945,FP,73,73,data/processed\X_train_rfexgb.csv,data/processed\y_train.csv,train_oof,0.5483517567913296
RFEXGB_LR_SMOTE,RFEXGB,supervised,LR,SMOTE,7,64,0.36776721898793585,0.24975888615209224,0.11800833283584367,0.6175261051400285,0.4657534246575342,0.5342465753424658,FP,73,73,data/processed\X_train_rfexgb.csv,data/processed\y_train.csv,train_oof,0.5483517567913296
RFEXGB_LR_SMOTE,RFEXGB,supervised,LR,SMOTE,8,477,0.34069199927269345,0.03381142055843353,0.30688057871426005,0.37450341983112684,0.4657534246575342,0.5342465753424658,FP,73,73,data/processed\X_train_rfexgb.csv,data/processed\y_train.csv,train_oof,0.5483517567913296
RFEXGB_LR_SMOTE,RFEXGB,supervised,LR,SMOTE,9,280,0.32724388839043844,0.03096003841755002,0.2962838499728884,0.3582039268079884,0.8356164383561644,0.1643835616438356,FP,73,73,data/processed\X_train_rfexgb.csv,data/processed\y_train.csv,train_oof,0.5483517567913296
RFEXGB_LR_SMOTE,RFEXGB,supervised,LR,SMOTE,10,486,0.30519512655108155,0.12321541235823145,0.18197971419284986,0.42841053890931285,0.5616438356164384,0.4383561643835616,FP,73,73,data/processed\X_train_rfexgb.csv,data/processed\y_train.csv,train_oof,0.5483517567913296
RFEXGB_LR_SMOTE,RFEXGB,supervised,LR,SMOTE,11,337,0.2982107423051318,0.15265642892773645,0.14555431337739533,0.4508671712328683,0.410958904109589,0.589041095890411,FP,73,73,data/processed\X_train_rfexgb.csv,data/processed\y_train.csv,train_oof,0.5483517567913296
RFEXGB_LR_SMOTE,RFEXGB,supervised,LR,SMOTE,12,132,0.2570730729943861,0.3204309260892544,-0.06335785309486822,0.5775039990836405,0.5068493150684932,0.4931506849315068,FP,73,73,data/processed\X_train_rfexgb.csv,data/processed\y_train.csv,train_oof,0.5483517567913296
RFEXGB_LR_SMOTE,RFEXGB,supervised,LR,SMOTE,13,75,0.24814959205041853,0.17593839075263187,0.07221120129778662,0.42408798280305054,0.5753424657534246,0.4246575342465753,FP,73,73,data/processed\X_train_rfexgb.csv,data/processed\y_train.csv,train_oof,0.5483517567913296
RFEXGB_LR_SMOTE,RFEXGB,supervised,LR,SMOTE,14,55,0.243721548639481,0.29666949263400266,-0.0529479439945216,0.5403910412734837,0.4520547945205479,0.547945205479452,FP,73,73,data/processed\X_train_rfexgb.csv,data/processed\y_train.csv,train_oof,0.5483517567913296
RFEXGB_LR_SMOTE,RFEXGB,supervised,LR,SMOTE,15,19,0.2348948239223611,0.02351253179678606,0.21138229212557502,0.25840735571914725,0.8082191780821918,0.1917808219178082,FP,73,73,data/processed\X_train_rfexgb.csv,data/processed\y_train.csv,train_oof,0.5483517567913296
RFEXGB_LR_SMOTE,RFEXGB,supervised,LR,SMOTE,16,428,0.23110822303984485,0.008062356881319288,0.22304586615852554,0.2391705799211642,0.8767123287671232,0.1232876712328767,FP,73,73,data/processed\X_train_rfexgb.csv,data/processed\y_train.csv,train_oof,0.5483517567913296
RFEXGB_LR_SMOTE,RFEXGB,supervised,LR,SMOTE,17,21,0.17705237021891881,0.079830282848014,0.09722208737090487,0.2568826530669327,0.6712328767123288,0.3287671232876712,FP,73,73,data/processed\X_train_rfexgb.csv,data/processed\y_train.csv,train_oof,0.5483517567913296
RFEXGB_LR_SMOTE,RFEXGB,supervised,LR,SMOTE,18,14,0.1752240348067381,0.11365849896490103,0.061565535841837035,0.2888825337716391,0.6027397260273972,0.3972602739726027,FP,73,73,data/processed\X_train_rfexgb.csv,data/processed\y_train.csv,train_oof,0.5483517567913296
RFEXGB_LR_SMOTE,RFEXGB,supervised,LR,SMOTE,19,281,0.16408046948843738,0.044044480515039924,0.12003598897339746,0.20812495000347728,0.7534246575342466,0.2465753424657534,FP,73,73,data/processed\X_train_rfexgb.csv,data/processed\y_train.csv,train_oof,0.5483517567913296
RFEXGB_LR_SMOTE,RFEXGB,supervised,LR,SMOTE,20,102,0.1621623002578849,0.07245205505391462,0.08971024520397029,0.23461435531179958,0.6438356164383562,0.3561643835616438,FP,73,73,data/processed\X_train_rfexgb.csv,data/processed\y_train.csv,train_oof,0.5483517567913296
RFEXGB_LR_SMOTE,RFEXGB,supervised,LR,SMOTE,21,103,0.15930770057966867,0.05852571252977506,0.10078198804989359,0.21783341310944374,0.5616438356164384,0.4383561643835616,FP,73,73,data/processed\X_train_rfexgb.csv,data/processed\y_train.csv,train_oof,0.5483517567913296
RFEXGB_LR_SMOTE,RFEXGB,supervised,LR,SMOTE,22,545,0.15662829544658735,0.12298827032730106,0.0336400251192864,0.2796165657738882,0.821917808219178,0.1780821917808219,FP,73,73,data/processed\X_train_rfexgb.csv,data/processed\y_train.csv,train_oof,0.5483517567913296
RFEXGB_LR_SMOTE,RFEXGB,supervised,LR,SMOTE,23,107,0.14777924095670275,0.09381443433510236,0.05396480662160041,0.24159367529180512,0.5068493150684932,0.4931506849315068,FP,73,73,data/processed\X_train_rfexgb.csv,data/processed\y_train.csv,train_oof,0.5483517567913296
RFEXGB_LR_SMOTE,RFEXGB,supervised,LR,SMOTE,24,511,0.1455776178392751,0.1149562293660629,0.030621388473212184,0.2605338472053382,0.4794520547945205,0.5205479452054794,FP,73,73,data/processed\X_train_rfexgb.csv,data/processed\y_train.csv,train_oof,0.5483517567913296
RFEXGB_LR_SMOTE,RFEXGB,supervised,LR,SMOTE,25,124,0.1400155018200158,0.060415258881980065,0.07960024293803576,0.20043076070199586,0.6301369863013698,0.3698630136986301,FP,73,73,data/processed\X_train_rfexgb.csv,data/processed\y_train.csv,train_oof,0.5483517567913296
RFEXGB_LR_SMOTE,RFEXGB,supervised,LR,SMOTE,26,416,0.13701738928040194,0.043629836736944434,0.09338755254345753,0.1806472260173464,0.7123287671232876,0.2876712328767123,FP,73,73,data/processed\X_train_rfexgb.csv,data/processed\y_train.csv,train_oof,0.5483517567913296
RFEXGB_LR_SMOTE,RFEXGB,supervised,LR,SMOTE,27,90,0.127590864962814,0.1697365423547545,-0.042145677391940486,0.29732740731756846,0.410958904109589,0.589041095890411,FP,73,73,data/processed\X_train_rfexgb.csv,data/processed\y_train.csv,train_oof,0.5483517567913296
RFEXGB_LR_SMOTE,RFEXGB,supervised,LR,SMOTE,28,582,0.12685159616738903,0.0978471164131312,0.029004479754257843,0.22469871258052013,0.5068493150684932,0.4931506849315068,FP,73,73,data/processed\X_train_rfexgb.csv,data/processed\y_train.csv,train_oof,0.5483517567913296
RFEXGB_LR_SMOTE,RFEXGB,supervised,LR,SMOTE,29,589,0.126840012099629,0.08342282565864823,0.04341718644098074,0.21026283775827723,0.7534246575342466,0.2465753424657534,FP,73,73,data/processed\X_train_rfexgb.csv,data/processed\y_train.csv,train_oof,0.5483517567913296
RFEXGB_LR_SMOTE,RFEXGB,supervised,LR,SMOTE,30,338,0.12380275258217639,0.6438835093955327,-0.5200807568133563,0.7676862619777093,0.5616438356164384,0.4383561643835616,FP,73,73,data/processed\X_train_rfexgb.csv,data/processed\y_train.csv,train_oof,0.5483517567913296
RFEXGB_LR_SMOTE,RFEXGB,supervised,LR,SMOTE,31,183,0.12201349662666275,0.08587087950042228,0.03614261712624046,0.2078843761270851,0.6027397260273972,0.3972602739726027,FP,73,73,data/processed\X_train_rfexgb.csv,data/processed\y_train.csv,train_oof,0.5483517567913296
RFEXGB_LR_SMOTE,RFEXGB,supervised,LR,SMOTE,32,31,0.11467355850945089,0.10238857375899056,0.012284984750460333,0.21706213226844148,0.8493150684931506,0.1506849315068493,FP,73,73,data/processed\X_train_rfexgb.csv,data/processed\y_train.csv,train_oof,0.5483517567913296
RFEXGB_LR_SMOTE,RFEXGB,supervised,LR,SMOTE,33,484,0.11377440998758866,0.07990351172776003,0.03387089825982864,0.19367792171534876,0.726027397260274,0.273972602739726,FP,73,73,data/processed\X_train_rfexgb.csv,data/processed\y_train.csv,train_oof,0.5483517567913296
RFEXGB_LR_SMOTE,RFEXGB,supervised,LR,SMOTE,34,217,0.11004322987156145,0.053647529307129314,0.05639570056443212,0.16369075917869078,0.4794520547945205,0.5205479452054794,FP,73,73,data/processed\X_train_rfexgb.csv,data/processed\y_train.csv,train_oof,0.5483517567913296
RFEXGB_LR_SMOTE,RFEXGB,supervised,LR,SMOTE,35,460,0.10912234753078615,0.06943199303076546,0.039690354500020675,0.17855434056155162,0.4246575342465753,0.5753424657534246,FP,73,73,data/processed\X_train_rfexgb.csv,data/processed\y_train.csv,train_oof,0.5483517567913296
RFEXGB_LR_SMOTE,RFEXGB,supervised,LR,SMOTE,36,586,0.10766062435438124,0.10713468804749553,0.0005259363068857232,0.21479531240187666,0.4794520547945205,0.5205479452054794,FP,73,73,data/processed\X_train_rfexgb.csv,data/processed\y_train.csv,train_oof,0.5483517567913296
RFEXGB_LR_SMOTE,RFEXGB,supervised,LR,SMOTE,37,419,0.10735391595788414,0.06784090966170961,0.03951300629617449,0.17519482561959374,0.589041095890411,0.410958904109589,FP,73,73,data/processed\X_train_rfexgb.csv,data/processed\y_train.csv,train_oof,0.5483517567913296
RFEXGB_LR_SMOTE,RFEXGB,supervised,LR,SMOTE,38,488,0.10580432042063863,0.09750071487669132,0.008303605543947322,0.20330503529733004,0.4931506849315068,0.5068493150684932,FP,73,73,data/processed\X_train_rfexgb.csv,data/processed\y_train.csv,train_oof,0.5483517567913296
RFEXGB_LR_SMOTE,RFEXGB,supervised,LR,SMOTE,39,92,0.10437731033526029,0.12603121662855218,-0.021653906293291912,0.23040852696381237,0.4383561643835616,0.5616438356164384,FP,73,73,data/processed\X_train_rfexgb.csv,data/processed\y_train.csv,train_oof,0.5483517567913296
RFEXGB_LR_SMOTE,RFEXGB,supervised,LR,SMOTE,40,566,0.10394747194144995,0.08785250239184449,0.016094969549605483,0.19179997433329432,0.4657534246575342,0.5342465753424658,FP,73,73,data/processed\X_train_rfexgb.csv,data/processed\y_train.csv,train_oof,0.5483517567913296
RFEXGB_LR_SMOTE,RFEXGB,supervised,LR,SMOTE,41,68,0.10201470747770688,0.07733544396055914,0.02467926351714773,0.1793501514382662,0.5342465753424658,0.4657534246575342,FP,73,73,data/processed\X_train_rfexgb.csv,data/processed\y_train.csv,train_oof,0.5483517567913296
RFEXGB_LR_SMOTE,RFEXGB,supervised,LR,SMOTE,42,63,0.09722795623203727,0.26916117879220497,-0.1719332225601678,0.36638913502424214,0.5616438356164384,0.4383561643835616,FP,73,73,data/processed\X_train_rfexgb.csv,data/processed\y_train.csv,train_oof,0.5483517567913296
RFEXGB_LR_SMOTE,RFEXGB,supervised,LR,SMOTE,43,33,0.09392224409974025,0.013368329588971382,0.08055391451076888,0.10729057368871163,0.547945205479452,0.4520547945205479,FP,73,73,data/processed\X_train_rfexgb.csv,data/processed\y_train.csv,train_oof,0.5483517567913296
RFEXGB_LR_SMOTE,RFEXGB,supervised,LR,SMOTE,44,84,0.08786212348825638,0.07230589844407236,0.015556225044184023,0.16016802193232874,0.5068493150684932,0.4931506849315068,FP,73,73,data/processed\X_train_rfexgb.csv,data/processed\y_train.csv,train_oof,0.5483517567913296
RFEXGB_LR_SMOTE,RFEXGB,supervised,LR,SMOTE,45,130,0.08521852292195474,0.044673637695494595,0.0405448852264601,0.12989216061744935,0.589041095890411,0.410958904109589,FP,73,73,data/processed\X_train_rfexgb.csv,data/processed\y_train.csv,train_oof,0.5483517567913296
RFEXGB_LR_SMOTE,RFEXGB,supervised,LR,SMOTE,46,144,0.08424643629267314,0.03259235565325611,0.051654080639417024,0.11683879194592925,0.7808219178082192,0.2191780821917808,FP,73,73,data/processed\X_train_rfexgb.csv,data/processed\y_train.csv,train_oof,0.5483517567913296
RFEXGB_LR_SMOTE,RFEXGB,supervised,LR,SMOTE,47,51,0.08394941634804773,0.06968167346185954,0.014267742886188175,0.1536310898099072,0.6027397260273972,0.3972602739726027,FP,73,73,data/processed\X_train_rfexgb.csv,data/processed\y_train.csv,train_oof,0.5483517567913296
RFEXGB_LR_SMOTE,RFEXGB,supervised,LR,SMOTE,48,377,0.08219923226740382,0.06119021061246675,0.02100902165493701,0.14338944287987054,0.6301369863013698,0.3698630136986301,FP,73,73,data/processed\X_train_rfexgb.csv,data/processed\y_train.csv,train_oof,0.5483517567913296
RFEXGB_LR_SMOTE,RFEXGB,supervised,LR,SMOTE,49,563,0.08147319781280764,0.04744079370760115,0.0340324041052065,0.1289139915204088,0.5753424657534246,0.4246575342465753,FP,73,73,data/processed\X_train_rfexgb.csv,data/processed\y_train.csv,train_oof,0.5483517567913296
RFEXGB_LR_SMOTE,RFEXGB,supervised,LR,SMOTE,50,480,0.07490793178946589,0.11614385273561735,-0.041235920946151465,0.19105178452508337,0.5753424657534246,0.4246575342465753,FP,73,73,data/processed\X_train_rfexgb.csv,data/processed\y_train.csv,train_oof,0.5483517567913296
RFEXGB_LR_SMOTE,RFEXGB,supervised,LR,SMOTE,51,131,0.0731888429420046,0.12523303133337868,-0.052044188391374084,0.1984218742753833,0.3013698630136986,0.6986301369863014,FP,73,73,data/processed\X_train_rfexgb.csv,data/processed\y_train.csv,train_oof,0.5483517567913296
RFEXGB_LR_SMOTE,RFEXGB,supervised,LR,SMOTE,52,354,0.06916393306375947,0.09108173904807045,-0.021917805984310996,0.16024567211183,0.5068493150684932,0.4931506849315068,FP,73,73,data/processed\X_train_rfexgb.csv,data/processed\y_train.csv,train_oof,0.5483517567913296
RFEXGB_LR_SMOTE,RFEXGB,supervised,LR,SMOTE,53,125,0.06863434011478312,0.19304063328415505,-0.12440629316937196,0.26167497339893814,0.3424657534246575,0.6575342465753424,FP,73,73,data/processed\X_train_rfexgb.csv,data/processed\y_train.csv,train_oof,0.5483517567913296
RFEXGB_LR_SMOTE,RFEXGB,supervised,LR,SMOTE,54,588,0.06794526062921198,0.08971172591650813,-0.021766465287296106,0.15765698654572002,0.3013698630136986,0.6986301369863014,FP,73,73,data/processed\X_train_rfexgb.csv,data/processed\y_train.csv,train_oof,0.5483517567913296
RFEXGB_LR_SMOTE,RFEXGB,supervised,LR,SMOTE,55,98,0.06740208307945332,0.034777389987664914,0.03262469309178841,0.10217947306711818,0.5753424657534246,0.4246575342465753,FP,73,73,data/processed\X_train_rfexgb.csv,data/processed\y_train.csv,train_oof,0.5483517567913296
RFEXGB_LR_SMOTE,RFEXGB,supervised,LR,SMOTE,56,25,0.06731078867405575,0.15269133311711372,-0.08538054444305801,0.22000212179116946,0.7397260273972602,0.2602739726027397,FP,73,73,data/processed\X_train_rfexgb.csv,data/processed\y_train.csv,train_oof,0.5483517567913296
RFEXGB_LR_SMOTE,RFEXGB,supervised,LR,SMOTE,57,156,0.06533113387635951,0.014641307142559174,0.050689826733800326,0.07997244101891872,0.3287671232876712,0.6712328767123288,FP,73,73,data/processed\X_train_rfexgb.csv,data/processed\y_train.csv,train_oof,0.5483517567913296
RFEXGB_LR_SMOTE,RFEXGB,supervised,LR,SMOTE,58,79,0.06292399646446552,0.017764646162139273,0.04515935030232628,0.08068864262660477,0.6712328767123288,0.3287671232876712,FP,73,73,data/processed\X_train_rfexgb.csv,data/processed\y_train.csv,train_oof,0.5483517567913296
RFEXGB_LR_SMOTE,RFEXGB,supervised,LR,SMOTE,59,295,0.06127433046817839,0.011810916825984966,0.049463413642193414,0.07308524729416334,0.5205479452054794,0.4794520547945205,FP,73,73,data/processed\X_train_rfexgb.csv,data/processed\y_train.csv,train_oof,0.5483517567913296
RFEXGB_LR_SMOTE,RFEXGB,supervised,LR,SMOTE,60,24,0.060585598552830335,0.02755376613792804,0.03303183241490229,0.08813936469075838,0.5342465753424658,0.4657534246575342,FP,73,73,data/processed\X_train_rfexgb.csv,data/processed\y_train.csv,train_oof,0.5483517567913296
RFEXGB_LR_SMOTE,RFEXGB,supervised,LR,SMOTE,61,0,0.05826639122982344,0.020983021382213928,0.037283369847609514,0.0792494126120374,0.6301369863013698,0.3698630136986301,FP,73,73,data/processed\X_train_rfexgb.csv,data/processed\y_train.csv,train_oof,0.5483517567913296
RFEXGB_LR_SMOTE,RFEXGB,supervised,LR,SMOTE,62,77,0.057521071710835564,0.09048805942996158,-0.032966987719126,0.14800913114079714,0.4520547945205479,0.547945205479452,FP,73,73,data/processed\X_train_rfexgb.csv,data/processed\y_train.csv,train_oof,0.5483517567913296
RFEXGB_LR_SMOTE,RFEXGB,supervised,LR,SMOTE,63,423,0.055411906091129184,0.04344397530595025,0.01196793078517894,0.09885588139707947,0.4931506849315068,0.5068493150684932,FP,73,73,data/processed\X_train_rfexgb.csv,data/processed\y_train.csv,train_oof,0.5483517567913296
RFEXGB_LR_SMOTE,RFEXGB,supervised,LR,SMOTE,64,28,0.05522182653949671,0.026233217031353593,0.028988609508143113,0.08145504357085034,0.6164383561643836,0.3835616438356164,FP,73,73,data/processed\X_train_rfexgb.csv,data/processed\y_train.csv,train_oof,0.5483517567913296
RFEXGB_LR_SMOTE,RFEXGB,supervised,LR,SMOTE,65,348,0.05303060998616061,0.029503229724688475,0.023527380261472122,0.08253383971084909,0.4931506849315068,0.5068493150684932,FP,73,73,data/processed\X_train_rfexgb.csv,data/processed\y_train.csv,train_oof,0.5483517567913296
RFEXGB_LR_SMOTE,RFEXGB,supervised,LR,SMOTE,66,154,0.05218185644372957,0.07932080370105092,-0.027138947257321317,0.13150266014478054,0.4520547945205479,0.547945205479452,FP,73,73,data/processed\X_train_rfexgb.csv,data/processed\y_train.csv,train_oof,0.5483517567913296
RFEXGB_LR_SMOTE,RFEXGB,supervised,LR,SMOTE,67,334,0.05061350835862553,0.23556473359173,-0.18495122523310442,0.2861782419503556,0.6164383561643836,0.3835616438356164,FP,73,73,data/processed\X_train_rfexgb.csv,data/processed\y_train.csv,train_oof,0.5483517567913296
RFEXGB_LR_SMOTE,RFEXGB,supervised,LR,SMOTE,68,30,0.050358253815340016,0.04589315349774342,0.0044651003175966,0.09625140731308347,0.5342465753424658,0.4657534246575342,FP,73,73,data/processed\X_train_rfexgb.csv,data/processed\y_train.csv,train_oof,0.5483517567913296
RFEXGB_LR_SMOTE,RFEXGB,supervised,LR,SMOTE,69,227,0.048207801099468754,0.06508933885179577,-0.016881537752327043,0.11329713995126456,0.6575342465753424,0.3424657534246575,FP,73,73,data/processed\X_train_rfexgb.csv,data/processed\y_train.csv,train_oof,0.5483517567913296
RFEXGB_LR_SMOTE,RFEXGB,supervised,LR,SMOTE,70,116,0.04667630153483398,0.01916797779582415,0.02750832373900983,0.06584427933065812,0.136986301369863,0.863013698630137,FP,73,73,data/processed\X_train_rfexgb.csv,data/processed\y_train.csv,train_oof,0.5483517567913296
RFEXGB_LR_SMOTE,RFEXGB,supervised,LR,SMOTE,71,406,0.04616771047310352,0.05885163944680892,-0.012683928973705396,0.10501934991991244,0.547945205479452,0.4520547945205479,FP,73,73,data/processed\X_train_rfexgb.csv,data/processed\y_train.csv,train_oof,0.5483517567913296
RFEXGB_LR_SMOTE,RFEXGB,supervised,LR,SMOTE,72,269,0.04368641330520659,0.1040092223748959,-0.06032280906968932,0.1476956356801024,0.3287671232876712,0.6712328767123288,FP,73,73,data/processed\X_train_rfexgb.csv,data/processed\y_train.csv,train_oof,0.5483517567913296
RFEXGB_LR_SMOTE,RFEXGB,supervised,LR,SMOTE,73,510,0.04368029873998385,0.028369859075576754,0.015310439664407084,0.07205015781556057,0.4383561643835616,0.5616438356164384,FP,73,73,data/processed\X_train_rfexgb.csv,data/processed\y_train.csv,train_oof,0.5483517567913296
RFEXGB_LR_SMOTE,RFEXGB,supervised,LR,SMOTE,74,39,0.04349619661714641,0.04969570026533866,-0.006199503648192274,0.09319189688248504,0.6301369863013698,0.3698630136986301,FP,73,73,data/processed\X_train_rfexgb.csv,data/processed\y_train.csv,train_oof,0.5483517567913296
RFEXGB_LR_SMOTE,RFEXGB,supervised,LR,SMOTE,75,310,0.04172948592589227,0.0577772186447933,-0.016047732718901045,0.0995067045706856,0.4246575342465753,0.5753424657534246,FP,73,73,data/processed\X_train_rfexgb.csv,data/processed\y_train.csv,train_oof,0.5483517567913296
RFEXGB_LR_SMOTE,RFEXGB,supervised,LR,SMOTE,76,173,0.04165253964220227,0.048890132520677386,-0.007237592878475112,0.09054267216287962,0.4931506849315068,0.5068493150684932,FP,73,73,data/processed\X_train_rfexgb.csv,data/processed\y_train.csv,train_oof,0.5483517567913296
RFEXGB_LR_SMOTE,RFEXGB,supervised,LR,SMOTE,77,547,0.03922279585780185,0.02419898387647463,0.015023811981327235,0.06342177973427648,0.5753424657534246,0.4246575342465753,FP,73,73,data/processed\X_train_rfexgb.csv,data/processed\y_train.csv,train_oof,0.5483517567913296
RFEXGB_LR_SMOTE,RFEXGB,supervised,LR,SMOTE,78,405,0.03531465409882517,0.04237163345219305,-0.007056979353367897,0.07768628755101825,0.4657534246575342,0.5342465753424658,FP,73,73,data/processed\X_train_rfexgb.csv,data/processed\y_train.csv,train_oof,0.5483517567913296
RFEXGB_LR_SMOTE,RFEXGB,supervised,LR,SMOTE,79,296,0.0332614544558684,0.027269486454308708,0.005991968001559693,0.06053094091017712,0.6575342465753424,0.3424657534246575,FP,73,73,data/processed\X_train_rfexgb.csv,data/processed\y_train.csv,train_oof,0.5483517567913296
RFEXGB_LR_SMOTE,RFEXGB,supervised,LR,SMOTE,80,8,0.03162290772498545,0.05761191831305071,-0.025989010588065267,0.08923482603803613,0.4520547945205479,0.547945205479452,FP,73,73,data/processed\X_train_rfexgb.csv,data/processed\y_train.csv,train_oof,0.5483517567913296
RFEXGB_LR_SMOTE,RFEXGB,supervised,LR,SMOTE,81,489,0.030829829342942257,0.0382379450817571,-0.007408115738814848,0.06906777442469937,0.3972602739726027,0.6027397260273972,FP,73,73,data/processed\X_train_rfexgb.csv,data/processed\y_train.csv,train_oof,0.5483517567913296
RFEXGB_LR_SMOTE,RFEXGB,supervised,LR,SMOTE,82,271,0.029707895580267388,0.04659796017984329,-0.016890064599575906,0.07630585576011072,0.4657534246575342,0.5342465753424658,FP,73,73,data/processed\X_train_rfexgb.csv,data/processed\y_train.csv,train_oof,0.5483517567913296
RFEXGB_LR_SMOTE,RFEXGB,supervised,LR,SMOTE,83,349,0.029328932563253307,0.03328738637974372,-0.0039584538164903985,0.06261631894299703,0.4383561643835616,0.5616438356164384,FP,73,73,data/processed\X_train_rfexgb.csv,data/processed\y_train.csv,train_oof,0.5483517567913296
RFEXGB_LR_SMOTE,RFEXGB,supervised,LR,SMOTE,84,433,0.02854979922424872,0.015877203638690354,0.012672595585558376,0.04442700286293908,0.4794520547945205,0.5205479452054794,FP,73,73,data/processed\X_train_rfexgb.csv,data/processed\y_train.csv,train_oof,0.5483517567913296
RFEXGB_LR_SMOTE,RFEXGB,supervised,LR,SMOTE,85,100,0.028192652792719573,0.014370930157327842,0.01382172263539175,0.042563582950047425,0.6027397260273972,0.3972602739726027,FP,73,73,data/processed\X_train_rfexgb.csv,data/processed\y_train.csv,train_oof,0.5483517567913296
RFEXGB_LR_SMOTE,RFEXGB,supervised,LR,SMOTE,86,561,0.028114303002218215,0.03741267049066496,-0.00929836748844674,0.0655269734928832,0.3972602739726027,0.6027397260273972,FP,73,73,data/processed\X_train_rfexgb.csv,data/processed\y_train.csv,train_oof,0.5483517567913296
RFEXGB_LR_SMOTE,RFEXGB,supervised,LR,SMOTE,87,471,0.025648374040122185,0.009238994699881592,0.01640937934024059,0.034887368740003755,0.2602739726027397,0.7397260273972602,FP,73,73,data/processed\X_train_rfexgb.csv,data/processed\y_train.csv,train_oof,0.5483517567913296
RFEXGB_LR_SMOTE,RFEXGB,supervised,LR,SMOTE,88,37,0.02293549884261201,0.03422928483134218,-0.011293785988730183,0.057164783673954195,0.3835616438356164,0.6164383561643836,FP,73,73,data/processed\X_train_rfexgb.csv,data/processed\y_train.csv,train_oof,0.5483517567913296
RFEXGB_LR_SMOTE,RFEXGB,supervised,LR,SMOTE,89,412,0.022453695152152724,0.03563581680177467,-0.013182121649621938,0.05808951195392741,0.273972602739726,0.726027397260274,FP,73,73,data/processed\X_train_rfexgb.csv,data/processed\y_train.csv,train_oof,0.5483517567913296
RFEXGB_LR_SMOTE,RFEXGB,supervised,LR,SMOTE,90,81,0.021236789152773446,0.025130092290023977,-0.0038933031372505277,0.04636688144279742,0.4931506849315068,0.5068493150684932,FP,73,73,data/processed\X_train_rfexgb.csv,data/processed\y_train.csv,train_oof,0.5483517567913296
RFEXGB_LR_SMOTE,RFEXGB,supervised,LR,SMOTE,91,344,0.020350491081035458,0.027570799766951752,-0.007220308685916307,0.04792129084798721,0.4931506849315068,0.5068493150684932,FP,73,73,data/processed\X_train_rfexgb.csv,data/processed\y_train.csv,train_oof,0.5483517567913296
RFEXGB_LR_SMOTE,RFEXGB,supervised,LR,SMOTE,92,126,0.017514067063054004,0.01684091837167033,0.0006731486913836729,0.03435498543472433,0.5068493150684932,0.4931506849315068,FP,73,73,data/processed\X_train_rfexgb.csv,data/processed\y_train.csv,train_oof,0.5483517567913296
RFEXGB_LR_SMOTE,RFEXGB,supervised,LR,SMOTE,93,553,0.01687201573242555,0.01714829248509398,-0.0002762767526684241,0.034020308217519536,0.5342465753424658,0.4657534246575342,FP,73,73,data/processed\X_train_rfexgb.csv,data/processed\y_train.csv,train_oof,0.5483517567913296
RFEXGB_LR_SMOTE,RFEXGB,supervised,LR,SMOTE,94,353,0.01659883004668064,0.012285849303900316,0.004312980742780328,0.028884679350580963,0.4794520547945205,0.5205479452054794,FP,73,73,data/processed\X_train_rfexgb.csv,data/processed\y_train.csv,train_oof,0.5483517567913296
RFEXGB_LR_SMOTE,RFEXGB,supervised,LR,SMOTE,95,574,0.013796765717101984,0.007891663637139164,0.005905102079962819,0.021688429354241135,0.9726027397260274,0.0273972602739726,FP,73,73,data/processed\X_train_rfexgb.csv,data/processed\y_train.csv,train_oof,0.5483517567913296
RFEXGB_LR_SMOTE,RFEXGB,supervised,LR,SMOTE,96,162,0.012728193188558602,0.008084443266282148,0.004643749922276459,0.020812636454840754,0.7534246575342466,0.2465753424657534,FP,73,73,data/processed\X_train_rfexgb.csv,data/processed\y_train.csv,train_oof,0.5483517567913296
RFEXGB_LR_SMOTE,RFEXGB,supervised,LR,SMOTE,97,15,0.011825959059818408,0.026867601513018067,-0.015041642453199656,0.03869356057283649,0.410958904109589,0.589041095890411,FP,73,73,data/processed\X_train_rfexgb.csv,data/processed\y_train.csv,train_oof,0.5483517567913296
RFEXGB_LR_SMOTE,RFEXGB,supervised,LR,SMOTE,98,139,0.009261990485647449,0.006568741006603135,0.0026932494790443172,0.015830731492250588,0.684931506849315,0.3150684931506849,FP,73,73,data/processed\X_train_rfexgb.csv,data/processed\y_train.csv,train_oof,0.5483517567913296
RFEXGB_LR_SMOTE,RFEXGB,supervised,LR,SMOTE,99,71,0.006693599336300504,0.0103212391855671,-0.0036276398492665913,0.017014838521867602,0.3561643835616438,0.6438356164383562,FP,73,73,data/processed\X_train_rfexgb.csv,data/processed\y_train.csv,train_oof,0.5483517567913296
RFEXGB_LR_SMOTE,RFEXGB,supervised,LR,SMOTE,100,316,0.006356800626957497,0.009332338041000816,-0.0029755374140433225,0.01568913866795832,0.5753424657534246,0.4246575342465753,FP,73,73,data/processed\X_train_rfexgb.csv,data/processed\y_train.csv,train_oof,0.5483517567913296
RFEXGB_LR_SMOTE,RFEXGB,supervised,LR,SMOTE,101,18,0.003260768195354419,0.0030798187606137432,0.0001809494347406756,0.006340586955968164,0.589041095890411,0.410958904109589,FP,73,73,data/processed\X_train_rfexgb.csv,data/processed\y_train.csv,train_oof,0.5483517567913296
RFEXGB_LR_SMOTE,RFEXGB,supervised,LR,SMOTE,102,9,0.0031076800498907923,0.002753742185551319,0.0003539378643394735,0.005861422235442108,0.4931506849315068,0.5068493150684932,FP,73,73,data/processed\X_train_rfexgb.csv,data/processed\y_train.csv,train_oof,0.5483517567913296
RFEXGB_LR_SMOTE,RFEXGB,supervised,LR,SMOTE,103,91,0.0028262585852198165,0.004503192169416169,-0.0016769335841963534,0.007329450754635988,0.4657534246575342,0.5342465753424658,FP,73,73,data/processed\X_train_rfexgb.csv,data/processed\y_train.csv,train_oof,0.5483517567913296
RFEXGB_LR_SMOTE,RFEXGB,supervised,LR,SMOTE,104,165,0.0023008949884143924,0.009506546127549384,-0.007205651139134993,0.011807441115963777,0.6712328767123288,0.3287671232876712,FP,73,73,data/processed\X_train_rfexgb.csv,data/processed\y_train.csv,train_oof,0.5483517567913296
RFEXGB_LR_SMOTE,RFEXGB,supervised,LR,SMOTE,105,2,0.0022829586003653454,0.005261971497689196,-0.002979012897323849,0.007544930098054539,0.3972602739726027,0.6027397260273972,FP,73,73,data/processed\X_train_rfexgb.csv,data/processed\y_train.csv,train_oof,0.5483517567913296
RFEXGB_LR_SMOTE,RFEXGB,supervised,LR,SMOTE,106,182,0.0021525003382456523,0.002352073724917426,-0.0001995733866717739,0.004504574063163079,0.410958904109589,0.589041095890411,FP,73,73,data/processed\X_train_rfexgb.csv,data/processed\y_train.csv,train_oof,0.5483517567913296
RFEXGB_LR_SMOTE,RFEXGB,supervised,LR,SMOTE,107,88,0.0011977546968220151,0.001326361239033674,-0.00012860654221165803,0.0025241159358556885,0.4383561643835616,0.5616438356164384,FP,73,73,data/processed\X_train_rfexgb.csv,data/processed\y_train.csv,train_oof,0.5483517567913296
RFEXGB_LR_SMOTE,RFEXGB,supervised,LR,SMOTE,108,58,0.0010920587977797257,0.0008537842596183085,0.00023827453816141695,0.0019458430573980343,0.5205479452054794,0.4794520547945205,FP,73,73,data/processed\X_train_rfexgb.csv,data/processed\y_train.csv,train_oof,0.5483517567913296
RFEXGB_LR_SMOTE,RFEXGB,supervised,LR,SMOTE,109,252,0.00039761957071374806,0.000712268204465878,-0.00031464863375212977,0.001109887775179626,0.5342465753424658,0.4657534246575342,FP,73,73,data/processed\X_train_rfexgb.csv,data/processed\y_train.csv,train_oof,0.5483517567913296
RFEXGB_LR_SMOTE,RFEXGB,supervised,LR,SMOTE,110,67,0.00022553931675644662,0.8336960323088193,-0.8334704929920629,0.8339215716255757,0.4246575342465753,0.5753424657534246,FP,73,73,data/processed\X_train_rfexgb.csv,data/processed\y_train.csv,train_oof,0.5483517567913296
RFEXGB_LR_SMOTE,RFEXGB,supervised,LR,SMOTE,111,551,8.043016132773997e-05,0.0001308967879034817,-5.046662657574173e-05,0.00021132694923122164,0.3835616438356164,0.6164383561643836,FP,73,73,data/processed\X_train_rfexgb.csv,data/processed\y_train.csv,train_oof,0.5483517567913296
RFEXGB_LR_SMOTE,RFEXGB,supervised,LR,SMOTE,112,275,2.6930991393875053e-05,3.596937034640505e-05,-9.038378952530011e-06,6.290036174028013e-05,0.5205479452054794,0.4794520547945205,FP,73,73,data/processed\X_train_rfexgb.csv,data/processed\y_train.csv,train_oof,0.5483517567913296
RFEXGB_LR_NoResample,RFEXGB,supervised,LR,NoResample,1,59,1.2464052693978394,0.12851252404015953,1.1178927453576797,1.3749177934379988,0.6625,0.3375,FP,118,80,data/processed\X_train_rfexgb.csv,data/processed\y_train.csv,train_oof,0.1905491962006118
RFEXGB_LR_NoResample,RFEXGB,supervised,LR,NoResample,2,200,0.37661541461627523,0.09517904330349339,0.281436371312782,0.4717944579197687,0.625,0.375,FP,118,80,data/processed\X_train_rfexgb.csv,data/processed\y_train.csv,train_oof,0.1905491962006118
RFEXGB_LR_NoResample,RFEXGB,supervised,LR,NoResample,3,64,0.33180865640968904,0.2403857821196004,0.09142287429008854,0.5721944385292895,0.4375,0.5625,FP,118,80,data/processed\X_train_rfexgb.csv,data/processed\y_train.csv,train_oof,0.1905491962006118
RFEXGB_LR_NoResample,RFEXGB,supervised,LR,NoResample,4,333,0.3298148897503216,0.045216536829231255,0.2845983529210902,0.375031426579553,0.4875,0.5125,FP,118,80,data/processed\X_train_rfexgb.csv,data/processed\y_train.csv,train_oof,0.1905491962006118
RFEXGB_LR_NoResample,RFEXGB,supervised,LR,NoResample,5,56,0.29043024127464084,0.1353716571012622,0.15505858417337864,0.425801898375903,0.775,0.225,FP,118,80,data/processed\X_train_rfexgb.csv,data/processed\y_train.csv,train_oof,0.1905491962006118
RFEXGB_LR_NoResample,RFEXGB,supervised,LR,NoResample,6,129,0.2646205735200282,0.07204127434479216,0.19257929917523608,0.3366618478648203,0.775,0.225,FP,118,80,data/processed\X_train_rfexgb.csv,data/processed\y_train.csv,train_oof,0.1905491962006118
RFEXGB_LR_NoResample,RFEXGB,supervised,LR,NoResample,7,132,0.24711951268206728,0.3038514698120145,-0.056731957129947164,0.5509709824940818,0.475,0.525,FP,118,80,data/processed\X_train_rfexgb.csv,data/processed\y_train.csv,train_oof,0.1905491962006118
RFEXGB_LR_NoResample,RFEXGB,supervised,LR,NoResample,8,486,0.23938091891975985,0.1353722538418867,0.10400866507787312,0.37475317276164677,0.5125,0.4875,FP,118,80,data/processed\X_train_rfexgb.csv,data/processed\y_train.csv,train_oof,0.1905491962006118
RFEXGB_LR_NoResample,RFEXGB,supervised,LR,NoResample,9,280,0.22254084523621503,0.018549587014635792,0.20399125822157918,0.24109043225085078,0.85,0.15,FP,118,80,data/processed\X_train_rfexgb.csv,data/processed\y_train.csv,train_oof,0.1905491962006118
RFEXGB_LR_NoResample,RFEXGB,supervised,LR,NoResample,10,122,0.20696702119207916,0.06334641389928641,0.1436206072927927,0.2703134350913655,0.6875,0.3125,FP,118,80,data/processed\X_train_rfexgb.csv,data/processed\y_train.csv,train_oof,0.1905491962006118
RFEXGB_LR_NoResample,RFEXGB,supervised,LR,NoResample,11,55,0.20624927257301148,0.18469321241900208,0.02155606015400948,0.3909424849920135,0.5375,0.4625,FP,118,80,data/processed\X_train_rfexgb.csv,data/processed\y_train.csv,train_oof,0.1905491962006118
RFEXGB_LR_NoResample,RFEXGB,supervised,LR,NoResample,12,337,0.19558674237377324,0.10318647455557858,0.0924002678181946,0.2987732169293519,0.4,0.6,FP,118,80,data/processed\X_train_rfexgb.csv,data/processed\y_train.csv,train_oof,0.1905491962006118
RFEXGB_LR_NoResample,RFEXGB,supervised,LR,NoResample,13,477,0.1948690068487263,0.02127571544055674,0.17359329140816965,0.21614472228928294,0.45,0.55,FP,118,80,data/processed\X_train_rfexgb.csv,data/processed\y_train.csv,train_oof,0.1905491962006118
RFEXGB_LR_NoResample,RFEXGB,supervised,LR,NoResample,14,511,0.18982559645088154,0.13519353524926997,0.054632061201611536,0.3250191317001515,0.4875,0.5125,FP,118,80,data/processed\X_train_rfexgb.csv,data/processed\y_train.csv,train_oof,0.1905491962006118
RFEXGB_LR_NoResample,RFEXGB,supervised,LR,NoResample,15,130,0.17132298703111948,0.07030943779967266,0.10101354923144676,0.24163242483079211,0.625,0.375,FP,118,80,data/processed\X_train_rfexgb.csv,data/processed\y_train.csv,train_oof,0.1905491962006118
RFEXGB_LR_NoResample,RFEXGB,supervised,LR,NoResample,16,14,0.1710304309013163,0.09211716054405808,0.07891327035725827,0.26314759144537436,0.625,0.375,FP,118,80,data/processed\X_train_rfexgb.csv,data/processed\y_train.csv,train_oof,0.1905491962006118
RFEXGB_LR_NoResample,RFEXGB,supervised,LR,NoResample,17,19,0.1599641274967985,0.02016993517143482,0.1397941923253637,0.18013406266823329,0.8125,0.1875,FP,118,80,data/processed\X_train_rfexgb.csv,data/processed\y_train.csv,train_oof,0.1905491962006118
RFEXGB_LR_NoResample,RFEXGB,supervised,LR,NoResample,18,21,0.15200705086347122,0.0650364903660581,0.08697056049741314,0.21704354122952924,0.675,0.325,FP,118,80,data/processed\X_train_rfexgb.csv,data/processed\y_train.csv,train_oof,0.1905491962006118
RFEXGB_LR_NoResample,RFEXGB,supervised,LR,NoResample,19,563,0.1353107713155455,0.06264376106703021,0.07266701024851532,0.1979545323825757,0.6375,0.3625,FP,118,80,data/processed\X_train_rfexgb.csv,data/processed\y_train.csv,train_oof,0.1905491962006118
RFEXGB_LR_NoResample,RFEXGB,supervised,LR,NoResample,20,582,0.1302149073175617,0.07645295120669385,0.053761956110867815,0.20666785852425545,0.5625,0.4375,FP,118,80,data/processed\X_train_rfexgb.csv,data/processed\y_train.csv,train_oof,0.1905491962006118
RFEXGB_LR_NoResample,RFEXGB,supervised,LR,NoResample,21,281,0.12999757377584387,0.03013585909105293,0.09986171468479088,0.1601334328668968,0.7625,0.2375,FP,118,80,data/processed\X_train_rfexgb.csv,data/processed\y_train.csv,train_oof,0.1905491962006118
RFEXGB_LR_NoResample,RFEXGB,supervised,LR,NoResample,22,428,0.12959915608199238,0.045770057792848276,0.08382909828914412,0.17536921387484064,0.825,0.175,FP,118,80,data/processed\X_train_rfexgb.csv,data/processed\y_train.csv,train_oof,0.1905491962006118
RFEXGB_LR_NoResample,RFEXGB,supervised,LR,NoResample,23,545,0.12680591206350644,0.06575747380428268,0.06104843825922361,0.1925633858677892,0.875,0.125,FP,118,80,data/processed\X_train_rfexgb.csv,data/processed\y_train.csv,train_oof,0.1905491962006118
RFEXGB_LR_NoResample,RFEXGB,supervised,LR,NoResample,24,75,0.1222124990610757,0.13213895535928677,-0.00992645629821111,0.2543514544203624,0.55,0.45,FP,118,80,data/processed\X_train_rfexgb.csv,data/processed\y_train.csv,train_oof,0.1905491962006118
RFEXGB_LR_NoResample,RFEXGB,supervised,LR,NoResample,25,103,0.12038391362331673,0.033961439944470935,0.08642247367884578,0.1543453535677876,0.6125,0.3875,FP,118,80,data/processed\X_train_rfexgb.csv,data/processed\y_train.csv,train_oof,0.1905491962006118
RFEXGB_LR_NoResample,RFEXGB,supervised,LR,NoResample,26,416,0.11895782486858197,0.05847561009678892,0.06048221477179303,0.17743343496537084,0.65,0.35,FP,118,80,data/processed\X_train_rfexgb.csv,data/processed\y_train.csv,train_oof,0.1905491962006118
RFEXGB_LR_NoResample,RFEXGB,supervised,LR,NoResample,27,460,0.10936214649626827,0.04661744755927995,0.06274469893698832,0.15597959405554823,0.4875,0.5125,FP,118,80,data/processed\X_train_rfexgb.csv,data/processed\y_train.csv,train_oof,0.1905491962006118
RFEXGB_LR_NoResample,RFEXGB,supervised,LR,NoResample,28,107,0.10883896482659969,0.07594590359017653,0.03289306123642318,0.18478486841677627,0.4875,0.5125,FP,118,80,data/processed\X_train_rfexgb.csv,data/processed\y_train.csv,train_oof,0.1905491962006118
RFEXGB_LR_NoResample,RFEXGB,supervised,LR,NoResample,29,33,0.09398024478635283,0.012255380335430301,0.08172486445092256,0.10623562512178311,0.5125,0.4875,FP,118,80,data/processed\X_train_rfexgb.csv,data/processed\y_train.csv,train_oof,0.1905491962006118
RFEXGB_LR_NoResample,RFEXGB,supervised,LR,NoResample,30,488,0.09385582120709525,0.08879095943067145,0.0050648617764238275,0.18264678063776668,0.4875,0.5125,FP,118,80,data/processed\X_train_rfexgb.csv,data/processed\y_train.csv,train_oof,0.1905491962006118
RFEXGB_LR_NoResample,RFEXGB,supervised,LR,NoResample,31,484,0.09300125301407754,0.06751822087662494,0.025483032137452594,0.1605194738907024,0.675,0.325,FP,118,80,data/processed\X_train_rfexgb.csv,data/processed\y_train.csv,train_oof,0.1905491962006118
RFEXGB_LR_NoResample,RFEXGB,supervised,LR,NoResample,32,566,0.0893599574254577,0.05851304377269277,0.030846913652764908,0.1478730011981505,0.45,0.55,FP,118,80,data/processed\X_train_rfexgb.csv,data/processed\y_train.csv,train_oof,0.1905491962006118
RFEXGB_LR_NoResample,RFEXGB,supervised,LR,NoResample,33,338,0.08748552693658171,0.4354270778106611,-0.3479415508740792,0.5229126047472427,0.5125,0.4875,FP,118,80,data/processed\X_train_rfexgb.csv,data/processed\y_train.csv,train_oof,0.1905491962006118
RFEXGB_LR_NoResample,RFEXGB,supervised,LR,NoResample,34,471,0.08689703852620079,0.03355307108553322,0.05334396744066757,0.12045010961173404,0.2625,0.7375,FP,118,80,data/processed\X_train_rfexgb.csv,data/processed\y_train.csv,train_oof,0.1905491962006118
RFEXGB_LR_NoResample,RFEXGB,supervised,LR,NoResample,35,423,0.08532548399996451,0.03942617552908699,0.04589930847087752,0.12475165952905154,0.5625,0.4375,FP,118,80,data/processed\X_train_rfexgb.csv,data/processed\y_train.csv,train_oof,0.1905491962006118
RFEXGB_LR_NoResample,RFEXGB,supervised,LR,NoResample,36,124,0.0837645760920993,0.032569695477021196,0.051194880615078084,0.11633427156912042,0.6375,0.3625,FP,118,80,data/processed\X_train_rfexgb.csv,data/processed\y_train.csv,train_oof,0.1905491962006118
RFEXGB_LR_NoResample,RFEXGB,supervised,LR,NoResample,37,102,0.08366506520547154,0.03384485535846934,0.04982020984700225,0.11750992056394091,0.6375,0.3625,FP,118,80,data/processed\X_train_rfexgb.csv,data/processed\y_train.csv,train_oof,0.1905491962006118
RFEXGB_LR_NoResample,RFEXGB,supervised,LR,NoResample,38,419,0.07971465815455046,0.05295415043225264,0.026760507722297832,0.13266880858680305,0.5625,0.4375,FP,118,80,data/processed\X_train_rfexgb.csv,data/processed\y_train.csv,train_oof,0.1905491962006118
RFEXGB_LR_NoResample,RFEXGB,supervised,LR,NoResample,39,561,0.07938117737359666,0.08315259408240051,-0.0037714167088038616,0.16253377145599715,0.4,0.6,FP,118,80,data/processed\X_train_rfexgb.csv,data/processed\y_train.csv,train_oof,0.1905491962006118
RFEXGB_LR_NoResample,RFEXGB,supervised,LR,NoResample,40,90,0.07742970872620403,0.11471112674039637,-0.03728141801419232,0.19214083546660043,0.4125,0.5875,FP,118,80,data/processed\X_train_rfexgb.csv,data/processed\y_train.csv,train_oof,0.1905491962006118
RFEXGB_LR_NoResample,RFEXGB,supervised,LR,NoResample,41,269,0.07562867061460857,0.14078730424932787,-0.06515863363471933,0.21641597486393643,0.3375,0.6625,FP,118,80,data/processed\X_train_rfexgb.csv,data/processed\y_train.csv,train_oof,0.1905491962006118
RFEXGB_LR_NoResample,RFEXGB,supervised,LR,NoResample,42,510,0.07265105264246666,0.039781253049825445,0.032869799592641205,0.1124323056922921,0.4375,0.5625,FP,118,80,data/processed\X_train_rfexgb.csv,data/processed\y_train.csv,train_oof,0.1905491962006118
RFEXGB_LR_NoResample,RFEXGB,supervised,LR,NoResample,43,551,0.07209462609759816,0.020678303903664146,0.051416322193934036,0.09277293000126227,0.3875,0.6125,FP,118,80,data/processed\X_train_rfexgb.csv,data/processed\y_train.csv,train_oof,0.1905491962006118
RFEXGB_LR_NoResample,RFEXGB,supervised,LR,NoResample,44,217,0.06803408977192346,0.044270519612902855,0.023763570159020607,0.11230460938482636,0.475,0.525,FP,118,80,data/processed\X_train_rfexgb.csv,data/processed\y_train.csv,train_oof,0.1905491962006118
RFEXGB_LR_NoResample,RFEXGB,supervised,LR,NoResample,45,98,0.06707814768399675,0.03229881888826937,0.03477932879572736,0.0993769665722661,0.5625,0.4375,FP,118,80,data/processed\X_train_rfexgb.csv,data/processed\y_train.csv,train_oof,0.1905491962006118
RFEXGB_LR_NoResample,RFEXGB,supervised,LR,NoResample,46,131,0.06339003332935732,0.144044831833784,-0.08065479850442671,0.2074348651631414,0.3,0.7,FP,118,80,data/processed\X_train_rfexgb.csv,data/processed\y_train.csv,train_oof,0.1905491962006118
RFEXGB_LR_NoResample,RFEXGB,supervised,LR,NoResample,47,349,0.06301957103193787,0.06952056210082777,-0.006500991068889931,0.13254013313276564,0.4375,0.5625,FP,118,80,data/processed\X_train_rfexgb.csv,data/processed\y_train.csv,train_oof,0.1905491962006118
RFEXGB_LR_NoResample,RFEXGB,supervised,LR,NoResample,48,589,0.06278363905363751,0.03139708089622706,0.03138655815741044,0.09418071994986459,0.75,0.25,FP,118,80,data/processed\X_train_rfexgb.csv,data/processed\y_train.csv,train_oof,0.1905491962006118
RFEXGB_LR_NoResample,RFEXGB,supervised,LR,NoResample,49,173,0.06265057360287626,0.10041854675060484,-0.037767973147728603,0.1630691203534811,0.475,0.525,FP,118,80,data/processed\X_train_rfexgb.csv,data/processed\y_train.csv,train_oof,0.1905491962006118
RFEXGB_LR_NoResample,RFEXGB,supervised,LR,NoResample,50,144,0.06098357878096764,0.04039954136044531,0.02058403742052234,0.10138312014141293,0.7,0.3,FP,118,80,data/processed\X_train_rfexgb.csv,data/processed\y_train.csv,train_oof,0.1905491962006118
RFEXGB_LR_NoResample,RFEXGB,supervised,LR,NoResample,51,183,0.060050020827051576,0.05649244915929079,0.003557571667760797,0.11654246998634243,0.5125,0.4875,FP,118,80,data/processed\X_train_rfexgb.csv,data/processed\y_train.csv,train_oof,0.1905491962006118
RFEXGB_LR_NoResample,RFEXGB,supervised,LR,NoResample,52,100,0.05775921357041599,0.02719878310987845,0.03056043046053756,0.08495799668029444,0.6,0.4,FP,118,80,data/processed\X_train_rfexgb.csv,data/processed\y_train.csv,train_oof,0.1905491962006118
RFEXGB_LR_NoResample,RFEXGB,supervised,LR,NoResample,53,547,0.056074880756025444,0.04322954763507611,0.01284533312094933,0.09930442839110155,0.6,0.4,FP,118,80,data/processed\X_train_rfexgb.csv,data/processed\y_train.csv,train_oof,0.1905491962006118
RFEXGB_LR_NoResample,RFEXGB,supervised,LR,NoResample,54,310,0.0556897326819583,0.06607109895687846,-0.010381366274920128,0.12176083163883678,0.4375,0.5625,FP,118,80,data/processed\X_train_rfexgb.csv,data/processed\y_train.csv,train_oof,0.1905491962006118
RFEXGB_LR_NoResample,RFEXGB,supervised,LR,NoResample,55,586,0.055669221491862285,0.05573351979261647,-6.42983007541887e-05,0.11140274128447876,0.4625,0.5375,FP,118,80,data/processed\X_train_rfexgb.csv,data/processed\y_train.csv,train_oof,0.1905491962006118
RFEXGB_LR_NoResample,RFEXGB,supervised,LR,NoResample,56,31,0.053856853964088625,0.0675662760841298,-0.013709422120041153,0.12142313004821847,0.8,0.2,FP,118,80,data/processed\X_train_rfexgb.csv,data/processed\y_train.csv,train_oof,0.1905491962006118
RFEXGB_LR_NoResample,RFEXGB,supervised,LR,NoResample,57,588,0.05376073736161087,0.06336445013271991,-0.009603712771109057,0.1171251874943308,0.325,0.675,FP,118,80,data/processed\X_train_rfexgb.csv,data/processed\y_train.csv,train_oof,0.1905491962006118
RFEXGB_LR_NoResample,RFEXGB,supervised,LR,NoResample,58,125,0.0537605917154201,0.12772726377756388,-0.07396667206214383,0.18148785549298393,0.375,0.625,FP,118,80,data/processed\X_train_rfexgb.csv,data/processed\y_train.csv,train_oof,0.1905491962006118
RFEXGB_LR_NoResample,RFEXGB,supervised,LR,NoResample,59,68,0.05289133032984803,0.030200267430575252,0.02269106289927278,0.0830915977604233,0.6,0.4,FP,118,80,data/processed\X_train_rfexgb.csv,data/processed\y_train.csv,train_oof,0.1905491962006118
RFEXGB_LR_NoResample,RFEXGB,supervised,LR,NoResample,60,71,0.05234889434602365,0.09290783104740388,-0.04055893670138025,0.14525672539342754,0.3625,0.6375,FP,118,80,data/processed\X_train_rfexgb.csv,data/processed\y_train.csv,train_oof,0.1905491962006118
RFEXGB_LR_NoResample,RFEXGB,supervised,LR,NoResample,61,377,0.05014463570247994,0.030858237355372277,0.01928639834710768,0.08100287305785228,0.6375,0.3625,FP,118,80,data/processed\X_train_rfexgb.csv,data/processed\y_train.csv,train_oof,0.1905491962006118
RFEXGB_LR_NoResample,RFEXGB,supervised,LR,NoResample,62,51,0.04962426170756239,0.04709591313064409,0.0025283485769183106,0.09672017483820654,0.6125,0.3875,FP,118,80,data/processed\X_train_rfexgb.csv,data/processed\y_train.csv,train_oof,0.1905491962006118
RFEXGB_LR_NoResample,RFEXGB,supervised,LR,NoResample,63,296,0.04861652759196905,0.04400070028199356,0.004615827309975495,0.09261722787396268,0.6375,0.3625,FP,118,80,data/processed\X_train_rfexgb.csv,data/processed\y_train.csv,train_oof,0.1905491962006118
RFEXGB_LR_NoResample,RFEXGB,supervised,LR,NoResample,64,433,0.047804048995017515,0.03317694950931151,0.014627099485706018,0.08098099850432905,0.4625,0.5375,FP,118,80,data/processed\X_train_rfexgb.csv,data/processed\y_train.csv,train_oof,0.1905491962006118
RFEXGB_LR_NoResample,RFEXGB,supervised,LR,NoResample,65,154,0.046702539671450584,0.060247212014782656,-0.013544672343332047,0.10694975168623325,0.4625,0.5375,FP,118,80,data/processed\X_train_rfexgb.csv,data/processed\y_train.csv,train_oof,0.1905491962006118
RFEXGB_LR_NoResample,RFEXGB,supervised,LR,NoResample,66,406,0.04641482085874902,0.0630985460633898,-0.016683725204640804,0.10951336692213882,0.525,0.475,FP,118,80,data/processed\X_train_rfexgb.csv,data/processed\y_train.csv,train_oof,0.1905491962006118
RFEXGB_LR_NoResample,RFEXGB,supervised,LR,NoResample,67,91,0.045368452788570844,0.05800526935315843,-0.012636816564587594,0.10337372214172938,0.5,0.5,FP,118,80,data/processed\X_train_rfexgb.csv,data/processed\y_train.csv,train_oof,0.1905491962006118
RFEXGB_LR_NoResample,RFEXGB,supervised,LR,NoResample,68,405,0.04487309214081929,0.06001419005656503,-0.015141097915745732,0.10488728219738434,0.425,0.575,FP,118,80,data/processed\X_train_rfexgb.csv,data/processed\y_train.csv,train_oof,0.1905491962006118
RFEXGB_LR_NoResample,RFEXGB,supervised,LR,NoResample,69,156,0.043977954952345175,0.010148010171935774,0.03382994478040942,0.05412596512428096,0.3625,0.6375,FP,118,80,data/processed\X_train_rfexgb.csv,data/processed\y_train.csv,train_oof,0.1905491962006118
RFEXGB_LR_NoResample,RFEXGB,supervised,LR,NoResample,70,92,0.04367001260490501,0.07253066569655332,-0.028860653091648324,0.11620067830145835,0.4,0.6,FP,118,80,data/processed\X_train_rfexgb.csv,data/processed\y_train.csv,train_oof,0.1905491962006118
RFEXGB_LR_NoResample,RFEXGB,supervised,LR,NoResample,71,84,0.04328641688904511,0.02996936913162835,0.013317047757416767,0.07325578602067351,0.5625,0.4375,FP,118,80,data/processed\X_train_rfexgb.csv,data/processed\y_train.csv,train_oof,0.1905491962006118
RFEXGB_LR_NoResample,RFEXGB,supervised,LR,NoResample,72,334,0.04323330045911429,0.18080633551854455,-0.1375730350594303,0.22403963597765894,0.625,0.375,FP,118,80,data/processed\X_train_rfexgb.csv,data/processed\y_train.csv,train_oof,0.1905491962006118
RFEXGB_LR_NoResample,RFEXGB,supervised,LR,NoResample,73,344,0.04077913317760216,0.06330750063755193,-0.0225283674599498,0.10408663381515408,0.475,0.525,FP,118,80,data/processed\X_train_rfexgb.csv,data/processed\y_train.csv,train_oof,0.1905491962006118
RFEXGB_LR_NoResample,RFEXGB,supervised,LR,NoResample,74,553,0.039157895260333093,0.07233442651840012,-0.033176531258067014,0.11149232177873322,0.5625,0.4375,FP,118,80,data/processed\X_train_rfexgb.csv,data/processed\y_train.csv,train_oof,0.1905491962006118
RFEXGB_LR_NoResample,RFEXGB,supervised,LR,NoResample,75,480,0.038809422397007895,0.0670117143836893,-0.0282022919866814,0.1058211367806972,0.575,0.425,FP,118,80,data/processed\X_train_rfexgb.csv,data/processed\y_train.csv,train_oof,0.1905491962006118
RFEXGB_LR_NoResample,RFEXGB,supervised,LR,NoResample,76,295,0.03875503364408786,0.007405937850062003,0.03134909579402585,0.04616097149414987,0.525,0.475,FP,118,80,data/processed\X_train_rfexgb.csv,data/processed\y_train.csv,train_oof,0.1905491962006118
RFEXGB_LR_NoResample,RFEXGB,supervised,LR,NoResample,77,79,0.03670223107234405,0.00827823435005543,0.028423996722288614,0.04498046542239949,0.6875,0.3125,FP,118,80,data/processed\X_train_rfexgb.csv,data/processed\y_train.csv,train_oof,0.1905491962006118
RFEXGB_LR_NoResample,RFEXGB,supervised,LR,NoResample,78,77,0.03363665222757216,0.053203997634517365,-0.019567345406945217,0.08684064986208953,0.4625,0.5375,FP,118,80,data/processed\X_train_rfexgb.csv,data/processed\y_train.csv,train_oof,0.1905491962006118
RFEXGB_LR_NoResample,RFEXGB,supervised,LR,NoResample,79,271,0.030144439895693424,0.013968182498288767,0.016176257397404657,0.044112622393982184,0.5875,0.4125,FP,118,80,data/processed\X_train_rfexgb.csv,data/processed\y_train.csv,train_oof,0.1905491962006118
RFEXGB_LR_NoResample,RFEXGB,supervised,LR,NoResample,80,316,0.029974589798018814,0.02406081848662199,0.005913771311396821,0.05403540828464083,0.45,0.55,FP,118,80,data/processed\X_train_rfexgb.csv,data/processed\y_train.csv,train_oof,0.1905491962006118
RFEXGB_LR_NoResample,RFEXGB,supervised,LR,NoResample,81,58,0.029287352532202278,0.01884984942488847,0.010437503107313806,0.048137201957090765,0.575,0.425,FP,118,80,data/processed\X_train_rfexgb.csv,data/processed\y_train.csv,train_oof,0.1905491962006118
RFEXGB_LR_NoResample,RFEXGB,supervised,LR,NoResample,82,348,0.027748607233717183,0.010421014871581572,0.017327592362135626,0.03816962210529877,0.5625,0.4375,FP,118,80,data/processed\X_train_rfexgb.csv,data/processed\y_train.csv,train_oof,0.1905491962006118
RFEXGB_LR_NoResample,RFEXGB,supervised,LR,NoResample,83,30,0.02586162310332381,0.022924355073784645,0.0029372680295391626,0.048785978177108454,0.5625,0.4375,FP,118,80,data/processed\X_train_rfexgb.csv,data/processed\y_train.csv,train_oof,0.1905491962006118
RFEXGB_LR_NoResample,RFEXGB,supervised,LR,NoResample,84,63,0.0251368061901185,0.07134055123958978,-0.04620374504947129,0.09647735742970827,0.525,0.475,FP,118,80,data/processed\X_train_rfexgb.csv,data/processed\y_train.csv,train_oof,0.1905491962006118
RFEXGB_LR_NoResample,RFEXGB,supervised,LR,NoResample,85,39,0.022442531143264544,0.03405956592394463,-0.011617034780680083,0.05650209706720918,0.6,0.4,FP,118,80,data/processed\X_train_rfexgb.csv,data/processed\y_train.csv,train_oof,0.1905491962006118
RFEXGB_LR_NoResample,RFEXGB,supervised,LR,NoResample,86,353,0.02181379632255404,0.012915568325101448,0.008898227997452598,0.03472936464765549,0.475,0.525,FP,118,80,data/processed\X_train_rfexgb.csv,data/processed\y_train.csv,train_oof,0.1905491962006118
RFEXGB_LR_NoResample,RFEXGB,supervised,LR,NoResample,87,81,0.02160092799733537,0.035141746240064595,-0.013540818242729232,0.05674267423739995,0.45,0.55,FP,118,80,data/processed\X_train_rfexgb.csv,data/processed\y_train.csv,train_oof,0.1905491962006118
RFEXGB_LR_NoResample,RFEXGB,supervised,LR,NoResample,88,227,0.021476816709999798,0.024926834659238027,-0.0034500179492382285,0.04640365136923782,0.6875,0.3125,FP,118,80,data/processed\X_train_rfexgb.csv,data/processed\y_train.csv,train_oof,0.1905491962006118
RFEXGB_LR_NoResample,RFEXGB,supervised,LR,NoResample,89,182,0.021153390642708252,0.015367207976345238,0.0057861826663630125,0.03652059861905348,0.6125,0.3875,FP,118,80,data/processed\X_train_rfexgb.csv,data/processed\y_train.csv,train_oof,0.1905491962006118
RFEXGB_LR_NoResample,RFEXGB,supervised,LR,NoResample,90,354,0.01968045732934381,0.026520322270922048,-0.006839864941578235,0.04620077960026588,0.475,0.525,FP,118,80,data/processed\X_train_rfexgb.csv,data/processed\y_train.csv,train_oof,0.1905491962006118
RFEXGB_LR_NoResample,RFEXGB,supervised,LR,NoResample,91,489,0.018838743075217258,0.02127970425538526,-0.0024409611801680035,0.04011844733060252,0.45,0.55,FP,118,80,data/processed\X_train_rfexgb.csv,data/processed\y_train.csv,train_oof,0.1905491962006118
RFEXGB_LR_NoResample,RFEXGB,supervised,LR,NoResample,92,9,0.018619176418969756,0.020481147374279918,-0.0018619709553101625,0.03910032379324968,0.5125,0.4875,FP,118,80,data/processed\X_train_rfexgb.csv,data/processed\y_train.csv,train_oof,0.1905491962006118
RFEXGB_LR_NoResample,RFEXGB,supervised,LR,NoResample,93,25,0.01737420500138038,0.05025268917574984,-0.03287848417436947,0.06762689417713023,0.6875,0.3125,FP,118,80,data/processed\X_train_rfexgb.csv,data/processed\y_train.csv,train_oof,0.1905491962006118
RFEXGB_LR_NoResample,RFEXGB,supervised,LR,NoResample,94,139,0.0160934215866274,0.009069053443844082,0.007024368142783314,0.025162475030471487,0.7125,0.2875,FP,118,80,data/processed\X_train_rfexgb.csv,data/processed\y_train.csv,train_oof,0.1905491962006118
RFEXGB_LR_NoResample,RFEXGB,supervised,LR,NoResample,95,24,0.015605316005956835,0.011759451163999526,0.003845864841957314,0.027364767169956346,0.475,0.525,FP,118,80,data/processed\X_train_rfexgb.csv,data/processed\y_train.csv,train_oof,0.1905491962006118
RFEXGB_LR_NoResample,RFEXGB,supervised,LR,NoResample,96,412,0.013431713032649163,0.022990763964220465,-0.009559050931571306,0.03642247699686964,0.275,0.725,FP,118,80,data/processed\X_train_rfexgb.csv,data/processed\y_train.csv,train_oof,0.1905491962006118
RFEXGB_LR_NoResample,RFEXGB,supervised,LR,NoResample,97,574,0.011461289869697756,0.012256690810410354,-0.0007954009407125952,0.023717980680108112,0.9625,0.0375,FP,118,80,data/processed\X_train_rfexgb.csv,data/processed\y_train.csv,train_oof,0.1905491962006118
RFEXGB_LR_NoResample,RFEXGB,supervised,LR,NoResample,98,165,0.010478107020456017,0.04468579944425101,-0.034207692423795,0.05516390646470705,0.6375,0.3625,FP,118,80,data/processed\X_train_rfexgb.csv,data/processed\y_train.csv,train_oof,0.1905491962006118
RFEXGB_LR_NoResample,RFEXGB,supervised,LR,NoResample,99,116,0.010431707110452649,0.004945334871269239,0.0054863722391834124,0.015377041981721892,0.125,0.875,FP,118,80,data/processed\X_train_rfexgb.csv,data/processed\y_train.csv,train_oof,0.1905491962006118
RFEXGB_LR_NoResample,RFEXGB,supervised,LR,NoResample,100,162,0.010196588657181474,0.007495450143968546,0.0027011385132129266,0.017692038801150025,0.75,0.25,FP,118,80,data/processed\X_train_rfexgb.csv,data/processed\y_train.csv,train_oof,0.1905491962006118
RFEXGB_LR_NoResample,RFEXGB,supervised,LR,NoResample,101,28,0.010162594965664247,0.0045319171123589805,0.0056306778533052665,0.014694512078023228,0.65,0.35,FP,118,80,data/processed\X_train_rfexgb.csv,data/processed\y_train.csv,train_oof,0.1905491962006118
RFEXGB_LR_NoResample,RFEXGB,supervised,LR,NoResample,102,8,0.009201251169263108,0.02022888835246054,-0.011027637183197433,0.029430139521723648,0.4125,0.5875,FP,118,80,data/processed\X_train_rfexgb.csv,data/processed\y_train.csv,train_oof,0.1905491962006118
RFEXGB_LR_NoResample,RFEXGB,supervised,LR,NoResample,103,2,0.005323068285806368,0.010084203473689936,-0.004761135187883569,0.0154072717594963,0.425,0.575,FP,118,80,data/processed\X_train_rfexgb.csv,data/processed\y_train.csv,train_oof,0.1905491962006118
RFEXGB_LR_NoResample,RFEXGB,supervised,LR,NoResample,104,0,0.0044965280161736055,0.0018721650269748042,0.002624362989198802,0.006368693043148412,0.6125,0.3875,FP,118,80,data/processed\X_train_rfexgb.csv,data/processed\y_train.csv,train_oof,0.1905491962006118
RFEXGB_LR_NoResample,RFEXGB,supervised,LR,NoResample,105,18,0.0024019224047709922,0.0022526051831014255,0.00014931722166956667,0.004654527587872418,0.55,0.45,FP,118,80,data/processed\X_train_rfexgb.csv,data/processed\y_train.csv,train_oof,0.1905491962006118
RFEXGB_LR_NoResample,RFEXGB,supervised,LR,NoResample,106,126,0.0013894606752712492,0.0014107434427261703,-2.1282767454920585e-05,0.0028002041179974175,0.5,0.5,FP,118,80,data/processed\X_train_rfexgb.csv,data/processed\y_train.csv,train_oof,0.1905491962006118
RFEXGB_LR_NoResample,RFEXGB,supervised,LR,NoResample,107,37,0.00121917449981424,0.0017518639366232234,-0.0005326894368089836,0.002971038436437464,0.375,0.625,FP,118,80,data/processed\X_train_rfexgb.csv,data/processed\y_train.csv,train_oof,0.1905491962006118
RFEXGB_LR_NoResample,RFEXGB,supervised,LR,NoResample,108,88,0.0010309657208110406,0.0012066406231600803,-0.00017567490234904004,0.00223760634397112,0.5125,0.4875,FP,118,80,data/processed\X_train_rfexgb.csv,data/processed\y_train.csv,train_oof,0.1905491962006118
RFEXGB_LR_NoResample,RFEXGB,supervised,LR,NoResample,109,15,0.0006075841259453862,0.00278575187845059,-0.002178167752505204,0.0033933360043959778,0.4125,0.5875,FP,118,80,data/processed\X_train_rfexgb.csv,data/processed\y_train.csv,train_oof,0.1905491962006118
RFEXGB_LR_NoResample,RFEXGB,supervised,LR,NoResample,110,252,0.0003575342778037517,0.0006008315216514345,-0.00024329724384768283,0.0009583657994551858,0.5375,0.4625,FP,118,80,data/processed\X_train_rfexgb.csv,data/processed\y_train.csv,train_oof,0.1905491962006118
RFEXGB_LR_NoResample,RFEXGB,supervised,LR,NoResample,111,67,0.00016913698977141274,0.5728058603225733,-0.5726367233328019,0.5729749973123448,0.4875,0.5125,FP,118,80,data/processed\X_train_rfexgb.csv,data/processed\y_train.csv,train_oof,0.1905491962006118
RFEXGB_LR_NoResample,RFEXGB,supervised,LR,NoResample,112,275,2.8892891977833372e-05,3.628920589754035e-05,-7.396313919706971e-06,6.518209787537374e-05,0.55,0.45,FP,118,80,data/processed\X_train_rfexgb.csv,data/processed\y_train.csv,train_oof,0.1905491962006118
RFERF_LR_SMOTE,RFERF,supervised,LR,SMOTE,1,59,1.6289417137760331,0.23321019187247746,1.395731521903556,1.8621519056485099,0.625,0.375,FP,188,80,data/processed\X_train_rferf.csv,data/processed\y_train.csv,train_oof,0.2526011564304778
RFERF_LR_SMOTE,RFERF,supervised,LR,SMOTE,2,64,1.0498626395368778,0.6137926508572853,0.4360699886795924,1.6636552903941628,0.5,0.5,FP,188,80,data/processed\X_train_rferf.csv,data/processed\y_train.csv,train_oof,0.2526011564304778
RFERF_LR_SMOTE,RFERF,supervised,LR,SMOTE,3,56,0.7558541075633199,0.36425746699450917,0.39159664056881066,1.1201115745578294,0.7375,0.2625,FP,188,80,data/processed\X_train_rferf.csv,data/processed\y_train.csv,train_oof,0.2526011564304778
RFERF_LR_SMOTE,RFERF,supervised,LR,SMOTE,4,280,0.43989867622631273,0.06152311166472683,0.378375564561586,0.5014217878910394,0.8125,0.1875,FP,188,80,data/processed\X_train_rferf.csv,data/processed\y_train.csv,train_oof,0.2526011564304778
RFERF_LR_SMOTE,RFERF,supervised,LR,SMOTE,5,132,0.41600606513831495,0.45696920625653314,-0.04096314111821823,0.8729752713948482,0.4875,0.5125,FP,188,80,data/processed\X_train_rferf.csv,data/processed\y_train.csv,train_oof,0.2526011564304778
RFERF_LR_SMOTE,RFERF,supervised,LR,SMOTE,6,477,0.39136805657621887,0.03947105799971669,0.3518969985765022,0.4308391145759356,0.475,0.525,FP,188,80,data/processed\X_train_rferf.csv,data/processed\y_train.csv,train_oof,0.2526011564304778
RFERF_LR_SMOTE,RFERF,supervised,LR,SMOTE,7,200,0.35039547682953054,0.12445030802627681,0.22594516880325372,0.4748457848558073,0.5375,0.4625,FP,188,80,data/processed\X_train_rferf.csv,data/processed\y_train.csv,train_oof,0.2526011564304778
RFERF_LR_SMOTE,RFERF,supervised,LR,SMOTE,8,129,0.3350302422236212,0.1729102306920546,0.16212001153156652,0.5079404729156758,0.775,0.225,FP,188,80,data/processed\X_train_rferf.csv,data/processed\y_train.csv,train_oof,0.2526011564304778
RFERF_LR_SMOTE,RFERF,supervised,LR,SMOTE,9,486,0.3316179987211566,0.1862805628894725,0.14533743583168407,0.5178985616106291,0.5375,0.4625,FP,188,80,data/processed\X_train_rferf.csv,data/processed\y_train.csv,train_oof,0.2526011564304778
RFERF_LR_SMOTE,RFERF,supervised,LR,SMOTE,10,55,0.3309080540067618,0.3449930544953864,-0.014085000488624832,0.6759011085021482,0.475,0.525,FP,188,80,data/processed\X_train_rferf.csv,data/processed\y_train.csv,train_oof,0.2526011564304778
RFERF_LR_SMOTE,RFERF,supervised,LR,SMOTE,11,43,0.3035764822016515,0.33101755262346977,-0.02744107042181822,0.6345940348251211,0.4375,0.5625,FP,188,80,data/processed\X_train_rferf.csv,data/processed\y_train.csv,train_oof,0.2526011564304778
RFERF_LR_SMOTE,RFERF,supervised,LR,SMOTE,12,416,0.3028072928785347,0.10211732758182879,0.20068996529670588,0.40492462046036337,0.675,0.325,FP,188,80,data/processed\X_train_rferf.csv,data/processed\y_train.csv,train_oof,0.2526011564304778
RFERF_LR_SMOTE,RFERF,supervised,LR,SMOTE,13,137,0.302784584522885,0.11899624233585551,0.18378834218702947,0.4217808268587403,0.675,0.325,FP,188,80,data/processed\X_train_rferf.csv,data/processed\y_train.csv,train_oof,0.2526011564304778
RFERF_LR_SMOTE,RFERF,supervised,LR,SMOTE,14,19,0.28337501141929583,0.03044142058231982,0.25293359083697603,0.3138164320016157,0.825,0.175,FP,188,80,data/processed\X_train_rferf.csv,data/processed\y_train.csv,train_oof,0.2526011564304778
RFERF_LR_SMOTE,RFERF,supervised,LR,SMOTE,15,183,0.28268828580061267,0.16693328645061625,0.11575499934999647,0.44962157225122884,0.6,0.4,FP,188,80,data/processed\X_train_rferf.csv,data/processed\y_train.csv,train_oof,0.2526011564304778
RFERF_LR_SMOTE,RFERF,supervised,LR,SMOTE,16,21,0.2602710068063867,0.091519576564749,0.1687514302416377,0.35179058337113567,0.6875,0.3125,FP,188,80,data/processed\X_train_rferf.csv,data/processed\y_train.csv,train_oof,0.2526011564304778
RFERF_LR_SMOTE,RFERF,supervised,LR,SMOTE,17,130,0.23443845762073293,0.13768282086662448,0.09675563675410839,0.3721212784873575,0.5625,0.4375,FP,188,80,data/processed\X_train_rferf.csv,data/processed\y_train.csv,train_oof,0.2526011564304778
RFERF_LR_SMOTE,RFERF,supervised,LR,SMOTE,18,122,0.23051638611706143,0.08714461714175002,0.14337176897531143,0.3176610032588115,0.6375,0.3625,FP,188,80,data/processed\X_train_rferf.csv,data/processed\y_train.csv,train_oof,0.2526011564304778
RFERF_LR_SMOTE,RFERF,supervised,LR,SMOTE,19,65,0.2148628404860772,0.4543962386014725,-0.23953339811539515,0.6692590790875497,0.525,0.475,FP,188,80,data/processed\X_train_rferf.csv,data/processed\y_train.csv,train_oof,0.2526011564304778
RFERF_LR_SMOTE,RFERF,supervised,LR,SMOTE,20,25,0.20791763079128903,0.29490031537160943,-0.08698268458032041,0.5028179461628989,0.8125,0.1875,FP,188,80,data/processed\X_train_rferf.csv,data/processed\y_train.csv,train_oof,0.2526011564304778
RFERF_LR_SMOTE,RFERF,supervised,LR,SMOTE,21,63,0.2058047196660338,0.6053860888802733,-0.3995813692142395,0.8111908085463069,0.525,0.475,FP,188,80,data/processed\X_train_rferf.csv,data/processed\y_train.csv,train_oof,0.2526011564304778
RFERF_LR_SMOTE,RFERF,supervised,LR,SMOTE,22,75,0.202735351024197,0.18649894415529694,0.016236406868900124,0.38923429517949404,0.5625,0.4375,FP,188,80,data/processed\X_train_rferf.csv,data/processed\y_train.csv,train_oof,0.2526011564304778
RFERF_LR_SMOTE,RFERF,supervised,LR,SMOTE,23,582,0.1908375994495623,0.10681054861820212,0.08402705083136021,0.2976481480677643,0.575,0.425,FP,188,80,data/processed\X_train_rferf.csv,data/processed\y_train.csv,train_oof,0.2526011564304778
RFERF_LR_SMOTE,RFERF,supervised,LR,SMOTE,24,452,0.19077533908670774,0.1372658526050831,0.053509486481624666,0.3280411916917908,0.525,0.475,FP,188,80,data/processed\X_train_rferf.csv,data/processed\y_train.csv,train_oof,0.2526011564304778
RFERF_LR_SMOTE,RFERF,supervised,LR,SMOTE,25,586,0.1893427693248764,0.17363306562856332,0.015709703696313037,0.3629758349534396,0.425,0.575,FP,188,80,data/processed\X_train_rferf.csv,data/processed\y_train.csv,train_oof,0.2526011564304778
RFERF_LR_SMOTE,RFERF,supervised,LR,SMOTE,26,103,0.18707327797683834,0.04626842575484409,0.1408048522219943,0.23334170373168245,0.625,0.375,FP,188,80,data/processed\X_train_rferf.csv,data/processed\y_train.csv,train_oof,0.2526011564304778
RFERF_LR_SMOTE,RFERF,supervised,LR,SMOTE,27,333,0.18258807571578875,0.02053229577765029,0.16205577993813844,0.20312037149343917,0.55,0.45,FP,188,80,data/processed\X_train_rferf.csv,data/processed\y_train.csv,train_oof,0.2526011564304778
RFERF_LR_SMOTE,RFERF,supervised,LR,SMOTE,28,316,0.17455526949640376,0.19535114655494717,-0.020795877058543334,0.3699064160513508,0.6375,0.3625,FP,188,80,data/processed\X_train_rferf.csv,data/processed\y_train.csv,train_oof,0.2526011564304778
RFERF_LR_SMOTE,RFERF,supervised,LR,SMOTE,29,14,0.17129482256480538,0.1104754290183213,0.060819393546484045,0.28177025158312663,0.6,0.4,FP,188,80,data/processed\X_train_rferf.csv,data/processed\y_train.csv,train_oof,0.2526011564304778
RFERF_LR_SMOTE,RFERF,supervised,LR,SMOTE,30,133,0.1657393701212346,0.07282806330367442,0.09291130681756019,0.23856743342490896,0.725,0.275,FP,188,80,data/processed\X_train_rferf.csv,data/processed\y_train.csv,train_oof,0.2526011564304778
RFERF_LR_SMOTE,RFERF,supervised,LR,SMOTE,31,47,0.16488060875343521,0.12386519929149278,0.041015409461942445,0.2887458080449279,0.6125,0.3875,FP,188,80,data/processed\X_train_rferf.csv,data/processed\y_train.csv,train_oof,0.2526011564304778
RFERF_LR_SMOTE,RFERF,supervised,LR,SMOTE,32,281,0.1489396962545773,0.047673823932551165,0.10126587232202615,0.19661352018712838,0.7875,0.2125,FP,188,80,data/processed\X_train_rferf.csv,data/processed\y_train.csv,train_oof,0.2526011564304778
RFERF_LR_SMOTE,RFERF,supervised,LR,SMOTE,33,525,0.145959155529871,0.144686764299695,0.0012723912301759624,0.290645919829566,0.5125,0.4875,FP,188,80,data/processed\X_train_rferf.csv,data/processed\y_train.csv,train_oof,0.2526011564304778
RFERF_LR_SMOTE,RFERF,supervised,LR,SMOTE,34,33,0.14231308249880037,0.02138120018362364,0.12093188231517675,0.163694282682424,0.5375,0.4625,FP,188,80,data/processed\X_train_rferf.csv,data/processed\y_train.csv,train_oof,0.2526011564304778
RFERF_LR_SMOTE,RFERF,supervised,LR,SMOTE,35,428,0.1417091042408639,0.006053542394858866,0.135655561846005,0.14776264663572275,0.8625,0.1375,FP,188,80,data/processed\X_train_rferf.csv,data/processed\y_train.csv,train_oof,0.2526011564304778
RFERF_LR_SMOTE,RFERF,supervised,LR,SMOTE,36,563,0.14106565947093028,0.09882318804660506,0.04224247142432526,0.23988884751753536,0.65,0.35,FP,188,80,data/processed\X_train_rferf.csv,data/processed\y_train.csv,train_oof,0.2526011564304778
RFERF_LR_SMOTE,RFERF,supervised,LR,SMOTE,37,423,0.13896548716617876,0.1000407727459836,0.03892471442019512,0.23900625991216237,0.475,0.525,FP,188,80,data/processed\X_train_rferf.csv,data/processed\y_train.csv,train_oof,0.2526011564304778
RFERF_LR_SMOTE,RFERF,supervised,LR,SMOTE,38,144,0.13713990185591746,0.026057296520292268,0.11108260533562517,0.16319719837620963,0.8,0.2,FP,188,80,data/processed\X_train_rferf.csv,data/processed\y_train.csv,train_oof,0.2526011564304778
RFERF_LR_SMOTE,RFERF,supervised,LR,SMOTE,39,348,0.1338069850567818,0.05867034480075819,0.07513664025602361,0.19247732985753999,0.5,0.5,FP,188,80,data/processed\X_train_rferf.csv,data/processed\y_train.csv,train_oof,0.2526011564304778
RFERF_LR_SMOTE,RFERF,supervised,LR,SMOTE,40,57,0.1270678677376727,0.09726919081464677,0.029798676923025947,0.22433705855231945,0.55,0.45,FP,188,80,data/processed\X_train_rferf.csv,data/processed\y_train.csv,train_oof,0.2526011564304778
RFERF_LR_SMOTE,RFERF,supervised,LR,SMOTE,41,490,0.1107804672330123,0.07661099093124871,0.034169476301763604,0.187391458164261,0.65,0.35,FP,188,80,data/processed\X_train_rferf.csv,data/processed\y_train.csv,train_oof,0.2526011564304778
RFERF_LR_SMOTE,RFERF,supervised,LR,SMOTE,42,107,0.11048941220014248,0.10425385429972867,0.006235557900413837,0.21474326649987113,0.425,0.575,FP,188,80,data/processed\X_train_rferf.csv,data/processed\y_train.csv,train_oof,0.2526011564304778
RFERF_LR_SMOTE,RFERF,supervised,LR,SMOTE,43,295,0.10774732033443701,0.036994703335596145,0.07075261699884086,0.1447420236700332,0.4625,0.5375,FP,188,80,data/processed\X_train_rferf.csv,data/processed\y_train.csv,train_oof,0.2526011564304778
RFERF_LR_SMOTE,RFERF,supervised,LR,SMOTE,44,273,0.10331091404448803,0.15054783676960187,-0.04723692272511385,0.25385875081408993,0.2625,0.7375,FP,188,80,data/processed\X_train_rferf.csv,data/processed\y_train.csv,train_oof,0.2526011564304778
RFERF_LR_SMOTE,RFERF,supervised,LR,SMOTE,45,480,0.0979844842433907,0.1259528131556659,-0.02796832891227523,0.2239372973990566,0.575,0.425,FP,188,80,data/processed\X_train_rferf.csv,data/processed\y_train.csv,train_oof,0.2526011564304778
RFERF_LR_SMOTE,RFERF,supervised,LR,SMOTE,46,125,0.09566432260702337,0.17187789972070172,-0.0762135771136783,0.26754222232772507,0.4,0.6,FP,188,80,data/processed\X_train_rferf.csv,data/processed\y_train.csv,train_oof,0.2526011564304778
RFERF_LR_SMOTE,RFERF,supervised,LR,SMOTE,47,124,0.09535839633945227,0.04573664108415032,0.04962175525530192,0.14109503742360252,0.5875,0.4125,FP,188,80,data/processed\X_train_rferf.csv,data/processed\y_train.csv,train_oof,0.2526011564304778
RFERF_LR_SMOTE,RFERF,supervised,LR,SMOTE,48,468,0.09403736253860184,0.1755931651531331,-0.08155580261453124,0.2696305276917349,0.225,0.775,FP,188,80,data/processed\X_train_rferf.csv,data/processed\y_train.csv,train_oof,0.2526011564304778
RFERF_LR_SMOTE,RFERF,supervised,LR,SMOTE,49,405,0.08769675638720965,0.11135378289361068,-0.02365702650640104,0.19905053928082034,0.4875,0.5125,FP,188,80,data/processed\X_train_rferf.csv,data/processed\y_train.csv,train_oof,0.2526011564304778
RFERF_LR_SMOTE,RFERF,supervised,LR,SMOTE,50,217,0.08684369992274621,0.06122409777696057,0.02561960214578558,0.14806779769970674,0.5,0.5,FP,188,80,data/processed\X_train_rferf.csv,data/processed\y_train.csv,train_oof,0.2526011564304778
RFERF_LR_SMOTE,RFERF,supervised,LR,SMOTE,51,102,0.0833874673660778,0.040756129527673685,0.042631337838404115,0.12414359689375146,0.6375,0.3625,FP,188,80,data/processed\X_train_rferf.csv,data/processed\y_train.csv,train_oof,0.2526011564304778
RFERF_LR_SMOTE,RFERF,supervised,LR,SMOTE,52,24,0.08187885750110098,0.04554905358996779,0.03632980391113318,0.1274279110910687,0.5125,0.4875,FP,188,80,data/processed\X_train_rferf.csv,data/processed\y_train.csv,train_oof,0.2526011564304778
RFERF_LR_SMOTE,RFERF,supervised,LR,SMOTE,53,91,0.07772491314527932,0.09409640249936282,-0.016371489354083488,0.17182131564464215,0.4625,0.5375,FP,188,80,data/processed\X_train_rferf.csv,data/processed\y_train.csv,train_oof,0.2526011564304778
RFERF_LR_SMOTE,RFERF,supervised,LR,SMOTE,54,115,0.07530121661519772,0.06309806974368945,0.012203146871508258,0.13839928635888715,0.4625,0.5375,FP,188,80,data/processed\X_train_rferf.csv,data/processed\y_train.csv,train_oof,0.2526011564304778
RFERF_LR_SMOTE,RFERF,supervised,LR,SMOTE,55,16,0.0743745867008981,0.06391304131174233,0.010461545389155707,0.13828762801264036,0.525,0.475,FP,188,80,data/processed\X_train_rferf.csv,data/processed\y_train.csv,train_oof,0.2526011564304778
RFERF_LR_SMOTE,RFERF,supervised,LR,SMOTE,56,484,0.06919022652957796,0.05277901970858142,0.016411206820996525,0.12196924623815945,0.7,0.3,FP,188,80,data/processed\X_train_rferf.csv,data/processed\y_train.csv,train_oof,0.2526011564304778
RFERF_LR_SMOTE,RFERF,supervised,LR,SMOTE,57,58,0.06804453456471724,0.07974419401091412,-0.01169965944619694,0.14778872857563136,0.525,0.475,FP,188,80,data/processed\X_train_rferf.csv,data/processed\y_train.csv,train_oof,0.2526011564304778
RFERF_LR_SMOTE,RFERF,supervised,LR,SMOTE,58,425,0.06778730774258082,0.02624859057972511,0.04153871716285571,0.09403589832230594,0.4375,0.5625,FP,188,80,data/processed\X_train_rferf.csv,data/processed\y_train.csv,train_oof,0.2526011564304778
RFERF_LR_SMOTE,RFERF,supervised,LR,SMOTE,59,377,0.06630328816993639,0.027662482972860163,0.03864080519707623,0.09396577114279656,0.6625,0.3375,FP,188,80,data/processed\X_train_rferf.csv,data/processed\y_train.csv,train_oof,0.2526011564304778
RFERF_LR_SMOTE,RFERF,supervised,LR,SMOTE,60,92,0.06283678829991532,0.07605639065772883,-0.013219602357813507,0.13889317895764414,0.4625,0.5375,FP,188,80,data/processed\X_train_rferf.csv,data/processed\y_train.csv,train_oof,0.2526011564304778
RFERF_LR_SMOTE,RFERF,supervised,LR,SMOTE,61,460,0.06247765678713629,0.03101787783485061,0.031459778952285675,0.09349553462198691,0.4375,0.5625,FP,188,80,data/processed\X_train_rferf.csv,data/processed\y_train.csv,train_oof,0.2526011564304778
RFERF_LR_SMOTE,RFERF,supervised,LR,SMOTE,62,8,0.06178338070543447,0.06414200465691816,-0.002358623951483689,0.12592538536235265,0.5125,0.4875,FP,188,80,data/processed\X_train_rferf.csv,data/processed\y_train.csv,train_oof,0.2526011564304778
RFERF_LR_SMOTE,RFERF,supervised,LR,SMOTE,63,552,0.06041110022283833,0.04767983526121121,0.012731264961627131,0.10809093548404954,0.65,0.35,FP,188,80,data/processed\X_train_rferf.csv,data/processed\y_train.csv,train_oof,0.2526011564304778
RFERF_LR_SMOTE,RFERF,supervised,LR,SMOTE,64,571,0.06033335088223073,0.05409063879946191,0.006242712082768814,0.11442398968169258,0.525,0.475,FP,188,80,data/processed\X_train_rferf.csv,data/processed\y_train.csv,train_oof,0.2526011564304778
RFERF_LR_SMOTE,RFERF,supervised,LR,SMOTE,65,271,0.05868061545776145,0.16399773780537383,-0.10531712234761234,0.22267835326313518,0.35,0.65,FP,188,80,data/processed\X_train_rferf.csv,data/processed\y_train.csv,train_oof,0.2526011564304778
RFERF_LR_SMOTE,RFERF,supervised,LR,SMOTE,66,131,0.05806578330272875,0.1374700268733582,-0.07940424357062945,0.195535810176087,0.325,0.675,FP,188,80,data/processed\X_train_rferf.csv,data/processed\y_train.csv,train_oof,0.2526011564304778
RFERF_LR_SMOTE,RFERF,supervised,LR,SMOTE,67,48,0.0572895142843061,0.05877479814595871,-0.0014852838616526108,0.11606431243026476,0.5375,0.4625,FP,188,80,data/processed\X_train_rferf.csv,data/processed\y_train.csv,train_oof,0.2526011564304778
RFERF_LR_SMOTE,RFERF,supervised,LR,SMOTE,68,338,0.05467866248516987,0.23369644256384586,-0.17901778007867591,0.2883751050490159,0.6,0.4,FP,188,80,data/processed\X_train_rferf.csv,data/processed\y_train.csv,train_oof,0.2526011564304778
RFERF_LR_SMOTE,RFERF,supervised,LR,SMOTE,69,76,0.05251488527419869,0.04840857390128512,0.0041063113729135825,0.1009234591754838,0.525,0.475,FP,188,80,data/processed\X_train_rferf.csv,data/processed\y_train.csv,train_oof,0.2526011564304778
RFERF_LR_SMOTE,RFERF,supervised,LR,SMOTE,70,28,0.05237990407781866,0.030753491626698586,0.021626412451120056,0.08313339570451724,0.625,0.375,FP,188,80,data/processed\X_train_rferf.csv,data/processed\y_train.csv,train_oof,0.2526011564304778
RFERF_LR_SMOTE,RFERF,supervised,LR,SMOTE,71,90,0.04964218795924499,0.04847299705282694,0.001169190906418055,0.09811518501207192,0.5375,0.4625,FP,188,80,data/processed\X_train_rferf.csv,data/processed\y_train.csv,train_oof,0.2526011564304778
RFERF_LR_SMOTE,RFERF,supervised,LR,SMOTE,72,489,0.044919447138907095,0.0567848323319773,-0.01186538519307024,0.10170427947088438,0.4,0.6,FP,188,80,data/processed\X_train_rferf.csv,data/processed\y_train.csv,train_oof,0.2526011564304778
RFERF_LR_SMOTE,RFERF,supervised,LR,SMOTE,73,9,0.044059668605561694,0.04235478824192436,0.0017048803636373383,0.08641445684748607,0.5375,0.4625,FP,188,80,data/processed\X_train_rferf.csv,data/processed\y_train.csv,train_oof,0.2526011564304778
RFERF_LR_SMOTE,RFERF,supervised,LR,SMOTE,74,344,0.04296450581163079,0.04910036121398552,-0.006135855402354721,0.09206486702561635,0.5125,0.4875,FP,188,80,data/processed\X_train_rferf.csv,data/processed\y_train.csv,train_oof,0.2526011564304778
RFERF_LR_SMOTE,RFERF,supervised,LR,SMOTE,75,488,0.037863564519870045,0.02885312791489547,0.009010436604974576,0.06671669243476552,0.525,0.475,FP,188,80,data/processed\X_train_rferf.csv,data/processed\y_train.csv,train_oof,0.2526011564304778
RFERF_LR_SMOTE,RFERF,supervised,LR,SMOTE,76,37,0.03748634999893903,0.04620679199952812,-0.008720442000589104,0.08369314199846711,0.35,0.65,FP,188,80,data/processed\X_train_rferf.csv,data/processed\y_train.csv,train_oof,0.2526011564304778
RFERF_LR_SMOTE,RFERF,supervised,LR,SMOTE,77,182,0.03567883251459822,0.02894637490054866,0.006732457614049553,0.0646252074151469,0.425,0.575,FP,188,80,data/processed\X_train_rferf.csv,data/processed\y_train.csv,train_oof,0.2526011564304778
RFERF_LR_SMOTE,RFERF,supervised,LR,SMOTE,78,551,0.035531834785608514,0.00887888845106365,0.02665294633454488,0.044410723236672146,0.4125,0.5875,FP,188,80,data/processed\X_train_rferf.csv,data/processed\y_train.csv,train_oof,0.2526011564304778
RFERF_LR_SMOTE,RFERF,supervised,LR,SMOTE,79,156,0.03112888857820375,0.008829204024665607,0.022299684553538153,0.039958092602869366,0.3375,0.6625,FP,188,80,data/processed\X_train_rferf.csv,data/processed\y_train.csv,train_oof,0.2526011564304778
RFERF_LR_SMOTE,RFERF,supervised,LR,SMOTE,80,39,0.030714180915347326,0.037974876161266144,-0.007260695245918808,0.06868905707661352,0.625,0.375,FP,188,80,data/processed\X_train_rferf.csv,data/processed\y_train.csv,train_oof,0.2526011564304778
RFERF_LR_SMOTE,RFERF,supervised,LR,SMOTE,81,173,0.030343827132809954,0.015224480200426577,0.015119346932383388,0.045568307333236545,0.5625,0.4375,FP,188,80,data/processed\X_train_rferf.csv,data/processed\y_train.csv,train_oof,0.2526011564304778
RFERF_LR_SMOTE,RFERF,supervised,LR,SMOTE,82,510,0.02727229561221431,0.01536111893097326,0.011911176681241057,0.04263341454318757,0.45,0.55,FP,188,80,data/processed\X_train_rferf.csv,data/processed\y_train.csv,train_oof,0.2526011564304778
RFERF_LR_SMOTE,RFERF,supervised,LR,SMOTE,83,41,0.02480394111308786,0.01172803435159558,0.013075906761492275,0.03653197546468344,0.875,0.125,FP,188,80,data/processed\X_train_rferf.csv,data/processed\y_train.csv,train_oof,0.2526011564304778
RFERF_LR_SMOTE,RFERF,supervised,LR,SMOTE,84,227,0.02133381503956247,0.02511356351698079,-0.0037797484774183287,0.04644737855654326,0.675,0.325,FP,188,80,data/processed\X_train_rferf.csv,data/processed\y_train.csv,train_oof,0.2526011564304778
RFERF_LR_SMOTE,RFERF,supervised,LR,SMOTE,85,81,0.02133097787822609,0.02197371045787205,-0.0006427325796459607,0.043304688336098136,0.525,0.475,FP,188,80,data/processed\X_train_rferf.csv,data/processed\y_train.csv,train_oof,0.2526011564304778
RFERF_LR_SMOTE,RFERF,supervised,LR,SMOTE,86,79,0.020189354536787364,0.05160755731680459,-0.03141820278001722,0.07179691185359197,0.3875,0.6125,FP,188,80,data/processed\X_train_rferf.csv,data/processed\y_train.csv,train_oof,0.2526011564304778
RFERF_LR_SMOTE,RFERF,supervised,LR,SMOTE,87,31,0.018285665395046734,0.0405032815923087,-0.022217616197261973,0.05878894698735546,0.0875,0.9125,FP,188,80,data/processed\X_train_rferf.csv,data/processed\y_train.csv,train_oof,0.2526011564304778
RFERF_LR_SMOTE,RFERF,supervised,LR,SMOTE,88,2,0.01522982983309413,0.024424873199104916,-0.009195043366010796,0.03965470303219905,0.4625,0.5375,FP,188,80,data/processed\X_train_rferf.csv,data/processed\y_train.csv,train_oof,0.2526011564304778
RFERF_LR_SMOTE,RFERF,supervised,LR,SMOTE,89,35,0.015121260240430544,0.05421470394082557,-0.039093443700395025,0.06933596418125612,0.55,0.45,FP,188,80,data/processed\X_train_rferf.csv,data/processed\y_train.csv,train_oof,0.2526011564304778
RFERF_LR_SMOTE,RFERF,supervised,LR,SMOTE,90,288,0.014810205174996188,0.02969173373818381,-0.014881528563187635,0.04450193891317999,0.3875,0.6125,FP,188,80,data/processed\X_train_rferf.csv,data/processed\y_train.csv,train_oof,0.2526011564304778
RFERF_LR_SMOTE,RFERF,supervised,LR,SMOTE,91,310,0.014475463350328588,0.01171990082243629,0.002755562527892298,0.026195364172764874,0.5125,0.4875,FP,188,80,data/processed\X_train_rferf.csv,data/processed\y_train.csv,train_oof,0.2526011564304778
RFERF_LR_SMOTE,RFERF,supervised,LR,SMOTE,92,0,0.013546655205517493,0.020541049787964553,-0.0069943945824470595,0.03408770499348205,0.45,0.55,FP,188,80,data/processed\X_train_rferf.csv,data/processed\y_train.csv,train_oof,0.2526011564304778
RFERF_LR_SMOTE,RFERF,supervised,LR,SMOTE,93,15,0.011354304419664204,0.05915439230780247,-0.04780008788813826,0.07050869672746667,0.375,0.625,FP,188,80,data/processed\X_train_rferf.csv,data/processed\y_train.csv,train_oof,0.2526011564304778
RFERF_LR_SMOTE,RFERF,supervised,LR,SMOTE,94,88,0.01093895507122036,0.016007084314830205,-0.005068129243609842,0.026946039386050565,0.4875,0.5125,FP,188,80,data/processed\X_train_rferf.csv,data/processed\y_train.csv,train_oof,0.2526011564304778
RFERF_LR_SMOTE,RFERF,supervised,LR,SMOTE,95,282,0.010695293540779137,0.02450188868990468,-0.013806595149125541,0.03519718223068383,0.375,0.625,FP,188,80,data/processed\X_train_rferf.csv,data/processed\y_train.csv,train_oof,0.2526011564304778
RFERF_LR_SMOTE,RFERF,supervised,LR,SMOTE,96,126,0.009622269175611252,0.008811176467195056,0.0008110927084161945,0.018433445642806315,0.4875,0.5125,FP,188,80,data/processed\X_train_rferf.csv,data/processed\y_train.csv,train_oof,0.2526011564304778
RFERF_LR_SMOTE,RFERF,supervised,LR,SMOTE,97,139,0.0012092826103152457,0.0013448489632583878,-0.00013556635294314245,0.0025541315735736338,0.4,0.6,FP,188,80,data/processed\X_train_rferf.csv,data/processed\y_train.csv,train_oof,0.2526011564304778
RFERF_LR_SMOTE,RFERF,supervised,LR,SMOTE,98,252,0.00029053126072823405,0.024699754600789596,-0.02440922334006136,0.02499028586151783,0.575,0.425,FP,188,80,data/processed\X_train_rferf.csv,data/processed\y_train.csv,train_oof,0.2526011564304778
RFERF_LR_SMOTE,RFERF,supervised,LR,SMOTE,99,67,0.00015549777405299338,0.5618178898836153,-0.5616623921095624,0.561973387657668,0.4625,0.5375,FP,188,80,data/processed\X_train_rferf.csv,data/processed\y_train.csv,train_oof,0.2526011564304778
