anchor_rank,feature,monitor_tier,source_type,overall_anchor_score,anchor_recommendation,recommendation,dominant_monitor_direction_all,mean_suggested_threshold,mean_tp_mean_positive_shap,mean_fp_mean_positive_shap,mean_tp_fp_shap_gap,appeared_in_topn_models,avg_rank,mean_tp_vs_tn_smd,mean_distribution_sep_score,mean_ks_stat,mean_wasserstein_distance,mean_tp_trigger_rate_all,mean_fp_trigger_rate_all,mean_tn_trigger_rate_all,has_missing_signal,dominant_missing_signal_type,n_corr_companions_095,top_corr_companion,top_corr_companion_abs_corr,has_interaction_support,best_pair_precision_lift,top_pair_rule_desc,redundancy_cluster,cluster_size,normal_mean,normal_std,normal_median,normal_p01,normal_p05,normal_p25,normal_p50,normal_p75,normal_p95,normal_p99,normal_missing_rate,validated_anchor_rank,n_models_x,max_tp_mean_positive_shap,mean_tp_positive_push_rate,mean_fp_positive_push_rate,mean_tp_vs_fp_smd,avg_tp_trigger_rate,avg_fp_trigger_rate,avg_tn_trigger_rate,fp_evidence_coverage,dominant_monitor_direction,best_rank,worst_rank,avg_mean_positive_shap,max_mean_positive_shap,appeared_categories,appeared_feature_sets,tp_fp_ratio,score_tp_shap,score_gap,score_ratio,score_fp_penalty,final_candidate_score,tp_signal_available,gap_positive,ratio_pass,tp_fp_priority_candidate,redundancy_cluster_x,cluster_size_x,threshold_defined_rate,mean_median_gap,mean_p95_gap,score_model_signal,score_distribution_sep,score_stability_anchor,score_fp_penalty_anchor,mean_split_validation_score,validation_pass_rate,direction_consistent_rate,n_models_y,n_drop,n_false_positive_risk,n_monitor_first,n_review,recommendation_consistency_score,validated_anchor_score,split_hard_gate_pass,primary_pool_rank,final_anchor_recommendation,normal_n,anomaly_n,anomaly_mean,anomaly_median,redundancy_cluster_y,cluster_size_y
1,62,review_anchor,raw_feature,0.6486170560613603,drop,monitor_first,low,-1.76827661432946,0.5590678188920222,0.27867889420763625,0.2803889246843859,1.0,6.0,-0.4830222605577069,0.39452068807983176,0.1539491298527443,0.2740552124058246,0.14285714285714285,0.04864864864864865,0.01015228426395939,0,,0,,,0,,,,,0.009373703080471007,0.980764310619626,-0.040438541875497905,-2.1868290013363034,-1.108745991541747,-0.48531649717282743,-0.040438541875497905,0.4754732444591179,1.284309334084563,1.8542480890305906,0.0,1,1,0.5590678188920222,0.5357142857142857,0.4625,-0.23438234361473495,0.14285714285714285,0.04864864864864865,0.01015228426395939,1.0,low,6.0,6.0,0.5590678188920222,0.5590678188920222,supervised,Base,2.0061362037538286,0.9540450693274399,1.0,0.09437902766872713,0.6258505621923185,0.7630788894839533,1,1,1,1,C001,1.0,1.0,-0.068640251029954,0.23190539038258295,0.7630788894839533,0.40131538493774976,0.0,0.6258505621923185,,,,1,1,0,0,0,1.0,0.6486170560613603,0,,drop,1170,83,-0.13217132557742214,-0.1090787929054519,C001,1.0
2,64,review_anchor,raw_feature,0.5984914585349497,drop,monitor_first,high,2.2257916009585648,0.5413303904626329,0.3189222794667911,0.22240811099584185,10.0,1.9,1.1191220407702498,0.6148939418032636,0.2245288847698486,0.5415266490840429,0.2241801443600544,0.12428086759922168,0.01032609090133906,0,,0,,,0,,,,,-0.030427900820421374,0.9457843309183208,-0.1296015883795223,-1.8633334386270834,-1.3643735878907568,-0.6264657601127659,-0.1296015883795223,0.4172710303806315,1.6216920965416324,3.201476231378419,0.0,2,10,1.4382983169994314,0.7213165411476551,0.46657534246575344,0.42484674242261233,0.2241801443600544,0.12428086759922168,0.01032609090133906,1.0,high,1.0,4.0,0.5413303904626329,1.4382983169994314,supervised,"ANOVA,Base,RFERF,RFEXGB",1.697374016539979,0.9237762798107327,0.8679928400788015,0.08508592520287656,0.5718204928790245,0.7041075982764113,1,1,1,1,C002,1.0,1.0,0.20893905460994802,1.423336453494946,0.7041075982764113,0.6254840529446039,1.0,0.5718204928790245,,,,10,2,0,5,3,0.5,0.5984914585349497,0,,drop,1170,83,0.4007753787817966,0.0793374662304257,C002,1.0
3,558,review_anchor,raw_feature,0.551878253510061,drop,monitor_first,high,4.1625099291033765,0.4106489566723353,0.17240742242559587,0.23824153424673944,,,0.5095345239353838,0.2530450875343404,0.09899083513541344,0.18054322310979698,0.07142857142857142,0.016216216216216217,0.012182741116751269,0,,0,,,0,,,,,-0.011130029583681166,0.9647921920851857,-0.2681645575859497,-0.9352119688596732,-0.7693450812620926,-0.4769897757843419,-0.2681645575859497,0.067149078492611,1.915252259548381,4.1625099291033765,0.0,3,1,0.4106489566723353,0.5,0.25,0.44948626204888614,0.07142857142857142,0.016216216216216217,0.012182741116751269,1.0,high,,,,,,,2.3818519579663393,0.7007693862868658,0.9040414068755491,0.1044773886183499,0.7685287924016724,0.6492685335412482,1,1,1,1,C003,1.0,1.0,0.05369791325101461,0.9419210627708698,0.6492685335412482,0.25740319780112886,0.0,0.7685287924016724,,,,1,1,0,0,0,1.0,0.551878253510061,0,,drop,1170,83,0.16134686366547743,-0.2144666443349351,C003,1.0
4,168,review_anchor,raw_feature,0.502024379560452,drop,monitor_first,low,-1.6421916822436604,0.42636516533942903,0.2649881562870624,0.16137700905236663,,,0.16339295738121218,0.18232175753568208,0.06957059005251777,0.14000896408237046,0.0,0.0,0.01116751269035533,0,,0,,,0,,,,,-0.0023082639543424324,0.9917813105743113,-0.0969137913127073,-1.621023491956935,-1.3035006376560545,-0.7107913096277435,-0.0969137913127073,0.5593001075757796,1.6505203168564713,2.6403448946637518,0.0,4,1,0.42636516533942903,0.35714285714285715,0.4125,0.20946071620869391,0.0,0.0,0.01116751269035533,1.0,low,,,,,,,1.6089970635425173,0.7275889793320843,0.7290409709709152,0.08222941609143287,0.6442315088754873,0.5906169171299435,1,1,1,1,C004,1.0,1.0,-0.08467276114690131,0.11113299900530982,0.5906169171299435,0.18546182372355993,0.0,0.6442315088754873,,,,1,1,0,0,0,1.0,0.502024379560452,0,,drop,1170,83,0.02988734053245513,-0.1815865524596086,C004,1.0
5,104,review_anchor,raw_feature,0.501939019135333,drop,monitor_first,high,2.123733255626273,0.3654669025770228,0.16751813923897144,0.19794876333805136,,,-0.41314927786582406,0.3124834383905626,0.09833178869323447,0.29561516021627765,0.0,0.0,0.01015228426395939,0,,0,,,0,,,,,0.011306603251262917,0.9087979780168984,0.0167322120439882,-2.0534653198600106,-1.2483885018973444,-0.4433116839346782,0.0167322120439882,0.4767761080226547,1.281852925985321,2.007572171891661,0.0,5,1,0.3654669025770228,0.39285714285714285,0.4,-0.1902343871763071,0.0,0.0,0.01015228426395939,1.0,high,,,,,,,2.1816556955403463,0.6236665474628627,0.8123052977277342,0.09924489448705069,0.775093058995163,0.5905164931003918,1,1,1,1,C005,1.0,1.0,0.2300219479893332,-0.11501097399466675,0.5905164931003918,0.3178652353435126,0.0,0.775093058995163,,,,1,1,0,0,0,1.0,0.501939019135333,0,,drop,1170,83,-0.16479113245361804,0.2467541600333214,C005,1.0
6,249,review_anchor,raw_feature,0.4819625954537753,drop,monitor_first,flat,,0.11608402759776622,0.0,0.11608402759776622,,,0.5216490952008942,0.24521785032928278,0.02409638554216868,0.48947523835436196,,,,0,,0,,,0,,,,,-0.03242333981118274,0.5024731258507148,-0.0713974120796145,-0.0713974120796145,-0.0713974120796145,-0.0713974120796145,-0.0713974120796145,-0.0713974120796145,-0.0713974120796145,0.7935511929118124,0.0,6,3,0.33927696051763767,0.024725274725274724,0.0,0.277455218140355,,,,1.0,flat,,,,,,,116084.02759776622,0.1980965285692993,0.6259206891773079,1.0,1.0,0.5670148181809122,1,1,1,1,C006,1.0,0.0,0.0,0.0,0.5670148181809122,0.24944115472745576,0.0,1.0,,,,3,3,0,0,0,1.0,0.4819625954537753,0,,drop,1170,83,0.45705189854317974,-0.0713974120796145,C006,1.0
7,61,review_anchor,raw_feature,0.42194186888201146,drop,monitor_first,high,1.9928813219346013,0.2760715645346984,0.13262921413182127,0.14344235040287712,,,0.5415038025023344,0.3951541410343551,0.1455668829162805,0.3020077291736062,0.10714285714285714,0.04864864864864865,0.01015228426395939,0,,0,,,0,,,,,-0.007036483413889144,0.9726552561756631,0.0492819912844288,-2.8485638472616026,-1.837399904902069,-0.48615310682950114,0.0492819912844288,0.5741450942696401,1.425044881508938,2.1311083354848015,0.0,7,1,0.2760715645346984,0.6071428571428571,0.525,0.40164653687191315,0.10714285714285714,0.04864864864864865,0.01015228426395939,1.0,high,,,,,,,2.081529068401993,0.47111406885809504,0.6882084403135705,0.09650303363227347,0.8219343232095552,0.49640219868471935,1,1,1,1,C007,1.0,1.0,0.0630674192161382,0.5336852506443446,0.49640219868471935,0.40195974763903614,0.0,0.8219343232095552,,,,1,1,0,0,0,1.0,0.42194186888201146,0,,drop,1170,83,0.11058375115626448,0.112349410500567,C007,1.0
8,108,review_anchor,raw_feature,0.4118591799767536,drop,monitor_first,low,-2.247421980408178,0.2898638319098771,0.16764042180748512,0.12222341010239196,,,-0.38398457673025904,0.23532358802945702,0.1063845124086088,0.12326769427729176,0.0,0.005405405405405406,0.01015228426395939,0,,0,,,0,,,,,0.005419432117182288,0.995402212910292,0.037779694567351155,-2.2366028640943383,-1.5290767694460499,-0.6186806354193709,0.037779694567351155,0.5630640434957185,1.5489153878656983,2.969353918331389,0.0,8,1,0.2898638319098771,0.7142857142857143,0.425,-0.4039692079151411,0.0,0.005405405405405406,0.01015228426395939,1.0,low,,,,,,,1.7290807836474598,0.49465047041705573,0.6398984586591058,0.08608798759157794,0.7749288845448762,0.4845402117373572,1,1,1,1,C008,1.0,1.0,-0.16832316153505683,-0.1232241627375612,0.4845402117373572,0.23937648688239166,0.0,0.7749288845448762,,,,1,1,0,0,0,1.0,0.4118591799767536,0,,drop,1170,83,-0.0794660938122402,-0.1305434669677057,C008,1.0
43,485,review_anchor,raw_feature,0.37704509296520794,drop,review,low,-0.9144555869241014,0.27419440308238274,0.1892960445068937,0.08489835857548905,,,-0.3126251087192735,0.13770400649813308,0.06375244568015652,0.07377449174011692,0.17857142857142858,0.11891891891891893,0.11370558375634518,0,,0,,,0,,,,,0.0022788362251806513,0.9932292546951162,-0.391336119605905,-0.9144555869241014,-0.9144555869241014,-0.6849336569056652,-0.391336119605905,0.39184049445086827,2.2705278674275986,3.1397109854822873,0.0,9,1,0.27419440308238274,0.8214285714285714,0.725,-0.35671633991041546,0.17857142857142858,0.11891891891891893,0.11370558375634518,1.0,low,,,,,,,1.4484951536977164,0.4679107068197246,0.5549190709525761,0.0767850804678197,0.7458544220478273,0.4435824623120094,1,1,0,0,C043,1.0,1.0,-0.06518253894255405,-0.12493352700088023,0.4435824623120094,0.1400756361960065,0.0,0.7458544220478273,,,,1,1,0,0,0,1.0,0.37704509296520794,0,,drop,1170,83,-0.047809488974945434,-0.456518658548459,C043,1.0
44,56,review_anchor,raw_feature,0.3707644323443493,drop,review,high,1.1969556248852071,0.3248821228606672,0.28038929021396275,0.04449283264670452,5.0,3.0,0.32651891106644065,0.30520084445386086,0.1466275357841623,0.2553324422751152,0.029865776414744576,0.014892972143975886,0.011956246327745636,0,,0,,,0,,,,,-0.015453384663354951,1.014913478030533,0.2906688044599451,-2.9656240638406315,-1.5680116380655962,-0.5306086003769171,0.2906688044599451,0.6220614414993966,1.04782893821746,1.183988086914101,0.0,10,10,0.8880664638741064,0.8068212212036624,0.658972602739726,0.13860464361006442,0.029865776414744576,0.014892972143975886,0.011956246327745636,1.0,high,3.0,3.0,0.6391995452779533,0.8880664638741064,supervised,"Base,RFERF,RFEXGB",1.158682354139676,0.554408923128725,0.46292624809167415,0.06598292356249862,0.623554214253896,0.4361934498168816,1,1,0,0,C044,1.0,1.0,0.1440837552345393,-0.02665549471840234,0.4361934498168816,0.31045721574566226,0.4444444444444444,0.623554214253896,,,,10,7,0,0,3,0.7,0.3707644323443493,0,,drop,1170,83,0.2281230927111355,0.4347525596944844,C044,1.0
9,20,review_anchor,raw_feature,0.3610539726582829,drop,monitor_first,high,1.9996529150092448,0.20589599006249562,0.10251485766561438,0.10338113239688124,,,0.349801701144709,0.12062596744960834,0.048573782308722065,0.08975248163437112,0.0,0.010810810810810811,0.01015228426395939,0,,0,,,0,,,,,-0.0041534908012439,1.0103817043606678,0.06606524014986964,-2.713459855470911,-1.3914562453596515,-0.4873329570110401,0.06606524014986964,0.5734667040402671,1.3197637013544128,2.0021827353391224,0.0,11,1,0.20589599006249562,0.6785714285714286,0.4125,0.38377136045427723,0.0,0.010810810810810811,0.01015228426395939,1.0,high,,,,,,,2.008450235907194,0.3513599736481248,0.596999516610584,0.09444500848533502,0.8623653345848783,0.4247693795979799,1,1,1,1,C009,1.0,1.0,0.03162275412348366,0.1905989634897014,0.4247693795979799,0.12270346783622259,0.0,0.8623653345848783,,,,1,1,0,0,0,1.0,0.3610539726582829,0,,drop,1170,83,0.05854920768021374,0.0976879942733533,C009,1.0
45,304,review_anchor,raw_feature,0.3566596704347989,drop,review,low,-1.650890604515242,0.278094617349099,0.2233386277176582,0.05475598963144082,,,0.034918344505446106,0.19063331579629503,0.08145402121305735,0.11788476216217258,0.10714285714285714,0.032432432432432434,0.01015228426395939,0,,0,,,0,,,,,0.00500338434527321,1.0037572951939027,0.09785838552163745,-1.6696576517779504,-1.5249892034960344,-0.9443691980596447,0.09785838552163745,0.7296050793856526,1.5978320148892298,2.3307199642892233,0.0,12,1,0.278094617349099,0.5,0.45,0.05088447057613504,0.10714285714285714,0.032432432432432434,0.01015228426395939,1.0,low,,,,,,,1.2451702609217365,0.47456639341934953,0.48629277434737816,0.06935139214756689,0.700149441747673,0.419599612276234,1,1,0,0,C045,1.0,1.0,-0.10348906720999745,-0.2624297390892325,0.419599612276234,0.19391652915111274,0.0,0.700149441747673,,,,1,1,0,0,0,1.0,0.3566596704347989,0,,drop,1170,83,-0.07549719365417538,-0.00563068168836,C045,1.0
46,59,review_anchor,raw_feature,0.34846055835383566,drop,false_positive_risk,high,2.369932728612891,0.5859972834261808,0.7448331229375826,-0.1588358395114017,10.0,2.1,1.3825184939510358,0.9406482300100725,0.36105447430748633,0.6588396210853033,0.06542035368331779,0.07535039904602607,0.01032609090133906,0,,0,,,0,,,,,-0.04257078479641221,0.976302859989199,-0.2291242514549774,-1.49519931157886,-0.9192142010960587,-0.5051628646394632,-0.2291242514549774,0.076400039787566,1.9956085185254842,2.549708242121219,0.0,13,10,1.552399457054804,0.8236942368343947,0.6491438356164384,0.09182086356419551,0.06542035368331779,0.07535039904602607,0.01032609090133906,1.0,high,1.0,6.0,0.5859972834261808,1.552399457054804,supervised,"ANOVA,Base,RFERF,RFEXGB",0.7867497636450946,1.0,0.0,0.04976799031668043,0.0,0.4099535980633361,1,0,0,0,,,1.0,0.47299129519976796,0.3857481239763052,0.4099535980633361,0.9568486974784913,1.0,0.0,,,,10,0,4,4,2,0.4,0.34846055835383566,0,,drop,1170,83,0.5903329662877204,0.2438670437447905,,
47,448,review_anchor,raw_feature,0.34304410044231576,drop,false_positive_risk,low,-1.1675597065053904,0.3403492379928998,0.3444108458751816,-0.004061607882281826,,,0.11323778416631732,0.1638742813342749,0.08043455874781176,0.07027959945949824,0.0,0.0,0.012182741116751269,0,,0,,,0,,,,,0.0011989200664365538,0.9995596849479185,-0.3373567959331505,-1.0845307584835098,-0.9198190204438568,-0.6205477522636447,-0.3373567959331505,0.0943011042588027,2.3134057819314986,2.687386655098555,0.0,14,1,0.3403492379928998,0.75,0.7625,0.10368735220295225,0.0,0.0,0.012182741116751269,1.0,low,,,,,,,0.9882070848496048,0.5808034399118067,0.3523804763433788,0.058928885449428224,0.5375999868039658,0.40358129463801856,1,0,0,0,,,1.0,-0.03592640332507602,0.1940458627786934,0.40358129463801856,0.16669663285630776,0.0,0.5375999868039658,,,,1,1,0,0,0,1.0,0.34304410044231576,0,,drop,1170,83,-0.01769576846706496,-0.3732831992582265,,
10,75,review_anchor,raw_feature,0.3409697868098107,drop,monitor_first,low,-0.06666036539948261,0.189306682579572,0.10254248734308746,0.08676419523648454,2.0,5.5,0.30877474808806793,0.12765433135174856,0.06194006796416435,0.22259632404193064,0.05952405685489511,0.053850439992011306,0.010379472671926602,0,,0,,,0,,,,,-0.00908623690709515,0.9445957694620971,0.0299309480927111,-3.1196694393141016,-1.5407723333914267,-0.53724910376841,0.0299309480927111,0.6136308072895932,1.363189532137513,2.022484029702837,0.0,15,8,0.5093435475986309,0.6051404276583966,0.44535530821917807,0.3339690331476789,0.05952405685489511,0.053850439992011306,0.010379472671926602,1.0,low,4.0,7.0,0.3769939582781808,0.5093435475986309,supervised,RFEXGB,1.8461292239400067,0.32305044397602456,0.5591670934073477,0.08968898049977528,0.8623282394603166,0.4011409256586009,1,1,1,1,C010,1.0,1.0,0.004405281956202899,0.07775322652698113,0.4011409256586009,0.12985287888130126,0.1111111111111111,0.8623282394603166,,,,8,8,0,0,0,1.0,0.3409697868098107,0,,drop,1170,83,0.12376876132845457,0.034336230048914,C010,1.0
11,348,review_anchor,raw_feature,0.3287612176849936,drop,monitor_first,high,2.7507913517281457,0.1492661771873253,0.05799020234024651,0.09127597484707879,4.0,5.75,1.107298072786463,0.674272220718002,0.2426423643291113,0.5857051879477612,0.05132191149630959,0.031570227234289275,0.01032609090133906,0,,0,,,0,,,,,-0.04040968603611432,0.85205436183412,-0.1841524312444063,-1.0714140141084518,-0.914676102068339,-0.5331804073047296,-0.1841524312444063,0.1729924744917386,1.4274639558899471,3.0740643099270875,0.0,16,10,0.6008928918685454,0.7013821951338487,0.44556506849315064,0.40420512916861695,0.05132191149630959,0.031570227234289275,0.01032609090133906,1.0,high,5.0,8.0,0.16406919877048115,0.6008928918685454,supervised,"Base,RFERF",2.5739895907162786,0.25472161972254026,0.5694392364611558,0.10921574033322372,0.9221433626480839,0.386777903158816,1,1,1,1,C011,1.0,1.0,0.20292324189553704,0.6343380541654486,0.386777903158816,0.6858849839466997,0.3333333333333333,0.9221433626480839,,,,10,3,0,2,5,0.5,0.3287612176849936,0,,drop,1170,83,0.5236829542206037,0.0187708106511307,C011,1.0
48,132,review_anchor,raw_feature,0.3284769218137026,drop,review,high,2.0804810436021297,0.251021260257952,0.21778635249179593,0.03323490776615611,6.0,6.333333333333333,0.1939988542004187,0.25185429678031923,0.12336525589537638,0.2328777129825432,0.0,0.006158329180353081,0.01094236420488929,0,,0,,,0,,,,,-0.0032810726303815784,0.9880660017498545,-0.153901283072972,-2.217534317162704,-1.3640679854169997,-0.7701898814889107,-0.153901283072972,0.727578166782557,1.8238248554800016,2.015453258763211,0.0,17,8,0.4608962641312496,0.4418903281673643,0.36491866438356163,0.06350534679783719,0.0,0.006158329180353081,0.01094236420488929,1.0,high,4.0,10.0,0.3331806384204989,0.4608962641312496,supervised,"Base,RFERF,RFEXGB",1.1526032618017608,0.4283659111699169,0.43729489531228005,0.06574110686856911,0.7076038299252079,0.3864434374278854,1,1,0,0,C046,1.0,1.0,0.2745285574761986,-0.27863714813230045,0.3864434374278854,0.2561918984592459,0.5555555555555556,0.7076038299252079,,,,8,8,0,0,0,1.0,0.3284769218137026,0,,drop,1170,83,0.04142552681563266,0.1206272744032266,C046,1.0
49,60,review_anchor,raw_feature,0.31045749292530717,drop,review,low,-1.4667252341891526,0.235036340330588,0.21635928305310767,0.01867705727748034,,,-0.2480674125679501,0.19225307916280615,0.08614972711358254,0.1059788349216733,0.03571428571428571,0.03783783783783784,0.01015228426395939,0,,0,,,0,,,,,0.004461875257770034,1.001349310940621,-0.22634868615507947,-1.4909194211702697,-1.2669317335016113,-0.7434018756707486,-0.22634868615507947,0.7475946461710152,1.6824627444470979,2.3365909542264416,0.0,18,1,0.235036340330588,0.39285714285714285,0.375,-0.0648206869082665,0.03571428571428571,0.03783783783783784,0.01015228426395939,1.0,low,,,,,,,1.0863242705093261,0.4010877643602523,0.4041504743338069,0.06305941212809581,0.7095197885402866,0.3652441093238908,1,1,0,0,C047,1.0,1.0,-0.06677765791758034,-0.1307773453222445,0.3652441093238908,0.19556418915622745,0.0,0.7095197885402866,,,,1,1,0,0,0,1.0,0.31045749292530717,0,,drop,1170,83,-0.0415258283403607,-0.2931263440726598,C047,1.0
50,221,review_anchor,raw_feature,0.30988696541613203,drop,review,low,-1.5173981811192565,0.2186048135156587,0.19034073362989373,0.02826407988576496,,,-0.0592033689620368,0.13938171104328537,0.04576253732880239,0.13437070927723993,0.0,0.010810810810810811,0.012182741116751269,0,,0,,,0,,,,,-0.006748402512639788,0.9760620491401525,0.02568754966472735,-1.5173981811192565,-1.3590232240068918,-0.8817581505466584,0.02568754966472735,0.682729601468726,1.5901753016801117,2.202273108898165,0.0,19,1,0.2186048135156587,0.5,0.4625,0.034991560038260545,0.0,0.010810810810810811,0.012182741116751269,1.0,low,,,,,,,1.1484920192685755,0.3730474862230257,0.4259776193169416,0.06557718072841279,0.7444518405959177,0.3645729004895671,1,1,0,0,C048,1.0,1.0,-0.08346788280246215,-0.05992565944792183,0.3645729004895671,0.14178223528115602,0.0,0.7444518405959177,,,,1,1,0,0,0,1.0,0.30988696541613203,0,,drop,1170,83,0.09512808361191026,-0.0577803331377348,C048,1.0
12,21,review_anchor,raw_feature,0.30661281017201825,drop,monitor_first,high,1.5014229853996803,0.15532280168720422,0.09376738090543094,0.061555420781773285,2.0,7.5,0.796851482303359,0.48464107107720855,0.17966223869838327,0.4618921928433132,0.09938026394581205,0.060297829343139764,0.01032609090133906,0,,0,,,0,,,,,-0.02926183058165467,0.9410933355474757,0.1472925971725681,-1.5840547086231043,-1.3557067275993182,-0.5698817010957874,0.1472925971725681,0.4018978547181331,0.8324390923228757,3.9732740041314347,0.0,20,10,0.4360840612234356,0.7227573275687086,0.48087328767123283,0.25983342315676977,0.09938026394581205,0.060297829343139764,0.01032609090133906,1.0,high,6.0,9.0,0.3836452702731622,0.4360840612234356,supervised,"RFERF,RFEXGB",1.6564694479827158,0.2650572043253687,0.5017733020967233,0.08377563152916931,0.8741095447855255,0.3607209531435509,1,1,1,1,C012,1.0,1.0,0.10728525182400261,3.454723159608369,0.3607209531435509,0.4929878809210563,0.1111111111111111,0.8741095447855255,,,,10,6,0,1,3,0.6,0.30661281017201825,0,,drop,1170,83,0.41379949742376393,0.2545778489965707,C012,1.0
51,447,review_anchor,raw_feature,0.3062821842913947,drop,review,low,-2.1898837225034216,0.19349191428624807,0.15455457663077846,0.03893733765546961,,,-0.3449633075281349,0.21881196049174606,0.09295644114921223,0.1347358977581404,0.0,0.021621621621621623,0.01116751269035533,0,,0,,,0,,,,,0.008364049874226799,0.9995704543827618,-0.0242878439088613,-2.1898837225034216,-1.6543313939956958,-0.6463704613021152,-0.0242878439088613,0.6656158107189954,1.6551013574072875,2.5704514944287897,0.0,21,1,0.19349191428624807,0.6428571428571429,0.4625,-0.31618741070602346,0.0,0.021621621621621623,0.01116751269035533,1.0,low,,,,,,,1.251932608559943,0.33019251071429684,0.4502778378832768,0.06960927296905127,0.7924977127477584,0.36033198151928786,1,1,0,0,C049,1.0,1.0,-0.1461660285228511,-0.16136729548922757,0.36033198151928786,0.22258048514799245,0.0,0.7924977127477584,,,,1,1,0,0,0,1.0,0.3062821842913947,0,,drop,1170,83,-0.11659433247577403,-0.1704538724317124,C049,1.0
52,80,review_anchor,raw_feature,0.3049174486593017,drop,review,low,-1.927801836297647,0.1707574386531841,0.12006126435382794,0.05069617429935616,,,-0.46320473324812,0.43372549469715027,0.17211409741530223,0.29060188840804485,0.07142857142857142,0.021621621621621623,0.01116751269035533,0,,0,,,0,,,,,0.018263400813392294,0.9785086329772352,0.2079215442052925,-1.9310969523704231,-1.683210658673382,-0.4002511136712588,0.2079215442052925,0.5618414186886368,1.6090577829285757,2.2781290674834693,0.0,22,1,0.1707574386531841,0.5357142857142857,0.4875,-0.22349980917713838,0.07142857142857142,0.021621621621621623,0.01116751269035533,1.0,low,,,,,,,1.422252543917507,0.29139629735961864,0.4770496358382868,0.07586108543286178,0.8388078340550799,0.3587264101874138,1,1,0,0,C050,1.0,1.0,-0.0610206680143697,0.31110370575993085,0.3587264101874138,0.4411954027274772,0.0,0.8388078340550799,,,,1,1,0,0,0,1.0,0.3049174486593017,0,,drop,1170,83,-0.19804969528308036,0.1469008761909228,C050,1.0
13,437,review_anchor,raw_feature,0.30397812211736747,drop,monitor_first,high,2.1996667600893356,0.10538055142730103,0.026981305656938306,0.07839924577036272,,,0.5460634522176749,0.22631730092415536,0.07622284007826176,0.307897590960793,0.05287466157031375,0.013080900864121928,0.010125803967312393,0,,0,,,0,,,,,-0.0182902693286138,0.8580606433342548,-0.14556072820496846,-1.4204610639287905,-1.0706806967814058,-0.5633756891613506,-0.14556072820496846,0.3993317336458089,1.3951737520887482,2.2953722425955467,0.0,23,3,0.2513686427597865,0.7967032967032966,0.17916666666666667,0.33903090870209596,0.05287466157031375,0.013080900864121928,0.010125803967312393,1.0,high,,,,,,,3.905687618204724,0.17983112619766267,0.5401222895893347,0.13637322982857694,0.9637753681649851,0.3576213201380794,1,1,1,1,C013,1.0,1.0,0.03668840664221236,0.2676225530388898,0.3576213201380794,0.23021508752938066,0.0,0.9637753681649851,,,,3,1,0,0,2,0.6666666666666666,0.30397812211736747,0,,drop,1170,83,0.25877739954452084,-0.1088723215627561,C013,1.0
53,53,review_anchor,raw_feature,0.2994703151580604,drop,review,low,-2.040715253598513,0.2187901675353118,0.20484471172136726,0.013945455813944546,,,0.009851330668382745,0.17174007922972137,0.07101225414478426,0.11529687672535235,0.0,0.0,0.01015228426395939,0,,0,,,0,,,,,-0.0005157552025848644,1.02220072014363,0.06594771017015225,-1.9957955702131407,-0.9780839935133072,-0.328854194584102,0.06594771017015225,0.4432028636019897,1.022245657241543,1.355633932367354,0.0,24,1,0.2187901675353118,0.5,0.425,0.011737464664271821,0.0,0.0,0.01015228426395939,1.0,low,,,,,,,1.0680781832089146,0.37336379147715487,0.39337785436963146,0.06230619875650961,0.7249790517995891,0.35231801783301225,1,1,0,0,C051,1.0,1.0,-0.026320126983625243,-0.007018700528964139,0.35231801783301225,0.1746979007381454,0.0,0.7249790517995891,,,,1,1,0,0,0,1.0,0.2994703151580604,0,,drop,1170,83,0.007471771607034426,0.039627583186527,C051,1.0
54,366,review_anchor,raw_feature,0.2964532109788803,drop,false_positive_risk,high,2.6619679344246707,0.26464134585349725,0.2843591829176072,-0.019717837064109955,,,0.1372312102709829,0.26946771632516714,0.11818556276387601,0.1505039017066598,0.03571428571428571,0.03783783783783784,0.01015228426395939,0,,0,,,0,,,,,-0.006580312726326475,0.998719888458546,-0.2532753092445194,-0.9532630937413604,-0.8297358376536824,-0.5003298214198749,-0.2532753092445194,0.199657963076966,1.4349305239537444,3.4311309823305995,0.0,25,1,0.26464134585349725,0.5357142857142857,0.525,-0.010665284078642277,0.03571428571428571,0.03783783783783784,0.01015228426395939,1.0,high,,,,,,,0.9306586941845898,0.4516084858042428,0.3167353341335711,0.05641029204555,0.6182243053368659,0.348768483504565,1,0,0,0,,,1.0,0.041175752029226104,0.5682253780033131,0.348768483504565,0.2741086679932187,0.0,0.6182243053368659,,,,1,1,0,0,0,1.0,0.2964532109788803,0,,drop,1170,83,0.08654866834608035,-0.2120995572152933,,
14,22,review_anchor,raw_feature,0.2955416013173407,drop,monitor_first,low,-1.5079081540618302,0.13971976769582573,0.08372920311405395,0.05599056458177178,,,-0.5939227777403576,0.34297402167418417,0.11886520440737308,0.37753942115822275,0.07584806497849976,0.05006794914939434,0.010125803967312393,0,,0,,,0,,,,,0.02333274960280841,0.9380948503960365,-0.11591631030131135,-3.8865417397689894,-0.9216983980720348,-0.4113389692902653,-0.11591631030131135,0.5248655082727407,1.3481043895291747,2.3575938289754608,0.0,26,3,0.36721558187950426,0.8507326007326007,0.4041666666666666,-0.2571607893108178,0.07584806497849976,0.05006794914939434,0.010125803967312393,1.0,low,,,,,,,1.6687101094883556,0.23843074302139913,0.48910357886244565,0.08416983953836227,0.8875866277484675,0.3476960015498126,1,1,1,1,C014,1.0,1.0,-0.05958809314834016,0.07049858907690942,0.3476960015498126,0.3488809476677471,0.0,0.8875866277484675,,,,3,3,0,0,0,1.0,0.2955416013173407,0,,drop,1170,83,-0.32756801165219507,-0.1755044034496515,C014,1.0
55,545,review_anchor,raw_feature,0.2953185188290259,drop,review,flat,,0.16631477998517413,0.1255891065714316,0.04072567341374251,1.0,7.0,-0.4026488398589427,0.40458824635217977,0.16876737720111215,0.33960984229235436,,,,0,,0,,,0,,,,,0.015734566537522497,1.0225309425433973,-0.3737353644723715,-1.852502578832725,-1.2245533407693352,-0.3737353644723715,-0.3737353644723715,0.44046527068648245,2.1921219633099454,2.905040559378996,0.0,27,5,0.4570392068444738,0.9627329192546584,0.8418835616438356,-0.27536671926796075,,,,1.0,flat,7.0,7.0,0.4570392068444738,0.4570392068444738,supervised,Base,1.3242771170649175,0.2838149334289962,0.45434941103682447,0.07232064979976928,0.8313862492096018,0.3474335515635599,1,1,0,0,C052,1.0,0.0,0.0,-1.1365337626659011,0.3474335515635599,0.41155633337347036,0.0,0.8313862492096018,,,,5,4,0,0,1,0.8,0.2953185188290259,0,,drop,1170,83,-0.21613956397271483,-0.3737353644723715,C052,1.0
15,70,review_anchor,raw_feature,0.2951678153039904,drop,monitor_first,low,-1.8968954560732378,0.11508122434564254,0.04812578444756612,0.06695543989807641,2.0,8.5,-0.6327273374942243,0.27775785494328936,0.12704149933065595,0.24625488145636157,0.09675107501194458,0.05665221253096329,0.010125803967312393,0,,0,,,0,,,,,0.016966713357365413,0.9935933080407583,-0.0063912545482866494,-2.1988743771036803,-1.4220522157602717,-0.649778680645709,-0.0063912545482866494,0.6309126179508935,1.6061682194492686,2.2161484397090803,0.0,28,3,0.26795437232655805,0.8928571428571429,0.3125,-0.3889384211828339,0.09675107501194458,0.05665221253096329,0.010125803967312393,1.0,low,8.0,9.0,0.03864465035518476,0.04840294537553844,supervised,ANOVA,2.391259190196173,0.19638525228784534,0.5140677343703463,0.10471558106669979,0.9353871585923025,0.3472562532988122,1,1,1,1,C015,1.0,1.0,-0.17597077468759115,-0.2959007006721299,0.3472562532988122,0.28254158487499653,0.1111111111111111,0.9353871585923025,,,,3,1,0,0,2,0.6666666666666666,0.2951678153039904,0,,drop,1170,83,-0.22881287342029258,-0.1823620292358778,C015,1.0
56,55,review_anchor,raw_feature,0.2914926710106639,drop,review,low,-1.5133650072331442,0.17452221494041836,0.143788068525605,0.030734146414813365,4.0,7.5,0.003092675826787695,0.3441022020819269,0.1625476264030481,0.26334811309178363,0.005555555555555556,0.012367556272949701,0.013988248343578128,0,,0,,,0,,,,,-2.322829379847436e-05,0.9827245198524569,-0.0576745531609328,-2.063508891213612,-1.4013888184583587,-0.7392687457031054,-0.0576745531609328,0.6628678789550781,1.8527365979358403,2.298693941056292,0.0,29,8,0.42477090430774134,0.5649361689616837,0.4190068493150685,-0.07743244164943708,0.005555555555555556,0.012367556272949701,0.013988248343578128,1.0,low,6.0,10.0,0.3309032165553797,0.42477090430774134,supervised,"RFERF,RFEXGB",1.2137461524447726,0.2978208600559208,0.43160131527035867,0.06814275797053859,0.8069526393260917,0.3429325541301928,1,1,0,0,C053,1.0,1.0,-0.17526707808227288,0.2122679056774215,0.3429325541301928,0.3500285583464572,0.3333333333333333,0.8069526393260917,,,,8,8,0,0,0,1.0,0.2914926710106639,0,,drop,1170,83,0.012895445055161875,-0.2329416312432057,C053,1.0
57,129,review_anchor,raw_feature,0.29002044847018554,drop,review,high,1.8677663386634549,0.1874430635513279,0.1666372296062581,0.020805833945069775,6.0,7.0,0.6432631381869592,0.6393252961283873,0.2628153640201833,0.45592167876014605,0.025116612535145917,0.0063081181538431575,0.01180807893290211,0,,0,,,0,,,,,-0.030547655679397344,1.0090057739763882,0.3447014723017579,-2.586191061861077,-2.251188763486736,-0.3118328236715443,0.3447014723017579,0.499160921192766,1.117080354943316,1.811658045833748,0.0,30,10,0.41267470516548105,0.8240442868417116,0.5782020547945206,0.16327919860305173,0.025116612535145917,0.0063081181538431575,0.01180807893290211,1.0,high,5.0,9.0,0.23425585957622216,0.41267470516548105,supervised,"RFERF,RFEXGB",1.1248570562186568,0.31987019198347605,0.4089971424662087,0.06462866391807726,0.7762757529511448,0.341200527611983,1,1,0,0,C054,1.0,1.0,0.11584458666825607,0.22396620089196184,0.341200527611983,0.6503361802519393,0.5555555555555556,0.7762757529511448,,,,10,6,0,0,4,0.6,0.29002044847018554,0,,drop,1170,83,0.42531475532099694,0.460546058970014,C054,1.0
58,441,review_anchor,raw_feature,0.28710892608887795,drop,review,high,1.9404391460586967,0.1478428944393413,0.107048236675782,0.04079465776355928,,,0.42787492982389225,0.25463480312425174,0.09660179178251467,0.1911883170692657,0.17857142857142858,0.05405405405405406,0.013197969543147208,0,,0,,,0,,,,,-0.012382163605922997,0.9900512876132214,0.0394248513379855,-2.15957758769192,-1.7436804654186548,-0.7292612925027752,0.0394248513379855,0.6814928313423305,1.562594466673836,2.043341526827339,0.0,31,1,0.1478428944393413,0.5357142857142857,0.5625,0.15996525687914548,0.17857142857142858,0.05405405405405406,0.013197969543147208,1.0,high,,,,,,,1.3810866860620454,0.25229279831288726,0.45450647037281866,0.07439128425673618,0.8562788987503813,0.3377752071633858,1,1,0,0,C055,1.0,1.0,0.037516492988567796,0.4807470601535029,0.3377752071633858,0.2590202925269135,0.0,0.8562788987503813,,,,1,1,0,0,0,1.0,0.28710892608887795,0,,drop,1170,83,0.17503309045208387,0.0769413443265533,C055,1.0
16,582,review_anchor,raw_feature,0.2837569877386465,drop,monitor_first,high,2.267512710595244,0.12951177768700323,0.08279790475852575,0.046713872928477465,2.0,7.5,0.4491570085047293,0.337451489774526,0.1462774173617547,0.3136199584357518,0.07202307836600984,0.01885069673202526,0.010546598067821971,0,,0,,,0,,,,,-0.017660026101505157,0.989617613791099,-0.0119429441999272,-2.243118023994286,-1.6197941825660718,-0.6724980748078616,-0.0119429441999272,0.648612186408007,1.60941964911046,2.339333068432252,0.0,32,10,0.30566460547399693,0.735505369621804,0.3856849315068493,0.23605936794939003,0.07202307836600984,0.01885069673202526,0.010546598067821971,1.0,high,5.0,10.0,0.13768992982517628,0.21622404157388297,supervised,"ANOVA,RFEXGB",1.5641914860613344,0.22101088409451314,0.4679829763611733,0.0807440323092356,0.8888369727275619,0.33383175028076056,1,1,1,1,C016,1.0,1.0,0.330277565303967,0.6395374673613485,0.33383175028076056,0.34326330306226605,0.1111111111111111,0.8888369727275619,,,,10,6,0,0,4,0.6,0.2837569877386465,0,,drop,1170,83,0.2553901563035078,0.3183346211040398,C016,1.0
17,561,review_anchor,raw_feature,0.28253620057782086,drop,monitor_first,high,2.7244401058375343,0.13080167494276734,0.08630838647506574,0.04449328846770161,,,0.18304967350454018,0.18466674696570376,0.09766244465039646,0.14804852378036787,0.0,0.011055122919529698,0.011778811730814546,0,,0,,,0,,,,,-0.008697867761789088,0.9954518251739228,-0.1418928528745252,-1.2639324287057805,-1.154998125447634,-0.8878640409246422,-0.1418928528745252,0.5756706611338218,1.8801494306088664,2.7244401058375343,0.0,33,3,0.27872628172442726,0.45445134575569357,0.38658675799086756,0.11024778815079007,0.0,0.011055122919529698,0.011778811730814546,1.0,high,,,,,,,1.51551523884131,0.22321208415507043,0.46292728587695914,0.07910062282530708,0.8841238610137664,0.332395530091554,1,1,1,1,C017,1.0,1.0,0.17090035069888346,0.010363054589516363,0.332395530091554,0.18784720011627695,0.0,0.8841238610137664,,,,3,3,0,0,0,1.0,0.28253620057782086,0,,drop,1170,83,0.12958815655500605,0.0290074978243583,C017,1.0
59,439,review_anchor,raw_feature,0.2818526085197717,drop,review,low,-1.1835461519119583,0.188848805908919,0.179983504662383,0.008865301246536006,,,-0.06643547705700965,0.23337566644983693,0.10742457007517249,0.11624653776686682,0.0,0.005405405405405406,0.01015228426395939,0,,0,,,0,,,,,0.006122751135810272,1.0171012173210898,-0.13303675738377396,-1.1817813822796672,-0.9920425243066741,-0.5944331445246497,-0.13303675738377396,0.3821086758914193,1.3779912400702965,2.149516143464283,0.0,34,1,0.188848805908919,0.6428571428571429,0.6,0.11639104816183557,0.0,0.005405405405405406,0.01015228426395939,1.0,low,,,,,,,1.0492561874665445,0.3222690808475542,0.38181167007965816,0.0615222158297415,0.7583572761204046,0.33159130414090787,1,1,0,0,C056,1.0,1.0,-0.051049633575307146,-0.09435688793912145,0.33159130414090787,0.23739501690585244,0.0,0.7583572761204046,,,,1,1,0,0,0,1.0,0.2818526085197717,0,,drop,1170,83,-0.08854353850047865,-0.1840863909590811,C056,1.0
60,511,review_anchor,raw_feature,0.2817392764101193,drop,review,high,2.1089976557873755,0.14306414750361807,0.1064617407629499,0.03660240674066817,1.0,8.0,0.409743095369827,0.32116760016120605,0.14846050870147257,0.2595169378440646,0.0,0.01817575989179174,0.010544636069501543,0,,0,,,0,,,,,-0.01782157997115354,0.9928694368691442,-0.8374816063277984,-0.8374816063277984,-0.8374816063277984,-0.8374816063277984,-0.8374816063277984,0.8198488898034861,1.9122241370714448,2.112149611725955,0.0,35,5,0.24079912297838055,0.743167701863354,0.3808904109589041,0.21661764893710928,0.0,0.01817575989179174,0.010544636069501543,1.0,high,8.0,8.0,0.24079912297838055,0.24079912297838055,supervised,RFEXGB,1.34380808052132,0.24413790225640206,0.44496181040682825,0.07303818213035099,0.8570663179651968,0.3314579722471992,1,1,0,0,C057,1.0,1.0,0.8841361865241671,0.06440815382957088,0.3314579722471992,0.3266989615057823,0.0,0.8570663179651968,,,,5,3,0,0,2,0.6,0.2817392764101193,0,,drop,1170,83,0.24041617427910766,0.0466545801963687,C057,1.0
61,280,review_anchor,raw_feature,0.2809070278773041,drop,false_positive_risk,low,-1.3885290333048865,0.21618624172400785,0.2260502217657787,-0.009863980041770855,3.0,6.333333333333333,-0.22653184009727,0.3031961552590273,0.15355782102770055,0.22010764130278374,0.0,0.0108676162985453,0.010612241093234628,0,,0,,,0,,,,,0.013262983495224088,1.0177594608263898,-0.1676321209516629,-1.3910582315142226,-1.1330408017866058,-0.5911257746079336,-0.1676321209516629,0.4127110340587817,1.46517118814529,4.4897001227578315,0.0,36,8,0.4511380216668713,0.7420637989559411,0.6638270547945205,-0.053003050584137366,0.0,0.0108676162985453,0.010612241093234628,1.0,low,5.0,9.0,0.3664044215021754,0.4511380216668713,supervised,"RFERF,RFEXGB",0.9563637674640665,0.3689202114726889,0.33916999134234965,0.05754442030891708,0.696508902726763,0.33047885632624013,1,0,0,0,,,1.0,-0.09410970081250447,-0.475253989103147,0.33047885632624013,0.3084180004644034,0.2222222222222222,0.696508902726763,,,,8,8,0,0,0,1.0,0.2809070278773041,0,,drop,1170,83,-0.19125403380620762,-0.2617418217641674,,
18,302,review_anchor,raw_feature,0.27926138528560834,drop,monitor_first,high,1.7925441895572967,0.09226336501988064,0.03455410093800743,0.057709264081873206,,,0.37557368914805184,0.20194532820812552,0.07218618061991557,0.16895902380090563,0.03571428571428571,0.005405405405405406,0.01015228426395939,0,,0,,,0,,,,,-0.005131723039894386,0.9657631208895564,-0.1092330677323429,-1.1632356890762567,-0.9693889621466546,-0.5434248039997411,-0.1092330677323429,0.3764433619253614,1.195286841352875,1.753331053593968,0.0,37,1,0.09226336501988064,0.39285714285714285,0.4875,0.433564530871473,0.03571428571428571,0.005405405405405406,0.01015228426395939,1.0,high,,,,,,,2.670113315505092,0.1574467452825713,0.4930166084550469,0.11149149539744477,0.9536082648933121,0.3285428062183628,1,1,1,1,C018,1.0,1.0,-0.021441567223081298,-0.01244109540036975,0.3285428062183628,0.20542336454058094,0.0,0.9536082648933121,,,,1,1,0,0,0,1.0,0.27926138528560834,0,,drop,1170,83,0.0671359581098969,-0.1306746349554242,C018,1.0
19,26,review_anchor,raw_feature,0.2751460650748854,drop,monitor_first,high,-1.467783860019842,0.11337537142051196,0.06888785590968047,0.044487515510831493,,,-0.7050267226032082,0.28409397163784966,0.07587272165585418,0.4043208864978684,0.04937091893613632,0.013192249199597638,0.011213292244184292,0,,0,,,0,,,,,0.025167491465277487,0.9028999709998305,0.248332993531762,-5.42841506520982,-0.4494373270069208,-0.16363329241799351,0.248332993531762,0.3357158643513532,0.4322248160583142,0.49835658634130675,0.0,38,3,0.3119065406307984,0.7290969899665551,0.25,-0.18348631579494343,0.04937091893613632,0.013192249199597638,0.011213292244184292,1.0,high,,,,,,,1.6457961991030683,0.19347422697530997,0.46291414236288453,0.08343041642656861,0.9075123624497385,0.323701253029277,1,1,1,1,C019,1.0,1.0,-0.004136467257731702,0.0034384384079900743,0.323701253029277,0.2889868263721254,0.0,0.9075123624497385,,,,3,3,0,0,0,1.0,0.2751460650748854,0,,drop,1170,83,-0.3600989594485167,0.2441965262740303,C019,1.0
20,38,review_anchor,raw_feature,0.27360036035889695,drop,monitor_first,high,3.1542226957645902,0.09636001530624157,0.04597747019293894,0.05038254511330261,2.0,2.0,0.33195733883596074,0.46407150751653264,0.1563690660076202,0.4693374269524326,0.06569517439082656,0.06378209195110603,0.010125803967312393,0,,0,,,0,,,,,-0.015065480916366307,0.9414912979373775,-0.036757726536534,-1.867519015225292,-1.254612462445622,-0.5740037227824868,-0.036757726536534,0.3664289725030453,1.4709610081816258,3.352274757606222,0.0,39,3,0.17966030709116204,0.8809523809523809,0.3499999999999999,0.017827219216669982,0.06569517439082656,0.06378209195110603,0.010125803967312393,1.0,high,2.0,2.0,0.05470986941378132,0.07034231462365358,supervised,ANOVA,2.095809423656376,0.16443764848677872,0.4763355841462612,0.09689948729287606,0.9382714479565487,0.32188277689281997,1,1,1,1,C020,1.0,1.0,0.1666774038008928,1.6886315321188008,0.32188277689281997,0.47206405469908697,0.1111111111111111,0.9382714479565487,,,,3,2,0,1,0,0.6666666666666666,0.27360036035889695,0,,drop,1170,83,0.2122340412419048,0.1299196772643588,C020,1.0
21,562,review_anchor,raw_feature,0.2684664222086133,drop,monitor_first,low,-2.0656648886209372,0.09439531492153737,0.04892530884497757,0.0454700060765598,,,-0.4092315825191785,0.25145904174887573,0.12132633096488517,0.21931067641847649,0.1359691033604077,0.019694035738126368,0.010125803967312393,0,,0,,,0,,,,,-0.01655270944231932,0.9182856138209927,0.1887927251301679,-2.0832248848202584,-1.7986506654416234,-0.35718416562746996,0.1887927251301679,0.3031963520964664,1.3299275015325127,2.576899212927047,0.0,40,3,0.21667877165066524,0.8214285714285715,0.2791666666666667,-0.3329889086725124,0.1359691033604077,0.019694035738126368,0.010125803967312393,1.0,low,,,,,,,1.9293759640973125,0.1610849019122262,0.46515101661456115,0.09216105402059462,0.9343137310381435,0.3158428496571921,1,1,1,1,C021,1.0,1.0,-0.13790188561958538,-0.3153883427831796,0.3158428496571921,0.2557898360835962,0.0,0.9343137310381435,,,,3,1,0,0,2,0.6666666666666666,0.2684664222086133,0,,drop,1170,83,-0.2257921924208666,0.0508908395105825,C021,1.0
62,103,review_anchor,raw_feature,0.2682522782376582,drop,review,high,1.959307832629013,0.12057630001211099,0.0884707471876022,0.0321055528245088,5.0,3.2,1.4225343911555135,0.9830689350248261,0.3521470497374112,0.7639390297672425,0.11385379250689243,0.08871370446332248,0.010534757417325936,0,,0,,,0,,,,,-0.0512052619209145,0.9690765412077489,-0.1376096352374962,-1.812685262786136,-1.3798593199925044,-0.6606621340817238,-0.1376096352374962,0.4508244259622606,1.5623109860062447,2.342313024907689,0.0,41,10,0.25613444411579056,0.8661938355859778,0.6261643835616438,0.3425750581221877,0.11385379250689243,0.08871370446332248,0.010534757417325936,1.0,high,2.0,6.0,0.041098120409300394,0.05525434367629766,supervised,"ANOVA,RFERF",1.3628945594460615,0.20576255798854776,0.4347236492585309,0.07373363144400291,0.8812207131193652,0.3155909155737155,1,1,0,0,C058,1.0,1.0,0.7845787482663422,0.761695201441905,0.3155909155737155,1.0,0.4444444444444444,0.8812207131193652,,,,10,0,0,5,5,0.5,0.2682522782376582,0,,drop,1170,83,0.7032917842146326,0.6469691130288461,C058,1.0
63,NA_109,review_anchor,raw_feature,0.26600552953987117,drop,false_positive_risk,flat,,0.22770517309168772,0.26565603527363557,-0.03795086218194785,,,0.30905247834764804,0.12695838582777835,0.061270723921326334,0.06127072392132632,,,,0,,0,,,0,,,,,0.6495726495726496,0.47730780717771915,1.0,0.0,0.0,0.0,1.0,1.0,1.0,1.0,0.0,42,1,0.22770517309168772,0.21428571428571427,0.25,0.16081731839128693,,,,1.0,flat,,,,,,,0.8571428571428575,0.3885771820653366,0.2752235010036194,0.05308138034150175,0.6433348261609229,0.31294768181161314,1,0,0,0,,,0.0,0.0,0.0,0.31294768181161314,0.12914494732210433,0.0,0.6433348261609229,,,,1,1,0,0,0,1.0,0.26600552953987117,0,,drop,1170,83,0.7108433734939759,1.0,,
64,40,review_anchor,raw_feature,0.2650417943872563,drop,false_positive_risk,low,-2.6377157220048573,0.2162512414869077,0.24806886646406245,-0.03181762497715476,,,-0.1906767662934344,0.37644512270470104,0.16841725877870456,0.19353147452636096,0.0,0.010810810810810811,0.012182741116751269,0,,0,,,0,,,,,0.012196498530649835,0.9865966740369561,0.4442404635267338,-2.6377157220048573,-2.3233581420974225,0.2937479706889684,0.4442404635267338,0.5223827504897601,0.5828439478148578,0.6393421422900756,0.0,43,1,0.2162512414869077,0.35714285714285715,0.3375,0.0769819745086344,0.0,0.010810810810810811,0.012182741116751269,1.0,low,,,,,,,0.8717387416217175,0.36903113308399704,0.289187279243726,0.05375266711193165,0.6669470532061035,0.3118138757497133,1,0,0,0,,,1.0,-0.0552788089829469,0.017437212539473612,0.3118138757497133,0.3829285101916016,0.0,0.6669470532061035,,,,1,1,0,0,0,1.0,0.2650417943872563,0,,drop,1170,83,-0.17332833757746177,0.3889616545437869,,
65,43,review_anchor,raw_feature,0.2642161266532924,drop,review,high,2.3875636941757974,0.14809210229355063,0.137548189161781,0.01054391313176963,2.0,7.5,-0.01941996852762985,0.0445690782146144,0.05953042940994748,0.08149252987433965,0.0,0.007612365780855651,0.010425360050051083,0,,0,,,0,,,,,0.0026265196809553758,1.0034662209030853,-0.31483133666434765,-1.6631538290172596,-1.3009797754619015,-0.7693046065821947,-0.31483133666434765,0.8692764807062637,1.7069563903256468,2.366995892730458,0.0,44,6,0.3729842200931759,0.628325417257973,0.29583333333333334,-0.06317668930775981,0.0,0.007612365780855651,0.010425360050051083,1.0,high,6.0,9.0,0.36288512664860595,0.3729842200931759,supervised,RFERF,1.0766561391758356,0.25271806966014043,0.38563343064980077,0.06266112799853144,0.8153301928634723,0.3108425019450499,1,1,0,0,C059,1.0,1.0,0.08074987786799095,-0.16786827337829457,0.3108425019450499,0.045336676428992105,0.1111111111111111,0.8153301928634723,,,,6,6,0,0,0,1.0,0.2642161266532924,0,,drop,1170,83,-0.03729928111174986,-0.2340814587963567,C059,1.0
22,102,review_anchor,raw_feature,0.26232472252032474,drop,monitor_first,low,-2.1068161821753932,0.09614091738979051,0.058522723113290584,0.03761819427649993,,,-0.3524779906935076,0.47514929631284564,0.20091648645865515,0.3679473962669662,0.04379727338307791,0.014647409813836823,0.010379472671926602,0,,0,,,0,,,,,0.013502952469843354,0.9785681812343124,-0.0310065500261438,-2.1208502846646686,-1.416084414109907,-0.5713505846996925,-0.0310065500261438,0.5370165777375867,1.6828508024157782,2.6926803934520076,0.0,45,8,0.28248029790003754,0.8085005676769996,0.5695419520547945,-0.17111976290430161,0.04379727338307791,0.014647409813836823,0.010379472671926602,1.0,low,,,,,,,1.642796375070879,0.1640637595240688,0.4472744931575189,0.08333313951759262,0.92142840951745,0.30861732061214675,1,1,1,1,C022,1.0,1.0,-0.26957029792177034,0.3268539862301456,0.30861732061214675,0.4833326325186406,0.0,0.92142840951745,,,,8,7,0,0,1,0.875,0.26232472252032474,0,,drop,1170,83,-0.1966074659755045,-0.3005768479479141,C022,1.0
66,14,review_anchor,raw_feature,0.26231440511915477,drop,review,low,-2.110732156642666,0.11566973620132588,0.08833908576519657,0.0273306504361293,,,-0.4401116052190634,0.40332911912195374,0.17658325610132838,0.32826944315684353,0.022942699491667655,0.024235900852424018,0.01032609090133906,0,,0,,,0,,,,,0.022083549076890138,0.9960188572578782,-0.0212044375124078,-2.137262764135633,-1.6360528847434552,-0.6549067929337641,-0.0212044375124078,0.6905636834994101,1.6019505326398344,2.532555934703501,0.0,46,10,0.3175239896428063,0.6980533958672462,0.46777397260273973,-0.20071115829271463,0.022942699491667655,0.024235900852424018,0.01032609090133906,1.0,low,,,,,,,1.3093834422146229,0.1973895433866751,0.4238524444048559,0.07176941935707636,0.8813974794558117,0.30860518249312324,1,1,0,0,C060,1.0,1.0,-0.275142270987853,-0.1317670565698903,0.30860518249312324,0.41027552061928213,0.0,0.8813974794558117,,,,10,6,0,0,4,0.6,0.26231440511915477,0,,drop,1170,83,-0.3003407025322141,-0.2963467085002608,C060,1.0
23,588,review_anchor,raw_feature,0.2611457210163328,drop,monitor_first,high,3.358525346899427,0.09282600350441489,0.05502806864467904,0.03779793485973585,,,0.4134430561298981,0.25739600743027946,0.1284934610235815,0.17810352920555297,0.0,0.0018018018018018018,0.011171093711975286,0,,0,,,0,,,,,-0.008122820865087877,1.0022546256724838,-0.2490388325620975,-1.2560646049432145,-1.1079826848148415,-0.6613318816434146,-0.2490388325620975,0.3694007410598782,1.7780686587543784,3.3348184965772494,0.0,47,3,0.12167784503781769,0.6485507246376812,0.3171232876712329,0.43495847999552034,0.0,0.0018018018018018018,0.011171093711975286,1.0,high,,,,,,,1.686884635254062,0.15840688366622496,0.44768371549170355,0.08475182360438294,0.9261202718433745,0.3072302600192151,1,1,1,1,C023,1.0,1.0,0.2405042786307684,-0.03435775409010988,0.3072302600192151,0.26182905212418217,0.0,0.9261202718433745,,,,3,1,0,0,2,0.6666666666666666,0.2611457210163328,0,,drop,1170,83,0.12020353669546761,-0.0085345539313291,C023,1.0
24,57,review_anchor,raw_feature,0.2593507662034507,drop,monitor_first,low,-2.4893091718126463,0.09843702910735087,0.06549894010217323,0.03293808900517763,,,-0.3128815334149839,0.2791243417981706,0.14162290186386572,0.22026790684321854,0.03771551208163784,0.011281208010769603,0.010952706441098685,0,,0,,,0,,,,,0.013460956350731515,0.9928889307622513,0.037084147270272,-2.4555507644610017,-1.5613704764471514,-0.5832116768588849,0.037084147270272,0.6752731201723567,1.7309688977767843,2.3035496585113706,0.0,48,6,0.2834800833129176,0.6333586367054928,0.3979166666666667,-0.3359964722202577,0.03771551208163784,0.011281208010769603,0.010952706441098685,1.0,low,,,,,,,1.5028797252871084,0.16798205706998157,0.4366191165648728,0.07866882244206438,0.9120622618878054,0.3051185484746479,1,1,1,1,C024,1.0,1.0,-0.1670027218809318,0.009543012678895568,0.3051185484746479,0.2839316062724754,0.0,0.9120622618878054,,,,6,6,0,0,0,1.0,0.2593507662034507,0,,drop,1170,83,-0.18687531063459403,-0.1299185746106598,C024,1.0
25,159,review_anchor,raw_feature,0.2583272880723378,drop,monitor_first,high,2.9773275121584954,0.09476031507667633,0.06120551481707889,0.03355480025959744,,,0.5353520449582597,0.3227161555327094,0.10021624961383997,0.39788038335306536,0.08225832138875618,0.0613810687601257,0.010125803967312393,0,,0,,,0,,,,,-0.02581739516329539,0.9352363296266075,-0.264076156007183,-0.779586747670398,-0.6915848871003154,-0.4859477759415935,-0.264076156007183,0.07441335196592372,1.413219175667706,5.038525684355017,0.0,49,3,0.24896330366618732,0.7711419015766842,0.15416666666666667,0.08360235937943665,0.08225832138875618,0.0613810687601257,0.010125803967312393,1.0,high,,,,,,,1.5482316480774743,0.1617077719586621,0.43802320691835955,0.0802086584719756,0.9178265400232369,0.30391445655569155,1,1,1,1,C025,1.0,1.0,0.06926723744293789,3.5951319683762364,0.30391445655569155,0.32827418712458817,0.0,0.9178265400232369,,,,3,3,0,0,0,1.0,0.2583272880723378,0,,drop,1170,83,0.36550757457101807,-0.1948089185642451,C025,1.0
67,471,review_anchor,raw_feature,0.2577884327475352,drop,review,high,1.3910539890227789,0.11617474932598479,0.09490822330182555,0.021266526024159228,1.0,10.0,0.509509752379486,0.19827239806786504,0.07927092987333952,0.2637311423389647,0.03067367415193502,0.022453159876224423,0.010172206595408701,0,,0,,,0,,,,,-0.01786517686554314,0.9007831887914955,-0.21739132581154114,-0.5971267852803384,-0.509993854613937,-0.3574951948734315,-0.21739132581154114,0.00440063079352515,1.204417369998673,1.989909220289687,0.0,50,5,0.44093326420455886,0.5467749641662685,0.22955479452054792,0.1166856204363238,0.03067367415193502,0.022453159876224423,0.010172206595408701,1.0,high,10.0,10.0,0.44093326420455886,0.44093326420455886,supervised,Base,1.2240746405770107,0.19825134452286167,0.4100460179319011,0.06854189481984611,0.8725778696206306,0.3032805091147473,1,1,0,0,C061,1.0,1.0,0.016866688374446548,0.3803529056054096,0.3032805091147473,0.2016871767622867,0.0,0.8725778696206306,,,,5,5,0,0,0,1.0,0.2577884327475352,0,,drop,1170,83,0.23394062080508313,-0.2005246374370946,C061,1.0
68,51,review_anchor,raw_feature,0.2577591053341576,drop,review,high,1.4676837167145982,0.13028722488486058,0.1174222059545867,0.012865018930273883,,,0.11057240794945937,0.1501716221656605,0.08953763773040883,0.11175168995315875,0.0,0.0018018018018018018,0.010211968446355238,0,,0,,,0,,,,,-0.0012888307363553872,0.9971186611714226,0.4023804957774403,-1.869774293729256,-1.765814122167655,-0.6915253833487885,0.4023804957774403,0.8224772750863415,1.2081041013735387,1.4526592107239924,0.0,51,3,0.24352621715574002,0.6578674948240165,0.5967465753424658,0.10826218928855635,0.0,0.0018018018018018018,0.010211968446355238,1.0,high,,,,,,,1.1095620613297748,0.22233417896257723,0.3909179819495303,0.06400920654043533,0.842350987975025,0.30324600627547954,1,1,0,0,C062,1.0,1.0,0.15925710125670056,-0.05161519839384221,0.30324600627547954,0.15275797740660793,0.0,0.842350987975025,,,,3,3,0,0,0,1.0,0.2577591053341576,0,,drop,1170,83,0.025745179914378736,0.5616375970341408,C062,1.0
26,551,review_anchor,raw_feature,0.25763480795889965,drop,monitor_first,high,0.6908213781076025,0.06545765658160581,0.022334677431169275,0.04312297915043652,,,0.7493233646710876,0.20975304075672446,0.0813304500051488,0.30609680792642446,0.06274647542098374,0.026223074157616055,0.01076450690178445,0,,0,,,0,,,,,-0.02123578683115883,0.7897829591316312,-0.05216019608436165,-0.6016916294718555,-0.4437307993106435,-0.2192983619733593,-0.05216019608436165,0.06891394686368935,0.4246247045634657,0.7221297031161533,0.0,52,10,0.31880466177675126,0.6704211039545946,0.31210616438356165,0.2658139213001422,0.06274647542098374,0.026223074157616055,0.01076450690178445,1.0,high,,,,,,,2.9307634633780757,0.11170300346597363,0.459807449681534,0.11737476367861181,0.9700138504272172,0.3030997740692937,1,1,1,1,C026,1.0,1.0,0.05069331740895454,0.23394892511717194,0.3030997740692937,0.21336554669121696,0.0,0.9700138504272172,,,,10,8,0,1,1,0.8,0.25763480795889965,0,,drop,1170,83,0.21596552516924986,-0.0014668786754071,C026,1.0
69,281,review_anchor,raw_feature,0.25547385040842946,drop,review,low,-1.2818503981212228,0.1354252584218033,0.12871772569834328,0.0067075327234600345,,,-0.1950678379048539,0.3001253923167767,0.15280609617959015,0.21713418162501605,0.05216302004406114,0.010566049438851349,0.010772471223516026,0,,0,,,0,,,,,0.014229668346613421,1.0103146037734905,-0.1971477467696444,-1.276662214365321,-1.034702075076631,-0.5880064333128946,-0.1971477467696444,0.286772531807755,1.7013087307262522,4.465424137323415,0.0,53,8,0.3694761608487241,0.7644966654923993,0.6535530821917808,-0.06339645728248117,0.05216302004406114,0.010566049438851349,0.010772471223516026,1.0,low,,,,,,,1.0521104042746956,0.23110219492828601,0.3768989950691159,0.06164156309897193,0.8271858195689695,0.30055747106874053,1,1,0,0,C063,1.0,1.0,-0.14889854725456,-0.10981267860025334,0.30055747106874053,0.30529435080684086,0.0,0.8271858195689695,,,,8,7,0,0,1,0.875,0.25547385040842946,0,,drop,1170,83,-0.20095990837102332,-0.3460462940242044,C063,1.0
70,19,review_anchor,raw_feature,0.2539650217334548,drop,false_positive_risk,low,-1.2034037299722657,0.14738904522014018,0.1501470013280156,-0.002757956107875426,1.0,10.0,0.1252956180319858,0.25557604522971794,0.14916074554628772,0.14825527019736984,0.0024509803921568627,0.003094552232483267,0.010743543614243031,0,,0,,,0,,,,,-0.008435684720770671,1.0290243441514224,0.0661008836780716,-1.3526857000647177,-0.6800232590358741,-0.1430240520966783,0.0661008836780716,0.31542194404269186,0.6482878908097898,0.8500566730648234,0.0,54,8,0.28798871217152194,0.9402398190179851,0.7588398972602739,0.08968045219164163,0.0024509803921568627,0.003094552232483267,0.010743543614243031,1.0,low,10.0,10.0,0.28798871217152194,0.28798871217152194,supervised,RFERF,0.9816316271155473,0.2515183080003255,0.35534855073415994,0.05864482709178422,0.7984152467121176,0.2987823785099468,1,0,0,0,,,1.0,-0.008407032593958995,0.01807512007701606,0.2987823785099468,0.2599777453279649,0.0,0.7984152467121176,,,,8,8,0,0,0,1.0,0.2539650217334548,0,,drop,1170,83,0.12000897467930202,0.0576938510841126,,
71,122,review_anchor,raw_feature,0.25294859765283484,drop,review,low,-1.7194994336662455,0.12951842608512482,0.12253293505811355,0.006985491027011242,2.0,8.5,-0.5242582707535238,0.4929743250458821,0.1982494078879621,0.414086425601271,0.009069537629375356,0.01780635762131816,0.011969771692570987,0,,0,,,0,,,,,0.026843353365925457,1.0091779624940465,-0.0208077164944322,-1.74902987589769,-1.2582590960158673,-0.7486551259354196,-0.0208077164944322,0.56302117966295,2.3014908102036946,2.723675542720994,0.0,55,10,0.3728491445498552,0.7835626066249357,0.5584931506849314,-0.163388657218055,0.009069537629375356,0.01780635762131816,0.011969771692570987,1.0,low,7.0,10.0,0.19210034890796118,0.3728491445498552,supervised,"RFERF,RFEXGB",1.0570090892191415,0.22102222953639425,0.3775318334839993,0.061846012098872916,0.8354894119439129,0.29758658547392336,1,1,0,0,C064,1.0,1.0,-0.49630995346965345,-1.4925303232410498,0.29758658547392336,0.5014646557145382,0.1111111111111111,0.8354894119439129,,,,10,6,0,0,4,0.6,0.25294859765283484,0,,drop,1170,83,-0.3764760504581225,-0.5171176699640857,C064,1.0
27,32,review_anchor,raw_feature,0.25227340205313503,drop,monitor_first,low,0.4713826588321433,0.07594241156704364,0.04088125105062694,0.0350611605164167,,,0.493076757041121,0.23283737210876362,0.10267737617135207,0.24235368022637774,0.023809523809523808,0.008994573262791267,0.0112511054925715,0,,0,,,0,,,,,-0.015187148382253346,0.9443980250911814,-0.1137867789937577,-0.9552838422851189,-0.8121368680601795,-0.3999640959665375,-0.1137867789937577,0.2015006074689894,0.7288756430729186,4.06467928756592,0.0,56,3,0.19000199339298574,0.8260869565217391,0.25,0.20797142857574488,0.023809523809523808,0.008994573262791267,0.0112511054925715,1.0,low,,,,,,,1.8576342361195672,0.1295951597642692,0.4414527955472643,0.0900349041154049,0.945113543166027,0.29679223770957064,1,1,1,1,C027,1.0,1.0,0.027723875704732504,0.027054678704961366,0.29679223770957064,0.2368474517027472,0.0,0.945113543166027,,,,3,3,0,0,0,1.0,0.25227340205313503,0,,drop,1170,83,0.21215765607547268,-0.0860629032890252,C027,1.0
72,137,review_anchor,raw_feature,0.24889605514303936,drop,false_positive_risk,high,2.2439062472717017,0.1466381879386828,0.1557591735258634,-0.009120985587180596,1.0,10.0,0.28305800303401735,0.3397558192192176,0.168746781999794,0.23509813105062985,0.021833946517009397,0.017677029035693154,0.010425360050051083,0,,0,,,0,,,,,-0.012401486405692901,1.0031343191744675,-0.089966850240949,-1.819637538692171,-1.4913382471063488,-0.8130379042058512,-0.089966850240949,0.7303481137778215,1.7192512822563184,2.248027078311604,0.0,57,6,0.38092539479770604,0.7291174891707346,0.55625,0.08802130974064455,0.021833946517009397,0.017677029035693154,0.010425360050051083,1.0,high,10.0,10.0,0.28616069220539325,0.28616069220539325,supervised,RFERF,0.941441743810575,0.2502369756414666,0.3408615955394642,0.05688787647501971,0.7908804419014592,0.29281888840357573,1,0,0,0,,,1.0,0.3986037501217967,-0.2531230094372474,0.29281888840357573,0.345607319196428,0.0,0.7908804419014592,,,,6,6,0,0,0,1.0,0.24889605514303936,0,,drop,1170,83,0.17975941878354607,0.3086368998808477,,
73,133,review_anchor,raw_feature,0.24602173397900776,drop,review,high,2.1469719020373548,0.11658352120059237,0.11083796140586999,0.005745559794722382,1.0,9.0,0.28936453243878646,0.3435223531101147,0.15659561322211923,0.29254310872665173,0.0,0.006945754482669711,0.01423570407334411,0,,0,,,0,,,,,-0.017510520973872158,1.0024299368524585,-0.015157755383009,-2.640431060127601,-1.726338174308084,-0.6173214741102567,-0.015157755383009,0.6751372424028685,1.5574027211787602,2.1469719020373548,0.0,58,8,0.4215725858877641,0.7944973312336505,0.4171875,0.09445494523972227,0.0,0.006945754482669711,0.01423570407334411,1.0,high,9.0,9.0,0.2958462269196339,0.2958462269196339,supervised,RFERF,1.0518374726659137,0.19894891068258444,0.37470883411473754,0.061630157816495966,0.8511908802219604,0.2894373340929503,1,1,0,0,C065,1.0,1.0,0.1374309875024852,-0.012712671204197612,0.2894373340929503,0.34943872283121175,0.0,0.8511908802219604,,,,8,8,0,0,0,1.0,0.24602173397900776,0,,drop,1170,83,0.24239293400394352,0.1222732321194762,C065,1.0
74,522,review_anchor,raw_feature,0.24548153215790597,drop,review,high,2.6793316905919844,0.11161626932698311,0.10357757505528395,0.008038694271699162,,,0.19453465844895312,0.2729190604471835,0.11834002677376171,0.15657063543610272,0.0,0.005405405405405406,0.01015228426395939,0,,0,,,0,,,,,-0.008889745281658711,1.00024470887622,-0.1591020808909466,-1.4964942230029048,-1.2225981384818299,-0.7006967219037352,-0.1591020808909466,0.46832330634098557,1.6921113406906676,2.672338412599028,0.0,59,1,0.11161626932698311,0.4642857142857143,0.475,0.10674201847305677,0.0,0.005405405405405406,0.01015228426395939,1.0,high,,,,,,,1.0776103733593738,0.19047233235347177,0.3799297020254426,0.06270052060065365,0.8609385486956065,0.2888018025387129,1,1,0,0,C066,1.0,1.0,0.1253008115470526,0.2516491515050219,0.2888018025387129,0.27761945345195077,0.0,0.8609385486956065,,,,1,1,0,0,0,1.0,0.24548153215790597,0,,drop,1170,83,0.12531327686193225,-0.033801269343894,C066,1.0
75,548,review_anchor,raw_feature,0.24367670244372214,drop,review,low,-1.2298258710883863,0.09430757437109367,0.0784721899859521,0.01583538438514158,,,0.06991159272336066,0.1678283517071878,0.0714859437751004,0.10635063586976658,0.03571428571428571,0.0,0.01015228426395939,0,,0,,,0,,,,,0.03375244097004966,0.9172555736531945,-0.2867746209766688,-1.215209138663738,-1.0049972113640049,-0.7004670069830294,-0.2867746209766688,0.5160994749865342,1.8824501004732768,2.2198186325469282,0.0,60,1,0.09430757437109367,0.6785714285714286,0.6,-0.1001131876485117,0.03571428571428571,0.0,0.01015228426395939,1.0,low,,,,,,,1.2017961316993497,0.1609351733163346,0.39768072780769326,0.06767862788808013,0.8946446021674467,0.2866784734632025,1,1,0,0,C067,1.0,1.0,-0.06037995807318153,-0.054431635470925555,0.2866784734632025,0.17071880285073754,0.0,0.8946446021674467,,,,1,1,0,0,0,1.0,0.24367670244372214,0,,drop,1170,83,0.06330774932986938,-0.3471545790498503,C067,1.0
76,416,review_anchor,raw_feature,0.2428663221797532,drop,false_positive_risk,low,-2.146581864083087,0.1273343088651721,0.13240160871521467,-0.005067299850042587,,,-0.2272762618486971,0.29453910960502167,0.1340335701781485,0.27343336676048957,0.0,0.005730698761678937,0.01129492263364084,0,,0,,,0,,,,,0.01276499833123749,1.0137587401022814,-0.1530919453867149,-2.1271570651555827,-1.1716389651385508,-0.70768298461614,-0.1530919453867149,0.6167164848032798,1.7193984431668188,2.4207901367377787,0.0,61,8,0.28135624496247996,0.6774863828926412,0.589041095890411,-0.09054445155158272,0.0,0.005730698761678937,0.01129492263364084,1.0,low,,,,,,,0.9617278075454361,0.21729504976657907,0.3500907785627854,0.057779206067257075,0.8222399022843806,0.2857250849173567,1,0,0,0,,,1.0,-0.2884428292293829,-0.4197432734107165,0.2857250849173567,0.29961185743051016,0.0,0.8222399022843806,,,,8,8,0,0,0,1.0,0.2428663221797532,0,,drop,1170,83,-0.20901293890429376,-0.4415347746160978,,
77,488,review_anchor,raw_feature,0.2420874905509976,drop,review,low,-1.395282106447686,0.07395987388475114,0.04940136936332656,0.02455850452142459,,,-0.29975480573567204,0.27637088238092394,0.14374420759962928,0.20564361691499292,0.2604495625423121,0.15447638844501443,0.1376620263897606,0,,0,,,0,,,,,0.010388066864895474,0.9896838620264855,-0.00056516930096165,-1.395282106447686,-1.395282106447686,-0.7870033448723359,-0.00056516930096165,0.600477867944692,1.8737480748931126,2.3980223594603083,0.0,62,8,0.18550723356626295,0.5711587624901189,0.3897688356164384,-0.2814322368742845,0.2604495625423121,0.15447638844501443,0.1376620263897606,1.0,low,,,,,,,1.4971219388840618,0.12621197397422407,0.41754099263646466,0.07847133492966905,0.9336745804637552,0.2848088124129384,1,1,0,0,C068,1.0,1.0,-0.16815865003797426,0.02599811771530458,0.2848088124129384,0.2811307249515972,0.0,0.9336745804637552,,,,8,7,0,0,1,0.875,0.2420874905509976,0,,drop,1170,83,-0.19021890188223214,-0.1687238193389359,C068,1.0
78,130,review_anchor,raw_feature,0.24190073234384554,drop,review,high,1.5781998850977736,0.10459101250535077,0.09699994235809022,0.007591070147260554,,,0.4143288347726951,0.42470901011641643,0.17769539697250541,0.3623853664411778,0.03144197011061373,0.027476871035026062,0.011617933705273965,0,,0,,,0,,,,,-0.025188567071226152,1.0092160417951275,0.15313338695566975,-2.4973667210408705,-1.9985771671015056,-0.7349273730285406,0.15313338695566975,0.8366322623022535,1.3124596684757361,1.601224224554364,0.0,63,10,0.2820210117135518,0.7868780303610314,0.5414041095890412,0.1778139882795044,0.03144197011061373,0.027476871035026062,0.011617933705273965,1.0,high,,,,,,,1.0782585016312376,0.178483783907381,0.378910578877279,0.06272726625205564,0.8697695639856515,0.2845890968751124,1,1,0,0,C069,1.0,1.0,0.22254869714674724,0.03353473518649519,0.2845890968751124,0.4320236302713512,0.0,0.8697695639856515,,,,10,9,0,0,1,0.9,0.24190073234384554,0,,drop,1170,83,0.3358811651012257,0.375682084102417,C069,1.0
79,542,review_anchor,raw_feature,0.2408065540808433,drop,review,flat,,0.10287670148649834,0.09567979557990496,0.007196905906593387,,,-0.3820747939364111,0.37295171820381245,0.14169498506847905,0.27216528874332147,,,,0,,0,,,0,,,,,0.01411794769140756,1.01047846167939,-0.6121175618220817,-1.7068814122119382,-1.232483743709669,-0.6121175618220817,-0.6121175618220817,0.9205518287237144,1.8693471657282577,2.45322121926951,0.0,64,1,0.10287670148649834,0.7857142857142857,0.75,-0.22298089355653422,,,,1.0,flat,,,,,,,1.0752186588921278,0.17555832492090026,0.3780131699131263,0.0626017518925963,0.8715419700958668,0.2833018283304039,1,1,0,0,C070,1.0,0.0,0.0,-0.4014134118096149,0.2833018283304039,0.3793749399622663,0.0,0.8715419700958668,,,,1,1,0,0,0,1.0,0.2408065540808433,0,,drop,1170,83,-0.18300530560501413,-0.6121175618220817,C070,1.0
80,45,review_anchor,raw_feature,0.24078105580836143,drop,false_positive_risk,low,-1.8445060728365184,0.20768530324225096,0.26757919369034566,-0.059893890448094705,,,-0.1712810128629237,0.1569155740855513,0.05927298939347132,0.12458248696145673,0.10714285714285714,0.021621621621621623,0.01015228426395939,0,,0,,,0,,,,,-0.0007652265754316682,0.9953797271329424,-0.038736081816204096,-1.8941809034562351,-1.454178150739329,-0.7747671764399302,-0.038736081816204096,0.6675427252654669,1.630357727545475,2.567410689338888,0.0,65,1,0.20768530324225096,0.5357142857142857,0.5125,-0.14130420869309696,0.10714285714285714,0.021621621621621623,0.01015228426395939,1.0,low,,,,,,,0.7761638727508592,0.3544134232636139,0.22526496028626225,0.04925845130239644,0.6407528271097458,0.28327183036277814,1,0,0,0,,,1.0,0.044948996817857696,0.32040807854550724,0.28327183036277814,0.1596180781377133,0.0,0.6407528271097458,,,,1,1,0,0,0,1.0,0.24078105580836143,0,,drop,1170,83,0.010727064674504983,0.0062129150016536,,
81,78,review_anchor,raw_feature,0.23790564782820178,drop,review,low,-1.854617815096373,0.08905524714746973,0.0774956328212261,0.011559614326243639,,,-0.10156073491570866,0.3709801742016525,0.14715271341777367,0.2510020146260517,0.03571428571428571,0.005405405405405406,0.01015228426395939,0,,0,,,0,,,,,0.013327226109646585,0.9943572055673428,0.054684129443231,-1.8297438032768054,-1.551101289761997,-0.6769044534852287,0.054684129443231,0.5363991470757028,1.7024070913599914,2.2343647277299135,0.0,66,1,0.08905524714746973,0.5357142857142857,0.675,0.17203785107606123,0.03571428571428571,0.005405405405405406,0.01015228426395939,1.0,low,,,,,,,1.149164719422453,0.15197211602549723,0.38794591682378443,0.0656040245196312,0.8959557108368282,0.2798889974449433,1,1,0,0,C071,1.0,1.0,-0.2102029167850786,0.007315885829280999,0.2798889974449433,0.37736944072216455,0.0,0.8959557108368282,,,,1,1,0,0,0,1.0,0.23790564782820178,0,,drop,1170,83,-0.15800169446191709,-0.1555187873418476,C071,1.0
82,566,review_anchor,raw_feature,0.2377289775884261,drop,false_positive_risk,high,1.2076494347886912,0.10833915347329137,0.10845173477965635,-0.00011258130636498016,,,0.05048929560715574,0.22038842081506163,0.113304500051488,0.1611173577909504,0.0,0.01748358528019545,0.010211968446355238,0,,0,,,0,,,,,-0.007727209206921811,0.9203187943176421,-0.2574875541368029,-1.6570948692751377,-1.1513411326055687,-0.5101915009115517,-0.2574875541368029,0.363460543045673,1.7201913344031592,2.7976373006302135,0.0,67,3,0.1278153397908961,0.4663561076604555,0.4719178082191781,-0.08853287576330156,0.0,0.01748358528019545,0.010211968446355238,1.0,high,,,,,,,0.9989619224939674,0.18487995855519876,0.3613713778084805,0.059391473397247894,0.8543945865995749,0.2796811501040307,1,0,0,0,,,1.0,0.2119092750674231,-0.07724133950866374,0.2796811501040307,0.22418409631619174,0.0,0.8543945865995749,,,,3,3,0,0,0,1.0,0.2377289775884261,0,,drop,1170,83,0.06088538294189293,-0.0455782790693798,,
83,472,review_anchor,raw_feature,0.23758913034345702,drop,false_positive_risk,low,-1.9863700588110071,0.12014704439927437,0.1277594651968164,-0.007612420797542041,,,-0.08296108935164513,0.10818342680357196,0.045371228503758625,0.07632378421642169,0.03571428571428571,0.032432432432432434,0.01015228426395939,0,,0,,,0,,,,,0.002875411067672567,0.9956724631655719,0.00499830213539,-2.0730968610622593,-1.5276309723317703,-0.6678741798489632,0.00499830213539,0.6165057835205517,1.5338970631696143,2.4587291838290883,0.0,68,1,0.12014704439927437,0.4642857142857143,0.55,-0.042055176509683885,0.03571428571428571,0.032432432432432434,0.01015228426395939,1.0,low,,,,,,,0.9404159935562119,0.2050300364820881,0.34429620331346056,0.0568425600047899,0.8284723634564749,0.27951662393347887,1,0,0,0,,,1.0,-0.0441191679212522,-0.05327298271781933,0.27951662393347887,0.11004663350575708,0.0,0.8284723634564749,,,,1,1,0,0,0,1.0,0.23758913034345702,0,,drop,1170,83,-0.03358276626889478,-0.0391208657858622,,
84,NA_578,review_anchor,raw_feature,0.237306291568812,drop,false_positive_risk,low,0.0,0.13400146398143528,0.15075164697911456,-0.016750182997679275,,,-0.22983960551464291,0.11353817369681482,0.05518484193182988,0.055184841931829876,0.5,0.40540540540540543,0.38781725888324875,0,,0,,,0,,,,,0.6094017094017095,0.4880931115476582,1.0,0.0,0.0,0.0,1.0,1.0,1.0,1.0,0.0,69,1,0.13400146398143528,0.5,0.5625,-0.19129580475748717,0.5,0.40540540540540543,0.38781725888324875,1.0,low,,,,,,,0.8888888888888897,0.22867250031939046,0.3234919068688639,0.05453477124026284,0.7976034599742853,0.2791838724338965,1,0,0,0,,,1.0,0.0,0.0,0.2791838724338965,0.11549360340020058,0.0,0.7976034599742853,,,,1,1,0,0,0,1.0,0.237306291568812,0,,drop,1170,83,0.5542168674698795,1.0,,
28,154,review_anchor,raw_feature,0.23683637898362891,drop,monitor_first,high,0.891031303788712,0.060834987393755736,0.03643257898193201,0.02440240841182374,,,0.2671285704671784,0.21274446004207084,0.10153434249819791,0.18689154954947515,0.038302277432712216,0.016704840433653993,0.010211968446355238,0,,0,,,0,,,,,-0.0050181095578177145,0.9792063096603101,-0.05232965798770555,-2.0244230823931706,-1.641009610444935,-0.6799280456862251,-0.05232965798770555,0.6110999720670125,1.7394758029357573,2.3252389725085294,0.0,70,3,0.09702886737808161,0.4808488612836439,0.454851598173516,0.23941660524656702,0.038302277432712216,0.016704840433653993,0.010211968446355238,1.0,high,,,,,,,1.6697963496881625,0.10381445292385767,0.4171856025894425,0.0842047342931795,0.9510862529337527,0.27863103409838696,1,1,1,1,C028,1.0,1.0,0.05831985806234715,-0.10832068120872873,0.27863103409838696,0.21640848618281106,0.0,0.9510862529337527,,,,3,3,0,0,0,1.0,0.23683637898362891,0,,drop,1170,83,0.07861398201630822,0.0059902000746416,C028,1.0
29,120,review_anchor,raw_feature,0.23665432527377217,drop,monitor_first,low,-2.6980843965209282,0.0607965646638114,0.036572053113335765,0.024224511550475634,,,-0.19462688949964999,0.278989014004713,0.11504479456286686,0.1786226317985196,0.0,0.0,0.01015228426395939,0,,0,,,0,,,,,0.004055281517614007,0.9978980804108833,0.0157404625076391,-2.4822323307436687,-1.4056286182663384,-0.5044805417536526,0.0157404625076391,0.4854064530164059,1.2443660751631591,2.174538677218466,0.0,71,1,0.0607965646638114,0.6428571428571429,0.5125,-0.23188793266659838,0.0,0.0,0.01015228426395939,1.0,low,,,,,,,1.6623776760742568,0.1037488848213578,0.4167805779281536,0.0839661310863361,0.9508989973900496,0.2784168532632614,1,1,1,1,C029,1.0,1.0,-0.08128453191583121,0.13909567705400905,0.2784168532632614,0.2837939477740363,0.0,0.9508989973900496,,,,1,1,0,0,0,1.0,0.23665432527377217,0,,drop,1170,83,-0.05716481175433109,-0.0655440694081921,C029,1.0
85,107,review_anchor,raw_feature,0.23611578937746172,drop,review,low,-2.5619746340136205,0.08188717449534592,0.06853576159194191,0.013351412903404008,,,-0.3530165410608726,0.16717548807829133,0.08586139429512923,0.21035493219869172,0.028492658499989394,0.04072404982743121,0.01063366746758862,0,,0,,,0,,,,,0.013994495828077859,0.9915400632844724,0.0069638276876572,-2.6707767402038907,-1.5371749312562404,-0.5297281759414773,0.0069638276876572,0.5803189739714357,1.5135933714541103,2.8356324526796586,0.0,72,8,0.18577003816661364,0.621096280432559,0.42585616438356166,-0.25010540075848786,0.028492658499989394,0.04072404982743121,0.01063366746758862,1.0,low,,,,,,,1.1948094336924069,0.139739853428282,0.3920253739109573,0.0674061013003855,0.9079850781586613,0.2777832816205432,1,1,0,0,C072,1.0,1.0,0.0,-0.31885653142569614,0.2777832816205432,0.17005469517157465,0.0,0.9079850781586613,,,,8,7,0,0,1,0.875,0.23611578937746172,0,,drop,1170,83,-0.19624308457539452,0.0069638276876572,C072,1.0
86,46,review_anchor,raw_feature,0.23582015399628206,drop,false_positive_risk,low,-1.8766894927581717,0.19746855065149843,0.257537462136136,-0.060068911484637555,,,-0.2662400363035965,0.14153687360638462,0.060591082277829264,0.0911474808365685,0.03571428571428571,0.016216216216216217,0.01015228426395939,0,,0,,,0,,,,,0.0022296445835515394,1.0042499552792623,-0.01910673617147325,-1.8999463786022908,-1.523987186847415,-0.752490302917042,-0.01910673617147325,0.6371278787256333,1.7963635117273293,2.423005811737776,0.0,73,1,0.19746855065149843,0.42857142857142855,0.4875,-0.20706410524907906,0.03571428571428571,0.016216216216216217,0.01015228426395939,1.0,low,,,,,,,0.7667566070334081,0.3369786110559229,0.22486648312647983,0.04880308900071463,0.6542346812928757,0.2774354752897436,1,0,0,0,,,1.0,-0.08086441001534254,-0.2736009380823974,0.2774354752897436,0.14397451548279297,0.0,0.6542346812928757,,,,1,1,0,0,0,1.0,0.23582015399628206,0,,drop,1170,83,-0.03123447989708044,-0.0999711461868158,,
30,123,review_anchor,raw_feature,0.23578174884843428,drop,monitor_first,high,0.3922636481366862,0.0211587718850122,0.0020422198792283165,0.019116552005783886,,,0.18572002677793134,0.23849181805070105,0.1107300998867264,0.22846248312538073,0.03372352285395764,0.0368952847519902,0.017917188208456346,0,,0,,,0,,,,,-0.01586253764298236,0.9981438858980739,-0.0068052528056853,-2.550409032196888,-1.480290425516014,-0.6514550158664562,-0.0068052528056853,0.6378445102550854,1.5173309727165554,2.324064104775447,0.0,74,3,0.03482702271748541,0.8333333333333334,0.20833333333333334,0.06089227663232483,0.03372352285395764,0.0368952847519902,0.017917188208456346,1.0,high,,,,,,,10.360672766052673,0.03610728664355252,0.4051510889715272,0.20838118152020432,0.9972581510994384,0.27739029276286387,1,1,1,1,C030,1.0,1.0,0.09209282329439339,0.8702771801320391,0.27739029276286387,0.2425992822616028,0.0,0.9972581510994384,,,,3,3,0,0,0,1.0,0.23578174884843428,0,,drop,1170,83,0.21066695641963235,0.0852875704887081,C030,1.0
31,NA_112,review_anchor,raw_feature,0.23494004777195193,drop,monitor_first,flat,,0.027049525044203743,0.004202961988268798,0.022846563055934948,,,-0.4707253328516882,0.24548878904535174,0.1440119452167645,0.14401194521676453,,,,0,,0,,,0,,,,,0.45726495726495725,0.49838339845852186,0.0,0.0,0.0,0.0,0.0,1.0,1.0,1.0,0.0,75,3,0.04699231381389445,0.75,0.31666666666666665,-0.3211672718017598,,,,1.0,flat,,,,,,,6.435824335243502,0.046159813038811164,0.4136433493225132,0.17203704279311607,0.9943571763139473,0.2764000562022964,1,1,1,1,C031,1.0,0.0,0.0,0.0,0.2764000562022964,0.24971675972972562,0.0,0.9943571763139473,,,,3,1,0,0,2,0.6666666666666666,0.23494004777195193,0,,drop,1170,83,0.3132530120481928,0.0,C031,1.0
87,467,review_anchor,raw_feature,0.2344742217179194,drop,false_positive_risk,high,2.030967650611112,0.12138909971824967,0.13394602885574702,-0.012556929137497355,,,0.6133837630276991,0.3270190748583245,0.12190299660179178,0.2480236327834007,0.03571428571428571,0.021621621621621623,0.01116751269035533,0,,0,,,0,,,,,-0.013771237422988638,0.8950100668063796,-0.06456766987445255,-0.5557203308741957,-0.5263837444230749,-0.18730595710831952,-0.06456766987445255,0.03538339809517115,0.3589651089561473,2.030967650611112,0.0,76,1,0.12138909971824967,0.6428571428571429,0.55,0.16309750965439038,0.03571428571428571,0.021621621621621623,0.01116751269035533,1.0,high,,,,,,,0.9062538154750335,0.20714959463381416,0.3330388500332815,0.05531946810619027,0.8201663906574523,0.27585202555049343,1,0,0,0,,,1.0,0.024651250249377844,-0.07780011314112983,0.27585202555049343,0.332651214179671,0.0,0.8201663906574523,,,,1,1,0,0,0,1.0,0.2344742217179194,0,,drop,1170,83,0.20942359652623352,-0.0399164196250747,,
88,33,review_anchor,raw_feature,0.23336090900937484,drop,review,high,2.0858661559360754,0.06905662899631185,0.05224303125294344,0.016813597743368405,,,0.5655807021611312,0.45660314345315295,0.19950571516836577,0.3454521891978126,0.0513835080412821,0.029342377115049407,0.011667854608349643,0,,0,,,0,,,,,-0.022895406656336468,0.9083243318945565,-0.1448918629162779,-0.5931149309853022,-0.4776193755657316,-0.2790266658360724,-0.1448918629162779,0.0347904829858807,0.4893847847458902,3.088305898013492,0.0,77,10,0.18815248583260127,0.6797488880802003,0.4322945205479452,0.19836549737199505,0.0513835080412821,0.029342377115049407,0.011667854608349643,1.0,high,,,,,,,1.3218342684206539,0.11784462308861716,0.39990786397570494,0.07223048001590977,0.929859414620419,0.27454224589338216,1,1,0,0,C073,1.0,1.0,0.039108530209560094,0.023519341391192383,0.27454224589338216,0.46446706551827116,0.0,0.929859414620419,,,,10,10,0,0,0,1.0,0.23336090900937484,0,,drop,1170,83,0.3225567825414758,-0.1057833327067178,C073,1.0
89,497,review_anchor,raw_feature,0.23332035296475112,drop,false_positive_risk,high,3.030289124631786,0.10359629969630753,0.10658733406468276,-0.0029910343683752366,,,0.229197645193157,0.2716705513162255,0.11409741530223458,0.16773630172049722,0.03571428571428571,0.005405405405405406,0.01015228426395939,0,,0,,,0,,,,,-0.013780633599233838,0.9750387942733875,-0.17509529176448485,-1.4975461262264627,-1.281239059560886,-0.7328645356598728,-0.17509529176448485,0.4928439676154501,1.8120301442486078,2.989289800279593,0.0,78,1,0.10359629969630753,0.4642857142857143,0.5375,0.023967846124739917,0.03571428571428571,0.005405405405405406,0.01015228426395939,1.0,high,,,,,,,0.9719381820117565,0.17678631390679092,0.35481789244824435,0.058224348721559745,0.8568976985820557,0.2744945328997072,1,0,0,0,,,1.0,0.03245743147671046,-0.0013129768900894678,0.2744945328997072,0.27634944166897596,0.0,0.8568976985820557,,,,1,1,0,0,0,1.0,0.23332035296475112,0,,drop,1170,83,0.14433464351377318,-0.1426378602877744,,
90,248,review_anchor,raw_feature,0.2333126283236542,drop,review,high,1.255003323931621,0.08596983248007792,0.07842779121330799,0.007542041266769925,,,0.2398281949585177,0.2152243445920089,0.08524353825558645,0.15252988540875154,0.03571428571428571,0.0,0.01015228426395939,0,,0,,,0,,,,,-0.005302583700629474,1.0050127178474322,-0.0811171338187272,-0.48280018569397753,-0.4268988140556715,-0.24837022915072743,-0.0811171338187272,0.07360763976555762,0.49518566657618,1.0509169626613375,0.0,79,1,0.08596983248007792,0.4642857142857143,0.5625,0.5826627996194058,0.03571428571428571,0.0,0.01015228426395939,1.0,high,,,,,,,1.0961654172595154,0.14670687887396613,0.3787989529297293,0.06346293269692828,0.8947042111876109,0.274485445086652,1,1,0,0,C074,1.0,1.0,0.007516993048629211,0.14808476305799445,0.274485445086652,0.2189310809486353,0.0,0.8947042111876109,,,,1,1,0,0,0,1.0,0.2333126283236542,0,,drop,1170,83,0.07474726421369315,-0.073600140770098,C074,1.0
91,65,review_anchor,raw_feature,0.23281947941917872,drop,review,high,1.7597326744415551,0.0866954700024597,0.08019798368792724,0.006497486314532455,5.0,4.8,0.8653564307719522,0.5362512777615185,0.21598187622284007,0.4330670837104632,0.24653435308310076,0.14285672279803902,0.010347160992285534,0,,0,,,0,,,,,-0.021440770764142716,0.9772995356719233,-0.1561740419056232,-1.5597619764575492,-1.1656155435922837,-0.554534801145994,-0.1561740419056232,0.35408019986089845,1.4082203039941301,2.8563755876406813,0.0,80,8,0.1913778229880052,0.6657428781636439,0.475,0.17933800435129213,0.24653435308310076,0.14285672279803902,0.010347160992285534,1.0,high,3.0,6.0,0.030255305389412523,0.06298799756210248,supervised,"ANOVA,RFERF",1.081018075713923,0.14794517390178463,0.37642077429002985,0.06284104951067919,0.8923275815505752,0.27390526990491615,1,1,0,0,C075,1.0,1.0,0.2534215109192899,1.1415165542955157,0.27390526990491615,0.5454869528025277,0.4444444444444444,0.8923275815505752,,,,8,3,0,2,3,0.375,0.23281947941917872,0,,drop,1170,83,0.2785470914977409,0.0972474690136667,C075,1.0
92,181,review_anchor,raw_feature,0.23263345639070643,drop,review,low,-1.6441958578486946,0.09009812698375118,0.08583307464551725,0.004265052338233932,,,-0.2844170829676996,0.25119962968391585,0.10689939244156112,0.15179875329620618,0.03571428571428571,0.005405405405405406,0.01116751269035533,0,,0,,,0,,,,,0.008365176435503066,1.0086647842181478,-0.0822180283626469,-1.6411684289095223,-1.3633908547950233,-0.7359671760969765,-0.0822180283626469,0.6274727410737806,1.6421001935138049,2.5324714321025783,0.0,81,1,0.09009812698375118,0.6428571428571429,0.625,-0.26828193052148996,0.03571428571428571,0.005405405405405406,0.01116751269035533,1.0,low,,,,,,,1.0496900799120643,0.15375178269934933,0.371338105555752,0.061540369477799096,0.8847620064115891,0.27368641928318405,1,1,0,0,C076,1.0,1.0,-0.1930534395993993,-0.16014660330405062,0.27368641928318405,0.255525956252063,0.0,0.8847620064115891,,,,1,1,0,0,0,1.0,0.23263345639070643,0,,drop,1170,83,-0.11589136927853355,-0.2752714679620462,C076,1.0
93,460,review_anchor,raw_feature,0.23235856698182303,drop,review,high,2.4436163755993308,0.07833199756380066,0.06764823375641629,0.010683763807384363,,,0.35898044217764447,0.3315031700821427,0.169622078055813,0.2151311922193433,0.030943638892146255,0.015411984412228144,0.010379472671926602,0,,0,,,0,,,,,-0.013018770126975089,0.9981880961402932,-0.22451599674738926,-1.4255367730799395,-1.1601433704346376,-0.6893765201798047,-0.22451599674738926,0.42109350038765164,1.8327735637813292,3.1211548773286037,0.0,82,8,0.31475249083210305,0.5933083642675538,0.4093321917808219,0.13622781545525897,0.030943638892146255,0.015411984412228144,0.010379472671926602,1.0,high,,,,,,,1.1579311567224921,0.13367297047148902,0.385951834089258,0.06595307901687936,0.9091766575986642,0.27336301997861534,1,1,0,0,C077,1.0,1.0,0.07814947460366825,0.3447191668320242,0.27336301997861534,0.33721253746439567,0.0,0.9091766575986642,,,,8,8,0,0,0,1.0,0.23235856698182303,0,,drop,1170,83,0.1801710802898646,-0.146366522143721,C077,1.0
94,500,review_anchor,raw_feature,0.23233956547919155,drop,review,high,2.278259271059122,0.06787609185548334,0.05166717334777153,0.016208918507711806,,,0.07293424372317474,0.12499557704551505,0.06526619297703636,0.0447902649235823,0.0,0.0,0.01015228426395939,0,,0,,,0,,,,,0.0013968286687364693,1.0009326971129169,-0.7451791565961735,-0.7451791565961735,-0.7451791565961735,-0.7451791565961735,-0.7451791565961735,0.8258477260646937,2.0276088103265373,2.272644349653703,0.0,83,1,0.06787609185548334,0.39285714285714285,0.3125,0.1788459593122783,0.0,0.0,0.01015228426395939,1.0,high,,,,,,,1.3137179268277295,0.11583004524974698,0.3985311673844648,0.07193020905643471,0.9306325514311193,0.27334066526963713,1,1,0,0,C078,1.0,1.0,0.0,-0.04435419553565767,0.27334066526963713,0.1271483337456477,0.0,0.9306325514311193,,,,1,1,0,0,0,1.0,0.23233956547919155,0,,drop,1170,83,-0.015938701131646225,-0.7451791565961735,C078,1.0
95,30,review_anchor,raw_feature,0.23179778324783015,drop,review,high,2.168779734317327,0.09121947806890861,0.08869167094565007,0.002527807123258526,,,0.3488744536625015,0.24039489204067888,0.1169189578828133,0.18589240840562782,0.038302277432712216,0.019164486055593555,0.010211968446355238,0,,0,,,0,,,,,-0.01165901702272475,1.001316956680246,0.0800515293086398,-2.430106225350496,-1.6960544279133662,-0.6744297615305365,0.0800515293086398,0.6597871533828777,1.5218157773297458,2.200218954706968,0.0,84,3,0.20061901787245087,0.5098343685300207,0.5239155251141553,0.043705058774829886,0.038302277432712216,0.019164486055593555,0.010211968446355238,1.0,high,,,,,,,1.0285010655037445,0.1556653599750001,0.36738285221716516,0.0606493214087401,0.8809241047231429,0.27270327440921194,1,1,0,0,C079,1.0,1.0,0.20549490426434866,-0.17759559609415243,0.27270327440921194,0.24453513225357693,0.0,0.8809241047231429,,,,3,3,0,0,0,1.0,0.23179778324783015,0,,drop,1170,83,0.1646368422036052,0.2855464335729884,C079,1.0
96,586,review_anchor,raw_feature,0.23167781203344814,drop,review,high,0.9789222474368863,0.083531301138621,0.07664336695645785,0.0068879341821631605,,,0.08770990473176478,0.18621468936553992,0.11289259602512615,0.14947786270987584,0.02814476696956413,0.02046588112300941,0.013168305637549746,0,,0,,,0,,,,,-0.007180107037268436,1.0052366966572217,-0.0823690564666746,-1.946580393145313,-1.3593954284346286,-0.6838072832644851,-0.0823690564666746,0.4840539310997565,1.6642734651927202,2.7202506916129283,0.0,85,8,0.17928846820415992,0.5522143203810183,0.3646190068493151,0.10080236341660975,0.02814476696956413,0.02046588112300941,0.013168305637549746,1.0,high,,,,,,,1.0898699320722207,0.14254554330053237,0.3773097220440246,0.0632050152691751,0.8970999481680132,0.27256213180405664,1,1,0,0,C080,1.0,1.0,0.18949423584040598,-0.010710543764893554,0.27256213180405664,0.18942180220641122,0.0,0.8970999481680132,,,,8,8,0,0,0,1.0,0.23167781203344814,0,,drop,1170,83,0.09700029092128427,0.1071251793737314,C080,1.0
97,269,review_anchor,raw_feature,0.2310431915679957,drop,review,high,1.3144242557851777,0.07819706247387205,0.06906479963235164,0.009132262841520425,,,-0.020202053107139472,0.12179176991276781,0.07186695499948512,0.11915490517974704,0.0,0.009253321117727897,0.011440402255349232,0,,0,,,0,,,,,-0.003044287499166615,0.9979140861365887,-0.05561551309246815,-1.8397250367476259,-1.4368598662859111,-0.7135259421015855,-0.05561551309246815,0.5339526593902663,1.689025438549389,2.890863260690657,0.0,86,3,0.08678730240665253,0.4953416149068323,0.3262557077625571,0.11574964920262443,0.0,0.009253321117727897,0.011440402255349232,1.0,high,,,,,,,1.1322274572594668,0.1334427047454439,0.38241947186304176,0.06492557973119494,0.9072748008843059,0.27181551949175964,1,1,0,0,C081,1.0,1.0,-0.011891249949228355,-0.1982249746081901,0.27181551949175964,0.12388934852233137,0.0,0.9072748008843059,,,,3,3,0,0,0,1.0,0.2310431915679957,0,,drop,1170,83,0.05976842403809977,-0.0675067630416965,C081,1.0
32,NA_72,review_anchor,raw_feature,0.23093199896962305,drop,monitor_first,low,0.0,0.04251344457826528,0.018641164245211773,0.023872280333053508,,,-0.4413465700034562,0.2849238326425591,0.1607764390896921,0.16077643908969202,0.6560359929925147,0.6233163966170702,0.4374171376703104,0,,0,,,0,,,,,0.5222222222222223,0.49971952973867567,1.0,0.0,0.0,0.0,1.0,1.0,1.0,1.0,0.0,87,3,0.05731749522336902,0.7857142857142857,0.22083333333333335,-0.06737327378671021,0.6560359929925147,0.6233163966170702,0.4374171376703104,1.0,low,,,,,,,2.2806217476027775,0.07254887655741288,0.41597863949905095,0.10187146248263376,0.9749726970093757,0.27168470467014477,1,1,1,1,C032,1.0,1.0,-1.0,0.0,0.27168470467014477,0.28983097979325706,0.0,0.9749726970093757,,,,3,1,0,0,2,0.6666666666666666,0.23093199896962305,0,,drop,1170,83,0.3614457831325301,0.0,C032,1.0
98,212,review_anchor,raw_feature,0.23018773829118044,drop,review,high,3.2311740043181736,0.07967887176654612,0.07245036345023795,0.007228508316308169,,,0.12222874912328321,0.2110997776547227,0.08799299763155184,0.13591691619195856,0.0,0.010810810810810811,0.01015228426395939,0,,0,,,0,,,,,0.00013200372095455694,1.0054912928926307,-0.3061014286244208,-1.0706383582755752,-0.8624604581467161,-0.5856082102255739,-0.3061014286244208,0.33723261617823336,1.6541936195436666,3.231642451438175,0.0,88,1,0.07967887176654612,0.5714285714285714,0.65,-0.013956643752971058,0.0,0.010810810810810811,0.01015228426395939,1.0,high,,,,,,,1.0997718710034219,0.13597140126773882,0.37808512034099584,0.0636103354283028,0.9027294017692211,0.270809103871977,1,1,0,0,C082,1.0,1.0,0.0890049528003673,0.07339004880030253,0.270809103871977,0.21473547798496112,0.0,0.9027294017692211,,,,1,1,0,0,0,1.0,0.23018773829118044,0,,drop,1170,83,-0.007555752025598764,-0.2170964758240535,C082,1.0
99,368,review_anchor,raw_feature,0.2300327416698564,drop,false_positive_risk,high,3.030803236609145,0.09598554887190566,0.09861741069581272,-0.002631861823907053,,,0.09149993070840771,0.23987200547160092,0.10456183709195757,0.1377287771970405,0.0,0.02702702702702703,0.01015228426395939,0,,0,,,0,,,,,-0.0043929283690036305,1.0033691504527482,-0.1720954270292572,-1.451062377712023,-0.7659015112748271,-0.4461597736041355,-0.1720954270292572,0.1933237017372472,1.2439036969409478,3.904154954361091,0.0,89,1,0.09598554887190566,0.32142857142857145,0.4875,-0.10389754951957575,0.0,0.02702702702702703,0.01015228426395939,1.0,high,,,,,,,0.9733124018838308,0.1637986243053926,0.3556356344649675,0.0582840846606764,0.8675979791193081,0.2706267549057134,1,0,0,0,,,1.0,0.13703217328743922,-0.013703217328745021,0.2706267549057134,0.24400324018533176,0.0,0.8675979791193081,,,,1,1,0,0,0,1.0,0.2300327416698564,0,,drop,1170,83,0.05023789830457981,-0.035063253741818,,
100,63,review_anchor,raw_feature,0.22925786186167782,drop,review,high,1.6519259970340443,0.08373911295442897,0.08003219852284564,0.0037069144315833415,2.0,9.0,0.9324541064801227,0.36383189003070043,0.15626609000102976,0.32671337698802105,0.19007673374581832,0.07949333539396014,0.01032609090133906,0,,0,,,0,,,,,-0.019445723552891328,0.9898549019954405,-0.1091560821917054,-1.2227473564087814,-0.9637684555712127,-0.4895779358556373,-0.1091560821917054,0.2856912589144929,1.1050922531564646,2.4011718389494634,0.0,90,10,0.2893941100955416,0.666544656593272,0.41741438356164384,0.07882826838146346,0.19007673374581832,0.07949333539396014,0.01032609090133906,1.0,high,8.0,10.0,0.028898419243542944,0.04753558623437861,supervised,"ANOVA,RFERF",1.0463177883402162,0.1429001726165472,0.37006737140743373,0.06139917475032028,0.8925501618306086,0.2697151316019739,1,1,0,0,C083,1.0,1.0,0.028171501451556603,1.2892741930564466,0.2697151316019739,0.3700980440618972,0.1111111111111111,0.8925501618306086,,,,10,8,0,0,2,0.8,0.22925786186167782,0,,drop,1170,83,0.26828996516332054,-0.0809845807401488,C083,1.0
101,563,review_anchor,raw_feature,0.22777446516732366,drop,false_positive_risk,high,1.091994478389702,0.08897019442277182,0.09027563125414383,-0.0013054368313720028,,,-0.06067786583062217,0.2545494232190174,0.12834929461435485,0.22015598159926025,0.0,0.015079566444925897,0.010379472671926602,0,,0,,,0,,,,,0.045518959010344674,0.9383334809757005,-0.02601385585824085,-1.2047865500951656,-0.9210746379817368,-0.9210746379817368,-0.02601385585824085,0.6401067724658596,1.725067823211024,2.5514962387940785,0.0,91,8,0.25026346416608597,0.6874988171853527,0.556292808219178,-0.12931901268524487,0.0,0.015079566444925897,0.010379472671926602,1.0,high,,,,,,,0.9855394328099801,0.15182697418422342,0.35865555752181905,0.05881375687361946,0.878797507154218,0.2679699590203808,1,0,0,0,,,1.0,-0.05299157266966185,-0.6668244226486191,0.2679699590203808,0.2589334421523442,0.0,0.878797507154218,,,,8,8,0,0,0,1.0,0.22777446516732366,0,,drop,1170,83,-0.01952164570709094,-0.0790054285279027,,
102,25,review_anchor,raw_feature,0.22598804095803068,drop,false_positive_risk,low,-2.4989283721992805,0.08547912486847188,0.08698382762254787,-0.001504702754075994,1.0,9.0,-0.4583760860676217,0.2595680837342106,0.119956750077232,0.25912674488753457,0.12092992705866416,0.06985845094199658,0.010379472671926602,0,,0,,,0,,,,,0.012167474553454617,0.9550245227840275,0.4427276566257475,-4.236156257341997,-1.3227722561313573,-0.6242447118528182,0.4427276566257475,0.5618890642998972,0.7123865496996784,0.8482586585537936,0.0,92,8,0.2616838930732517,0.6422326308565174,0.5721532534246575,-0.12912722952802927,0.12092992705866416,0.06985845094199658,0.010379472671926602,1.0,low,9.0,9.0,0.009914474729941052,0.009914474729941052,supervised,RFERF,0.9827013504095795,0.1458694899892652,0.35820188109246553,0.058691103046224984,0.8832170254734534,0.2658682834800361,1,0,0,0,,,1.0,-0.011241642233410398,0.03780002200984345,0.2658682834800361,0.26403853736630944,0.0,0.8832170254734534,,,,8,8,0,0,0,1.0,0.22598804095803068,0,,drop,1170,83,-0.17940545556558268,0.4314860143923371,,
33,100,review_anchor,raw_feature,0.22587638184849837,drop,monitor_first,high,2.2805429819492478,0.04129559924932531,0.02146677873957407,0.019828820509751245,2.0,7.0,0.5455069884905985,0.37138508661726827,0.13767892081145094,0.3793183898314181,0.05020703933747411,0.02938041361537995,0.012130218977595336,0,,0,,,0,,,,,-0.02481067996746932,0.9774796295177418,0.048074981970692,-2.4634515180051824,-1.347217518015905,-0.5100420180239468,0.048074981970692,0.3271334819680114,1.443367481957289,2.2805429819492478,0.0,93,5,0.07001612907298164,0.8138557095078834,0.4455479452054794,0.25888619548103164,0.05020703933747411,0.02938041361537995,0.012130218977595336,1.0,high,7.0,7.0,0.041377144941887656,0.05243716508048185,supervised,ANOVA,1.923697996346175,0.07047063257338017,0.4067727382090685,0.09199468858850957,0.9711790761198827,0.2657369198217628,1,1,1,1,C033,1.0,0.6,0.0,0.5302111499949047,0.2657369198217628,0.37778132680785953,0.1111111111111111,0.9711790761198827,,,,5,3,0,0,2,0.6,0.22587638184849837,0,,drop,1170,83,0.3540306867870301,0.048074981970692,C033,1.0
103,29,review_anchor,raw_feature,0.2257561373878315,drop,false_positive_risk,high,2.1338462227350328,0.1256240673939087,0.152635341970921,-0.0270112745770123,,,0.09540560334043487,0.16663486957994794,0.07144475337246421,0.10421373981830666,0.0,0.032432432432432434,0.01116751269035533,0,,0,,,0,,,,,-0.004458974240894883,1.0060337086878777,0.024938901331492,-2.349018525357084,-1.7101406925596427,-0.6691409860614027,0.024938901331492,0.6654432210924673,1.5997722906912797,2.213849200409604,0.0,94,1,0.1256240673939087,0.5357142857142857,0.4875,-0.08489384072208958,0.0,0.032432432432432434,0.01116751269035533,1.0,high,,,,,,,0.8230339433303835,0.21437653543275134,0.30013008300148497,0.05149186146861511,0.7950744438312098,0.26559545575039,1,0,0,0,,,1.0,0.0,0.03755094717878338,0.26559545575039,0.16950476578302193,0.0,0.7950744438312098,,,,1,1,0,0,0,1.0,0.2257561373878315,0,,drop,1170,83,0.06422600546674989,0.024938901331492,,
104,577,review_anchor,raw_feature,0.22564990117324696,drop,review,low,-0.7716472985833824,0.07988754529667094,0.07849502472092104,0.0013925205757499004,,,-0.09174060491360322,0.23194322813575072,0.08826073524868705,0.17467771534081616,0.0,0.032432432432432434,0.013197969543147208,0,,0,,,0,,,,,0.010765033927006536,1.0245383869841056,-0.21914162340040372,-0.7989518558849658,-0.6679380878259624,-0.3920582892800671,-0.21914162340040372,0.0325250898325858,1.1256867083924635,5.895788069368471,0.0,95,1,0.07988754529667094,0.7142857142857143,0.7625,0.041151297254140254,0.0,0.032432432432432434,0.013197969543147208,1.0,low,,,,,,,1.0177402399795508,0.13632750109281783,0.36479810144705016,0.060193233161759174,0.8946139446493185,0.26547047196852586,1,1,0,0,C084,1.0,1.0,-0.01347613452395488,-0.5970608726976456,0.26547047196852586,0.2359379081894123,0.0,0.8946139446493185,,,,1,1,0,0,0,1.0,0.22564990117324696,0,,drop,1170,83,-0.15174806860961212,-0.2326177579243586,C084,1.0
105,115,review_anchor,raw_feature,0.22552952737720677,drop,review,low,-2.8354176608049246,0.06834371870839873,0.06051016408772858,0.007833554620670142,,,-0.31084093958479425,0.2326679112366431,0.12236638863144887,0.20346514430029342,0.0,0.00796632350132837,0.010425360050051083,0,,0,,,0,,,,,0.011735929896151858,0.9997018279172373,0.08786912395216485,-2.829272674107992,-1.7690417062083494,-0.549223896286792,0.08786912395216485,0.6165820528696703,1.4952358661125402,2.3187057146560277,0.0,96,6,0.18779982337104012,0.6195634796801125,0.35000000000000003,-0.17725294315000883,0.0,0.00796632350132837,0.010425360050051083,1.0,low,,,,,,,1.1294584924495155,0.11662804699163441,0.3794626526517475,0.06481415281756843,0.9187601058219864,0.26532885573789033,1,1,0,0,C085,1.0,1.0,-0.09490754981704776,-0.41884984305331163,0.26532885573789033,0.23667507226313422,0.0,0.9187601058219864,,,,6,6,0,0,0,1.0,0.22552952737720677,0,,drop,1170,83,-0.16543419251204122,-0.0070384258648829,C085,1.0
106,428,review_anchor,raw_feature,0.22532523138304703,drop,false_positive_risk,high,5.446502528282812,0.09723286213590085,0.10679849356999394,-0.009565631434093076,,,-0.06613560457379823,0.37489170629622864,0.20489136031304706,0.16975769435203772,0.0,0.0010675252054562399,0.011049159724026064,0,,0,,,0,,,,,0.006057800126308834,1.0321970441131303,-0.1559747619007941,-0.2797403256121596,-0.2628587333164008,-0.2173822367889264,-0.1559747619007941,-0.0554828497039699,0.1503523837377801,2.9484051746136153,0.0,97,8,0.20650686579822713,0.8286515264911177,0.7470890410958904,-0.045847633676941606,0.0,0.0010675252054562399,0.011049159724026064,1.0,high,,,,,,,0.9104328992447451,0.165927155101137,0.33984925315087733,0.05550724786785518,0.8566141995017806,0.2650885075094671,1,0,0,0,,,1.0,0.06080651205559709,-0.04471709803908924,0.2650885075094671,0.3813483398158251,0.0,0.8566141995017806,,,,8,8,0,0,0,1.0,0.22532523138304703,0,,drop,1170,83,-0.08051365399862534,-0.095168249845197,,
107,273,review_anchor,raw_feature,0.2251459079084677,drop,review,low,-2.7966629749038083,0.06421683424760556,0.054617886457429494,0.009598947790176065,,,0.16284729609004578,0.1416697266855165,0.08260735248687055,0.17782252806180474,0.0,0.000522466039707419,0.012549601664448294,0,,0,,,0,,,,,-0.002603649838023929,1.0010331544600193,-0.1534523323817742,-2.666160595900273,-1.3332959536348723,-0.4892650917962042,-0.1534523323817742,0.4907928759815843,1.6187311338588173,2.917335980477907,0.0,98,6,0.16346759573497205,0.47475527346217,0.21875,-0.0644506098033983,0.0,0.000522466039707419,0.012549601664448294,1.0,low,,,,,,,1.1757473313739029,0.10958554939392492,0.38348199152654505,0.06665811984360712,0.9266709753158944,0.26487753871584435,1,1,0,0,C086,1.0,1.0,-0.034192121099710204,0.39028443284318337,0.26487753871584435,0.14410965664573547,0.0,0.9266709753158944,,,,6,6,0,0,0,1.0,0.2251459079084677,0,,drop,1170,83,0.08967857654311756,-0.1876444534814844,C086,1.0
108,295,review_anchor,raw_feature,0.22473744358721054,drop,review,high,3.730192593377695,0.057335999126660264,0.04471207954367608,0.01262391958298419,,,0.6737878393925827,0.3632219580947408,0.14307486355679128,0.3700334114462767,0.054201564376182954,0.06990517257914053,0.01032609090133906,0,,0,,,0,,,,,-0.023719525606852893,0.9549175443761014,-0.19678010700448434,-0.8187954633985594,-0.687666822650212,-0.4439476606973084,-0.19678010700448434,0.08988565984702356,0.6814173645095293,5.591036848747976,0.0,99,10,0.16054621079978326,0.6728856199189782,0.35455479452054794,0.05902515865658607,0.054201564376182954,0.06990517257914053,0.01032609090133906,1.0,high,,,,,,,1.2823380104844546,0.09784345550448782,0.3903690617452446,0.07075928893079157,0.9399703394401501,0.2643969924555418,1,1,0,0,C087,1.0,1.0,0.11428940733763512,4.0104022817746765,0.2643969924555418,0.3694776074737507,0.0,0.9399703394401501,,,,10,10,0,0,0,1.0,0.22473744358721054,0,,drop,1170,83,0.3387913174754383,-0.0824906996668492,C087,1.0
109,92,review_anchor,raw_feature,0.22467901465021456,drop,review,low,-2.2359999373017234,0.054328875574624326,0.04035209697365716,0.013976778600967167,,,-0.11820344464112072,0.17085668631625311,0.10150344969622078,0.161656463046344,0.026274528210738415,0.01709604126423559,0.010921868481663538,0,,0,,,0,,,,,0.004859977375716299,1.0098159431012923,-0.0385134995167673,-2.303815587775248,-1.3505823275759627,-0.4962119279095099,-0.0385134995167673,0.44206985029561224,1.4261214713400088,3.2852924874713243,0.0,100,8,0.14406700187030674,0.5998830640500155,0.3922945205479452,-0.10618533876664556,0.026274528210738415,0.01709604126423559,0.010921868481663538,1.0,low,,,,,,,1.3463705643375004,0.09271182155824488,0.3934491681697082,0.0731318791627437,0.9458239762290503,0.2643282525296642,1,1,0,0,C088,1.0,1.0,-0.12205291423806469,-0.39972329412966223,0.2643282525296642,0.17379929344623057,0.0,0.9458239762290503,,,,8,8,0,0,0,1.0,0.22467901465021456,0,,drop,1170,83,-0.07086487437504958,-0.160566413754832,C088,1.0
110,438,review_anchor,raw_feature,0.22452601848008075,drop,review,high,2.47721823189318,0.07128696939437863,0.06632686616147701,0.004960103232901622,,,0.45046720830023956,0.2377635431997692,0.07954896509113377,0.21353995158471795,0.07142857142857142,0.0,0.01015228426395939,0,,0,,,0,,,,,-0.005426841115652995,0.9288140162921503,-0.1768330283534612,-1.2978109460126166,-1.0707248348447598,-0.6487405383820188,-0.1768330283534612,0.44452245767535936,1.6247592539930742,2.4429522206396745,0.0,101,1,0.07128696939437863,0.5357142857142857,0.6,0.4495847006616915,0.07142857142857142,0.0,0.01015228426395939,1.0,high,,,,,,,1.074782716566556,0.12165068236764068,0.37292055479661,0.06258373686863623,0.9109507027562264,0.26414825703538913,1,1,0,0,C089,1.0,1.0,-0.03801362699719668,-0.2884414052990263,0.26414825703538913,0.2418584645783409,0.0,0.9109507027562264,,,,1,1,0,0,0,1.0,0.22452601848008075,0,,drop,1170,83,0.07045767512593233,-0.2148466553506579,C089,1.0
34,95,review_anchor,raw_feature,0.2239878743053244,drop,monitor_first,high,2.26518435106021,0.031719693115350445,0.01235718306515529,0.01936251005019515,1.0,9.0,0.6210754639113046,0.4062786447869356,0.16282566162084233,0.35527253031001854,0.043876413441630825,0.04532465717401418,0.01973086550982035,0,,0,,,0,,,,,-0.020626698411133744,0.990730743215926,-0.5580014712997856,-2.440125352873116,-1.499063412086451,-0.5580014712997856,-0.5580014712997856,0.3830604694868797,1.324122410273545,2.26518435106021,0.0,102,3,0.040786456937052115,0.7619047619047619,0.2791666666666666,0.15131161243683544,0.043876413441630825,0.04532465717401418,0.01973086550982035,1.0,high,9.0,9.0,0.02829064725358302,0.02829064725358302,supervised,ANOVA,2.5669032293284904,0.05412942007152877,0.40571107115937494,0.109045553886468,0.9834094608784056,0.26351514624155814,1,1,1,1,C034,1.0,1.0,0.9410619407866654,0.0,0.26351514624155814,0.4132758449708062,0.0,0.9834094608784056,,,,3,1,0,0,2,0.6666666666666666,0.2239878743053244,0,,drop,1170,83,0.29235570410985173,0.3830604694868797,C034,1.0
111,254,review_anchor,raw_feature,0.22387905691118473,drop,review,high,1.8916469743410476,0.0694321924708612,0.06422288408594293,0.005209308384918274,,,-0.04673191528832494,0.11612643225410199,0.05335186901451962,0.06595329679192441,0.0,0.043243243243243246,0.01015228426395939,0,,0,,,0,,,,,0.0017572728710670631,1.006755785625088,0.1090202674373385,-1.2892676817576727,-1.2022147355042867,-1.0036252018637501,0.1090202674373385,0.7864010054714976,1.491529870123923,1.9995926276952447,0.0,103,1,0.0694321924708612,0.42857142857142855,0.425,-0.045382204708511696,0.0,0.043243243243243246,0.01015228426395939,1.0,high,,,,,,,1.081112962444153,0.11848551936095741,0.37348792979986817,0.06284495921377893,0.9137754725076521,0.2633871257778644,1,1,0,0,C090,1.0,1.0,0.005440809140836694,-0.14200511857583575,0.2633871257778644,0.11812643866238065,0.0,0.9137754725076521,,,,1,1,0,0,0,1.0,0.22387905691118473,0,,drop,1170,83,-0.024771195893354882,0.1144610765781752,C090,1.0
112,125,review_anchor,raw_feature,0.223676925092349,drop,review,low,-1.5200354424671603,0.053313799589142494,0.03998243422103156,0.013331365368110937,,,-0.5118950195063819,0.5162013546369417,0.21092575429924829,0.4125495035552591,0.06556910256894824,0.06303148154784224,0.011607513309728607,0,,0,,,0,,,,,0.027496032857101945,1.0078655015361846,-0.12849043071005684,-1.6018272529288826,-1.094704805000259,-0.7566231730478433,-0.12849043071005684,0.5883770614689816,2.0616767736506234,2.9872913896725644,0.0,104,10,0.11086040873545476,0.6481079671325725,0.41424657534246573,-0.052436936142354805,0.06556910256894824,0.06303148154784224,0.011607513309728607,1.0,low,,,,,,,1.3334305583900234,0.0909796019487154,0.39197973091236693,0.07265767841771698,0.9463202790131796,0.26314932363805765,1,1,0,0,C091,1.0,1.0,-0.41156036499829013,-1.120744183723866,0.26314932363805765,0.5250917166087704,0.0,0.9463202790131796,,,,10,8,0,0,2,0.8,0.223676925092349,0,,drop,1170,83,-0.37788631848539306,-0.540050795708347,C091,1.0
113,183,review_anchor,raw_feature,0.22341259946750452,drop,false_positive_risk,high,1.9037121226580087,0.09751316808515495,0.10977552494745475,-0.0122623568622998,,,0.1877208045740198,0.28222296727244683,0.14826485428895067,0.20036174982926966,0.01658148432651806,0.012722266359972286,0.010379472671926602,0,,0,,,0,,,,,-0.010115319192433983,1.0035965098959052,0.01972771604086285,-1.8447485935320718,-1.463951065812723,-0.7983529471739294,0.01972771604086285,0.7130263305107083,1.490256533140855,1.91189940188126,0.0,105,8,0.20967240937815299,0.6395715940241472,0.48471746575342467,0.07813761002729655,0.01658148432651806,0.012722266359972286,0.010379472671926602,1.0,high,,,,,,,0.8882960763050842,0.16640549511598351,0.33370951411966776,0.054507855693179945,0.8526172889378149,0.2628383523147112,1,0,0,0,,,1.0,0.4460602615804192,-0.16827420413993321,0.2628383523147112,0.28708359832906294,0.0,0.8526172889378149,,,,8,8,0,0,0,1.0,0.22341259946750452,0,,drop,1170,83,0.1408604676062957,0.4657879776212821,,
114,332,review_anchor,raw_feature,0.22337594377600808,drop,review,high,0.5011699047477268,0.06547072595670793,0.0586748614301227,0.0067958645265852255,,,0.7213647405765438,0.22801642095356994,0.07942539388322521,0.1954088455023269,0.03571428571428571,0.021621621621621623,0.01015228426395939,0,,0,,,0,,,,,-0.010770792704039384,0.9713952974721718,-0.09850789642928826,-0.2905670935169258,-0.2488055430182701,-0.17830379786872622,-0.09850789642928826,0.019187083734371627,0.2656403806187093,0.5388419947871965,0.0,106,1,0.06547072595670793,0.5714285714285714,0.5875,0.04064650929342441,0.03571428571428571,0.021621621621621623,0.01015228426395939,1.0,high,,,,,,,1.115822421407481,0.1117253062572523,0.3771001034999826,0.06426329646509746,0.9212241512585905,0.26279522797177424,1,1,0,0,C092,1.0,1.0,0.01657513443308406,6.676151097478877e-05,0.26279522797177424,0.23194347093046094,0.0,0.9212241512585905,,,,1,1,0,0,0,1.0,0.22337594377600808,0,,drop,1170,83,0.14533004772086597,-0.0819327619962042,C092,1.0
35,510,review_anchor,raw_feature,0.22319821308270393,drop,monitor_first,high,2.498072968102469,0.04374562439017504,0.02707846047962938,0.016667163910545662,5.0,7.6,1.2287119936867295,0.7340337380712149,0.26306250643600043,0.6227984098999723,0.11708547983065136,0.08216988294236824,0.01032609090133906,0,,0,,,0,,,,,-0.041714906459009715,0.9382257381184053,-0.2527708951926937,-0.9756206824553976,-0.8661044969902834,-0.5424421136717491,-0.2527708951926937,0.1874271050237259,1.3365098767461234,3.845869632617295,0.0,107,10,0.08966382486149217,0.6859716469334821,0.4513356164383562,0.22585002285061212,0.11708547983065136,0.08216988294236824,0.01032609090133906,1.0,high,5.0,10.0,0.025004725757806583,0.04986806785840351,supervised,"ANOVA,RFERF",1.6155137188498607,0.07465158222987864,0.39957447240774346,0.0824433272263395,0.9636449297893287,0.2625861330384752,1,1,1,1,C035,1.0,1.0,0.42250304611522804,1.7330961701830492,0.2625861330384752,0.7466757537737451,0.4444444444444444,0.9636449297893287,,,,10,5,0,2,3,0.5,0.22319821308270393,0,,drop,1170,83,0.5769057574404554,0.1697321509225343,C035,1.0
115,405,review_anchor,raw_feature,0.2223906758159868,drop,review,high,0.263070740733476,0.05781187766482135,0.048126337162143075,0.009685540502678277,,,0.01710452835989374,0.2567160365193911,0.14711152301513747,0.15761397186998613,0.052238876319758674,0.01939099826255285,0.015742919511293054,0,,0,,,0,,,,,-0.00011577994668768428,0.9890236364468735,-0.0723309945630507,-1.5815227474336508,-1.381442265893439,-0.9520351999428683,-0.0723309945630507,0.7702353024102315,1.7195730860523042,2.0445297846094923,0.0,108,8,0.1513489171255348,0.523894278451972,0.41603167808219177,0.05468564595532692,0.052238876319758674,0.01939099826255285,0.015742919511293054,1.0,high,,,,,,,1.201252392635795,0.09865553868579327,0.3836791405025614,0.06765744958730334,0.9353864165273218,0.2616360891952786,1,1,0,0,C093,1.0,1.0,0.018568954203268102,-0.00928447710163427,0.2616360891952786,0.2611373703034448,0.0,0.9353864165273218,,,,8,8,0,0,0,1.0,0.2223906758159868,0,,drop,1170,83,-0.0074515160215120595,-0.0537620403597826,C093,1.0
116,499,review_anchor,raw_feature,0.22200545472083463,drop,review,flat,,0.07307200801874777,0.07228195137444261,0.0007900566443051621,,,-0.2482701316813204,0.2009302514353365,0.08718978478014623,0.11915178998906739,,,,0,,0,,,0,,,,,0.007326515995013397,0.9989588018649255,-0.8068866385758996,-0.8068866385758996,-0.8068866385758996,-0.8068866385758996,-0.8068866385758996,0.8395040677265537,1.8939942312554383,2.198673096731695,0.0,109,1,0.07307200801874777,0.6785714285714286,0.6625,-0.20370307432524967,,,,1.0,flat,,,,,,,1.0109302063555594,0.12469683748619764,0.3634264485245474,0.0599033373281532,0.9029555088939031,0.2611828879068643,1,1,0,0,C094,1.0,0.0,0.0,-0.07006065711944731,0.2611828879068643,0.2043908054426135,0.0,0.9029555088939031,,,,1,1,0,0,0,1.0,0.22200545472083463,0,,drop,1170,83,-0.10442586459755758,-0.8068866385758996,C094,1.0
117,547,review_anchor,raw_feature,0.22154737311175324,drop,review,high,1.97754146543796,0.0696091107288172,0.06738430613375189,0.002224804595065311,,,0.2499245880276162,0.30917724933678786,0.1451446812892596,0.21747820610655144,0.0,0.016644389920452144,0.010211968446355238,0,,0,,,0,,,,,0.013482045428081032,0.9361079090809216,-0.005657968268923799,-2.461251097946368,-1.512733921235909,-0.5185033740540844,-0.005657968268923799,0.6710511433753968,1.417497827387757,1.9964215419122033,0.0,110,3,0.11650809216189652,0.593167701863354,0.5834474885844748,0.01895629951635657,0.0,0.016644389920452144,0.010211968446355238,1.0,high,,,,,,,1.0330166580724194,0.1187874290505751,0.36669299464789074,0.06083999064296271,0.9095310022357871,0.2606439683667685,1,1,0,0,C095,1.0,1.0,0.24329793505926323,0.1371244400495064,0.2606439683667685,0.3145021049098454,0.0,0.9095310022357871,,,,3,3,0,0,0,1.0,0.22154737311175324,0,,drop,1170,83,0.22015866884713828,0.2376399667903394,C095,1.0
36,213,review_anchor,raw_feature,0.22013069868317064,drop,monitor_first,high,1.7343626844239597,0.03193192771660301,0.01526497773044647,0.016666949986156542,,,0.38051273412092473,0.3238394778294653,0.1318195860364535,0.21033566314765478,0.03571428571428571,0.016216216216216217,0.01015228426395939,0,,0,,,0,,,,,-0.014253183627197038,0.9839738883140515,-0.0982240788251814,-0.9160028409300848,-0.7723717829247957,-0.4365107383611611,-0.0982240788251814,0.2045446471871742,0.9021688390548417,1.792334882263007,0.0,111,1,0.03193192771660301,0.35714285714285715,0.55,0.33497629462717776,0.03571428571428571,0.016216216216216217,0.01015228426395939,1.0,high,,,,,,,2.091842404258068,0.05449159683796646,0.39957398535781696,0.09678953796935257,0.979505506320339,0.25897729256843605,1,1,1,1,C036,1.0,1.0,0.0363842245851757,0.3049344536662355,0.25897729256843605,0.3294168560227032,0.0,0.979505506320339,,,,1,1,0,0,0,1.0,0.22013069868317064,0,,drop,1170,83,0.16473178870176017,-0.0618398542400057,C036,1.0
118,124,review_anchor,raw_feature,0.21995207066344702,drop,review,high,2.096530389380759,0.05133833705516775,0.0412334157598966,0.010104921295271149,,,0.42238206321837923,0.4105135868924436,0.17331891669241067,0.3519789903302984,0.0961553718669646,0.04387875398738947,0.012080056088001456,0,,0,,,0,,,,,-0.024386598271365457,0.9942262361276972,-0.2236608866797079,-2.401835197664001,-1.6176924457096569,-0.6592957488765573,-0.2236608866797079,0.6476088377140061,1.6931325069864755,2.39014828650145,0.0,112,10,0.15876067201233618,0.7216990749130929,0.43426369863013703,0.16641117417082818,0.0961553718669646,0.04387875398738947,0.012080056088001456,1.0,high,,,,,,,1.2450663159732487,0.08760848984658294,0.3846339609652936,0.06934742216854703,0.9446407329506585,0.2587671419569965,1,1,0,0,C096,1.0,1.0,0.5227618346362346,0.6970157795149745,0.2587671419569965,0.41758372405702826,0.0,0.9446407329506585,,,,10,8,0,0,2,0.8,0.21995207066344702,0,,drop,1170,83,0.3274434570633101,0.2991009479565267,C096,1.0
119,134,review_anchor,raw_feature,0.21994939376686154,drop,review,low,-1.760430328485589,0.048036750092768914,0.03640503748045072,0.011631712612318192,,,-0.3400723082165754,0.3193099857986125,0.14494902687673772,0.1598295515303263,0.0,0.016216216216216217,0.013197969543147208,0,,0,,,0,,,,,0.008451850088150857,1.0013049359551152,-0.1187760578538048,-1.760430328485589,-1.3356458084863374,-0.6768631043325172,-0.1187760578538048,0.4979826934217566,1.815215835326057,2.29883216776729,0.0,113,1,0.048036750092768914,0.75,0.6625,-0.1815412895902299,0.0,0.016216216216216217,0.013197969543147208,1.0,low,,,,,,,1.3195083267958274,0.08197435628354784,0.3881100657788338,0.07214453726175282,0.951123229674761,0.2587639926668959,1,1,0,0,C097,1.0,1.0,-0.13357798049259112,0.05880771021583109,0.2587639926668959,0.32480935407703504,0.0,0.951123229674761,,,,1,1,0,0,0,1.0,0.21994939376686154,0,,drop,1170,83,-0.11805361332990817,-0.2523540383463959,C097,1.0
120,487,review_anchor,raw_feature,0.21966095832914187,drop,false_positive_risk,low,-0.915088955541793,0.10788736283311548,0.1317263295420762,-0.023838966708960713,,,-0.0747547961116746,0.26427403754880147,0.11572443620636391,0.14848646375552974,0.10714285714285714,0.15135135135135136,0.23045685279187816,0,,0,,,0,,,,,0.007063212785584668,0.9966194245075444,-0.4713215423677636,-0.915088955541793,-0.915088955541793,-0.7029888676921192,-0.4713215423677636,0.5946856880108918,2.136490145219314,2.66883195649243,0.0,114,1,0.10788736283311548,0.25,0.3125,-0.023803803570180863,0.10714285714285714,0.15135135135135136,0.23045685279187816,1.0,low,,,,,,,0.8190265621775634,0.1841089811924124,0.3073525989583437,0.0513031632863513,0.8231465203607562,0.25842465685781396,1,0,0,0,,,1.0,-0.04981726961141064,-0.2649371174465034,0.25842465685781396,0.2688255402375497,0.0,0.8231465203607562,,,,1,1,0,0,0,1.0,0.21966095832914187,0,,drop,1170,83,-0.08132096944774861,-0.5211388119791742,,
121,354,review_anchor,raw_feature,0.21874851759509006,drop,review,high,0.5796528426005473,0.05236847949408532,0.044133457737899125,0.008235021756186178,,,-0.08045024098350537,0.2313833721600138,0.11256307280403666,0.1839857692198399,0.0,0.0201875430108539,0.010211968446355238,0,,0,,,0,,,,,0.005160283623642621,0.9836560628222425,0.17873905056963368,-2.405486871454918,-1.80336181373674,-0.49316128309526497,0.17873905056963368,0.6166333943744985,1.2719227218208684,2.0983510853908562,0.0,115,3,0.08439533687299662,0.5600414078674948,0.5064497716894977,-0.08874855912797948,0.0,0.0201875430108539,0.010211968446355238,1.0,high,,,,,,,1.1865936225775136,0.08936642024669432,0.3803766883989147,0.06708451925383789,0.9407471870157451,0.2573511971706942,1,1,0,0,C098,1.0,1.0,-0.053667182842730976,0.16599654630638017,0.2573511971706942,0.2353684100028759,0.0,0.9407471870157451,,,,3,3,0,0,0,1.0,0.21874851759509006,0,,drop,1170,83,-0.059616772590923815,0.1250718677269027,C098,1.0
122,377,review_anchor,raw_feature,0.2186409018168547,drop,review,low,-1.6999691552406122,0.042735519408749,0.030255387021418535,0.012480132387330464,1.0,7.0,-0.5156457884205314,0.4835447213486893,0.22184121099783746,0.3179814003904293,0.058113812760717254,0.043206666281696185,0.01545372666781895,0,,0,,,0,,,,,0.01999693109349759,1.0115473905836097,0.0554598948876092,-1.8658415098495904,-1.438885642130213,-0.5849739066914577,0.0554598948876092,0.4824157626069867,1.549805431905431,2.403717167344187,0.0,116,10,0.12206595974613546,0.8268411457921114,0.553013698630137,-0.23851756689076806,0.058113812760717254,0.043206666281696185,0.01545372666781895,1.0,low,7.0,7.0,0.016848221386692286,0.016848221386692286,supervised,RFERF,1.4124929017928434,0.07292784560174922,0.3900416958784383,0.0755148951159793,0.9593796434534317,0.25722459037277023,1,1,0,0,C099,1.0,1.0,-0.4269558677193778,-0.4269558677193778,0.25722459037277023,0.49187264913063095,0.0,0.9593796434534317,,,,10,9,0,0,1,0.9,0.2186409018168547,0,,drop,1170,83,-0.29433527384633895,-0.3714959728317686,C099,1.0
123,367,review_anchor,raw_feature,0.21857987373426735,drop,review,high,3.279161545755175,0.06104734531185625,0.0576210800515917,0.0034262652602645507,,,-0.10019595211981241,0.14585111273093238,0.05479353310678612,0.1178476957287238,0.0,0.010810810810810811,0.01015228426395939,0,,0,,,0,,,,,-0.0012720293861509585,0.9805085578306576,-0.2043060980994612,-1.3343848146784203,-0.753453724437049,-0.4161958574580161,-0.2043060980994612,0.17532972075128278,1.3142371773035149,3.3003505216910276,0.0,117,1,0.06104734531185625,0.6071428571428571,0.6125,-0.15373276367694383,0.0,0.010810810810810811,0.01015228426395939,1.0,high,,,,,,,1.059462010382256,0.10417684012957801,0.3694284065898815,0.0619482030914294,0.9226389398146834,0.25715279262854984,1,1,0,0,C100,1.0,1.0,0.03531495989309241,-0.43084251069572854,0.25715279262854984,0.14836305729389068,0.0,0.9226389398146834,,,,1,1,0,0,0,1.0,0.21857987373426735,0,,drop,1170,83,0.008434624148083747,-0.1689911382063688,C100,1.0
124,476,review_anchor,raw_feature,0.21761232634717384,drop,review,high,2.9231739293762313,0.054011079314292436,0.04793210979208475,0.006078969522207683,,,0.3909294532778884,0.33140886278433823,0.14016064257028113,0.19810494766145567,0.03571428571428571,0.016216216216216217,0.01015228426395939,0,,0,,,0,,,,,-0.010437906976098046,0.9794955065901987,-0.27274028712027054,-0.9312906398251717,-0.8158285277378572,-0.5567664966624759,-0.27274028712027054,0.19785642008012388,1.7331342871389166,3.1725237338590055,0.0,118,1,0.054011079314292436,0.5714285714285714,0.5375,0.13489056564389976,0.03571428571428571,0.016216216216216217,0.01015228426395939,1.0,high,,,,,,,1.1268245764389768,0.09216950460675012,0.37546792093010817,0.06470802590728167,0.9356471828172155,0.2560145015849104,1,1,0,0,C101,1.0,1.0,0.09563879766268524,0.04672192531570607,0.2560145015849104,0.3371166059437825,0.0,0.9356471828172155,,,,1,1,0,0,0,1.0,0.21761232634717384,0,,drop,1170,83,0.13621883826257866,-0.1771014894575853,C101,1.0
125,184,review_anchor,raw_feature,0.21683809808604637,drop,false_positive_risk,low,-0.8167996037121427,0.06693664172863352,0.06903312110471906,-0.002096479376085536,,,-0.10036242191383236,0.16634786308560687,0.07084749253423953,0.10557417165326441,0.0,0.010810810810810811,0.01015228426395939,0,,0,,,0,,,,,0.0021271353447160405,1.0283182288958135,-0.1060156176885877,-0.8185510427089622,-0.6577606026152314,-0.362893337222117,-0.1060156176885877,0.1967331231902144,0.8434311223015729,1.664105395096998,0.0,119,1,0.06693664172863352,0.7142857142857143,0.6875,-0.16507707549690834,0.0,0.010810810810810811,0.01015228426395939,1.0,low,,,,,,,0.9696308186195826,0.11422688060475565,0.3568545603804991,0.05812395629296118,0.907317331924692,0.2551036448071134,1,0,0,0,,,1.0,-0.011676259978796705,-0.11859744064177846,0.2551036448071134,0.16921281627254958,0.0,0.907317331924692,,,,1,1,0,0,0,1.0,0.21683809808604637,0,,drop,1170,83,-0.030230460407963584,-0.1176918776673844,,
126,419,review_anchor,raw_feature,0.21681195585929575,drop,false_positive_risk,high,2.0445688163296,0.10960156868374756,0.13837817821388745,-0.02877660953013989,,,0.07452833354532379,0.24828898464387775,0.13265369168983626,0.14713338881232815,0.0,0.01099467240632785,0.010211968446355238,0,,0,,,0,,,,,-0.005877686792864191,1.00442456142878,-0.12585488728293895,-0.9583445383293242,-0.9583445383293242,-0.9583445383293242,-0.12585488728293895,0.8666921610382213,1.7969998570954249,2.0449030943094733,0.0,120,3,0.21490122903139322,0.5429606625258799,0.5921803652968037,-0.08907534336003431,0.0,0.01099467240632785,0.010211968446355238,1.0,high,,,,,,,0.7920437318833562,0.18703426071010834,0.2961108766701665,0.050021677808871415,0.8142158639936269,0.2550728892462303,1,0,0,0,,,1.0,0.24928711348961496,-0.007003250076750289,0.2550728892462303,0.2525651821533833,0.0,0.8142158639936269,,,,3,3,0,0,0,1.0,0.21681195585929575,0,,drop,1170,83,0.08493242100734405,0.123432226206676,,
127,68,review_anchor,raw_feature,0.21666229703469467,drop,false_positive_risk,low,-0.740510181067129,0.0727781433174919,0.07857884136553221,-0.0058006980480403,,,-0.1262788825840283,0.24827012206104251,0.10403665945834621,0.2441675949504897,0.02639751552795031,0.02127105047931609,0.010211968446355238,0,,0,,,0,,,,,0.011938970013857207,0.9212279380647846,0.056810704811663046,-2.200490330626005,-1.4064210683373193,-0.4932175469759832,0.056810704811663046,0.5729907079967337,1.3360464546232664,1.8561831374842468,0.0,121,3,0.1337221865885143,0.47826086956521735,0.5530821917808219,0.020422428355619554,0.02639751552795031,0.02127105047931609,0.010211968446355238,1.0,low,,,,,,,0.926179898465839,0.12419535956203778,0.3484210225340229,0.05621114033915985,0.8945014138796333,0.25489682004081726,1,0,0,0,,,1.0,-0.13303148869384465,0.3063856874962201,0.25489682004081726,0.2525459947066406,0.0,0.8945014138796333,,,,3,3,0,0,0,1.0,0.21666229703469467,0,,drop,1170,83,-0.17500709240783138,-0.0762207838821816,,
128,484,review_anchor,raw_feature,0.21637697833642955,drop,review,low,-1.0153846670981137,0.05404207778518197,0.049429050797735255,0.004613026987446714,,,-0.34882098538364836,0.27272505140592246,0.14573164452682524,0.19190264928950948,0.2779423170538734,0.20439063474485966,0.12256510364951269,0,,0,,,0,,,,,0.011891266911411185,1.0022687553396052,-0.3406722580884358,-1.0153846670981137,-1.0153846670981137,-0.647844971442974,-0.3406722580884358,0.39267084398058905,2.247842134268663,3.3932621374576635,0.0,122,8,0.115295196696449,0.7039608559085034,0.5298159246575342,-0.3160269534940321,0.2779423170538734,0.20439063474485966,0.12256510364951269,1.0,low,,,,,,,1.0933262304858598,0.09222240326646454,0.37213035289146384,0.06334671112443317,0.9336374158512316,0.25456115098403476,1,1,0,0,C102,1.0,1.0,-0.05781529421826159,-0.7626891725712925,0.25456115098403476,0.27742210305835285,0.0,0.9336374158512316,,,,8,8,0,0,0,1.0,0.21637697833642955,0,,drop,1170,83,-0.18001138237809836,-0.3984875523066974,C102,1.0
129,560,review_anchor,raw_feature,0.21621719678974632,drop,false_positive_risk,high,3.689393799585776,0.1991829084673369,0.28771676097697263,-0.08853385250963572,,,0.407229185819044,0.28964707177268467,0.1247451343836886,0.16792465841052068,0.03571428571428571,0.016216216216216217,0.013197969543147208,0,,0,,,0,,,,,-0.007876697632615337,0.9995494477385248,-0.2665217178331021,-1.0219428628557017,-0.9114424294082468,-0.7004870564631058,-0.2665217178331021,0.3060714373037087,1.85568933399501,3.689393799585776,0.0,123,1,0.1991829084673369,0.5357142857142857,0.6875,0.42105172747102193,0.03571428571428571,0.016216216216216217,0.013197969543147208,1.0,high,,,,,,,0.6922881648986674,0.33990414990111184,0.16005925150984512,0.045110446694821484,0.6137164794145662,0.2543731726938192,1,0,0,0,,,1.0,0.13661871771685327,-0.24571278201133628,0.2543731726938192,0.2946355656791963,0.0,0.6137164794145662,,,,1,1,0,0,0,1.0,0.21621719678974632,0,,drop,1170,83,0.12128276064700126,-0.1299030001162488,,
130,16,review_anchor,raw_feature,0.21537634208325618,drop,review,high,1.8700106502320784,0.04501287633050227,0.03698676275072563,0.008026113579776646,,,0.21199102331243339,0.27248933363742567,0.13830707445165277,0.2287429236319888,0.03748612085629239,0.020099788919465043,0.010347160992285534,0,,0,,,0,,,,,-0.015070001707148123,0.9960362716662773,-0.0049921090990383,-2.527619812426928,-1.5071297767451348,-0.5763816927275243,-0.0049921090990383,0.5666466414506166,1.5274243228077116,1.8978278944784877,0.0,124,8,0.11996221906367151,0.6914012831038693,0.346875,0.04144527209673242,0.03748612085629239,0.020099788919465043,0.010347160992285534,1.0,high,,,,,,,1.2169996231859785,0.07681413822829201,0.3799010590778038,0.06826868651913551,0.9503422154416928,0.25338393186265434,1,1,0,0,C103,1.0,1.0,0.162656166140184,0.21320715110728083,0.25338393186265434,0.27718232560216577,0.0,0.9503422154416928,,,,8,8,0,0,0,1.0,0.21537634208325618,0,,drop,1170,83,0.20973333914139136,0.1576640570411457,C103,1.0
131,480,review_anchor,raw_feature,0.21459850051123677,drop,review,low,-1.1147217580453659,0.05338402676443916,0.05051927086859919,0.0028647558958399726,,,-0.08682849793882907,0.08971828647340031,0.07859128822984245,0.09390066589001096,0.0,0.007518259454886615,0.010379472671926602,0,,0,,,0,,,,,0.0047174480573210255,1.0026676905019143,-0.12644663393710476,-1.7028357892813863,-1.4830099702181545,-0.6317560190373986,-0.12644663393710476,0.5081062002401731,1.8998976789063406,3.0487852978185366,0.0,125,8,0.13493371343051316,0.6742416199651736,0.42504280821917806,-0.20190085687777545,0.0,0.007518259454886615,0.010379472671926602,1.0,low,,,,,,,1.056706200358497,0.09109944410034802,0.368149996513317,0.06183338501346555,0.9321737053403938,0.2524688241308668,1,1,0,0,C104,1.0,1.0,-0.15374335261511385,-0.2064005893933154,0.2524688241308668,0.09126347428640352,0.0,0.9321737053403938,,,,8,8,0,0,0,1.0,0.21459850051123677,0,,drop,1170,83,-0.06510679096573427,-0.2801899865522186,C104,1.0
132,6,review_anchor,raw_feature,0.21414594971034623,drop,review,low,-2.826514463517873,0.048872949850143683,0.04414177543869454,0.004731174411449143,,,0.15615390052722225,0.32417705451022044,0.13278756049840387,0.20788836173066771,0.0,0.0,0.01116751269035533,0,,0,,,0,,,,,-0.007822124582502069,1.0121738579500095,0.07088762280506565,-2.762072285088807,-1.9808825182008865,-0.5245563288327179,0.07088762280506565,0.5636182702433018,1.4976380994234189,2.568179547896449,0.0,126,1,0.048872949850143683,0.35714285714285715,0.4375,-0.005076882913777786,0.0,0.0,0.01116751269035533,1.0,low,,,,,,,1.1071813347884012,0.08340132494197867,0.37239934369898064,0.06391238177961457,0.940736019815282,0.25193641142393675,1,1,0,0,C105,1.0,1.0,0.049813852390582156,-0.02220339183577491,0.25193641142393675,0.3297602466728682,0.0,0.940736019815282,,,,1,1,0,0,0,1.0,0.21414594971034623,0,,drop,1170,83,0.0812124981944278,0.1207014751956478,C105,1.0
133,282,review_anchor,raw_feature,0.21376980321050826,drop,review,high,1.6935196607473288,0.04764501591788902,0.04271364251125911,0.004931373406629912,,,0.350873149388218,0.37426904278802087,0.18074348676758314,0.2558125924524354,0.024067531521892577,0.015494363396011693,0.01077550010607349,0,,0,,,0,,,,,-0.013700301758300866,1.0047192027736647,-0.1041559593904829,-1.12422724115765,-1.0342209515899587,-0.6741957933191939,-0.1041559593904829,0.4358817780156345,1.1724332476446027,1.774575324852455,0.0,127,6,0.21361016588941362,0.645088963230444,0.50625,0.013894104355233564,0.024067531521892577,0.015494363396011693,0.01077550010607349,1.0,high,,,,,,,1.1154519520392114,0.0813058648315235,0.3728551444905124,0.06424828112530259,0.9426534062518611,0.2514938861300097,1,1,0,0,C106,1.0,1.0,0.3900272547933285,0.34352400518335346,0.2514938861300097,0.3807149523838521,0.0,0.9426534062518611,,,,6,6,0,0,0,1.0,0.21376980321050826,0,,drop,1170,83,0.1871897008165811,0.2858712954028456,C106,1.0
134,47,review_anchor,raw_feature,0.21357491077094035,drop,false_positive_risk,low,-0.24443626143264152,0.05866388611083188,0.05999435660499708,-0.0013304704941652066,,,0.05335383085071362,0.07769271978902147,0.07386468952734013,0.09131900535736971,0.012924058512293807,0.012098602976463105,0.010425360050051083,0,,0,,,0,,,,,-0.005529724848624443,1.002853030043182,0.372307942908341,-1.8600578872900422,-1.60144759917621,-1.0193905549411362,0.372307942908341,0.8559543675503214,1.2297098093418173,1.3956207615517016,0.0,128,6,0.16234643076330688,0.6932361929446108,0.35833333333333334,-0.06608550549632652,0.012924058512293807,0.012098602976463105,0.010425360050051083,1.0,low,,,,,,,0.9778234059092421,0.10010948475364712,0.35859856241399757,0.05847988141682726,0.9194526199796507,0.25126460090698866,1,0,0,0,,,1.0,0.12032051194243798,0.031025878734501244,0.25126460090698866,0.07903079531961758,0.0,0.9194526199796507,,,,6,6,0,0,0,1.0,0.21357491077094035,0,,drop,1170,83,0.0831829499085553,0.492628454850779,,
135,77,review_anchor,raw_feature,0.21333973806384487,drop,review,high,2.5650063338511733,0.05322382664164118,0.0517695701504989,0.00145425649114229,,,-0.17443722942477566,0.11134532794277367,0.06647101225414478,0.11811986727816053,0.0,0.010032065964269353,0.010211968446355238,0,,0,,,0,,,,,0.002566046383107565,0.9890309961972996,-0.09826756616075555,-1.919686802141085,-1.3691660910559813,-0.7153788950622015,-0.09826756616075555,0.5148572554480453,2.011392093106978,2.5702685234774645,0.0,129,3,0.07795130589910963,0.45445134575569357,0.454851598173516,-0.07305254250855718,0.0,0.010032065964269353,0.010211968446355238,1.0,high,,,,,,,1.0280909516326797,0.09082606378387056,0.3649386579921835,0.06063198348155371,0.9304950752642116,0.25098792713393514,1,1,0,0,C107,1.0,1.0,0.03029745542410195,-0.18337933546166973,0.25098792713393514,0.11326299100272333,0.0,0.9304950752642116,,,,3,3,0,0,0,1.0,0.21333973806384487,0,,drop,1170,83,-0.06923810823696483,-0.0679701107366536,C107,1.0
136,217,review_anchor,raw_feature,0.21307024326103693,drop,false_positive_risk,low,0.7001752383866635,0.05968370505333076,0.06222578645406473,-0.0025420814007339654,,,0.018195223318115256,0.13116998143698833,0.07978580990629183,0.16578082128458405,0.0,0.01193108833292016,0.010379472671926602,0,,0,,,0,,,,,-0.005496971290282446,1.0069599644420217,-0.2136120189362331,-1.1948872988839525,-0.9069853031604259,-0.5363999399716672,-0.2136120189362331,0.2803983409817787,1.4067419615948458,2.654731107064781,0.0,130,8,0.1110132695232086,0.49511064923124515,0.37868150684931506,-0.08537138890065103,0.0,0.01193108833292016,0.010379472671926602,1.0,low,,,,,,,0.9591474604726685,0.1018497981840034,0.35584004102509725,0.05766634368634959,0.9164567410634888,0.25067087442474933,1,0,0,0,,,1.0,0.07242036689897552,0.14566839513393903,0.25067087442474933,0.1334290778231903,0.0,0.9164567410634888,,,,8,8,0,0,0,1.0,0.21307024326103693,0,,drop,1170,83,0.06776790574147326,-0.1411916520372576,,
137,144,review_anchor,raw_feature,0.21286377421113345,drop,false_positive_risk,low,-1.1408028395913603,0.06423818935617069,0.06972410559210013,-0.005485916235929426,,,-0.3123770920157751,0.321448693714226,0.1593141797961075,0.23321483642385582,0.0,0.025555350965426136,0.010379472671926602,0,,0,,,0,,,,,0.014840782575800338,1.005609855818906,-0.1887478866870145,-1.1609540771830915,-0.9821863402837192,-0.593115105142267,-0.1887478866870145,0.23229846250934977,1.8853223613736088,3.8691300355601324,0.0,131,8,0.15607053551375857,0.7557516046437027,0.6757277397260274,-0.06882882868493237,0.0,0.025555350965426136,0.010379472671926602,1.0,low,,,,,,,0.9213196614091669,0.10962199172765089,0.34913769845435094,0.05599450308071105,0.9063896281664919,0.250427969660157,1,0,0,0,,,1.0,-0.1814363978179502,-0.5391020501980923,0.250427969660157,0.3269848962383378,0.0,0.9063896281664919,,,,8,8,0,0,0,1.0,0.21286377421113345,0,,drop,1170,83,-0.2007756818203348,-0.3701842845049647,,
138,349,review_anchor,raw_feature,0.21239839870499128,drop,false_positive_risk,high,4.139182742190516,0.055638232475584,0.05667368259634409,-0.001035450120760092,,,0.06966049461546889,0.11667327856918898,0.07602718566573988,0.09556820083342273,0.0,0.0,0.010211968446355238,0,,0,,,0,,,,,-0.005107668243056815,1.0020659101357703,-0.1303168368230303,-1.6741639201474998,-1.2314991237251443,-0.5305734880553001,-0.1303168368230303,0.30805805841259387,1.4802396883734743,3.7903876604023963,0.0,132,3,0.07664980567003492,0.5429606625258799,0.4252853881278538,0.16890462044797205,0.0,0.0,0.010211968446355238,1.0,high,,,,,,,0.9817296128763144,0.09494622935840427,0.35927024670289526,0.05864906696975863,0.9239108991651364,0.24988046906469563,1,0,0,0,,,1.0,0.104829122941785,0.04955558539066929,0.24988046906469563,0.118682703127266,0.0,0.9239108991651364,,,,3,3,0,0,0,1.0,0.21239839870499128,0,,drop,1170,83,0.034677083951717556,-0.0254877138812453,,
139,48,review_anchor,raw_feature,0.21239138085252254,drop,review,low,-2.2833997319553876,0.048796488948057874,0.046058809218147055,0.002737679729910819,,,-0.16164865891249372,0.20353194960586304,0.11495211615693542,0.17630641338182199,0.0,0.027070737651666354,0.010425360050051083,0,,0,,,0,,,,,0.0033655797487348897,0.9970629494095675,0.00514556111124105,-2.3522962839389643,-1.6416141296948348,-0.6907446857304973,0.00514556111124105,0.7150398169435764,1.6292454263858673,2.136891250264526,0.0,133,6,0.15103430040064025,0.6359429086989938,0.375,-0.15789054001095612,0.0,0.027070737651666354,0.010425360050051083,1.0,low,,,,,,,1.059438786551003,0.08327084498200554,0.3678606772938922,0.061947236135721166,0.9381622435955942,0.24987221276767357,1,1,0,0,C108,1.0,1.0,-0.13138648656291332,0.2949130313733812,0.24987221276767357,0.20703731178396267,0.0,0.9381622435955942,,,,6,6,0,0,0,1.0,0.21239138085252254,0,,drop,1170,83,-0.04551920259002518,-0.1262409254516723,C108,1.0
140,418,review_anchor,raw_feature,0.2116206452109741,drop,review,low,-1.117143565828484,0.04178264862183195,0.03634719149394243,0.005435457127889523,,,-0.20330901818068678,0.12155766295138598,0.0560086499845536,0.06779787479323364,0.42857142857142855,0.3081081081081081,0.3269035532994924,0,,0,,,0,,,,,0.004214541255037619,0.9989249849554696,-0.07000645488004754,-1.117143565828484,-1.117143565828484,-1.117143565828484,-0.07000645488004754,0.7336875214567248,1.833566363401402,2.1953383711462484,0.0,134,1,0.04178264862183195,0.5714285714285714,0.5125,-0.12091926847522491,0.42857142857142855,0.3081081081081081,0.3269035532994924,1.0,low,,,,,,,1.1495426992975617,0.07130177870030244,0.3740028113853483,0.06561910394658609,0.9512008926904445,0.24896546495408717,1,1,0,0,C109,1.0,1.0,-0.10890824791674915,-0.07410685584450749,0.24896546495408717,0.12365120961564736,0.0,0.9512008926904445,,,,1,1,0,0,0,1.0,0.2116206452109741,0,,drop,1170,83,-0.057961931319878854,-0.1789147027967967,C109,1.0
141,119,review_anchor,raw_feature,0.21148627460213734,drop,false_positive_risk,high,1.167402168152943,0.20993139189076948,0.3122381103126355,-0.102306718421866,,,0.038330803018041704,0.17703415087889018,0.08065080836165174,0.09460124586286114,0.0,0.005405405405405406,0.012182741116751269,0,,0,,,0,,,,,0.0009339575920621749,1.0168280207617688,-0.1681543461230453,-1.3467562588413138,-1.0287869639224878,-0.6275857870339796,-0.1681543461230453,0.8148152483840753,1.071242099125071,1.167402168152943,0.0,135,1,0.20993139189076948,0.5714285714285714,0.575,0.07458931764332657,0.0,0.005405405405405406,0.012182741116751269,1.0,high,,,,,,,0.6723439098467862,0.3582463568147495,0.12870203526214982,0.04409387181972675,0.5807945421637738,0.24880738188486748,1,0,0,0,,,1.0,0.09616006902787201,-0.053422260571045266,0.24880738188486748,0.18008315039923362,0.0,0.5807945421637738,,,,1,1,0,0,0,1.0,0.21148627460213734,0,,drop,1170,83,-0.01316542629766643,-0.0719942770951733,,
142,474,review_anchor,raw_feature,0.2112119979464368,drop,false_positive_risk,low,-0.9983668648105265,0.1523742747958971,0.2168365929004902,-0.0644623181045931,,,0.1437703134061092,0.15221245561296606,0.058346205334157145,0.11860117311795026,0.0,0.016216216216216217,0.01015228426395939,0,,0,,,0,,,,,-0.003386865733735303,0.9881411587764046,-0.19490962915752205,-1.0155464246318682,-0.8870748200439004,-0.5722518310310136,-0.19490962915752205,0.30118880102783696,1.5112716505564248,2.87468547215492,0.0,136,1,0.1523742747958971,0.2857142857142857,0.425,-0.03453592447144471,0.0,0.016216216216216217,0.01015228426395939,1.0,low,,,,,,,0.7027147621057859,0.26002556514426567,0.21486384443646928,0.045637140069515615,0.7088789606384607,0.24848470346639623,1,0,0,0,,,1.0,0.04010702790368545,-0.18969581615987918,0.24848470346639623,0.15483395944061862,0.0,0.7088789606384607,,,,1,1,0,0,0,1.0,0.2112119979464368,0,,drop,1170,83,0.046656510495350266,-0.1548026012538366,,
37,79,review_anchor,raw_feature,0.2109216080782159,drop,monitor_first,high,2.710486760207791,0.02900814000372039,0.019241175193133647,0.009766964810586741,1.0,10.0,0.7395167746915077,0.5140796167321937,0.2227576974564926,0.36896744601931286,0.04893290251555972,0.06311090730563756,0.01032609090133906,0,,0,,,0,,,,,-0.026855962926328875,0.9837621447532718,-0.1596350208452765,-1.8901390157846478,-1.4343385526375196,-0.6077898545404484,-0.1596350208452765,0.38355023541658234,1.9908602461922287,3.0033230073470376,0.0,137,10,0.08056127879363743,0.7289777777293212,0.5096232876712329,0.1532247165235649,0.04893290251555972,0.06311090730563756,0.01032609090133906,1.0,high,10.0,10.0,0.02819529128644926,0.02819529128644926,supervised,ANOVA,1.5076074986351227,0.04950217488060181,0.3838645223720413,0.07883064194557732,0.9741671327434427,0.2481430683273128,1,1,1,1,C037,1.0,1.0,0.44491516019858024,0.3492368029325761,0.2481430683273128,0.5229334367271115,0.0,0.9741671327434427,,,,10,8,0,0,2,0.8,0.2109216080782159,0,,drop,1170,83,0.32556138090128606,0.2852801393533037,C037,1.0
143,96,review_anchor,raw_feature,0.21089742202114084,drop,false_positive_risk,high,2.791253158822948,0.10292497450089086,0.13536178806905017,-0.032436813568159306,,,-0.06414371191811458,0.15098204104039492,0.05881989496447328,0.11475105034283056,0.0,0.016216216216216217,0.01015228426395939,0,,0,,,0,,,,,0.002882338825076703,1.0087889709551607,-0.0622562136673373,-2.3094638312937743,-1.3921956922621384,-0.4788735077526916,-0.0622562136673373,0.4630096573814845,1.409679202431528,2.82130173733702,0.0,138,1,0.10292497450089086,0.5357142857142857,0.45,-0.11101671933749327,0.0,0.016216216216216217,0.01015228426395939,1.0,high,,,,,,,0.7603694954767236,0.17564070246045177,0.287777548642269,0.048492534351127006,0.8182656169543181,0.24811461414251865,1,0,0,0,,,1.0,0.019774715145367404,-0.11300800280233259,0.24811461414251865,0.15358235385251195,0.0,0.8182656169543181,,,,1,1,0,0,0,1.0,0.21089742202114084,0,,drop,1170,83,-0.03711005344414833,-0.0424814985219699,,
144,483,review_anchor,raw_feature,0.21039741616514676,drop,false_positive_risk,low,-1.0627729969763844,0.054992999937965845,0.05809983903208883,-0.0031068390941229873,,,-0.18315363438399165,0.22994271172087583,0.08572752548656164,0.17895924384573078,0.03571428571428571,0.06486486486486487,0.09746192893401015,0,,0,,,0,,,,,0.010924410984035543,1.007879965301321,-0.28821411881217407,-1.0627729969763844,-1.0627729969763844,-0.641717307994109,-0.28821411881217407,0.313334389286969,2.311254517467255,3.49283077365349,0.0,139,1,0.054992999937965845,0.8214285714285714,0.7625,-0.006729282673210768,0.03571428571428571,0.06486486486486487,0.09746192893401015,1.0,low,,,,,,,0.9465258571128388,0.09384514483827537,0.35455423535240693,0.05711213392385224,0.9219961663319347,0.24752637195899618,1,0,0,0,,,1.0,-0.018077060356033847,-0.6933781348034336,0.24752637195899618,0.23390293755449504,0.0,0.9219961663319347,,,,1,1,0,0,0,1.0,0.21039741616514676,0,,drop,1170,83,-0.1138971404849076,-0.3062911791682079,,
145,489,review_anchor,raw_feature,0.21037855481444753,drop,review,high,2.3983307796412587,0.03319053149726181,0.025304125124020305,0.007886406373241502,,,0.1441609661663124,0.1293168011188011,0.08387395736793327,0.14788363894097692,0.00646551724137931,0.017091132632127793,0.026504059220989445,0,,0,,,0,,,,,-0.005927048445939121,0.9885223877033236,-0.22148343222310285,-1.2020520219895654,-1.2020520219895654,-0.7062923839938874,-0.22148343222310285,0.4749484069163902,2.0154559198720037,2.9071861438814097,0.0,140,8,0.09132828755393156,0.5101031218526699,0.34028253424657534,0.11439249898770264,0.00646551724137931,0.017091132632127793,0.026504059220989445,1.0,high,,,,,,,1.3116648504774908,0.05663939481631212,0.37958298227994625,0.07185408682750394,0.9660271215863465,0.24750418213464415,1,1,0,0,C110,1.0,1.0,0.04010305686705795,0.20450210240358935,0.24750418213464415,0.13154398080490193,0.0,0.9660271215863465,,,,8,8,0,0,0,1.0,0.21037855481444753,0,,drop,1170,83,0.08445941979103976,-0.1813803753560449,C110,1.0
146,433,review_anchor,raw_feature,0.2095528354606884,drop,review,high,3.1628949766428853,0.03325976389650586,0.02621502113504229,0.007044742761463568,,,0.26944274727727496,0.1777621928376013,0.09716815981876221,0.13694366078824013,0.038302277432712216,0.02481420356971785,0.010211968446355238,0,,0,,,0,,,,,-0.009254732750807588,0.9924748529970844,-0.23541920509700734,-0.9137081353743344,-0.9137081353743344,-0.8689929023757841,-0.23541920509700734,0.4111208228780474,2.1537788569456557,3.1808566418075253,0.0,141,3,0.05890929567170667,0.5098343685300207,0.4639840182648402,0.17782484629793474,0.038302277432712216,0.02481420356971785,0.010211968446355238,1.0,high,,,,,,,1.268729242107941,0.056757539390019464,0.3776667341983541,0.07024647370636006,0.9648041684402385,0.24653274760080987,1,1,0,0,C111,1.0,1.0,0.009580302334503243,0.32240078649990167,0.24653274760080987,0.18082373117925057,0.0,0.9648041684402385,,,,3,3,0,0,0,1.0,0.2095528354606884,0,,drop,1170,83,0.12658701587093568,-0.2258389027625041,C111,1.0
147,482,review_anchor,raw_feature,0.20893694071248295,drop,review,high,2.365584517120424,0.038179972702402656,0.03394666694757619,0.004233305754826465,,,0.02398547207657562,0.18139878921621372,0.0810421171866955,0.1016479965315375,0.0,0.0,0.01015228426395939,0,,0,,,0,,,,,0.005144187524830372,0.9922821394372754,-0.07878867898233355,-1.1305600011941446,-1.1305600011941446,-1.1305600011941446,-0.07878867898233355,0.6796693574338181,1.8062981448285576,2.3326449485745715,0.0,142,1,0.038179972702402656,0.4642857142857143,0.4625,0.11450111003427595,0.0,0.0,0.01015228426395939,1.0,high,,,,,,,1.1247046068282331,0.06515383907443022,0.3712658268820629,0.06462251164500844,0.9544237952070495,0.2458081655440976,1,1,0,0,C112,1.0,1.0,-0.14605083763101095,0.07481836717570922,0.2458081655440976,0.1845229594317643,0.0,0.9544237952070495,,,,1,1,0,0,0,1.0,0.20893694071248295,0,,drop,1170,83,-0.07895216311000168,-0.2248395166133445,C112,1.0
148,223,review_anchor,raw_feature,0.208901681825446,drop,false_positive_risk,low,-1.087553722322252,0.050318705413727335,0.05255912790461179,-0.002240422490884457,,,-0.05103003924906597,0.195443880618495,0.0923488827103285,0.09226117574933895,0.0,0.032432432432432434,0.01015228426395939,0,,0,,,0,,,,,0.0019698711247240377,1.0203359056281465,-0.06375953869249609,-1.1208252233544214,-0.8753200936161422,-0.4633142874795651,-0.06375953869249609,0.3518616384016616,1.0443034690128847,1.778190417730344,0.0,143,1,0.050318705413727335,0.5714285714285714,0.5875,-0.026315350840231948,0.0,0.032432432432432434,0.01015228426395939,1.0,low,,,,,,,0.957373294036565,0.08586849604408801,0.3565268395265475,0.05758865674860157,0.9294350287520494,0.24576668450052472,1,0,0,0,,,1.0,-0.1262929959589562,-0.054953808390622694,0.24576668450052472,0.1988099447100923,0.0,0.9294350287520494,,,,1,1,0,0,0,1.0,0.208901681825446,0,,drop,1170,83,-0.02776806284249919,-0.1900525346514523,,
149,87,review_anchor,raw_feature,0.20822042014617279,drop,false_positive_risk,low,-1.9334339493653152,0.07838421635250058,0.09861631820385877,-0.020232101851358195,,,-0.12181716859959142,0.2487904593179536,0.09775512305632787,0.1764001319334253,0.0,0.010810810810810811,0.01015228426395939,0,,0,,,0,,,,,0.007413635676250923,0.910371115742947,0.3785300589878589,-1.9436191451990081,-1.375964230734535,-0.49852847113567905,0.3785300589878589,0.5520556176359536,0.6803136392454192,0.7633041238162476,0.0,144,1,0.07838421635250058,0.6071428571428571,0.7,-0.020202021766414845,0.0,0.010810810810810811,0.01015228426395939,1.0,low,,,,,,,0.794840222999052,0.13376208144551027,0.3155644876122238,0.05015538361047892,0.8675994458800097,0.244965200171968,1,0,0,0,,,1.0,-0.007544589506438215,0.01735255586480655,0.244965200171968,0.25307529355677455,0.0,0.8675994458800097,,,,1,1,0,0,0,1.0,0.20822042014617279,0,,drop,1170,83,-0.1045054667617449,0.3709854694814207,,
150,84,review_anchor,raw_feature,0.20775282323997238,drop,false_positive_risk,high,0.7972638715440982,0.06075811697283223,0.07059335195882843,-0.0098352349859962,,,-0.022276132250115127,0.06333973673755801,0.04676140459272989,0.09610861485370865,0.0,0.012796474208129653,0.013149890251892027,0,,0,,,0,,,,,-5.993391618794844e-05,1.006186930890086,-0.0029674786422147,-2.4106079818937483,-1.551034078705024,-0.6579187325149466,-0.0029674786422147,0.6321367675373954,1.684028175272381,2.3985204522244508,0.0,145,3,0.09002637291173081,0.48343685300207034,0.5314497716894978,0.10301169848301077,0.0,0.012796474208129653,0.013149890251892027,1.0,high,,,,,,,0.8606776032999209,0.10368327412303788,0.3392354363220454,0.0532444315399102,0.9052225931086255,0.2444150861646734,1,0,0,0,,,1.0,0.0396940153862215,-0.2977051153966943,0.2444150861646734,0.06443061567799256,0.0,0.9052225931086255,,,,3,3,0,0,0,1.0,0.20775282323997238,0,,drop,1170,83,-0.009184613582228426,0.0367265367440068,,
151,296,review_anchor,raw_feature,0.20775135101307257,drop,false_positive_risk,high,3.5470832137316144,0.05785353034838666,0.06593083596154253,-0.00807730561315588,,,-0.08311741611026123,0.18494122660110465,0.09162805066419526,0.16902532745998158,0.011904761904761904,0.009192870604526048,0.010211968446355238,0,,0,,,0,,,,,0.007368112313618819,1.014567767259289,-0.363111656519992,-0.9050826072769381,-0.8590650391491881,-0.6496430974524381,-0.363111656519992,0.2613851077923678,2.2013427726127865,3.5376188222911393,0.0,146,3,0.10998259113695068,0.593167701863354,0.6691780821917809,0.0019278279563288887,0.011904761904761904,0.009192870604526048,0.010211968446355238,1.0,high,,,,,,,0.8774881966024612,0.09872661868009253,0.34323778208244227,0.05401565717296131,0.911482406016646,0.24441335413302656,1,0,0,0,,,1.0,0.10444899618734399,-1.2427050546386256,0.24441335413302656,0.1881264070219391,0.0,0.911482406016646,,,,3,3,0,0,0,1.0,0.20775135101307257,0,,drop,1170,83,-0.09374552282738552,-0.258662660332648,,
38,106,review_anchor,raw_feature,0.20750550327971384,drop,monitor_first,low,-2.0004336506685174,0.017175891562902314,0.008422616343947285,0.008753275218955029,,,-0.04885058626693245,0.1698495396237265,0.062022448769436724,0.14039105801120882,0.07142857142857142,0.021621621621621623,0.01015228426395939,0,,0,,,0,,,,,0.005892682911716199,0.9909747955411519,-0.108003579038702,-2.1820611094663223,-1.2200084288211792,-0.4786718622995278,-0.108003579038702,0.3637560542023488,1.947520537225877,3.531285020249405,0.0,147,1,0.017175891562902314,0.39285714285714285,0.3,-0.002141486452468988,0.07142857142857142,0.021621621621621623,0.01015228426395939,1.0,low,,,,,,,2.039258451472192,0.029310531036047017,0.38155661609201225,0.0953186504447908,0.9886919417456504,0.24412412150554572,1,1,1,1,C038,1.0,1.0,-0.06739423332015021,0.23587981662051716,0.24412412150554572,0.1727748010056255,0.0,0.9886919417456504,,,,1,1,0,0,0,1.0,0.20750550327971384,0,,drop,1170,83,-0.09135801538733967,-0.1753978123588522,C038,1.0
152,3,review_anchor,raw_feature,0.20747445798431433,drop,false_positive_risk,low,-1.2009619320121359,0.043322676848339514,0.043365445038525956,-4.276819018644157e-05,,,-0.30027880218502445,0.2681575139917111,0.10797034291010195,0.18061149305518415,0.0,0.010810810810810811,0.01015228426395939,0,,0,,,0,,,,,0.011236283698249852,1.0119990586136403,-0.245182243494606,-1.2013739424535121,-1.0894784178518102,-0.7201027236133587,-0.245182243494606,0.4523154328432531,1.7663383223628648,3.725912171760452,0.0,148,1,0.043322676848339514,0.5357142857142857,0.4625,-0.056679820269175646,0.0,0.010810810810810811,0.01015228426395939,1.0,low,,,,,,,0.9990137725982416,0.0739298253996035,0.36153032402888857,0.05939369754447052,0.9417783075120304,0.2440875976286051,1,0,0,0,,,1.0,-0.10048454653005251,-0.816841511920636,0.2440875976286051,0.2727759004865098,0.0,0.9417783075120304,,,,1,1,0,0,0,1.0,0.20747445798431433,0,,drop,1170,83,-0.1512347274217798,-0.3456667900246585,,
153,28,review_anchor,raw_feature,0.20744326039682875,drop,review,low,-2.1922797916180636,0.02444071872915656,0.016440216439805054,0.008000502289351504,,,-0.8349603398061655,0.5227997478999946,0.20267737617135206,0.45199691675932485,0.05334521949324842,0.04693652239903327,0.010443599714500047,0,,0,,,0,,,,,0.02949002396653421,0.9974826506168794,-0.07268094799345065,-2.396968379998834,-1.6523065630784446,-0.5921632666048982,-0.07268094799345065,0.8246775310804602,1.6817221315078752,2.106517302292904,0.0,149,10,0.06351830497208524,0.7934905319910611,0.5703938356164384,-0.17789310116935925,0.05334521949324842,0.04693652239903327,0.010443599714500047,1.0,low,,,,,,,1.486642150889248,0.04170790449105453,0.37984274886282304,0.0781107150143145,0.9779276512637277,0.2440508945845044,1,1,0,0,C113,1.0,1.0,-0.32850880915920233,-0.5646142293603595,0.2440508945845044,0.5318037517753442,0.0,0.9779276512637277,,,,10,7,0,0,3,0.7,0.20744326039682875,0,,drop,1170,83,-0.42169903251282176,-0.401189757152653,C113,1.0
154,553,review_anchor,raw_feature,0.2071973713536328,drop,review,high,0.19272462065745652,0.03213434026484537,0.026989893541838183,0.0051444467230071875,,,0.5273360284216291,0.24524537871314306,0.10363505303264339,0.268597383901329,0.042713807931199235,0.01936617956428911,0.010172206595408701,0,,0,,,0,,,,,-0.02369334101717907,0.8481092277087475,-0.10084600104094604,-1.6054498533833843,-0.9648955019339749,-0.4309161464865074,-0.10084600104094604,0.2836041372570297,1.0389160618552922,1.4351800130034729,0.0,150,5,0.05535543123359996,0.7590062111801241,0.4468493150684932,0.15336003822442457,0.042713807931199235,0.01936617956428911,0.010172206595408701,1.0,high,,,,,,,1.190606410322907,0.05483701234409117,0.37334025674680194,0.06724173786766952,0.9637638382200412,0.24376161335721508,1,1,0,0,C114,1.0,1.0,0.03669315022287904,0.23216993306911204,0.24376161335721508,0.24946915722339422,0.0,0.9637638382200412,,,,5,5,0,0,0,1.0,0.2071973713536328,0,,drop,1170,83,0.20429054928450985,-0.064152850818067,C114,1.0
155,316,review_anchor,raw_feature,0.20602226203115862,drop,false_positive_risk,low,-1.7759562951706596,0.04472753137443954,0.04724663945958425,-0.0025191080851447124,,,-0.4725510638119461,0.4007400222493741,0.17751004016064256,0.32056525660487134,0.023461118907256134,0.05000664501417231,0.01032609090133906,0,,0,,,0,,,,,0.020752210529895024,1.0049551027942085,-0.1203553963759352,-1.945691976583904,-1.3949791782430632,-0.6361403198510676,-0.1203553963759352,0.5846287588898358,1.883612681680164,2.734403550450658,0.0,151,10,0.15933387837832255,0.7432213065520676,0.4675342465753425,-0.13701842480541299,0.023461118907256134,0.05000664501417231,0.01032609090133906,1.0,low,,,,,,,0.9466817510417941,0.07632719918585416,0.35589234526079155,0.05711900106044446,0.9365674833669507,0.24237913180136308,1,0,0,0,,,1.0,-0.2646619076612531,-0.587301838515911,0.24237913180136308,0.40764183260378783,0.0,0.9365674833669507,,,,10,9,1,0,0,0.9,0.20602226203115862,0,,drop,1170,83,-0.2901502796518953,-0.3850173040371883,,
156,58,review_anchor,raw_feature,0.20597251302057712,drop,review,high,2.1896112027473245,0.030856394939394384,0.026405468291656336,0.004450926647738046,,,0.23657196382168927,0.26585453022060573,0.13728761198640715,0.20922456801418324,0.0,0.009908114476974513,0.011373411271009624,0,,0,,,0,,,,,-0.010659359866617632,1.0070266716254166,-0.2836427795959482,-1.6611628254274005,-1.1990597963072205,-0.7166063019015534,-0.2836427795959482,0.8462504451675262,1.5582807827357836,2.2115012249717947,0.0,152,8,0.10552828251106987,0.6388093857415722,0.49631849315068494,-0.019845014851261195,0.0,0.009908114476974513,0.011373411271009624,1.0,high,,,,,,,1.1685607919759735,0.05265620816360221,0.3717612927816463,0.06637442356883358,0.9645484773991864,0.24232060355362015,1,1,0,0,C115,1.0,1.0,0.4471203677215908,0.22084678848939765,0.24232060355362015,0.2704332532020167,0.0,0.9645484773991864,,,,8,8,0,0,0,1.0,0.20597251302057712,0,,drop,1170,83,0.16598006957965386,0.1634775881256426,C115,1.0
157,425,review_anchor,raw_feature,0.2053149240126912,drop,false_positive_risk,high,1.8245191537095915,0.03866717363440323,0.0386972510431468,-3.0077408743569543e-05,,,0.25635995242878384,0.34349286283220676,0.18741633199464525,0.17542337678097664,0.015881565564628445,0.03465173707480919,0.010425360050051083,0,,0,,,0,,,,,-0.009206374604133266,1.005444454076003,-0.2503519318361473,-0.7458067512401171,-0.6573299467461311,-0.4307347429818446,-0.2503519318361473,0.06995058309846645,1.2334963240566024,2.5624253613397197,0.0,153,6,0.07855804846788161,0.519103024351503,0.33958333333333335,-0.013018723518290212,0.015881565564628445,0.03465173707480919,0.010425360050051083,1.0,high,,,,,,,0.9992227507656801,0.06598524383650015,0.36155921762159415,0.05940266122730398,0.9480457436015642,0.2415469694266955,1,0,0,0,,,1.0,0.09257079310869659,-0.03542853963888426,0.2415469694266955,0.3494087246521856,0.0,0.9480457436015642,,,,6,6,0,0,0,1.0,0.2053149240126912,0,,drop,1170,83,0.12091581100697901,-0.1577811387274507,,
39,88,review_anchor,raw_feature,0.20494733927611364,drop,monitor_first,high,2.2212167940243046,0.020024001090705852,0.013051160514142962,0.0069728405765628896,,,0.19685277140044444,0.15242228004300112,0.09962928637627433,0.1344512079931214,0.0,0.00662442449594741,0.010506376225226094,0,,0,,,0,,,,,-0.006975603601726325,1.0003185400995709,0.0311100448235318,-2.7621060478039676,-1.8089309645767528,-0.5977979866346055,0.0311100448235318,0.6340020432804768,1.492962248434691,2.217183695245802,0.0,154,8,0.12396302098034055,0.6370537632363521,0.37666952054794517,0.11531717713242834,0.0,0.00662442449594741,0.010506376225226094,1.0,high,,,,,,,1.5342697738646869,0.034170808734181296,0.37750303171442806,0.07973754952613797,0.982477738821993,0.2411145167954278,1,1,1,1,C039,1.0,1.0,-0.059189120178220506,-0.047126239235311784,0.2411145167954278,0.15504739760610167,0.0,0.982477738821993,,,,8,8,0,0,0,1.0,0.20494733927611364,0,,drop,1170,83,0.09833079775920706,-0.0280790753546887,C039,1.0
158,0,review_anchor,raw_feature,0.20485385156821487,drop,review,low,-2.13964623390288,0.02619596579413268,0.0209859191972893,0.005210046596843379,,,-0.21688551242390536,0.4152276251324618,0.1877149624137576,0.3047220852846911,0.006529229729026889,0.02531621541567962,0.010379472671926602,0,,0,,,0,,,,,0.007527423893436662,0.9842045702797194,-0.02654051226281555,-2.2319047279157576,-1.4892120808295914,-0.5982876156991017,-0.02654051226281555,0.5857477484932939,1.5897803741856915,2.7919474790263084,0.0,155,8,0.11887300614775989,0.5615327399460149,0.42876712328767125,-0.07100774466411136,0.006529229729026889,0.02531621541567962,0.010379472671926602,1.0,low,,,,,,,1.2482639215306017,0.04470322053537751,0.37348961051549556,0.0694694645494368,0.9718246697803637,0.2410045312567234,1,1,0,0,C116,1.0,1.0,-0.3215931475295564,0.792978363734119,0.2410045312567234,0.42237895058903047,0.0,0.9718246697803637,,,,8,8,0,0,0,1.0,0.20485385156821487,0,,drop,1170,83,-0.11906898517712831,-0.348133659792372,C116,1.0
159,525,review_anchor,raw_feature,0.20430697007237875,drop,false_positive_risk,low,-1.1720496078496263,0.04560704635319964,0.05067581860096276,-0.005068772247763125,,,-0.07198845480445205,0.20165198188309388,0.1286273298321491,0.12410321940213588,0.0,0.0055298425326337705,0.010425360050051083,0,,0,,,0,,,,,0.003904458864029039,1.014597007048068,-0.09708507477132605,-1.1693186690543256,-0.9315686582634269,-0.47519957054871087,-0.09708507477132605,0.31206464809662715,1.1759955246100426,2.0824254976503243,0.0,156,6,0.1293053667065805,0.7124182232574728,0.40625,-0.1071871468683689,0.0,0.0055298425326337705,0.010425360050051083,1.0,low,,,,,,,0.899976509749626,0.07782808494699249,0.3500874262979758,0.05503663342870618,0.9319635270769109,0.24036114126162206,1,0,0,0,,,1.0,-0.08117394378833645,0.08368491835600222,0.24036114126162206,0.20512496601065056,0.0,0.9319635270769109,,,,6,6,0,0,0,1.0,0.20430697007237875,0,,drop,1170,83,-0.05587306178230297,-0.1782590185596625,,
160,NA_85,review_anchor,raw_feature,0.2042936180094207,drop,false_positive_risk,flat,,0.041363978469141326,0.044035402078606775,-0.0026714236094654495,,,0.0008274317202962145,0.05994815571191823,0.03088250437648028,0.030882504376480283,,,,0,,0,,,0,,,,,0.8606837606837607,0.3464243023451245,1.0,0.0,0.0,1.0,1.0,1.0,1.0,1.0,0.0,157,1,0.041363978469141326,0.8571428571428571,0.9125,-0.07280280129856542,,,,1.0,flat,,,,,,,0.9393346379647735,0.07058732120274756,0.35554556261842474,0.05679476100868649,0.940878834838959,0.24034543295225966,1,0,0,0,,,0.0,0.0,0.0,0.24034543295225966,0.060980622595305914,0.0,0.940878834838959,,,,1,1,0,0,0,1.0,0.2042936180094207,0,,drop,1170,83,0.891566265060241,1.0,,
161,81,review_anchor,raw_feature,0.2039892143736003,drop,review,low,-0.29270826595257937,0.023784362213371855,0.018528658282074208,0.005255703931297649,,,0.005896492714978663,0.14972463349923198,0.0875604984038719,0.17228689430035052,0.004078249336870027,0.015536066535862541,0.010379472671926602,0,,0,,,0,,,,,-0.0005950941757300119,0.9835072402234221,0.09131242294898495,-2.9557915771417727,-2.076567549247409,-0.3414050951139564,0.09131242294898495,0.5295830584036054,1.4070888103488493,2.2813357630802478,0.0,158,8,0.05697513929078316,0.5688746713558757,0.3616438356164383,0.01825381879003298,0.004078249336870027,0.015536066535862541,0.010379472671926602,1.0,low,,,,,,,1.2836526990398622,0.040587836985029324,0.3735935603338485,0.0708086678883558,0.9751237455592762,0.23998731102776505,1,1,0,0,C117,1.0,1.0,-0.02981143344257265,0.12679691486582212,0.23998731102776505,0.15230329040501203,0.0,0.9751237455592762,,,,8,8,0,0,0,1.0,0.2039892143736003,0,,drop,1170,83,-0.005745206757299043,0.0615009895064123,C117,1.0
162,165,review_anchor,raw_feature,0.20363748232550605,drop,review,low,-0.2801359549353581,0.020894336574878006,0.01510329192882513,0.0057910446460528765,,,0.7703423570314085,0.2894612362542196,0.0775821233652559,0.4256102264054217,0.029622551361681793,0.028242130991048962,0.010397940229720213,0,,0,,,0,,,,,-0.02643820119427878,0.8917282269751923,-0.1572813667047511,-0.5260534477818719,-0.45296043608977493,-0.29984789289435965,-0.1572813667047511,0.0223915156163993,0.3313507545642903,7.0763228359966055,0.0,159,5,0.07613148232935874,0.8779503105590063,0.5242465753424657,0.13213275094353263,0.029622551361681793,0.028242130991048962,0.010397940229720213,1.0,low,,,,,,,1.3834292996085493,0.035656029756168835,0.3748123912340948,0.07447560529459783,0.9797225828662687,0.23957350861824242,1,1,0,0,C118,2.0,1.0,-0.005207909632497204,6.789161194664052,0.23957350861824242,0.294446529578223,0.0,0.9797225828662687,,,,5,3,0,0,2,0.6,0.20363748232550605,0,,drop,1170,83,0.37967735699459393,-0.1624892763372483,C118,2.0
163,490,review_anchor,raw_feature,0.20328774967659005,drop,false_positive_risk,high,2.128151430957641,0.05836997274046688,0.0724062081883658,-0.014036235447898908,,,-0.050822106030027035,0.11541732868091552,0.08138193800844404,0.13390696903641902,0.012409343342406223,0.008856681273445008,0.010425360050051083,0,,0,,,0,,,,,0.0069005912028269655,1.003682456266795,-0.1440496038036413,-1.6868263493003757,-1.3875617939466878,-0.7196879475559375,-0.1440496038036413,0.589564750031792,1.8121046971952603,2.8562834775417247,0.0,160,6,0.14649405254909278,0.5801079841013919,0.4145833333333333,-0.0470133827506067,0.012409343342406223,0.008856681273445008,0.010425360050051083,1.0,high,,,,,,,0.8061459673266766,0.099607923776015,0.32967085617002534,0.05069381848013909,0.9027886838560569,0.2391620584430471,1,0,0,0,,,1.0,-0.07729502516236991,-0.35831429438322404,0.2391620584430471,0.11740512243732004,0.0,0.9027886838560569,,,,6,6,0,0,0,1.0,0.20328774967659005,0,,drop,1170,83,-0.09727339406394801,-0.2213446289660112,,
164,334,review_anchor,raw_feature,0.20294097687978174,drop,false_positive_risk,low,-0.6699857487616372,0.036195989858335297,0.037598459032841626,-0.0014024691745063375,,,0.3065547933818995,0.18216505263046215,0.08517145505097312,0.18578697332598093,0.038302277432712216,0.0036036036036036037,0.010211968446355238,0,,0,,,0,,,,,-0.01268732444243701,0.9263264992097562,-0.22028275389262075,-0.6677345660471463,-0.5848148210068517,-0.4385765738056649,-0.22028275389262075,0.20992358060105204,0.9697243355139812,1.5849938424021452,0.0,161,3,0.04945886494784634,0.5957556935817805,0.6138127853881278,-0.06340711479879764,0.038302277432712216,0.0036036036036036037,0.010211968446355238,1.0,low,,,,,,,0.9626987591890057,0.06176818712657901,0.35843464023517196,0.05782163630346908,0.9495209626492505,0.23875409044680207,1,0,0,0,,,1.0,0.022600456385637846,0.11193873103945318,0.23875409044680207,0.18530241994256672,0.0,0.9495209626492505,,,,3,3,0,0,0,1.0,0.20294097687978174,0,,drop,1170,83,0.16534734380358193,-0.1976822975069829,,
165,31,review_anchor,raw_feature,0.20289598709980228,drop,false_positive_risk,high,1.5963465240206844,0.040011107919915995,0.043560319011659375,-0.003549211091743383,,,-0.16679434121182407,0.2417923782207697,0.11847389558232932,0.23174365902970664,0.0,0.0017499297687049349,0.010379472671926602,0,,0,,,0,,,,,0.013276080265425145,1.010162433619825,-0.45355803578927,-0.8713176977872314,-0.7522887589021554,-0.5801420046418818,-0.45355803578927,-0.24756251426065348,1.874126227915408,1.9419763517272994,0.0,162,8,0.10594069898796044,0.7471087176124822,0.6499143835616438,-0.06123717495812853,0.0,0.0017499297687049349,0.010379472671926602,1.0,high,,,,,,,0.9185219215039863,0.06827865768588715,0.35354706992440477,0.055869549658998235,0.941516673104091,0.23870116129388505,1,0,0,0,,,1.0,0.009676393061868294,-0.08545929833967159,0.23870116129388505,0.24595668686719674,0.0,0.941516673104091,,,,8,8,0,0,0,1.0,0.20289598709980228,0,,drop,1170,83,-0.18178969310012272,-0.4438816427274017,,
166,423,review_anchor,raw_feature,0.20273955622227327,drop,false_positive_risk,high,2.2322472799607684,0.05582145702359468,0.06897371913095013,-0.01315226210735544,,,0.1900352586827553,0.2778981248411389,0.13495005663680362,0.2396271714368368,0.0026041666666666665,0.014002445249101854,0.010379472671926602,0,,0,,,0,,,,,-0.014787558908503516,0.9950249029252863,-0.2464919927686029,-1.364760370993508,-1.1322477574588705,-0.6657731382364435,-0.2464919927686029,0.4451552767883082,1.7932484402390036,3.5454820809495957,0.0,163,8,0.15163527923700498,0.47346088002244296,0.4163313356164383,-0.10992015602075077,0.0026041666666666665,0.014002445249101854,0.010379472671926602,1.0,high,,,,,,,0.8093148771289945,0.09525890068503468,0.3316834324466887,0.05084413280589079,0.9073970839818167,0.2385171249673803,1,0,0,0,,,1.0,0.10685671635254079,0.5500802694381539,0.2385171249673803,0.282684270594026,0.0,0.9073970839818167,,,,8,8,0,0,0,1.0,0.20273955622227327,0,,drop,1170,83,0.20342186880349952,-0.1396352764160621,,
167,571,review_anchor,raw_feature,0.20266228575399478,drop,review,high,1.9400146485749705,0.024213148337059672,0.02030194299235524,0.003911205344704432,,,-0.13189084979475965,0.36315560540474046,0.1637009576768613,0.29612109280244603,0.0,0.005938938113050304,0.011947700405601074,0,,0,,,0,,,,,0.004846152031593081,0.9756345666866321,0.0280982101774342,-3.6870165959946655,-1.6069449766845672,-0.434745902981411,0.0280982101774342,0.6749164955738104,1.3203349774857684,1.8692942738352456,0.0,164,6,0.05841661034218829,0.6559079039809262,0.39166666666666666,-0.1904428198783833,0.0,0.005938938113050304,0.011947700405601074,1.0,high,,,,,,,1.1926517745704048,0.04131955731175305,0.37053248842672376,0.06732176323676206,0.9727429643404076,0.2384262185341115,1,1,0,0,C119,1.0,1.0,0.34067944542799583,-0.01492517741176047,0.2384262185341115,0.3694101120137312,0.0,0.9727429643404076,,,,6,6,0,0,0,1.0,0.20266228575399478,0,,drop,1170,83,-0.06831322743330434,0.3687776556054301,C119,1.0
168,83,review_anchor,raw_feature,0.20241480118231675,drop,review,low,-2.3810779954382255,0.03026690447562933,0.029217382714197427,0.0010495217614319013,,,-0.08922114073898302,0.30639548838467645,0.1346102358150551,0.1682762839343548,0.0,0.005405405405405406,0.01015228426395939,0,,0,,,0,,,,,0.008039613804159108,0.999047407463216,0.0437862427505653,-2.37694834720396,-1.634591680242075,-0.6638623609266174,0.0437862427505653,0.6903051850652595,1.6465671511915951,2.183000306201214,0.0,165,1,0.03026690447562933,0.6428571428571429,0.5,-0.11941425165462712,0.0,0.005405405405405406,0.01015228426395939,1.0,low,,,,,,,1.035921142276783,0.0516502470773691,0.36401718278699685,0.060962407743263405,0.9607732499879093,0.2381350602144903,1,1,0,0,C120,1.0,1.0,-0.2053180372111499,-0.16056724384546905,0.2381350602144903,0.31167243462630506,0.0,0.9607732499879093,,,,1,1,0,0,0,1.0,0.20241480118231675,0,,drop,1170,83,-0.11332949579357207,-0.1615317944605846,C120,1.0
169,2,review_anchor,raw_feature,0.2023980905096322,drop,review,low,-1.9556770705226436,0.018058388833804742,0.012591134384957434,0.00546725444884731,,,0.03513320350520027,0.22631461060457064,0.12000823808052724,0.19788283564766476,0.005434782608695652,0.004811031000083109,0.01387059884379187,0,,0,,,0,,,,,0.0017345762587748894,0.9959175166637911,0.033459155611486754,-2.5553411916221265,-1.468465012416627,-0.6516557586740609,0.033459155611486754,0.5939389201734335,1.5546049903166628,2.241971777173737,0.0,166,8,0.08674269235394638,0.5174911313802806,0.3699700342465754,-0.008200502439923305,0.005434782608695652,0.004811031000083109,0.01387059884379187,1.0,low,,,,,,,1.434214605427372,0.03081650605651586,0.37407520557517954,0.07628350156989049,0.9830953619042898,0.2381154005995673,1,1,0,0,C121,1.0,1.0,-0.17756682510502186,-0.05398311235703401,0.2381154005995673,0.23021235087532838,0.0,0.9830953619042898,,,,8,8,0,0,0,1.0,0.2023980905096322,0,,drop,1170,83,-0.017925747764162222,-0.1441076694935351,C121,1.0
170,113,review_anchor,raw_feature,0.20230394742790783,drop,review,high,2.2626025555492846,0.029948590846559812,0.028862631029114887,0.0010859598174449252,,,0.03956874428461851,0.1931591823743495,0.07390587992997631,0.1467722976296304,0.0,0.016216216216216217,0.01015228426395939,0,,0,,,0,,,,,0.0020180958976667666,1.0020775111076208,0.0690012827175097,-2.326013988262791,-1.525282747384733,-0.5653735146006642,0.0690012827175097,0.5865175647402258,1.576893481869185,2.297660110137917,0.0,167,1,0.029948590846559812,0.6428571428571429,0.55,-0.026518331778721746,0.0,0.016216216216216217,0.01015228426395939,1.0,high,,,,,,,1.0376251151999787,0.05110704723997665,0.36410014271772784,0.061034144891607314,0.9612495334320228,0.23800464403283275,1,1,0,0,C122,1.0,1.0,0.0834703680681803,-0.258340789171017,0.23800464403283275,0.19648589787802778,0.0,0.9612495334320228,,,,1,1,0,0,0,1.0,0.20230394742790783,0,,drop,1170,83,-0.02844785783437941,0.15247165078569,C122,1.0
171,76,review_anchor,raw_feature,0.2022702665069772,drop,review,low,-2.3843458726409623,0.02230510460743529,0.018072167000827415,0.004232937606607877,,,-0.374723417109507,0.3500229691049493,0.17723200494284833,0.2237358056909595,0.045197606746795384,0.014996995600923794,0.010425360050051083,0,,0,,,0,,,,,0.02073803413014714,0.9890512726503289,0.051231220409151,-2.4080561122120607,-1.5926654149770558,-0.6472002735869011,0.051231220409151,0.6980102244955274,1.5440630374798128,2.1929979715798074,0.0,168,6,0.06343508471266492,0.7369411690405605,0.4479166666666667,-0.16632169232549118,0.045197606746795384,0.014996995600923794,0.010425360050051083,1.0,low,,,,,,,1.2342241307538866,0.03806349489714845,0.3712649887047819,0.06893231284029962,0.975736622816193,0.23796501941997317,1,1,0,0,C123,1.0,1.0,-0.20660995963870357,0.054347402426701885,0.23796501941997317,0.3560512967446275,0.0,0.975736622816193,,,,6,6,0,0,0,1.0,0.2022702665069772,0,,drop,1170,83,-0.19051722372197397,-0.1553787392295526,C123,1.0
172,271,review_anchor,raw_feature,0.20197500234332208,drop,review,high,1.7122242682323177,0.022734323684678082,0.01891112831613054,0.003823195368547543,,,0.23022501213770502,0.18978834174640108,0.10677582123365256,0.17772662967383626,0.0,0.009403363255024413,0.010379472671926602,0,,0,,,0,,,,,-0.010035541921606151,0.9957265728380728,-0.025392424761047548,-1.6051226780029504,-1.378189500068687,-0.9123549503132433,-0.025392424761047548,0.7368638794598883,1.6508974929435665,2.186182459414668,0.0,169,8,0.07176602763789894,0.5539432183418095,0.33321917808219176,0.12145673030632262,0.0,0.009403363255024413,0.010379472671926602,1.0,high,,,,,,,1.2021664336805586,0.03879595405588935,0.3703321127117569,0.0676930479280583,0.9746102479417859,0.23761764981567304,1,1,0,0,C124,1.0,1.0,0.08065037853837964,0.14331444693866158,0.23761764981567304,0.19305700239791246,0.0,0.9746102479417859,,,,8,8,0,0,0,1.0,0.20197500234332208,0,,drop,1170,83,0.1415578806743268,0.0552579537773321,C124,1.0
173,323,review_anchor,raw_feature,0.20145952344200024,drop,false_positive_risk,low,-1.0747948070737154,0.04655095852997059,0.05564047253289659,-0.009089514002926,,,0.04394453587932346,0.2221611852340562,0.10775409329626197,0.09388069239908811,0.0,0.010810810810810811,0.01015228426395939,0,,0,,,0,,,,,0.0006546893711843459,1.027090357775541,0.0158605695872641,-1.076812646241567,-0.8305655431388095,-0.42689745558994574,0.0158605695872641,0.34719085462827454,0.7005569641500065,1.0088652901214896,0.0,170,1,0.04655095852997059,0.5,0.5375,0.1477655412110922,0.0,0.010810810810810811,0.01015228426395939,1.0,low,,,,,,,0.8366384469946412,0.07943886404694349,0.3409332481119512,0.05212938546960455,0.9252980690312839,0.23701120404941206,1,0,0,0,,,1.0,-0.0090410860637258,0.07959983615258814,0.23701120404941206,0.22598739245935567,0.0,0.9252980690312839,,,,1,1,0,0,0,1.0,0.20145952344200024,0,,drop,1170,83,-0.011086557846452927,0.0068194835235383,,
174,344,review_anchor,raw_feature,0.20144238250640076,drop,review,low,-1.5034326881613196,0.027495170538014486,0.02614656056754771,0.0013486099704667766,,,-0.2485969556696271,0.19051897937410311,0.11569354340438678,0.14745097033959018,0.04563259084339537,0.023114716172286193,0.010379472671926602,0,,0,,,0,,,,,0.009372258720087458,1.0001018601699228,0.01029700008356395,-2.081788366034652,-1.7782739419978735,-0.5989873457929286,0.01029700008356395,0.6132324515626771,1.6634691541626045,2.753615398409071,0.0,171,8,0.06499639362706183,0.6189944145978078,0.4163313356164383,-0.23637191057660065,0.04563259084339537,0.023114716172286193,0.010379472671926602,1.0,low,,,,,,,1.0515788670170496,0.046920303755090875,0.3646981284745254,0.0616193497882561,0.9648960824077921,0.23699103824282441,1,1,0,0,C125,1.0,1.0,-0.04089978171060205,-0.3441795475228451,0.23699103824282441,0.19380022355125262,0.0,0.9648960824077921,,,,8,8,0,0,0,1.0,0.20144238250640076,0,,drop,1170,83,-0.1337363361136914,-0.0306027816270381,C125,1.0
175,185,review_anchor,raw_feature,0.20127146869466594,drop,review,low,-0.5649439821910226,0.015527005622599163,0.010437956766726,0.005089048855873163,,,-0.031415185759799,0.09440572153189342,0.04332200597260838,0.056677072313888376,0.0,0.0,0.01015228426395939,0,,0,,,0,,,,,0.0019255414858115277,1.031087161108639,-0.0858471042002312,-0.5493847983181229,-0.4576297083210962,-0.2590768841616644,-0.0858471042002312,0.12927278618823948,0.5510715522325146,0.9870562624394477,0.0,172,1,0.015527005622599163,0.35714285714285715,0.3875,-0.014443121542578936,0.0,0.0,0.01015228426395939,1.0,low,,,,,,,1.4875522067782436,0.026496719458862693,0.37321413028115186,0.07814209114354852,0.9859861807359489,0.23678996317019524,1,1,0,0,C126,1.0,1.0,-0.008818970616218405,-0.016063125050969074,0.23678996317019524,0.09603163945925046,0.0,0.9859861807359489,,,,1,1,0,0,0,1.0,0.20127146869466594,0,,drop,1170,83,-0.02648222626558362,-0.0946660748164496,C126,1.0
176,98,review_anchor,raw_feature,0.2010228797838212,drop,false_positive_risk,low,-2.411803525326875,0.04312030106754614,0.05069528623693905,-0.007574985169392909,,,-0.19790562735988412,0.23173559527140788,0.10821748532591906,0.19937804846035315,0.0,0.0192249365687954,0.010211968446355238,0,,0,,,0,,,,,0.008799111730115442,1.0126714626120976,0.0526956617591707,-2.4567811156047052,-1.3466960567937165,-0.4413921666718743,0.0526956617591707,0.49192994181610844,1.4555896576078258,2.573106038574855,0.0,173,3,0.0660706462606107,0.5626293995859214,0.5376141552511415,-0.022562342218947786,0.0,0.0192249365687954,0.010211968446355238,1.0,low,,,,,,,0.8505781161982392,0.07358447263685666,0.3443814344552376,0.052777736099882705,0.9319373901673444,0.23649750562802493,1,0,0,0,,,1.0,-0.0695816681278316,-0.7082602029285111,0.23649750562802493,0.23572669933421883,0.0,0.9319373901673444,,,,3,3,0,0,0,1.0,0.2010228797838212,0,,drop,1170,83,-0.12995761429863908,-0.0168860063686609,,
177,82,review_anchor,raw_feature,0.20092985925265883,drop,review,low,-2.145697522028832,0.019830170383254114,0.015950593799360847,0.0038795765838932662,,,-0.29264122973873297,0.21292324153262057,0.08427556379363609,0.15124529783465135,0.0,0.010810810810810811,0.01015228426395939,0,,0,,,0,,,,,0.004999166402084268,1.000796127867835,0.0389376765692018,-2.146939607538724,-1.52636608489659,-0.6338586412888246,0.0389376765692018,0.568894160789678,1.5106709962898155,3.0649615995679014,0.0,174,1,0.019830170383254114,0.6428571428571429,0.625,-0.20229158120671922,0.0,0.010810810810810811,0.01015228426395939,1.0,low,,,,,,,1.2432245866638973,0.03384003807545322,0.3704604780042944,0.06927705033398975,0.9785850101074285,0.23638806970901038,1,1,0,0,C127,1.0,1.0,-0.0276019002198165,-0.2848516102685055,0.23638806970901038,0.21659034676672342,0.0,0.9785850101074285,,,,1,1,0,0,0,1.0,0.20092985925265883,0,,drop,1170,83,-0.08739921371403044,0.0113357763493853,C127,1.0
178,434,review_anchor,raw_feature,0.200919253081777,drop,review,high,0.7127858310405548,0.015918617853508007,0.011120640355996384,0.0047979774975116215,,,1.0454343473371308,0.3558261337010687,0.0794459890845433,0.5124730341181161,0.10316133142220098,0.056584171434140816,0.010125803967312393,0,,0,,,0,,,,,-0.033566246398088834,0.82170615550389,-0.1279121729778524,-0.3556889379106712,-0.30294333253322864,-0.20578037525899226,-0.1279121729778524,-0.052070545565838504,0.08812570108152913,5.500449185838987,0.0,175,3,0.024562987420397277,0.9459706959706958,0.4916666666666667,0.2681532627567171,0.10316133142220098,0.056584171434140816,0.010125803967312393,1.0,high,,,,,,,1.4314479511896538,0.027165002814408618,0.3725514368674631,0.07618598756494877,0.9850696216192196,0.2363755918609141,1,1,0,0,C128,1.0,1.0,0.019095328277714402,5.23657723797977,0.2363755918609141,0.3619544072889281,0.0,0.9850696216192196,,,,3,2,1,0,0,0.6666666666666666,0.200919253081777,0,,drop,1170,83,0.47875205354074063,-0.108816844700138,C128,1.0
179,408,review_anchor,raw_feature,0.20041341737803592,drop,review,low,-0.932334644843878,0.01706982703122079,0.012857034996283332,0.004212792034937457,,,-0.24826670477269358,0.2534455224575619,0.11536402018329729,0.12905585155741933,0.03571428571428571,0.021621621621621623,0.01116751269035533,0,,0,,,0,,,,,0.0035809757312883148,0.9894408043986944,-0.14159295785801063,-0.932334644843878,-0.7645201467906066,-0.4494253340460163,-0.14159295785801063,0.1717835529039104,0.8874705687572799,4.324910711104534,0.0,176,1,0.01706982703122079,0.6428571428571429,0.525,-0.25580153210617185,0.03571428571428571,0.021621621621621623,0.01116751269035533,1.0,low,,,,,,,1.327664351551915,0.029129532702639408,0.37121912250298134,0.0724455218217186,0.9827383683668955,0.23578049103298343,1,1,0,0,C129,1.0,1.0,-0.08595307265793486,-0.3588080354484482,0.23578049103298343,0.2578105292800871,0.0,0.9827383683668955,,,,1,1,0,0,0,1.0,0.20041341737803592,0,,drop,1170,83,-0.056786868644274825,-0.2275460305159455,C129,1.0
180,90,review_anchor,raw_feature,0.20011566179389526,drop,false_positive_risk,low,-2.1989207865495284,0.03786808088071696,0.043459297454466764,-0.005591216573749799,,,-0.27453611701621067,0.25172999991194867,0.1337246421583771,0.19592084917848726,0.009133396395693556,0.022417637160339295,0.010379472671926602,0,,0,,,0,,,,,0.0112867208360612,0.9959177149381621,0.00195802103176035,-2.2898252870023583,-1.5393064201945732,-0.6311815408708533,0.00195802103176035,0.618804972329462,1.5923090893917295,2.5116035236504235,0.0,177,8,0.12662901036602547,0.6215890812270012,0.4810573630136986,-0.14528710989907842,0.009133396395693556,0.022417637160339295,0.010379472671926602,1.0,low,,,,,,,0.871345905220676,0.06462159800351237,0.34889795710458166,0.05373466861977041,0.941652302890256,0.23543019034575913,1,0,0,0,,,1.0,-0.11716742140988465,-0.3805417680028742,0.23543019034575913,0.25606546086779924,0.0,0.941652302890256,,,,8,8,0,0,0,1.0,0.20011566179389526,0,,drop,1170,83,-0.15490007986264026,-0.1152094003781243,,
181,393,review_anchor,raw_feature,0.19885217613834585,drop,false_positive_risk,low,-1.952368263298603,0.0830476995877377,0.118747227173817,-0.035699527586079305,,,0.1252955292830735,0.23818278307914661,0.09945422716507053,0.15081711640495052,0.0,0.0,0.01015228426395939,0,,0,,,0,,,,,-0.0013942278862513252,1.0098897213366091,-0.0183196231930458,-1.902520853776529,-1.5890657406756268,-0.7882680064762424,-0.0183196231930458,0.7014985648513447,1.6592423718368363,1.971463510901091,0.0,178,1,0.0830476995877377,0.42857142857142855,0.5,0.020476225931857266,0.0,0.0,0.01015228426395939,1.0,low,,,,,,,0.6993653794220904,0.14172028085553295,0.2803492015091242,0.04546830042947941,0.8405720375250174,0.23394373663334808,1,0,0,0,,,1.0,0.012853896215078502,-0.1322665920531576,0.23394373663334808,0.24228492488487763,0.0,0.8405720375250174,,,,1,1,0,0,0,1.0,0.19885217613834585,0,,drop,1170,83,0.019653573818245874,-0.0054657269779673,,
182,298,review_anchor,raw_feature,0.19881831375442138,drop,review,high,1.2943553833494235,0.012789944060097919,0.008927486238310805,0.003862457821787114,,,0.7384244546090541,0.41201203981608786,0.14258057872515703,0.42314010727453666,0.07584806497849976,0.05544448306236426,0.010502026691164915,0,,0,,,0,,,,,-0.027431669765232463,0.9113605452731907,-0.1747092684942156,-0.8039088409340585,-0.6357992298963231,-0.36130800970702404,-0.1747092684942156,0.0870981156910754,0.5628232724824227,6.316780430387757,0.0,179,3,0.015183342901345593,0.8333333333333334,0.3041666666666667,0.1583052426498114,0.07584806497849976,0.05544448306236426,0.010502026691164915,1.0,high,,,,,,,1.4326478606275557,0.021825944286496153,0.37042150305683785,0.07622829341284268,0.9880141122039507,0.2339038985346134,1,1,0,0,C118,2.0,1.0,0.08618503951441263,5.719678278038096,0.2339038985346134,0.41910798433040003,0.0,0.9880141122039507,,,,3,3,0,0,0,1.0,0.19881831375442138,0,,drop,1170,83,0.39480107850363866,-0.088524228979803,C118,2.0
183,11,review_anchor,raw_feature,0.19877031045464738,drop,review,low,-1.493509533639842,0.024092443929692186,0.023870361215633195,0.00022208271405899094,,,-0.13872507883660187,0.3586478505455752,0.16174441355164246,0.18099958556652243,0.07142857142857142,0.05405405405405406,0.01015228426395939,0,,0,,,0,,,,,0.00906150754163715,1.0150614368196094,0.1370898591695656,-1.60980394427611,-1.256584835539328,-0.4668358418709517,0.1370898591695656,0.5474496303894151,1.0662063223088336,1.2520296149366923,0.0,180,1,0.024092443929692186,0.4642857142857143,0.4375,-0.032279917050117735,0.07142857142857142,0.05405405405405406,0.01015228426395939,1.0,low,,,,,,,1.0093037014418342,0.04111357613951662,0.36213332032107254,0.05983395352079219,0.9679520680800422,0.23384742406429104,1,1,0,0,C130,1.0,1.0,-0.2477643901704697,-0.021679384139916547,0.23384742406429104,0.3648247216117332,0.0,0.9679520680800422,,,,1,1,0,0,0,1.0,0.19877031045464738,0,,drop,1170,83,-0.1181373138373627,-0.1106745310009041,C130,1.0
184,131,review_anchor,raw_feature,0.19848850577949792,drop,false_positive_risk,high,2.046906562604529,0.03492539044847076,0.04072882935939954,-0.005803438910928777,,,0.07563029386730499,0.13668533844842054,0.08745752239728144,0.14870871330092367,0.025745425270019592,0.02656861060060077,0.016110730859213447,0,,0,,,0,,,,,-0.006572168978663907,1.0013326591157363,-0.0476274015494089,-1.5725091227223775,-1.3786313038875049,-0.6575800900186157,-0.0476274015494089,0.5187572377433844,1.3901182212707328,2.2614792047981296,0.0,181,8,0.09557677582240974,0.5015560322079856,0.3501712328767123,0.10292044932081308,0.025745425270019592,0.02656861060060077,0.016110730859213447,1.0,high,,,,,,,0.8575102942508354,0.05959991869633023,0.34841478230552964,0.05309834397158641,0.9453181818784224,0.2335158891523505,1,0,0,0,,,1.0,0.0871360983527299,0.0,0.2335158891523505,0.13903942396976335,0.0,0.9453181818784224,,,,8,8,0,0,0,1.0,0.19848850577949792,0,,drop,1170,83,0.09777440112352001,0.039508696803321,,
185,128,review_anchor,raw_feature,0.19821690411737364,drop,false_positive_risk,high,2.515489249288759,0.034986448120342496,0.0411413109857431,-0.006154862865400602,,,0.2797050232276247,0.37160403075845566,0.16287714962413757,0.2020095006761738,0.0,0.005405405405405406,0.012182741116751269,0,,0,,,0,,,,,-0.013164054281732515,1.0163791709907037,0.011873953302149,-1.5334740660057755,-1.1130485019293548,-0.4388525523293294,0.011873953302149,0.439874752767332,1.2996639693920848,2.515489249288759,0.0,182,1,0.034986448120342496,0.32142857142857145,0.425,0.23772261882694617,0.0,0.005405405405405406,0.012182741116751269,1.0,high,,,,,,,0.8503970165770003,0.05970411315865733,0.3476146818031928,0.052769344294144975,0.9447643912189566,0.23319635778514547,1,0,0,0,,,1.0,0.2045313554966363,-0.10984091313708433,0.23319635778514547,0.3780040417502068,0.0,0.9447643912189566,,,,1,1,0,0,0,1.0,0.19821690411737364,0,,drop,1170,83,0.1521983437867886,0.2164053087987853,,
186,324,review_anchor,raw_feature,0.19751912606640948,drop,false_positive_risk,high,2.491895648688938,0.06768040203986812,0.0951365583624068,-0.027456156322538672,,,0.1372249366878024,0.32087809041358684,0.13761713520749666,0.18620668562368342,0.03571428571428571,0.016216216216216217,0.01015228426395939,0,,0,,,0,,,,,-0.0077260718735882375,1.0006522373146525,-0.14684154585110065,-1.4531002100539236,-1.2936171752630559,-0.8858578452300564,-0.14684154585110065,0.7044843201831936,1.7500118327129697,2.500340542069458,0.0,183,1,0.06768040203986812,0.32142857142857145,0.4875,-0.0036994794602881837,0.03571428571428571,0.016216216216216217,0.01015228426395939,1.0,high,,,,,,,0.7114026742700841,0.1154961020367835,0.2991172035334046,0.04607354731243018,0.8722713109384915,0.23237544243106997,1,0,0,0,,,1.0,0.32145557080814424,0.029487448998627652,0.23237544243106997,0.32640446562934416,0.0,0.8722713109384915,,,,1,1,0,0,0,1.0,0.19751912606640948,0,,drop,1170,83,0.1127408464612705,0.1746140249570436,,
187,41,review_anchor,raw_feature,0.1972665314748383,drop,false_positive_risk,high,1.3010103229226573,0.03427030891743783,0.041119480541188184,-0.006849171623750347,,,0.1653573865505732,0.37945859784153874,0.20296570898980537,0.18614574186828645,0.0,0.015545561123909056,0.011107192516480268,0,,0,,,0,,,,,-0.003035744775612548,1.0184870391365828,-0.1220194308928946,-1.2725038101721071,-0.5872520658848444,-0.2902853888078714,-0.1220194308928946,0.06341420245800233,0.8948526823446417,1.3064221199474908,0.0,184,6,0.17234161908453244,0.6681837390128464,0.47500000000000003,-0.005014605316442933,0.0,0.015545561123909056,0.011107192516480268,1.0,high,,,,,,,0.8334324380170675,0.058482026942288594,0.346033922212779,0.05197957421583162,0.9447937003942372,0.2320782723233392,1,0,0,0,,,1.0,0.057301380262938205,0.05320842452987096,0.2320782723233392,0.3859938853951844,0.0,0.9447937003942372,,,,6,6,0,0,0,1.0,0.1972665314748383,0,,drop,1170,83,0.04221000695708845,-0.0647180506299564,,
188,338,review_anchor,raw_feature,0.19719912153012634,drop,false_positive_risk,high,0.541659411190774,0.038626977610107784,0.04813821455939372,-0.009511236949285934,,,0.07320561628007487,0.22978433660655323,0.1506847904438266,0.09549208413770724,0.010993515443312604,0.028461658585361652,0.010379472671926602,0,,0,,,0,,,,,-0.0025165544522817627,1.016332541458076,-0.09254195731938811,-0.32017581965018665,-0.2770633505464314,-0.191612804924676,-0.09254195731938811,0.047512336781304176,0.31511701510541923,0.5940215230963964,0.0,185,8,0.09069022331263742,0.6795711904538465,0.5280179794520548,-0.07994149640466905,0.010993515443312604,0.028461658585361652,0.010379472671926602,1.0,high,,,,,,,0.8024181611980891,0.06591664962039656,0.33997309517719554,0.05051665545342229,0.9353704701402925,0.231998966506031,1,0,0,0,,,1.0,0.02016348964554031,-0.04808045376251491,0.231998966506031,0.23374183479895064,0.0,0.9353704701402925,,,,8,8,0,0,0,1.0,0.19719912153012634,0,,drop,1170,83,0.029856892193423124,-0.0723784676738478,,
189,24,review_anchor,raw_feature,0.1971609691131431,drop,false_positive_risk,high,3.238142935790947,0.033661221036484223,0.040279522629452905,-0.006618301592968685,,,-0.05670091338499833,0.1480441362142963,0.08467717021933889,0.17942377666943374,0.0,0.0013555013518279065,0.010379472671926602,0,,0,,,0,,,,,0.00517181701288778,1.0163095081232854,0.07888737456403874,-2.665477987303128,-1.8370055072146658,-0.4193787842622032,0.07888737456403874,0.5843824404584765,1.5851675537311953,3.191368138304955,0.0,186,8,0.0739493388792127,0.5656268018153712,0.4542808219178082,0.042237771762996035,0.0,0.0013555013518279065,0.010379472671926602,1.0,high,,,,,,,0.8356906646125619,0.05744262300957337,0.34655955293673046,0.05208512448281535,0.9459214132816858,0.23195408130958012,1,0,0,0,,,1.0,0.04853090827069326,-0.8422775866516706,0.23195408130958012,0.15059385048166296,0.0,0.9459214132816858,,,,8,8,0,0,0,1.0,0.1971609691131431,0,,drop,1170,83,-0.06944160630834835,0.127418282834732,,
40,252,review_anchor,raw_feature,0.19714903742814865,drop,monitor_first,high,0.00523541148021603,0.0010944013419530566,0.0004100665818171819,0.0006843347601358748,,,0.004610076280359414,0.13706635254092317,0.12029657089898053,0.03297933589619326,0.010993515443312604,0.011464006333375434,0.010379472671926602,0,,0,,,0,,,,,0.0019579772417181907,1.0352711550457883,-0.0304561448770907,-0.05529909136366888,-0.04966839993577887,-0.040214732968967,-0.0304561448770907,-0.017228184102835352,-0.003928146007701982,0.005424209577324045,0.0,187,8,0.004115183959500051,0.6050407382564374,0.4605308219178082,0.004728488004306756,0.010993515443312604,0.011464006333375434,0.010379472671926602,1.0,high,,,,,,,2.668838160630628,0.0018675877395785238,0.36318574742390963,0.11146169768189727,0.9994494517373235,0.23194004403311608,1,1,1,1,C040,1.0,1.0,0.0016625742675049002,-0.0021536314246921586,0.23194004403311608,0.13942700013957998,0.0,0.9994494517373235,,,,8,8,0,0,0,1.0,0.19714903742814865,0,,drop,1170,83,-0.027600402082051112,-0.0287935706095858,C040,1.0
190,567,review_anchor,raw_feature,0.19678664440007632,drop,review,high,3.0590225704688936,0.013497519481896253,0.011088721793884017,0.0024087976880122364,,,0.13462516648425737,0.2606018402005483,0.11139944392956441,0.15530854017210996,0.03571428571428571,0.010810810810810811,0.01015228426395939,0,,0,,,0,,,,,-0.016674757714197956,0.9018644775369579,-0.2450270427408844,-1.2337585635779809,-0.8218980531444141,-0.6661459767982116,-0.2450270427408844,0.30227274839612,1.7325288928158211,3.0794592246216728,0.0,188,1,0.013497519481896253,0.4642857142857143,0.4125,0.04949988103433498,0.03571428571428571,0.010810810810810811,0.01015228426395939,1.0,high,,,,,,,1.2172295177737085,0.023033416474185005,0.36711189883532613,0.0682775778068155,0.9851124749257247,0.23151369929420743,1,1,0,0,C131,1.0,1.0,0.17649837677402702,0.49187310790445515,0.23151369929420743,0.2650900978718925,0.0,0.9851124749257247,,,,1,1,0,0,0,1.0,0.19678664440007632,0,,drop,1170,83,0.11118937201024116,-0.0685286659668574,C131,1.0
191,406,review_anchor,raw_feature,0.19672317646098827,drop,false_positive_risk,low,-0.20166756218174933,0.043081850321848386,0.055895283036920394,-0.012813432715072008,,,0.10381512203321781,0.12085248599233167,0.07572855524662754,0.10431756583278624,0.023809523809523808,0.02481420356971785,0.012095668511549654,0,,0,,,0,,,,,-0.003800677386013018,0.9920659454042299,-0.2909975102349976,-1.4697321733763395,-1.2560063290543042,-0.7625825165765332,-0.2909975102349976,0.6552923318961074,2.076672606714853,2.334461660207431,0.0,189,3,0.061011916321578256,0.6221532091097308,0.5284817351598173,0.09225792875516588,0.023809523809523808,0.02481420356971785,0.012095668511549654,1.0,low,,,,,,,0.7707600352142706,0.07351885672568222,0.3324548584224162,0.04899717212832204,0.924955964879123,0.23143903113057446,1,0,0,0,,,1.0,0.029235255726517584,0.22871855280432607,0.23143903113057446,0.12293388763147084,0.0,0.924955964879123,,,,3,3,0,0,0,1.0,0.19672317646098827,0,,drop,1170,83,0.043999614381857156,-0.26176225450848,,
192,424,review_anchor,raw_feature,0.1967021322844293,drop,false_positive_risk,high,3.351608576902688,0.03930466750430744,0.04982710374823362,-0.010522436243926181,,,-0.04672471364282412,0.1744580019501917,0.07450314076820101,0.109322813723378,0.0,0.005405405405405406,0.01015228426395939,0,,0,,,0,,,,,0.005938445506963474,1.0329034625986409,-0.10533247226030515,-0.3693856316380666,-0.3299259252349963,-0.21308366768918144,-0.10533247226030515,0.017880273990701502,0.2168786022864501,2.6693052535602932,0.0,190,1,0.03930466750430744,0.6071428571428571,0.6875,0.08476148740016483,0.0,0.005405405405405406,0.01015228426395939,1.0,high,,,,,,,0.7888210340883157,0.06707312237780828,0.33767085865259583,0.04986733520394757,0.9331029968810757,0.23141427327579916,1,0,0,0,,,1.0,0.011429406206373754,0.014967650580163167,0.23141427327579916,0.1774626333256945,0.0,0.9331029968810757,,,,1,1,0,0,0,1.0,0.1967021322844293,0,,drop,1170,83,-0.08867791085315697,-0.0939030660539314,,
193,288,review_anchor,raw_feature,0.19648029258559685,drop,review,high,1.681829753645572,0.013827618901281022,0.011722199248690938,0.002105419652590082,,,0.34771975426748614,0.34208896198687166,0.17305117907527545,0.22404616047934733,0.027855179059540113,0.022046133560334077,0.01096548283772992,0,,0,,,0,,,,,-0.011266685802115352,0.9991229245842584,-0.1230693346215914,-1.0272656215822575,-0.9265710350798195,-0.6162673093274093,-0.1230693346215914,0.3701286400842262,1.2743249270448511,1.7264230705252253,0.0,191,6,0.03020754890714695,0.5247188302081811,0.28750000000000003,-0.005597068814410559,0.027855179059540113,0.022046133560334077,0.01096548283772992,1.0,high,,,,,,,1.1796096114664834,0.02359672867497672,0.36642118633422743,0.06681020056802965,0.9842619791095498,0.23115328539481983,1,1,0,0,C132,1.0,1.0,0.24659898735290872,0.1109695443088452,0.23115328539481983,0.34798064489570374,0.0,0.9842619791095498,,,,6,6,0,0,0,1.0,0.19648029258559685,0,,drop,1170,83,0.14927894458342794,0.1235296527313173,C132,1.0
194,101,review_anchor,raw_feature,0.19641637294436157,drop,false_positive_risk,low,-2.161995444629668,0.054310695388642985,0.07458831795089207,-0.02027762256224909,,,-0.2241910489367243,0.27832929510192783,0.09625167336010709,0.23733946056306807,0.0,0.043243243243243246,0.015228426395939087,0,,0,,,0,,,,,0.010395874732902762,1.0168908291569376,0.0416719148099151,-2.6027289165175844,-1.2805285008538343,-0.3990615570780014,0.0416719148099151,0.4824053866978318,1.3638723304736649,2.6860727461374143,0.0,192,1,0.054310695388642985,0.7857142857142857,0.6875,-0.017121756348367295,0.0,0.043243243243243246,0.015228426395939087,1.0,low,,,,,,,0.7281394309548634,0.09268079720626317,0.315460848850019,0.046908050781660965,0.8998590212305279,0.23107808581689596,1,0,0,0,,,1.0,0.0,-0.8814669437758331,0.23107808581689596,0.28312286675491277,0.0,0.8998590212305279,,,,1,1,0,0,0,1.0,0.19641637294436157,0,,drop,1170,83,-0.1494895910691812,0.0416719148099151,,
195,277,review_anchor,raw_feature,0.19635247040580095,drop,false_positive_risk,high,2.298329794768617,0.03550815240788716,0.04416408879425401,-0.008655936386366844,,,-0.0034170642428794943,0.15874076270213391,0.06998249407887962,0.09387636995652489,0.0,0.010810810810810811,0.013197969543147208,0,,0,,,0,,,,,0.01179554904812522,1.0368459166057824,-0.1266038533325083,-1.5313080228610867,-0.9400917485958924,-0.5117130280651773,-0.1266038533325083,0.34688349640679556,1.3959681936907564,2.298329794768617,0.0,193,1,0.03550815240788716,0.6785714285714286,0.7125,-0.0535188274458563,0.0,0.010810810810810811,0.013197969543147208,1.0,high,,,,,,,0.8040050950288591,0.06059439764000235,0.34192039103262195,0.05059211882384979,0.9407060622920834,0.23100290635976584,1,0,0,0,,,1.0,0.008684560549784684,0.007034494045326634,0.23100290635976584,0.1614747013627535,0.0,0.9407060622920834,,,,1,1,0,0,0,1.0,0.19635247040580095,0,,drop,1170,83,-0.0192033517240554,-0.1179192927827236,,
196,523,review_anchor,raw_feature,0.19598988440222975,drop,review,low,-0.10071248365788826,0.014922708174524185,0.013517040084563291,0.0014056680899608934,,,-0.024598043926524923,0.2104404619831475,0.11082277829265781,0.06181174659842957,0.0,0.005405405405405406,0.01015228426395939,0,,0,,,0,,,,,0.003745349003229981,1.0345645936664372,-0.08714411519881379,-0.10057090709268142,-0.0977948790055319,-0.0929004058668721,-0.08714411519881379,-0.07955036451524525,0.18826566601679656,0.7164553093873831,0.0,194,1,0.014922708174524185,0.8928571428571429,0.8625,-0.06417273698531877,0.0,0.005405405405405406,0.01015228426395939,1.0,low,,,,,,,1.1039923001757013,0.025465490364178497,0.3648280349009051,0.06378251136894221,0.9818522570112714,0.23057633459085852,1,1,0,0,C133,1.0,1.0,-0.0010732067347227064,-0.11980130896405428,0.23057633459085852,0.21406480714176276,0.0,0.9818522570112714,,,,1,1,0,0,0,1.0,0.19598988440222975,0,,drop,1170,83,-0.05279588353950631,-0.0882173219335365,C133,1.0
197,310,review_anchor,raw_feature,0.19519285915565707,drop,false_positive_risk,high,1.9460915555458693,0.020213471578411545,0.02170673354831082,-0.0014932619698992745,,,0.18158329166895226,0.23737712059055568,0.12440531356194007,0.20260667495895146,0.0,0.013129428569958763,0.012629536972724014,0,,0,,,0,,,,,-0.011074368011557197,1.0080712166781127,-0.0627807073583575,-2.195210291818362,-1.5869210834307328,-0.639174601448508,-0.0627807073583575,0.6127164847275306,1.684626868796368,2.520739750737417,0.0,195,8,0.05814927861245987,0.5854587609031618,0.4515196917808219,0.09296959995648077,0.0,0.013129428569958763,0.012629536972724014,1.0,high,,,,,,,0.9312074307921158,0.03449413871038512,0.3582279287680734,0.056434660095088636,0.9708569169659096,0.22963865783018478,1,0,0,0,,,1.0,0.1275812571899146,-0.09067382207426045,0.22963865783018478,0.24146538674275272,0.0,0.9708569169659096,,,,8,8,0,0,0,1.0,0.19519285915565707,0,,drop,1170,83,0.15420075522474838,0.0648005498315571,,
198,589,review_anchor,raw_feature,0.19502354830553867,drop,false_positive_risk,high,4.075687609638256,0.05281912180349533,0.0739336246940341,-0.02111450289053878,,,0.10317143587770873,0.09560272756139443,0.060611677479147356,0.10885258621023558,0.0,0.01099467240632785,0.01692584530569559,0,,0,,,0,,,,,0.003868708448637007,1.0145381685064443,-0.2967792518266857,-1.0811525882152582,-0.8398418380711021,-0.5840280554595162,-0.2967792518266857,0.167042585209951,2.053935786242213,4.075687609638256,0.0,196,3,0.0930636010881879,0.5429606625258799,0.7428082191780822,0.25032008222224267,0.0,0.01099467240632785,0.01692584530569559,1.0,high,,,,,,,0.714412718463098,0.09013543799158082,0.31355549105485464,0.046224229901491,0.9007380010136448,0.2294394685947514,1,0,0,0,,,1.0,0.048948958301533174,-0.6154706591383479,0.2294394685947514,0.09724926112020833,0.0,0.9007380010136448,,,,3,3,0,0,0,1.0,0.19502354830553867,0,,drop,1170,83,-0.05031747240095847,-0.2478302935251525,,
199,486,review_anchor,raw_feature,0.19498812274262275,drop,false_positive_risk,high,1.0253263413974234,0.1190745104671847,0.18385921352823387,-0.06478470306104914,2.0,7.0,0.09698088864532727,0.33569116230009327,0.17918854906806714,0.1889039633309857,0.07284724234521395,0.07935343413439937,0.1389426390146394,0,,0,,,0,,,,,-0.01348965394572058,0.9985312232598831,-0.17390700468231565,-1.0674901188596386,-1.0674901188596386,-1.0674901188596386,-0.17390700468231565,0.6589098610822078,1.9259313744780318,2.2847904829381003,0.0,197,8,0.2405773514328952,0.566378758813332,0.5952054794520548,-0.08201942269753512,0.07284724234521395,0.07935343413439937,0.1389426390146394,1.0,high,5.0,9.0,0.01599645456498612,0.019690796096020195,supervised,RFERF,0.6476396161071326,0.2031997653145857,0.21412985814349164,0.0428177310719538,0.7531538167863658,0.22939779146190914,1,0,0,0,,,1.0,0.19062115715840666,-0.036658141757267115,0.22939779146190914,0.3414726580609689,0.1111111111111111,0.7531538167863658,,,,8,8,0,0,0,1.0,0.19498812274262275,0,,drop,1170,83,0.1653576477238005,0.016714152476091,,
200,339,review_anchor,raw_feature,0.19494521831922837,drop,review,high,0.41648064005592644,0.014692569081046053,0.014048336560142963,0.0006442325209030896,,,0.3470904773248728,0.3045182980504857,0.12229430542683555,0.2040098282630956,0.10714285714285714,0.021621621621621623,0.01015228426395939,0,,0,,,0,,,,,-0.007094094364986445,0.991840942203797,0.01014728052373505,-0.721816305844811,-0.5820810636290178,-0.2427828148448573,0.01014728052373505,0.1424449962596352,0.31821711934022096,0.43057358694615067,0.0,198,1,0.014692569081046053,0.35714285714285715,0.35,0.18151354845501727,0.10714285714285714,0.021621621621621623,0.01015228426395939,1.0,high,,,,,,,1.045858277821366,0.025072759715100118,0.36309444510559385,0.06137991745924839,0.9811389476011256,0.22934731566968045,1,1,0,0,C134,1.0,1.0,0.01182911235992155,0.10115789383435692,0.22934731566968045,0.30976291407559886,0.0,0.9811389476011256,,,,1,1,0,0,0,1.0,0.19494521831922837,0,,drop,1170,83,0.09760460883033815,0.0219763928836566,C134,1.0
201,126,review_anchor,raw_feature,0.19448217341099214,drop,review,high,3.1768552192130683,0.01488579854351037,0.014696652440320108,0.00018914610319026396,,,0.05139663958948375,0.27174220587051756,0.14455771805169396,0.1942599995835537,0.0,0.004127152152849499,0.013495237312743923,0,,0,,,0,,,,,-0.010314295386232483,1.0065932163348061,-0.0639999994404245,-1.446503796642459,-1.289846142568574,-0.7297950292544348,-0.0639999994404245,0.4490538176515491,1.663150636724155,4.450442782420212,0.0,199,8,0.05954925441211363,0.5682454910230729,0.40398116438356163,0.026835205825067775,0.0,0.004127152152849499,0.013495237312743923,1.0,high,,,,,,,1.0128700126752228,0.025402504353734878,0.3620583322658589,0.059986012677757335,0.9802685299730531,0.2288025569541084,1,1,0,0,C135,1.0,1.0,0.1057439164998727,-0.115143375744305,0.2288025569541084,0.2764223303055091,0.0,0.9802685299730531,,,,8,8,0,0,0,1.0,0.19448217341099214,0,,drop,1170,83,0.12370606920593522,0.0417439170594482,C135,1.0
202,473,review_anchor,raw_feature,0.1944739839240368,drop,false_positive_risk,low,-1.1585058048530723,0.0674633060154685,0.0988036320847793,-0.031340326069310795,,,0.007283868042553232,0.1695203933199141,0.07067243332303573,0.11216253111851544,0.03571428571428571,0.016216216216216217,0.01015228426395939,0,,0,,,0,,,,,0.00014234403037750444,0.9966537066688413,-0.2235937858072537,-1.1613523707021225,-0.9975730189388573,-0.6360002001197205,-0.2235937858072537,0.3767262266583471,1.6790948550655702,3.276409440069248,0.0,200,1,0.0674633060154685,0.25,0.4375,-0.11992634075810382,0.03571428571428571,0.016216216216216217,0.01015228426395939,1.0,low,,,,,,,0.6828018828050879,0.1151256292879504,0.29027396411842316,0.044628425804116204,0.8673479615204236,0.22879292226357273,1,0,0,0,,,1.0,-0.04054517192451651,0.1043378800854673,0.22879292226357273,0.17243998592594434,0.0,0.8673479615204236,,,,1,1,0,0,0,1.0,0.1944739839240368,0,,drop,1170,83,0.0009153732656503816,-0.2641389577317702,,
203,496,review_anchor,raw_feature,0.1941949819685173,drop,false_positive_risk,high,3.9960329561899615,0.01708783737632521,0.018074322375563046,-0.0009864849992378376,,,0.016464682506125143,0.12557449322744868,0.05857275254865616,0.06724998149496508,0.0,0.021621621621621623,0.01015228426395939,0,,0,,,0,,,,,0.00021181367254689007,0.9905391782368809,-0.2995635116243899,-0.8375009246046942,-0.7468751728099049,-0.5423937348857686,-0.2995635116243899,0.10817249494568068,1.8743958402117356,4.394600558767797,0.0,201,1,0.01708783737632521,0.5714285714285714,0.6375,-0.15120995286150987,0.0,0.021621621621621623,0.01015228426395939,1.0,high,,,,,,,0.9454206371481129,0.02916026722242953,0.35938172748793684,0.05706343314368025,0.9757337290475497,0.2284646846688439,1,0,0,0,,,1.0,0.015304120961699696,0.16329535361707848,0.2284646846688439,0.1277372204058889,0.0,0.9757337290475497,,,,1,1,0,0,0,1.0,0.1941949819685173,0,,drop,1170,83,0.005812321474271148,-0.2842593906626902,,
204,23,review_anchor,raw_feature,0.193051544529436,drop,review,high,3.400899892032124,0.005831263779084213,0.004468900984065821,0.001362362795018392,,,0.04492803894230089,0.2326399720551266,0.09962928637627433,0.13972378828678408,0.0,0.0,0.01015228426395939,0,,0,,,0,,,,,-0.0020443697318392354,0.9977563579461621,-0.0030389625064171,-2.7644510533942004,-1.6719960407503291,-0.4053769895431686,-0.0030389625064171,0.31473776039525836,1.605381538052659,3.243873256618241,0.0,202,1,0.005831263779084213,0.42857142857142855,0.5125,-0.0026724808111067513,0.0,0.0,0.01015228426395939,1.0,high,,,,,,,1.3048541016854014,0.00995100821114777,0.36472944006183267,0.07160107862522891,0.9940001312422295,0.22711946415227763,1,1,0,0,C136,1.0,1.0,0.0567922318025827,0.37429126398093127,0.22711946415227763,0.23664665189450992,0.0,0.9940001312422295,,,,1,1,0,0,0,1.0,0.193051544529436,0,,drop,1170,83,0.034792692191535565,0.0537532692961656,C136,1.0
41,34,review_anchor,raw_feature,0.19297804672602129,drop,monitor_first,low,-0.5855807436750265,0.0018233206744036712,0.0010820183348886465,0.0007413023395150247,,,0.2358748043652891,0.22078650803269656,0.10025744001647616,0.11519052972131348,0.0,0.005405405405405406,0.012182741116751269,0,,0,,,0,,,,,-0.0029706918003291134,0.990020581995422,-0.1613469537031033,-0.5855807436750265,-0.4148375094354063,-0.2717313885189157,-0.1613469537031033,-0.012172149148894475,0.2071205541924762,6.719164176451116,0.0,203,1,0.0018233206744036712,0.35714285714285715,0.4,0.17941485624130446,0.0,0.005405405405405406,0.012182741116751269,1.0,low,,,,,,,1.6851107006345822,0.0031114831518384645,0.36331544771410945,0.08469519236782368,0.9985473009972741,0.22703299614826034,1,1,1,1,C041,1.0,1.0,-0.016647875384553396,-0.048754492197622123,0.22703299614826034,0.2245890396558212,0.0,0.9985473009972741,,,,1,1,0,0,0,1.0,0.19297804672602129,0,,drop,1170,83,0.03967152237033938,-0.1779948290876567,C041,1.0
205,227,review_anchor,raw_feature,0.19294642321109,drop,false_positive_risk,high,4.346013302371855,0.02003024860422335,0.023684254921293762,-0.003654006317070415,,,0.13416385414480772,0.22874816605492546,0.13041911234682318,0.16544025504803236,0.004078249336870027,0.011414170844630566,0.010379472671926602,0,,0,,,0,,,,,-0.010316440173841892,0.9900825000939829,-0.2469039518922257,-0.973968679717374,-0.8213748479516021,-0.534139399921914,-0.2469039518922257,0.1659970046504509,1.539341490542397,4.311612369416417,0.0,204,8,0.05674913672761946,0.6733275059774034,0.4556292808219178,-0.043900887261482835,0.004078249336870027,0.011414170844630566,0.010379472671926602,1.0,high,,,,,,,0.8457200224700667,0.03418147006947106,0.35330847858377556,0.05255233647318896,0.9682019311548816,0.22699579201304707,1,0,0,0,,,1.0,0.08976107750927728,0.45239583064675637,0.22699579201304707,0.2326878186311001,0.0,0.9682019311548816,,,,8,8,0,0,0,1.0,0.19294642321109,0,,drop,1170,83,0.14220491181666625,-0.1571428743829484,,
42,67,review_anchor,raw_feature,0.19252644780485878,drop,monitor_first,high,-0.05606500611438661,0.0015897299082694711,0.0009705183400990567,0.0006192115681704144,,,0.29183529614680653,0.2563452492331699,0.13991350015446402,0.18245330506452676,0.04698590056673883,0.029192734507910358,0.010379472671926602,0,,0,,,0,,,,,-0.012058943111901114,0.8804609973319321,-0.057293481531844256,-0.05871460098425419,-0.05777051531315383,-0.057537430002455744,-0.057293481531844256,-0.0570395715290498,-0.056142233801533784,-0.055648327947759056,0.0,205,8,0.004904423409188682,0.42336723458460385,0.35620719178082194,-0.01930477609218214,0.04698590056673883,0.029192734507910358,0.010379472671926602,1.0,high,,,,,,,1.6380215010745847,0.002712862249078553,0.3630374789352585,0.08317807412234357,0.9986969989515619,0.22650170329983388,1,1,1,1,C042,1.0,1.0,0.00011255804247585488,0.0004068522421638021,0.22650170329983388,0.2607601970727478,0.0,0.9986969989515619,,,,8,8,0,0,0,1.0,0.19252644780485878,0,,drop,1170,83,0.16585292002501692,-0.0571809234893684,C042,1.0
206,35,review_anchor,raw_feature,0.19238555827184597,drop,review,low,-0.32017605450955805,0.00787830941896661,0.007057369751199448,0.0008209396677671611,,,0.017314326539896195,0.32613656695149446,0.19697250540624034,0.10943841868431804,0.008909888004715592,0.005666217439650879,0.012582110238929163,0,,0,,,0,,,,,0.0020980272960546826,1.0168730836351203,-0.1553755152220539,-0.3208643260162251,-0.2793656028201329,-0.2063452013775339,-0.1553755152220539,-0.0881027592395415,0.043117071075625,4.937327552122658,0.0,206,6,0.017550883726748314,0.5965792410391803,0.48333333333333334,0.09194929451135604,0.008909888004715592,0.005666217439650879,0.012582110238929163,1.0,low,,,,,,,1.1163237433645357,0.013444276350402322,0.3634967610979255,0.06428361115121753,0.9905248980827202,0.22633595090805408,1,1,0,0,C137,1.0,1.0,-0.017315233807427804,-0.001406184958473805,0.22633595090805408,0.3317535071365655,0.0,0.9905248980827202,,,,6,6,0,0,0,1.0,0.19238555827184597,0,,drop,1170,83,-0.03151782773156804,-0.1726907490294817,C137,1.0
207,NA_157,review_anchor,raw_feature,0.19238211109484163,drop,review,flat,,0.010322116950423567,0.010143464926281636,0.00017865202414193114,,,0.05962958105950904,0.0,0.0036968386365976726,0.003696838636597685,,,,0,,0,,,0,,,,,0.911965811965812,0.28346577821443575,1.0,0.0,0.0,1.0,1.0,1.0,1.0,1.0,0.0,207,1,0.010322116950423567,0.9285714285714286,0.9125,0.05389084435523359,,,,1.0,flat,,,,,,,1.017612524461838,0.017614615702777166,0.36203443999041407,0.060187805457092264,0.986381560360425,0.22633189540569604,1,1,0,0,C138,1.0,0.0,0.0,0.0,0.22633189540569604,0.0,0.0,0.986381560360425,,,,1,1,0,0,0,1.0,0.19238211109484163,0,,drop,1170,83,0.9156626506024096,1.0,C138,1.0
208,337,review_anchor,raw_feature,0.19220007455196947,drop,false_positive_risk,high,1.0798365799321612,0.07694907596005622,0.11757095273404528,-0.040621876773989055,,,0.3567204444254951,0.18288357204924552,0.07545052002883328,0.24918754267681514,0.01533683707596751,0.04238141339411562,0.010172206595408701,0,,0,,,0,,,,,-0.016537355328438103,0.8463576948890824,-0.16320975316665487,-0.8260788970080399,-0.6780741112245299,-0.43502789220309485,-0.16320975316665487,0.23443951013675443,1.0202028549848794,1.7565981781210278,0.0,208,5,0.2020797406237301,0.6473960821786908,0.3271917808219178,0.03554479269529387,0.01533683707596751,0.04238141339411562,0.010172206595408701,1.0,high,,,,,,,0.6544905367410015,0.13131302505389453,0.2691422988270259,0.04317353391915038,0.8421512831352724,0.2261177347670229,1,0,0,0,,,1.0,0.05970398418129317,-0.06941645049785727,0.2261177347670229,0.18603331417915983,0.0,0.8421512831352724,,,,5,5,0,0,0,1.0,0.19220007455196947,0,,drop,1170,83,0.22579725762570022,-0.1035057689853617,,
209,10,review_anchor,raw_feature,0.19214722383336985,drop,review,high,2.302719558459966,0.006050353575271095,0.005078110406298046,0.0009722431689730493,,,0.17620955570092436,0.31337642522571435,0.12140871177015755,0.22367164956671626,0.03571428571428571,0.005405405405405406,0.01015228426395939,0,,0,,,0,,,,,-0.00805464570777001,0.9883573940471603,0.0319771280353688,-2.437379746251435,-1.6963245507655655,-0.615326871515543,0.0319771280353688,0.6226420276255757,1.5315647269949813,2.2752091384790516,0.0,209,1,0.006050353575271095,0.2857142857142857,0.4375,0.22908360390030008,0.03571428571428571,0.005405405405405406,0.01015228426395939,1.0,high,,,,,,,1.1914576665696832,0.01032488331668737,0.36384123962814435,0.06727505254721229,0.9931822172646266,0.22605555745102335,1,1,0,0,C139,1.0,1.0,0.2697099998128799,0.08199183994311432,0.22605555745102335,0.3187736017899909,0.0,0.9931822172646266,,,,1,1,0,0,0,1.0,0.19214722383336985,0,,drop,1170,83,0.11451488701425011,0.3016871278482487,C139,1.0
210,8,review_anchor,raw_feature,0.19212294658482446,drop,false_positive_risk,high,-0.1166884279577271,0.01408817598974762,0.015589705194151154,-0.0015015292044035337,,,0.030880712348852868,0.21460667936653213,0.10860879415096282,0.2168003538427121,0.0,0.0029982716319859257,0.010379472671926602,0,,0,,,0,,,,,-0.003391569836446949,1.0145138709573844,-0.0117358699509788,-2.3232252034494087,-1.6124384744499,-0.7235656225651651,-0.0117358699509788,0.7522450633970728,1.6934045536279716,2.094697730054141,0.0,210,8,0.05323964968796269,0.6263978104744762,0.45181934931506845,-0.14941639072899704,0.0,0.0029982716319859257,0.010379472671926602,1.0,high,,,,,,,0.9036845671099112,0.024041367405967393,0.3582091064356865,0.05520381900836842,0.9790695328737984,0.22602699598214643,1,0,0,0,,,1.0,0.0331871150124619,-0.4143648360127108,0.22602699598214643,0.2183027778831324,0.0,0.9790695328737984,,,,8,8,0,0,0,1.0,0.19212294658482446,0,,drop,1170,83,0.03328338589454476,0.0214512450614831,,
211,182,review_anchor,raw_feature,0.1921044125003181,drop,false_positive_risk,low,-1.509999708358977,0.01745076781367984,0.020601467385657265,-0.0031506995719774267,,,-0.24552447985545953,0.19918199785991084,0.11497271135825353,0.16591402214590384,0.0,0.009308540035852247,0.010379472671926602,0,,0,,,0,,,,,0.007382902430539928,1.0160698493057476,-0.1456288239165347,-1.5068212330502229,-1.2810015124178482,-0.7398912466333103,-0.1456288239165347,0.6303453157066649,1.6186913251214767,2.5724233240975654,0.0,211,8,0.08728594046767069,0.627235113522209,0.4654323630136986,-0.17101873206659196,0.0,0.009308540035852247,0.010379472671926602,1.0,low,,,,,,,0.8470643127988573,0.0297796053108805,0.35445437650693695,0.05261476645307323,0.9723408280979688,0.22600519117684484,1,0,0,0,,,1.0,-0.0331461112272306,-0.6865980182783463,0.22600519117684484,0.20261244228501715,0.0,0.9723408280979688,,,,8,8,0,0,0,1.0,0.1921044125003181,0,,drop,1170,83,-0.09573850675954164,-0.1787749351437653,,
212,116,review_anchor,raw_feature,0.19196135313330068,drop,false_positive_risk,low,-2.8603586769125524,0.03141699042201131,0.04281576342377336,-0.011398773001762057,,,0.02406288109983414,0.18518956037002657,0.11536402018329729,0.08897250111500288,0.0,0.01099467240632785,0.010211968446355238,0,,0,,,0,,,,,0.0011548117443259062,1.008434118057012,0.3540431169120043,-2.8628258374565996,-2.391700971899727,0.2409649253098637,0.3540431169120043,0.3951624593127744,0.456841472913941,0.4876809797145185,0.0,212,3,0.051743966097203234,0.12681159420289856,0.12899543378995434,0.05315127105392842,0.0,0.01099467240632785,0.010211968446355238,1.0,low,,,,,,,0.7337715810660307,0.053612860179699046,0.3356756688789945,0.04718705627281829,0.9425163004903565,0.2258368860391773,1,0,0,0,,,1.0,-0.010279835600203902,-0.04214732596080084,0.2258368860391773,0.18837901775967508,0.0,0.9425163004903565,,,,3,3,0,0,0,1.0,0.19196135313330068,0,,drop,1170,83,-0.016278671576904446,0.3437632813118004,,
213,452,review_anchor,raw_feature,0.1918425688944391,drop,false_positive_risk,low,-2.041902807224263,0.047495593920053855,0.06926328684348125,-0.021767692923427395,,,-0.48380614022219787,0.3662385560221203,0.16670785706930286,0.2987212359131517,0.010607479065896916,0.030239732804086053,0.010347160992285534,0,,0,,,0,,,,,0.019479005130219353,1.006286300629507,-0.06177385250761465,-2.1691594877888156,-1.5831129727053566,-0.6089861244344263,-0.06177385250761465,0.6518162862615855,1.7231597916136403,2.265558189979301,0.0,213,8,0.1079629768785114,0.7076121678777612,0.45625,-0.08553322282592093,0.010607479065896916,0.030239732804086053,0.010347160992285534,1.0,low,,,,,,,0.6857253833099595,0.08105087730502587,0.31206834805624756,0.044777264981701356,0.9070083154058584,0.22569713987581072,1,0,0,0,,,1.0,-0.3425298190686913,-0.584697800508138,0.22569713987581072,0.37254615925064444,0.0,0.9070083154058584,,,,8,7,0,0,1,0.875,0.1918425688944391,0,,drop,1170,83,-0.27354000088779873,-0.4043036715763059,,
214,574,review_anchor,raw_feature,0.19166948053462318,drop,false_positive_risk,high,3.211052390571929,0.009568452887200764,0.009643828358338232,-7.537547113746765e-05,,,-0.18656636036018673,0.1729514036435087,0.1027494593759654,0.10910629121655531,0.011904761904761904,0.010032065964269353,0.013619406406548552,0,,0,,,0,,,,,0.006799144402139733,1.0197916814177812,-0.2258477394150964,-0.2737045615243892,-0.26441026492751213,-0.24111037143029443,-0.2258477394150964,-0.20597017851381985,1.6745533972470805,4.953217243311552,0.0,214,3,0.013336541387529474,0.9880952380952381,0.9617009132420091,-0.12181264075674313,0.011904761904761904,0.010032065964269353,0.013619406406548552,1.0,high,,,,,,,0.9921840716843227,0.01632849359173884,0.3614560857718296,0.059100234850850926,0.9870523637290679,0.22549350651132138,1,0,0,0,,,1.0,0.005296603693572793,-1.8527722406035247,0.22549350651132138,0.17593008738409688,0.0,0.9870523637290679,,,,3,3,0,0,0,1.0,0.19166948053462318,0,,drop,1170,83,-0.09584336084943866,-0.2205511357215236,,
215,162,review_anchor,raw_feature,0.1913518725394673,drop,false_positive_risk,low,-0.7332705917794202,0.012092605613249346,0.013372135362985043,-0.001279529749735698,,,-0.058488819439645325,0.08768181774574034,0.06123983111934919,0.09205896234897405,0.038302277432712216,0.01844619172225395,0.010211968446355238,0,,0,,,0,,,,,0.0019753558286655887,1.0096271381381015,-0.4614374993094889,-0.7334772031995499,-0.7279137029495225,-0.6738020219366453,-0.4614374993094889,0.26930657183653545,2.1660444329066872,3.4022475849016325,0.0,215,3,0.013957664198079813,0.5771221532091096,0.5969748858447489,0.04297479940721453,0.038302277432712216,0.01844619172225395,0.010211968446355238,1.0,low,,,,,,,0.9043137303801515,0.020635941420320037,0.35871454117608487,0.05523215384193446,0.9820468035709179,0.22511985004643215,1,0,0,0,,,1.0,-0.02491343516332717,-0.3014075411958439,0.22511985004643215,0.08919193214413397,0.0,0.9820468035709179,,,,3,3,0,0,0,1.0,0.1913518725394673,0,,drop,1170,83,-0.035178807809088976,-0.4863509344728161,,
216,376,review_anchor,raw_feature,0.19098198597563837,drop,false_positive_risk,high,2.643002972235499,0.05621537512506695,0.08478761734178032,-0.028572242216713374,,,0.11191391154698241,0.10874778632404139,0.04309545875810936,0.08465861361612058,0.03571428571428571,0.0,0.01116751269035533,0,,0,,,0,,,,,0.0013114530481266571,1.0095473036476386,-0.0859788364431118,-1.6857267932547113,-1.309315509299041,-0.5564929413877001,-0.08597883644311179,0.5727409104793113,1.513769120368487,2.454797330257663,0.0,216,1,0.05621537512506695,0.5,0.55,0.23906011042357525,0.03571428571428571,0.0,0.01116751269035533,1.0,high,,,,,,,0.663013974062531,0.0959311189915243,0.2965761676329853,0.043614147878193704,0.886165619209599,0.22468468938310396,1,0,0,0,,,1.0,0.0941028209889176,-0.018820564197784995,0.22468468938310396,0.11062071280005925,0.0,0.886165619209599,,,,1,1,0,0,0,1.0,0.19098198597563837,0,,drop,1170,83,-0.02135400757120467,0.0081239845458058,,
217,552,review_anchor,raw_feature,0.19079492852450058,drop,false_positive_risk,high,3.866020186045617,0.018534842359509092,0.023589272954154628,-0.0050544305946455355,,,0.07472064233570173,0.1576046816448787,0.10201832972917309,0.13793941617675315,0.015881565564628445,0.0038588823038803372,0.010425360050051083,0,,0,,,0,,,,,0.037402380409863926,0.9243787320251566,-0.17425096958137554,-0.8557121606596743,-0.7877016505448607,-0.5773074051563958,-0.17425096958137554,0.3611316476688848,1.3515989688491943,3.7763268439137008,0.0,217,6,0.04429487985397049,0.6721051115701218,0.4583333333333333,0.14916550368002274,0.015881565564628445,0.0038588823038803372,0.010425360050051083,1.0,high,,,,,,,0.7857318195236987,0.03162957044978172,0.35012007849404186,0.049719124180797075,0.9683294522924547,0.2244646217935301,1,0,0,0,,,1.0,0.08248224414965294,-0.24638412005833565,0.2244646217935301,0.1603190539643068,0.0,0.9683294522924547,,,,6,6,0,0,0,1.0,0.19079492852450058,0,,drop,1170,83,0.03682689270198094,-0.0917687254317226,,
218,353,review_anchor,raw_feature,0.19074887026848072,drop,false_positive_risk,high,2.0740922443837997,0.026988051585332722,0.03708700714599119,-0.010098955560658469,,,0.1492776699217692,0.10516488799236934,0.06623416743898672,0.10748222234977824,0.038302277432712216,0.002824858757062147,0.010211968446355238,0,,0,,,0,,,,,0.004397246375384167,0.9976990058413784,0.1079940819141103,-2.036851862075996,-1.7566876527086233,-0.629531668239935,0.1079940819141103,0.6241028142033347,1.4176996365073202,2.015302574796283,0.0,218,3,0.048048518474351695,0.36853002070393376,0.4848173515981735,0.237082242723609,0.038302277432712216,0.002824858757062147,0.010211968446355238,1.0,high,,,,,,,0.7276955910487891,0.04605490903906632,0.3386350134949192,0.046886025199566146,0.9502076290596181,0.22441043560997734,1,0,0,0,,,1.0,-0.0637171274431137,-0.2532755815863792,0.22441043560997734,0.10697610741785218,0.0,0.9502076290596181,,,,3,3,0,0,0,1.0,0.19074887026848072,0,,drop,1170,83,-0.03947652268615712,0.0442769544709966,,
219,37,review_anchor,raw_feature,0.1903181433030374,drop,false_positive_risk,high,2.9684479717803143,0.013132816085945666,0.015785455487485472,-0.002652639401539806,,,0.3155613693667631,0.2925436886828125,0.14782205746061167,0.22088298392575195,0.010993515443312604,0.010876526771510433,0.01203852209236175,0,,0,,,0,,,,,-0.00830850661088907,1.0063673720876327,0.0268477368036215,-3.3287219828888404,-1.2713389807290252,-0.5859085008788855,0.0268477368036215,0.3820080784556898,1.563294558420993,2.942414686537722,0.0,219,8,0.04145254954019741,0.593625762567165,0.35888270547945206,0.190973046603737,0.010993515443312604,0.010876526771510433,0.01203852209236175,1.0,high,,,,,,,0.8319567399469221,0.022411052845094,0.3555883293507606,0.05191052933474097,0.9788067219335944,0.2239036980035734,1,0,0,0,,,1.0,0.1429657222969548,-0.058812363012473945,0.2239036980035734,0.2975820700462117,0.0,0.9788067219335944,,,,8,8,0,0,0,1.0,0.1903181433030374,0,,drop,1170,83,0.12398544223598343,0.1698134591005763,,
220,352,review_anchor,raw_feature,0.1902303151049066,drop,false_positive_risk,high,6.354590682331582,0.03768178721007616,0.05515451193807595,-0.017472724727999787,,,-0.10870898689444582,0.251991862081537,0.10298630419112347,0.16579152317056423,0.0,0.0,0.01015228426395939,0,,0,,,0,,,,,0.003789957024276005,1.016519832723862,-0.1208510403462136,-1.1120940056674546,-0.8924574138428687,-0.54890622602585,-0.1208510403462136,0.2629225744010467,1.0057459267916562,5.3071101219262244,0.0,220,1,0.03768178721007616,0.39285714285714285,0.4875,0.009990142178359791,0.0,0.0,0.01015228426395939,1.0,high,,,,,,,0.6832040731750636,0.06430368924197069,0.32184686817974656,0.044648917166610694,0.9259505112762044,0.22380037071165482,1,0,0,0,,,1.0,0.11808418915300331,-0.20701634410885805,0.22380037071165482,0.25633183300128726,0.0,0.9259505112762044,,,,1,1,0,0,0,1.0,0.1902303151049066,0,,drop,1170,83,-0.06661056189490942,-0.0027668511932103,,
221,285,review_anchor,raw_feature,0.1902261165259594,drop,false_positive_risk,high,3.150566404814869,0.0075229857448064295,0.007890898144708907,-0.0003679123999024772,,,-0.0053069437266511236,0.21182856735516714,0.09843476469982494,0.10398135441332308,0.0,0.010810810810810811,0.01015228426395939,0,,0,,,0,,,,,0.002608821734858769,0.9999937094247362,-0.2529870743009949,-1.4584120459600953,-1.1532730952924146,-0.7179268462213169,-0.2529870743009949,0.49444109996779845,1.9024498612158787,3.1619751963712246,0.0,221,1,0.0075229857448064295,0.75,0.5875,-0.011263299279888986,0.0,0.010810810810810811,0.01015228426395939,1.0,high,,,,,,,0.9533750920167213,0.012837919146691938,0.36079005563734795,0.05741332560832577,0.9894058173546477,0.22379543120701106,1,0,0,0,,,1.0,0.04743157815557267,-0.14655464696773324,0.22379543120701106,0.21547681938481528,0.0,0.9894058173546477,,,,1,1,0,0,0,1.0,0.1902261165259594,0,,drop,1170,83,-0.03599309422498058,-0.2055554961454222,,
222,71,review_anchor,raw_feature,0.19003082114616257,drop,false_positive_risk,low,-1.754538503322866,0.024749583475791207,0.03430452332292483,-0.009554939847133617,,,-0.2920292687651141,0.2105904131397293,0.09880547832355062,0.19216037158683555,0.05279503105590062,0.03118221541718175,0.010211968446355238,0,,0,,,0,,,,,0.005890777394498129,0.9854999474435854,-0.0443705897850529,-1.7810423701294353,-1.3879890134338329,-0.5236911134944061,-0.0443705897850529,0.3751635725012415,2.0648991532147147,3.6938046613716575,0.0,222,3,0.05407130673392658,0.3923395445134576,0.36038812785388125,-0.16130983516363456,0.05279503105590062,0.03118221541718175,0.010211968446355238,1.0,low,,,,,,,0.7214670567729969,0.042234979880941645,0.33987359510021853,0.04657633554121431,0.9539433434597677,0.22356567193666185,1,0,0,0,,,1.0,-0.0713719149379441,0.3632987184681262,0.22356567193666185,0.21421734085658103,0.0,0.9539433434597677,,,,3,3,0,0,0,1.0,0.19003082114616257,0,,drop,1170,83,-0.07502536684390042,-0.115742504722997,,
223,9,review_anchor,raw_feature,0.1897137400663531,drop,false_positive_risk,low,-0.38695302202474274,0.01130576579026155,0.013597156034270037,-0.002291390244008486,,,-0.08542485834825847,0.12613141025527227,0.08492431263515601,0.13831052056258503,0.0,0.014720389993471118,0.010379472671926602,0,,0,,,0,,,,,0.0043024804331804325,1.0105103602496022,-0.0323517416969184,-2.2994332278020195,-1.6269047246629769,-0.658736049889431,-0.0323517416969184,0.6089071279038597,1.716566134106028,2.762214746526175,0.0,223,8,0.036358677669602026,0.5942628243489761,0.43508133561643836,-0.009761948940455019,0.0,0.014720389993471118,0.010379472671926602,1.0,low,,,,,,,0.8314801831917419,0.019293205122316505,0.35641079927272135,0.051888220342076276,0.9817446947302189,0.22319263537218015,1,0,0,0,,,1.0,-0.019832748544353997,-0.4743332360191328,0.22319263537218015,0.1283037290280025,0.0,0.9817446947302189,,,,8,8,0,0,0,1.0,0.1897137400663531,0,,drop,1170,83,-0.06365403156812785,-0.0521844902412724,,
224,17,review_anchor,raw_feature,0.18941383621220437,drop,review,low,-1.179232103570807,0.0018646098195048131,0.0016209641973876517,0.0002436456221171614,,,-0.03700221239717163,0.31442581348017296,0.15697662444650395,0.11216542262724602,0.03571428571428571,0.021621621621621623,0.01015228426395939,0,,0,,,0,,,,,0.0035476381049157502,1.0243744352206747,0.1065131362577163,-1.2224613226755683,-0.9650683002810568,-0.21942145223059556,0.1065131362577163,0.4191053731704848,0.7393218109835639,0.8460606235879292,0.0,224,1,0.0018646098195048131,0.4642857142857143,0.5125,-0.0011790368661706854,0.03571428571428571,0.021621621621621623,0.01015228426395939,1.0,low,,,,,,,1.1503090706814012,0.0031819427704560363,0.36218241342741786,0.06564967003371235,0.9978237216532548,0.22283980730847572,1,1,0,0,C140,1.0,1.0,-0.1372356162056076,-0.0007624200900311351,0.22283980730847572,0.3198410633047138,0.0,0.9978237216532548,,,,1,1,0,0,0,1.0,0.18941383621220437,0,,drop,1170,83,-0.03797924947951228,-0.0307224799478913,C140,1.0
225,7,review_anchor,raw_feature,0.1892516820391977,drop,false_positive_risk,low,-0.6769443883458228,0.004265776171276543,0.00428903064917127,-2.3254477894726726e-05,,,0.04539549596821156,0.21280994337688255,0.09702399340953557,0.11034847269716808,0.03571428571428571,0.005405405405405406,0.01116751269035533,0,,0,,,0,,,,,-0.018650144110732063,1.1043769674852733,0.0462785910708339,-0.6673477757343322,-0.3647067751169002,-0.1345271537833297,0.0462785910708339,0.2409924701445491,0.4774307518769188,0.6582364967310825,0.0,225,1,0.004265776171276543,0.6071428571428571,0.5375,0.0864024577248347,0.03571428571428571,0.005405405405405406,0.01116751269035533,1.0,low,,,,,,,0.9945781506832505,0.007279515267264734,0.3615747516520155,0.05920321944014277,0.9942416220263466,0.22264903769317376,1,0,0,0,,,1.0,-0.0278162684391011,-0.1001385663807689,0.22264903769317376,0.21647509731503042,0.0,0.9942416220263466,,,,1,1,0,0,0,1.0,0.1892516820391977,0,,drop,1170,83,0.03203532108695673,0.0184623226317328,,
226,412,review_anchor,raw_feature,0.18905431898440167,drop,false_positive_risk,low,0.4557669752986529,0.011814094875944195,0.014930173772468594,-0.0031160788965244024,,,-0.13899739784757562,0.15201617040971221,0.09158686026155906,0.10821528237915673,0.0,0.006368011847463902,0.01272938207301987,0,,0,,,0,,,,,-0.0002981841959051357,0.997158051608235,-0.2353227522030117,-1.2219300038915757,-1.058695259945138,-0.6827235117210624,-0.2353227522030117,0.417419385913266,1.954263816227891,3.7814401082504094,0.0,226,3,0.020254262423800854,0.265527950310559,0.28299086757990866,-0.22595087719174525,0.0,0.006368011847463902,0.01272938207301987,1.0,low,,,,,,,0.7912898440425065,0.020160664921294705,0.3545331987370915,0.04998559722534076,0.9799550082928847,0.22241684586400196,1,0,0,0,,,1.0,0.10170661379264168,-0.4011656290603778,0.22241684586400196,0.15463429368345696,0.0,0.9799550082928847,,,,3,3,0,0,0,1.0,0.18905431898440167,0,,drop,1170,83,0.015725566187899682,-0.13361613841037,,
227,362,review_anchor,raw_feature,0.18900534028002583,drop,review,high,3.479333216777826,0.002928387347773709,0.0028294846376600616,9.890271011364724e-05,,,-0.06681226553085429,0.19827406416407894,0.07607867366903512,0.1495600719171454,0.0,0.021621621621621623,0.01015228426395939,0,,0,,,0,,,,,-0.007079953099793938,0.934249802498603,-0.25667769090437953,-0.5958219227759292,-0.5259760895502241,-0.3993805168286337,-0.25667769090437953,0.018603141381444876,1.255529194162915,3.7729912918461537,0.0,227,1,0.002928387347773709,0.6785714285714286,0.6125,-0.18648898373528042,0.0,0.021621621621621623,0.01015228426395939,1.0,high,,,,,,,1.034954319524222,0.004997271200050884,0.3618528716442524,0.06092167786608528,0.9962011831234079,0.22235922385885393,1,1,0,0,C141,1.0,1.0,-0.011741888626057184,0.4932861971565401,0.22235922385885393,0.20168887155311424,0.0,0.9962011831234079,,,,1,1,0,0,0,1.0,0.18900534028002583,0,,drop,1170,83,0.08627944100733037,-0.2684195795304367,C141,1.0
228,173,review_anchor,raw_feature,0.18892424300854657,drop,false_positive_risk,low,-2.075164340653612,0.026555507757841344,0.038520317746732875,-0.011964809988891533,,,-0.09912500742122232,0.13634406623593834,0.08748841519925857,0.14797252687091345,0.0,0.003042116001165841,0.013241031990998062,0,,0,,,0,,,,,0.0013806143659745172,1.008240909597668,0.0582670093241444,-2.733733969128998,-1.6965259737664948,-0.6415611446465267,0.0582670093241444,0.6087288558055531,1.6887621561125306,2.5348230586740885,0.0,228,8,0.1138035794488375,0.6570585397884984,0.40226883561643834,-0.03523207701730243,0.0,0.003042116001165841,0.013241031990998062,1.0,low,,,,,,,0.6893896341261013,0.04531677621878701,0.3343869505887909,0.044963452615659025,0.9482832911688852,0.22226381530417244,1,0,0,0,,,1.0,-0.0960958062168681,-0.3205630753038802,0.22226381530417244,0.1386922741409738,0.0,0.9482832911688852,,,,8,8,0,0,0,1.0,0.18892424300854657,0,,drop,1170,83,-0.02125491308083062,-0.0378287968927237,,
229,477,review_anchor,raw_feature,0.1888295985152433,drop,false_positive_risk,high,0.6920955043668491,0.12692586593385052,0.20545950442111974,-0.0785336384872692,4.0,3.75,0.6572759677897247,0.4840649615599836,0.2424467099165894,0.24954698416412907,0.030089160197966085,0.04066241603536131,0.01032609090133906,0,,0,,,0,,,,,-0.015556459384958185,0.9361144738547277,-0.107769708240094,-0.36515041409014587,-0.3155693075927629,-0.20549831254347428,-0.107769708240094,0.012321815469245476,0.309009388086761,0.8608888351685213,0.0,229,10,0.7637730754604001,0.7432207863155258,0.40407534246575344,0.03294290758546562,0.030089160197966085,0.04066241603536131,0.01032609090133906,1.0,high,3.0,4.0,0.20650166600886882,0.7637730754604001,supervised,"Base,RFERF",0.6177658526504431,0.21659804494612406,0.1828271253583899,0.04124874537214702,0.7241536418106673,0.22215246884146272,1,0,0,0,,,1.0,0.0860332826456088,0.3074107468518014,0.22215246884146272,0.4924018492637642,0.3333333333333333,0.7241536418106673,,,,10,4,4,0,2,0.4,0.1888295985152433,0,,drop,1170,83,0.21608533858956308,-0.0217364255944852,,
230,44,review_anchor,raw_feature,0.18873998955537244,drop,review,low,-2.7426424743297426,0.0007080757061061855,0.0006177895043153232,9.028620179086231e-05,,,-0.06956529122816939,0.31023268666641246,0.12292245906703737,0.2128661266557366,0.0,0.005405405405405406,0.01015228426395939,0,,0,,,0,,,,,0.007178567066637968,1.0058859434487992,0.0413452270831927,-2.7220989433687683,-1.665313026382991,-0.5909827172887184,0.0413452270831927,0.7036075421309543,1.5024276053095351,2.0041219560520056,0.0,230,1,0.0007080757061061855,0.5714285714285714,0.575,-0.0032889733070554927,0.0,0.005405405405405406,0.01015228426395939,1.0,low,,,,,,,1.1461439554414634,0.0012083259191343727,0.36183325410666073,0.06548341640371191,0.9991705665533793,0.2220470465357323,1,1,0,0,C142,1.0,1.0,-0.2317775558044879,-0.14853149640115815,0.2220470465357323,0.31557571968091735,0.0,0.9991705665533793,,,,1,1,0,0,0,1.0,0.18873998955537244,0,,drop,1170,83,-0.10120969961331822,-0.1904323287212952,C142,1.0
231,275,review_anchor,raw_feature,0.18858174380444745,drop,review,high,-0.043497877914644274,2.224501126390417e-05,1.886695242000891e-05,3.378058843895265e-06,,,-0.06478659546305787,0.12221409055631131,0.08672639275048914,0.06953339998808623,0.0,0.002824858757062147,0.011136543245929604,0,,0,,,0,,,,,0.020304258403568552,1.0855863229037197,-0.049323310008162,-0.0496876541466751,-0.0496435654441996,-0.0495338029453282,-0.049323310008162,-0.0489203882549828,-0.0481972110657661,-0.0404014711877658,0.0,231,3,3.378193570903096e-05,0.6314699792960662,0.5318493150684932,-0.11961141257327527,0.0,0.002824858757062147,0.011136543245929604,1.0,high,,,,,,,1.1790463435055223,3.796094605395285e-05,0.3616353869779571,0.06678803818236953,0.9999746695577318,0.22186087506405583,1,1,0,0,C143,1.0,1.0,-4.286401629596814e-06,-0.0002877400179618142,0.22186087506405583,0.12431894265199721,0.0,0.9999746695577318,,,,3,3,0,0,0,1.0,0.18858174380444745,0,,drop,1170,83,-0.04921116269117227,-0.0493275964097916,C143,1.0
232,91,review_anchor,raw_feature,0.18856475195068526,drop,false_positive_risk,high,2.5549969973106275,0.026214095653296188,0.03838654106993625,-0.012172445416640063,,,0.09578801201404813,0.30645573842000545,0.154762640304809,0.22182139927102218,0.0,0.0021162048719717457,0.010379472671926602,0,,0,,,0,,,,,-0.005281938497222076,1.0116478528877617,-0.0209631199010839,-2.7787431948197825,-1.7348501833885643,-0.5277045593608151,-0.0209631199010839,0.5396989964036658,1.6802201191988262,2.5035973238385196,0.0,232,8,0.10250280549493053,0.6345469413739048,0.4644691780821918,-0.001146985356359119,0.0,0.0021162048719717457,0.010379472671926602,1.0,high,,,,,,,0.6828980919519906,0.04473415900501939,0.3339142189837579,0.04463332804910043,0.9484628974090978,0.221840884647865,1,0,0,0,,,1.0,0.1264736294584732,-0.4196214348818641,0.221840884647865,0.31173372232768837,0.0,0.9484628974090978,,,,8,8,0,0,0,1.0,0.18856475195068526,0,,drop,1170,83,0.07668116136219738,0.1055105095573893,,
233,432,review_anchor,raw_feature,0.1882942440223583,drop,false_positive_risk,high,4.48613147031213,0.011334661421818132,0.014876353942923554,-0.0035416925211054218,,,-0.04888103557834286,0.21467716746584425,0.09573679332715478,0.1180049108183625,0.0,0.021621621621621623,0.01015228426395939,0,,0,,,0,,,,,-0.001049067311359111,1.0096563778011525,-0.34365038276240056,-0.7844014268941629,-0.7412998101034444,-0.5434104389014732,-0.34365038276240056,0.17000993027450642,1.8934670748107918,5.170674230286496,0.0,233,1,0.011334661421818132,0.21428571428571427,0.225,-0.05167917347220021,0.0,0.021621621621621623,0.01015228426395939,1.0,high,,,,,,,0.7619246937324888,0.019342515302369963,0.3535641877448258,0.04856825497942362,0.9800272658602346,0.2215226400263039,1,0,0,0,,,1.0,0.033414378330868466,0.24520656133744745,0.2215226400263039,0.2183744799752246,0.0,0.9800272658602346,,,,1,1,0,0,0,1.0,0.1882942440223583,0,,drop,1170,83,0.01744030799958911,-0.3102360044315321,,
234,18,review_anchor,raw_feature,0.18792060340974054,drop,false_positive_risk,high,2.246020889753185,0.008555554898827452,0.010977379077468244,-0.002421824178640793,,,0.2379261016209183,0.15639643174473364,0.09289465554525796,0.1118878272203353,0.038302277432712216,0.0018018018018018018,0.010211968446355238,0,,0,,,0,,,,,-0.002069615060607478,0.9991677769556279,-0.14456185808458416,-2.2674153668589043,-1.4673199878506897,-0.6531632220142873,-0.14456185808458416,0.8257864109254572,1.5619053971656318,2.224394719171765,0.0,234,3,0.022397355832720265,0.4332298136645963,0.5546803652968036,0.33498459698928484,0.038302277432712216,0.0018018018018018018,0.010211968446355238,1.0,high,,,,,,,0.7793804731029342,0.0145999907180546,0.356113835291487,0.049413598941203375,0.9852619617208026,0.22108306283498888,1,0,0,0,,,1.0,0.08153479967399076,-0.07896907157415245,0.22108306283498888,0.15908999478330993,0.0,0.9852619617208026,,,,3,3,0,0,0,1.0,0.18792060340974054,0,,drop,1170,83,0.0288557303189548,-0.0630270584105934,,
235,139,review_anchor,raw_feature,0.187872232969738,drop,false_positive_risk,low,-1.110339955119733,0.008130459889043163,0.010381406117149316,-0.0022509462281061522,,,-0.22339152146177574,0.1607940295306588,0.10196684172587787,0.14153607843173382,0.010993515443312604,0.00144052919629607,0.010379472671926602,0,,0,,,0,,,,,0.005863986374625377,0.9978307378112005,-0.3087847309340913,-1.1035705722261646,-0.960805212461385,-0.668995606001677,-0.3087847309340913,0.3048901653853565,2.0166594174947488,3.819292075493414,0.0,235,8,0.019585337579473748,0.6500641003095199,0.4403039383561644,-0.19263748243201295,0.010993515443312604,0.00144052919629607,0.010379472671926602,1.0,low,,,,,,,0.7831752074135935,0.013874569249717986,0.35650287972719297,0.04959627175730873,0.9860621046547908,0.2210261564349859,1,0,0,0,,,1.0,-0.0546216750601326,-0.7309370846887935,0.2210261564349859,0.16356333091391823,0.0,0.9860621046547908,,,,8,8,0,0,0,1.0,0.187872232969738,0,,drop,1170,83,-0.07069636621557004,-0.3634064059942239,,
236,357,review_anchor,raw_feature,0.18735255315522914,drop,false_positive_risk,high,3.9713733787285,0.002095532441325471,0.0023376457512794104,-0.00024211330995393921,,,0.1383426909506994,0.2331198500362277,0.10378951704252909,0.12736014266306395,0.0,0.032432432432432434,0.01015228426395939,0,,0,,,0,,,,,-0.005191030712946306,1.002804560680207,-0.2003195633477112,-1.186069313365721,-0.9889193633621188,-0.5946194633549151,-0.2003195633477112,0.1939803366594929,1.3768800366811045,4.32032879023485,0.0,236,1,0.002095532441325471,0.5714285714285714,0.5,0.009898834998893545,0.0,0.032432432432432434,0.01015228426395939,1.0,high,,,,,,,0.8964285714285714,0.003576010504815675,0.361076467288519,0.054876361416989455,0.9968615174603677,0.22041476841791663,1,0,0,0,,,1.0,0.1971499500036021,0.0,0.22041476841791663,0.23713479465236137,0.0,0.9968615174603677,,,,1,1,0,0,0,1.0,0.18735255315522914,0,,drop,1170,83,0.07046470533193494,-0.0031696133441091,,
237,86,review_anchor,raw_feature,0.1871713995533288,drop,false_positive_risk,low,-3.285278037669704,0.027956105906645136,0.042908257270435415,-0.01495215136379028,,,0.02553566584983397,0.23267919178798135,0.10306868499639583,0.12882287098465245,0.0,0.0,0.01116751269035533,0,,0,,,0,,,,,-0.00543310651287477,1.0071484722360295,0.0553288157679836,-2.903340700159109,-1.7193349538762834,-0.668200365854186,0.0553288157679836,0.7089258088318842,1.4728004838530613,1.9811537006805329,0.0,237,1,0.027956105906645136,0.42857142857142855,0.5625,-0.06982133401382133,0.0,0.0,0.01116751269035533,1.0,low,,,,,,,0.651532075293755,0.04770688652888067,0.3275855549972457,0.04302006718297334,0.9423921198600734,0.220201646533328,1,0,0,0,,,1.0,0.1291055788768165,-0.029855665115263497,0.220201646533328,0.23668654709560663,0.0,0.9423921198600734,,,,1,1,0,0,0,1.0,0.1871713995533288,0,,drop,1170,83,0.07658716409710196,0.1844343946448001,,
238,546,review_anchor,raw_feature,0.18715179762089088,drop,false_positive_risk,low,-1.4166179306970073,0.025636865709883213,0.03911133763141007,-0.01347447192152686,,,-0.07024221120817584,0.19307224756082306,0.08288538770466482,0.11795257828408479,0.0,0.0,0.01015228426395939,0,,0,,,0,,,,,0.03616532731805384,0.9340146117472378,-0.10436775527410735,-1.401232344447549,-1.218518001934324,-0.5879534643458199,-0.10436775527410735,0.6079250364707968,1.5513714265251106,2.8272875756574822,0.0,238,1,0.025636865709883213,0.42857142857142855,0.425,-0.0462787163338779,0.0,0.0,0.01015228426395939,1.0,low,,,,,,,0.6554842473424997,0.04374912040545788,0.330949844906921,0.04322501993634817,0.9474897981481315,0.22017858543634222,1,0,0,0,,,1.0,-0.07598493916694324,-0.13449972021749756,0.22017858543634222,0.19639746581550488,0.0,0.9474897981481315,,,,1,1,0,0,0,1.0,0.18715179762089088,0,,drop,1170,83,-0.07128342990494162,-0.1803526944410506,,
239,15,review_anchor,raw_feature,0.18704439401690814,drop,false_positive_risk,high,0.7803193397392245,0.006360372586291585,0.008355459593333055,-0.0019950870070414707,,,0.018250805289271883,0.12198451386582852,0.0919266810833076,0.10586931714777909,0.0,0.01535624462943319,0.010379472671926602,0,,0,,,0,,,,,0.0013612231030698447,1.0286186093819982,-0.06503114264097935,-1.027403574124958,-0.7639220631531761,-0.3828855113106966,-0.06503114264097935,0.310956425302327,0.7354768018844662,1.032567587002315,0.0,239,8,0.01897021606348953,0.5268775355306079,0.37011986301369865,-0.025664464686246606,0.0,0.01535624462943319,0.010379472671926602,1.0,high,,,,,,,0.7612235467414169,0.010853928450152641,0.35708540430668284,0.04853412529993523,0.9887821052313308,0.22005222825518606,1,0,0,0,,,1.0,0.034566837303914855,-0.12499250164568565,0.22005222825518606,0.12408541203954122,0.0,0.9887821052313308,,,,8,8,0,0,0,1.0,0.18704439401690814,0,,drop,1170,83,-0.01888788284021008,-0.0304643053370645,,
240,118,review_anchor,raw_feature,0.18623416194003997,drop,false_positive_risk,low,-2.3535236996875275,6.991052941693301e-05,8.191478089427512e-05,-1.2004251477342113e-05,,,-0.1816044666345675,0.23059022638274188,0.09945422716507053,0.1363866615570546,0.0,0.016216216216216217,0.01015228426395939,0,,0,,,0,,,,,0.001967239624279258,1.0040257604420728,0.0623061458984972,-2.382718785042967,-1.5624638217087383,-0.5215955612103487,0.0623061458984972,0.6208208222634968,1.4782677856374664,1.97902696706017,0.0,240,1,6.991052941693301e-05,0.5714285714285714,0.5375,-0.06247542325104397,0.0,0.016216216216216217,0.01015228426395939,1.0,low,,,,,,,0.8534543906937183,0.00011930179779705372,0.3616003654774062,0.05291090710408965,0.9998900226394724,0.21909901404710586,1,0,0,0,,,1.0,-0.1269351537193161,-0.13645529024826608,0.21909901404710586,0.23456160414317093,0.0,0.9998900226394724,,,,1,1,0,0,0,1.0,0.18623416194003997,0,,drop,1170,83,-0.061570329417940425,-0.0646290078208189,,
241,555,review_anchor,raw_feature,0.18605081091540157,drop,false_positive_risk,high,3.5411101903700537,0.001103299422179341,0.0013894004566361302,-0.0002861010344567892,,,0.1711262245991133,0.25580739205017017,0.10750695088044486,0.15861751308544308,0.0,0.016216216216216217,0.01015228426395939,0,,0,,,0,,,,,0.04011436447685635,0.9255423892370837,-0.01277251413016815,-1.2453731358587796,-1.1396403970256077,-0.6821040849889763,-0.01277251413016815,0.48128599019689755,1.518760597444861,3.7569252028170332,0.0,241,1,0.001103299422179341,0.35714285714285715,0.4625,0.059670973799935544,0.0,0.016216216216216217,0.01015228426395939,1.0,high,,,,,,,0.7940831003111466,0.0018827722472169544,0.3609763187356855,0.0501192046458919,0.9981346151052515,0.21888330695929598,1,0,0,0,,,1.0,0.04598525393568795,-0.43182948436854285,0.21888330695929598,0.2602130765567423,0.0,0.9981346151052515,,,,1,1,0,0,0,1.0,0.18605081091540157,0,,drop,1170,83,0.1482200686336015,0.0332127398055198,,
242,39,review_anchor,raw_feature,0.1844668433352028,drop,false_positive_risk,low,-1.5020040769129746,0.012557055468453657,0.020549944324349912,-0.007992888855896255,,,0.042601867509738954,0.19355251903240722,0.10800123571207909,0.18029392448243195,0.0,0.01087718190567788,0.01112412870313053,0,,0,,,0,,,,,0.0004615173755281304,1.0064399037781635,-0.1503548085602628,-1.5026300512289021,-0.6799097530110658,-0.3619835181126804,-0.1503548085602628,0.1390106771037504,0.9171300368837484,4.675230728433325,0.0,242,8,0.02943667705755483,0.7220413757514692,0.47251712328767126,0.0922000161513303,0.0,0.01087718190567788,0.01112412870313053,1.0,low,,,,,,,0.611050583410809,0.021428521639273935,0.3434299769770407,0.04089206866615148,0.9724100020642181,0.2170198156884739,1,0,0,0,,,1.0,-0.08009894334150042,-0.4264463448652128,0.2170198156884739,0.19688600884079335,0.0,0.9724100020642181,,,,8,8,0,0,0,1.0,0.1844668433352028,0,,drop,1170,83,-0.0076312674093615114,-0.2304537519017632,,
243,1,review_anchor,raw_feature,0.18444117914127542,drop,false_positive_risk,high,2.556381470714343,0.004698452983987294,0.0075751376577886265,-0.0028766846738013324,,,0.15860165944979726,0.1285451045355265,0.052116156935434046,0.09349957187514203,0.03571428571428571,0.02702702702702703,0.01015228426395939,0,,0,,,0,,,,,-0.0030199837522478287,1.0056038240410243,0.0572833650871985,-2.879578092303192,-1.6842168336914995,-0.5437001681086748,0.0572833650871985,0.5679413014432095,1.4527665618753627,2.6636502081198423,0.0,243,1,0.004698452983987294,0.32142857142857145,0.3875,0.04045504932193625,0.03571428571428571,0.02702702702702703,0.01015228426395939,1.0,high,,,,,,,0.6202465481477324,0.008017875025830503,0.35507823681836037,0.04138013136950034,0.9898297518940716,0.21698962251914755,1,0,0,0,,,1.0,0.040466875904534294,-0.1421950550670259,0.21698962251914755,0.1307589935514342,0.0,0.9898297518940716,,,,1,1,0,0,0,1.0,0.18444117914127542,0,,drop,1170,83,0.05402150573648754,0.0977502409917328,,
244,442,review_anchor,raw_feature,0.1800213108938395,drop,false_positive_risk,low,-1.481993539484654,0.012774500494768038,0.025757278585557902,-0.012982778090789864,,,-0.4113452807051027,0.219193986109669,0.09627226856142519,0.12488084705078151,0.03571428571428571,0.0,0.01116751269035533,0,,0,,,0,,,,,0.006867693052359924,1.0040379455254471,-0.10663560534723066,-1.4621199832254854,-1.197601408830195,-0.7053842596205543,-0.10663560534723066,0.3636281968319329,1.8508326568930442,3.367924480630745,0.0,244,1,0.012774500494768038,0.25,0.3875,-0.3844994870397352,0.03571428571428571,0.0,0.01116751269035533,1.0,low,,,,,,,0.4959569176663988,0.0217995899572754,0.33206930325904116,0.034536389993640566,0.9654187256281346,0.2117897775221641,1,0,0,0,,,1.0,-0.09482305331409524,-0.15601511956325576,0.2117897775221641,0.22296909026439082,0.0,0.9654187256281346,,,,1,1,0,0,0,1.0,0.1800213108938395,0,,drop,1170,83,-0.09949415510840091,-0.2014586586613259,,
245,200,review_anchor,raw_feature,0.1799497893769524,drop,false_positive_risk,high,1.1183044821991628,0.09622144542872045,0.166417302213643,-0.07019585678492254,,,0.4458506040286897,0.2943528788344702,0.1367624343527958,0.269327748371516,0.012891802321205268,0.022895468565545644,0.01032609090133906,0,,0,,,0,,,,,-0.01684079574871647,0.931802729997501,-0.057164779815555955,-1.109373949893933,-0.7898504356189451,-0.379955991483933,-0.057164779815555955,0.24838614528055764,0.7514311839413989,1.1975037063603602,0.0,245,10,0.21702245528817063,0.7906639945218082,0.4190239726027397,0.10781866870592596,0.012891802321205268,0.022895468565545644,0.01032609090133906,1.0,high,,,,,,,0.5781937583941446,0.16420118002277675,0.20181007527837672,0.03912518802025291,0.7765710236444616,0.2117056345611205,1,0,0,0,,,1.0,0.07267443878154085,0.08015407080212289,0.2117056345611205,0.299422419270157,0.0,0.7765710236444616,,,,10,10,0,0,0,1.0,0.1799497893769524,0,,drop,1170,83,0.23871624589822799,0.0155096589659849,,
246,89,review_anchor,raw_feature,0.1793157527061674,drop,false_positive_risk,low,-0.7094710208832274,0.01966459418586904,0.03849370345697396,-0.018829109271104923,,,-0.2592537722792252,0.4537302526480658,0.1791164658634538,0.30627779601790106,0.0,0.016216216216216217,0.01015228426395939,0,,0,,,0,,,,,-0.00998486037194734,0.8106939933320959,0.012638309375173,-0.7169421983547898,-0.608305356705361,-0.3269606666049254,0.012638309375173,0.19985312946676592,0.4654369440153046,0.8808796912976253,0.0,246,1,0.01966459418586904,0.42857142857142855,0.625,-0.4302746235414909,0.0,0.016216216216216217,0.01015228426395939,1.0,low,,,,,,,0.5108522282832304,0.03355748352773076,0.3187587350559491,0.03538596416523286,0.948319023051557,0.2109597090660793,1,0,0,0,,,1.0,-0.0975258597686435,-0.06391426881266477,0.2109597090660793,0.46154469588300795,0.0,0.948319023051557,,,,1,1,0,0,0,1.0,0.1793157527061674,0,,drop,1170,83,0.10158239706004428,-0.0848875503934705,,
247,468,review_anchor,raw_feature,0.17895621791101232,drop,false_positive_risk,low,-0.9802319324172032,0.028400858572230542,0.053839090575948746,-0.025438232003718208,,,-0.41554799957009037,0.29166210143995763,0.15479353310678612,0.19638047843209416,0.03676936512889859,0.10625735333045429,0.1722583463587555,0,,0,,,0,,,,,0.009867605696281326,0.9962905211607384,-0.29347781251061145,-0.9802319324172032,-0.9802319324172032,-0.8028955823940958,-0.29347781251061145,0.5247664989628948,2.1004916215693177,3.0672966160761392,0.0,247,6,0.08353505133978033,0.4526657855892136,0.2625,0.006458756518617302,0.03676936512889859,0.10625735333045429,0.1722583463587555,1.0,low,,,,,,,0.5275137129622673,0.04846585364044311,0.3037114898380834,0.03632640617015748,0.9277165731249838,0.21053672695413214,1,0,0,0,,,1.0,-0.2376030630416205,-0.08800404090273739,0.21053672695413214,0.2966852995233667,0.0,0.9277165731249838,,,,6,6,0,0,0,1.0,0.17895621791101232,0,,drop,1170,83,-0.13618596076564696,-0.5310808755522319,,
248,333,review_anchor,raw_feature,0.17886052560584528,drop,false_positive_risk,high,0.7158439256503837,0.14961377996655148,0.25724545498407964,-0.10763167501752813,2.0,7.5,0.6214448443418159,0.3221477137128662,0.15275460817629494,0.25775499948752995,0.05940826081518603,0.029284233629518788,0.010379472671926602,0,,0,,,0,,,,,-0.014944564147697712,0.96364493658765,-0.08066970804367804,-0.6286873784268775,-0.442498065863675,-0.21824125950557569,-0.08066970804367804,0.06783095111011493,0.37712801264996526,0.7525421328175387,0.0,248,8,0.449507690569758,0.6098652479001826,0.4261558219178082,0.014612467130273291,0.05940826081518603,0.029284233629518788,0.010379472671926602,1.0,high,6.0,9.0,0.4222407457978674,0.449507690569758,supervised,"Base,RFEXGB",0.5815993132932543,0.25531480127654654,0.11657850073100376,0.0393100226993523,0.6546267250179247,0.2104241477715827,1,0,0,0,,,1.0,0.04725563240946824,0.19029240048915602,0.2104241477715827,0.3276959552228459,0.1111111111111111,0.6546267250179247,,,,8,4,4,0,0,0.5,0.17886052560584528,0,,drop,1170,83,0.20572933692786868,-0.0334140756342098,,
249,521,review_anchor,raw_feature,0.17721506248530391,drop,drop,flat,,0.0,0.0,0.0,,,0.16470443887839348,0.07332125624931268,0.014694676140459273,0.10795644109667243,,,,0,,0,,,0,,,,,-0.007151144940960678,0.9671981491391838,-0.1161003982103422,-0.1161003982103422,-0.1161003982103422,-0.1161003982103422,-0.1161003982103422,-0.1161003982103422,-0.1161003982103422,5.919831549640685,0.0,249,1,0.0,0.0,0.0,0.5282996584330992,,,,1.0,flat,,,,,,,0.0,0.0,0.3616276960207997,0.0,1.0,0.20848830880623992,0,0,0,0,,,0.0,0.0,0.0,0.20848830880623992,0.07458404353654106,0.0,1.0,,,,1,1,0,0,0,1.0,0.17721506248530391,0,,drop,1170,83,0.10080529615571163,-0.1161003982103422,,
250,585,review_anchor,raw_feature,0.16944028049082527,drop,false_positive_risk,high,1.2786180803803224,0.025147122006711365,0.06050423962715277,-0.0353571176204414,,,0.3335936973194557,0.21618446220035317,0.09519102049222532,0.12261129812616825,0.07142857142857142,0.016216216216216217,0.01015228426395939,0,,0,,,0,,,,,-0.0026509274606953694,1.0260861160501666,-0.09170901422724856,-0.5100815485240245,-0.41046876206448324,-0.24064072167658565,-0.09170901422724856,0.09065476327678962,0.5698042226242681,1.4305196557289,0.0,250,1,0.025147122006711365,0.5,0.3875,-0.030670497731205868,0.07142857142857142,0.016216216216216217,0.01015228426395939,1.0,high,,,,,,,0.4156257836091535,0.04291337642332124,0.28112877951462406,0.029803580230521935,0.9187680598997434,0.19934150645979443,1,0,0,0,,,1.0,-0.04560168732911213,0.6108443134030574,0.19934150645979443,0.2199077343389899,0.0,0.9187680598997434,,,,1,1,0,0,0,1.0,0.16944028049082527,0,,drop,1170,83,0.03600052004427299,-0.1373107015563607,,
251,570,review_anchor,raw_feature,0.16915031647441203,drop,false_positive_risk,high,0.4870512892496974,0.00027277155057163716,0.012517304900230489,-0.012244533349658852,,,0.18130970650184947,0.14833982463310846,0.06564720420142107,0.08794262555464533,0.0,0.005405405405405406,0.01015228426395939,0,,0,,,0,,,,,0.0023450815480535996,0.9748238651113051,0.1161662627464619,-2.7525791827953636,-0.3160514689336758,0.0213184521393044,0.1161662627464619,0.22364787167710998,0.380112816603589,0.4866511937248067,0.0,251,1,0.00027277155057163716,0.03571428571428571,0.125,0.15057996416002828,0.0,0.005405405405405406,0.01015228426395939,1.0,high,,,,,,,0.021791555989549672,0.00046548261960671476,0.33375009359991076,0.0018485139317252588,0.9831944840867671,0.19900037232283768,1,0,0,0,,,1.0,-0.007160299867266795,-0.060779654630998936,0.19900037232283768,0.1508946314424658,0.0,0.9831944840867671,,,,1,1,0,0,0,1.0,0.16915031647441203,0,,drop,1170,83,-0.033057173629130646,0.1090059628791951,,
252,156,review_anchor,raw_feature,0.16313284847503914,drop,false_positive_risk,low,-0.48793786928024313,0.01269514735927609,0.04654487539031692,-0.03384972803104083,,,0.004957177285789495,0.1440239137530267,0.09344042838018742,0.14097204096037394,0.041555540978164225,0.002696070644524859,0.010648592171986824,0,,0,,,0,,,,,-0.0016312301860808233,1.02879045999063,-0.1207113498863735,-0.48461843875941857,-0.4109285150763886,-0.2592240878179717,-0.1207113498863735,0.0857672656638347,0.4994701139870715,0.9813453185444638,0.0,252,8,0.052257892608663405,0.36249503419751017,0.2567208904109589,-0.052304717159952246,0.041555540978164225,0.002696070644524859,0.010648592171986824,1.0,low,,,,,,,0.2727507003255864,0.02166417442253437,0.2845607116648082,0.02068074488518103,0.9375096596043603,0.19192099820592842,1,0,0,0,,,1.0,0.0022942068394466997,0.5313956591868556,0.19192099820592842,0.14650438908375188,0.0,0.9375096596043603,,,,8,8,0,0,0,1.0,0.16313284847503914,0,,drop,1170,83,0.022994449611020425,-0.1184171430469268,,
253,309,review_anchor,raw_feature,0.15581184696467332,drop,false_positive_risk,low,-2.4195401245966743,0.14578759467394667,0.2831267733508805,-0.13733917867693382,,,-0.14061234726812577,0.25891416523896943,0.10665225002574401,0.16724969753459082,0.0,0.010810810810810811,0.01015228426395939,0,,0,,,0,,,,,-0.004838769012029614,1.0077581066085977,0.0264862709201811,-2.426132003132922,-1.7813364176456585,-0.5594584878573621,0.0264862709201811,0.6893362792872776,1.5169832510605583,2.1370226704894697,0.0,253,1,0.14578759467394667,0.32142857142857145,0.55,-0.25843847940095066,0.0,0.010810810810810811,0.01015228426395939,1.0,low,,,,,,,0.5149198465002508,0.24878544456991805,0.048942278730180144,0.035616510531419864,0.6198789169925158,0.18330805525255683,1,0,0,0,,,1.0,0.0695809401048338,-0.2010522953555447,0.18330805525255683,0.26337335665319433,0.0,0.6198789169925158,,,,1,1,0,0,0,1.0,0.15581184696467332,0,,drop,1170,83,0.06681409543243118,0.0960672110250149,,
254,66,review_anchor,raw_feature,0.15074402869458384,drop,false_positive_risk,low,-1.9783705190025902,0.143982673129219,0.28721651741018767,-0.14323384428096866,,,-0.7139132883005143,0.295782738889743,0.11401503449696221,0.213826942739628,0.14285714285714285,0.032432432432432434,0.01015228426395939,0,,0,,,0,,,,,0.014517669590368914,0.9950481612824539,-0.013325296056072,-2.2786597348243194,-1.4169356918005833,-0.6619755642971175,-0.013325296056072,0.6593397029038455,1.6493591221954604,2.159794203272937,0.0,254,1,0.143982673129219,0.35714285714285715,0.5375,-0.4980203195804773,0.14285714285714285,0.032432432432432434,0.01015228426395939,1.0,low,,,,,,,0.5013035964209205,0.24570535939584567,0.03552166567611461,0.03484231438586235,0.6143880977292997,0.1773459161112751,1,0,0,0,,,1.0,-0.1252592602722466,-0.1583671010417822,0.1773459161112751,0.3008769053233011,0.0,0.6143880977292997,,,,1,1,0,0,0,1.0,0.15074402869458384,0,,drop,1170,83,-0.18631908830404553,-0.1385845563283186,,
255,544,review_anchor,raw_feature,0.12681278405135127,drop,false_positive_risk,flat,,0.10353909665774416,0.2527648197157181,-0.14922572305797396,,,-0.12205031639718825,0.30057870732900027,0.10946349500566369,0.23746659583402605,,,,0,,0,,,0,,,,,-0.0034916454280483076,1.0138864605674485,0.3018890646394068,-2.376340228034016,-1.7067829048656595,-0.3676682585289491,0.3018890646394068,0.3018890646394068,1.6410037109761186,2.645339695728652,0.0,255,1,0.10353909665774416,0.7142857142857143,0.825,-0.2968309966212236,,,,1.0,flat,,,,,,,0.4096262160778287,0.17668869734749748,0.02187972363312366,0.02943939908768253,0.6606423480217596,0.14919151064864855,1,0,0,0,,,0.0,0.0,-1.037813850910954,0.14919151064864855,0.30575547311075346,0.0,0.6606423480217596,,,,1,1,0,0,0,1.0,0.12681278405135127,0,,drop,1170,83,0.047779960063464674,0.3018890646394068,,
256,222,review_anchor,raw_feature,0.08970123676149673,drop,false_positive_risk,high,1.0387283700806822,0.015555935454126955,0.1539880722034518,-0.13843213674932484,,,-0.03464860442912248,0.2685850513192539,0.11231593038821955,0.16755687672092673,0.0,0.010810810810810811,0.01015228426395939,0,,0,,,0,,,,,-0.010689014720166014,0.8974619010662953,-0.1168827583573393,-0.1491844545991625,-0.1455953772389599,-0.1330336064782509,-0.1168827583573393,-0.0612520592741994,0.1600145599822888,1.053802494993531,0.0,256,1,0.015555935454126955,0.39285714285714285,0.25,-0.0996700114059526,0.0,0.010810810810810811,0.01015228426395939,1.0,high,,,,,,,0.10102039223904417,0.026546088000912318,0.046453898835680796,0.00825216376494232,0.7932582917417381,0.10553086677823145,1,0,0,0,,,1.0,-0.005383616040303893,0.1633030198892173,0.10553086677823145,0.27321080114536545,0.0,0.7932582917417381,,,,1,1,0,0,0,1.0,0.08970123676149673,0,,drop,1170,83,0.15067647256137676,-0.1222663743976432,,
